word,pos_symbol,pos_word,meaning,sentiment score,sentiment,RESPONDENT BASIS,Respondent 1,Respondent 2,Respondent 3,Respondent 4,Respondent 5,Respondent 6,Respondent 7,Respondent 8,Respondent 9,Respondent 10,Respondent 11,Respondent 12,Respondent 13,Respondent 14,Respondent 15,Respondent 16,Respondent 17,Respondent 18,Respondent 19,Respondent 20
-a,VB,verbal affix,affix.,0,Neutral,0,0,0,0,0,0,0,0,0,0,0,0,0,0,-1,0,0,0,0,0,0
-ado,JJ,adjective formative,formative affix designating conditions or state of being.,0,Neutral,0,0,0,0,0,0,0,0,0,0,0,0,1,0,0,0,0,1,0,0,0
-ánay,NN,noun formative,variant of -ánan.,0,Neutral,0,0,0,0,0,0,1,0,0,0,0,0,-1,0,0,0,0,0,0,0,0
-aryo,NN,noun formative,noun formative affix designating state of being.,0,Neutral,0,0,0,0,0,0,0,0,0,-1,0,0,-1,0,0,0,0,0,0,0,0
-ay,VB,verbal affix,variant of -an.,0,Neutral,0,0,0,0,0,0,1,0,0,0,0,0,0,0,0,0,0,0,0,0,0
-dor,NN,noun formative,noun formative affix.,0,Neutral,0,0,0,0,0,0,1,0,0,-1,0,0,1,0,0,0,0,0,0,0,0
-ero,NN,noun formative,noun formative affix designating type of work done.,0,Neutral,0,0,0,0,0,0,0,0,0,0,1,0,0,0,0,0,0,0,0,0,1
-i,VB,verbal affix,benefactive-locative focus affix.,0,Neutral,0,0,0,0,0,0,0,0,0,0,0,0,0,0,0,-1,0,0,0,0,0
-ista,NN,noun formative,noun formative affix denoting profession or type of job.,0,Neutral,0,0,0,0,0,0,1,0,0,-1,0,0,0,0,0,0,0,0,0,0,0
-kig-,VB,verbal affix,social reciprocal actor focus affix.,0,Neutral,0,0,0,0,0,0,0,0,0,0,0,0,0,0,0,1,0,0,1,0,0
-la-…-an,NN,noun formative,noun formative affix designating repetitive or social action occurring in a place.,-0.25,Negative,-1,0,-1,-1,0,-1,-1,-1,-1,-1,-1,-1,-1,1,-1,-1,-1,-1,-1,-1,-1
-la-…-un,NN,noun formative,noun formative affix designating an action to be performed to the object or person referred to.,0,Neutral,0,0,0,0,0,0,1,1,0,0,0,0,0,0,0,0,-1,1,0,0,0
-li-,VB,verbal affix,variant of -la-.,0,Neutral,0,0,0,0,0,0,0,0,-1,1,0,0,0,-1,0,0,0,0,0,0,0
-lu-,VB,verbal affix,variant of -la-.,0,Neutral,0,0,0,0,0,0,1,0,0,-1,0,0,0,0,0,0,0,0,1,0,0
-pa-,VB,verbal affix,"designating causation of action, meaning to allow to happen, to make possible, to happen.",0.226,Positive,1,0,1,1,1,0,1,0,1,1,1,1,1,1,1,0,1,1,1,1,1
-pa-…-un,VB,verbal affix,designating causation of action by the acor in the construction.,0,Neutral,0,0,0,0,0,0,0,0,0,0,0,-1,0,0,0,0,0,1,0,0,0
-pang-,VB,verbal affix,action affix.,0,Neutral,0,0,0,0,0,0,0,0,0,0,0,0,0,1,0,0,0,0,0,0,0
-um-,VB,verbal affix,designating completed action.,0,Neutral,0,0,0,0,0,0,0,0,-1,0,0,0,0,0,0,0,1,0,0,0,0
-un,VB,verbal affix,infinitive goal focus affix.,0,Neutral,0,0,0,0,0,0,0,0,1,0,1,0,0,0,0,0,0,0,0,0,0
-uso,JJ,adjective formative,"formative affix designating condition, quality or state of being.",0,Neutral,0,0,0,0,0,0,0,0,0,1,0,0,0,0,0,0,0,0,0,0,0
1-an,VB,verbal affix,"infinitive, benefactive-locative focus affix.",0,Neutral,0,0,0,0,0,0,0,0,0,0,0,0,0,0,0,0,0,0,0,0,0
1-anan,NN,noun formative,noun formative affix denoting reciprocal action.,0,Neutral,0,0,0,0,0,0,0,0,1,0,0,1,0,-1,-1,1,0,0,1,-1,1
1-ánun,JJ,adjective formative,formative affix attached to nouns to designate abundance in possession.,0,Neutral,0,0,0,0,0,0,0,0,0,0,0,0,0,0,0,0,1,0,0,0,0
1-i-,VB,verbal affix,general proposed action instrumental affix.,0,Neutral,0,0,0,0,0,0,0,0,1,0,0,0,0,0,0,0,0,1,0,0,0
1-in-,NN,noun formative,noun formative affix.,0,Neutral,0,0,0,0,0,0,0,0,0,0,0,0,0,0,-1,0,0,0,0,0,0
1-in-…-an,NN,noun formative,noun formative affix.,0,Neutral,0,0,0,0,0,0,0,0,0,0,0,0,0,-1,0,0,-1,0,0,0,0
1-ka,PRP,pronoun,you (short form of ikáw).,0,Neutral,0,0,0,0,0,0,0,0,0,0,0,0,-1,0,0,1,0,0,0,1,0
1-ka-,VB,verbal affix,variant of naká-.,0,Neutral,0,0,0,0,0,0,0,0,0,0,0,0,0,0,1,-1,0,-1,0,0,0
1-ka-…-an,NN,noun formative,noun formative affix.,0,Neutral,0,0,0,0,0,0,0,0,0,0,0,0,0,0,-1,0,0,0,0,0,-1
1-kay,CC,conjunction,"because, for.",0,Neutral,0,0,0,0,0,0,1,0,0,0,0,0,0,0,0,0,0,0,0,0,0
1-la-,VB,verbal affix,"or group action affix, used together with general aspect affixes.",0,Neutral,0,0,0,0,0,0,0,0,0,0,0,0,0,0,0,0,0,0,0,0,0
1-ma-,VB,verbal affix,proposed action affix of the  verb.,0,Neutral,0,0,0,0,0,0,0,0,0,0,1,0,0,0,0,1,0,0,1,0,1
1-ma-…-un,NN,noun formative,noun formative affix designating a state of being as described by the adjective root.,0,Neutral,0,0,0,0,0,0,0,0,0,0,0,1,0,0,0,0,0,0,0,0,0
1-mag-,VB,verbal affix,infinitive actor focus affix.,0,Neutral,0,0,0,0,0,0,0,0,0,0,0,0,0,0,0,0,-1,0,0,0,0
1-mang-,VB,verbal affix,active action affix usually designating plural or repeated action.,0.402,Positive,1,0,1,1,0,0,0,1,1,1,1,1,1,1,1,1,1,1,1,1,1
1-pa-,VB,verbal affix,to move in the direction of.,0,Neutral,0,0,0,0,0,0,0,0,-1,0,0,0,-1,0,0,0,0,0,-1,0,0
1-pag-,VB,verbal affix,actor focus affix.,0,Neutral,0,0,0,0,0,0,0,1,0,0,0,0,0,0,0,0,0,0,0,0,0
1-pagka-,VB,verbal affix,"immediately after, following, verbal affix designating action completed before another action.",0,Neutral,0,0,0,0,0,0,0,0,0,0,0,0,0,1,0,0,-1,0,0,0,0
1-pang-,VB,verbal affix,frequent or repeated action affix of goal focus imperative mode.,0,Neutral,0,0,0,0,0,0,-1,0,0,0,0,0,0,0,0,-1,0,1,-1,0,1
2-an,VB,verbal affix,designating reciprocity of action.,0,Neutral,0,0,0,0,0,0,0,0,0,0,0,0,0,0,0,0,0,0,0,0,0
2-anan,VB,verbal affix,designating reciprocity of action.,0,Neutral,0,0,0,0,0,0,0,-1,-1,0,0,-1,1,0,-1,0,0,0,0,0,0
2-anun,NN,noun formative,noun formative affix designating state of being.,0,Neutral,0,0,0,0,0,0,0,0,0,0,0,0,0,0,0,0,0,0,0,0,0
2-i-,VB,verbal affix,goal focus affix.,0,Neutral,0,0,0,0,0,0,0,0,0,0,-1,0,0,1,0,0,1,0,0,0,1
2-ika-,VB,verbal affix,designating possibility of an action to happen.,0,Neutral,0,0,0,0,0,0,0,0,0,0,-1,0,-1,0,0,0,0,0,0,0,0
2-in-,JJ,adjective formative,formative affix to designate manner or state of being.,0,Neutral,0,0,0,0,0,0,0,0,0,0,0,0,1,0,0,0,1,0,0,0,0
2-in-…-an,VB,verbal affix,completed action transitive verb affix.,0,Neutral,0,0,0,0,0,0,0,-1,0,0,0,0,0,0,0,-1,0,0,-1,0,0
2-ka,RP,particle,designates quantity or amount.,0,Neutral,0,0,0,0,0,0,0,0,0,0,0,0,1,0,0,0,0,0,-1,0,0
2-ka-,NN,noun formative,noun formative affix used with verbs designating reciprocal relationship.,0,Neutral,0,0,0,0,0,0,0,0,0,0,0,0,0,0,1,0,0,1,0,0,0
2-kay,RP,particle,personal name pre-possessive marker.,0,Neutral,0,0,0,0,0,0,0,0,0,0,0,0,1,0,0,0,0,0,-1,1,0
2-la-,NN,noun formative,noun formative affix when combined with .,0,Neutral,0,0,0,0,0,0,-1,0,1,0,0,0,0,0,0,1,-1,0,0,0,0
2-ma-,JJ,adjective formative,"formative affix attached to nouns, verb or adjective roots.",0,Neutral,0,0,0,0,0,0,0,0,-1,0,0,-1,1,0,-1,0,0,0,0,0,0
2-ma-…-un,JJ,adjective formative,formative affix designating state of being.,0,Neutral,0,0,0,0,0,0,0,0,0,0,0,0,-1,0,0,0,0,-1,0,0,0
2-mag-,NN,noun formative,noun formative affix designating reciprocal relationship.,0,Neutral,0,0,0,0,0,0,0,0,0,0,0,-1,0,0,0,0,0,0,0,0,0
2-mang-,NN,noun formative,noun formative affix designating type of job or profession.,0,Neutral,0,0,0,0,0,0,1,0,1,0,0,0,0,0,0,1,-1,0,0,0,1
2-pa-,NN,noun formative,noun formative affix used with verbs.,0,Neutral,0,0,0,0,0,0,-1,0,0,0,0,0,-1,1,0,1,0,0,1,0,0
2-pag-,NN,noun formative,noun formative affix when used with verbs.,0,Neutral,0,0,0,0,0,0,-1,0,0,-1,0,0,-1,0,0,0,0,0,0,0,1
2-pagka-,NN,noun formative,"noun formative affix designating state of being, manner of being.",0,Neutral,0,0,0,0,0,0,0,0,0,0,0,0,0,0,0,1,0,0,0,0,0
2-pang-,NN,noun formative,noun formative affix used to designate something used repeatedly.,0,Neutral,0,0,0,0,0,0,-1,0,0,0,0,0,0,0,0,0,0,0,0,0,0
3-an,NN,noun formative,noun formative affix designating a container or a place where an action occurs.,0,Neutral,0,0,0,0,0,0,0,0,0,0,0,0,0,0,0,0,0,0,0,0,-1
3-in-,VB,verbal affix,designating manner of performance or state of being.,0,Neutral,0,0,0,0,0,0,0,0,0,0,0,0,0,-1,0,0,0,0,0,0,0
3-ka-,JJ,adjective formative,formative affix designating comparative and superlative degrees of comparison.,0,Neutral,0,0,0,0,0,0,0,0,1,0,0,0,0,0,1,0,0,1,0,-1,0
3-la-,JJ,adjective formative,adjective formative affix.,0,Neutral,0,0,0,0,0,0,0,0,0,0,0,0,-1,0,0,1,0,0,0,0,0
a,RP,particle,"oh, well, hesitating filler.",-0.077,Negative,-1,0,-1,-1,0,0,-1,-1,-1,-1,-1,-1,-1,-1,-1,-1,-1,-1,0,-1,-1
ab-ab,VB,verb,to eat,0,Neutral,0,0,0,0,0,0,0,0,0,0,1,1,0,0,-1,0,0,0,0,0,0
ab-ab,VB,verb,to undermine,-0.296,Negative,-1,0,-1,-1,-1,0,1,1,1,0,1,-1,0,-1,-1,-1,1,-1,-1,-1,0
ab-ab,VB,verb,to wash away,0,Neutral,0,0,0,0,0,0,0,0,0,0,0,0,0,0,0,0,0,0,0,0,0
abad,NN,noun,abbot,0,Neutral,0,0,0,0,0,0,0,1,0,0,1,0,0,0,0,1,0,0,0,0,0
abadesa,NN,noun,abbess,0,Neutral,0,0,0,0,0,0,0,-1,0,0,0,0,0,0,0,1,0,0,0,0,0
abadia,NN,noun,abbey,0,Neutral,0,0,0,0,0,0,0,0,-1,0,0,0,0,0,0,-1,0,0,0,0,0
abaga,NN,noun,( anatomy ) shoulder,0,Neutral,0,0,0,0,0,0,0,0,0,0,0,0,0,0,0,0,1,0,0,0,0
abaga,VB,verb,to shoulder something,0,Neutral,0,0,0,0,0,0,0,1,0,0,0,1,0,0,0,-1,0,0,0,0,0
abága,NN,noun,shoulder.,0,Neutral,0,0,0,0,0,0,0,0,0,0,0,0,0,0,0,0,0,0,0,0,0
abaganhan,JJ,adjective,broad - shouldered,0,Neutral,0,0,0,0,0,0,0,0,0,0,1,0,0,1,0,0,0,0,0,-1,0
abak,VB,verb,to follow in quick succession,0.202,Positive,1,0,1,1,0,1,1,1,1,1,1,1,1,1,1,1,-1,1,1,1,1
abak-abak,VB,verb,diminutive of ábak,0,Neutral,0,0,0,0,0,0,0,0,0,0,1,0,0,0,0,0,1,0,0,0,0
abak-abak,VB,verb,frequentative of ábak,0,Neutral,0,0,0,0,0,0,0,0,0,0,0,0,0,-1,0,0,0,0,0,0,0
abaka,NN,noun,"manila hemp , abaca",0,Neutral,0,0,0,0,0,0,0,0,0,0,0,0,0,1,0,-1,0,0,0,0,0
abakáda,NN,noun,alphabet.,0,Neutral,0,0,0,0,0,0,0,0,0,0,0,0,0,0,1,1,0,0,0,0,0
abakahan,NN,noun,someone or something abundant in abaca plants,0,Neutral,0,0,0,0,0,0,0,-1,0,0,0,0,0,0,1,0,0,0,0,1,0
abakan,NN,noun,a small fish of a reddish color,0,Neutral,0,0,0,0,0,0,0,0,1,0,0,0,0,0,-1,0,0,0,0,-1,0
abalóryo,NN,noun,"rosary beads, strung beads, necklace.",0,Neutral,0,0,0,0,0,0,0,0,0,0,0,0,0,0,0,0,0,0,0,0,0
aban,VB,verb,to finish,0,Neutral,0,0,0,0,0,0,0,-1,0,0,0,0,0,0,0,0,0,0,0,0,0
aban,VB,verb,( of a loom ) to take off,-0.226,Negative,-1,0,-1,-1,0,0,-1,-1,-1,-1,-1,-1,-1,-1,-1,-1,-1,-1,-1,-1,-1
abang,NN,noun,"avarice , greediness",-0.402,Negative,-1,-1,-1,-1,-1,0,-1,-1,-1,0,-1,-1,-1,1,-1,-1,-1,-1,-1,0,-1
abang,VB,verb,to be within range of a fire,-0.34,Negative,-1,-1,-1,-1,-1,-1,-1,-1,0,-1,-1,-1,-1,-1,-1,-1,-1,-1,-1,-1,1
abang-abang,VB,verb,to help or assist,0.402,Positive,1,1,1,1,1,1,1,1,1,1,1,1,-1,1,1,1,1,1,1,1,1
abaniko,NN,noun,"folding fan synonyms: kuyab , kuluyab , kuruyab , paypay",0.318,Positive,1,0,1,1,0,1,1,1,1,1,1,1,0,1,1,1,1,1,1,1,1
abaniko,VB,verb,to fan ( cool oneself with a fan ),0.71,Positive,1,0,1,1,0,1,-1,-1,1,1,1,1,-1,1,-1,1,1,1,1,1,1
abano,NN,noun,a cigar made by machinery,0,Neutral,0,0,0,0,0,0,0,0,0,0,0,0,0,0,0,0,0,0,1,0,0
abansada,JJ,adjective,exposed to the wind,-0.077,Negative,-1,0,-1,-1,0,-1,-1,-1,-1,-1,-1,1,-1,-1,-1,-1,-1,-1,-1,-1,-1
abas,NN,noun,a type of bean,0,Neutral,0,0,0,0,0,0,0,0,0,0,0,0,0,0,0,0,0,0,0,-1,0
abat,VB,verb,to follow after,0,Neutral,0,0,0,0,0,0,0,-1,0,0,0,0,0,0,-1,1,0,1,0,0,0
abat-abat,VB,verb,diminutive of ábat,0,Neutral,0,0,0,0,0,0,0,0,0,0,-1,0,0,0,0,0,-1,0,0,0,0
abat-abat,VB,verb,frequentative of ábat,0,Neutral,0,0,0,0,0,0,0,0,0,1,0,0,0,0,0,0,1,0,0,0,0
abat-abat,VB,verb,to follow closely,0,Neutral,0,0,0,0,0,0,0,0,0,0,0,0,0,0,0,0,0,0,0,0,0
abat-abat,VB,verb,living from hand to mouth,0.494,Positive,1,1,1,1,1,0,1,1,1,1,1,1,1,1,1,1,1,1,1,1,1
abáw,UH,interjection,"oh, wow, really.",0.586,Positive,1,1,1,1,1,1,0,0,1,1,1,-1,1,1,1,1,1,1,-1,1,1
abay,VB,verb,to enter ; join,0.296,Positive,1,1,1,1,1,0,1,1,1,1,1,1,1,1,1,1,-1,1,1,1,1
abay,VB,verb,to associate ; mingle,0,Neutral,0,1,0,0,1,0,0,1,0,0,1,0,0,0,0,0,0,0,0,1,0
ábay,NN,noun,"of weddings, witness.",0,Neutral,0,1,0,0,0,0,0,0,0,0,-1,0,0,0,-1,0,0,0,0,0,0
abay-abay,VB,verb,diminutive of abáy,0,Neutral,0,1,0,0,0,0,1,0,0,0,0,0,0,-1,-1,0,0,0,1,0,0
abay-abay,VB,verb,frequentative of abáy,0,Neutral,0,0,0,0,0,0,0,0,0,-1,0,0,0,0,1,0,0,0,0,0,0
abay-abay,VB,verb,to interfere or meddle,0,Neutral,0,0,0,0,-1,0,0,-1,0,-1,0,0,0,0,0,0,0,0,-1,0,0
abayan,JJ,adjective,( superstition ) liable to fall under an evil spell or magic,-0.66,Negative,-1,-1,-1,-1,-1,-1,-1,-1,-1,-1,1,-1,0,-1,-1,-1,-1,-1,0,-1,-1
abelyana,JJ,adjective,"brown , hazel",0,Neutral,0,0,0,0,0,0,0,0,0,0,0,0,0,0,0,0,0,0,-1,0,0
abelyana,NN,noun,hazelnut,0,Neutral,0,0,0,0,0,0,1,-1,0,0,0,0,0,0,0,0,0,0,0,0,0
aberíya,VB,verb,"to have engine trouble, to stop.",-0.599,Negative,-1,-1,-1,-1,-1,-1,-1,-1,-1,-1,-1,-1,-1,0,-1,-1,-1,-1,-1,-1,-1
abi,RB,adverb,for instance,0,Neutral,0,0,0,0,0,0,0,0,0,0,1,0,0,0,0,0,0,0,0,0,0
abi,VB,verb,imagine,0,Neutral,0,0,0,0,0,0,0,1,0,1,0,1,0,0,0,0,0,0,0,0,0
abi,VB,verb,think,0,Neutral,0,0,0,0,0,0,1,0,0,1,0,0,0,0,0,0,0,0,0,0,0
abi,VB,verb,say aloud,0,Neutral,0,0,0,0,0,0,0,0,0,0,0,1,0,0,0,0,0,0,0,0,0
abi-abi,NN,noun,greeting ; salutation,0.382,Positive,1,1,1,1,1,0,1,0,1,1,0,0,1,1,1,1,1,1,0,1,1
abi-abi,VB,verb,to greet ; to salute,0.318,Positive,1,1,1,1,1,1,1,-1,0,1,1,1,1,1,1,1,1,1,-1,1,1
abian,NN,noun,alternative form of abyan,0,Neutral,0,0,0,0,0,0,0,0,0,0,0,0,0,0,0,0,0,0,0,0,-1
abian,VB,verb,alternative form of abyan,0,Neutral,0,0,0,0,0,0,0,0,0,0,0,0,0,0,0,0,0,0,0,0,0
abiar,VB,verb,to invite,0.153,Positive,1,1,1,1,1,1,1,-1,1,1,-1,1,1,1,0,1,1,1,1,1,1
abiar,VB,verb,to provision for a journey,0,Neutral,0,1,0,0,1,0,0,0,0,0,0,0,0,1,0,0,0,0,0,0,-1
abibar,VB,verb,"to urge , encourage , rouse",0.511,Positive,1,1,1,1,1,1,1,1,1,1,1,0,1,1,-1,1,-1,1,1,1,1
abierto,JJ,adjective,open,0,Neutral,0,0,0,0,0,0,-1,0,0,0,1,0,0,0,0,0,0,0,1,0,0
abierto,JJ,adjective,accessible,0,Neutral,0,1,0,0,0,0,0,0,0,0,0,0,0,0,0,0,0,0,0,0,0
abilay,NN,noun,shawl,0,Neutral,0,0,0,0,0,0,0,0,0,0,0,0,0,0,0,0,0,1,1,0,0
abilidad,NN,noun,"ability , capacity",0.318,Positive,1,1,1,1,1,1,1,1,1,1,1,1,1,1,1,1,-1,1,1,1,1
abilidad,NN,noun,"talent , mastery",0.421,Positive,1,1,1,1,1,1,1,1,1,-1,0,1,1,1,0,1,1,1,0,1,1
abilidad,NN,noun,knowledge,0,Neutral,0,1,0,0,0,0,0,0,0,0,0,0,0,0,0,0,0,0,0,0,1
abilidad,NN,noun,dexterity,0,Neutral,0,0,0,0,0,0,0,0,1,0,0,0,0,0,0,0,1,0,0,0,0
abiog,VB,verb,"to move to and fro, to swing or rock",0,Neutral,0,0,0,0,0,0,0,0,0,0,0,-1,0,0,0,0,0,0,0,0,0
abiogan,NN,noun,archaic spelling of abyogan,0,Neutral,0,0,0,0,0,0,0,1,1,0,0,0,0,-1,0,0,-1,0,1,0,-1
abir,NN,noun,"assets , property",0.178,Positive,1,1,1,1,1,1,1,1,1,1,-1,1,1,1,1,1,1,1,1,0,1
abisar,VB,verb,"to advise , inform , notify",0,Neutral,0,1,0,0,1,0,0,0,0,-1,0,1,0,0,0,0,0,0,0,0,0
abiso,NN,noun,"notice , information",0,Neutral,0,0,0,0,0,0,0,0,0,0,0,0,0,0,0,0,0,0,0,0,0
abiso,VB,verb,"notify , inform",0,Neutral,0,0,0,0,0,0,-1,0,-1,0,0,0,0,0,-1,0,0,0,0,0,0
abí’,RP,particle,"let me see, would you please, hey, excuse please.",0.599,Positive,1,1,1,1,1,0,0,1,0,1,1,1,1,1,1,1,1,1,1,1,1
ábi’ábi,VB,verb,"to greet, to shake hands with.",0.153,Positive,1,1,1,1,1,1,1,1,1,1,1,1,1,1,1,1,1,1,1,1,1
ábi’ábi,JJ,adjective,"kind, friendly, civil.",0.765,Positive,1,1,1,1,1,1,1,1,1,1,1,1,-1,-1,1,1,1,1,1,1,1
ablang,NN,noun,"breadth , width",0,Neutral,0,0,0,0,0,0,0,0,0,0,1,1,0,-1,0,0,0,0,0,0,0
ablang,VB,verb,"broaden , widen",0,Neutral,0,0,0,0,0,0,0,1,1,0,0,0,1,0,0,-1,1,0,1,-1,0
ablaw,JJ,adjective,"friendly , sociable",0.727,Positive,1,1,1,1,1,1,1,0,1,1,1,1,1,1,1,1,1,-1,1,1,-1
ablaw,NN,noun,friendliness,0.459,Positive,1,1,1,1,1,1,0,1,1,1,1,1,-1,1,1,1,1,0,1,1,1
ablay,NN,noun,shawl,0,Neutral,0,0,0,0,0,0,0,0,0,0,0,1,0,0,1,0,0,0,0,0,0
ablay,VB,verb,lean,0,Neutral,0,1,0,0,0,0,1,0,0,0,-1,-1,1,-1,0,0,0,0,0,0,0
abo-abo,JJ,adjective,"the color of ash , ashen",0,Neutral,0,0,0,0,0,0,0,0,0,0,0,-1,0,-1,0,0,0,1,0,0,1
abo-abo,VB,verb,diminutive of abó,0,Neutral,0,0,0,0,0,0,1,0,0,0,0,0,0,0,0,0,0,0,0,1,0
abo-abohon,JJ,adjective,"ashen , ash -colored, grey , pale",0.052,Positive,1,0,1,1,0,0,0,1,1,1,1,1,1,1,1,1,1,0,1,1,0
abogado,NN,noun,lawyer,0,Neutral,0,0,0,0,0,0,0,0,0,0,0,-1,0,1,0,0,-1,0,1,0,0
abogádo,NN,noun,"lawyer, attorney-at-law.",0,Neutral,0,0,0,0,0,0,0,0,0,1,0,0,0,0,0,0,-1,0,0,0,0
abohan,NN,noun,fireplace ; hearth,0,Neutral,0,0,0,0,0,0,0,0,0,0,0,0,0,0,-1,0,-1,0,0,-1,0
abohan,NN,noun,kitchen synonym: kosina,0,Neutral,0,0,0,0,0,0,-1,0,0,0,0,0,0,0,0,0,0,0,0,0,0
abohon,JJ,adjective,"ash , grey",0.052,Positive,1,0,1,1,0,1,1,1,0,0,1,1,1,1,1,1,1,1,1,1,1
abohon,JJ,adjective,"ashy , gray",0,Neutral,0,0,0,0,0,0,0,0,0,0,0,0,0,0,0,-1,0,0,1,0,0
abokado,NN,noun,avocado,0,Neutral,0,0,0,0,0,0,0,1,1,0,1,0,0,0,1,0,0,1,0,-1,0
abonar,VB,verb,"advance , loan",0,Neutral,0,0,0,0,0,0,0,0,0,0,0,0,0,1,1,0,0,0,0,0,0
abong,JJ,adjective,windward,0,Neutral,0,0,0,0,0,0,0,0,0,0,0,0,0,0,0,1,0,0,0,0,0
abongho,NN,noun,"anger , exasperation",-0.572,Negative,-1,-1,-1,-1,-1,-1,1,1,-1,-1,-1,-1,-1,-1,-1,-1,-1,-1,-1,-1,-1
abongho,NN,noun,angry,-0.511,Negative,-1,-1,-1,-1,-1,0,-1,-1,-1,-1,0,-1,-1,1,-1,-1,0,-1,-1,-1,-1
abono,NN,noun,"dung , fertilizer , manure",0,Neutral,0,0,0,0,0,0,0,0,0,1,0,0,0,0,1,0,1,0,0,0,1
abono,NN,noun,payment for another in advance,0,Neutral,0,1,0,0,0,0,0,0,-1,0,0,0,0,1,0,0,0,-1,0,0,0
aborido,JJ,adjective,"disturbed , uneasy , upset , worried",-0.84,Negative,-1,-1,-1,-1,-1,0,-1,-1,-1,-1,-1,-1,-1,-1,-1,-1,1,1,-1,-1,-1
aborto,NN,noun,abortion,0,Neutral,0,0,0,0,0,0,0,0,0,0,0,0,0,0,0,0,0,-1,0,1,0
aborto,NN,noun,miscarriage,0,Neutral,0,-1,0,0,-1,0,1,0,0,0,0,0,1,1,0,-1,0,0,0,0,0
aborto,NN,noun,monster,0,Neutral,0,-1,0,0,-1,0,1,0,0,0,0,-1,0,0,-1,0,0,0,0,0,0
aborto,NN,noun,act of stopping,-0.153,Negative,-1,0,-1,-1,0,0,-1,-1,-1,-1,-1,0,-1,1,-1,-1,-1,-1,-1,-1,-1
abóso,NN,noun,abuse.,-0.637,Negative,-1,-1,-1,-1,-1,-1,-1,-1,0,0,-1,-1,-1,-1,1,-1,-1,-1,-1,-1,-1
abóso,VB,verb,"to abuse, to take advantage of.",-0.494,Negative,-1,-1,-1,-1,-1,0,1,-1,-1,-1,-1,-1,0,-1,-1,-1,-1,-1,-1,-1,-1
aboy,JJ,adjective,bent ; curved ; warped,0,Neutral,0,0,0,0,0,0,0,0,0,0,0,0,-1,1,1,0,0,0,0,0,0
aboy,VB,verb,to bend,0,Neutral,0,0,0,0,0,0,0,1,1,0,0,0,0,1,0,-1,0,0,1,0,-1
aboy-aboy,NN,noun,diminutive of abóy,0,Neutral,0,0,0,0,0,0,0,0,0,0,0,0,0,0,0,0,0,0,0,-1,-1
aboy-aboy,NN,noun,"cradle , hammock , swing",0,Neutral,0,0,0,0,0,0,-1,0,0,0,0,1,1,1,1,0,0,0,1,0,0
abrasita,VB,verb,hug,0.477,Positive,1,1,1,1,1,1,0,1,1,1,1,1,1,1,1,1,0,1,1,-1,1
abraso,VB,verb,"hug , embrace",0.66,Positive,1,1,1,1,1,1,1,1,1,1,1,1,1,1,1,1,1,1,1,1,1
abri,VB,verb,"to open (as a window), unlock (as a gate), or turn on (as a stove)",0,Neutral,0,1,0,0,0,1,0,0,1,0,1,0,0,1,0,0,0,-1,0,-1,0
abri,VB,verb,"to begin , commence synonyms: sugod , umpisa",0,Neutral,0,0,0,0,0,0,0,0,0,0,0,0,0,1,0,0,0,0,0,0,-1
ábri,VB,verb,"to unlock, to unfasten, to open.",0,Neutral,0,0,0,0,0,0,0,0,0,-1,0,0,0,0,0,0,0,0,0,0,0
abrigana,NN,noun,apéritif,0,Neutral,0,0,0,0,0,0,0,0,0,0,0,0,0,0,0,0,0,0,0,-1,0
abrigana,NN,noun,appetizer,0,Neutral,0,1,0,0,0,0,0,0,1,1,0,1,0,0,0,0,0,0,0,0,0
abrigana,NN,noun,hors d'oeuvre,0,Neutral,0,0,0,0,0,0,-1,0,0,0,0,0,0,0,0,0,0,0,0,0,0
abrigo,NN,noun,shawl,0,Neutral,0,0,0,0,0,0,0,0,0,0,0,0,0,0,0,0,1,0,0,0,-1
abríl,NN,noun,april.,0,Neutral,0,0,0,0,0,0,0,0,0,0,0,0,1,1,1,0,-1,0,0,0,0
abrilatas,NN,noun,can opener,0,Neutral,0,0,0,0,0,0,0,0,-1,0,0,0,1,0,1,0,0,0,0,0,0
abrisita,VB,verb,alternative spelling of abrasíta,0,Neutral,0,0,0,0,0,1,0,0,0,0,0,0,0,0,0,-1,0,0,0,0,1
absolusyon,NN,noun,"absolution , acquittal",0,Neutral,0,1,0,0,0,0,0,0,0,0,-1,0,0,0,0,0,0,0,0,0,1
absuelto,JJ,adjective,absolved,0.361,Positive,1,1,1,1,1,0,1,1,0,1,1,1,1,1,1,1,1,-1,1,-1,1
absurdo,NN,noun,"absurdity , nonsense",-0.402,Negative,-1,-1,-1,-1,-1,-1,0,-1,-1,-1,0,-1,-1,-1,-1,-1,-1,-1,-1,-1,-1
abtan,VB,verb,arrive,0,Neutral,0,1,0,0,0,0,0,0,0,-1,0,0,0,0,0,-1,0,0,0,-1,0
abtik,NN,noun,"dexterity , skill",0,Neutral,0,1,0,0,0,0,0,-1,0,0,-1,0,0,1,0,0,0,0,0,0,0
ábtik,JJ,adjective,"active, brisk, lively.",0.735,Positive,1,1,1,1,1,1,1,1,1,1,0,1,1,1,1,1,1,1,1,1,1
abu,NN,noun,ash,0,Neutral,0,0,0,0,0,0,0,0,0,0,-1,0,0,1,0,0,0,0,0,0,0
abú,NN,noun,ash.,0,Neutral,0,0,0,0,0,0,0,0,0,1,0,0,-1,0,-1,1,0,1,0,0,0
abud,NN,noun,hem,0,Neutral,0,0,0,0,0,0,0,0,-1,0,0,0,0,0,0,0,0,0,0,0,1
abud,NN,noun,edge,0,Neutral,0,0,0,0,0,0,0,0,0,0,0,0,0,0,0,0,0,0,0,0,0
abud,VB,verb,to hem,0,Neutral,0,0,0,0,0,0,0,0,0,0,0,0,0,0,-1,0,0,0,0,0,0
abuela,NN,noun,grandmother,0,Neutral,0,0,0,0,0,0,0,0,0,0,-1,0,0,-1,0,0,0,0,0,0,0
abuelo,NN,noun,grandfather,0,Neutral,0,0,0,0,0,0,0,0,0,0,0,0,0,0,0,0,0,0,0,0,1
abukay,VB,verb,"to rummage , to disturb the surface of",-0.402,Negative,-1,-1,-1,-1,-1,0,-1,1,0,-1,-1,-1,-1,-1,-1,-1,-1,-1,-1,-1,-1
abunda,JJ,adjective,"abundant , plentiful",0,Neutral,0,0,0,0,0,0,1,-1,0,1,0,0,0,0,0,0,0,0,0,0,1
abung,VB,verb,to intercept ; to stop ; to catch,-0.296,Negative,-1,-1,-1,-1,-1,-1,-1,1,-1,-1,0,-1,-1,1,0,-1,-1,-1,-1,-1,-1
abúnu,NN,noun,fertilizer.,0,Neutral,0,0,0,0,0,0,0,0,0,0,0,0,0,1,0,0,0,0,0,0,0
abúnu,VB,verb,to fertilize.,0,Neutral,0,0,0,0,0,0,1,-1,0,0,0,0,0,0,0,0,0,0,0,0,0
abusar,NN,noun,"misuse , abuse",-0.637,Negative,-1,-1,-1,-1,-1,-1,-1,-1,-1,-1,1,-1,-1,-1,0,-1,-1,-1,-1,-1,0
abusar,VB,verb,"to misuse or abuse , to take advantage of",-0.494,Negative,-1,-1,-1,-1,-1,-1,-1,-1,-1,-1,-1,-1,-1,-1,-1,-1,-1,-1,-1,-1,-1
abuso,NN,noun,"abuse , impropriety",-0.637,Negative,-1,-1,-1,-1,-1,0,-1,-1,0,-1,-1,-1,-1,-1,-1,-1,-1,-1,-1,0,-1
abuso,VB,verb,"to abuse , beguile , cheat , misuse",-0.802,Negative,-1,-1,-1,-1,-1,-1,-1,-1,-1,-1,-1,1,-1,-1,-1,-1,-1,-1,-1,-1,1
abut,VB,verb,to arrive at a place,0,Neutral,0,0,0,0,0,0,0,0,0,0,0,0,0,0,0,0,0,0,0,0,0
abut,VB,verb,to catch up with or overtake,0,Neutral,0,0,0,0,0,0,0,0,1,0,0,0,-1,0,0,0,1,0,0,0,0
abút,VB,verb,"to arrive, to reach, to come to.",0.026,Neutral,0,0,1,0,0,0,0,0,0,0,0,0,0,0,0,0,0,0,0,0,0
abút,JJ,adjective,"cranky, irritable, moody.",-0.681,Negative,-1,-1,-1,-1,-1,-1,-1,0,-1,-1,-1,-1,-1,-1,-1,-1,-1,0,-1,0,-1
abut-abut,VB,verb,frequentative of abút,0,Neutral,0,0,0,0,0,0,0,0,0,0,1,0,0,0,0,0,1,1,0,0,0
abut-abut,VB,verb,following in quick succession,0.202,Positive,1,1,1,1,1,1,1,0,1,1,0,0,1,1,1,1,1,1,1,1,1
abut-abut,VB,verb,frequentative of ábut : to come and go,0,Neutral,0,0,0,0,0,0,0,0,0,0,0,0,0,0,0,0,0,0,0,0,0
abwa,VB,verb,make,0,Neutral,0,0,0,0,0,0,0,0,0,0,0,0,0,-1,0,0,0,0,0,0,0
abwa,VB,verb,"gather , collect",0,Neutral,0,0,0,0,0,0,0,0,0,0,0,0,0,-1,0,0,0,1,0,0,0
abyan,NN,noun,friend ; buddy synonym: amigo,0.494,Positive,1,1,1,1,1,0,-1,1,1,1,1,1,1,1,1,1,1,-1,1,1,1
abyan,NN,noun,comrade synonym: kahirop,0,Neutral,0,0,0,0,0,0,0,0,0,-1,-1,0,0,0,0,0,0,0,0,0,-1
ábyan,NN,noun,"friend, buddy.",0.494,Positive,1,1,1,1,1,1,1,1,1,1,1,1,1,1,1,0,1,1,-1,1,1
abyasion,NN,noun,aviation,0,Neutral,0,0,0,0,0,0,0,1,0,0,0,1,0,0,0,0,0,0,0,1,0
abyerto,JJ,adjective,alternative form of abiérto,0,Neutral,0,0,0,0,0,0,0,0,0,0,0,0,0,0,1,0,0,0,0,0,0
abyog,VB,verb,alternative spelling of ábiog,0,Neutral,0,0,0,0,0,0,0,0,1,0,0,0,0,0,0,0,0,0,0,0,0
abyogan,NN,noun,swing ( hanging seat ),0,Neutral,0,0,0,0,0,0,0,0,-1,0,0,0,0,0,0,0,1,0,0,0,-1
ad-adan,NN,noun,"slicer , a frame knife",0,Neutral,0,0,0,0,0,0,0,-1,-1,0,0,0,0,-1,0,0,0,0,0,0,0
ada,NN,noun,fairy,0,Neutral,0,1,0,0,0,0,0,0,1,0,0,0,0,0,0,0,0,0,0,0,0
adelantado,JJ,adjective,"advanced , modern",0.25,Positive,1,1,1,1,1,1,1,1,1,1,1,-1,1,1,1,1,1,0,1,1,0
adelantado,JJ,adjective,progressive,0,Neutral,0,1,0,0,1,0,0,0,1,0,0,0,0,0,0,0,0,0,0,1,-1
adelpa,NN,noun,oleander,0,Neutral,0,0,0,0,0,0,0,0,0,0,0,0,0,0,0,0,0,0,0,0,0
adgaw,NN,noun,a type of tree,0,Neutral,0,0,0,0,0,0,0,0,0,0,0,0,1,0,0,0,0,-1,0,0,0
adikdik,NN,noun,dandruff,0,Neutral,0,0,0,0,0,0,0,0,1,0,0,0,0,0,0,0,0,0,0,0,0
adiong,NN,noun,a large ship or ark,0,Neutral,0,0,0,0,0,0,0,0,0,0,0,0,0,0,0,-1,0,0,0,0,0
adlaw,NN,noun,( astronomy ) sun,0,Neutral,0,0,0,0,0,0,0,0,0,0,0,0,0,0,0,-1,0,0,0,1,0
adlaw,NN,noun,( astronomy ) day,0,Neutral,0,0,0,0,0,0,0,0,0,0,0,0,0,0,0,0,0,0,0,0,0
adlaw,NN,noun,( time ) daytime antonym: gab-i,0,Neutral,0,0,0,0,0,0,0,0,0,0,0,0,0,0,0,0,0,0,0,0,0
ádlaw,NN,noun,"day, birthday, anniversary.",0,Neutral,0,0,0,0,0,0,0,0,0,0,0,0,0,0,0,1,-1,0,0,0,0
adlawon,NN,noun,full daylight after sunrise is over,0,Neutral,0,0,0,0,0,0,0,0,0,0,0,0,0,0,0,0,0,1,1,0,1
ádlaw’ádlaw,RB,adverb,"daily, everyday.",0,Neutral,0,0,0,0,0,0,0,0,0,1,0,0,1,1,0,0,0,0,-1,0,0
administrasyon,NN,noun,"administration , management",0,Neutral,0,0,0,0,0,0,0,0,0,0,0,0,-1,0,0,0,0,0,0,-1,0
adobi,NN,noun,adobe,0,Neutral,0,0,0,0,0,0,0,0,0,0,0,0,0,0,1,0,0,0,-1,-1,0
adorasyon,NN,noun,worship,0.296,Positive,1,1,1,1,1,1,1,-1,-1,1,1,-1,-1,1,1,1,1,-1,1,1,1
adorno,NN,noun,"adornment , decoration , embellishment , ornamentation",0.318,Positive,1,1,1,1,1,0,1,1,1,0,1,0,1,1,1,1,1,1,1,1,1
adorno,VB,verb,"to adorn , decorate , embellish , or ornament",0.226,Positive,1,1,1,1,1,0,1,1,1,0,1,-1,0,-1,-1,1,1,0,1,1,1
adtang,NN,noun,the forehead,0,Neutral,0,0,0,0,0,0,0,0,0,0,0,0,0,1,0,0,-1,0,0,0,0
aduana,NN,noun,customs ( office that taxes imported goods ),0,Neutral,0,0,0,0,0,0,-1,0,0,0,0,0,0,0,0,0,0,0,0,1,0
aduana,NN,noun,"tax , toll",0,Neutral,0,0,0,0,0,0,0,0,0,0,0,0,0,0,0,0,0,0,0,0,0
adudulay,NN,noun,a large earthworm,0,Neutral,0,0,0,0,0,-1,0,0,0,-1,0,0,1,-1,0,0,0,1,0,1,0
aga,NN,noun,morning,0,Neutral,0,0,0,0,0,0,0,0,0,0,0,0,0,0,0,0,0,0,0,0,0
ága,NN,noun,morning.,0,Neutral,0,0,0,0,0,0,1,0,-1,0,0,-1,0,0,0,1,-1,0,0,0,-1
aga-aga,JJ,adjective,diminutive of ága : every morning,0,Neutral,0,0,0,0,0,1,0,0,0,0,0,0,0,0,0,0,0,0,0,0,0
agalon,NN,noun,"boss , employer , lord , master",0,Neutral,0,0,0,0,0,0,0,0,0,0,0,0,0,0,0,0,0,0,-1,0,0
agálun,NN,noun,"master, boss.",0,Neutral,0,0,0,0,0,0,0,0,0,0,0,0,0,1,0,0,1,0,0,0,1
agao,VB,verb,to seize or take by force,0,Neutral,0,-1,0,0,-1,0,-1,0,1,0,0,0,0,0,0,0,0,0,0,0,1
ágaw,VB,verb,"to grab, to seize, to take by force, to usurp.",0,Neutral,0,-1,0,0,-1,-1,-1,0,0,0,0,0,0,0,0,1,0,0,1,-1,0
ágay,VB,verb,"to flow slowly, to drip in small drops.",0,Neutral,0,-1,0,0,0,0,0,0,1,0,0,0,0,0,0,0,0,-1,-1,0,0
ágbay,VB,verb,to put one’s arm on or about the shoulder of another person.,0,Neutral,0,-1,0,0,0,0,0,0,0,0,0,0,0,0,0,0,0,0,0,0,1
agda,VB,verb,to invite,0.153,Positive,1,1,1,1,1,0,1,1,1,1,1,1,1,1,1,1,1,0,1,1,1
ágda,VB,verb,"to ask, to invite.",0.153,Positive,1,1,1,1,1,1,1,1,1,-1,1,1,1,-1,1,1,1,1,1,1,1
agdayan,JJ,adjective,lazy,-0.361,Negative,-1,-1,-1,-1,-1,-1,-1,-1,-1,-1,-1,-1,-1,-1,-1,-1,1,-1,1,-1,1
agdayan,JJ,adjective,"dull , slow , stupid",-0.727,Negative,-1,-1,-1,-1,-1,-1,-1,-1,-1,-1,-1,-1,-1,-1,-1,-1,-1,-1,1,-1,-1
aghon,NN,noun,"compass , more specifically a mariner 's compass",0,Neutral,0,0,0,0,0,0,0,0,0,0,0,0,0,0,0,1,0,0,0,0,0
ági,NN,noun,"handwriting;  way, means.",0,Neutral,0,0,0,0,0,0,0,0,0,0,0,0,-1,0,0,0,0,0,-1,0,0
ági,VB,verb,"to pass by for something, to pass through.",0,Neutral,0,1,0,0,0,0,0,0,0,1,0,0,0,0,0,0,0,0,0,0,0
agi-agi,JJ,adjective,diminutive of agî,0,Neutral,0,0,0,0,0,0,0,0,0,0,0,0,0,0,0,0,0,0,0,0,0
agi-agi,JJ,adjective,diminutive of ági,0,Neutral,0,0,0,0,0,0,0,0,0,0,0,0,0,0,0,0,0,0,0,1,0
agi-agi,JJ,adjective,"transient , transitory , or passing",0,Neutral,0,0,0,0,0,1,-1,0,0,0,0,0,0,0,1,0,0,0,0,0,1
agigising,NN,noun,( anatomy ) temple,0,Neutral,0,0,0,0,0,0,0,0,0,0,0,0,0,0,0,0,0,-1,-1,0,0
agila,NN,noun,eagle,0,Neutral,0,0,0,0,0,0,1,0,0,0,-1,0,0,0,0,0,-1,0,0,0,1
aginaldo,NN,noun,christmas present,0,Neutral,0,0,0,0,0,0,0,0,0,0,0,0,0,0,0,0,0,0,0,0,0
agí’,NN,noun,hermaphrodite.,0,Neutral,0,-1,0,0,0,0,0,1,0,0,0,0,0,1,0,0,1,0,0,0,0
agí’,JJ,adjective,"effeminate, sissy.",0,Neutral,0,-1,0,0,0,0,0,0,0,1,0,0,0,0,0,0,0,0,1,0,1
agogoling,NN,noun,bumblebee,0,Neutral,0,0,0,0,0,1,0,0,0,0,0,0,0,0,0,1,0,0,0,0,0
agósto,NN,noun,august.,0,Neutral,0,0,0,0,0,0,0,0,0,0,0,0,0,0,0,0,0,0,0,0,0
agrimensór,NN,noun,surveyor.,0,Neutral,0,0,0,0,0,0,0,0,0,0,1,0,-1,0,0,0,0,0,0,0,0
ágsa,VB,verb,to work another’s field for part of the produce.,0,Neutral,0,0,0,0,0,0,0,0,0,0,0,0,-1,0,-1,0,0,0,0,0,0
ágsa,NN,noun,tenant.,0,Neutral,0,0,0,0,0,0,0,0,0,0,0,0,0,0,1,-1,0,0,0,0,0
ágsik,VB,verb,"to fly off, to scatter, to spray.",0,Neutral,0,0,0,0,0,0,0,0,0,0,0,0,0,0,0,0,-1,0,0,0,1
agtang,NN,noun,( anatomy ) forehead,0,Neutral,0,0,0,0,0,0,0,0,0,0,0,0,1,0,0,1,0,0,0,0,0
ágtang,NN,noun,forehead.,0,Neutral,0,0,0,0,0,-1,0,1,0,0,0,0,0,0,0,0,0,0,0,0,0
agúd,CC,conjunction,so that.,0,Neutral,0,0,0,0,0,0,0,0,0,0,0,0,0,0,0,0,0,-1,0,0,-1
águm,VB,verb,"to obtain, to attain, to achieve, to possess.",0,Neutral,0,1,0,0,1,0,0,0,0,0,0,-1,0,0,0,-1,-1,0,1,0,0
águm,NN,noun,"possessions, things.",0,Neutral,0,0,0,0,0,0,0,0,0,0,1,0,-1,0,0,0,0,0,0,0,0
agwa,NN,noun,"perfume , scent synonym: pahumot",0,Neutral,0,0,0,0,0,0,0,-1,0,-1,0,0,-1,0,0,0,-1,0,0,0,1
agwa,NN,noun,,0,Neutral,0,0,0,0,0,0,0,-1,0,0,-1,-1,0,0,0,0,0,0,1,1,0
ágwa,NN,noun,"perfume, cologne.",0,Neutral,0,0,0,0,0,0,0,0,0,0,0,0,-1,0,0,0,0,0,0,0,0
agwanta,VB,verb,"bear , tolerate",0,Neutral,0,0,0,0,0,0,0,0,0,0,0,0,0,-1,0,0,0,0,1,1,0
agwánta,VB,verb,"to bear, to tolerate, to suffer.",-0.542,Negative,-1,-1,-1,-1,-1,-1,-1,-1,-1,-1,-1,-1,-1,-1,-1,1,-1,-1,-1,-1,-1
agwatato,NN,noun,pimp,0,Neutral,0,-1,0,0,0,0,0,0,0,0,0,0,0,0,0,-1,0,0,0,0,0
agwatato,NN,noun,procurer ( someone who arranges for prostitution ),0,Neutral,0,1,0,0,0,0,0,-1,0,0,0,0,0,0,0,0,0,0,0,0,0
ahá’,VB,verb,"to insist, to ask fervently.",0,Neutral,0,-1,0,0,-1,0,0,-1,0,0,0,0,0,0,0,0,0,1,0,1,1
ahedres,NN,noun,chess,0,Neutral,0,0,0,0,0,0,-1,0,0,0,0,0,0,0,0,0,0,0,0,0,0
ahensya,NN,noun,agency,0,Neutral,0,0,0,0,0,0,0,0,0,0,0,0,1,0,0,0,0,1,0,0,0
ahensya,NN,noun,pawnshop,0,Neutral,0,0,0,0,0,0,-1,0,0,1,0,0,1,0,0,0,0,0,0,0,0
ahénsya,NN,noun,pawnshop.,0,Neutral,0,0,0,0,0,0,1,0,1,0,1,0,0,1,0,-1,0,1,0,0,0
ahénte,NN,noun,agent.,0,Neutral,0,0,0,0,0,0,0,0,0,0,0,0,0,0,0,0,0,-1,0,0,1
ahiti,NN,noun,leek,0,Neutral,0,0,0,0,0,0,0,0,0,1,1,0,0,-1,0,0,0,0,0,0,0
ahos,NN,noun,garlic ( allium sativum ),0,Neutral,0,0,0,0,0,0,0,0,1,1,0,0,-1,0,0,-1,0,1,1,0,0
áhos,NN,noun,garlic.,0,Neutral,0,0,0,0,0,1,1,0,0,0,0,1,0,1,1,0,0,0,1,0,0
aihada,NN,noun,goddaughter,0,Neutral,0,0,0,0,0,0,0,0,0,0,0,0,0,0,0,0,0,-1,0,-1,0
aihado,NN,noun,godson,0,Neutral,0,0,0,0,0,0,1,0,0,0,0,0,0,0,0,-1,0,0,0,0,0
akal-akal,VB,verb,to bubble or seethe,0,Neutral,0,0,0,0,0,0,0,0,0,-1,0,0,0,0,0,0,0,0,0,0,0
akasya,NN,noun,acacia tree,0,Neutral,0,0,0,0,0,0,0,0,1,0,0,0,0,0,0,0,0,1,1,1,0
ákig,NN,noun,"anger, hatred.",-0.836,Negative,-1,-1,-1,-1,-1,-1,-1,1,-1,-1,-1,-1,-1,-1,-1,-1,-1,-1,-1,-1,-1
ákig,VB,verb,"to be angry, to scold.",-0.718,Negative,-1,-1,-1,-1,-1,-1,-1,1,-1,-1,-1,-1,-1,-1,0,-1,-1,-1,0,-1,-1
akú,PRP,pronoun,"i, me (first person singular nominal pronoun).",0,Neutral,0,0,0,0,0,0,0,0,0,0,0,0,0,0,0,1,0,0,0,0,0
ákun,PRP,pronoun,"my, mine (first person singular pre-possessive pronoun).",0,Neutral,0,0,0,0,0,0,-1,0,0,0,0,0,0,0,0,0,0,0,1,0,-1
áku’,VB,verb,"to own, to claim, to promise, to swear, to admit.",0.44,Positive,1,1,1,1,1,1,-1,1,1,1,0,1,-1,1,1,1,0,1,1,-1,1
ala-asawa,NN,noun,"concubine , mistress",0,Neutral,0,-1,0,0,0,0,0,0,-1,0,0,0,0,0,0,0,0,0,0,0,0
alabá’ab,JJ,adjective,"of liquid, lukewarm.",0,Neutral,0,0,0,0,0,0,1,0,0,0,0,0,0,1,1,0,0,1,0,0,0
alabri,NN,noun,"a key , anything used for the purposes of opening something that is closed",0,Neutral,0,0,0,0,0,0,0,0,0,0,-1,0,0,0,0,0,0,0,-1,1,1
alabuton,JJ,adjective,"cranky , eccentric",0,Neutral,0,-1,0,0,-1,-1,0,0,0,0,0,0,0,0,0,0,-1,0,0,0,0
alabútun,NN,noun formative,ang tigúlang.,0,Neutral,0,0,0,0,0,0,0,0,0,1,0,0,0,1,0,0,0,0,0,0,0
alagad,NN,noun,employee ; follower ; servant,0,Neutral,0,0,0,0,0,0,0,0,0,0,0,0,0,0,0,0,0,0,0,0,0
alagad,VB,verb,to wait for someone,0,Neutral,0,0,0,0,0,0,-1,0,0,-1,1,-1,0,0,0,0,-1,0,0,0,0
alagad,VB,verb,to serve,0,Neutral,0,0,0,0,0,0,0,0,1,0,0,0,0,0,0,0,0,0,0,0,0
alágad,NN,noun,adopted person.,0,Neutral,0,0,0,0,0,0,0,0,0,0,0,1,1,0,0,0,0,0,0,0,0
alágad,VB,verb,"to adopt, to take care of someone.",0.599,Positive,1,1,1,1,1,1,0,1,1,0,1,1,1,1,-1,1,1,1,1,-1,1
alagaran,NN,noun,"work , place of employment",0,Neutral,0,0,0,0,0,0,1,0,0,0,0,0,0,0,0,1,0,0,0,0,0
aláhas,NN,noun,jewelry.,0,Neutral,0,0,0,0,0,0,0,0,0,0,0,0,0,0,0,0,1,0,0,0,0
álak,NN,noun,"hard drink, liquor.",-0.103,Negative,-1,-1,-1,-1,0,-1,0,-1,-1,-1,-1,-1,-1,-1,-1,-1,-1,-1,-1,-1,-1
alam,NN,noun,"knowledge , learning",0,Neutral,0,1,0,0,0,0,0,0,1,0,0,0,0,0,-1,1,0,0,0,0,0
álam,NN,noun,"wisdom, knowledge.",0.527,Positive,1,1,1,1,1,0,1,1,1,1,1,1,1,1,1,1,1,1,1,1,1
álam,JJ,adjective,"bright, smart, brilliant.",0.856,Positive,1,1,1,1,1,1,1,1,1,1,1,-1,1,1,1,1,1,1,1,0,1
álam,VB,verb,"to become smart, to become brilliant.",0.758,Positive,1,1,1,1,1,1,1,1,-1,1,-1,0,1,1,1,1,1,0,1,1,1
alámbre,NN,noun,wire.,0,Neutral,0,0,0,0,0,0,0,0,0,0,0,0,0,0,0,-1,0,0,0,0,0
alamilaw,VB,verb,to doze,0,Neutral,0,0,0,0,0,0,0,0,0,0,-1,1,0,0,0,0,-1,0,0,1,0
alan,JJ,adjective,rancid,-0.542,Negative,-1,-1,-1,-1,-1,-1,-1,1,0,-1,-1,-1,-1,-1,-1,-1,-1,-1,-1,-1,-1
alang-alang,JJ,adjective,"immature , inappropriate , inconvenient , unsuitable",-0.34,Negative,-1,-1,-1,-1,-1,-1,0,1,-1,-1,-1,-1,-1,0,-1,-1,-1,-1,-1,0,-1
alang-ang,NN,noun,trivial cold ; slight fever,-0.026,Neutral,0,-1,-1,0,-1,0,0,0,0,0,1,-1,-1,-1,0,0,-1,0,-1,0,1
alangáy,JJ,adjective,"equal, the same.",0,Neutral,0,1,0,0,0,0,0,-1,0,0,0,0,0,0,0,0,0,-1,0,0,0
alangá’ang,NN,noun,slight fever.,0,Neutral,0,-1,0,0,0,-1,0,0,0,1,0,0,0,-1,0,0,0,0,0,-1,0
alangá’ang,JJ,adjective,"feverish, having a slight temperature.",0,Neutral,0,-1,0,0,-1,-1,1,0,0,0,0,0,0,0,0,0,-1,0,0,0,0
álang’álang,JJ,adjective,"doubtful, immature.",-0.34,Negative,-1,-1,-1,-1,-1,-1,1,-1,-1,-1,-1,0,-1,-1,-1,-1,-1,1,-1,-1,-1
álang’álang,VB,verb,to hesitate.,-0.273,Negative,-1,-1,-1,-1,-1,0,1,-1,-1,-1,-1,-1,-1,-1,-1,-1,-1,-1,-1,-1,-1
alanyon,NN,noun,crop,0,Neutral,0,0,0,0,0,0,0,0,0,0,0,0,1,0,0,0,0,0,1,0,0
alás,RP,particle,time particle used with time-telling from dos until dose.,0,Neutral,0,0,0,0,0,0,0,0,1,0,0,0,0,1,0,0,0,0,0,0,-1
alasohan,NN,noun,chimney,0,Neutral,0,0,0,0,0,0,0,0,-1,0,0,0,0,0,0,0,-1,0,0,1,0
alasoyon,JJ,adjective,stately,0,Neutral,0,0,0,0,0,0,0,0,-1,0,0,0,0,-1,0,0,0,-1,0,1,-1
alasoyon,JJ,adjective,explainable,0,Neutral,0,1,0,0,0,0,0,0,-1,0,0,0,0,0,0,0,0,-1,0,0,0
alat,NN,noun,basket,0,Neutral,0,0,0,0,0,0,0,0,0,0,0,0,0,0,0,1,-1,0,0,1,0
alát,NN,noun,native basket made of woven bamboo strips.,0,Neutral,0,0,0,0,0,0,0,1,0,0,0,0,0,1,0,0,0,0,0,0,0
álat,NN,noun,saltiness.,0,Neutral,0,0,0,0,0,0,0,0,0,0,0,0,0,0,0,0,0,0,0,0,0
álat,JJ,adjective,salty.,0,Neutral,0,0,0,0,0,0,0,0,0,0,0,0,0,1,0,0,0,0,0,-1,0
álay,VB,verb,to be still through constant tension of the muscles.,-0.318,Negative,-1,-1,-1,-1,-1,-1,-1,-1,-1,-1,-1,-1,-1,-1,-1,-1,-1,-1,-1,-1,-1
alaypan,NN,noun,"asylum , nursery",0,Neutral,0,1,0,0,0,0,0,0,0,0,0,0,0,0,0,1,0,1,0,0,0
alaypan hayop,NN,noun,zoo,0,Neutral,0,0,0,0,0,0,0,0,1,0,0,0,0,0,0,0,0,0,0,-1,0
aláy’ay,VB,verb,"to cradle, to support, to hold arms under some person or thing so as to support.",0.687,Positive,1,1,1,1,1,1,1,1,1,-1,1,1,1,0,0,1,1,1,1,1,1
algodon,NN,noun,cotton,0,Neutral,0,0,0,0,0,0,0,0,0,0,0,0,0,0,0,0,0,0,1,0,0
alhebra,NN,noun,algebra,0,Neutral,0,0,0,0,0,0,-1,0,0,0,0,0,0,0,0,0,0,0,0,0,0
alibakaw,NN,noun,betel nut,0,Neutral,0,0,0,0,0,0,0,0,0,1,0,0,0,1,0,0,0,0,0,0,0
alibangbang,NN,noun,butterfly,0,Neutral,0,0,0,0,0,0,-1,0,0,0,0,0,-1,1,0,0,0,0,0,0,0
alibángbang,NN,noun,butterfly.,0,Neutral,0,0,0,0,0,0,0,0,0,0,0,1,1,1,0,0,0,0,0,0,-1
aligi,NN,noun,crab fat,0,Neutral,0,0,0,0,0,0,0,-1,0,0,-1,0,0,0,0,-1,0,0,1,0,0
aligútgut,NN,noun,"rage, wrath.",-0.557,Negative,-1,-1,-1,-1,-1,0,-1,-1,-1,-1,-1,-1,-1,-1,0,0,1,-1,-1,-1,-1
alimángu,NN,noun,crab.,0,Neutral,0,0,0,0,0,0,0,0,0,0,0,0,0,0,0,0,0,0,-1,0,0
alimokon,NN,noun,pigeon,0,Neutral,0,0,0,0,0,0,0,0,1,0,0,0,0,0,1,0,0,0,0,0,0
alimosan,NN,noun,mudskipper,0,Neutral,0,0,0,0,0,0,0,0,0,0,0,0,0,0,0,1,0,0,0,0,1
alimpulos,NN,noun,the top of the head,0.202,Positive,1,0,1,1,0,1,1,-1,1,1,1,1,1,1,1,1,1,1,1,1,1
alimpulos,NN,noun,"cyclone , eddy",0,Neutral,0,0,0,0,0,0,-1,0,0,0,0,0,1,-1,0,0,0,1,1,1,-1
alinga,VB,verb,to watch ; to see over ; to supervise synonym: anila,0,Neutral,0,0,0,0,0,0,0,0,0,0,0,1,0,0,1,0,0,0,0,0,0
alíntun,VB,verb,"to transfer, to hand down.",0.494,Positive,1,0,1,1,0,1,-1,1,1,-1,1,1,1,1,1,1,1,1,1,1,0
alipasa,VB,verb,"hurry , rush",0,Neutral,0,-1,0,0,0,0,0,0,0,0,0,0,0,0,0,0,0,0,0,-1,0
alipúlus,NN,noun,"cyclone, eddy.",0,Neutral,0,0,0,0,0,0,1,0,1,0,0,0,0,0,0,0,0,0,1,0,0
alísto,JJ,adjective,"alert, ready, prompt.",0.572,Positive,1,1,1,1,1,1,1,1,1,1,1,1,1,1,1,1,1,0,1,1,1
aliwatan,NN,noun,wrist,0,Neutral,0,0,0,0,0,0,0,0,0,0,1,0,0,0,0,0,0,0,0,0,0
alkálde,NN,noun,mayor.,0,Neutral,0,0,0,0,0,0,0,0,0,0,-1,0,0,0,0,1,0,0,0,0,0
alkánse,NN,noun,loss in terms of money.,-0.318,Negative,-1,-1,-1,-1,0,0,-1,-1,-1,-1,-1,-1,-1,-1,0,1,0,-1,1,-1,-1
alkánse,VB,verb,"to lose some amount due to mismanagement in selling, to fail to gain.",-0.421,Negative,-1,-1,-1,-1,0,-1,-1,1,-1,-1,-1,0,-1,-1,1,-1,-1,-1,-1,-1,-1
alkánse,NN,noun formative,’alkánse akú sa pagbalígya’.,0,Neutral,0,0,0,0,0,0,0,0,-1,0,0,0,0,-1,0,0,0,0,0,0,-1
alkansiya,NN,noun,"money box , piggy bank",0,Neutral,0,0,0,0,0,0,0,0,0,0,0,0,0,-1,0,0,0,0,0,0,0
alkansíya,NN,noun,"coin bank, empty coconut shell used as a coin bank.",-0.202,Negative,-1,0,-1,-1,0,-1,-1,-1,0,-1,-1,-1,-1,-1,-1,-1,1,-1,-1,-1,-1
alkitran,NN,noun,"pitch , tar",0,Neutral,0,0,0,0,0,0,0,0,0,0,-1,0,0,-1,1,-1,0,0,0,0,0
alkítran,NN,noun,"tar, asphalt.",0,Neutral,0,0,0,0,0,0,0,0,0,0,1,0,-1,-1,0,0,0,0,0,-1,0
almanaki,NN,noun,"almanac , calendar",0,Neutral,0,0,0,0,0,0,0,0,0,0,1,0,0,0,0,0,0,0,-1,0,0
almasín,NN,noun,"store, small market.",0,Neutral,0,0,0,0,0,0,0,0,0,0,0,0,0,0,0,0,0,0,0,0,0
almidól,NN,noun,starch.,0,Neutral,0,0,0,0,0,1,0,0,0,0,0,0,0,0,0,0,0,0,0,0,0
almidon,NN,noun,starch,0,Neutral,0,0,0,0,0,0,0,0,0,0,0,-1,0,0,0,0,0,0,0,0,0
almiránte,NN,noun,"of the navy, admiral.",0.318,Positive,1,0,1,1,0,1,1,1,1,1,1,1,1,1,1,1,1,1,1,1,1
almohada,NN,noun,"cushion , pillow",0,Neutral,0,0,0,0,0,0,0,0,0,1,0,0,0,0,0,0,0,0,0,1,0
almohadon,NN,noun,a large cushion or pillow,0,Neutral,0,0,0,0,0,0,0,0,0,0,0,0,0,0,0,0,0,0,0,0,1
almon,NN,noun,tree,0,Neutral,0,0,0,0,0,0,-1,0,0,0,0,1,0,0,0,0,0,0,0,0,0
almoranas,NN,noun,( pathology ) hemorrhoid,0,Neutral,0,0,0,0,0,0,0,0,0,0,0,0,0,0,0,0,0,0,0,0,-1
almoranas,VB,verb,to be afflicted with hemorrhoids,-0.361,Negative,-1,-1,-1,-1,-1,-1,0,-1,1,1,-1,-1,-1,-1,1,-1,1,-1,-1,-1,-1
alom,JJ,adjective,"dark , dim",0,Neutral,0,-1,0,0,0,0,0,0,0,0,0,0,0,0,1,0,0,0,0,0,-1
alom,NN,noun,( skin ) a mole,0,Neutral,0,0,0,0,0,1,0,0,0,0,0,0,0,0,0,0,0,0,0,1,0
aloy,NN,noun,feign sickness; malinger,0,Neutral,0,-1,0,0,-1,0,1,0,0,1,0,0,0,1,0,0,-1,0,0,0,0
alpabéto,NN,noun,alphabet.,0,Neutral,0,0,0,0,0,0,0,0,0,0,0,0,0,0,0,0,0,0,-1,0,0
alpombra,NN,noun,carpet ; rug,0,Neutral,0,0,0,0,0,0,0,-1,0,0,0,0,0,0,0,0,0,-1,0,-1,0
alpómbra,NN,noun,"carpet, rug.",0,Neutral,0,0,0,0,0,0,0,0,0,0,1,0,0,0,0,0,0,0,0,1,-1
álsa,VB,verb,"to raise, to lift, to elevate slightly.",0,Neutral,0,1,0,0,0,0,0,0,0,-1,0,0,0,0,0,0,0,0,0,0,0
alugbati,NN,noun,the malabar spinach ( basella alba ),0,Neutral,0,0,0,0,0,0,0,0,0,0,0,0,-1,0,1,1,0,0,0,0,0
alúm,NN,noun,mole.,0,Neutral,0,0,0,0,0,0,0,0,0,0,0,0,-1,0,0,1,-1,0,0,0,0
alunga-og,JJ,adjective,"( of water ) flat , insipid , stagnant , stale , vapid",-0.459,Negative,-1,-1,-1,-1,-1,-1,-1,-1,-1,0,-1,-1,1,-1,-1,-1,-1,-1,-1,-1,-1
alunga-og,JJ,adjective,"( of work ) insufficient , careless , or negligent",-0.361,Negative,-1,-1,-1,-1,-1,-1,-1,-1,-1,-1,-1,-1,-1,-1,-1,-1,-1,-1,-1,0,-1
alúng’ung,NN,noun,"opinion, idea, thought, knowledge.",0,Neutral,0,0,0,0,0,0,0,0,0,0,0,0,0,0,0,0,-1,0,0,0,0
aluntaga,NN,noun,the rung or step of a ladder,0,Neutral,0,0,0,0,0,0,0,0,1,0,0,0,0,0,0,0,0,0,0,0,0
áman,VB,verb,to prepare.,0,Neutral,0,0,0,0,0,0,0,0,0,0,1,0,0,0,0,0,0,0,0,0,0
amapola,NN,noun,poppy,0,Neutral,0,0,0,0,0,1,0,0,0,0,0,0,0,0,0,1,0,0,0,0,-1
amargóso,NN,noun,bitter melon.,-0.421,Negative,-1,0,-1,-1,0,0,0,-1,-1,-1,-1,-1,-1,-1,1,-1,-1,-1,1,-1,0
amat,JJ,adjective,"gradual , step-by-step , slow",0,Neutral,0,1,0,0,0,0,0,0,0,0,0,0,1,0,0,0,0,0,0,0,0
amat-amat,RB,adverb,"gradually , slowly",0,Neutral,0,1,0,0,0,0,1,0,0,0,0,0,0,0,0,0,0,0,0,0,0
amát’amát,RB,adverb,"gradually, little by little.",0,Neutral,0,1,0,0,0,1,0,0,1,0,0,0,0,0,0,0,-1,0,0,0,0
amát’amát,VB,verb,"to start slowly, to gain speed, to leave one by one.",0.494,Positive,1,1,1,1,1,1,1,1,1,1,1,1,1,1,1,1,1,1,1,0,1
amay,NN,noun,father antonym: iloy,0,Neutral,0,0,0,0,0,0,0,0,0,-1,0,0,0,-1,-1,0,0,0,0,0,0
amáy,NN,noun,father.,0,Neutral,0,0,0,0,0,0,0,1,0,0,0,0,0,0,0,-1,0,0,1,-1,0
amaynon,JJ,adjective,paternal,0,Neutral,0,0,0,0,0,0,0,0,0,0,1,-1,0,0,0,1,0,0,1,0,0
amba,VB,verb,"chant , sing",0,Neutral,0,0,0,0,0,0,0,0,-1,0,0,0,1,0,0,0,0,0,0,0,0
ámba,NN,noun,"prayer, chant, song.",0,Neutral,0,0,0,0,0,0,-1,0,0,0,0,1,0,0,0,0,0,0,0,0,0
ámba,VB,verb,"to sing, to pray, to adore.",0.71,Positive,1,1,1,1,1,1,1,1,1,1,1,1,1,1,1,1,1,1,1,1,1
amba sang pispis,NN,noun,warbler,0,Neutral,0,0,0,0,0,0,0,-1,0,0,0,0,0,0,0,0,0,0,0,0,0
ambahan,NN,noun,"canticle , chant , hymn , song",0,Neutral,0,0,0,0,0,0,0,0,0,0,0,0,0,0,0,0,0,0,0,0,0
ámbit,VB,verb,"to participate, to share in.",0.296,Positive,1,1,1,1,1,0,1,1,1,1,1,0,1,1,1,1,1,1,0,1,1
ambulansya,NN,noun,ambulance,0,Neutral,0,0,0,0,0,0,0,0,0,1,1,0,0,0,0,0,0,0,0,0,0
ámbung,NN,noun,"radiance, beauty.",0.735,Positive,1,1,1,1,1,1,1,-1,1,1,1,1,0,1,1,1,-1,1,1,1,1
ámbung,JJ,adjective,"radiant, effulgent, beautiful.",0.791,Positive,1,1,1,1,1,1,0,1,1,1,1,1,1,1,1,0,-1,1,1,1,1
amérika,NN,noun,america.,0,Neutral,0,0,0,0,0,0,0,0,0,1,0,0,0,-1,1,0,0,0,0,-1,0
amerikána,NN,noun,"formal coat for men, female american citizen.",0,Neutral,0,0,0,0,0,0,0,1,-1,0,0,0,0,0,0,0,0,0,0,0,0
amerikáno,NN,noun,american citizen.,0,Neutral,0,0,0,0,0,0,-1,0,0,0,0,0,0,0,0,0,0,0,0,0,0
ami,NN,noun,second harvest,0,Neutral,0,0,0,0,0,0,0,0,0,1,0,1,0,0,0,0,0,0,1,1,-1
amidol,NN,noun,starch,0,Neutral,0,0,0,0,0,0,0,0,0,0,0,0,0,0,0,0,0,0,0,0,1
amidúl,NN,noun,variant of almidúl.,0,Neutral,0,0,0,0,0,0,0,0,0,0,0,1,0,0,0,0,0,1,0,0,0
amígo,NN,noun,"friend, buddy.",0.494,Positive,1,1,1,1,1,1,1,1,1,1,1,0,1,1,1,1,1,1,1,1,1
amihan,NN,noun,north wind,0,Neutral,0,0,0,0,0,0,0,0,0,0,1,0,-1,0,0,0,0,0,0,-1,0
amimíluk,NN,noun,eyelash.,0,Neutral,0,0,0,0,0,-1,0,1,1,0,0,0,1,0,-1,0,0,0,0,0,0
aminhan,NN,noun,north synonym: norte,0,Neutral,0,0,0,0,0,0,0,-1,1,0,0,0,0,0,1,0,0,0,0,0,0
aminhan,JJ,adjective,northern,0,Neutral,0,0,0,0,0,0,0,0,-1,0,0,0,1,0,0,0,0,0,1,0,0
aminhan,JJ,adjective,northerly,0,Neutral,0,0,0,0,0,0,0,0,0,0,0,1,0,0,0,0,0,0,-1,0,0
amínhan,NN,noun,north.,0,Neutral,0,0,0,0,0,0,0,0,0,0,0,1,1,-1,0,0,0,0,0,0,-1
amlig,NN,noun,"care , caution",0.494,Positive,1,1,1,1,1,1,1,1,0,1,1,1,1,1,1,1,1,1,1,1,1
ámlig,VB,verb,"to handle with care, to be, careful.",0.586,Positive,1,1,1,1,1,1,1,1,1,1,1,1,1,1,1,1,1,1,0,1,1
amo,NN,noun,monkey,0,Neutral,0,0,0,0,0,0,0,0,0,-1,0,0,0,-1,-1,0,0,0,0,0,0
amog,JJ,adjective,"oversensitive , sensitive , touchy amog nga bata. a very touchy child.",0,Neutral,0,-1,0,0,-1,0,0,0,0,0,0,1,0,0,0,1,0,0,0,0,0
amoma,VB,verb,"regale , treat with food and drink",0.402,Positive,1,1,1,1,1,1,1,1,1,-1,1,1,1,1,1,1,1,1,0,0,1
amorokpok,NN,noun,"meteorite , shooting star",0,Neutral,0,0,0,0,0,0,0,0,0,0,0,0,0,0,0,0,0,0,0,0,0
amorokpok,NN,noun,bird of prey,0,Neutral,0,0,0,0,0,0,1,0,0,0,0,0,0,0,-1,0,0,0,0,0,0
amoy,NN,noun,holy man,0,Neutral,0,1,0,0,1,0,0,0,0,0,0,0,0,0,0,0,1,0,0,0,0
ampis,NN,noun,skirt,0,Neutral,0,0,0,0,0,0,0,0,0,-1,0,0,0,-1,0,0,0,0,0,0,-1
ampo,NN,noun,"prayer , request",0,Neutral,0,0,0,0,0,1,0,0,0,0,1,-1,0,0,1,0,0,0,0,1,0
ampo,VB,verb,"ask , beseech , beg , petition , pray , request",0.318,Positive,1,0,1,1,0,0,1,1,1,1,1,1,1,1,1,1,1,1,1,1,1
ámpu’,NN,noun,"prayer, pleading.",0,Neutral,0,1,0,0,0,0,0,0,0,0,0,0,1,0,-1,0,0,0,0,0,0
ámpu’,VB,verb,"to pray, to beseech, to beg, to plead.",0.318,Positive,1,1,1,1,1,1,1,1,1,1,1,1,1,1,1,1,-1,1,1,1,0
amú,PRP,pronoun,"it, that.",0,Neutral,0,0,0,0,0,0,0,0,0,1,1,1,0,0,0,0,0,0,0,0,0
amú,RB,adverb,similarly.,0,Neutral,0,1,0,0,0,0,0,0,0,0,0,0,0,0,0,0,0,-1,1,0,0
ámu,NN,noun,"boss, employer, master.",0,Neutral,0,0,0,0,0,-1,0,0,-1,0,0,0,0,0,0,0,0,0,0,0,0
amúma,VB,verb,"to be hospitable, to entertain.",0.318,Positive,1,1,1,1,1,1,1,0,1,1,1,0,1,1,1,-1,-1,1,1,1,0
amumuklid,NN,noun,toadstool,0,Neutral,0,0,0,0,0,0,0,0,0,0,0,0,0,0,-1,0,0,0,0,0,0
ámun,PRP,pronoun,"our, ours (first person exclusive plural pre-possessive pronoun).",0.128,Positive,1,1,1,1,0,1,1,1,1,1,-1,1,1,1,1,1,1,1,-1,1,1
ámut,NN,noun,"subscription, donation, contribution.",0,Neutral,0,0,0,0,0,0,-1,1,0,0,0,0,0,0,0,0,0,0,0,0,1
ámut,VB,verb,"to contribute, to help by giving something.",0.625,Positive,1,1,1,1,1,1,1,1,1,0,1,1,1,1,1,1,1,1,1,1,1
amú’,NN,noun,monkey.,0,Neutral,0,0,0,0,0,0,0,-1,0,0,-1,0,0,1,0,0,0,0,0,0,0
amyon,NN,noun,"fragrance , scent , smell",0,Neutral,0,0,0,0,0,0,0,1,-1,0,0,0,0,0,0,0,0,0,0,0,0
ámyun,JJ,adjective,fragrant.,0,Neutral,0,0,0,0,1,0,0,0,0,0,0,0,0,-1,0,0,0,0,0,0,0
anad,JJ,adjective,usual ; sophisticated ; used to,0.557,Positive,1,1,1,1,0,0,1,1,1,1,1,0,1,1,1,0,-1,1,-1,0,1
anad,VB,verb,"practice , train",0,Neutral,0,0,0,0,0,0,0,0,0,0,0,0,0,0,0,0,-1,-1,-1,-1,0
anád,JJ,adjective,"usual, sophisticated, accustomed to.",0.557,Positive,1,1,1,1,0,0,0,1,1,1,1,1,1,1,1,1,1,1,1,1,1
anád,VB,verb,"to be accustomed to, to make familiar through experience.",0,Neutral,0,0,0,0,0,0,0,0,0,0,0,0,0,0,0,0,0,0,0,0,0
anak,NN,noun,"child ( a female or male child, a daughter or son ) synonym: bata",0,Neutral,0,0,0,0,0,0,0,0,-1,0,0,0,0,1,0,0,0,1,1,0,0
anák,NN,noun,child.,0,Neutral,0,0,0,0,0,0,0,0,0,0,0,0,0,0,0,0,0,0,0,0,0
anák,VB,verb,"to bear a child, to give birth, to be godparent to a child during baptism or confirmation.",0,Neutral,0,1,0,0,0,-1,0,0,0,0,0,0,0,0,0,0,-1,0,0,0,0
anak nga babae,NN,noun,daughter,0,Neutral,0,0,0,0,0,0,0,0,0,-1,0,0,1,0,0,0,1,0,0,0,1
anak-anak,NN,noun,"adopted child , foster child",0,Neutral,0,0,0,0,0,0,0,0,0,0,0,0,0,0,0,1,0,0,0,0,0
ananay,JJ,adjective,"gentle , mild , soft , slow , noiseless , quiet , tranquil , quietly",0.477,Positive,1,1,1,1,1,1,1,-1,1,1,1,1,1,1,1,1,1,1,1,1,0
ánaw,NN,noun,"deluge, great flood.",0.625,Positive,1,1,1,1,1,1,1,1,-1,1,1,1,1,1,1,1,1,1,1,0,1
anay,NN,noun,termite,0,Neutral,0,0,0,0,0,0,1,0,0,0,0,1,0,0,0,0,0,0,0,-1,0
ánay,RP,particle,"please, wait a minute.",0.318,Positive,1,1,1,1,1,0,1,1,1,1,1,0,0,1,1,1,-1,1,1,1,1
ánay,NN,noun,termite.,0,Neutral,0,0,0,0,0,0,0,0,0,0,0,0,0,0,0,0,-1,0,0,0,0
andam,JJ,adjective,"careful , cautious , wary synonyms: tagam , paiway",0.052,Positive,1,1,1,1,1,1,1,1,1,0,1,1,0,1,1,1,1,1,1,-1,1
ándam,VB,verb,"to be cautious, to be careful, to beware, to be prepared.",0.273,Positive,1,1,1,1,1,1,1,1,1,1,1,1,1,1,1,-1,-1,1,1,0,0
andamio,NN,noun,gangplank,0,Neutral,0,0,0,0,0,0,0,0,0,0,0,0,0,-1,0,0,0,0,0,-1,0
andámyu,NN,noun,gangplank.,0,Neutral,0,0,0,0,0,0,0,0,0,0,0,0,0,-1,0,-1,0,0,0,1,0
ándar,VB,verb,"to function, to work.",0,Neutral,0,1,0,0,0,0,0,0,0,0,0,0,0,1,0,0,0,0,-1,0,0
anekdota,NN,noun,anecdote,0,Neutral,0,0,0,0,0,0,0,0,0,0,0,0,0,-1,0,0,0,1,-1,0,0
áng,RP,particle,definite noun marker.,0.273,Positive,1,0,1,1,0,0,1,1,1,1,1,1,0,0,-1,1,1,1,1,1,1
ángay,JJ,adjective,"appropriate, becoming.",0,Neutral,0,0,0,0,0,0,0,0,0,0,0,0,0,0,-1,0,0,-1,0,0,0
ángay,VB,verb,"to be well matched, to be equal, to look becoming, to fit.",0.557,Positive,1,0,1,1,0,1,1,1,1,1,0,1,1,1,1,1,-1,1,1,-1,1
ángga’,NN,noun,"nickname, pet name.",0,Neutral,0,1,0,0,0,0,0,0,0,0,0,0,0,1,0,0,0,1,0,0,0
ángga’,VB,verb,"to fondle, to caress, to pet, to care for very much.",0.494,Positive,1,1,1,1,1,0,1,1,1,1,1,1,1,1,1,1,1,1,1,1,1
anggid,JJ,adjective,similar,0,Neutral,0,1,0,0,0,0,0,1,0,0,0,0,0,0,1,-1,-1,0,0,0,1
ánggid,JJ,adjective,"alike, similar.",0,Neutral,0,1,0,0,0,0,0,0,0,0,0,0,0,1,0,0,0,0,0,0,0
ánggid,VB,verb,"to be alike, to compare.",0,Neutral,0,1,0,0,0,0,0,0,1,0,0,-1,0,1,0,0,0,0,0,0,0
anggid-anggid,JJ,adjective,"diminutive of anggid : nearly alike, similar",0,Neutral,0,0,0,0,0,0,0,0,0,1,0,0,0,0,0,0,0,0,0,0,1
anghel,NN,noun,angel,0,Neutral,0,1,0,0,0,0,-1,1,0,0,0,0,0,1,0,0,0,0,0,0,0
anghel,NN,noun,young child who dies before the age of reason,0,Neutral,0,1,0,0,0,0,0,0,-1,0,0,0,0,0,0,0,0,0,0,0,0
anghit,NN,noun,smell of a goat synonym: angrus,0,Neutral,0,-1,0,0,-1,-1,0,0,0,-1,0,0,0,0,0,0,0,0,0,0,0
angkab,VB,verb,bite,0,Neutral,0,0,0,0,0,0,0,1,0,-1,0,0,0,0,-1,0,0,0,0,0,0
ángkab,VB,verb,"of animals, to snap, to bite, to seize with teeth so as to grip or bite.",0,Neutral,0,0,0,0,0,0,0,0,0,0,0,0,0,0,0,0,1,0,0,0,0
ángkla,NN,noun,anchor.,0,Neutral,0,0,0,0,0,0,-1,0,0,0,1,0,0,0,0,1,0,0,0,0,0
angkod,NN,noun,incisor ; front teeth,0,Neutral,0,0,0,0,0,1,0,0,0,0,0,0,-1,1,0,0,0,0,0,0,0
ángkun,VB,verb,"to acquire, to attain, to possess.",0,Neutral,0,1,0,0,0,0,0,0,0,0,0,0,0,1,0,0,0,1,0,0,0
angso,NN,noun,smell of urine synonym: pangsot,0,Neutral,0,-1,0,0,-1,0,0,-1,0,-1,0,0,0,0,0,0,0,0,0,0,1
angút,VB,verb,"to join together, to tie together, to fasten together.",0.296,Positive,1,1,1,1,1,0,1,1,0,1,1,1,1,1,1,1,-1,1,1,1,1
anhel,NN,noun,archaic form of anghel,0,Neutral,0,0,0,0,0,0,-1,0,0,0,0,-1,1,0,0,-1,0,0,0,0,0
anhing,JJ,adjective,"dead , deceased , late",-0.649,Negative,-1,-1,-1,-1,-1,-1,-1,-1,-1,-1,-1,-1,0,-1,-1,-1,-1,-1,-1,-1,1
anhíng,JJ,adjective,"late, departed, living comparatively recently.",0,Neutral,0,-1,0,0,0,0,0,0,1,0,0,0,0,0,0,0,0,0,0,0,0
áni,NN,noun,"harvest, produce.",0,Neutral,0,1,0,0,1,0,0,0,0,0,0,0,0,0,0,0,0,0,0,0,0
áni,VB,verb,"to harvest, to reap.",0,Neutral,0,1,0,0,0,0,0,0,0,1,0,0,0,0,0,0,0,0,0,0,-1
anila,NN,noun,beehive,0,Neutral,0,0,0,0,0,0,0,0,0,1,0,0,0,0,0,0,0,0,0,0,0
anila,VB,verb,"supervise , watch",0,Neutral,0,1,0,0,0,0,0,0,0,0,0,0,0,0,0,0,0,0,0,0,0
aninaw,VB,verb,"to imitate , to model synonyms: ilog , ehemplo , huaran , espeho , gia , huluaran",0,Neutral,0,1,0,0,0,0,0,1,0,0,0,0,0,0,0,0,0,0,0,0,0
aningál,VB,verb,to have the delusion of hearing a familiar sound.,0,Neutral,0,0,0,0,0,0,0,-1,0,0,0,0,0,1,-1,0,0,0,0,0,0
aninipot,NN,noun,firefly,0,Neutral,0,0,0,0,0,0,0,0,1,0,-1,0,0,0,0,0,1,0,0,0,0
ankla,NN,noun,anchor,0,Neutral,0,0,0,0,0,-1,-1,0,0,0,0,1,0,0,0,0,0,0,0,-1,1
ankla,VB,verb,anchor,0,Neutral,0,0,0,0,0,0,0,0,0,0,0,0,0,0,0,0,0,0,0,0,0
ántes,RB,adverb,"earlier, before, in advance, previously.",0,Neutral,0,0,0,0,0,0,0,0,0,0,0,0,-1,0,0,0,0,0,0,0,0
antígu,VB,verb,"to know, to be knowledgeable.",0,Neutral,0,0,0,0,0,0,0,0,0,0,-1,0,0,-1,1,0,0,0,-1,0,0
anting-anting,NN,noun,"amulet , talisman",0,Neutral,0,0,0,0,0,1,0,0,0,0,0,0,0,0,0,0,0,0,0,0,0
ánting’ánting,NN,noun,"amulet, talisman.",0,Neutral,0,0,0,0,0,0,0,0,-1,0,0,0,0,1,-1,0,0,0,0,0,0
antipara,NN,noun,"eyeglasses , glasses , spectacles synonyms: antiohos , tagosilang",0,Neutral,0,0,0,0,0,0,-1,0,0,0,0,0,1,0,0,0,1,0,0,1,0
antipatiko,JJ,adjective,"repugnant , repulsive",0,Neutral,0,-1,0,0,-1,0,0,0,0,0,0,0,0,0,0,0,-1,0,0,-1,0
antipatikú,JJ,adjective,"unsympathetic, settled aversion.",-0.44,Negative,-1,-1,-1,-1,-1,-1,-1,-1,-1,-1,-1,-1,-1,-1,-1,-1,-1,-1,0,-1,-1
antiyado,JJ,adjective,buff ( color ),0,Neutral,0,0,0,0,0,0,1,0,0,0,0,0,-1,0,0,0,0,0,0,0,0
ántud,JJ,adjective,"fetid, of odor, burnt.",0,Neutral,0,-1,0,0,-1,0,0,0,0,0,0,0,-1,0,0,0,0,0,0,0,0
ántus,VB,verb,"to bear, to suffer, to endure.",-0.542,Negative,-1,-1,-1,-1,-1,0,-1,-1,-1,-1,-1,-1,-1,1,-1,1,-1,-1,-1,-1,-1
antyúhus,NN,noun,"spectacles, eyeglasses.",0,Neutral,0,0,0,0,0,0,0,0,0,0,0,0,0,1,1,0,0,0,0,0,0
anu,PRP,pronoun,what.,0,Neutral,0,0,0,0,0,0,0,0,0,0,0,1,0,0,1,0,0,0,0,0,-1
anu,VB,verb,"to become, to do with.",0,Neutral,0,0,0,0,0,0,0,0,0,0,-1,0,0,0,-1,1,0,0,1,0,0
ánud,VB,verb,"to drift, to flow with the current.",0,Neutral,0,0,0,0,0,0,1,0,1,0,0,0,0,0,0,0,-1,1,-1,0,0
ánum,CD,numeral,six.,0,Neutral,0,0,0,0,0,0,0,0,0,0,0,0,0,1,0,0,0,0,1,0,0
anúnsyo,NN,noun,"announcement, broadcast.",0,Neutral,0,0,0,0,0,0,0,1,0,0,0,0,0,0,0,0,0,0,0,0,0
anúnsyo,VB,verb,"to announce, to broadcast, to make public.",0,Neutral,0,0,0,0,0,0,0,0,0,0,-1,0,0,0,0,0,0,0,0,0,0
ányag,JJ,adjective,"beautiful, pretty.",0.796,Positive,1,1,1,1,1,1,0,1,1,1,1,1,1,1,1,0,1,1,1,0,1
anyil,JJ,adjective,indigo,0,Neutral,0,0,0,0,0,0,-1,0,-1,0,1,0,0,0,0,0,0,0,0,0,0
ányo,NN,noun,year.,0,Neutral,0,0,0,0,0,0,0,-1,0,0,0,1,0,-1,0,0,0,0,0,0,0
apa,JJ,adjective,"dumb , mute , tongue-tied",-0.511,Negative,-1,-1,-1,-1,-1,0,-1,-1,-1,-1,-1,-1,-1,-1,-1,-1,-1,-1,-1,-1,-1
ápa,NN,noun,cone.,0,Neutral,0,0,0,0,0,0,0,0,0,0,0,0,0,0,0,0,0,0,0,0,0
apan,NN,noun,an adult locust,0,Neutral,0,0,0,0,0,0,0,0,0,0,0,0,0,0,0,0,0,0,0,0,0
ápang,CC,conjunction,"but, however.",0,Neutral,0,0,0,0,0,0,0,0,0,-1,0,0,0,0,0,0,0,0,-1,0,0
aparador,NN,noun,"cupboard , dresser , sideboard",0,Neutral,0,0,0,0,0,0,0,0,0,-1,1,0,0,0,0,0,0,0,0,0,0
aparadór,NN,noun,"closet, cabinet.",0,Neutral,0,0,0,0,0,0,0,0,0,0,0,0,0,0,1,0,-1,1,-1,0,0
ápas,VB,verb,"to follow, to go after.",0,Neutral,0,0,0,0,0,0,0,-1,0,0,0,0,-1,0,1,0,0,0,0,0,-1
ápat,CD,numeral,four;  forty; /ika-/ fourth; /napulug-/ fourteen.,0,Neutral,0,0,0,0,0,0,0,0,-1,0,0,0,0,0,0,0,0,0,0,0,0
apá’,NN,noun,"mute, dumb.",-0.511,Negative,-1,-1,-1,-1,-1,-1,1,-1,-1,-1,-1,-1,-1,-1,-1,-1,-1,0,-1,-1,-1
apdo,NN,noun,"bile , gall",0,Neutral,0,0,0,0,0,0,0,0,0,0,0,0,0,0,0,0,1,0,0,-1,0
apdo,NN,noun,( anatomy ) gall bladder,0,Neutral,0,0,0,0,0,0,1,1,0,0,0,1,0,0,0,0,0,0,0,0,-1
ápdu,NN,noun,gall bladder.,0,Neutral,0,0,0,0,0,0,0,0,-1,0,0,0,1,0,0,0,1,0,0,0,0
apelyédo,NN,noun,"surname, last name.",0,Neutral,0,0,0,0,0,0,-1,0,0,0,-1,0,0,1,0,0,0,0,0,0,0
apendisitis,NN,noun,appendicitis,0,Neutral,0,0,0,0,0,0,0,-1,0,0,0,1,0,1,0,0,0,-1,0,0,0
apian,NN,noun,opium,0,Neutral,0,0,0,0,0,0,0,0,0,0,0,0,1,0,-1,0,0,0,-1,0,0
ápin,VB,verb,"to support, to side with, to be an ally to, to defend.",0.402,Positive,1,1,1,1,1,1,1,1,1,1,1,1,1,1,0,1,1,1,-1,1,1
apinas,JJ,adjective,"difficult , scarce , trying",-0.361,Negative,-1,-1,-1,-1,-1,-1,-1,-1,-1,-1,-1,-1,-1,-1,-1,-1,-1,-1,0,-1,0
apínas,JJ,adjective,scarce.,0,Neutral,0,0,0,0,0,0,0,0,0,0,-1,0,0,0,0,0,0,-1,-1,1,0
apitong,NN,noun,tree,0,Neutral,0,0,0,0,0,0,0,1,0,0,0,0,0,0,0,0,0,0,0,0,0
aplá’ag,VB,verb,"to spread, to break and scatter.",0,Neutral,0,0,0,0,0,0,0,0,0,-1,0,1,1,0,0,0,1,0,0,0,0
apo,NN,noun,grandchild,0,Neutral,0,0,0,0,0,0,0,0,0,0,0,0,0,-1,0,0,0,0,-1,1,0
apo,NN,noun,grandfather,0,Neutral,0,0,0,0,0,0,0,0,0,0,0,0,0,-1,0,0,0,0,0,0,1
apo nga babae,NN,noun,granddaughter,0,Neutral,0,0,0,0,0,-1,0,0,0,0,0,0,-1,-1,0,0,0,0,0,0,0
apo nga lalaki,NN,noun,grandson,0,Neutral,0,0,0,0,0,0,0,-1,0,0,0,0,0,0,0,0,0,0,0,0,-1
apog,NN,noun,( chemistry ) limestone,0,Neutral,0,0,0,0,0,0,0,0,0,0,0,0,0,0,0,-1,0,0,0,0,0
apok,NN,noun,eczema,0,Neutral,0,0,0,0,0,0,0,0,0,0,0,1,-1,1,1,0,0,-1,0,0,0
apú,NN,noun,grandchild.,0,Neutral,0,0,0,0,0,0,-1,0,0,0,1,0,0,0,1,0,0,0,0,0,0
ápug,NN,noun,lime.,0,Neutral,0,0,0,0,0,0,0,0,0,0,0,0,1,0,0,-1,0,0,0,0,0
ápuk,VB,verb,"to throw, to be blown aside.",0,Neutral,0,0,0,0,0,0,0,0,0,0,1,0,0,0,0,0,0,0,0,-1,0
apurá,VB,verb,"to make haste, to hasten.",0,Neutral,0,0,0,0,0,0,0,1,0,0,0,-1,0,0,0,0,0,0,0,0,0
ara,NN,noun,altar stone in a catholic church,0,Neutral,0,0,0,0,0,0,0,0,0,0,-1,-1,1,0,0,0,0,0,0,0,1
arado,VB,verb,plough,0,Neutral,0,0,0,0,0,1,0,0,-1,0,0,0,0,0,0,-1,0,0,0,1,0
arádu,NN,noun,plow.,0,Neutral,0,0,0,0,0,0,-1,-1,1,0,0,0,0,0,-1,0,0,0,0,0,0
arádu,VB,verb,"to plow, to use a plow to break up or turn the soil.",0,Neutral,0,0,0,0,0,0,0,0,0,0,0,0,0,0,0,0,0,0,0,0,0
ára’,DT,deictic,there (short form to mean far from the speaker).,0,Neutral,0,0,0,0,0,0,0,0,0,1,0,0,0,0,0,1,0,0,0,0,0
aresgádo,JJ,adjective,"adventurous, daring, foolhardy.",0.361,Positive,1,1,1,1,1,1,-1,-1,1,1,1,1,0,1,1,1,1,1,1,1,1
ári,DT,deictic,here (short form to mean near the speaker).,0,Neutral,0,0,0,0,0,0,0,0,0,0,0,-1,-1,0,0,0,1,0,0,1,0
arisgado,JJ,adjective,"avid , adventurous",0.557,Positive,1,1,1,1,1,0,1,-1,1,1,1,1,1,1,1,1,-1,1,1,1,-1
arisgado,JJ,adjective,"daring , risky synonym: makahas",0.178,Positive,1,1,1,1,1,0,1,1,1,1,1,1,1,1,1,1,1,0,1,1,1
aritmetika,NN,noun,arithmetic,0,Neutral,0,0,0,0,0,0,1,0,0,1,0,0,0,0,0,0,0,1,0,0,-1
aritmétika,NN,noun,arithmetic.,0,Neutral,0,0,0,0,0,0,0,0,0,0,0,0,0,0,0,0,0,0,1,0,0
aritos,NN,noun,earring,0,Neutral,0,0,0,0,0,0,0,0,0,0,0,0,1,-1,0,0,0,0,0,0,0
arítus,NN,noun,earring.,0,Neutral,0,0,0,0,0,0,0,0,0,0,0,0,0,-1,0,0,0,0,0,0,0
arí’arí,JJ,adjective,stunted in growth.,0.382,Positive,1,-1,1,1,-1,1,1,1,-1,1,1,1,1,1,1,1,1,1,1,1,1
árko,NN,noun,arch.,0,Neutral,0,0,0,0,0,0,0,0,0,0,0,1,0,0,0,0,0,0,0,0,0
ármas,NN,noun,"weapon, arms.",-0.296,Negative,-1,-1,-1,-1,0,-1,-1,-1,-1,-1,-1,1,-1,-1,-1,-1,-1,-1,-1,-1,-1
arnibal,NN,noun,syrup,0,Neutral,0,0,0,0,0,0,-1,0,1,0,0,1,0,0,0,0,-1,0,0,-1,0
arnibal,NN,noun,"caramel , coconut caramel ( latík )",0,Neutral,0,0,0,0,0,0,0,0,0,-1,0,0,0,1,0,0,-1,0,0,0,0
arnibal,NN,noun,molasses,0,Neutral,0,0,0,0,0,0,0,0,0,0,0,0,0,0,0,0,0,0,0,0,0
arnibal,NN,noun,sweetener,0,Neutral,0,0,0,0,0,0,0,-1,1,0,0,0,0,0,0,1,0,0,0,0,0
aro,NN,noun,leprosy,0,Neutral,0,-1,0,0,0,-1,0,0,0,0,0,0,0,0,0,0,0,-1,1,0,0
aroro,NN,noun,arrowroot,0,Neutral,0,0,0,0,0,0,0,0,0,0,0,0,0,0,0,0,0,-1,0,0,0
aros,NN,noun,rice,0,Neutral,0,0,0,0,0,0,0,0,0,1,0,0,0,0,-1,0,0,-1,0,0,0
arpa,NN,noun,"harp , lyre",0,Neutral,0,0,0,0,0,0,0,-1,0,0,1,0,0,0,0,-1,0,0,0,0,0
arte,NN,noun,"art , skill",0,Neutral,0,0,0,0,0,1,0,0,0,0,0,0,0,0,-1,0,0,0,0,0,0
arte,NN,noun,artifice,0,Neutral,0,0,0,0,0,0,0,0,-1,0,0,-1,0,0,0,-1,0,0,0,0,0
árte,NN,noun,"art, design, decoration;  actor, actress.",0,Neutral,0,0,0,0,0,0,0,0,0,0,1,0,0,0,0,0,0,0,0,0,0
árte,JJ,adjective,"creative, artistic, vain.",0.026,Neutral,0,0,1,0,0,0,0,0,0,0,0,1,0,-1,0,0,0,0,0,0,0
artikulo,NN,noun,article,0,Neutral,0,0,0,0,0,0,0,0,0,1,0,-1,0,0,0,0,0,0,1,0,0
artíkulo,NN,noun,article.,0,Neutral,0,0,0,0,0,-1,0,0,0,0,0,0,0,0,0,0,0,0,0,0,0
arúy,UH,interjection,ouch.,0,Neutral,0,0,0,0,0,0,0,0,0,0,0,0,0,0,0,0,0,0,0,0,0
ásab,JJ,adjective,"voracious, gluttonous, ravenous.",0,Neutral,0,-1,0,0,-1,0,0,0,0,1,1,0,0,0,0,0,0,-1,0,1,0
asál,VB,verb,to roast particularly on a pit.,0,Neutral,0,-1,0,0,0,0,0,0,0,0,0,0,0,0,0,0,0,0,0,1,0
ásang,NN,noun,fish gill.,0,Neutral,0,0,0,0,0,0,0,0,-1,0,0,0,0,0,0,0,0,0,0,0,-1
asáwa,NN,noun,wife.,0,Neutral,0,0,0,0,0,0,0,0,0,0,0,1,0,0,1,0,0,0,0,0,0
asáwa,VB,verb,"to take a wife, to marry.",0,Neutral,0,0,0,0,0,1,0,0,0,0,0,-1,0,0,0,0,0,1,0,0,1
asawa sang hari,NN,noun,queen,0,Neutral,0,0,0,0,0,0,1,0,0,0,0,0,0,0,0,0,0,0,0,0,0
asero,NN,noun,steel,0,Neutral,0,0,0,0,0,0,0,0,0,0,0,0,0,0,0,1,0,0,0,0,-1
aséro,NN,noun,steel.,0,Neutral,0,0,0,0,0,0,0,0,0,0,0,0,0,-1,0,0,0,0,0,0,0
asibar,NN,noun,aloe vera,0,Neutral,0,0,0,0,0,0,0,0,0,0,0,0,0,-1,-1,0,0,0,0,0,0
asikáso,VB,verb,"to take care of, to attend to.",0.494,Positive,1,1,1,1,1,1,1,1,-1,1,1,0,1,1,1,1,1,1,1,1,1
asilo,NN,noun,"asylum , protection , shelter , refuge",0,Neutral,0,0,0,0,0,0,0,-1,0,0,0,0,-1,0,0,0,0,1,0,0,0
asílo,NN,noun,"sanctuary, institution of relief or care for the destitute or afflicted.",0.586,Positive,1,1,1,1,1,1,1,1,1,1,1,1,1,1,-1,1,1,1,1,1,1
asin,NN,noun,salt ( sodium chloride ),0,Neutral,0,0,0,0,0,0,0,1,0,0,0,0,0,0,0,0,0,0,0,0,0
asin,VB,verb,to salt ( add salt to ),0,Neutral,0,0,0,0,0,0,0,0,0,0,0,0,0,0,0,0,0,1,0,0,0
asín,NN,noun,salt.,0,Neutral,0,0,0,0,0,0,1,0,0,0,-1,0,0,0,0,0,0,0,0,0,0
asín,JJ,adjective,salty.,0,Neutral,0,0,0,0,0,0,0,0,0,0,0,0,0,0,0,0,0,0,0,0,-1
asinan,NN,noun,salt mine,0,Neutral,0,0,0,0,0,1,0,0,0,0,0,0,0,0,0,0,0,0,0,0,0
aslang,NN,noun,chin,0,Neutral,0,0,0,0,0,0,0,0,0,1,1,0,1,0,0,0,0,0,0,-1,0
aslum,NN,noun,sourness,0,Neutral,0,0,0,0,0,0,0,0,0,0,-1,0,0,0,0,0,0,0,0,0,0
aslum,NN,noun,acidity,0,Neutral,0,0,0,0,0,0,0,0,0,-1,0,0,0,0,0,0,0,0,0,0,0
aslum,VB,verb,to sour,0,Neutral,0,0,0,0,0,0,0,0,0,0,0,0,0,0,-1,0,0,-1,0,0,0
áslum,NN,noun,sourness.,0,Neutral,0,0,0,0,0,1,0,0,0,1,0,0,0,0,0,0,0,0,0,0,-1
áslum,JJ,adjective,sour.,0,Neutral,0,0,0,0,0,0,0,0,0,-1,0,0,0,-1,0,0,0,-1,-1,0,0
aso,NN,noun,smoke,0,Neutral,0,0,0,0,0,0,0,0,0,-1,0,0,0,0,1,0,0,0,0,1,0
aso,VB,verb,to fumigate,0,Neutral,0,0,0,0,0,0,0,0,0,-1,0,0,0,0,0,0,0,0,1,0,0
asog,NN,noun,( historical ) an effeminate man who functions as a babaylan,0,Neutral,0,0,0,0,0,0,0,0,0,0,0,0,0,0,0,0,0,0,0,0,0
asog,NN,noun,a barren woman,0,Neutral,0,-1,0,0,0,-1,0,-1,-1,0,0,0,0,1,-1,0,0,0,0,0,0
asoy,JJ,adjective,useful,0.44,Positive,1,1,1,1,1,1,1,1,0,1,1,1,1,1,1,1,-1,1,1,0,1
asoy,NN,noun,"declaration , explanation ; a clear statement",0.382,Positive,1,0,1,1,1,1,1,1,0,1,1,1,1,1,1,1,1,1,1,1,1
asoy,NN,noun,"result , use",0,Neutral,0,0,0,0,0,0,-1,0,0,0,0,0,0,0,1,0,0,0,1,0,0
aspalto,NN,noun,asphalt,0,Neutral,0,0,0,0,0,0,0,0,0,0,0,0,-1,0,0,0,0,0,0,0,0
aspalto,VB,verb,to asphalt,0,Neutral,0,0,0,0,0,0,0,0,0,0,0,0,0,0,0,0,0,0,0,0,0
asú,NN,noun,smoke.,0,Neutral,0,0,0,0,0,0,0,0,0,0,0,0,0,1,0,0,0,0,0,0,0
asú,VB,verb,to smoke.,0,Neutral,0,0,0,0,0,0,-1,1,1,0,0,-1,0,0,0,0,0,0,0,0,0
asugi,NN,noun,mercury,0,Neutral,0,0,0,0,0,0,0,0,0,1,0,0,0,0,0,-1,0,-1,0,0,0
asúgi,NN,noun,"mercury, quicksilver.",0,Neutral,0,0,0,0,0,0,1,0,0,0,0,0,0,0,0,0,0,0,0,0,0
asugi nga buhi,NN,noun,quicksilver,0,Neutral,0,0,0,0,0,0,0,0,1,0,0,0,0,0,0,0,0,0,0,0,0
asukar,NN,noun,sugar,0,Neutral,0,0,0,0,0,0,1,0,0,0,0,0,0,0,0,1,0,0,-1,0,0
asúkar,NN,noun,refined sugar.,0,Neutral,0,0,0,0,0,0,0,0,0,0,0,0,0,0,1,0,0,1,0,0,0
asúl,JJ,adjective,blue.,0,Neutral,0,0,0,0,0,0,0,0,0,0,0,0,0,0,0,-1,0,0,0,0,0
asunto,RB,adverb,"concerning , with regard to",0,Neutral,0,0,0,0,0,0,0,0,0,0,0,0,0,0,0,0,0,0,0,0,0
asunto,NN,noun,lawsuit,-0.226,Negative,-1,-1,-1,-1,-1,0,-1,-1,-1,-1,-1,-1,-1,-1,-1,-1,-1,-1,-1,-1,-1
asúntu,NN,noun,"lawsuit, a case before a court.",-0.226,Negative,-1,-1,-1,-1,-1,-1,-1,0,-1,0,-1,-1,-1,1,-1,-1,-1,-1,0,0,-1
asupre,NN,noun,sulphur,0,Neutral,0,0,0,0,0,0,0,0,0,-1,-1,0,0,0,-1,0,-1,0,0,0,0
aswang,NN,noun,"( folklore , mythology ) aswang ( shapeshifting evil creature in philippine mythology )",-0.66,Negative,-1,-1,-1,-1,-1,-1,-1,-1,1,-1,-1,-1,-1,-1,-1,1,-1,-1,-1,-1,-1
áswang,NN,noun,"witch, sorceress.",-0.361,Negative,-1,-1,-1,-1,-1,-1,-1,-1,-1,0,0,-1,-1,-1,-1,-1,-1,-1,-1,-1,-1
asyendéro,NN,noun,"big landowner, sugar magnate.",0,Neutral,0,0,0,0,0,0,-1,1,0,0,0,1,0,0,0,0,-1,0,0,0,0
atake,NN,noun,attack synonym: salakay,-0.477,Negative,-1,-1,-1,-1,-1,-1,-1,-1,-1,-1,-1,-1,1,-1,-1,-1,-1,1,-1,-1,-1
atáke,VB,verb,"to attack, to assault, to fall upon.",-0.784,Negative,-1,-1,-1,-1,-1,-1,-1,-1,-1,-1,-1,-1,-1,-1,-1,0,-1,-1,-1,-1,-1
atatalo,NN,noun,caterpillar,0,Neutral,0,0,0,0,0,0,0,0,0,0,0,-1,0,0,0,0,0,0,0,1,0
atataró,NN,noun,caterpillar.,0,Neutral,0,0,0,0,0,0,0,0,0,0,0,0,0,0,0,0,0,0,0,0,0
atatayog,JJ,adjective,useless ; up to no good,-0.638,Negative,-1,-1,-1,-1,-1,0,-1,-1,-1,-1,-1,-1,-1,-1,-1,-1,-1,-1,-1,0,-1
atay,NN,noun,( anatomy ) liver,0,Neutral,0,0,0,0,0,0,1,0,0,0,0,0,1,0,-1,0,0,0,0,0,0
atáy,NN,noun,liver.,0,Neutral,0,0,0,0,0,0,0,0,0,0,0,1,0,0,-1,0,0,1,0,0,1
atendér,VB,verb,"to attend to, to look after.",0,Neutral,0,1,0,0,1,0,0,0,0,0,0,0,0,0,-1,0,0,0,0,0,1
aténsyon,NN,noun,attention.,0,Neutral,0,1,0,0,0,0,0,0,0,0,0,0,0,0,0,0,0,0,-1,1,0
athag,JJ,adjective,"clear , distinct",0.382,Positive,1,1,1,1,1,1,-1,1,1,0,1,1,1,1,1,1,-1,1,1,0,1
athag,VB,verb,clarify,0,Neutral,0,0,0,0,0,0,0,0,1,0,0,0,0,0,0,0,1,0,-1,0,0
áthag,JJ,adjective,"clear, distinct.",0.382,Positive,1,1,1,1,1,1,1,1,1,1,1,0,1,1,1,1,0,-1,1,-1,1
atí,NN,noun,"to rob, to plunder, to steal, to sack.",-0.778,Negative,-1,-1,-1,-1,-1,-1,-1,-1,-1,-1,0,1,1,-1,-1,-1,1,-1,-1,0,-1
atipalo,NN,noun,earwig,0,Neutral,0,0,0,0,0,0,0,0,0,0,0,0,0,1,1,0,0,0,0,0,0
atipán,VB,verb,"to take care of, to attend to.",0.494,Positive,1,1,1,1,1,1,1,1,1,1,1,1,1,1,1,1,1,-1,0,1,1
atipuyúng,VB,verb,"to be dizzy, to feel faint.",-0.226,Negative,-1,-1,-1,-1,-1,0,0,-1,1,-1,0,-1,-1,-1,1,-1,-1,1,-1,-1,-1
atis,NN,noun,sugar apple ( annona squamosa ),0,Neutral,0,0,0,0,0,0,0,0,0,1,0,1,0,-1,0,0,0,-1,0,0,0
atog,NN,noun,( anatomy ) glans penis,0,Neutral,0,0,0,0,0,0,0,0,0,0,0,0,0,0,0,0,0,0,1,0,0
atomo,NN,noun,( physics ) atom,0,Neutral,0,0,0,0,0,0,0,0,0,0,0,1,0,0,0,0,0,0,0,0,-1
atop,NN,noun,roof synonym: bubongan,0,Neutral,0,0,0,0,0,0,0,0,0,0,0,0,0,0,0,0,-1,0,0,0,0
átras,VB,verb,"to go behind, to move back.",0,Neutral,0,0,0,0,0,1,0,0,-1,0,0,0,0,0,0,0,0,0,0,0,0
atrasado sa pagbayad,JJ,adjective,delinquent,0,Neutral,0,-1,0,0,0,0,0,0,0,0,0,0,-1,0,0,0,0,0,0,0,0
atráso,JJ,adjective,"late, delayed.",-0.226,Negative,-1,-1,-1,-1,-1,-1,-1,-1,-1,-1,-1,-1,-1,-1,-1,-1,-1,-1,-1,1,-1
atsara,NN,noun,pickles,0,Neutral,0,0,0,0,0,0,0,0,0,0,0,0,0,-1,0,0,0,-1,0,0,0
atsára,NN,noun,pickled green papaya.,0,Neutral,0,0,0,0,0,0,0,-1,0,0,0,0,0,-1,0,-1,0,0,1,0,0
atú,DT,deictic,"that (short form to mean yonder, far from both the speaker and the listener).",0,Neutral,0,0,0,0,0,0,-1,-1,0,0,0,0,0,0,0,0,0,0,0,0,0
atubang,VB,verb,to confront ; to face,-0.178,Negative,-1,0,-1,-1,0,0,-1,-1,-1,-1,0,-1,-1,-1,-1,-1,-1,-1,-1,-1,1
atúbang,VB,verb,"to face, to confront, to stand before.",-0.178,Negative,-1,0,-1,-1,0,-1,-1,-1,-1,-1,-1,-1,0,0,-1,-1,-1,-1,-1,-1,-1
atúbang,RB,adverb,in front of.,0,Neutral,0,0,0,0,0,0,0,0,0,0,0,-1,0,0,1,0,0,0,0,1,-1
átun,PRP,pronoun,"our, ours (first person inclusive pre-possessive pronoun).",0,Neutral,0,0,0,0,0,0,0,0,0,0,0,0,0,0,0,0,0,0,0,0,0
atúp,NN,noun,roof.,0,Neutral,0,0,0,0,0,0,1,0,0,0,-1,0,0,0,0,0,0,0,0,0,0
atutúli,NN,noun,earwax.,0,Neutral,0,0,0,0,0,0,0,-1,-1,0,0,0,0,0,0,0,1,0,0,0,0
awa,NN,noun,"compassion , mercy , pity",0.511,Positive,1,1,1,1,1,1,1,1,1,1,1,1,1,1,1,1,1,-1,1,1,1
áwas,VB,verb,to overflow.,0,Neutral,0,0,0,0,0,0,1,-1,0,0,0,-1,1,0,0,-1,0,0,0,-1,0
awat,VB,verb,to annoy,-0.44,Negative,-1,-1,-1,-1,-1,-1,-1,-1,-1,1,-1,-1,-1,-1,-1,-1,-1,1,-1,-1,-1
awat,VB,verb,to delay or waste someone's time,-0.625,Negative,-1,-1,-1,-1,-1,0,-1,-1,-1,-1,-1,-1,-1,-1,-1,-1,-1,-1,-1,-1,-1
awát,VB,verb,"to annoy, to waste another person’s time, to delay.",-0.791,Negative,-1,-1,-1,-1,-1,-1,-1,0,-1,-1,1,-1,-1,-1,-1,-1,-1,-1,-1,-1,-1
áway,NN,noun,"combat, fight, assault.;  opponent.",-0.832,Negative,-1,-1,-1,-1,-1,-1,-1,-1,-1,-1,-1,-1,-1,1,-1,-1,-1,-1,0,-1,-1
áway,VB,verb,"to fight, to go to war.",-0.758,Negative,-1,-1,-1,-1,-1,0,-1,-1,-1,-1,-1,-1,0,-1,-1,1,-1,-1,-1,-1,-1
áwa’,NN,noun,"mercy, compassion, pity.",0.511,Positive,1,1,1,1,1,1,1,1,1,-1,1,-1,1,1,0,1,0,-1,1,1,1
áwa’,VB,verb,to have compassion for.,0.459,Positive,1,1,1,1,1,1,1,-1,1,1,-1,1,1,1,-1,1,1,1,1,1,1
áwto,NN,noun,"car, automobile.",0,Neutral,0,0,0,0,0,0,0,0,0,0,0,0,1,0,0,0,0,0,-1,0,0
awtopsiya,NN,noun,autopsy,0,Neutral,0,0,0,0,0,0,-1,0,-1,0,0,-1,-1,0,0,0,1,0,0,0,1
áy,UH,interjection,"oh, ouch, oh no.",0,Neutral,0,-1,0,0,-1,-1,0,-1,1,0,0,0,-1,0,-1,0,0,0,0,0,0
ayag,VB,verb,sift,0,Neutral,0,0,0,0,0,0,0,0,0,0,0,0,0,0,1,0,0,0,0,0,0
ayág,VB,verb,"to sift, to screen, to strain.",-0.052,Negative,-1,-1,-1,-1,0,-1,-1,-1,-1,-1,-1,-1,-1,1,-1,1,-1,-1,0,1,-1
ayagan,NN,noun,sieve,0,Neutral,0,0,0,0,0,0,0,0,1,0,0,0,0,0,0,0,-1,0,0,0,0
ayám,VB,verb,to hunt.,0,Neutral,0,0,0,0,0,0,0,0,0,0,0,-1,0,0,0,0,0,1,0,0,0
ayam-ayam,NN,noun,ant,0,Neutral,0,0,0,0,0,0,1,0,0,0,0,-1,0,0,0,0,0,0,0,1,0
ayáp,VB,verb,"to adopt, to be willing to accept something new, to take up and practice as one’s own.",0.511,Positive,1,1,1,1,1,1,1,1,1,-1,1,1,1,1,1,1,1,0,1,-1,0
ayáw,VB,verb,"to have more than enough, to be satiated, to be abundantly fed.",0,Neutral,0,-1,0,0,0,0,0,0,0,0,0,0,0,0,0,0,1,0,0,1,0
ayáw,NN,noun formative,’ayáwan si pédro sang pagká’un.,0,Neutral,0,-1,0,0,-1,-1,1,1,0,0,0,1,0,0,0,0,0,0,0,0,0
áyhan,CC,conjunction,"perhaps, therefore.",0,Neutral,0,0,0,0,0,0,0,0,0,0,0,1,0,0,-1,0,0,0,0,0,0
ayi,NN,noun,spleen,0,Neutral,0,0,0,0,0,0,0,0,0,0,0,0,0,0,0,0,0,0,0,0,0
ayo,NN,noun,a pet name,0,Neutral,0,0,0,0,0,0,0,0,0,0,0,0,0,0,1,0,0,0,0,0,0
ayo,NN,noun,"bargain , discount",0.202,Positive,1,0,1,1,0,1,1,1,1,1,1,1,1,1,-1,1,1,1,1,1,1
ayo,VB,verb,to ask or request,0,Neutral,0,0,0,0,0,0,0,0,0,0,-1,0,0,0,0,0,0,0,0,0,0
aypon,NN,noun,protege,0,Neutral,0,0,0,0,0,0,0,-1,0,0,0,0,0,0,0,0,-1,0,0,0,-1
áyu,VB,verb,"to become well, to fix something to make it work, to become good.",0.612,Positive,1,1,1,1,1,1,1,1,1,-1,1,1,1,1,-1,1,1,1,1,1,1
áyu,JJ,adjective,"fine, good, well.",0.7,Positive,1,1,1,1,1,1,1,1,0,1,1,1,1,1,1,1,1,1,0,1,1
ayuda,NN,noun,"aid , help synonym: bulig",0.402,Positive,1,1,1,1,1,0,-1,1,1,1,1,1,-1,1,1,0,1,1,1,1,1
áyu’,NN,noun,"bargain, discount.",0.202,Positive,1,1,1,1,0,1,0,1,1,1,1,1,1,1,1,1,1,-1,1,1,1
áyu’,VB,verb,"to bargain, to ask for a discount.",0.202,Positive,1,1,1,1,0,1,1,1,-1,1,1,-1,1,1,1,-1,0,1,1,1,1
ba-og,JJ,adjective,"gray , grey",0.052,Positive,1,0,1,1,0,1,1,1,1,0,0,1,1,1,1,1,1,0,-1,-1,1
baak,JJ,adjective,"crushed , broken",-0.71,Negative,-1,-1,-1,-1,-1,-1,-1,0,-1,0,0,-1,-1,1,-1,-1,-1,-1,-1,-1,-1
baak,VB,verb,"to crush , to squeeze",-0.153,Negative,-1,-1,-1,-1,0,-1,-1,1,-1,-1,-1,-1,1,-1,-1,-1,-1,-1,-1,-1,-1
baas,VB,verb,"diminish , lessen",0,Neutral,0,0,0,0,0,0,0,0,0,0,0,0,1,0,0,0,0,0,0,0,0
baba,NN,noun,mouth,0,Neutral,0,0,0,0,0,0,0,0,0,0,0,0,0,0,0,0,1,0,0,0,-1
baba-an,JJ,adjective,glib ; talkative,0,Neutral,0,0,0,0,0,0,0,1,0,0,0,0,0,0,0,0,0,0,0,0,0
babae,NN,noun,"dame , maid , mistress , girl",0,Neutral,0,0,0,0,0,0,0,0,0,0,0,0,0,0,0,0,0,1,0,0,0
babana,NN,noun,soursop,0,Neutral,0,0,0,0,0,0,0,0,0,0,0,0,0,0,0,0,1,0,0,0,0
babaye,NN,noun,female ; woman or girl coordinate term: lalake,0,Neutral,0,0,0,0,0,0,0,0,0,0,0,0,0,-1,0,0,0,0,0,0,1
babayen-on,JJ,adjective,effeminate,0,Neutral,0,0,0,0,0,0,0,0,0,0,0,0,0,0,0,-1,0,0,0,0,0
babayi,NN,noun,alternative form of babaye,0,Neutral,0,0,0,0,0,0,0,0,-1,1,0,1,0,0,0,0,0,0,-1,0,1
babáyi,NN,noun,"female, woman.",0,Neutral,0,0,0,0,0,0,0,0,-1,0,0,0,0,0,-1,0,-1,0,0,0,0
babaylan,NN,noun,"healer , shaman",0,Neutral,0,1,0,0,0,0,1,0,0,0,0,0,1,0,0,0,0,0,1,0,-1
babha,NN,noun,"wound , gash",0,Neutral,0,1,0,0,0,0,0,0,0,1,1,0,0,-1,0,0,0,0,0,1,0
baboy,NN,noun,pig ( mammal of genus sus ) ; swine,0,Neutral,0,0,0,0,0,0,0,0,0,0,0,0,0,0,0,0,-1,-1,0,0,-1
bábuy,NN,noun,"pig, pork.",0,Neutral,0,0,0,0,0,0,0,0,0,0,-1,0,0,0,0,0,0,0,0,1,0
bacolodnon,NN,noun,resident or inhabitant of bacolod,0,Neutral,0,0,0,0,0,0,0,0,0,0,0,0,0,0,0,0,1,0,0,0,0
bacolodnon,JJ,adjective,of or pertaining to bacolod,0,Neutral,0,0,0,0,0,0,0,0,0,0,0,0,1,0,0,0,0,0,0,0,0
badlak,VB,verb,"beam , dazzle , sparkle",0.421,Positive,1,0,1,1,0,1,1,0,1,1,1,0,0,1,1,1,1,1,1,1,1
badlu,NN,noun,phlegm,0,Neutral,0,0,0,0,0,0,0,0,0,0,0,0,0,0,0,0,1,1,0,0,0
bádlung,VB,verb,"to point out a fault or mistake, to correct by telling a person.",-0.625,Negative,-1,0,-1,-1,0,0,0,0,-1,0,-1,-1,1,-1,-1,-1,1,-1,-1,0,-1
bádlu’,NN,noun,phlegm.,0,Neutral,0,0,0,0,0,-1,0,0,0,-1,0,0,1,0,0,1,-1,0,0,0,0
bag-o,JJ,adjective,"new , fresh antonym: daan",0.318,Positive,1,0,1,1,0,1,1,1,1,0,1,1,1,1,1,1,1,1,1,1,1
bag-ohan,NN,noun,beginner,0,Neutral,0,0,0,0,0,0,0,0,-1,0,0,1,0,0,0,0,0,0,0,0,0
baga,NN,noun,"charcoal , cinder , coal , light",0,Neutral,0,0,0,0,0,0,0,0,0,0,0,0,0,0,0,0,0,0,0,0,0
bága,NN,noun,"ember, live coal.",0,Neutral,0,0,0,0,0,0,0,0,0,0,0,0,0,0,0,0,0,0,0,0,0
bagáhe,NN,noun,"luggage, piece of baggage, cargo.",0,Neutral,0,0,0,0,0,0,0,0,0,-1,0,0,0,0,0,0,0,0,0,0,0
bagáng,VB,verb,"to heat, to make red hot.",0,Neutral,0,0,0,0,0,0,0,0,0,0,0,0,1,0,0,0,0,0,1,0,1
bagani,NN,noun,act of heroism,0.586,Positive,1,1,1,1,1,0,1,1,0,0,1,0,1,1,1,1,1,1,1,1,1
baganihan,NN,noun,hero,0.557,Positive,1,1,1,1,1,1,1,1,1,1,1,1,0,1,1,1,0,1,1,1,0
baganíhan,NN,noun,hero.,0.557,Positive,1,1,1,1,1,1,-1,0,-1,0,0,1,1,1,1,1,1,1,1,1,0
bagásu,NN,noun,bagasse.,0,Neutral,0,0,0,0,0,0,0,0,0,0,0,0,0,0,0,0,0,0,1,0,0
bagat-bagat,NN,noun,centipede,0,Neutral,0,0,0,0,0,0,0,0,0,0,0,0,-1,0,0,-1,0,0,0,-1,0
bagatnan,NN,noun,south synonym: habagatnan,0,Neutral,0,0,0,0,0,0,0,0,0,-1,0,0,0,0,-1,0,0,0,0,0,0
bagátnan,NN,noun,south.,0,Neutral,0,0,0,0,0,0,0,1,0,0,0,-1,0,-1,0,0,0,0,0,0,-1
bágay,NN,noun,"thing, idea, notion, effects.",0,Neutral,0,0,0,0,0,0,0,0,-1,-1,0,-1,0,0,0,0,1,0,0,0,1
bágid,VB,verb,"to rub together, to strike together.",-0.128,Negative,-1,0,-1,-1,0,0,-1,-1,-1,-1,-1,-1,0,-1,-1,-1,-1,-1,-1,-1,-1
bágid,JJ,adjective,"of fruits, unripe, nearly ripe.",0,Neutral,0,0,0,0,0,0,0,0,0,0,-1,0,0,0,0,0,1,1,0,0,0
bagis,NN,noun,shark,0,Neutral,0,0,0,0,0,0,0,0,0,0,0,0,-1,0,-1,0,1,0,0,0,0
bagnas,JJ,adjective,unripe,0,Neutral,0,0,0,0,0,0,0,0,0,0,0,0,0,0,-1,0,0,0,0,0,0
bagol,NN,noun,( anatomy ) skull synonym: yubon,0,Neutral,0,0,0,0,0,-1,0,0,0,0,0,0,0,0,-1,0,0,0,0,-1,0
bagol,NN,noun,"any skull -like vessel , such as a rough coconut shell cut in half and used for cleaning",0.103,Positive,1,0,1,1,0,1,1,-1,1,1,1,1,1,1,1,1,0,1,1,1,1
bagol,NN,noun,( figuratively ) brain ; mind synonym: utok,0,Neutral,0,0,0,0,0,0,1,0,1,0,0,0,0,0,0,0,0,0,0,0,0
bagon,NN,noun,wagon,0,Neutral,0,0,0,0,0,0,0,0,0,0,0,0,0,0,0,0,0,0,0,0,0
bagoong,NN,noun,shrimp paste,0,Neutral,0,0,0,0,0,0,0,-1,0,0,0,0,-1,0,-1,0,0,0,0,0,0
bagrong,NN,noun,sound,0,Neutral,0,0,0,0,0,0,0,0,1,0,0,1,-1,0,0,0,0,0,0,0,0
bágrung,NN,noun,"roaring sound, thunderous sound.",0,Neutral,0,0,0,0,0,0,0,0,0,0,0,0,0,1,0,1,0,0,0,0,1
bágrung,VB,verb,"to roar, to thunder, to make a deafening sound.",-0.296,Negative,-1,0,-1,-1,0,-1,-1,-1,-1,-1,-1,-1,-1,-1,0,-1,-1,0,-1,-1,-1
bágrut,VB,verb,to gnash or grind one’s teeth.,0,Neutral,0,0,0,0,0,0,0,0,0,0,0,0,0,0,0,0,0,0,0,0,0
bágsak,NN,noun,bedbug.,0,Neutral,0,0,0,0,0,0,0,0,0,1,0,0,0,0,0,0,-1,0,0,0,0
bagsat,NN,noun,bedbug,0,Neutral,0,0,0,0,0,0,1,0,0,0,0,0,0,0,0,0,0,0,0,1,0
bagting,NN,noun,"chime , ring , toll",0,Neutral,0,0,0,0,0,0,0,0,0,0,0,0,0,0,0,0,0,0,0,0,1
bágting,VB,verb,"to ring a bell, to toll.",0,Neutral,0,0,0,0,0,0,1,0,0,0,1,0,0,-1,0,0,0,0,0,0,0
bagtis,NN,noun,mudfish,0,Neutral,0,0,0,0,0,1,0,0,0,0,-1,0,0,0,0,0,1,0,0,0,0
bágtung,VB,verb,to wrap in a bundle especially with a woven cloth.,0,Neutral,0,0,0,0,0,1,0,0,0,0,0,0,0,0,0,0,1,0,0,0,0
bágu,RB,adverb,before.,0,Neutral,0,0,0,0,0,0,0,0,0,0,0,0,-1,1,0,0,0,0,0,-1,0
bagúl,NN,noun,hard shell of the coconut.,-0.103,Negative,-1,0,-1,-1,0,0,-1,0,-1,1,-1,-1,-1,1,-1,-1,-1,-1,-1,-1,-1
bagyo,NN,noun,tropical cyclone,0,Neutral,0,-1,0,0,-1,-1,0,0,0,0,0,0,1,0,0,0,1,0,0,-1,0
bagyo,NN,noun,typhoon,0,Neutral,0,-1,0,0,-1,0,0,0,0,1,-1,0,0,0,0,0,0,1,0,0,0
bagyo,NN,noun,storm,0,Neutral,0,-1,0,0,-1,0,1,0,0,0,0,0,1,0,0,0,0,-1,0,0,0
bágyu,NN,noun,"rainstorm, typhoon, hurricane.",0,Neutral,0,-1,0,0,-1,0,0,0,0,0,0,0,0,0,0,0,0,-1,0,0,0
bágyu,VB,verb,"to be stormy, to be forceful.",0,Neutral,0,-1,0,0,-1,0,0,0,0,0,0,0,0,-1,0,0,0,0,0,-1,0
bág’u,JJ,adjective,"new, recent, unfamiliar, novel.",0.318,Positive,1,1,1,1,1,1,1,1,0,1,1,1,1,0,1,-1,1,1,1,0,0
bág’u,VB,verb,"to make new, to change, to renew.",0,Neutral,0,1,0,0,1,0,0,0,0,1,0,0,0,0,0,0,0,0,0,0,0
baha,NN,noun,flood,0,Neutral,0,-1,0,0,-1,0,0,0,1,0,0,0,-1,0,0,0,1,0,0,0,0
bahála’,VB,verb,to be responsible for.,0.318,Positive,1,1,1,1,1,0,1,1,1,1,1,-1,1,1,1,1,1,1,1,0,1
bahaw,JJ,adjective,( of food ) cold,0,Neutral,0,0,0,0,0,0,0,0,0,0,0,0,1,0,0,0,0,0,-1,0,0
bahaw,NN,noun,cold rice,0,Neutral,0,0,0,0,0,0,-1,0,0,0,0,0,0,1,0,1,0,0,0,0,-1
bahawbahaw,NN,noun,ant,0,Neutral,0,0,0,0,0,0,0,0,0,0,0,0,0,0,0,0,0,1,0,1,0
bahá’,NN,noun,flood.,0,Neutral,0,-1,0,0,-1,0,0,0,0,0,0,1,0,0,0,0,0,-1,0,0,0
bahá’,VB,verb,to cover with a flood.,0,Neutral,0,0,0,0,0,0,0,0,0,0,0,0,0,1,0,-1,0,0,-1,0,0
báhin,NN,noun,"part, chapter, share.",0.296,Positive,1,0,1,1,0,1,1,1,1,1,1,1,1,0,1,1,1,-1,1,1,1
báhin,VB,verb,"to divide, to deal with‚ to make small parts of.",0,Neutral,0,0,0,0,0,0,0,0,0,0,0,0,0,0,0,0,0,0,0,0,0
báhit,VB,verb,to take something out from the fire.,-0.34,Negative,-1,-1,-1,-1,0,-1,-1,0,-1,-1,-1,0,-1,-1,-1,1,-1,-1,-1,-1,-1
bahol,JJ,adjective,"odor , smell , stink",-0.402,Negative,-1,0,-1,-1,0,0,-1,-1,-1,-1,-1,-1,-1,-1,-1,-1,-1,-1,-1,-1,-1
bahon,VB,verb,to sneeze,0,Neutral,0,0,0,0,0,0,0,0,0,0,0,0,0,-1,0,0,0,0,0,0,-1
bahoy,NN,noun,"witch , sorceress",-0.361,Negative,-1,0,-1,-1,0,-1,-1,-1,-1,-1,-1,0,-1,-1,-1,-1,-1,-1,-1,-1,1
bahoy,VB,verb,to enchant or cast a spell upon someone,0,Neutral,0,0,0,0,0,0,0,0,0,1,0,0,0,0,0,0,0,0,0,0,0
báhu,NN,noun,"of music, bass.",0,Neutral,0,0,0,0,0,0,0,1,0,0,0,0,-1,0,0,0,0,1,0,0,-1
bahúg,NN,noun,food for pigs.,0,Neutral,0,0,0,0,0,0,0,0,0,0,0,0,0,0,0,1,0,0,0,0,0
bahúg,VB,verb,"of animals, to feed swine, or any animal; of people, to eat mixed foods simultaneously.",0,Neutral,0,0,0,0,0,0,0,0,0,0,1,1,-1,0,0,0,0,0,0,0,0
bahúl,JJ,adjective,"coarse, loose or rough texture.",-0.318,Negative,-1,0,-1,-1,0,0,-1,-1,1,1,-1,-1,-1,-1,-1,-1,-1,-1,-1,-1,-1
bahún,NN,noun,sneeze.,0,Neutral,0,0,0,0,0,0,0,0,0,0,0,0,-1,0,0,0,0,0,0,0,0
bahún,VB,verb,to sneeze.,0,Neutral,0,0,0,0,0,0,0,0,0,1,0,-1,0,0,0,1,-1,1,0,-1,0
báhu’,NN,noun,"smell, odor, stink.",-0.402,Negative,-1,-1,-1,-1,-1,-1,-1,0,-1,0,-1,-1,-1,-1,-1,-1,-1,-1,-1,-1,1
báhu’,JJ,adjective,"odorous, pungent, acrid smelling, stinking.",-0.527,Negative,-1,-1,-1,-1,-1,-1,-1,-1,-1,-1,-1,-1,-1,-1,1,-1,-1,-1,-1,0,-1
bailo,VB,verb,"change , barter , swap",0,Neutral,0,0,0,0,0,0,0,0,-1,0,0,0,0,0,0,0,0,0,0,0,0
bairan,NN,noun,whetstone,0,Neutral,0,0,0,0,0,0,1,0,0,0,1,0,0,0,0,0,1,0,1,0,0
bais,VB,verb,sharpen,0,Neutral,0,0,0,0,0,0,0,0,0,0,0,0,0,1,1,0,0,0,0,0,1
baka,NN,noun,"cow , bull , ox",0,Neutral,0,0,0,0,0,0,0,0,0,0,0,0,0,0,0,0,0,0,0,0,0
báka,NN,noun,"cow, beef.",0,Neutral,0,0,0,0,0,0,-1,0,0,0,0,-1,0,0,0,0,0,0,0,0,-1
bakág,VB,verb,"to get annoyed, to lose one’s patience.",-0.649,Negative,-1,-1,-1,-1,-1,-1,-1,-1,-1,0,-1,-1,-1,-1,-1,-1,-1,-1,-1,-1,-1
bakal,VB,verb,to buy ; to purchase ; to shop,0,Neutral,0,0,0,0,0,0,0,0,0,0,0,0,0,0,0,0,1,0,0,0,0
bakál,VB,verb,"to buy, to purchase.",0,Neutral,0,0,0,0,0,0,1,0,-1,0,0,0,0,-1,0,0,0,0,0,0,0
bakalaw,NN,noun,codfish,0,Neutral,0,0,0,0,0,0,0,1,0,0,1,0,0,0,1,0,0,0,0,0,0
bakasyón,NN,noun,"vacation, leisure trip.",0,Neutral,0,0,0,0,0,0,-1,0,0,0,1,0,0,0,0,0,0,0,0,0,0
bakasyón,VB,verb,"to take a vacation, to go on a trip.",0,Neutral,0,0,0,0,0,0,0,0,0,-1,0,0,0,1,0,0,1,0,1,-1,0
baká’,JJ,adjective,"bow-legged, walking as if under a strain.",-0.052,Negative,-1,0,-1,-1,0,0,1,-1,-1,1,-1,-1,-1,-1,-1,-1,-1,0,-1,-1,-1
baká’,VB,verb,to walk under weight.,0,Neutral,0,0,0,0,0,0,0,0,0,-1,0,0,0,0,0,0,0,0,0,0,0
bákbak,VB,verb,to strip off.,0,Neutral,0,0,0,0,0,0,0,0,0,0,1,0,0,0,0,0,0,0,0,0,-1
bákhaw,NN,noun,mangrove.,0,Neutral,0,0,0,0,0,0,0,0,0,0,0,0,0,-1,0,0,1,0,0,0,0
bákhu’,VB,verb,"to sigh, to moan, to lament.",-0.542,Negative,-1,-1,-1,-1,-1,-1,-1,-1,-1,-1,-1,1,-1,-1,-1,1,-1,-1,0,-1,-1
báknal,JJ,adjective,"burdensome, onerous, bulky.",-0.421,Negative,-1,-1,-1,-1,-1,-1,-1,-1,-1,-1,-1,-1,-1,-1,-1,1,-1,-1,-1,-1,0
báknit,VB,verb,"to nudge, to pinch, to pluck.",0,Neutral,0,0,0,0,0,1,0,0,0,0,0,0,0,0,0,0,0,0,0,0,0
bakolod,NN,noun,hill ; hillock ; mound ; slope,0,Neutral,0,0,0,0,0,0,0,0,0,0,0,0,-1,0,-1,0,0,0,0,0,0
bakud,NN,noun,"strength synonyms: baskug , bukud , kusug , pag-un",0.494,Positive,1,0,1,1,0,1,1,0,-1,1,1,1,-1,1,1,1,1,1,1,1,1
bakud,NN,noun,stiffness synonym: tiskug,0,Neutral,0,0,0,0,0,0,1,0,0,0,0,1,0,0,0,0,0,0,0,0,0
bákud,JJ,adjective,"strong, stiff.",0.511,Positive,1,1,1,1,1,1,-1,1,1,1,1,1,1,1,1,1,1,1,1,1,0
bákud,VB,verb,"to become strong, to stiffen.",0.511,Positive,1,1,1,1,1,1,1,1,-1,1,1,0,1,1,1,1,1,1,-1,1,-1
bákul,VB,verb,to beat or baffle with blows using a piece of wood or a piece of metal.,0,Neutral,0,0,0,0,0,0,0,0,0,0,0,0,0,0,0,0,0,0,0,0,0
bakúlud,NN,noun,"slope, hill.",0,Neutral,0,0,0,0,0,0,0,0,0,0,0,0,0,0,1,0,0,0,0,0,0
bakúna,NN,noun,vaccination.,0,Neutral,0,0,0,0,0,0,0,0,0,0,0,0,0,0,0,0,0,1,0,0,0
bakúna,VB,verb,to vaccinate.,0,Neutral,0,0,0,0,0,0,0,0,0,0,0,1,0,0,0,0,0,0,1,0,0
bakyas,JJ,adjective,"( of soil ) rocky , stony , barren",0,Neutral,0,0,0,0,0,0,0,0,-1,0,0,1,0,0,0,0,0,1,0,0,-1
bakyas,NN,noun,"stone , rock",0,Neutral,0,0,0,0,0,-1,0,0,0,0,0,1,0,0,0,0,0,0,0,0,0
bal-ag,NN,noun,a metal file,0,Neutral,0,0,0,0,0,0,0,1,0,0,0,0,0,0,0,0,0,1,0,0,0
balá,RP,particle,question particle to express doubt or uncertainty; tag question particle.,-0.599,Negative,-1,0,-1,-1,0,-1,-1,-1,1,-1,-1,1,-1,-1,-1,-1,1,-1,-1,-1,-1
bála,NN,noun,bullet.,0,Neutral,0,0,0,0,0,0,0,0,0,1,0,1,0,0,0,0,0,0,-1,0,0
balaan,JJ,adjective,"divine , holy , pious , upright , virtuous",0.791,Positive,1,1,1,1,1,1,1,1,1,1,1,1,1,1,1,1,1,1,1,-1,1
balaanon,JJ,adjective,"( religion ) saintly , blessed , holy",0.599,Positive,1,1,1,1,1,1,1,1,1,1,1,1,1,1,1,-1,1,1,1,1,1
balaanon,JJ,adjective,"happy , beatific",0.758,Positive,1,1,1,1,1,1,1,1,1,1,1,1,1,1,1,1,0,1,1,-1,1
balaba,NN,noun,rattan,0,Neutral,0,0,0,0,0,0,-1,0,0,0,0,0,0,0,-1,0,0,0,0,0,0
balabag,NN,noun,impediment,0,Neutral,0,0,0,0,0,0,1,0,0,0,0,0,0,0,0,0,0,-1,0,0,0
balábag,VB,verb,"to frustrate, to block, to lay across as of a log.",-0.71,Negative,-1,1,-1,-1,-1,-1,-1,0,-1,1,1,-1,1,-1,-1,1,-1,-1,-1,-1,-1
balabaw,NN,noun,"mouse ; rat synonyms: ambaw , ilaga",0,Neutral,0,0,0,0,0,0,0,0,0,-1,0,0,0,-1,0,0,0,0,0,0,0
balagon,NN,noun,vine,0,Neutral,0,0,0,0,0,0,0,0,0,1,0,0,1,0,0,-1,0,0,0,0,0
balágun,NN,noun,"vine, climbing plant.",0,Neutral,0,0,0,0,0,0,0,1,0,0,0,0,0,0,0,0,0,-1,0,1,1
balahibo,NN,noun,body hair,0,Neutral,0,0,0,0,0,0,0,0,0,0,0,0,0,0,0,0,0,0,-1,0,0
balahibo,NN,noun,fur,0,Neutral,0,0,0,0,0,0,1,0,0,0,0,0,0,0,0,0,0,0,0,0,0
balahibo,NN,noun,feathers synonym: balukag,0,Neutral,0,0,0,0,0,-1,0,1,0,0,0,-1,0,0,0,0,0,0,-1,-1,0
balahibo sang hayop,NN,noun,"fur , sable",0,Neutral,0,0,0,0,0,0,0,0,0,0,0,0,0,0,0,0,0,0,0,0,1
balahíbu,NN,noun,"of animals, fur; of people, skin hair.",0,Neutral,0,0,0,0,0,0,0,0,0,0,0,0,-1,-1,0,-1,0,0,-1,0,0
baláka,VB,verb,"to feel concerned about something or somebody, to worry.",-0.44,Negative,-1,0,-1,-1,0,0,-1,-1,-1,-1,-1,-1,-1,-1,1,-1,-1,-1,-1,-1,-1
balaklon,NN,noun,"commodities , goods , wares",0,Neutral,0,0,0,0,0,0,0,0,1,0,0,0,0,0,0,0,0,0,0,0,1
balaligya,NN,noun,"commodities , goods , merchandise",0,Neutral,0,0,0,0,0,0,0,0,0,0,0,0,-1,0,1,0,0,1,0,0,0
balanak,NN,noun,( a kind of fish ) mullet,0,Neutral,0,0,0,0,0,0,0,0,0,0,0,0,0,0,0,0,0,0,0,0,0
balának,NN,noun,mullet.,0,Neutral,0,0,0,0,0,0,0,0,0,0,0,0,0,0,0,1,0,1,0,0,-1
balangaw,NN,noun,rainbow,0,Neutral,0,0,0,0,0,1,0,0,0,0,0,-1,0,0,0,0,-1,0,0,0,0
balangáw,NN,noun,rainbow.,0,Neutral,0,0,0,0,0,0,0,0,-1,0,0,0,0,0,0,0,0,0,0,0,0
balangitaw,NN,noun,"( animal ) alligator , crocodile",0,Neutral,0,0,0,0,0,0,0,0,0,0,0,0,0,0,0,0,1,0,0,0,0
balani,NN,noun,"magnet , magnetism",0,Neutral,0,0,0,0,0,0,0,0,0,0,0,0,0,-1,0,0,0,0,1,0,0
balanion,JJ,adjective,magnetic,0,Neutral,0,0,0,0,0,0,0,0,0,0,-1,0,0,0,1,0,0,-1,0,0,0
balánse,VB,verb,"to balance, to shift, to bring to a state of equipoise or stability.",0,Neutral,0,0,0,0,0,0,0,0,0,0,0,0,0,0,0,0,0,0,0,0,0
balaod,NN,noun,dysentery,0,Neutral,0,0,0,0,0,0,0,0,0,0,-1,0,0,0,0,0,0,0,0,0,0
balas,NN,noun,sand,0,Neutral,0,0,0,0,0,0,0,-1,0,0,0,1,0,0,0,0,0,0,0,0,0
balás,NN,noun,sand.,0,Neutral,0,0,0,0,0,-1,0,0,0,0,0,0,0,0,0,0,0,0,0,0,1
balása,VB,verb,"to shuffle, to mix up as of cards.",0,Neutral,0,0,0,0,0,0,-1,0,0,0,0,0,0,0,0,0,0,-1,0,0,1
balason,JJ,adjective,sandy,0,Neutral,0,0,0,0,0,0,-1,0,1,0,0,0,-1,0,0,0,-1,1,0,0,0
balasubas,JJ,adjective,"( money ) broke , short of cash",-0.421,Negative,-1,-1,-1,-1,-1,-1,-1,-1,-1,-1,-1,-1,-1,0,-1,-1,-1,1,-1,-1,0
balasubas,JJ,adjective,"( of manual work ) careless , botched",-0.361,Negative,-1,-1,-1,-1,-1,-1,-1,-1,-1,0,-1,-1,-1,-1,-1,-1,1,0,-1,-1,-1
balasúbas,JJ,adjective,"rowdy, rude, good-for-nothing, inconsiderate.",-0.71,Negative,-1,-1,-1,-1,-1,-1,-1,-1,-1,-1,-1,-1,-1,-1,0,-1,-1,-1,-1,-1,-1
balataan,NN,noun,"( anatomy ) uterus , womb",0,Neutral,0,0,0,0,0,0,0,0,0,0,0,0,0,0,0,0,0,-1,0,0,1
balatas,NN,noun,galaxy,0,Neutral,0,0,0,0,0,0,0,0,0,0,-1,0,0,0,1,-1,0,0,0,0,0
balatian,NN,noun,"disease , illness , sickness",-0.402,Negative,-1,-1,-1,-1,-1,-1,-1,1,-1,-1,-1,1,-1,-1,-1,1,-1,-1,1,1,-1
balatian,VB,verb,"to have a disease , to be ill",-0.421,Negative,-1,-1,-1,-1,-1,-1,1,-1,-1,0,-1,-1,-1,-1,0,-1,-1,-1,0,1,-1
balatí’an,NN,noun,"disease, illness, feeling, physical condition.",-0.296,Negative,-1,-1,-1,-1,-1,-1,1,-1,-1,-1,-1,0,0,-1,-1,-1,-1,-1,-1,-1,-1
balatí’an,VB,verb,"to suffer from a disease, to be sick.",-0.778,Negative,-1,-1,-1,-1,-1,-1,-1,0,-1,-1,-1,0,-1,-1,-1,-1,-1,1,-1,-1,-1
balatong,NN,noun,yardlong bean,0,Neutral,0,0,0,0,0,0,0,0,0,-1,0,0,0,0,0,0,0,0,0,0,0
balatong,NN,noun,vegetables synonym: utan,0,Neutral,0,0,0,0,0,0,0,0,1,0,0,0,0,0,0,0,0,1,0,0,0
balaw,NN,noun,"asphalt , pitch , resin , tar",0,Neutral,0,0,0,0,0,0,0,0,1,0,0,0,0,-1,0,0,-1,0,0,0,0
balaw,RP,particle,"( interrogative ) questions listener's thoughts or opinions, often in a conditional sense",0,Neutral,0,0,0,0,0,0,0,0,0,0,0,0,0,0,0,0,0,0,0,0,0
balay,NN,noun,"home , house",0,Neutral,0,0,0,0,0,0,0,0,0,0,0,1,0,0,0,0,-1,0,-1,1,0
balay,NN,noun,building,0,Neutral,0,0,0,0,0,0,1,0,0,-1,0,0,0,0,1,0,-1,-1,1,0,0
baláy,NN,noun,"house, home, dwelling, building.",0.026,Neutral,0,0,1,0,0,1,0,0,0,0,0,-1,0,0,0,0,0,0,0,0,0
baláy,VB,verb,"to build a house, to put up a house or building.",0,Neutral,0,0,0,0,0,0,-1,0,0,0,0,0,0,0,0,0,0,0,0,0,0
balayan sang sinulatan ukon dinalan,NN,noun,syntax,0,Neutral,0,0,0,0,0,0,0,0,0,0,0,0,0,0,0,0,-1,0,0,0,0
bálaybálay,NN,noun,playhouse.,0,Neutral,0,0,0,0,0,0,0,0,0,0,-1,0,0,0,1,0,0,0,0,0,0
bálaybálay,VB,verb,to go from one house to another.,0,Neutral,0,0,0,0,0,0,0,0,0,0,0,0,0,0,0,0,0,0,0,0,0
baláybay,NN,noun,"verse, recitation, rhyme, poetry.",0,Neutral,0,0,0,0,0,0,0,0,0,0,0,1,0,0,1,1,0,0,0,0,0
balaynon,JJ,adjective,"domestic , homely",0,Neutral,0,0,0,0,0,0,0,0,0,0,0,0,0,0,0,0,0,0,1,0,0
balá’an,JJ,adjective,"divine, godlike, heavenly.",0.823,Positive,1,0,1,1,1,0,1,1,1,1,1,1,1,1,1,1,1,1,1,1,1
balbolá,NN,noun,valve.,0,Neutral,0,0,0,0,0,0,0,0,0,0,0,0,0,0,1,-1,1,0,1,0,0
bálda,NN,noun,"pain, sickness, ache, soreness.",-0.71,Negative,-1,-1,-1,-1,-1,-1,-1,-1,-1,-1,-1,1,-1,-1,-1,1,-1,-1,-1,-1,-1
bálda,JJ,adjective,"paralytic, sickly, low resistance against illness.",-0.586,Negative,-1,-1,-1,-1,-1,-1,-1,-1,-1,-1,-1,-1,-1,1,1,0,-1,-1,-1,-1,-1
baldado,JJ,adjective,"crippled , handicapped , maimed",0,Neutral,0,0,0,0,0,0,0,0,0,0,0,-1,0,0,0,0,0,0,0,0,0
balde,NN,noun,"bucket , pail",0,Neutral,0,0,0,0,0,0,0,0,1,0,0,0,0,1,0,0,0,0,0,0,0
báldi,NN,noun,"bucket, pail.",0,Neutral,0,0,0,0,0,0,0,-1,0,0,-1,0,1,0,0,0,0,0,1,-1,0
baldúsa,NN,noun,"concrete pavement, cemented floor.",0,Neutral,0,0,0,0,0,0,0,-1,0,0,0,0,0,0,0,-1,0,0,0,0,0
bále,VB,verb,"to be about, to amount to, to equal to.",0,Neutral,0,0,0,0,0,0,0,0,0,0,0,0,0,0,0,0,1,-1,0,0,0
baleu,VB,verb,to change ; to transform ; to transmogrify,0,Neutral,0,0,0,0,0,0,1,0,0,0,0,0,0,0,0,0,0,0,0,0,0
balhag,JJ,adjective,"printed , published",0,Neutral,0,0,0,0,0,0,0,0,0,1,1,0,0,0,0,0,1,0,0,0,0
balhag,VB,verb,"print , publish",0,Neutral,0,0,0,0,0,0,0,0,0,-1,0,0,0,0,0,1,0,0,0,0,0
balhas,NN,noun,sweat,0,Neutral,0,0,0,0,0,0,1,0,0,0,0,0,0,0,0,-1,0,0,0,0,-1
balhas,VB,verb,to sweat,0,Neutral,0,0,0,0,0,0,0,0,0,0,-1,1,0,0,0,0,0,0,0,0,1
bálhas,NN,noun,"perspiration, sweat, condensation.",0,Neutral,0,0,0,0,0,0,0,0,0,-1,0,0,0,0,1,0,0,0,0,1,-1
bálhas,VB,verb,"to perspire, to sweat.",0,Neutral,0,0,0,0,0,0,0,0,0,0,0,1,0,0,-1,1,0,0,0,0,0
balhin,VB,verb,"alter , change , transform",0,Neutral,0,0,0,0,0,0,-1,0,0,0,-1,0,-1,0,0,0,0,0,0,0,0
bálhin,VB,verb,"to change, to exchange.",0,Neutral,0,0,0,0,0,0,0,0,0,0,0,-1,-1,0,0,1,0,0,0,0,-1
bali,JJ,adjective,broken,-0.477,Negative,-1,-1,-1,-1,-1,-1,-1,-1,-1,1,0,-1,-1,-1,-1,-1,-1,-1,-1,-1,-1
bali,VB,verb,break,0,Neutral,0,0,0,0,0,0,0,-1,0,0,0,0,0,0,0,0,0,0,1,0,-1
balibad,NN,noun,"excuse , pretext",0.077,Positive,1,0,1,1,0,0,1,1,1,1,1,1,0,1,1,1,1,1,1,1,-1
balíbad,NN,noun,"excuse, reason, refusal.",0.077,Positive,1,0,1,1,0,0,1,0,-1,1,1,1,1,-1,1,1,1,1,1,0,1
balíbad,VB,verb,"to find an excuse, to give a reason, to refuse.",-0.226,Negative,-1,0,-1,-1,0,-1,-1,-1,-1,0,-1,-1,-1,-1,-1,-1,1,-1,-1,-1,-1
balidha,NN,noun,law ; legislation,0,Neutral,0,0,0,0,0,0,-1,0,0,0,0,0,0,-1,0,0,1,0,0,0,0
baligya,NN,noun,sale,0,Neutral,0,0,0,0,0,0,0,0,0,0,0,0,1,0,0,0,0,0,0,-1,0
baligya,VB,verb,sell,0,Neutral,0,0,0,0,0,0,0,0,0,-1,0,-1,-1,0,0,0,0,0,0,0,1
balígya’,NN,noun,goods for sale.,0,Neutral,0,0,0,0,0,0,0,0,0,1,0,0,0,0,0,1,-1,0,1,0,0
balígya’,VB,verb,"to sell, to dispose of by sale.",0,Neutral,0,0,0,0,0,1,0,0,0,0,-1,0,0,0,0,0,0,0,0,0,0
balihawog,NN,noun,"bolt , latch",0,Neutral,0,0,0,0,0,0,0,0,0,-1,0,-1,0,-1,0,-1,0,1,0,0,0
balík,VB,verb,"to come back, to return, to retrace one’s steps.",0,Neutral,0,0,0,0,0,0,0,0,0,0,0,0,0,0,1,-1,0,0,0,0,0
balikawang,NN,noun,"haunch , hip , loins",0,Neutral,0,0,0,0,0,0,0,0,0,0,0,0,0,0,-1,0,0,0,0,0,0
balikawáng,NN,noun,hip.,0,Neutral,0,0,0,0,0,0,0,0,0,0,0,0,0,0,0,0,0,0,0,-1,0
balikíd,VB,verb,"to turn one’s head to look back, to turn over to the other side in a lying position.",-0.527,Negative,-1,0,-1,-1,0,0,0,-1,-1,-1,-1,-1,-1,-1,-1,0,0,0,-1,-1,-1
baliko,NN,noun,arch,0,Neutral,0,0,0,0,0,0,0,0,0,0,0,0,0,0,-1,0,0,1,-1,0,0
baliko,NN,noun,shape of an arch,0,Neutral,0,0,0,0,0,0,0,0,0,0,0,0,0,0,0,0,0,0,0,1,1
balingon,NN,noun,anchovy,0,Neutral,0,0,0,0,0,0,0,0,0,0,0,0,0,0,0,0,0,0,0,0,0
balingon,NN,noun,fish dried in the sun,0,Neutral,0,0,0,0,0,0,0,0,0,0,0,0,1,-1,0,0,0,0,0,0,0
balisbisan,NN,noun,eaves,0,Neutral,0,0,0,0,0,0,0,0,0,0,0,0,0,0,0,0,0,-1,0,0,0
balising,NN,noun,cross-eyed squint,0,Neutral,0,0,0,0,0,0,0,0,0,0,0,0,0,0,0,0,0,0,1,0,0
balískad,VB,verb,"to turn upside down, to invert, to turn over.",0,Neutral,0,0,0,0,0,-1,0,0,0,0,0,0,0,0,1,0,0,0,0,0,0
baliskag,NN,noun,vertebra ; spine,0,Neutral,0,0,0,0,0,0,0,0,0,0,0,1,0,0,0,-1,0,0,1,0,0
balíswa’,VB,verb,"to turn over, to turn upside down, to invert.",0,Neutral,0,0,0,0,0,0,0,1,0,-1,0,0,0,0,0,0,0,0,0,0,0
balita,NN,noun,"information , news",0,Neutral,0,0,0,0,0,0,0,0,0,0,0,0,0,1,0,0,0,0,-1,0,0
balita,VB,verb,"to inform , proclaim",0,Neutral,0,1,0,0,0,1,0,0,-1,1,0,0,0,0,1,0,0,0,0,0,0
balitadhan,NN,noun,honeysuckle,0,Neutral,0,0,0,0,0,0,1,0,0,-1,0,0,0,0,0,0,-1,0,0,0,0
balíta’,NN,noun,"news, report.",0,Neutral,0,1,0,0,0,0,1,0,0,0,0,0,0,0,-1,-1,0,1,0,0,0
balíta’,VB,verb,"to inform, to tell the news, to report.",0,Neutral,0,1,0,0,0,0,0,0,0,0,0,0,0,0,0,0,0,0,1,0,0
balí’,NN,noun,"fracture, break.",0,Neutral,0,-1,0,0,-1,0,0,0,0,0,0,0,0,0,-1,1,1,0,0,0,0
balí’,JJ,adjective,"broken, fractured.",-0.477,Negative,-1,-1,-1,-1,-1,-1,-1,-1,-1,-1,-1,-1,-1,-1,-1,-1,1,-1,-1,-1,-1
balí’,VB,verb,"to break, to fracture, to rapture.",0.153,Positive,1,-1,1,1,-1,1,1,1,1,1,1,1,1,1,1,1,1,1,1,1,1
balod,NN,noun,wave,0,Neutral,0,0,0,0,0,0,0,0,0,0,0,0,0,1,0,0,0,0,0,0,0
balong,JJ,adjective,drunk ; intoxicated synonym: hubog,-0.34,Negative,-1,-1,-1,-1,-1,-1,-1,-1,-1,-1,-1,-1,-1,-1,-1,-1,-1,-1,-1,-1,-1
balota,NN,noun,ballot,0,Neutral,0,0,0,0,0,0,0,0,0,1,0,0,0,0,1,-1,0,0,0,-1,0
balotanog,JJ,adjective,"insufficient , unsatisfactory",0,Neutral,0,0,0,0,-1,0,1,0,0,0,0,0,0,0,0,0,-1,0,0,0,0
balotanog,JJ,adjective,"parboiled , underdone , undercooked",0,Neutral,0,0,0,0,0,0,0,-1,0,0,0,0,0,0,0,0,0,0,0,0,0
bálsa,NN,noun,"raft, ferry, a native raft made of tied bamboo trunks.",0,Neutral,0,0,0,0,0,0,0,0,0,0,1,0,-1,0,0,0,-1,0,-1,0,0
balsamo,NN,noun,"balm , balsam (clarification of this definition is needed)",0,Neutral,0,0,0,0,0,0,0,0,-1,0,0,0,0,0,0,0,0,0,1,0,0
bálu,NN,noun,"widow, widower.",0,Neutral,0,0,0,0,0,0,0,0,-1,0,0,1,0,0,0,0,0,0,0,0,0
balúd,NN,noun,ocean wave.,0,Neutral,0,0,0,0,0,0,0,0,0,-1,0,0,0,-1,0,1,0,0,0,0,0
balúd,JJ,adjective,"rough seas, wavy.",0,Neutral,0,0,0,0,0,0,0,0,0,0,0,0,0,0,-1,0,0,0,0,0,-1
bálun,NN,noun,"provisions, a stock of needed materials or supplies collected beforehand.",0,Neutral,0,0,0,0,0,0,0,1,0,0,0,0,0,0,0,0,0,1,0,0,-1
bálun,VB,verb,"to take provisions along, to bring money or food on a trip.",0,Neutral,0,0,0,0,0,0,0,0,-1,0,0,-1,0,0,-1,0,0,1,0,0,0
balung,JJ,adjective,alternative spelling of balong ( “ drunk; intoxicated ” ),-0.34,Negative,-1,0,-1,-1,0,-1,-1,0,0,-1,-1,-1,-1,-1,-1,-1,1,1,-1,-1,-1
balunggay,NN,noun,"a type of tree , the malunggay or horseradish tree , moringa oleifera",0,Neutral,0,0,0,0,0,0,0,0,0,0,0,0,0,0,0,0,0,-1,0,0,0
bálus,NN,noun,"answer, reply, revenge, reprisal, reward, vendetta.",0.077,Positive,1,0,1,1,0,0,-1,1,1,1,1,1,1,1,1,1,-1,1,1,1,-1
bálus,VB,verb,"to answer, to reply, to strike back, to take revenge on.",-0.599,Negative,-1,0,-1,-1,-1,0,-1,-1,-1,-1,1,0,-1,-1,-1,-1,-1,-1,-1,-1,1
balúskay,VB,verb,"to rummage, to make a thorough search.",0,Neutral,0,0,0,0,0,0,0,0,0,0,0,0,0,-1,0,0,0,0,0,-1,0
balút,NN,noun,"unhatched embryo of duck or chicken, boiled and eaten as a delicacy.",0,Neutral,0,0,0,0,0,0,0,0,0,0,0,0,0,1,0,0,0,0,0,0,-1
balúta,NN,noun,ballot.,0,Neutral,0,0,0,0,0,0,-1,0,0,0,0,-1,0,0,0,1,0,0,0,0,0
baluyot,NN,noun,sack ; bag ; pouch ; wallet,0,Neutral,0,0,0,0,0,0,0,0,0,0,0,0,0,0,1,0,0,0,1,0,0
balú’,NN,noun,"knot, loop, bow.",0,Neutral,0,0,0,0,0,0,-1,0,-1,0,0,0,0,0,0,-1,0,1,0,0,0
balú’,VB,verb,"to entwine, to knot, to tie in a loop or bow.",0,Neutral,0,0,0,0,0,0,-1,-1,0,0,0,0,0,0,0,-1,0,0,0,0,0
balyéna,NN,noun,whale.,0,Neutral,0,0,0,0,0,0,0,0,0,0,0,0,-1,0,0,0,0,0,0,0,0
bál’ag,VB,verb,"to file, to rub and make smooth with a file.",0,Neutral,0,0,0,0,0,0,0,0,0,0,0,0,0,0,0,0,0,-1,0,0,0
bana,NN,noun,husband,0,Neutral,0,0,0,0,0,0,0,0,0,0,0,1,-1,0,0,0,0,-1,1,0,0
bana,NN,noun,"opinion , guess , thought",0,Neutral,0,0,0,0,0,1,-1,-1,0,0,0,0,0,0,0,0,0,0,1,0,0
bána,NN,noun,husband.,0,Neutral,0,0,0,0,0,0,0,0,0,0,-1,0,0,0,0,0,0,0,0,0,0
banaag,NN,noun,gleam,0,Neutral,0,0,0,0,0,0,0,0,-1,0,0,0,0,0,0,0,0,0,1,-1,0
banaag,NN,noun,daybreak,0,Neutral,0,0,0,0,0,0,0,0,0,0,1,0,1,0,0,0,0,0,0,0,0
banag-banag,NN,noun,"dawn , daybreak",0,Neutral,0,0,0,0,0,0,0,0,0,0,0,0,0,0,0,0,0,0,-1,0,1
banag-banag,NN,noun,morning (obsolete),-0.296,Negative,-1,0,-1,-1,0,0,-1,-1,-1,-1,-1,-1,-1,-1,-1,-1,-1,-1,-1,-1,-1
banas,NN,noun,path ; trail ; lane synonym: dalan,0,Neutral,0,0,0,0,0,0,0,0,-1,0,0,0,0,0,0,0,0,0,0,0,-1
banás,NN,noun,"path, a footpath through uncleared areas.",0,Neutral,0,0,0,0,0,0,0,0,0,0,1,0,0,0,0,0,0,0,-1,0,0
banas sa higad sang suba,NN,noun,riverside nagaistar ako banas sa higad sang suba . i live by the riverside.,0,Neutral,0,0,0,0,0,0,0,0,0,0,0,0,-1,0,0,1,-1,0,0,0,0
baná’ag,NN,noun,"dawn, early morning, rays of the sun.",0,Neutral,0,0,0,0,0,0,0,0,0,0,0,0,0,0,0,0,0,-1,0,0,0
banda,NN,noun,strap,0,Neutral,0,0,0,0,0,-1,0,0,0,0,0,0,0,0,0,0,1,0,0,0,0
bánda,NN,noun,"cord or strip of material serving chiefly for decoration, a music band or group of musicians organized for playing together.",0.202,Positive,1,0,1,1,0,1,1,1,1,1,1,1,1,1,1,0,1,1,1,1,1
bandeha,NN,noun,"platter , plate",0,Neutral,0,0,0,0,0,0,0,-1,0,0,0,0,0,0,0,0,0,0,1,0,0
bandehado,NN,noun,platter,0,Neutral,0,0,0,0,0,0,0,0,0,0,0,0,0,0,0,0,0,0,0,0,0
bandehádo,NN,noun,platter.,0,Neutral,0,0,0,0,0,0,0,-1,0,0,0,1,0,0,0,0,0,0,0,-1,0
bandera,NN,noun,flag,0,Neutral,0,0,0,0,0,0,0,-1,0,0,1,0,0,-1,0,0,0,0,0,-1,0
bandéra,NN,noun,flag.,0,Neutral,0,0,0,0,0,0,-1,0,0,0,0,1,0,0,0,0,0,0,0,0,0
bándo,NN,noun,"announcement, broadcast, declaration.",0,Neutral,0,0,0,0,0,0,1,0,0,0,0,-1,1,0,0,0,0,0,0,0,-1
bándo,VB,verb,"to announce, to make public, to inform the public, to declare.",0,Neutral,0,0,0,0,0,0,0,0,0,0,0,0,0,0,0,0,0,0,0,0,0
banga,NN,noun,water jar,0,Neutral,0,0,0,0,0,0,0,0,0,0,0,0,0,0,1,0,0,0,1,0,0
banga,NN,noun,"idiot , fool , simpleton",-0.735,Negative,-1,-1,-1,-1,-1,0,-1,-1,-1,-1,-1,-1,-1,0,-1,-1,-1,-1,-1,-1,-1
banga,VB,verb,"like , enjoy",0.691,Positive,1,1,1,1,1,1,1,1,1,1,1,1,1,1,1,1,1,1,0,1,1
bangá’,NN,noun,native earthen jar used as water container.,0,Neutral,0,0,0,0,0,0,0,0,-1,0,0,0,0,0,0,0,-1,0,0,1,0
bangdan,NN,noun,"cause , reason , motive",0,Neutral,0,0,0,0,0,0,0,1,0,0,0,0,0,0,1,0,0,0,0,0,0
bangdánan,NN,noun,"reason, cause, motive for refusal.",0,Neutral,0,0,0,0,0,0,0,0,0,0,0,0,0,0,0,0,0,-1,0,0,0
bángday,VB,verb,to lean against as for support.,0.402,Positive,1,0,1,1,0,0,1,1,1,-1,1,1,1,1,1,1,1,1,1,1,1
bángga’,VB,verb,"to collide, to bump against.",-0.077,Negative,-1,0,-1,-1,0,-1,-1,1,-1,-1,-1,-1,1,-1,-1,1,-1,-1,-1,-1,-1
bángig,VB,verb,"to quarrel, to start a fight.",-0.382,Negative,-1,-1,-1,-1,-1,-1,-1,1,-1,1,-1,-1,-1,-1,-1,-1,-1,-1,-1,-1,-1
bangis,NN,noun,"brutality , cruelty synonym: pintas",-0.836,Negative,-1,-1,-1,-1,-1,0,-1,-1,1,-1,-1,-1,0,-1,-1,-1,-1,-1,1,-1,-1
bangis,NN,noun,violence synonym: kahas,-0.625,Negative,-1,-1,-1,-1,-1,0,-1,1,-1,0,-1,-1,-1,0,-1,-1,-1,-1,0,-1,-1
bangis,VB,verb,"to be or become brutal , cruel , inhuman , or violent",-0.915,Negative,-1,-1,-1,-1,-1,0,-1,1,-1,-1,1,-1,-1,1,-1,-1,-1,-1,-1,-1,-1
bangís,JJ,adjective,"brutal, cruel, inhuman, ferocious, fierce.",-0.852,Negative,-1,-1,-1,-1,-1,-1,-1,-1,-1,-1,-1,1,-1,0,-1,-1,-1,-1,0,-1,-1
bangka,NN,noun,surfeit,0,Neutral,0,0,0,0,0,0,-1,0,0,0,0,0,0,0,0,0,0,-1,-1,0,0
bangka,NN,noun,boat,0,Neutral,0,0,0,0,0,1,0,-1,0,-1,0,0,0,1,0,0,0,0,0,0,0
bangkaw,NN,noun,lance ; spear,0,Neutral,0,0,0,0,0,0,0,0,0,1,0,-1,0,0,0,1,0,0,-1,-1,0
bangkay,NN,noun,"cadaver ; corpse synonyms: lawas , patay",-0.572,Negative,-1,-1,-1,-1,0,0,-1,-1,-1,-1,-1,-1,-1,-1,0,-1,-1,-1,-1,-1,-1
bángkay,NN,noun,"corpse, dead body.",-0.84,Negative,-1,-1,-1,-1,-1,-1,-1,-1,0,-1,-1,-1,-1,-1,-1,-1,-1,-1,-1,-1,-1
bangkéta,NN,noun,"sidewalk, concrete pavement.",0,Neutral,0,0,0,0,0,0,0,0,0,0,0,0,0,0,0,0,0,0,0,0,0
bangkéte,NN,noun,"banquet, ceremonious meal.",0,Neutral,0,0,0,0,0,0,0,0,0,1,0,0,1,0,0,0,0,0,0,0,0
bangkil,NN,noun,tusk,0,Neutral,0,0,0,0,0,0,0,0,0,0,0,0,0,0,0,0,0,0,0,1,0
bangko,NN,noun,bench,0,Neutral,0,0,0,0,0,-1,0,0,-1,0,0,0,0,0,1,0,0,0,0,0,0
bangko,NN,noun,bank,0,Neutral,0,0,0,0,0,0,0,1,0,0,1,0,0,1,0,0,0,0,0,0,0
bángko,NN,noun,bank.,0,Neutral,0,0,0,0,0,0,0,0,-1,0,0,0,0,0,1,-1,0,1,0,0,-1
bángku’,NN,noun,wooden bench long enough for two or more people to sit on.,0,Neutral,0,0,0,0,0,0,0,1,0,0,0,0,1,0,0,0,0,1,0,0,0
banglid,NN,noun,"elevation , hill",0,Neutral,0,0,0,0,0,0,0,0,0,0,0,0,-1,0,0,0,0,0,0,0,0
bangon,NN,noun,the right and left epigastric artery,0,Neutral,0,0,0,0,0,0,0,0,0,0,0,0,0,0,1,-1,0,0,-1,0,0
bangon,VB,verb,to rise from a lying position,-0.527,Negative,-1,0,-1,-1,0,-1,-1,-1,-1,-1,-1,-1,-1,-1,-1,-1,1,-1,-1,-1,-1
bangot,VB,verb,"bind , tie",0,Neutral,0,0,0,0,0,0,0,0,-1,0,0,0,0,0,0,1,0,0,1,0,0
bangúd,CC,conjunction,"regarding, concerning, relating to, because of, therefore.",0,Neutral,0,0,0,0,0,0,0,0,0,0,0,0,0,0,0,0,0,1,0,-1,0
bangud sa,JJ,adjective,concerning,0,Neutral,0,0,0,0,0,0,1,0,0,0,0,0,0,0,0,0,0,0,0,0,0
bángun,VB,verb,"to arise, to get up from bed, to get up from a lying position.",-0.527,Negative,-1,0,-1,-1,0,0,-1,-1,-1,-1,-1,-1,0,-1,-1,0,-1,-1,-1,1,-1
bánhaw,VB,verb,"to resurrect, to rise from the dead.",-0.649,Negative,-1,1,-1,-1,0,-1,-1,-1,-1,0,-1,1,1,-1,-1,-1,-1,-1,-1,-1,-1
banhay,NN,noun,a moderate slope or incline,0,Neutral,0,0,0,0,0,0,0,0,0,0,0,-1,0,1,0,0,-1,0,0,0,1
banig,NN,noun,"carpet , mat , mattress",0,Neutral,0,0,0,0,0,0,0,0,0,0,1,0,1,0,1,0,-1,0,0,0,0
baníg,NN,noun,native mat made from strips of palm leaves woven together.,0,Neutral,0,0,0,0,0,0,0,0,1,0,0,0,0,0,0,0,0,0,0,0,0
baníhut,JJ,adjective,"stubborn, obstinate, persistent, unyielding.",-0.599,Negative,-1,0,-1,-1,-1,0,0,-1,-1,-1,-1,-1,-1,1,-1,-1,-1,1,1,-1,-1
banka,NN,noun,boat,0,Neutral,0,0,0,0,0,0,1,0,0,-1,0,0,0,0,0,0,0,0,0,0,0
banlas,NN,noun,desert,0,Neutral,0,0,0,0,0,0,1,0,0,0,0,0,1,0,0,0,0,0,0,0,0
bansag,NN,noun,nickname,0,Neutral,0,0,0,0,0,0,0,0,-1,0,-1,0,1,0,0,0,1,0,0,0,0
bansúli’,VB,verb,"to tumble, to be together in a confused mass.",-0.318,Negative,-1,0,-1,-1,0,0,-1,-1,-1,-1,-1,-1,-1,-1,-1,-1,-1,-1,-1,-1,-1
banta,NN,noun,opinion,0,Neutral,0,0,0,0,0,0,0,0,0,0,0,0,0,0,0,0,0,0,-1,0,0
banta,VB,verb,"guess , conjecture",0,Neutral,0,0,0,0,0,0,0,0,0,0,0,0,0,0,-1,0,0,0,0,0,-1
bántal,VB,verb,to bundle or wrap together with a piece of cloth or clothing.,0,Neutral,0,0,0,0,0,0,-1,0,0,-1,0,0,0,0,0,0,0,0,1,0,0
bantála’,NN,noun,"announcement, advertisement, broadcast.",0,Neutral,0,0,0,0,0,0,0,0,0,0,0,0,0,0,0,0,0,-1,0,0,0
bantála’,VB,verb,"to announce or broadcast over the air, to advertise.",0,Neutral,0,0,0,0,0,0,0,0,0,0,0,-1,-1,1,0,0,1,0,0,0,0
bantay,NN,noun,"watchman , watcher",0,Neutral,0,0,0,0,0,0,0,0,0,0,0,-1,0,0,0,0,0,0,0,0,0
bantay,NN,noun,observer,0,Neutral,0,0,0,0,0,0,0,0,0,0,0,0,1,0,0,0,0,0,0,0,-1
bantay,NN,noun,guard synonym: gwardya,0,Neutral,0,0,0,0,0,0,0,0,0,0,0,0,0,0,0,0,-1,0,0,0,0
bantay,VB,verb,to watch ; to see over ; to supervise,0,Neutral,0,0,0,0,0,0,0,0,0,0,0,0,0,0,0,-1,0,-1,-1,0,0
bántay,NN,noun,"watchman, watcher, guard, observer.",0,Neutral,0,0,0,0,0,0,0,0,0,0,0,0,1,0,0,0,0,0,0,0,0
bántay,VB,verb,"to watch over, to guard, to observe.",0,Neutral,0,0,0,0,0,0,0,0,-1,0,0,1,0,0,0,0,0,1,0,-1,1
bantayan,NN,noun,"guard - house , lookout station",0,Neutral,0,0,0,0,0,0,0,0,0,0,0,-1,0,0,1,-1,1,0,0,0,0
bánta’,NN,noun,"guess, opinion, supposition, estimate.",0,Neutral,0,0,0,0,0,0,0,0,0,0,0,0,0,0,0,0,0,0,-1,0,1
bánta’,VB,verb,"to guess, to opine, to suppose, to estimate.",0,Neutral,0,0,0,0,0,0,0,0,0,0,-1,0,0,0,0,0,0,0,1,0,0
bánting,VB,verb,to brace or tie together with a rope.,0,Neutral,0,0,0,0,0,0,0,0,0,0,0,0,0,0,0,0,0,0,1,0,0
bantog,JJ,adjective,"eminent , famous , prominent",0.318,Positive,1,1,1,1,1,1,-1,1,1,1,1,1,1,1,1,1,1,1,1,1,1
bantolinaw,NN,noun,ebony,0,Neutral,0,0,0,0,0,0,0,0,0,0,0,0,0,1,-1,0,0,0,0,0,0
bántug,JJ,adjective,"renowned, famous, eminent, distinguished, noted.",0,Neutral,0,0,0,0,0,0,0,0,-1,0,0,0,0,0,0,0,0,0,0,0,1
bántug,VB,verb,"to be rumored, to be considered a hearsay, to become well-known.",0,Neutral,0,0,0,0,0,0,0,0,0,1,0,0,1,0,-1,0,0,0,0,-1,0
banwa,NN,noun,town ; city ; municipality ; state ; commonwealth,0,Neutral,0,0,0,0,0,0,0,0,0,0,0,0,0,1,0,1,1,0,0,0,0
banwa,NN,noun,citizenry ; inhabitant,0,Neutral,0,0,0,0,0,0,0,0,0,0,0,0,0,0,0,0,0,0,0,0,0
bánwa,NN,noun,"town, community, a compactly settled area usually larger than a village but smaller than a city;  citizen.",0,Neutral,0,0,0,0,0,0,0,0,0,0,0,0,0,0,0,0,0,0,0,0,-1
banwahanon,JJ,adjective,"related to towns , municipalities or their government ; civic",0,Neutral,0,0,0,0,0,0,0,0,0,0,0,0,0,0,0,0,0,0,0,0,1
banwahanon,NN,noun,citizen ; person ; public,0,Neutral,0,0,0,0,0,0,1,1,0,0,0,1,0,0,0,1,0,0,0,0,0
banyo,NN,noun,bathroom,0,Neutral,0,0,0,0,0,0,0,0,-1,0,0,0,0,0,0,0,0,0,0,0,0
banyo,NN,noun,shower,0,Neutral,0,0,0,0,0,0,0,0,0,0,0,-1,0,0,1,0,0,0,0,0,0
bányo,NN,noun,bathroom.,0,Neutral,0,0,0,0,0,0,0,0,0,0,0,-1,0,0,0,0,0,0,0,0,0
bao,NN,noun,"tortoise , turtle",0,Neutral,0,0,0,0,0,0,0,1,0,1,0,0,0,0,0,0,0,0,0,0,0
bao,NN,noun,"( vehicles , automotive , slang ) volkswagen beetle",0,Neutral,0,0,0,0,0,0,0,0,0,0,0,0,-1,0,0,0,0,0,0,0,0
baog,JJ,adjective,"grey , old",0.052,Positive,1,0,1,1,0,0,1,1,-1,1,1,1,0,1,1,1,-1,0,1,1,1
bapor,NN,noun,"boat , ship",0,Neutral,0,0,0,0,0,0,-1,1,0,0,0,0,0,0,0,0,-1,0,0,0,0
bapór,NN,noun,"boat, ship.",0,Neutral,0,0,0,0,0,0,0,0,0,0,0,0,-1,0,0,0,0,0,0,0,0
bara,NN,noun,crowbar,0,Neutral,0,0,0,0,0,0,0,-1,0,0,-1,0,0,0,0,0,0,0,0,0,-1
bara,NN,noun,yardstick,0,Neutral,0,0,0,0,0,0,1,1,0,0,0,0,0,0,0,1,0,0,0,0,0
bará,VB,verb,"to clog, to impede with extraneous matter.",0.026,Neutral,0,0,1,0,0,1,0,0,0,0,0,0,0,0,0,0,0,-1,0,0,0
bára,NN,noun,"bar, a long straight piece of wood or metal, crowbar.",0.226,Positive,1,0,1,1,0,0,1,1,1,-1,1,1,1,1,-1,1,1,1,1,1,1
baraha,NN,noun,cards,0,Neutral,0,0,0,0,0,0,0,0,0,0,0,0,0,0,0,0,-1,0,0,0,0
baráha,NN,noun,"deck of playing cards, card.",0.202,Positive,1,0,1,1,0,1,1,-1,1,1,1,1,0,1,1,1,1,1,1,1,1
barahan,NN,noun,yardstick,0,Neutral,0,0,0,0,0,0,-1,-1,0,0,0,0,0,0,0,0,-1,0,-1,0,0
barandilya,NN,noun,"rail , railing",0,Neutral,0,0,0,0,0,0,0,0,0,-1,0,0,0,0,0,0,0,0,1,0,1
barandílya,NN,noun,"railing made of iron serving as a guard or support, iron guard rail.",0.402,Positive,1,0,1,1,0,1,1,1,-1,1,-1,1,1,1,-1,1,1,1,1,1,1
barangay,NN,noun,"the smallest local government unit in the philippines , a subdivision of a city or municipality",0,Neutral,0,0,0,0,0,0,0,0,-1,0,0,0,0,0,0,0,0,0,-1,0,0
baratílyo,NN,noun,bargain sale.,0.202,Positive,1,0,1,1,0,1,1,1,1,1,1,1,1,1,1,1,1,1,1,1,1
barato,JJ,adjective,cheap ; inexpensive antonym: mahal,0,Neutral,0,1,0,0,0,1,0,0,0,0,0,0,0,0,0,0,0,0,0,0,0
baráto,JJ,adjective,"cheap, inexpensive.",0,Neutral,0,1,0,0,0,0,0,1,0,0,0,-1,0,0,0,0,-1,0,-1,1,0
baráto,VB,verb,"to make cheap, to reduce in price.",0,Neutral,0,0,0,0,0,0,1,0,0,-1,0,0,1,0,0,1,0,1,0,1,0
bárbas,NN,noun,beard.,0,Neutral,0,0,0,0,0,0,0,0,0,0,1,0,0,0,0,0,0,1,0,0,0
bárbas,VB,verb,to shave the beard off.,0,Neutral,0,0,0,0,0,0,0,0,0,1,0,0,0,0,0,0,0,0,0,0,1
barbero,NN,noun,"barber , haircutter synonym: manuggunting",0,Neutral,0,0,0,0,0,0,0,1,0,0,0,0,0,0,0,0,1,0,0,0,0
barbéro,NN,noun,barber.,0,Neutral,0,0,0,0,0,0,0,0,0,0,0,0,0,0,0,-1,0,0,0,0,0
barílis,NN,noun,barrel.,0,Neutral,0,0,0,0,0,0,0,0,0,0,0,-1,0,0,0,0,-1,0,0,0,-1
barina,NN,noun,"awl , drill",0,Neutral,0,0,0,0,0,0,0,0,0,0,0,0,0,0,0,0,1,0,0,0,1
barína,NN,noun,awl.,0,Neutral,0,0,0,0,0,0,0,0,0,0,0,1,0,1,0,0,0,0,0,0,0
barína,VB,verb,"to drill, to bore a hole with an awl.",-0.25,Negative,-1,0,-1,-1,0,-1,-1,0,0,-1,-1,-1,-1,-1,-1,-1,-1,-1,-1,-1,-1
bario,NN,noun,"community , hamlet",0,Neutral,0,0,0,0,0,0,0,0,0,0,0,0,0,-1,0,0,0,0,0,-1,-1
barit,VB,verb,to sharpen,0,Neutral,0,0,0,0,0,0,0,0,0,0,-1,0,0,0,0,0,0,0,0,0,0
barnis,NN,noun,"lacquer , varnish",0,Neutral,0,0,0,0,0,0,0,0,0,0,0,0,0,0,0,0,0,0,0,0,0
barong,NN,noun,shirt,0,Neutral,0,0,0,0,0,0,0,0,0,0,0,0,0,0,0,0,0,0,0,0,0
baroto,NN,noun,dugout ; canoe,0,Neutral,0,0,0,0,0,1,0,0,0,0,0,-1,-1,0,0,0,0,0,1,0,0
barukan,NN,noun,( anatomy ) bladder,0,Neutral,0,0,0,0,0,0,0,0,1,1,0,1,0,-1,1,-1,0,-1,0,0,0
barukán,NN,noun,urinary bladder.,0,Neutral,0,0,0,0,0,0,0,0,1,0,1,0,0,0,-1,0,-1,0,0,1,0
barútu,NN,noun,"canoe, a native canoe made from carved trunks of trees.",0,Neutral,0,0,0,0,0,0,0,0,0,0,0,0,0,0,0,0,0,0,0,0,0
báryu,NN,noun,a unit of local government and area division having the status of a village.,0,Neutral,0,0,0,0,0,0,0,0,0,0,0,0,0,0,1,1,0,0,0,1,0
bas-on,VB,verb,"to be damp , or wet",0,Neutral,0,0,0,0,0,0,0,0,0,0,0,0,0,0,0,0,0,0,0,0,0
bása,VB,verb,to read.,0,Neutral,0,0,0,0,0,0,0,0,1,-1,0,0,0,0,0,0,0,0,0,-1,0
basa-basa,JJ,adjective,diminutive of basâ : slightly damp,0,Neutral,0,0,0,0,0,0,1,-1,0,0,0,0,0,0,0,-1,0,0,-1,-1,0
basa-basa,VB,verb,"diminutive of bása : to read a little, or occasionally",0,Neutral,0,0,0,0,0,0,0,1,0,1,0,0,0,0,0,0,0,0,0,0,0
basag,JJ,adjective,"cracked , dull , hollow",-0.402,Negative,-1,-1,-1,-1,-1,-1,-1,-1,-1,-1,-1,-1,-1,-1,-1,-1,-1,-1,-1,-1,-1
baság,JJ,adjective,"of sound, hoarse, dull, broken.",-0.7,Negative,-1,-1,-1,-1,-1,-1,-1,-1,-1,-1,-1,-1,-1,-1,-1,0,-1,-1,-1,-1,-1
basag-ulo,JJ,adjective,"brainless , stupid , silly",-0.511,Negative,-1,-1,-1,-1,-1,-1,-1,-1,1,0,-1,0,-1,-1,-1,0,0,-1,-1,-1,-1
basá’,JJ,adjective,"wet, soaked.",0,Neutral,0,0,0,0,0,0,0,-1,0,0,0,0,0,0,-1,0,0,0,0,0,0
basá’,VB,verb,"to wet, to soak with liquid.",0,Neutral,0,0,0,0,0,0,0,0,0,0,0,0,0,0,0,0,0,0,0,0,1
básbas,VB,verb,"of plants and trees, to cut, to trim.",-0.273,Negative,-1,0,-1,-1,0,-1,-1,-1,-1,0,-1,-1,-1,-1,-1,-1,-1,-1,0,-1,1
basi,RB,adverb,perhaps,0,Neutral,0,0,0,0,0,0,0,0,0,0,0,0,0,0,0,0,0,0,-1,0,0
basi,NN,noun,a type of rice beer,0,Neutral,0,0,0,0,0,0,0,0,0,0,1,0,0,0,0,0,-1,0,0,0,0
basin,NN,noun,toilet,0,Neutral,0,0,0,0,0,0,0,0,-1,0,0,1,0,0,0,0,0,0,0,0,0
bási’,VB,verb,"may, may be, might.",0,Neutral,0,0,0,0,0,0,0,0,1,0,0,0,0,0,0,0,0,0,0,1,0
báskit,NN,noun,basket.,0,Neutral,0,0,0,0,0,0,0,0,0,0,0,-1,0,0,0,0,0,0,0,0,1
baskug,NN,noun,loudness ( of noise ) synonym: gansal,0,Neutral,0,0,0,0,0,0,0,0,0,-1,0,0,0,0,0,0,0,0,0,0,0
baskug,NN,noun,"strength synonyms: bakud , kusug",0.494,Positive,1,1,1,1,1,1,1,1,0,1,1,0,1,1,1,1,1,1,1,1,1
báskug,JJ,adjective,"of sound, loud; of force, strong.",0.511,Positive,1,1,1,1,1,1,1,-1,1,1,1,1,1,1,1,1,1,1,1,1,1
báso,NN,noun,drinking glass.,0,Neutral,0,0,0,0,0,0,0,0,0,0,0,0,0,0,0,0,0,0,0,0,0
basol,NN,noun,blame,-0.34,Negative,-1,-1,-1,-1,-1,-1,0,-1,-1,-1,-1,-1,-1,-1,-1,-1,-1,-1,-1,-1,-1
basol,NN,noun,reprimand ; scolding,0,Neutral,0,0,0,0,0,0,1,0,0,0,0,0,0,0,0,-1,-1,0,0,0,0
basol,VB,verb,to blame,-0.34,Negative,-1,-1,-1,-1,-1,-1,1,-1,-1,-1,1,0,0,-1,-1,-1,-1,-1,1,-1,-1
basol,VB,verb,to chide ; to scold,-0.402,Negative,-1,-1,-1,-1,-1,-1,-1,-1,-1,-1,-1,-1,-1,-1,-1,-1,1,-1,-1,1,-1
basta,JJ,adjective,enough,0,Neutral,0,1,0,0,0,1,0,0,1,1,0,0,0,0,0,0,0,1,0,0,0
básta,CC,conjunction,"because, provided, as long as, if, just, i said so.",0,Neutral,0,0,0,0,0,0,1,0,1,0,0,0,1,-1,0,0,0,1,0,0,0
básta,RP,particle,"i said so, it has been agreed upon.",0.273,Positive,1,0,1,1,0,1,0,1,1,-1,1,1,1,1,1,1,1,1,1,-1,1
baston,NN,noun,cane,0,Neutral,0,0,0,0,0,0,1,0,0,0,0,0,0,0,0,-1,0,0,0,0,-1
baston,NN,noun,stick,0,Neutral,0,0,0,0,0,0,0,0,0,0,1,0,-1,-1,0,0,-1,0,0,0,0
baston ni san hose,NN,noun,hollyhock,0,Neutral,0,0,0,0,0,0,0,0,0,-1,0,-1,0,0,0,0,0,0,0,0,0
baston ni san hose,NN,noun,staff of st. joseph,0,Neutral,0,0,0,0,0,0,0,0,0,0,0,0,0,-1,0,0,0,0,0,1,1
bastos,JJ,adjective,"harsh , mean , rude",-0.71,Negative,-1,-1,-1,-1,-1,-1,-1,-1,-1,-1,-1,-1,-1,-1,0,-1,-1,-1,-1,-1,-1
bastos,JJ,adjective,immodest,0,Neutral,0,-1,0,0,-1,-1,0,0,1,0,0,0,0,0,0,0,-1,0,0,0,1
bástun,NN,noun,"walking stick, cane.",0,Neutral,0,0,0,0,0,0,0,-1,0,0,0,0,0,0,-1,0,0,0,0,0,1
bástus,JJ,adjective,"rude, uncouth, offensive in manner or action, lacking in social refinement.",-0.718,Negative,-1,-1,-1,-1,-1,-1,0,-1,1,-1,-1,-1,0,-1,-1,-1,-1,-1,-1,-1,-1
básul,VB,verb,"to scold, to chide, to blame, to regret, to repent, to reproach.",-0.784,Negative,-1,-1,-1,-1,-1,-1,-1,-1,-1,-1,-1,-1,-1,-1,-1,-1,0,-1,-1,-1,-1
basura,NN,noun,"garbage , refuse , waste , rubbish , trash synonym: higko",-0.612,Negative,-1,-1,-1,-1,-1,-1,-1,-1,-1,-1,-1,1,-1,-1,-1,-1,-1,-1,-1,1,-1
basúra,NN,noun,"garbage, trash, litter.",0,Neutral,0,-1,0,0,0,-1,0,0,0,0,0,0,0,0,0,0,0,0,0,0,0
básya,VB,verb,"of water, to pour out with force, to throw out.",0,Neutral,0,0,0,0,0,0,0,0,0,0,0,-1,0,0,1,0,0,0,0,0,0
bat-ol,JJ,adjective,"dull , stupid , or obstinate",-0.807,Negative,-1,-1,-1,-1,-1,-1,-1,-1,-1,-1,-1,-1,-1,-1,-1,0,-1,-1,-1,-1,-1
báta,NN,noun,"a loose garment usually worn in bed, nightgown.",-0.542,Negative,-1,0,-1,-1,0,-1,-1,-1,-1,1,-1,-1,-1,-1,-1,-1,-1,-1,-1,-1,-1
batad,NN,noun,millet,0,Neutral,0,0,0,0,0,0,0,0,0,0,0,0,0,0,0,0,0,0,0,0,0
bátak,VB,verb,"to pull upward, to raise.",0,Neutral,0,0,0,0,0,0,0,-1,0,0,0,1,0,0,0,0,0,1,0,0,0
batakan,NN,noun,"crane , pulley",0,Neutral,0,0,0,0,0,0,0,0,0,0,1,0,0,0,0,0,0,0,1,0,0
batan-on,JJ,adjective,"childish , childlike , juvenile batan-on nga kalipay. childlike pleasure.",0.361,Positive,1,1,1,1,0,1,1,1,1,0,1,1,1,0,1,1,1,1,1,1,1
bataon,JJ,adjective,"young , youthful",0.318,Positive,1,1,1,1,0,0,0,1,-1,1,1,1,1,1,1,1,1,1,0,1,1
batás,VB,verb,"to bear, to suffer, to endure.",-0.542,Negative,-1,-1,-1,-1,-1,-1,0,-1,-1,-1,-1,-1,-1,-1,-1,-1,-1,-1,-1,-1,-1
batás,NN,noun,endurance.,0,Neutral,0,0,0,0,0,0,0,0,0,0,0,0,0,0,0,0,0,0,0,0,0
batasan,NN,noun,"behaviour , character , culture , custom , manners",0,Neutral,0,0,0,0,0,0,0,1,0,0,0,0,0,0,0,0,0,0,0,-1,0
batásan,NN,noun,"manner, character, custom, behavior.",0,Neutral,0,0,0,0,0,0,0,0,-1,0,-1,0,0,0,0,0,0,0,0,0,0
báta’,NN,noun,"child, baby, young girl or boy usually below the age of ten years old.",0,Neutral,0,0,0,0,0,0,1,0,0,0,0,0,0,0,0,0,1,0,0,0,0
báta’,JJ,adjective,"young, immature.",0,Neutral,0,0,0,0,0,0,0,0,0,1,0,-1,-1,-1,1,0,0,0,0,1,0
báta’,VB,verb,"to deliver a child, to bear a child.",0,Neutral,0,0,0,0,0,0,0,0,0,0,0,0,0,0,0,0,0,0,0,0,0
batá’batá’,JJ,adjective,"younger, childish.",-0.296,Negative,-1,-1,-1,-1,-1,-1,0,-1,-1,-1,-1,1,-1,-1,-1,-1,-1,1,-1,-1,-1
bati,VB,verb,to suffer,-0.542,Negative,-1,-1,-1,-1,-1,-1,-1,-1,-1,-1,-1,0,-1,-1,1,1,-1,-1,1,-1,-1
bati,VB,verb,( negative ) to feel,-0.572,Negative,-1,-1,-1,-1,-1,-1,-1,0,-1,-1,-1,-1,-1,1,-1,-1,-1,-1,-1,-1,-1
bati,VB,verb,to hear,0,Neutral,0,0,0,0,0,0,0,0,0,0,0,-1,0,0,0,0,0,0,0,0,1
bati,VB,verb,"( cooking ) to beat , stir",0,Neutral,0,0,0,0,0,0,0,0,0,0,0,0,0,0,0,1,0,0,0,1,0
batí,VB,verb,"of liquid and powder, to beat together, to mix together.",0,Neutral,0,0,0,0,0,0,0,0,1,0,0,0,0,0,0,0,0,-1,0,0,0
bati-bati,NN,noun,"diminutive of batî ; gossip , hearsay , rumor",-0.178,Negative,-1,0,-1,-1,-1,0,-1,-1,-1,-1,-1,-1,-1,-1,-1,-1,-1,-1,1,1,-1
batid,JJ,adjective,"proficient , skilled , versed",0,Neutral,0,1,0,0,1,0,0,0,0,0,0,0,-1,0,0,0,0,0,-1,0,0
batid,JJ,adjective,experienced,0,Neutral,0,1,0,0,1,0,0,0,0,1,0,-1,0,0,0,0,0,0,0,0,0
batid,JJ,adjective,"expert synonyms: eksperto , sampaton",0,Neutral,0,0,0,0,1,0,0,0,-1,-1,0,0,0,0,0,0,0,0,0,1,0
batíd,JJ,adjective,"clever, cunning, ingenious.",0.459,Positive,1,1,1,1,1,1,1,1,1,1,0,1,1,1,1,1,1,1,1,1,1
batidor,NN,noun,whisk,0,Neutral,0,0,0,0,0,1,0,-1,0,0,0,0,0,0,0,0,0,0,0,0,0
batiis,NN,noun,"calf , leg , limb",0,Neutral,0,0,0,0,0,0,0,0,0,0,0,0,0,0,0,0,0,1,0,0,0
batinggílan,JJ,adjective,"flirt, loose in morality.",-0.318,Negative,-1,0,-1,-1,-1,0,-1,-1,-1,1,-1,-1,-1,-1,-1,-1,0,-1,-1,-1,-1
batiya,NN,noun,washbasin ; washbowl,0,Neutral,0,0,0,0,0,0,0,0,0,0,0,0,0,0,0,-1,0,0,0,0,0
batí’,VB,verb,"to hear, to be able to hear.",0,Neutral,0,0,0,0,0,0,0,0,0,0,0,1,1,0,0,0,0,0,0,1,0
báti’,NN,noun,feelings.,0,Neutral,0,0,0,0,0,0,0,0,0,0,0,0,0,0,0,0,1,0,0,0,0
batí’batí’,VB,verb,to eavesdrop.,0,Neutral,0,-1,0,0,0,-1,0,0,0,0,0,0,0,0,0,0,0,0,0,0,0
batí’is,NN,noun,"leg, shin.",0,Neutral,0,0,0,0,0,0,1,0,0,0,0,0,0,0,0,0,0,0,0,1,-1
batobalani,NN,noun,magnet,0,Neutral,0,0,0,0,0,0,0,1,0,-1,0,0,1,0,0,0,0,0,0,0,0
batobato,NN,noun,kidney,0,Neutral,0,0,0,0,0,0,0,0,-1,0,-1,0,0,0,0,0,0,0,-1,0,0
batog,NN,noun,egg yolk,0,Neutral,0,0,0,0,0,0,0,0,0,-1,0,0,0,0,1,0,0,0,-1,0,0
batohon,JJ,adjective,"rocky , rugged , stone , stony",0,Neutral,0,0,0,0,0,0,0,0,0,0,0,0,0,0,0,0,0,0,0,0,0
batok,NN,noun,"objection , protest",-0.25,Negative,-1,-1,-1,-1,-1,-1,1,-1,0,-1,-1,-1,-1,-1,-1,-1,-1,-1,-1,-1,0
batok,VB,verb,to resist or oppose,0,Neutral,0,-1,0,0,-1,0,0,0,0,0,0,1,0,1,0,-1,0,0,0,0,0
batok sa kasugoan,JJ,adjective,"unconstitutional , unlawful",0,Neutral,0,-1,0,0,-1,0,0,0,0,0,0,1,0,0,0,0,-1,0,0,0,0
baton,VB,verb,"accept , get , receive",0.382,Positive,1,1,1,1,0,1,1,1,1,1,1,0,1,0,1,1,1,-1,1,1,1
batongmaidlak,NN,noun,diamond,0.34,Positive,1,0,1,1,0,1,1,1,1,1,1,0,1,1,1,1,-1,1,0,1,-1
batota,NN,noun,baton,0,Neutral,0,0,0,0,0,0,0,0,0,0,0,0,0,1,0,0,0,0,0,0,0
batota,NN,noun,"rule , sway",0,Neutral,0,0,0,0,0,0,0,0,0,0,0,0,0,0,0,0,0,0,0,0,0
bátsi,NN,noun,hole on the road.,0,Neutral,0,0,0,0,0,0,0,0,0,-1,0,0,0,0,0,0,0,0,0,0,0
batú,NN,noun,"rock, stone, pebble.",0,Neutral,0,0,0,0,0,0,1,-1,0,0,1,0,1,-1,0,0,0,0,0,0,0
batúbaláni’,NN,noun,magnet.,0,Neutral,0,0,0,0,0,0,0,0,0,0,0,-1,0,0,0,0,0,0,0,0,0
batúbatú,VB,verb,"to spell, to count one by one.",0,Neutral,0,0,0,0,0,0,0,0,0,-1,0,0,0,-1,0,0,0,0,0,0,0
bátug,NN,noun,egg yolk.,0,Neutral,0,0,0,0,0,0,0,0,0,1,0,0,0,-1,-1,0,0,0,0,0,-1
bátuk,VB,verb,"to resist, to oppose to compete, to debate.",0,Neutral,0,0,0,0,0,0,0,0,0,0,0,0,0,0,-1,0,0,0,1,0,0
bátun,VB,verb,"to receive, to accept, to take.",0.382,Positive,1,0,1,1,0,0,1,-1,1,1,1,1,1,1,1,1,1,1,-1,-1,1
batungdaan,NN,noun,"monument (literally, old stone)",0,Neutral,0,0,0,0,0,0,0,0,0,0,0,0,0,0,0,1,0,0,-1,1,0
batuta,NN,noun,baton,0,Neutral,0,0,0,0,0,0,0,0,0,0,0,0,0,0,0,0,0,0,0,0,-1
batuta,NN,noun,"rule , sway",0,Neutral,0,0,0,0,0,1,0,0,-1,0,0,1,1,-1,0,-1,0,0,0,0,0
batúta,NN,noun,"police club, wooden club.",0,Neutral,0,0,0,0,0,0,0,0,0,0,0,0,0,0,-1,1,0,0,0,0,0
bátu’,VB,verb,"to resist, to oppose, to fight, to challenge.",-0.318,Negative,-1,0,-1,-1,0,-1,0,-1,-1,-1,-1,-1,-1,-1,-1,-1,-1,-1,-1,-1,-1
bátyag,NN,noun,"feeling, sense.",0.128,Positive,1,0,1,1,0,0,1,0,1,1,1,1,1,1,1,1,1,1,0,1,1
bátyag,VB,verb,"to feel, to have a sensation.",0,Neutral,0,0,0,0,0,0,0,0,0,0,0,0,0,0,-1,0,0,0,0,0,0
bátya’,NN,noun,native wide wooden tub or basin.,0,Neutral,0,0,0,0,0,0,0,0,0,0,1,1,0,-1,0,0,0,0,0,0,0
baug,JJ,adjective,barren,0,Neutral,0,-1,0,0,0,-1,0,-1,0,0,0,0,0,-1,0,1,0,0,0,0,0
baug,JJ,adjective,"grey , old",0.052,Positive,1,0,1,1,0,0,1,1,1,1,1,1,1,1,1,0,1,1,1,1,0
baw-as,JJ,adjective,"( usually said of women ) barren , childless",0,Neutral,0,0,0,0,0,-1,1,0,0,0,0,0,0,1,0,0,0,0,0,0,1
baw-ing,JJ,adjective,"( places ) deserted , desolate , isolated , far away, lonely , secluded",-0.586,Negative,-1,0,-1,-1,0,0,-1,-1,-1,-1,-1,-1,-1,-1,-1,-1,-1,-1,-1,-1,-1
bawi,VB,verb,"to redeem , deliver , set free , release , or liberate",0.511,Positive,1,1,1,1,1,1,1,-1,1,-1,1,1,1,1,1,1,1,1,-1,1,1
báwi’,VB,verb,"to redeem, to take back, to reclaim.",0,Neutral,0,0,0,0,0,0,0,0,0,0,0,-1,0,0,-1,0,0,0,0,0,0
bawod sang mga tudlo,NN,noun,"wave (literally, bent fingers)",0,Neutral,0,0,0,0,0,0,0,0,0,0,0,0,0,1,0,0,0,0,0,0,0
bawtisár,VB,verb,"to baptize, to pour water on the head as in baptism.",0,Neutral,0,1,0,0,0,1,0,1,1,0,0,-1,0,1,0,0,1,0,0,0,0
báw’as,JJ,adjective,"of people, sterile, barren, childless.",0,Neutral,0,0,0,0,0,0,0,0,0,0,0,0,0,-1,0,1,0,0,0,0,0
bay-ad,NN,noun,a type of seashell,0,Neutral,0,0,0,0,0,0,0,0,0,0,1,0,0,0,0,0,0,0,0,0,0
bayabas,NN,noun,guava,0,Neutral,0,0,0,0,0,0,0,0,-1,0,0,0,-1,1,0,0,0,0,0,0,0
bayábas,NN,noun,guava.,0,Neutral,0,0,0,0,0,0,0,-1,0,-1,0,0,0,0,0,0,0,0,0,0,0
bayad,NN,noun,charge ; payment ; fee ; toll,0,Neutral,0,0,0,0,0,0,0,1,0,0,0,0,0,0,1,-1,0,0,0,0,0
báyad,NN,noun,payment.,0,Neutral,0,0,0,0,0,0,0,0,0,0,0,0,0,0,0,0,0,0,1,0,0
báyad,VB,verb,"to pay, to settle an account, to spend.",-0.103,Negative,-1,0,-1,-1,0,0,-1,-1,1,-1,-1,-1,-1,-1,-1,1,-1,-1,-1,-1,0
bayáw,NN,noun,"sister-in-law, brother-in-law.",0,Neutral,0,0,0,0,0,0,0,0,1,0,0,0,0,0,0,0,0,0,0,0,0
báyaw,VB,verb,"to elevate, to lift, to raise as a host during roman catholic mass service.",0,Neutral,0,0,0,0,0,0,0,0,0,0,-1,-1,-1,0,0,1,0,0,-1,0,0
báya’,VB,verb,"to leave, to quit, to abandon.",-0.477,Negative,-1,-1,-1,-1,-1,-1,-1,-1,-1,-1,1,-1,-1,-1,-1,-1,-1,-1,0,0,-1
baybay,NN,noun,"beach , coast , shore",0,Neutral,0,0,0,0,0,0,0,-1,0,0,0,0,0,0,0,0,0,0,0,0,1
báybay,NN,noun,"beach, coast, shore.",0,Neutral,0,0,0,0,0,0,-1,0,1,0,1,0,0,0,1,0,0,0,0,0,0
baybayon,NN,noun,beach ; coast ; shore,0,Neutral,0,0,0,0,0,0,0,0,1,0,0,0,0,1,0,0,0,0,0,0,0
bayhon,NN,noun,"form , figure , shape synonym: porma",0,Neutral,0,0,0,0,0,0,0,0,0,0,-1,0,-1,0,0,0,0,0,0,0,0
baylíhan,NN,noun,dancehall.,0,Neutral,0,0,0,0,0,0,0,-1,0,0,0,0,-1,1,0,0,0,-1,0,1,0
baylo,VB,verb,"change , exchange , replace",0,Neutral,0,0,0,0,0,0,0,0,0,-1,0,0,0,0,0,0,0,0,0,-1,0
báylu,VB,verb,"to exchange, to substitute, to swap.",0,Neutral,0,0,0,0,0,0,0,0,0,0,0,0,-1,0,1,0,0,0,0,0,0
bayo,JJ,adjective,( of horses ) bay,0,Neutral,0,0,0,0,0,0,-1,0,0,0,0,0,-1,0,0,0,0,-1,0,0,0
bayo,NN,noun,a garment which covers the upper body,0,Neutral,0,0,0,0,0,0,0,0,1,0,0,0,0,0,0,0,1,0,0,0,0
bayo-bayo,NN,noun,pulse,0,Neutral,0,0,0,0,0,-1,0,0,0,0,0,-1,0,0,1,0,0,-1,0,0,0
bayoon,NN,noun,"fabric , textile",0,Neutral,0,0,0,0,0,0,1,0,0,0,0,0,-1,0,0,0,0,0,0,0,0
bayú,VB,verb,"to box, to maul, to pound.",0,Neutral,0,0,0,0,0,0,0,0,0,0,0,0,0,0,0,0,-1,0,0,0,-1
bayud,JJ,adjective,"unsteady , shaky , unstable synonyms: bawod , mahuyang",-0.527,Negative,-1,-1,-1,-1,-1,-1,-1,-1,-1,-1,-1,-1,-1,-1,-1,1,-1,-1,-1,-1,0
báyu’,NN,noun,"dress, clothing, apparel.",0,Neutral,0,0,0,0,0,0,0,0,0,0,0,1,0,0,0,0,0,0,0,0,0
bayú’ung,NN,noun,bag made of woven palm leaves.,0,Neutral,0,0,0,0,0,0,0,-1,0,0,0,0,0,0,0,-1,1,0,1,0,0
bá’bá,NN,noun,mouth.,0,Neutral,0,0,0,0,0,0,1,0,1,0,0,0,0,0,0,0,0,-1,0,1,0
bá’id,VB,verb,"to sharpen, to rub against a stone so as to sharpen.",0,Neutral,0,0,0,0,0,0,0,0,0,0,0,0,0,0,0,0,0,1,1,0,0
bá’is,VB,verb,"to argue, to dispute, to debate.",-0.625,Negative,-1,-1,-1,-1,-1,-1,-1,-1,-1,0,1,-1,-1,-1,-1,-1,1,-1,-1,-1,-1
ba’ú,NN,noun,land turtle.,0,Neutral,0,0,0,0,0,0,0,0,0,0,0,0,0,0,0,0,0,0,1,0,1
ba’úg,JJ,adjective,"of egg, rotten, sterile.",-0.511,Negative,-1,0,-1,-1,0,0,-1,-1,-1,-1,0,-1,-1,1,0,-1,-1,-1,-1,-1,-1
beberon,NN,noun,nozzle of a baby bottle,0,Neutral,0,0,0,0,0,0,0,0,0,0,0,0,0,0,0,0,0,0,0,0,-1
beka,NN,noun,scholarship,0,Neutral,0,0,0,0,0,0,1,0,0,0,-1,0,0,0,0,0,0,1,0,0,1
belada sa eskwelahan,NN,noun,commencement,0,Neutral,0,0,0,0,0,0,1,0,-1,1,0,0,0,1,0,1,0,0,0,0,0
belasyon,NN,noun,"vigil , wake",0,Neutral,0,0,0,0,0,0,1,0,0,0,0,0,0,1,-1,1,0,0,0,0,-1
bendisyon,NN,noun,"benediction , blessing",0.494,Positive,1,1,1,1,1,1,-1,1,1,1,0,1,1,1,1,1,-1,1,1,-1,1
bendisyon,VB,verb,to bless,0.421,Positive,1,0,1,1,1,0,1,1,1,1,1,1,1,1,1,1,1,-1,1,1,1
bendita,NN,noun,blessing,0.494,Positive,1,1,1,1,1,1,1,0,1,1,0,1,1,1,1,-1,1,1,1,1,1
bendita,VB,verb,( transitive ) bless,0.421,Positive,1,1,1,1,1,1,1,1,1,0,1,0,1,1,1,1,1,1,1,0,1
bentáha’,NN,noun,"advantage, edge.",0.25,Positive,1,1,1,1,1,1,1,1,1,1,1,1,1,1,1,1,0,1,1,1,1
bentana,NN,noun,"window synonyms: gawang , talamwaan",0,Neutral,0,0,0,0,0,0,1,0,0,0,0,0,0,0,0,0,0,0,0,0,0
berde,NN,noun,green ( color/colour ),0,Neutral,0,0,0,0,0,0,0,-1,0,0,0,0,0,-1,0,0,0,0,0,0,-1
berde,JJ,adjective,greenish,0,Neutral,0,0,0,0,0,0,0,0,-1,0,0,0,0,0,-1,0,1,0,0,0,0
bérde,JJ,adjective,green.,0,Neutral,0,0,0,0,0,0,0,1,1,0,0,0,0,0,0,0,0,0,0,-1,0
bersíkulu,NN,noun,verse.,0,Neutral,0,0,0,0,0,0,0,0,0,0,-1,0,0,1,0,0,0,0,0,0,0
berso,NN,noun,"verse , poem synonym: balaybay",0,Neutral,0,0,0,0,0,0,0,0,-1,0,0,0,0,0,0,-1,0,0,0,0,0
beteráno,NN,noun,veteran.,0,Neutral,0,0,0,0,0,0,-1,0,-1,0,0,0,1,0,0,1,1,0,0,0,0
béynte,CD,numeral,twenty;  twentieth.,0,Neutral,0,0,0,0,0,0,0,0,0,0,0,0,0,0,0,0,0,0,0,0,0
bíbi,NN,noun,duck.,0,Neutral,0,0,0,0,0,0,-1,0,0,0,0,0,0,0,0,-1,0,0,0,0,0
bibig,NN,noun,( anatomy ) lip,0,Neutral,0,0,0,0,0,0,0,1,0,-1,0,-1,0,0,0,0,0,0,0,0,0
bibig,NN,noun,"edge , rim ( of a glass )",0,Neutral,0,0,0,0,0,0,-1,0,1,0,0,0,0,-1,0,0,0,0,0,0,0
bibíg,NN,noun,lip.,0,Neutral,0,0,0,0,0,0,0,0,0,0,0,0,0,0,0,0,1,0,0,0,0
bibingka,NN,noun,"cake (a baked, small rice cake)",0,Neutral,0,0,0,0,0,0,1,0,0,0,0,0,0,0,0,-1,0,0,0,0,0
bíbliya,NN,noun,bible.,0,Neutral,0,0,0,0,0,0,0,0,0,0,0,0,0,-1,0,0,0,0,0,0,0
bidyiw,NN,noun,"harpoon , spear",0,Neutral,0,0,0,0,0,0,0,0,0,0,0,0,-1,0,0,0,0,0,0,0,0
bigki,NN,noun,edge ; rim ; bank ( of a river ),0,Neutral,0,0,0,0,0,0,0,0,0,0,0,0,0,0,1,0,0,0,0,0,0
bigote,NN,noun,moustache,0,Neutral,0,0,0,0,0,0,0,0,0,0,0,0,0,0,0,0,0,0,0,0,0
bigúti,NN,noun,moustache.,0,Neutral,0,0,0,0,0,0,1,0,0,0,0,0,0,-1,0,0,0,0,0,-1,0
bihag,NN,noun,"captive , prisoner",-0.542,Negative,-1,-1,-1,-1,-1,-1,-1,-1,-1,-1,-1,-1,-1,-1,-1,-1,-1,-1,-1,-1,-1
bihag,VB,verb,to capture ; to take prisoner,-0.542,Negative,-1,-1,-1,-1,-1,-1,-1,-1,-1,-1,-1,-1,-1,0,0,-1,-1,-1,-1,-1,-1
bíhag,NN,noun,"captive, hostage.",0,Neutral,0,-1,0,0,-1,-1,0,0,0,0,0,0,0,0,0,0,-1,0,0,0,0
bíhag,JJ,adjective,"captivating, attractive.",0.44,Positive,1,1,1,1,1,1,1,1,1,1,1,1,1,1,1,-1,1,1,1,1,1
bíhag,VB,verb,"to capture, to abduct, to kidnap, to attract, to bait.",0.361,Positive,1,1,1,1,1,1,1,1,1,1,1,1,1,1,1,1,1,1,0,1,1
bika,VB,verb,to straddle,0,Neutral,0,0,0,0,0,0,1,0,-1,1,0,0,0,0,0,-1,0,0,0,0,0
bika,VB,verb,to spread one's legs wide,0,Neutral,0,0,0,0,0,0,1,0,-1,0,-1,0,0,0,1,0,0,1,-1,0,0
bikoláno,NN,noun,"language spoken principally in albay, camarines sur, catanduanes, sorsogon, the southern half of camarines norte, and in some towns of masbate.",0,Neutral,0,0,0,0,0,0,0,0,1,0,0,0,0,0,0,0,0,0,0,0,0
biktíma,NN,noun,victim.,-0.273,Negative,-1,-1,-1,-1,-1,-1,-1,-1,-1,-1,-1,-1,-1,-1,-1,-1,1,1,-1,-1,-1
bilad,VB,verb,"( of a book ) display , unfold , open",0,Neutral,0,0,0,0,0,0,0,0,-1,0,0,0,0,-1,0,0,0,0,0,0,0
bílang,VB,verb,"to consider, to esteem as.",0,Neutral,0,1,0,0,0,0,0,-1,0,-1,0,0,1,0,0,0,0,0,-1,0,0
bilanggo,VB,verb,"imprison , incarcerate , confine",0,Neutral,0,-1,0,0,-1,0,0,0,1,0,0,0,0,0,0,0,0,1,0,0,1
bilanggoan,NN,noun,"jail ; prison synonyms: hulunongan , kalaboso , karsel , presonan",-0.511,Negative,-1,-1,-1,-1,-1,-1,-1,-1,-1,-1,-1,-1,-1,1,-1,-1,-1,-1,-1,-1,-1
bilánggu,NN,noun,prisoner.,-0.542,Negative,-1,-1,-1,-1,-1,0,-1,-1,-1,-1,-1,-1,0,1,0,-1,-1,1,-1,-1,-1
bilánggu,VB,verb,"to capture, to imprison.",0,Neutral,0,-1,0,0,-1,-1,0,0,0,0,0,1,0,-1,0,0,0,0,0,0,0
bilás,NN,noun,the affinal relation of husbands or wives of siblings.,0,Neutral,0,0,0,0,0,0,0,1,0,0,0,0,0,0,0,0,0,1,0,1,0
bilat,NN,noun,"vagina , vulva",0,Neutral,0,0,0,0,0,0,0,0,0,-1,0,0,0,0,0,0,0,1,0,0,0
bilí,NN,noun,"cost, amount, price.",0,Neutral,0,0,0,0,0,0,0,1,0,0,0,0,0,0,0,0,0,0,0,0,-1
bilí,VB,verb,"to be worth, to cost, to be the price of.",0.226,Positive,1,0,1,1,0,0,1,1,1,1,1,1,1,1,1,1,1,1,1,1,1
bilid,VB,verb,"examine , handle , inspect",0,Neutral,0,0,0,0,0,0,-1,0,0,-1,0,0,0,-1,0,-1,0,0,0,-1,-1
bilíd,VB,verb,"to hold with the hands so as to inspect closely, especially clothes.",0,Neutral,0,0,0,0,0,0,0,0,0,0,0,0,0,0,0,0,0,0,1,0,-1
bilin,NN,noun,remainder,0,Neutral,0,0,0,0,0,0,0,0,0,-1,0,1,0,0,0,0,0,0,0,1,0
bilin,VB,verb,"order , command",0,Neutral,0,0,0,0,0,0,0,-1,0,0,0,0,0,0,1,-1,0,-1,0,0,0
bilín,NN,noun,"balance account, remainder, left over.",0,Neutral,0,0,0,0,0,0,0,1,0,0,0,0,-1,0,0,0,-1,0,0,0,0
bílin,NN,noun,"request, last words.",0,Neutral,0,0,0,0,0,0,0,0,0,-1,0,0,0,0,0,0,0,1,0,-1,0
bílin,VB,verb,"to enjoin, to leave behind.",-0.052,Negative,-1,0,-1,-1,0,-1,-1,-1,-1,-1,-1,-1,-1,-1,-1,-1,-1,-1,-1,-1,-1
biling,NN,noun,"stitch , a sharp , sudden pain",-0.511,Negative,-1,0,-1,-1,0,-1,-1,-1,-1,-1,-1,-1,-1,0,0,-1,-1,-1,-1,-1,-1
bilog,JJ,adjective,entire ; intact ; round ; solid ; whole,0.34,Positive,1,1,1,1,0,0,1,1,1,1,1,-1,1,1,1,1,0,1,1,1,1
bilog-bilog,NN,noun,diminutive of bilóg,0,Neutral,0,0,0,0,0,0,-1,0,0,1,0,0,0,0,0,0,1,-1,0,0,-1
bilog-bilog,NN,noun,"clumps , lumps",0,Neutral,0,0,0,0,0,0,0,0,-1,0,0,0,0,-1,0,0,0,1,-1,0,0
bilogon,NN,noun,a cane or cudgel,0,Neutral,0,0,0,0,0,1,0,0,1,0,0,0,0,0,-1,0,-1,0,0,0,0
bilúg,JJ,adjective,"round, circle.",0,Neutral,0,0,0,0,0,0,0,0,0,0,0,0,-1,0,1,-1,0,0,1,0,0
bílug,NN,noun,"piece, part.",0,Neutral,0,0,0,0,0,0,0,1,0,0,0,-1,0,1,0,0,0,0,0,-1,0
bilugon,NN,noun,alternative spelling of bilogón,0,Neutral,0,0,0,0,0,0,1,0,0,0,0,0,-1,0,1,0,0,0,0,0,0
bilwa,VB,verb,"dislocate , sprain",0,Neutral,0,-1,0,0,-1,-1,0,0,0,1,-1,0,0,0,0,0,0,0,0,0,0
bílyar,NN,noun,"billiard, pool.",0,Neutral,0,0,0,0,0,0,0,0,0,0,0,-1,1,0,0,-1,0,0,0,0,0
bilyéte,NN,noun,ticket.,0,Neutral,0,0,0,0,0,0,0,0,0,0,1,0,0,0,0,0,0,0,0,0,0
binabaye,JJ,adjective,fit for a woman ; womanly,0.361,Positive,1,0,1,1,0,1,1,1,1,0,1,1,-1,1,0,1,1,1,1,1,1
binabaye,NN,noun,effeminate,0,Neutral,0,0,0,0,0,0,0,0,0,0,0,0,1,0,0,0,-1,-1,0,0,0
binaboy,JJ,adjective,"hoggish , piggish",0,Neutral,0,-1,0,0,-1,0,0,0,1,0,0,0,0,0,0,0,0,0,0,0,0
binágbinág,VB,verb,"to consider, to ponder, to apportion.",0,Neutral,0,0,0,0,0,0,0,0,0,0,0,0,0,0,1,0,0,0,0,0,0
binágun,NN,noun,native machete.,0,Neutral,0,0,0,0,0,0,0,1,0,0,0,-1,0,0,0,0,0,0,0,0,0
binangon,NN,noun,bolo ; machete synonym: utak,0,Neutral,0,0,0,0,0,1,0,0,0,0,0,0,0,0,0,0,0,1,0,0,0
binata,JJ,adjective,childish,-0.296,Negative,-1,0,-1,-1,-1,-1,-1,-1,-1,-1,-1,-1,-1,-1,-1,-1,-1,0,-1,-1,-1
binata,JJ,adjective,immature,0,Neutral,0,0,0,0,-1,0,0,0,0,0,0,0,0,0,0,0,0,0,-1,-1,0
bingaw,JJ,adjective,broken,-0.477,Negative,-1,0,-1,-1,0,-1,-1,-1,-1,-1,-1,-1,0,-1,-1,-1,-1,-1,-1,0,-1
bingáw,JJ,adjective,"of teeth, missing, jagged.",-0.296,Negative,-1,0,-1,-1,-1,-1,-1,-1,-1,-1,1,-1,-1,-1,1,-1,-1,0,-1,-1,0
bingáw,VB,verb,"of teeth, to lose a tooth, to knock out a tooth, to jag or notch accidentally.",-0.625,Negative,-1,0,-1,-1,-1,0,-1,-1,-1,0,-1,-1,-1,-1,0,-1,-1,-1,1,-1,-1
bíngkal,VB,verb,"to break in a door, to force an entrance.",0,Neutral,0,0,0,0,0,0,0,1,0,0,0,0,-1,0,0,-1,0,0,0,0,0
binhi,NN,noun,grain synonym: lamigas,0,Neutral,0,0,0,0,0,0,1,0,0,0,0,0,0,1,0,-1,0,0,0,0,0
bínhi’,NN,noun,"seedling, plant grown from seed.",0,Neutral,0,0,0,0,0,0,0,0,1,0,0,0,0,0,0,0,0,0,0,0,0
binilanggo,NN,noun,"prisoner ; inmate ; convict synonyms: piniriso , priso",-0.542,Negative,-1,-1,-1,-1,-1,-1,-1,-1,-1,1,-1,-1,1,-1,-1,-1,-1,-1,-1,-1,-1
binisaya,JJ,adjective,visayan,0,Neutral,0,0,0,0,0,0,0,0,0,0,-1,0,0,1,0,1,1,0,0,0,0
bíno,NN,noun,wine.,0,Neutral,0,0,0,0,0,0,0,0,0,0,0,0,0,0,-1,-1,1,-1,0,-1,0
bintána’,NN,noun,window.,0,Neutral,0,0,0,0,0,0,-1,0,0,0,0,0,0,0,0,0,-1,0,0,0,0
binudngan,NN,noun,"a handspun cloth , fabric , or textile",0,Neutral,0,0,0,0,0,0,0,0,0,0,1,0,0,0,0,0,0,0,1,0,0
binuhatan,NN,noun,"work , deed",0,Neutral,0,0,0,0,0,0,0,-1,0,0,0,-1,0,0,0,0,-1,0,0,1,0
binulan,JJ,adjective,"every month , monthly",0,Neutral,0,0,0,0,0,0,0,0,0,0,0,0,0,-1,0,0,0,0,0,0,0
bioleta,NN,noun,violet ( color ),0,Neutral,0,0,0,0,0,0,0,0,0,0,0,0,0,0,0,0,0,0,0,1,0
bírhen,NN,noun,"virgin, mary, the mother of jesus christ.",0,Neutral,0,0,0,0,0,0,0,1,0,0,0,0,0,0,0,0,0,0,0,0,1
birhin,JJ,adjective,virgin,0,Neutral,0,0,0,0,0,0,1,1,0,0,0,0,0,0,0,0,-1,0,0,0,0
bisan,CC,conjunction,although ; even if synonym: maskin,0,Neutral,0,0,0,0,0,0,0,1,1,1,-1,0,0,0,0,0,0,-1,0,0,0
bisan,RB,adverb,in spite of synonym: agad,-0.527,Negative,-1,0,-1,-1,0,-1,-1,-1,-1,-1,-1,-1,-1,-1,-1,-1,-1,-1,-1,-1,1
bisán,CC,conjunction,"even if, although, in spite of.",-0.527,Negative,-1,0,-1,-1,0,0,-1,-1,-1,-1,-1,-1,-1,-1,-1,-1,-1,0,-1,-1,0
bisan diin,NN,noun,"everywhere , somewhere , wherever",0,Neutral,0,0,0,0,0,0,0,-1,0,0,0,0,0,0,0,0,0,0,-1,1,0
bisan sin-o,NN,noun,"anybody , whoever",0,Neutral,0,0,0,0,0,0,0,0,0,0,-1,0,0,0,0,0,0,0,-1,0,0
bisaya,JJ,adjective,visayan,0,Neutral,0,0,0,0,0,0,0,0,0,0,0,0,0,0,0,-1,0,0,0,0,0
bisáya’,JJ,adjective,"visayan, of visayan origin.",0,Neutral,0,0,0,0,0,0,0,0,0,0,0,-1,0,0,0,0,1,0,0,0,0
bísi,NN,noun,"vice, substitute.",0,Neutral,0,0,0,0,0,0,0,0,0,0,0,0,0,0,0,-1,0,0,0,0,0
bísi,NN,noun,vice-president.,0,Neutral,0,0,0,0,0,0,0,0,0,0,0,0,0,0,1,0,-1,1,0,0,0
bisikleta,NN,noun,bicycle,0,Neutral,0,0,0,0,0,0,0,1,0,0,0,0,0,0,0,0,-1,0,0,0,0
bisikléta,NN,noun,bicycle.,0,Neutral,0,0,0,0,0,0,0,0,-1,0,0,0,0,0,0,0,1,0,0,0,1
bisikléta,VB,verb,to ride a bicycle.,0,Neutral,0,0,0,0,0,0,-1,1,0,0,0,0,0,0,0,0,0,0,-1,0,0
bisita,NN,noun,guest ; visitor,0,Neutral,0,0,0,0,0,0,0,0,0,0,0,0,-1,0,1,1,0,0,0,0,0
bisita,NN,noun,visit synonym: duaw,0,Neutral,0,0,0,0,0,0,0,0,0,0,0,1,0,0,0,-1,0,0,0,0,0
bisíta,NN,noun,"visitor, guest.",0,Neutral,0,0,0,0,0,0,1,0,0,-1,0,0,0,0,0,0,0,0,0,0,0
bisíta,VB,verb,"to visit, to call upon, to pay a visit.",-0.103,Negative,-1,0,-1,-1,0,0,0,-1,1,-1,-1,-1,-1,-1,-1,-1,-1,-1,-1,-1,-1
biskwit,NN,noun,biscuit,0,Neutral,0,0,0,0,0,0,0,0,0,0,0,0,0,0,0,0,-1,0,0,0,0
bísta,NN,noun,"view, panorama, scene.",0,Neutral,0,0,0,0,0,0,0,0,1,0,0,0,0,-1,0,0,0,-1,0,0,0
bisyo,NN,noun,"bad , wicked , naughty , disobedient",-0.784,Negative,-1,-1,-1,-1,-1,-1,-1,-1,-1,1,-1,-1,-1,-1,-1,-1,-1,-1,-1,-1,-1
bisyo,VB,verb,to refuse or be disobedient,-0.296,Negative,-1,-1,-1,-1,-1,-1,-1,-1,-1,-1,-1,-1,-1,-1,-1,-1,1,-1,-1,-1,-1
bísyu,NN,noun,"vice, fault.",-0.402,Negative,-1,-1,-1,-1,-1,-1,-1,-1,-1,0,-1,1,-1,-1,1,-1,-1,1,-1,-1,-1
bísyu,VB,verb,"to be naughty, to be wicked, to disobey, to fuss.",-0.527,Negative,-1,-1,-1,-1,-1,-1,-1,-1,-1,-1,-1,-1,-1,1,-1,-1,-1,-1,-1,-1,-1
bís’ak,VB,verb,"of wood, to cleave, to split.",0,Neutral,0,0,0,0,0,0,0,0,0,0,0,0,0,0,1,0,0,0,-1,0,0
bítad,VB,verb,"to open, to unfold, to spread out so as to see closely.",0,Neutral,0,0,0,0,0,0,0,1,0,1,0,0,0,0,0,0,0,0,0,0,0
bitamína,NN,noun,"vitamin, nutrient.",0.296,Positive,1,0,1,1,0,1,1,1,1,1,1,0,1,1,1,1,-1,1,1,1,0
bitas,JJ,adjective,injured,-0.402,Negative,-1,0,-1,-1,-1,0,-1,-1,-1,-1,-1,-1,0,-1,0,1,-1,-1,1,-1,-1
bitas,NN,noun,"fissure , mutilation",0,Neutral,0,0,0,0,0,0,-1,0,0,0,-1,0,0,1,0,0,0,-1,0,0,0
bitas,VB,verb,"break , rend , sever , split , tear",0,Neutral,0,0,0,0,0,0,0,1,0,0,0,0,0,0,0,1,0,0,0,1,-1
bitay,VB,verb,"hang , suspend",-0.318,Negative,-1,0,-1,-1,0,-1,-1,-1,-1,-1,-1,1,0,-1,-1,-1,-1,-1,-1,-1,1
bítay,VB,verb,"to hang, to string up, to suspend.",-0.318,Negative,-1,0,-1,-1,0,-1,-1,-1,-1,-1,-1,-1,-1,-1,-1,0,-1,-1,1,-1,-1
bitayan,NN,noun,gallows ; gibbet ; scaffold,0,Neutral,0,0,0,0,0,0,0,0,0,0,0,0,0,0,0,0,1,0,-1,0,0
bítbit,VB,verb,"to bring along, to carry.",0,Neutral,0,0,0,0,0,0,0,0,0,0,0,0,0,0,1,0,-1,0,0,0,0
bitik,NN,noun,flea,0,Neutral,0,0,0,0,0,0,0,0,0,0,0,0,0,0,0,0,0,0,0,0,0
bitík,NN,noun,"flea, tick.",0,Neutral,0,0,0,0,0,0,0,0,0,0,0,0,-1,0,0,0,0,0,0,0,0
bitin,NN,noun,snake,0,Neutral,0,0,0,0,0,0,0,0,0,0,-1,0,0,0,0,0,0,0,0,0,0
bitin,VB,verb,"haul , lift",0,Neutral,0,0,0,0,0,0,0,0,0,0,1,0,0,0,0,0,0,0,0,0,-1
bitín,NN,noun,snake.,0,Neutral,0,0,0,0,0,0,0,0,0,0,-1,1,0,1,0,0,0,0,0,0,0
bitok,NN,noun,pinworm,0,Neutral,0,0,0,0,0,0,0,0,0,0,0,0,0,0,0,0,-1,0,0,1,0
bitoon,NN,noun,( astronomy ) star,0,Neutral,0,0,0,0,0,0,0,0,0,0,0,1,0,-1,0,0,-1,0,0,0,0
bitú’un,NN,noun,star.,0,Neutral,0,0,0,0,0,0,0,0,0,-1,0,0,0,0,1,0,0,-1,0,0,0
bíya’,VB,verb,"to leave behind, to abandon.",-0.477,Negative,-1,0,-1,-1,-1,0,-1,-1,-1,-1,-1,-1,-1,1,-1,-1,-1,-1,-1,1,-1
biyernes,NN,noun,friday,0,Neutral,0,0,0,0,0,0,0,0,0,0,0,0,0,0,0,0,0,0,0,0,0
blángko,JJ,adjective,"expressionless, blank, empty.",-0.202,Negative,-1,-1,-1,-1,-1,-1,-1,-1,-1,-1,-1,-1,-1,-1,-1,-1,-1,-1,-1,-1,1
blángko,NN,noun,empty space provided on a piece of paper.,-0.202,Negative,-1,0,-1,-1,0,-1,-1,1,-1,-1,1,-1,-1,-1,-1,-1,-1,0,-1,1,-1
blósa,NN,noun,"blouse, top.",0.202,Positive,1,0,1,1,0,1,1,1,1,1,1,-1,1,0,1,-1,1,1,1,1,1
bobo,VB,verb,to pour out or over,0,Neutral,0,0,0,0,0,0,0,0,0,0,0,-1,0,0,0,0,0,0,0,-1,0
bobo,NN,noun,baptism without ceremony,0,Neutral,0,0,0,0,0,0,0,0,0,0,1,0,0,0,0,0,0,0,0,1,0
bodega,NN,noun,"cellar , storeroom , warehouse",0,Neutral,0,0,0,0,0,0,0,0,0,0,0,0,1,0,0,0,0,0,0,0,0
bodéga,NN,noun,"warehouse, storage, cellar.",0,Neutral,0,0,0,0,0,0,0,0,-1,-1,0,0,0,0,0,0,0,0,0,0,0
bohawi,NN,noun,"cyclone , whirlwind",0,Neutral,0,0,0,0,0,0,0,0,0,0,0,0,0,1,0,0,0,0,0,0,0
bohok,NN,noun,hair,0,Neutral,0,0,0,0,0,0,-1,0,0,0,0,-1,0,0,1,0,0,0,0,0,0
bokabularyo,NN,noun,vocabulary,0,Neutral,0,0,0,0,0,0,0,0,0,0,0,0,0,-1,0,0,0,0,1,0,0
bokabuláryo,NN,noun,vocabulary.,0,Neutral,0,0,0,0,0,0,0,0,0,1,0,-1,0,0,0,0,0,0,0,0,0
bokbok,NN,noun,a type of boring insect,-0.318,Negative,-1,0,-1,-1,0,0,-1,1,-1,-1,-1,-1,-1,1,-1,-1,-1,-1,-1,-1,-1
bokbok,VB,verb,"crush , grind , mash , pound , powderise",-0.153,Negative,-1,0,-1,-1,0,0,-1,-1,-1,-1,-1,-1,-1,-1,-1,-1,-1,-1,-1,-1,0
bokhon,JJ,adjective,hairy,0,Neutral,0,0,0,0,0,0,0,0,0,0,0,0,0,0,0,0,0,0,0,0,0
boko-boko,NN,noun,ankle,0,Neutral,0,0,0,0,0,0,0,0,1,1,0,0,0,0,0,1,0,0,0,0,-1
bokol,NN,noun,"bud , flower",0,Neutral,0,0,0,0,0,0,-1,1,0,0,-1,0,1,0,0,0,0,0,0,0,0
bokol,NN,noun,knob,0,Neutral,0,0,0,0,0,0,0,0,0,0,0,0,0,0,0,0,0,0,0,1,0
bola,NN,noun,ball,0,Neutral,0,0,0,0,0,0,0,0,0,0,0,0,0,0,0,0,0,-1,0,1,0
bóla,NN,noun,"ball, round object.",0,Neutral,0,0,0,0,0,0,0,-1,0,0,1,1,0,0,0,0,0,0,0,0,0
bolkan,NN,noun,volcano,0,Neutral,0,0,0,0,0,0,0,0,-1,0,0,0,-1,0,-1,0,0,1,0,0,0
bolkán,NN,noun,volcano.,0,Neutral,0,0,0,0,0,0,0,0,0,0,0,0,0,0,0,0,1,0,0,0,0
bómba,NN,noun,"bomb, hand pump for water.",0,Neutral,0,0,0,0,0,0,0,0,0,-1,0,0,0,0,0,0,0,0,0,0,0
bombéro,NN,noun,fireman.,0,Neutral,0,0,0,0,0,0,0,0,0,0,0,0,0,0,-1,0,0,0,0,0,0
bombílya,NN,noun,electric bulb.,0,Neutral,0,0,0,0,0,0,0,0,0,0,0,0,0,0,0,0,0,0,1,0,0
bómbo,NN,noun,drum.,0,Neutral,0,0,0,0,0,0,0,0,0,0,0,0,0,0,0,0,0,0,0,-1,1
boradór,NN,noun,eraser.,0,Neutral,0,0,0,0,0,0,0,0,0,0,0,0,0,0,-1,0,0,0,0,0,0
bórda,NN,noun,"embroidery, design.",0,Neutral,0,0,0,0,0,0,0,0,0,0,0,-1,0,0,0,0,0,0,0,1,-1
bórda,VB,verb,to embroider.,0,Neutral,0,0,0,0,0,0,0,0,0,0,0,0,0,0,1,1,0,0,0,0,1
botélya,NN,noun,bottle.,0,Neutral,0,0,0,0,0,0,0,0,0,0,0,-1,0,0,0,0,0,0,0,-1,0
botíka,NN,noun,"medicine store, drug store.",0,Neutral,0,0,0,0,0,0,0,0,0,0,0,0,-1,0,0,0,0,0,0,0,0
bóto,NN,noun,vote.,0,Neutral,0,0,0,0,0,0,0,0,0,0,0,-1,0,0,0,0,0,0,0,0,0
bóto,VB,verb,"to vote, to cast a vote.",0,Neutral,0,0,0,0,0,0,0,0,0,0,1,0,0,0,0,-1,1,0,0,0,0
botones,NN,noun,button,0,Neutral,0,0,0,0,0,0,0,0,0,0,1,0,0,-1,0,0,0,-1,0,0,0
buas,RB,adverb,tomorrow,0,Neutral,0,0,0,0,0,0,0,0,0,0,0,0,0,0,0,0,0,0,0,0,0
búbu,VB,verb,"to baptize, to pour water into a container.",0,Neutral,0,0,0,0,0,0,1,0,0,0,0,0,0,0,1,-1,1,0,0,0,0
bubún,NN,noun,well.,0.273,Positive,1,1,1,1,0,0,1,1,1,-1,0,1,1,1,1,1,1,0,-1,1,0
bubungán,NN,noun,roof.,0,Neutral,0,0,0,0,0,0,0,0,0,1,0,0,0,-1,-1,0,-1,0,0,0,0
budhi,NN,noun,"betrayal , treachery , foul play",-0.34,Negative,-1,-1,-1,-1,-1,-1,-1,-1,0,-1,-1,-1,-1,-1,-1,-1,-1,-1,-1,-1,0
budhi,VB,verb,"deceive , betray",-0.784,Negative,-1,-1,-1,-1,-1,-1,-1,-1,0,1,-1,1,-1,-1,-1,-1,1,-1,-1,-1,0
búdhi’,NN,noun,"conscience, inner self.",0,Neutral,0,1,0,0,0,1,0,0,0,0,0,0,0,0,0,1,0,0,1,0,0
búdhi’,VB,verb,"to betray, to be faithless, to be disloyal.",-0.735,Negative,-1,-1,-1,-1,-1,-1,-1,0,-1,-1,-1,-1,-1,-1,1,-1,-1,-1,-1,-1,0
budiong,NN,noun,trumpet ; horn,0,Neutral,0,0,0,0,0,0,0,0,0,0,0,0,-1,0,0,0,0,0,0,0,1
búdlay,JJ,adjective,"difficult, hard.",-0.44,Negative,-1,-1,-1,-1,-1,-1,1,-1,-1,0,-1,-1,-1,-1,0,-1,-1,-1,-1,-1,-1
búdlay,VB,verb,"to feel the difficulty, to tire.",-0.34,Negative,-1,-1,-1,-1,-1,-1,-1,-1,-1,-1,-1,0,0,-1,-1,-1,-1,-1,1,-1,1
budyong,NN,noun,alternative spelling of budióng,0,Neutral,0,0,0,0,0,0,0,0,1,0,0,0,0,0,0,0,0,0,1,0,0
bug-at,JJ,adjective,heavy ; hefty,0,Neutral,0,0,0,0,0,0,0,-1,0,-1,-1,0,0,0,0,0,0,0,0,0,0
bug-at,NN,noun,gravity,0,Neutral,0,0,0,0,0,0,0,0,0,0,0,0,0,0,0,1,0,0,0,0,0
bug-os,JJ,adjective,"complete , whole",0,Neutral,0,0,0,0,0,0,0,0,0,0,0,0,0,0,0,0,0,-1,0,0,0
bug-os,VB,verb,do something completely,0,Neutral,0,0,0,0,0,0,-1,0,0,0,0,0,0,0,0,0,0,0,0,0,0
bugá,VB,verb,"to belch forth, to spit out as a volcano.",0,Neutral,0,0,0,0,0,0,0,0,0,0,0,0,0,1,0,0,0,0,0,0,0
bugal,JJ,adjective,arrogant,-0.494,Negative,-1,-1,-1,-1,-1,-1,-1,1,-1,-1,-1,1,-1,-1,-1,-1,-1,0,-1,-1,-1
bugál,NN,noun,"pride, haughtiness.",0.34,Positive,1,0,1,1,0,1,1,1,1,1,0,1,1,1,1,1,0,1,1,1,0
bugál,VB,verb,"to be proud, to show off.",0.477,Positive,1,1,1,1,1,1,1,1,1,0,1,1,1,1,-1,1,1,1,1,1,1
bugál,JJ,adjective,"plentiful, abundant.",0,Neutral,0,1,0,0,1,0,0,0,-1,0,0,0,0,0,0,0,0,0,0,0,0
bugál,VB,verb,"to be plentiful, to progress.",0.421,Positive,1,1,1,1,1,1,1,1,1,1,0,1,1,1,0,0,1,1,-1,1,-1
bugalon,VB,verb,to be or become proud,0.477,Positive,1,1,1,1,-1,1,1,1,1,0,0,1,1,1,1,1,1,1,1,1,-1
bugas,NN,noun,"milled rice , white rice",0,Neutral,0,0,0,0,0,0,1,0,0,0,0,0,-1,0,0,0,0,0,-1,0,0
bugas,NN,noun,pimple,0,Neutral,0,0,0,0,0,0,-1,0,0,0,0,0,0,0,0,0,0,0,-1,0,0
bugas,VB,verb,to hull rice,0,Neutral,0,0,0,0,0,0,0,0,0,0,0,0,0,0,1,0,1,0,0,0,0
bugás,NN,noun,unhusked rice grains.,0,Neutral,0,0,0,0,0,0,0,0,0,0,0,0,0,-1,0,0,0,-1,0,-1,0
bugay,NN,noun,"gift , present",0.44,Positive,1,0,1,1,0,1,1,1,1,1,1,1,1,-1,1,0,1,1,-1,1,1
bugay,NN,noun,donation,0,Neutral,0,0,0,0,0,0,0,0,0,0,1,0,0,1,0,0,0,0,0,0,0
bugay,VB,verb,( charitable ) to make a gift or donation,0.681,Positive,1,1,1,1,1,1,1,1,1,1,1,1,1,-1,1,1,1,1,1,1,1
bugáy,NN,noun,"grace, bounty, blessing.",0.718,Positive,1,1,1,1,1,1,1,1,0,1,1,1,1,1,1,-1,1,1,1,-1,1
bugáy,VB,verb,"to shower with blessings, to give grace.",0.743,Positive,1,1,1,1,1,1,1,1,1,1,1,1,1,1,1,1,1,-1,1,1,0
buggaitan,JJ,adjective,"prominent , famous , outstanding , excelling , excellent , surpassing others in skill, the best of its kind",0.969,Positive,1,1,1,1,1,1,1,1,1,1,1,1,1,-1,1,0,-1,1,1,1,-1
bugkos,NN,noun,"bundle , parcel",0,Neutral,0,0,0,0,0,0,0,0,0,0,-1,0,-1,0,0,0,0,0,0,0,0
bugkos,VB,verb,to tie,0,Neutral,0,0,0,0,0,0,0,0,0,0,1,0,0,0,0,0,0,0,0,0,1
búgkus,NN,noun,"bundle, string used to tie a package.",0,Neutral,0,0,0,0,0,0,0,0,-1,0,1,0,0,0,0,0,1,0,0,0,0
búgkus,VB,verb,"to bundle together, to tie with a string.",0,Neutral,0,0,0,0,0,0,0,1,0,0,0,0,0,0,0,0,-1,0,0,0,0
bugnaw,JJ,adjective,"chill , frigidity",0,Neutral,0,0,0,0,0,0,-1,1,0,0,0,0,0,0,0,0,0,0,0,0,0
búgnu’,VB,verb,"to greet, to speak to, to interact with.",0.318,Positive,1,1,1,1,1,1,1,1,0,1,0,1,1,1,1,1,1,1,0,1,1
búgras,VB,verb,"of string, to break off, to snap off.",0,Neutral,0,0,0,0,0,0,1,0,0,0,1,0,0,0,0,0,0,0,0,0,0
bugsay,NN,noun,"oar , paddle",0,Neutral,0,0,0,0,0,0,0,0,0,0,0,0,0,0,0,0,-1,0,0,0,0
bugsay,VB,verb,to oar or paddle,0,Neutral,0,0,0,0,0,0,0,0,0,0,0,1,0,0,0,0,0,0,-1,0,0
búgsay,NN,noun,oar.,0,Neutral,0,0,0,0,0,0,0,-1,0,-1,0,0,0,0,0,1,0,0,0,0,0
búgsay,VB,verb,"to row, to strike the water with an oar.",-0.128,Negative,-1,0,-1,-1,0,-1,-1,-1,-1,-1,-1,-1,1,-1,-1,-1,-1,1,-1,0,-1
búgsuk,VB,verb,"to erect by driving into the soil, to thrust through with force to make it stand.",0,Neutral,0,0,0,0,0,0,0,0,0,0,1,0,0,1,0,0,0,-1,-1,0,0
búgtaw,VB,verb,"to waken, to awake.",0,Neutral,0,0,0,0,0,0,0,0,0,0,0,0,-1,0,-1,0,0,0,0,0,0
bugto,VB,verb,"break , disconnect",0,Neutral,0,0,0,0,0,0,0,0,0,0,0,0,0,0,0,0,0,0,0,-1,0
búgtung,JJ,adjective,"alone, one and only.",-0.25,Negative,-1,0,-1,-1,0,-1,-1,-1,0,-1,-1,1,-1,0,1,-1,0,1,-1,-1,1
búgtung,NN,noun,only-child.,0,Neutral,0,0,0,0,0,0,0,0,0,0,0,0,1,-1,0,1,0,0,1,-1,0
búgtu’,VB,verb,"to snap, to break off.",0,Neutral,0,0,0,0,0,0,0,0,0,0,0,0,0,0,0,0,0,0,1,0,0
búg’at,JJ,adjective,"heavy, burdensome, cumbersome.",-0.421,Negative,-1,0,-1,-1,-1,0,-1,-1,-1,-1,-1,-1,1,-1,-1,-1,-1,-1,-1,-1,-1
búg’us,JJ,adjective,"entire, complete, whole-hearted.",0,Neutral,0,0,0,0,0,0,0,0,0,0,0,0,0,0,0,0,1,0,0,0,0
buhaha,JJ,adjective,"heedless , lavish , prodigal , wasteful",0,Neutral,0,0,0,0,-1,0,0,0,1,-1,0,1,0,-1,-1,1,0,0,0,0,0
buhaha,JJ,adjective,spendthrift,0,Neutral,0,0,0,0,0,0,0,1,0,0,0,0,0,0,0,0,-1,-1,-1,0,0
buhaha,NN,noun,spendthrift,0,Neutral,0,0,0,0,0,0,0,0,0,0,0,0,1,0,0,0,1,1,0,0,1
buhahá’,JJ,adjective,"lavish, extravagant, spend-thrift.",0,Neutral,0,0,0,0,-1,0,0,0,0,0,0,0,0,0,0,0,0,0,0,0,0
buhat,JJ,adjective,"done , finished",0,Neutral,0,0,0,0,0,0,1,1,0,0,0,0,0,0,0,0,0,0,0,0,-1
buhat,NN,noun,"deed , work , action",0,Neutral,0,0,0,0,0,0,0,0,0,0,1,-1,0,1,0,0,1,0,0,0,0
buhat,VB,verb,"to act , do , make , perform , accomplish",0.421,Positive,1,0,1,1,0,0,1,1,1,1,1,1,1,1,1,1,-1,0,1,1,1
búhat,VB,verb,"to do, to make, to perform.",0,Neutral,0,0,0,0,0,0,0,0,0,0,0,0,0,0,0,-1,1,0,0,0,0
buháwi’,NN,noun,tornado.,0,Neutral,0,-1,0,0,0,-1,0,0,0,0,0,0,0,0,0,0,1,0,0,1,0
buhi,JJ,adjective,alive antonym: patay,0.382,Positive,1,1,1,1,1,1,1,1,1,1,1,1,-1,0,1,1,0,1,1,1,1
buhin,NN,noun,subtraction,0,Neutral,0,0,0,0,0,0,0,0,0,0,0,0,0,0,0,0,0,0,0,0,0
buhin,VB,verb,"to lessen , subtract , or diminish",0,Neutral,0,0,0,0,0,0,0,0,0,0,0,0,0,0,0,0,0,0,0,0,0
búhin,VB,verb,"to subtract, to deduct, to decrease, to lessen.",0,Neutral,0,0,0,0,0,0,0,0,0,0,0,0,-1,0,0,0,0,0,0,0,-1
buhis,NN,noun,( historical ) a tribute,0,Neutral,0,0,0,0,0,0,1,0,0,0,-1,0,1,0,0,0,0,0,0,0,0
buhis,NN,noun,"duty , revenue , tax",0,Neutral,0,0,0,0,0,0,0,0,-1,-1,0,0,0,0,0,-1,0,-1,0,0,0
buhis,NN,noun,toll,0,Neutral,0,0,0,0,0,0,0,1,-1,1,0,0,0,0,0,0,0,0,0,0,0
buhis,NN,noun,tribute,0,Neutral,0,0,0,0,0,0,0,0,0,0,0,0,-1,1,0,1,0,0,0,1,0
buhís,NN,noun,"tax, levy.",0,Neutral,0,0,0,0,0,0,0,0,0,0,1,0,0,0,0,0,0,-1,1,0,0
buhís,VB,verb,to levy tax.,0,Neutral,0,0,0,0,0,0,0,1,0,0,0,0,0,0,0,0,0,0,0,0,0
buhí’,JJ,adjective,alive.,0.382,Positive,1,1,1,1,1,1,1,0,1,1,1,0,1,1,1,0,1,1,1,1,1
búhi’,VB,verb,"to set free, to unhand, to ignite as of fire-crackers.",0.511,Positive,1,1,1,1,1,1,1,1,1,1,1,1,1,1,1,1,1,1,1,1,1
buho,NN,noun,"crevice , hole , opening , perforation , pit , vent",0,Neutral,0,0,0,0,0,0,0,0,0,0,0,0,-1,0,0,0,0,0,0,0,0
buho-buho,NN,noun,"diminutive of búhò : a small hole , perforation , or pore",0,Neutral,0,0,0,0,0,0,0,0,0,0,0,0,0,0,0,0,0,0,-1,0,1
buhok,NN,noun,alternative spelling of bohók,0,Neutral,0,0,0,0,0,0,0,0,0,0,1,1,0,0,0,0,0,0,0,0,0
buhúk,NN,noun,hair on the head.,0,Neutral,0,0,0,0,0,0,0,0,0,0,0,0,0,0,-1,0,0,0,0,0,1
búhu’,NN,noun,"hole, crevice, aperture.",0,Neutral,0,0,0,0,0,0,1,0,0,0,0,0,0,-1,-1,0,0,0,-1,0,0
búhu’,VB,verb,to bore or drill a hole.,-0.25,Negative,-1,0,-1,-1,0,0,-1,-1,-1,-1,-1,-1,-1,-1,0,-1,-1,-1,-1,1,-1
buk-on,VB,verb,to cut or open,-0.273,Negative,-1,0,-1,-1,0,0,0,-1,-1,-1,-1,0,-1,-1,-1,-1,-1,-1,0,-1,-1
búkad,VB,verb,"to open, to unfold, to bloom, to undo a package.",0,Neutral,0,0,0,0,0,0,0,-1,1,0,0,0,0,0,0,0,-1,-1,0,0,0
bukadkad,VB,verb,"to bloom , blossom , or flower",0,Neutral,0,0,0,0,0,0,0,0,0,0,0,0,0,0,0,0,1,0,0,0,0
bukál,NN,noun,"bubble, froth.",0,Neutral,0,0,0,0,0,0,0,0,0,0,1,1,0,0,0,0,0,0,0,0,0
bukál,VB,verb,"to boil, to bubble.",0,Neutral,0,0,0,0,0,0,0,0,0,0,0,0,0,-1,0,0,0,1,0,0,0
bukana,NN,noun,mouth ( of a river ),0,Neutral,0,0,0,0,0,0,1,0,0,1,0,0,0,0,0,0,0,0,0,0,0
bukas,JJ,adjective,"candid , open synonym: serado",0,Neutral,0,0,0,0,0,0,0,0,0,0,0,1,0,0,-1,0,0,0,0,0,0
bukás,JJ,adjective,"opened, candid.",0,Neutral,0,0,0,0,0,0,0,0,0,0,0,0,0,-1,0,0,0,0,0,0,1
bukás,VB,verb,"to open, to unfold, to begin.",0,Neutral,0,0,0,0,0,0,0,0,0,0,1,0,0,0,0,0,0,0,1,0,0
bukaw,NN,noun,owl,0,Neutral,0,0,0,0,0,0,1,-1,1,0,-1,0,0,0,0,0,0,0,0,0,0
búkaw,NN,noun,owl.,0,Neutral,0,0,0,0,0,0,0,0,0,0,0,0,1,0,0,0,0,-1,-1,0,0
buká’,NN,noun,"opening, crack.",0,Neutral,0,0,0,0,0,0,0,0,0,1,0,0,0,0,0,-1,0,0,0,0,0
buká’,JJ,adjective,"open, cut, split, cracked.",-0.273,Negative,-1,0,-1,-1,0,0,-1,-1,-1,-1,-1,-1,-1,-1,-1,-1,-1,-1,-1,-1,-1
buká’,VB,verb,"to cut open, to crack.",-0.273,Negative,-1,0,-1,-1,0,-1,-1,-1,0,-1,-1,-1,-1,-1,-1,-1,-1,-1,-1,-1,-1
búkbuk,NN,noun,weevil.,0,Neutral,0,0,0,0,0,0,0,0,0,0,0,0,0,0,0,0,0,0,0,0,-1
búkbuk,VB,verb,"to crash, to grind, to make into powder.",-0.402,Negative,-1,0,-1,-1,0,-1,-1,-1,-1,-1,-1,-1,-1,-1,-1,1,-1,-1,-1,-1,0
bukid,NN,noun,mountain,0,Neutral,0,0,0,0,0,0,0,0,0,0,-1,0,0,0,0,0,0,0,0,0,1
bukid,NN,noun,hill synonym: bakolod,0,Neutral,0,0,0,0,0,0,0,0,0,0,0,0,0,0,0,0,0,0,0,0,0
búkid,NN,noun,"hill, mountain.",0,Neutral,0,0,0,0,0,0,0,0,0,0,0,1,1,0,0,0,0,0,1,-1,0
bukidnon,JJ,adjective,"coarse , rough , uncultured , uncouth",0,Neutral,0,0,0,0,0,0,0,0,0,0,0,0,0,0,0,0,0,0,0,0,0
bukidnon,NN,noun,mountaineer,0,Neutral,0,0,0,0,0,0,0,0,0,0,0,0,0,0,0,0,0,0,0,0,0
buksan,VB,verb,open,0,Neutral,0,0,0,0,0,0,0,0,-1,0,0,0,0,0,1,0,0,0,0,0,0
búktut,NN,noun,hunchback.,0,Neutral,0,0,0,0,0,0,-1,0,0,0,0,0,0,0,0,-1,0,0,0,0,0
bukú,NN,noun,"node, joint.",0,Neutral,0,0,0,0,0,0,0,0,0,0,0,0,0,0,0,0,-1,0,0,0,0
bukúbukú,NN,noun,"joint, ankle.",0,Neutral,0,0,0,0,0,0,0,0,0,0,0,0,0,0,0,0,0,0,0,0,0
búkud,JJ,adjective,"secure, strong.",0.691,Positive,1,1,1,1,1,1,1,0,1,1,1,0,1,1,1,1,-1,-1,-1,1,1
bukúl,NN,noun,"lump, swelling, protuberance; of plants, bud.",0,Neutral,0,-1,0,0,0,0,0,0,0,0,0,0,0,0,0,0,0,-1,-1,1,1
búkut,VB,verb,"to confine, to isolate, to pen or coop up.",-0.202,Negative,-1,-1,-1,-1,-1,-1,-1,-1,-1,-1,-1,0,-1,0,1,-1,-1,-1,-1,-1,-1
búku’,NN,noun,"plan, proposal, intention, proposition.",0,Neutral,0,0,0,0,0,0,0,0,0,0,1,0,0,-1,0,0,0,0,0,0,0
búku’,VB,verb,"to say, to plan, to think of, to intent to.",0,Neutral,0,0,0,0,0,0,0,-1,0,-1,0,0,0,0,0,0,0,0,0,0,0
bulád,VB,verb,"to spread out, to dry in the sun.",0,Neutral,0,0,0,0,0,0,0,0,0,-1,0,0,0,-1,-1,0,0,0,0,0,1
bulador,NN,noun,kite,0,Neutral,0,0,0,0,0,0,0,0,0,0,0,0,0,0,-1,0,0,0,0,0,0
buladúr,NN,noun,kite.,0,Neutral,0,0,0,0,0,0,0,0,0,0,0,0,0,0,0,0,0,0,0,0,0
bulág,NN,noun,"blind, beggar.",-0.402,Negative,-1,-1,-1,-1,0,-1,-1,-1,-1,-1,-1,1,-1,0,0,-1,-1,-1,-1,-1,-1
bulág,JJ,adjective,"depravity in eyesight, blind.",-0.402,Negative,-1,-1,-1,-1,-1,-1,-1,-1,-1,-1,-1,-1,-1,-1,-1,-1,-1,-1,-1,1,-1
búlag,VB,verb,"to divorce, to sever, to separate, to depart.",0,Neutral,0,-1,0,0,-1,0,0,0,0,0,0,0,1,0,0,1,0,0,0,0,0
bulahan,JJ,adjective,fortunate,0.44,Positive,1,1,1,1,1,1,1,1,0,1,1,1,1,1,1,1,1,1,1,1,0
buláhan,JJ,adjective,"fortunate, lucky.",0.691,Positive,1,1,1,1,1,1,1,0,1,1,1,1,1,1,1,1,1,0,1,1,1
bulak,NN,noun,"blossom , flower",0,Neutral,0,0,0,0,0,0,0,0,0,0,1,0,0,0,0,0,0,0,0,0,1
bulak,VB,verb,"blossom , flower",0,Neutral,0,0,0,0,0,0,0,0,0,0,0,0,0,-1,-1,0,0,0,0,1,0
búlak,NN,noun,"flower, blossom, cotton fibers.",0,Neutral,0,0,0,0,0,0,0,0,0,0,0,0,0,0,0,0,0,0,0,0,0
búlak,VB,verb,"to bloom, to flower.",0,Neutral,0,0,0,0,0,0,0,0,0,0,0,0,1,0,0,0,-1,0,1,0,0
bulak-bulak,NN,noun,diminutive of búlak,0,Neutral,0,0,0,0,0,0,0,0,0,1,0,-1,0,0,1,0,0,0,0,0,0
bulakbol,NN,noun,truant,0,Neutral,0,0,0,0,0,0,0,-1,0,0,0,1,-1,0,0,0,0,0,1,-1,0
bulakbol,VB,verb,to play truant,0.34,Positive,1,0,1,1,0,1,1,1,-1,1,1,1,0,1,1,1,1,1,1,1,1
bulákwit,VB,verb,"to snatch, to seize.",0,Neutral,0,-1,0,0,0,-1,0,1,0,0,0,1,0,0,0,0,0,0,0,0,0
bulalakaw,NN,noun,( visayan mythology ) a deity described as a shining bird or human-bird hybrid,0,Neutral,0,0,0,0,0,0,0,1,0,0,1,0,0,0,0,0,0,0,0,0,1
bulalakaw,NN,noun,"a meteorite , shooting star",0,Neutral,0,0,0,0,0,0,-1,0,0,0,0,0,1,0,0,0,0,0,1,1,0
bulan,NN,noun,moon ( largest natural satellite of planet earth ),0.361,Positive,1,0,1,1,0,1,1,1,1,-1,-1,0,1,1,1,1,1,1,1,1,1
bulan,NN,noun,moon ( any substantially sized natural satellite of a planet ),0.417,Positive,1,0,1,1,0,1,1,1,1,1,-1,1,1,-1,1,1,1,1,1,1,1
bulan,NN,noun,month ( period into which a year is divided ),0,Neutral,0,0,0,0,0,0,0,0,1,0,0,0,0,0,0,0,0,0,0,0,-1
búlan,NN,noun,"month, moon.",0,Neutral,0,0,0,0,0,0,-1,0,0,0,0,0,1,0,0,0,0,0,0,0,0
búlanbulan,RB,adverb,"monthly, every month.",0,Neutral,0,0,0,0,0,0,0,1,0,0,-1,0,0,0,1,0,0,1,0,0,0
bulang,NN,noun,cockfight,0,Neutral,0,0,0,0,0,-1,0,0,0,1,0,0,-1,0,0,1,0,0,0,1,0
bulang,VB,verb,to cockfight,0,Neutral,0,0,0,0,0,0,0,0,1,0,0,0,0,0,1,0,0,0,1,0,0
búlang,VB,verb,to participate in a cockfight.,0,Neutral,0,0,0,0,0,0,0,0,0,0,1,0,0,0,-1,0,0,0,0,0,0
bulangan,NN,noun,cockpit,0,Neutral,0,0,0,0,0,0,-1,1,0,0,0,0,-1,0,0,0,0,-1,-1,0,0
búlaw,VB,verb,"to oversleep, to wake up later than usual, to waken late in the day.",0,Neutral,0,0,0,0,0,0,-1,0,0,0,1,0,0,0,0,0,0,1,0,0,0
bulawan,NN,noun,gold,0,Neutral,0,0,0,0,0,0,1,0,0,0,0,0,0,0,0,0,0,0,0,0,0
buláwan,NN,noun,"gold, raw gold metal.",0,Neutral,0,0,0,0,0,1,-1,0,0,0,0,0,0,1,0,0,-1,0,0,0,0
bulawanon,JJ,adjective,golden,0,Neutral,0,0,0,0,0,0,0,0,0,0,0,0,0,0,0,0,0,-1,0,0,0
bulá’,NN,noun,"bubble, froth, foam.",0,Neutral,0,0,0,0,0,0,0,0,0,-1,0,0,1,0,0,0,0,0,0,0,0
bulá’,VB,verb,"to bubble, to foam, to spume at the mouth.",0,Neutral,0,0,0,0,0,0,-1,0,-1,0,0,0,0,0,0,-1,0,0,0,0,0
búlbug,VB,verb,"to strike repeatedly, to beat against.",-0.128,Negative,-1,0,-1,-1,-1,-1,-1,-1,-1,-1,-1,-1,-1,-1,-1,-1,-1,1,-1,-1,-1
bulbul,NN,noun,fine hair,0.202,Positive,1,0,1,1,0,0,1,1,1,1,-1,1,1,1,1,1,1,1,1,1,0
bulbul,NN,noun,down ( soft hair of the face when beginning to appear ),0,Neutral,0,0,0,0,0,0,-1,0,0,0,0,0,0,0,0,0,0,0,0,0,0
bulbul,NN,noun,feathers,0,Neutral,0,0,0,0,0,0,0,0,0,0,0,0,-1,0,0,0,0,0,0,0,-1
bulgár,JJ,adjective,"vulgar, gaudy.",0,Neutral,0,-1,0,0,-1,0,0,0,-1,0,0,0,0,0,0,0,0,0,1,0,0
buli,NN,noun,buttock,0,Neutral,0,0,0,0,0,0,-1,0,-1,0,0,0,0,0,0,0,0,0,0,0,0
buli,VB,verb,polish,0,Neutral,0,0,0,0,0,0,0,0,1,0,0,0,0,-1,0,0,0,0,0,0,0
bulídbulíd,VB,verb,"to crumble, to roll over and over down a slope.",0,Neutral,0,0,0,0,0,0,0,0,0,0,0,0,-1,-1,-1,-1,0,0,0,0,1
bulig,NN,noun,"aid , help synonym: ayuda",0.402,Positive,1,0,1,1,0,1,1,1,1,1,1,1,1,1,1,1,1,1,1,1,1
búlig,NN,noun,"bunch of banana fruits intact on the trunk, help;  to help, to assist, to aid.",0.735,Positive,1,0,1,1,0,1,1,1,1,1,1,0,1,1,1,1,1,1,1,1,-1
buligan,VB,verb,"to aid , to help",0.402,Positive,1,0,1,1,0,0,1,1,1,1,0,0,1,1,1,-1,1,1,1,1,1
buling,NN,noun,"spot , stain",0,Neutral,0,0,0,0,0,0,0,0,0,0,0,0,1,0,0,0,0,0,0,0,0
buling,VB,verb,"stain , soil , dirty",-0.44,Negative,-1,0,-1,-1,0,-1,-1,-1,-1,-1,1,-1,-1,-1,-1,-1,-1,-1,-1,-1,-1
bulíng,NN,noun,soot.,0,Neutral,0,0,0,0,0,0,0,0,0,0,0,0,0,0,0,0,0,0,-1,0,0
bulinga,NN,noun,"fish eggs , roe",0,Neutral,0,0,0,0,0,0,0,0,0,0,0,0,0,1,1,1,0,0,0,0,0
bulí’,NN,noun,"anus, buttocks, rear.",0,Neutral,0,0,0,0,0,1,0,0,0,1,1,0,0,0,0,0,-1,0,0,0,0
bulto,NN,noun,"luggage , trunk or box",0,Neutral,0,0,0,0,0,0,0,0,0,-1,0,0,0,0,0,0,0,0,0,0,0
bulto,NN,noun,a carved statue,0,Neutral,0,0,0,0,0,0,0,0,0,0,0,0,0,0,0,0,0,0,0,0,0
búltu,NN,noun,"bulk, big bundle.",0,Neutral,0,0,0,0,0,0,0,0,0,0,0,0,0,-1,0,0,0,0,0,0,-1
buluadan,NN,noun,where animals are bred,0,Neutral,0,0,0,0,0,0,1,0,1,0,0,0,0,0,1,0,0,0,0,0,0
buluhatan,NN,noun,workshop,0,Neutral,0,0,0,0,0,0,-1,0,0,0,0,1,0,0,0,0,0,0,0,0,0
buluhaton,NN,noun,errand ; task,0,Neutral,0,0,0,0,0,0,0,0,0,0,1,0,0,0,0,0,-1,0,0,0,1
bulukutan,NN,noun,"enclosure , pen",0,Neutral,0,0,0,0,0,0,0,0,0,0,0,1,0,0,0,0,0,0,1,-1,0
bululngan,NN,noun,"clinic , hospital , medical center",0,Neutral,0,0,0,0,0,0,0,0,0,0,0,-1,0,0,0,1,1,0,0,0,0
bululngon,NN,noun,sick person,-0.511,Negative,-1,-1,-1,-1,-1,-1,-1,-1,-1,-1,-1,-1,0,0,-1,-1,-1,-1,-1,-1,-1
bulunakan,NN,noun,"laundry , laundry room , wash",0,Neutral,0,0,0,0,0,0,0,0,0,0,0,0,0,1,0,0,0,0,0,0,0
bulung,NN,noun,"drug , medicine",0,Neutral,0,0,0,0,0,0,0,0,0,0,0,0,0,0,0,0,0,0,-1,0,0
bulung,VB,verb,"spin , rotate",0,Neutral,0,0,0,0,0,0,0,0,0,0,0,0,0,0,0,0,0,0,-1,0,0
bulúng,NN,noun,"medicine, drug, cure.",0,Neutral,0,0,0,0,0,0,0,0,0,0,0,0,0,0,0,0,0,0,0,0,0
bulúng,VB,verb,"to cure, to doctor.",0,Neutral,0,1,0,0,1,1,0,1,0,0,0,0,0,1,0,0,0,0,0,0,0
bulungan,NN,noun,"spindle , spinning wheel",0,Neutral,0,0,0,0,0,0,0,0,0,0,0,0,-1,0,0,0,0,0,0,0,0
bulus,NN,noun,the beginning of a flood in a flooded river,0,Neutral,0,0,0,0,0,0,0,0,0,0,1,0,1,0,0,0,0,0,1,1,0
bulus,NN,noun,bale,0,Neutral,0,0,0,0,0,0,0,0,0,1,0,0,-1,1,0,0,1,0,0,0,0
bulus,VB,verb,to substitute,0,Neutral,0,0,0,0,0,0,0,0,0,0,0,0,0,0,0,0,0,0,-1,-1,-1
bulutangan,NN,noun,"holder , rack",0,Neutral,0,0,0,0,0,0,-1,0,0,0,0,0,0,0,1,-1,0,0,1,0,0
buluthoan,NN,noun,"place of reunion , meetinghouse",0,Neutral,0,0,0,0,0,0,0,0,0,0,0,0,0,0,0,1,0,0,-1,0,0
buluthoan,NN,noun,"school synonyms: eskuwela , eskuwelahan",0,Neutral,0,0,0,0,0,0,0,0,0,1,0,0,1,1,1,1,0,0,0,0,0
bumulutho,NN,noun,"schoolboy , schoolgirl , student",0,Neutral,0,0,0,0,0,0,1,0,0,0,0,0,0,0,0,0,0,0,1,0,0
bun-ag,NN,noun,birth,0,Neutral,0,0,0,0,0,0,1,-1,0,0,0,0,-1,0,0,0,0,0,-1,0,0
bun-ag,NN,noun,( medicine ) delivery,0,Neutral,0,0,0,0,0,0,0,0,0,0,0,0,0,0,0,0,1,0,0,-1,0
búnak,VB,verb,"to wet, to dampen.",0,Neutral,0,0,0,0,0,0,0,0,0,0,0,0,0,1,-1,0,0,-1,-1,0,0
búnak,JJ,adjective,wet.,0,Neutral,0,0,0,0,0,0,0,0,0,0,0,0,0,-1,0,0,0,0,0,-1,0
bunál,NN,noun,"whip, lash.",0,Neutral,0,0,0,0,0,0,0,0,0,0,0,0,0,0,0,0,0,0,-1,-1,0
bunál,VB,verb,"to trash, to strike with a whip.",-0.128,Negative,-1,-1,-1,-1,-1,0,0,-1,-1,-1,0,-1,-1,1,-1,-1,-1,-1,-1,0,-1
bunang,NN,noun,"thread , yarn",0,Neutral,0,0,0,0,0,0,0,0,0,1,0,0,0,0,0,0,0,0,0,0,1
bunáyag,JJ,adjective,"cordial, gracious.",0.557,Positive,1,1,1,1,1,1,1,-1,1,1,-1,1,1,1,1,1,1,0,1,1,-1
bunayag makig-atubang,JJ,adjective,genial,0.421,Positive,1,0,1,1,1,0,1,1,0,1,1,1,1,1,0,1,0,1,1,1,1
bunayag sing kabubut-on,JJ,adjective,cordial,0,Neutral,0,0,0,0,1,0,0,0,0,0,0,0,0,0,0,0,0,0,0,0,0
bundul,JJ,adjective,"slow , dull , deliberate in action",-0.402,Negative,-1,-1,-1,-1,-1,-1,-1,-1,-1,-1,-1,-1,-1,1,-1,-1,-1,-1,1,-1,-1
búndul,JJ,adjective,"slow, tardy.",0,Neutral,0,-1,0,0,-1,-1,0,0,0,0,-1,0,0,0,0,0,0,0,0,0,0
búnga,NN,noun,"fruit, consequence, result.",0,Neutral,0,0,0,0,0,0,0,0,-1,0,0,0,0,0,0,1,0,0,0,0,0
búnga,VB,verb,"to bear fruit, to result in.",0,Neutral,0,0,0,0,0,0,0,0,0,1,0,0,0,0,0,0,0,0,0,0,0
bungalon,NN,noun,"( botany ) vetiver grass , zacate grass",0,Neutral,0,0,0,0,0,0,0,0,0,0,0,0,0,0,0,1,0,0,0,0,0
bungansiso,NN,noun,whale,0,Neutral,0,0,0,0,0,0,0,0,0,0,0,0,0,0,-1,0,-1,0,0,1,1
bungát,VB,verb,"to speak out, to utter.",0,Neutral,0,0,0,0,0,0,0,0,-1,0,0,1,0,0,0,0,0,0,0,-1,0
bunggo,VB,verb,"bump , collide",-0.077,Negative,-1,0,-1,-1,-1,-1,-1,-1,-1,-1,-1,-1,-1,-1,-1,-1,-1,-1,0,-1,-1
bunggo,VB,verb,shove or throw with force,0,Neutral,0,0,0,0,0,0,-1,0,0,0,0,0,0,0,-1,1,0,0,0,0,0
búnggu’,VB,verb,"to bump against, to push against something with force.",0,Neutral,0,0,0,0,0,0,1,0,0,0,-1,0,0,0,0,1,0,0,0,0,0
bunghay,NN,noun,a party or group of people,0.402,Positive,1,0,1,1,0,0,-1,-1,1,1,1,1,1,1,1,1,1,0,1,0,1
bunghay,NN,noun,"troop , division",0,Neutral,0,0,0,0,0,0,0,0,0,0,0,-1,0,0,-1,0,1,1,0,0,0
bunghay,NN,noun,sect,0,Neutral,0,0,0,0,0,0,0,0,0,0,0,0,-1,1,0,-1,0,1,0,0,0
búnghay,NN,noun,"part, division.",0,Neutral,0,0,0,0,0,0,0,-1,0,0,0,0,0,0,0,0,0,0,0,0,1
búnghay,VB,verb,"to form a part of, to become divided.",0,Neutral,0,0,0,0,0,0,1,0,0,0,0,0,0,0,0,0,-1,0,0,0,0
bungil,NN,noun,harelip,0,Neutral,0,0,0,0,0,0,0,0,0,0,0,0,0,0,0,0,0,-1,0,0,0
búngkag,VB,verb,"to demolish, to take apart, to destroy, to dismantle.",-0.542,Negative,-1,-1,-1,-1,-1,-1,-1,-1,-1,1,1,-1,-1,-1,-1,-1,-1,-1,-1,-1,-1
bungot,NN,noun,beard,0,Neutral,0,0,0,0,0,0,0,0,0,0,0,0,0,0,0,0,1,0,0,0,0
búngtud,NN,noun,"low elevation of the ground, an elevation lower than a hill, slope.",-0.511,Negative,-1,-1,-1,-1,0,-1,-1,-1,-1,-1,1,1,-1,-1,-1,-1,-1,-1,-1,-1,0
bungul,JJ,adjective,deaf,0,Neutral,0,0,0,0,0,0,0,0,0,0,1,0,0,1,0,0,0,0,0,0,-1
bungul,NN,noun,a piece of bamboo,0,Neutral,0,0,0,0,0,0,0,0,0,0,0,0,0,0,0,1,0,0,0,0,-1
bungúl,NN,noun,deaf.,0,Neutral,0,0,0,0,0,0,0,0,0,0,0,0,0,0,1,0,0,0,0,0,0
búngut,NN,noun,"beard, whiskers, moustache.",0,Neutral,0,0,0,0,0,0,-1,0,-1,0,-1,0,0,1,0,0,0,0,-1,0,0
bunit,NN,noun,"( fishing ) : angle , hook",0,Neutral,0,0,0,0,0,0,0,0,0,0,0,0,0,-1,0,0,0,0,0,0,0
bunit,VB,verb,( fishing ) : to angle or hook,0,Neutral,0,0,0,0,0,0,0,0,0,0,0,0,0,0,0,0,0,-1,0,1,1
bunít,NN,noun,"fish hook, angle.",0,Neutral,0,0,0,0,0,0,0,0,0,0,0,0,0,0,0,0,0,0,0,0,0
bunít,VB,verb,"to hook, to fish, to angle.",0,Neutral,0,0,0,0,0,0,-1,0,-1,0,0,0,0,0,0,0,0,0,0,-1,0
búnlaw,VB,verb,"to rinse, to finish washing with clean water.",0.402,Positive,1,0,1,1,0,0,-1,-1,1,1,1,1,1,0,1,1,1,1,0,1,1
buntug,NN,noun,stye,0,Neutral,0,0,0,0,0,0,0,0,0,0,0,1,1,-1,1,0,0,0,0,0,0
buntug,VB,verb,"to bite , strike ( of snakes )",-0.128,Negative,-1,-1,-1,-1,-1,-1,-1,-1,1,-1,-1,-1,-1,-1,-1,-1,0,-1,-1,-1,1
búntul,VB,verb,"to throw to the ground, to attack with force so as to offset the balance.",-0.477,Negative,-1,-1,-1,-1,-1,-1,-1,-1,-1,-1,-1,0,-1,-1,1,-1,-1,0,-1,-1,-1
búnuk,NN,noun,"heavy rain, downpour.",0,Neutral,0,-1,0,0,-1,-1,-1,0,0,0,-1,0,0,1,0,0,-1,0,0,0,0
búnuk,VB,verb,to rain heavily.,0,Neutral,0,0,0,0,0,0,0,0,0,0,0,0,1,1,0,1,0,0,0,0,0
bunút,NN,noun,"coconut husk, scrub made from coconut husk.",0,Neutral,0,0,0,0,0,0,0,0,0,0,0,0,0,0,0,0,1,0,0,0,0
bunút,VB,verb,"to remove the husk from a coconut, to scrub the floor with a coconut husk.",0,Neutral,0,0,0,0,0,0,0,0,0,0,0,1,0,0,1,0,-1,-1,0,0,1
bunú’,VB,verb,"to stab with a sharp instrument, to pierce.",-0.586,Negative,-1,0,-1,-1,-1,0,1,-1,-1,-1,-1,-1,-1,-1,-1,-1,-1,-1,-1,-1,-1
bunyag,NN,noun,baptism,0,Neutral,0,0,0,0,0,0,0,0,0,0,-1,0,0,0,0,0,0,0,0,0,0
búnyag,NN,noun,baptism.,0,Neutral,0,0,0,0,0,0,0,0,0,0,0,0,0,0,0,0,0,0,0,0,0
búnyag,VB,verb,"to sprinkle, to water plants‚ to baptize.",0,Neutral,0,0,0,0,0,0,0,-1,0,0,0,0,0,0,0,0,0,0,0,0,0
bún’ag,VB,verb,to dry in the sun.,0,Neutral,0,0,0,0,0,0,0,0,1,0,0,1,-1,0,0,0,0,0,0,0,0
burangos,NN,noun,beard,0,Neutral,0,0,0,0,0,0,1,0,0,0,0,0,0,0,0,0,0,0,0,0,0
burará’,JJ,adjective,"extravagant, lavish.",0,Neutral,0,0,0,0,0,0,0,1,0,1,0,1,0,0,0,0,0,0,0,0,0
búrhut,VB,verb,"to fizz out, to puff.",0,Neutral,0,0,0,0,0,0,-1,0,0,0,0,0,0,0,1,0,0,0,0,0,0
burnil,VB,verb,to polish ; to shine,0,Neutral,0,0,0,0,0,0,-1,0,0,0,-1,0,1,0,0,0,0,0,0,0,0
burus,NN,noun,blister,0,Neutral,0,0,0,0,0,0,0,0,1,0,0,0,0,0,0,-1,0,1,0,0,-1
bus,NN,noun,"bus, public vehicle.",0,Neutral,0,0,0,0,0,0,0,-1,0,-1,0,-1,0,0,0,-1,0,0,0,0,0
bus-og,JJ,adjective,"pure , unadulterated ,",0,Neutral,0,0,0,0,0,0,0,0,0,0,0,-1,-1,0,0,0,0,0,0,-1,1
bus-og,JJ,adjective,unalloyed,0,Neutral,0,0,0,0,0,0,0,0,-1,0,0,0,0,0,0,0,0,0,0,1,0
busa,RB,adverb,"hence , so , therefore",0,Neutral,0,0,0,0,0,0,0,0,1,0,0,0,0,-1,0,0,1,-1,0,-1,0
busal,NN,noun,"bridle , muzzle",0,Neutral,0,0,0,0,0,0,0,0,0,0,0,0,1,0,0,0,0,0,1,0,0
busál,NN,noun,"of dogs, mouth cover to prevent biting.",0.026,Neutral,0,0,1,0,0,0,0,0,0,0,0,0,-1,-1,0,0,-1,0,0,0,0
busay,NN,noun,waterfall synonym: talogan,0,Neutral,0,0,0,0,0,0,0,0,0,0,1,0,0,-1,0,0,0,0,0,0,0
busay,NN,noun,spring synonym: bukal,0,Neutral,0,0,0,0,0,0,0,0,0,0,0,0,-1,0,0,0,0,0,0,0,0
busáy,NN,noun,"waterfall, spring.",0,Neutral,0,0,0,0,0,0,0,0,0,0,0,0,0,0,0,0,0,0,0,0,0
busá’ag,VB,verb,"to scatter into different directions, to break into pieces and scatter, to burst.",0,Neutral,0,0,0,0,0,0,1,0,0,0,0,-1,0,0,0,0,0,-1,0,0,0
búsbus,VB,verb,"to cut open, to perform a caesarian operation.",-0.273,Negative,-1,0,-1,-1,0,0,1,-1,-1,-1,-1,-1,-1,-1,0,1,-1,-1,-1,-1,1
búsdik,VB,verb,to split or burst open.,0,Neutral,0,0,0,0,0,0,0,0,0,0,0,1,0,0,0,0,0,0,0,0,0
busgon,JJ,adjective,satiated,0,Neutral,0,0,0,0,0,0,0,0,0,0,0,0,-1,0,0,0,0,0,0,0,0
busilak,NN,noun,"limestone , marble",0,Neutral,0,0,0,0,0,0,0,0,0,0,0,-1,0,1,0,0,-1,0,0,0,0
busisí’,JJ,adjective,"scrupulous, meticulous.",0,Neutral,0,0,0,0,0,0,0,0,0,0,1,0,0,0,0,0,-1,1,0,1,0
búskad,VB,verb,"to spread open as in a flower, to unfold.",0,Neutral,0,0,0,0,0,0,0,0,0,0,0,0,0,0,0,0,0,0,1,0,0
buslot,NN,noun,"aperture , hole",0,Neutral,0,0,0,0,0,0,0,-1,0,-1,0,0,-1,-1,0,1,0,0,0,0,0
buslot,NN,noun,"rent , gash",0,Neutral,0,0,0,0,0,0,0,1,0,0,0,0,0,-1,0,1,0,0,0,0,0
búslut,VB,verb,"to have a rent, to have a hole through the bottom.",0,Neutral,0,0,0,0,0,0,0,1,0,0,1,0,0,0,0,0,0,0,0,0,0
busol,NN,noun,seed synonym: liso,0,Neutral,0,0,0,0,0,0,0,0,0,0,0,0,0,0,0,0,0,0,0,1,0
busong,JJ,adjective,pregnant synonym: mabdos,0,Neutral,0,0,0,0,0,0,0,0,0,0,0,0,0,0,0,0,0,0,0,0,0
busug,JJ,adjective,"satiated , satisfied",0.421,Positive,1,0,1,1,0,1,1,1,1,1,1,1,0,1,1,0,1,1,1,1,1
busug,JJ,adjective,excruciating or painful,-0.802,Negative,-1,-1,-1,-1,-1,-1,-1,-1,-1,-1,-1,-1,-1,-1,-1,-1,-1,-1,1,-1,-1
busúg,JJ,adjective,"satiated, full, satisfied with food.",0.421,Positive,1,0,1,1,0,0,-1,1,-1,0,1,-1,1,-1,1,1,-1,-1,1,-1,1
búsul,NN,noun,seed.,0,Neutral,0,0,0,0,0,0,0,0,-1,0,1,0,0,0,0,0,0,0,1,0,0
busún,NN,noun,mailbox.,0,Neutral,0,0,0,0,0,0,0,0,0,0,0,0,0,1,0,0,0,-1,0,0,0
busung,JJ,adjective,alternative spelling of busong ( “ pregnant ” ),0,Neutral,0,0,0,0,0,0,0,0,0,0,0,1,0,0,-1,0,0,0,1,0,0
busúng,JJ,adjective,"pregnant, with child.",0,Neutral,0,0,0,0,0,0,0,0,0,0,0,0,0,0,0,0,0,0,0,0,0
busúng,VB,verb,to be pregnant.,0,Neutral,0,0,0,0,0,0,0,0,0,0,0,0,0,0,0,0,0,0,0,0,0
búswang,VB,verb,to break or burst and discharge pus.,0,Neutral,0,0,0,0,0,0,0,0,0,0,0,0,0,0,0,0,0,0,0,0,0
bús’ak,VB,verb,"to chop wood, to chop wood for firewood.",0,Neutral,0,0,0,0,0,0,0,0,0,0,0,0,0,0,0,-1,0,0,0,0,0
butad,JJ,adjective,"dark brown , dun",0,Neutral,0,0,0,0,0,0,1,0,0,0,0,1,0,0,0,0,0,0,0,0,0
butakal,NN,noun,boar,0,Neutral,0,0,0,0,0,0,0,0,0,0,0,0,0,-1,0,0,0,0,0,0,0
butang,NN,noun,"item , matter , stuff , thing",0.026,Neutral,0,0,1,0,0,0,0,0,0,0,0,0,0,0,0,0,0,-1,0,-1,0
butang,NN,noun,place,0,Neutral,0,0,0,0,0,0,0,1,0,1,0,0,0,0,0,1,1,0,0,0,0
butang,VB,verb,"to place an object, usually on a surface",0,Neutral,0,0,0,0,0,0,0,0,0,0,0,0,0,0,0,0,0,0,0,0,0
butáng,NN,noun,"thing, object.",0,Neutral,0,0,0,0,0,0,-1,0,0,1,0,0,0,0,0,0,0,0,0,-1,0
butáng,VB,verb,"to put down, to lay on a place.",0,Neutral,0,0,0,0,0,0,0,0,0,0,0,-1,0,0,0,-1,0,0,0,-1,0
butang-butang,NN,noun,"calumny , libel , or slander",0,Neutral,0,0,0,0,0,0,0,0,0,0,0,0,0,1,0,0,0,0,0,1,0
butángbútang,NN,noun,"rumor, false accusation.",-0.25,Negative,-1,-1,-1,-1,-1,0,-1,-1,-1,-1,-1,1,-1,-1,-1,-1,-1,0,-1,-1,-1
butángbútang,VB,verb,"to slander, to backbite, to spread false rumors.",0,Neutral,0,0,0,0,0,0,1,-1,-1,0,0,1,0,0,0,0,1,0,0,0,0
butho,VB,verb,"to visit ; to frequent synonyms: bisita , duaw",0,Neutral,0,0,0,0,0,0,0,1,0,0,0,1,0,0,0,0,-1,0,0,0,0
butho,VB,verb,to go to school synonym: eskuwela,0,Neutral,0,0,0,0,0,0,0,-1,0,0,0,0,0,1,0,0,0,0,0,-1,0
búthu’,VB,verb,"to go to school, to study, to learn.",0,Neutral,0,0,0,0,0,0,0,0,0,-1,0,0,0,0,-1,0,0,0,-1,0,0
buti,JJ,adjective,cracked or split,0,Neutral,0,0,0,0,0,0,0,0,0,-1,0,0,0,0,0,0,-1,0,0,-1,0
buti,NN,noun,cataract,0,Neutral,0,0,0,0,0,0,0,0,0,0,0,0,0,0,0,0,0,0,0,0,0
buti,VB,verb,frolic or play,0.34,Positive,1,1,1,1,1,1,1,1,1,1,1,1,1,1,1,1,0,1,1,1,1
butí,NN,noun,small pox.,0,Neutral,0,0,0,0,0,0,0,0,0,0,0,0,0,0,0,0,1,0,0,0,0
butig,NN,noun,"lie , untruth",0,Neutral,0,0,0,0,0,0,1,0,0,0,0,-1,0,-1,0,0,0,1,0,0,0
butíg,NN,noun,"lie, falsehood.",0,Neutral,0,0,0,0,0,0,0,0,1,0,1,1,0,0,0,0,0,0,0,0,0
butíg,JJ,adjective,"liar, sly.",-0.511,Negative,-1,-1,-1,-1,-1,-1,-1,-1,-1,1,-1,-1,1,-1,-1,-1,-1,-1,-1,-1,-1
butíg,VB,verb,"to tell a lie, to make a false statement.",0,Neutral,0,-1,0,0,-1,-1,0,0,0,0,0,0,0,0,0,0,0,0,1,0,1
butigon,JJ,adjective,"misleading , sly",-0.402,Negative,-1,-1,-1,-1,-1,-1,-1,-1,-1,-1,-1,0,-1,-1,-1,-1,-1,0,1,-1,1
butigon,NN,noun,"liar , fibber",-0.511,Negative,-1,-1,-1,-1,-1,-1,1,-1,-1,-1,-1,-1,1,0,0,-1,-1,-1,-1,-1,-1
butiti,NN,noun,pufferfish,0,Neutral,0,0,0,0,0,0,1,1,0,0,0,0,0,0,0,0,0,1,0,0,0
butí’,VB,verb,to pop like a corn or rice.,0.361,Positive,1,0,1,1,0,0,-1,1,1,1,1,-1,-1,1,1,1,1,1,1,1,1
butkon,NN,noun,( anatomy ) arm,0,Neutral,0,0,0,0,0,0,0,1,0,0,0,0,0,0,0,0,0,0,0,0,0
bútkun,NN,noun,arm.,0,Neutral,0,0,0,0,0,0,0,0,0,0,0,0,0,0,0,0,0,0,0,0,0
bútlak,VB,verb,"of the sun, to rise.",0,Neutral,0,0,0,0,0,0,0,0,0,0,0,0,0,0,0,0,0,1,0,0,0
buto,NN,noun,( anatomy ) penis,0,Neutral,0,0,0,0,0,0,0,0,0,1,0,0,0,0,0,0,1,0,0,0,0
butok,VB,verb,to make or force an animal to lie down on its side,0,Neutral,0,0,0,0,0,0,0,0,0,0,0,1,0,0,-1,0,0,0,0,0,0
butok-butok,JJ,adjective,diligent,0,Neutral,0,0,0,0,0,0,0,0,0,0,1,0,-1,0,0,1,0,-1,0,0,0
butok-butok,VB,verb,diminutive of butók,0,Neutral,0,0,0,0,0,0,0,0,1,-1,0,0,0,0,0,0,0,0,0,0,0
butónes,NN,noun,button.,0,Neutral,0,0,0,0,0,0,0,0,0,0,0,-1,0,0,0,0,0,0,0,0,-1
butúd,JJ,adjective,"bloated, distended.",0,Neutral,0,0,0,0,0,0,0,0,1,1,0,0,0,0,-1,0,0,0,0,0,0
butúd,VB,verb,"to become bloated, to suffer from the wind.",-0.542,Negative,-1,-1,-1,-1,-1,-1,-1,-1,-1,-1,-1,-1,-1,-1,-1,-1,1,-1,-1,-1,-1
bútung,VB,verb,"to pull, to drag.",-0.226,Negative,-1,-1,-1,-1,0,-1,-1,-1,0,-1,-1,1,-1,-1,-1,-1,-1,-1,-1,0,-1
butwas,VB,verb,raise something to the surface,0,Neutral,0,0,0,0,0,0,0,0,0,1,0,0,0,0,0,0,0,0,0,0,0
bútyag,VB,verb,"to tell others, to disclose, to let out a secret.",0,Neutral,0,0,0,0,0,0,0,0,0,0,1,0,0,-1,0,0,0,0,0,0,0
buung,JJ,adjective,"broken , smashed",-0.477,Negative,-1,-1,-1,-1,-1,-1,-1,0,-1,-1,-1,-1,-1,1,-1,-1,-1,-1,-1,-1,1
buung,VB,verb,"to break into fragments , ruin , smash",-0.586,Negative,-1,-1,-1,-1,-1,-1,-1,-1,-1,-1,-1,-1,-1,-1,-1,1,-1,-1,-1,-1,-1
buy-an,VB,verb,"escape , to let to get away",0.178,Positive,1,0,1,1,0,0,1,1,1,1,1,1,1,1,1,1,1,1,1,1,1
búya,NN,noun,"bribe, fix.",-0.202,Negative,-1,-1,-1,-1,-1,-1,-1,-1,-1,-1,-1,-1,-1,-1,-1,0,-1,1,-1,-1,-1
búya,VB,verb,"to bribe, to buy like a person in marriage, to offer a dowry.",0.178,Positive,1,-1,1,1,-1,1,1,1,1,1,-1,1,1,1,1,1,-1,1,1,-1,1
buyagyag,VB,verb,"betray , expose , make public , tell",-0.7,Negative,-1,-1,-1,-1,-1,-1,-1,-1,-1,-1,-1,-1,1,-1,-1,-1,-1,-1,-1,-1,-1
buyánbuyań,JJ,adjective,"ne’er do well, neglectful.",-0.226,Negative,-1,-1,-1,-1,-1,-1,-1,-1,-1,-1,-1,-1,0,-1,0,-1,-1,-1,-1,1,-1
buyánbuyań,VB,verb,"to neglect, to be nonchalant, to be unconcerned.",-0.599,Negative,-1,-1,-1,-1,-1,-1,-1,-1,-1,-1,-1,-1,-1,1,0,-1,-1,-1,-1,-1,-1
buyáyag,VB,verb,"to show up, to expose, to disclose a confidential matter.",-0.128,Negative,-1,-1,-1,-1,-1,-1,-1,-1,-1,1,-1,-1,-1,-1,-1,-1,-1,-1,-1,-1,-1
buyayaw,VB,verb,to curse ; to swear,-0.572,Negative,-1,-1,-1,-1,-1,-1,1,-1,1,0,-1,-1,-1,-1,-1,-1,-1,-1,-1,-1,-1
buyáyaw,VB,verb,"to abuse in strong language, to curse, to scold, to use swear words.",-0.807,Negative,-1,-1,-1,-1,-1,-1,-1,-1,-1,0,-1,-1,-1,-1,-1,-1,-1,-1,-1,-1,-1
buylog,VB,verb,accompany,0,Neutral,0,1,0,0,0,1,0,0,0,0,0,0,0,0,-1,0,0,0,0,0,0
buylog,VB,verb,sympathize,0,Neutral,0,1,0,0,0,0,0,0,0,0,0,0,0,0,0,0,0,0,0,0,0
búylug,VB,verb,"to accompany, to join, to group together.",0.296,Positive,1,1,1,1,1,1,1,1,-1,1,1,1,1,1,1,-1,1,1,1,1,-1
buyog,NN,noun,bee ( insect ),0,Neutral,0,0,0,0,0,0,0,0,0,0,0,0,0,0,0,0,0,0,0,1,0
buyot,VB,verb,"cling , clutch ,",0,Neutral,0,0,0,0,0,0,0,0,0,1,0,0,0,0,0,0,0,0,0,0,0
buyot,VB,verb,"to grasp , grip , or hold fast",0,Neutral,0,0,0,0,0,0,0,-1,0,0,0,-1,1,1,0,0,0,0,0,-1,0
buyug,NN,noun,wasp,0,Neutral,0,0,0,0,0,0,0,1,1,1,0,0,0,0,0,0,0,0,0,0,0
buyúg,NN,noun,bumblebee.,0,Neutral,0,0,0,0,0,0,1,0,1,0,0,0,0,0,-1,0,0,0,0,0,0
búyuk,VB,verb,"to bend, to curve, to incline, to persuade.",0,Neutral,0,0,0,0,0,0,0,-1,0,0,0,0,0,0,0,0,0,0,0,0,0
búyut,VB,verb,"to grasp firmly, to hold onto.",0,Neutral,0,0,0,0,0,0,0,0,0,0,0,0,0,-1,0,0,-1,0,0,1,0
bú’ang,JJ,adjective,"fool, stupid, crazy.",-0.827,Negative,-1,-1,-1,-1,-1,-1,-1,-1,-1,-1,-1,-1,-1,-1,-1,-1,-1,-1,-1,-1,-1
bú’ang,NN,noun,"fool, simpleton, idiot.",-0.735,Negative,-1,-1,-1,-1,-1,-1,-1,-1,0,-1,-1,-1,-1,-1,-1,-1,-1,0,-1,-1,-1
bu’áya,NN,noun,"alligator, crocodile.",0,Neutral,0,0,0,0,0,0,0,0,0,0,0,0,0,0,0,1,0,0,0,0,0
bu’úl,NN,noun,heel.,0,Neutral,0,0,0,0,0,0,0,0,0,0,0,0,0,0,0,0,0,0,-1,0,0
bú’ung,VB,verb,"to break into small pieces, to scatter into fragments.",0,Neutral,0,0,0,0,0,0,0,0,0,0,0,1,0,0,0,0,0,0,0,0,0
bu’út,NN,noun,"will, wants, desire, wish.",0.66,Positive,1,0,1,1,0,0,1,1,1,1,1,1,0,1,-1,1,1,1,1,1,1
bu’út,VB,verb,"to will, to desire, to wish, to do as one pleases.",0.796,Positive,1,0,1,1,0,0,-1,1,1,-1,-1,1,1,1,1,1,-1,1,1,1,1
bú’ut,JJ,adjective,"kind, amiable, considerate.",0.743,Positive,1,1,1,1,1,1,1,1,1,1,1,1,1,0,1,1,1,1,1,1,1
bwás,RB,adverb,"tomorrow, next day.",0,Neutral,0,0,0,0,0,0,0,0,0,0,1,0,0,0,0,-1,0,0,0,-1,0
bwélta,VB,verb,"to return, to come back, to retrace steps.",0,Neutral,0,0,0,0,0,0,1,0,1,-1,0,0,1,0,1,0,0,0,0,0,0
byáhe,NN,noun,"trip, journey, voyage.",0,Neutral,0,0,0,0,0,0,0,0,0,0,0,0,0,0,0,0,0,0,0,0,0
byérnes,NN,noun,friday.,0,Neutral,0,0,0,0,0,0,0,0,0,0,0,0,0,0,0,0,0,0,0,0,0
byólin,NN,noun,violin.,0,Neutral,0,0,0,0,0,0,0,0,0,0,0,0,0,0,1,0,0,1,-1,0,0
daan,JJ,adjective,old,0,Neutral,0,0,0,0,0,0,-1,-1,0,0,1,0,0,0,0,-1,0,0,0,0,0
daan,JJ,adjective,used ; worn-out,0,Neutral,0,0,0,0,0,0,1,0,0,0,0,0,0,0,1,0,0,0,0,1,0
daan,RB,adverb,beforehand,0,Neutral,0,0,0,0,0,0,0,0,0,0,1,0,0,0,0,0,0,0,0,0,0
daan,RB,adverb,first of all,0,Neutral,0,0,0,0,0,0,0,0,-1,0,0,-1,0,0,0,0,0,0,0,0,0
daan,RB,adverb,right away,0,Neutral,0,0,0,0,0,0,0,0,0,0,1,-1,0,0,1,0,0,0,0,1,0
daay,NN,noun,a lump of earth,0,Neutral,0,0,0,0,0,0,0,0,0,0,0,0,0,0,0,0,0,0,0,0,0
dab-ot,VB,verb,to reach out,0.026,Neutral,0,1,1,0,0,0,0,0,0,0,0,0,0,0,0,0,0,0,1,0,0
dab-ot,VB,verb,stretch,0,Neutral,0,0,0,0,0,0,0,0,0,0,0,0,0,0,0,0,0,0,0,1,0
dabadaba,NN,noun,kindling,0,Neutral,0,0,0,0,0,0,0,0,0,0,0,1,0,0,0,0,-1,0,0,0,0
dabádabá,NN,noun,"blaze, flame.",0,Neutral,0,0,0,0,0,0,0,0,0,0,0,1,0,0,0,0,0,0,0,0,0
dabádabá,VB,verb,"to flare up, to blaze, to be on fire.",-0.34,Negative,-1,0,-1,-1,0,-1,-1,-1,-1,-1,-1,1,-1,-1,-1,0,-1,0,-1,0,-1
dabdab,VB,verb,"kindle , light",0,Neutral,0,0,0,0,0,0,1,0,0,0,-1,0,0,0,0,0,0,0,0,0,0
dábdab,NN,noun,"flare, flame, blaze.",0,Neutral,0,0,0,0,0,0,0,1,0,0,0,0,0,0,0,0,0,0,0,0,0
dábdab,VB,verb,"to flare up, to blaze, to be on fire.",-0.34,Negative,-1,0,-1,-1,0,-1,-1,-1,-1,-1,-1,-1,-1,-1,-1,-1,1,-1,-1,-1,-1
dabudabu,NN,noun,shower,0,Neutral,0,0,0,0,0,0,0,0,0,0,0,1,0,0,0,0,0,0,0,-1,0
dabúdabú,NN,noun,"shower, drizzle.",0,Neutral,0,0,0,0,0,0,0,0,0,0,0,0,0,0,1,0,0,0,0,0,0
dábuk,VB,verb,"to kindle a fire, to build a fire, to ignite.",-0.586,Negative,-1,0,-1,-1,0,0,-1,-1,-1,1,-1,-1,-1,-1,-1,-1,-1,-1,-1,-1,-1
dado,NN,noun,a young fish,0,Neutral,0,0,0,0,0,0,0,0,-1,0,0,-1,0,0,0,0,-1,0,0,0,0
dag-on,NN,noun,"season , year",0,Neutral,0,0,0,0,0,0,0,-1,0,0,1,0,0,0,0,0,0,0,0,0,0
dag-on,VB,verb,"( passive voice ) overcome , conquer",0.202,Positive,1,1,1,1,1,1,1,1,1,1,1,1,1,0,1,1,1,-1,0,1,1
dagaang,JJ,adjective,"red , scarlet",0,Neutral,0,0,0,0,0,0,0,0,0,1,0,-1,0,0,0,0,0,0,0,0,0
dagami,NN,noun,hay ; straw,0,Neutral,0,0,0,0,0,0,0,0,0,0,1,0,1,0,1,0,0,0,0,0,0
dagámi,NN,noun,"hay, straw.",0,Neutral,0,0,0,0,0,0,1,0,0,0,0,0,0,0,0,0,0,0,0,-1,0
dagangbulan,NN,noun,march,0,Neutral,0,0,0,0,0,0,0,0,0,0,0,0,0,0,0,0,0,0,0,1,0
dagangdang,JJ,adjective,"red , scarlet",0,Neutral,0,0,0,0,0,0,0,0,0,1,0,0,0,0,0,1,0,0,1,0,0
dagas,VB,verb,to gather fruit,0,Neutral,0,0,0,0,0,0,0,0,0,0,0,0,0,0,0,0,0,0,0,0,0
dagas,NN,noun,windfall,0,Neutral,0,0,0,0,0,0,0,0,0,0,0,0,0,0,0,-1,0,0,0,0,0
dagat,NN,noun,"ocean , sea , saltwater",0,Neutral,0,0,0,0,0,0,0,0,0,0,0,1,0,1,0,0,0,0,0,1,0
dagat,VB,verb,to be seasick,0,Neutral,0,0,0,0,0,0,0,0,0,0,0,0,0,0,0,0,0,0,0,0,0
dagát,NN,noun,"seasickness, nausea.",0,Neutral,0,0,0,0,0,0,0,0,0,0,0,0,0,0,0,0,0,0,0,-1,1
dagát,VB,verb,"to be seasick, to be nauseated.",0,Neutral,0,0,0,0,0,0,0,0,0,0,0,0,0,1,0,0,0,0,0,0,0
dágat,NN,noun,"sea, ocean.",0,Neutral,0,0,0,0,0,0,0,0,0,0,0,0,0,0,0,0,0,0,0,0,0
dágat,DT,deictic,,0,Neutral,0,0,0,0,0,0,0,0,0,0,0,0,0,0,0,0,0,-1,0,0,0
dagaya,NN,noun,abundance,0,Neutral,0,0,0,0,0,0,0,-1,0,0,0,0,0,1,0,0,0,0,0,0,0
dagáya’,JJ,adjective,"many, plentiful, teeming, swarming.",0,Neutral,0,0,0,0,0,0,0,0,0,0,0,0,0,0,0,0,0,0,0,0,0
dágdag,NN,noun,"addition, native term for extra pieces given of items purchased.",0,Neutral,0,0,0,0,0,0,0,1,0,0,0,0,0,0,0,0,0,0,0,0,1
dágdag,VB,verb,"to let fall, to drop, to add something extra to a purchase.",-0.273,Negative,-1,0,-1,-1,0,-1,-1,-1,1,-1,-1,0,-1,-1,0,-1,0,-1,-1,-1,-1
daginit,JJ,adjective,"( of wind ) gentle , soft , mild , tender , warm",0.586,Positive,1,1,1,1,1,1,1,1,1,1,0,1,1,-1,1,1,1,1,-1,1,1
dagotdot,NN,noun,debris or refuse on a beach,-0.296,Negative,-1,-1,-1,-1,-1,0,0,-1,-1,-1,-1,-1,-1,1,1,-1,1,-1,-1,-1,-1
dagotdot,NN,noun,rain,0,Neutral,0,0,0,0,0,0,1,0,0,1,0,0,0,0,0,0,0,1,0,0,0
dagotdot,NN,noun,a kind of grass,0,Neutral,0,0,0,0,0,0,0,0,0,0,0,0,0,0,0,0,0,1,0,0,0
dagpi’,NN,noun,"rap, tap, pat.",0,Neutral,0,0,0,0,0,0,0,0,0,0,0,0,0,1,0,0,0,-1,0,0,0
dagpi’,VB,verb,"to rap, to tap, to pat.",0,Neutral,0,0,0,0,0,0,0,0,0,0,0,0,0,0,1,0,0,0,0,0,0
dagsang,VB,verb,to fester,0,Neutral,0,0,0,0,0,0,0,0,0,0,0,0,0,0,0,0,1,0,0,0,0
dagsa’,VB,verb,"to transfer, to be washed ashore, to flow with the current.",0,Neutral,0,0,0,0,0,0,0,0,0,0,0,0,0,0,0,0,0,0,0,0,1
dagta,NN,noun,sap,0,Neutral,0,0,0,0,0,0,0,0,0,0,0,0,0,0,0,0,0,0,0,0,1
dágta’,NN,noun,"sap, stain, sticky sap of plants, mark.",0,Neutral,0,0,0,0,0,0,0,0,0,1,-1,0,0,0,0,0,0,1,1,0,-1
dágta’,VB,verb,"to stain, to blot, to mar.",0,Neutral,0,0,0,0,0,0,0,0,1,0,0,0,0,0,0,0,0,0,0,0,0
dagum,NN,noun,"sewing needle, injection needle.",0,Neutral,0,0,0,0,0,0,0,0,0,0,0,0,0,0,0,0,0,0,0,0,-1
dagum,NN,noun,needle,0,Neutral,0,0,0,0,0,0,0,1,1,0,0,0,0,0,0,0,-1,0,0,1,0
dagumak,VB,verb,to wear out from frequent use,0,Neutral,0,0,0,0,0,0,0,0,0,0,0,0,0,0,0,1,0,0,0,0,0
daguob,NN,noun,thunder,0,Neutral,0,-1,0,0,0,0,0,0,0,0,0,0,0,0,0,0,0,0,0,0,0
dagusu’,VB,verb,"to swarm, to move in a crowd.",0,Neutral,0,0,0,0,0,0,0,0,1,0,0,0,0,0,0,1,0,0,0,0,0
dagutdut,NN,noun,alternative spelling of dagótdot,0,Neutral,0,0,0,0,0,0,0,0,0,0,0,0,0,0,-1,0,0,0,0,0,0
dagu’ub,NN,noun,thunder.,0,Neutral,0,-1,0,0,0,0,0,0,0,0,0,0,0,0,0,0,0,0,0,0,0
dagu’ub,VB,verb,to thunder.,0,Neutral,0,-1,0,0,0,-1,0,0,0,0,0,0,0,-1,0,0,0,0,0,0,0
dagway,NN,noun,"appearance , conformation , countenance , guise",0,Neutral,0,0,0,0,0,0,-1,-1,0,0,-1,0,0,0,0,0,1,-1,0,0,0
dagway,NN,noun,"contour , feature , shape , surface",0,Neutral,0,0,0,0,0,0,-1,0,-1,0,0,0,0,0,0,0,0,0,0,0,0
dagway,NN,noun,"cut , figure , image , likeness",-0.273,Negative,-1,0,-1,-1,0,-1,-1,-1,1,-1,0,0,-1,-1,-1,-1,-1,-1,-1,-1,-1
dagway,NN,noun,"species , type",0,Neutral,0,0,0,0,0,0,0,0,1,0,0,0,0,-1,0,0,0,0,0,0,0
dágway,NN,noun,"facial expression, shape, posture.",0,Neutral,0,0,0,0,0,0,-1,0,0,1,0,0,1,0,0,0,0,0,0,0,-1
dagway nga makahuhuya,JJ,adjective,shabby,0,Neutral,0,0,0,0,0,0,-1,1,0,0,0,0,0,0,0,-1,1,0,0,0,0
dagyang,VB,verb,"enjoy oneself , frolic",0.494,Positive,1,1,1,1,1,1,1,1,-1,1,1,1,1,1,1,1,1,1,1,1,1
dahog,NN,noun,"shoot , tendril",-0.34,Negative,-1,0,-1,-1,0,0,-1,-1,-1,-1,-1,0,-1,-1,-1,-1,-1,-1,1,-1,-1
dahog,VB,verb,to slide or skid ; skidding,0,Neutral,0,0,0,0,0,0,0,0,0,0,0,0,0,0,0,-1,0,0,0,0,0
dahon,NN,noun,"frond , leaf ( part of a plant )",0,Neutral,0,0,0,0,0,0,0,0,0,0,0,0,0,0,0,0,-1,0,0,0,1
dahon-dahon,NN,noun,"mantis , praying mantis",0.361,Positive,1,0,1,1,0,1,1,1,1,1,1,1,1,1,1,1,1,1,1,1,1
dahúm,NN,noun,"expectations, anticipation.",0.103,Positive,1,1,1,1,1,1,1,1,1,-1,-1,1,0,1,1,-1,-1,1,1,1,1
dahúm,VB,verb,walá’ akú nagdahúm nga ma’abút ka.,0,Neutral,0,0,0,0,0,0,0,0,0,0,0,-1,0,0,0,0,0,0,0,0,1
dáhun,NN,noun,leaf.,0,Neutral,0,0,0,0,0,0,0,0,0,0,-1,0,0,0,0,-1,0,-1,0,0,0
dahú’,VB,verb,"to receive, to accept, to take form.",0.382,Positive,1,0,1,1,0,0,-1,1,1,1,1,1,1,-1,1,-1,1,-1,1,1,1
dakbanwa,NN,noun,city synonym: siyudad,0,Neutral,0,0,0,0,0,0,0,0,0,1,0,0,0,0,0,0,0,1,0,0,0
dakbánwa,NN,noun,city.,0,Neutral,0,0,0,0,0,0,0,0,0,0,0,0,0,0,0,0,-1,1,0,0,0
dakhari,NN,noun,emperor synonym: emperador coordinate term: dakhara,0,Neutral,0,0,0,0,0,0,0,0,0,0,0,0,0,0,0,0,0,0,0,0,0
dakpulu,NN,noun,continent synonym: kontinente,0,Neutral,0,0,0,0,0,0,0,0,0,0,0,-1,-1,1,0,1,1,0,0,0,0
daku,JJ,adjective,"big , large",0,Neutral,0,0,0,0,0,0,0,0,0,0,0,0,0,0,0,0,-1,0,1,0,0
daku,NN,noun,bulk,0,Neutral,0,0,0,0,0,0,0,0,0,-1,-1,0,0,0,0,0,0,0,0,-1,-1
daku,NN,noun,"flame , light",0,Neutral,0,0,0,0,0,0,0,-1,0,0,0,0,1,0,0,0,0,-1,1,1,0
daku,NN,noun,a copper coin that is now out of circulation,0,Neutral,0,0,0,0,0,0,0,0,0,-1,0,0,0,0,1,0,0,-1,-1,0,0
daku kaayo,JJ,adjective,very big,0,Neutral,0,0,0,0,0,0,0,0,0,0,0,0,0,0,0,0,0,0,0,0,1
daku kaayo,JJ,adjective,exceptionally large,0,Neutral,0,0,0,0,0,0,0,0,-1,-1,0,0,0,0,0,0,0,0,0,0,0
daku kaayo,JJ,adjective,ponderous,0,Neutral,0,0,0,0,0,0,0,0,0,0,0,0,0,0,0,0,0,0,0,0,1
daku-daku,JJ,adjective,diminutive of daku,0,Neutral,0,0,0,0,0,0,1,-1,0,0,0,0,0,0,0,1,0,0,1,0,0
dakup,VB,verb,"to catch , to apprehend , to arrest , to capture",-0.34,Negative,-1,0,-1,-1,0,0,-1,-1,-1,-1,-1,-1,-1,0,1,-1,-1,-1,-1,-1,-1
dakúp,VB,verb,"to catch, to trap, to snare, to capture, to arrest.",-0.572,Negative,-1,0,-1,-1,0,-1,-1,-1,-1,0,-1,-1,-1,-1,-1,-1,-1,-1,-1,-1,0
dakú’,JJ,adjective,"big, bulky, huge, great.",0.751,Positive,1,0,1,1,0,1,1,1,1,-1,1,1,0,1,1,1,1,0,1,1,1
dakú’,VB,verb,"to become big, to make big.",0,Neutral,0,1,0,0,0,1,0,0,0,0,0,0,0,0,0,-1,0,0,1,0,0
dal-ok,NN,noun,"blister , pustule",0,Neutral,0,0,0,0,0,0,0,0,0,1,0,0,0,-1,0,0,0,0,0,0,0
dala,VB,verb,"to bring , carry",0,Neutral,0,0,0,0,0,0,0,0,-1,0,0,0,0,0,0,0,0,0,0,1,0
dalá,VB,verb,"to bring, to carry, to transmit.",0,Neutral,0,1,0,0,0,0,0,0,0,0,0,0,0,-1,0,0,0,0,1,0,0
dalá,NN,noun,"packages, things being carried, load.",0,Neutral,0,0,0,0,0,0,0,0,0,0,0,0,0,0,0,1,0,0,0,0,1
dalag,JJ,adjective,"coward , yellow-bellied",-0.459,Negative,-1,-1,-1,-1,-1,-1,-1,-1,0,-1,-1,-1,-1,-1,-1,1,-1,1,-1,-1,-1
dalág,JJ,adjective,yellow.,0,Neutral,0,1,0,0,0,0,0,0,1,0,0,0,0,0,0,0,0,0,0,0,0
dalaga,NN,noun,dame,0,Neutral,0,0,0,0,0,0,0,0,0,1,1,0,0,0,0,0,0,0,0,0,0
dalága,NN,noun,"unmarried girl, between the age of about fifteen to thirty.",0,Neutral,0,0,0,0,0,0,0,0,-1,1,1,0,0,0,0,0,0,0,0,0,0
dalágan,VB,verb,"to run, to dash, to dart, to scamper.",0,Neutral,0,0,0,0,0,0,0,1,0,0,0,0,0,0,0,0,-1,0,0,0,0
dalagita,NN,noun,"maid , a girl",0,Neutral,0,0,0,0,0,0,0,0,1,0,0,0,0,0,0,0,0,-1,1,0,-1
dalagíta,NN,noun,young girl between the age of ten years old to about fifteen years old.,0,Neutral,0,0,0,0,0,0,0,-1,0,1,0,1,0,0,0,0,0,0,-1,0,0
dalagku,JJ,adjective,"big , large",0,Neutral,0,0,0,0,0,0,0,0,0,1,0,-1,0,0,0,0,0,-1,0,0,0
dalakpon,NN,noun,"malefactor , outlaw",0,Neutral,0,0,0,0,0,0,0,0,0,0,0,0,0,0,0,0,0,0,0,1,0
dalamgohanon,NN,noun,"dream , reverie",0.25,Positive,1,0,1,1,0,0,1,1,1,-1,1,1,1,0,1,1,-1,1,1,1,0
dalamhak,JJ,adjective,wayward,0,Neutral,0,0,0,0,0,0,0,1,0,0,0,0,-1,0,0,0,0,-1,0,0,0
dalámhak,JJ,adjective,"wayward, disobedient, untoward.",0,Neutral,0,0,0,0,-1,0,0,0,0,0,0,0,0,0,-1,1,0,0,0,0,0
dalan,NN,noun,"path , way synonym: banas",0,Neutral,0,0,0,0,0,0,-1,0,0,1,0,0,0,1,0,0,0,0,0,0,0
dalan,NN,noun,"road , street synonyms: kalye , karsada",0,Neutral,0,0,0,0,0,0,1,0,0,0,0,1,0,0,-1,0,0,0,0,0,0
dálan,NN,noun,"street, road, path, cleared path.",0.103,Positive,1,0,1,1,0,0,1,1,1,1,1,1,1,1,1,1,1,-1,1,1,1
dalanawan,NN,noun,swamp,0,Neutral,0,0,0,0,0,0,0,0,0,0,0,0,0,0,-1,0,0,0,0,0,1
dalándan,VB,verb,"to descend quickly, to hurry down the stairs, to slide down the bannister.",0,Neutral,0,0,0,0,0,0,0,0,0,0,0,0,0,0,0,1,0,0,1,0,0
dalándan,DT,deictic,,0,Neutral,0,0,0,0,0,0,0,0,-1,0,0,0,0,0,0,0,0,0,0,0,0
dalang-dalang,JJ,adjective,astray,0,Neutral,0,-1,0,0,0,0,0,0,0,0,1,-1,0,0,0,0,0,0,0,1,1
dalang-dalang,VB,verb,to lose one's way,-0.402,Negative,-1,-1,-1,-1,-1,-1,-1,-1,-1,0,-1,0,-1,-1,-1,-1,-1,1,0,-1,-1
dálangdálang,VB,verb,"to lose oneself, to lose one’s way.",-0.66,Negative,-1,-1,-1,-1,-1,-1,-1,-1,-1,-1,-1,-1,-1,-1,-1,1,-1,-1,-1,-1,-1
dalasaon,NN,noun,"assail , crash",-0.402,Negative,-1,-1,-1,-1,-1,-1,-1,-1,-1,-1,-1,-1,1,-1,-1,-1,1,1,-1,-1,-1
dalaw,NN,noun,visit synonym: duaw,0,Neutral,0,1,0,0,0,0,0,-1,0,0,0,0,0,0,0,0,0,0,0,0,0
dalaw,VB,verb,to visit,0,Neutral,0,1,0,0,0,1,-1,0,0,0,0,0,0,0,0,1,0,0,0,1,0
daláwat,VB,verb,"to buy cereal, especially rice or corn.",0,Neutral,0,0,0,0,0,0,0,0,0,0,0,0,0,-1,0,0,0,0,0,0,0
dalayap,NN,noun,key lime,0,Neutral,0,0,0,0,0,0,0,0,0,0,0,0,1,0,0,0,0,0,0,0,0
daldal,VB,verb,"implicate , involve",0,Neutral,0,0,0,0,0,0,0,0,1,-1,0,0,0,0,0,0,0,0,0,0,0
daldal,VB,verb,"( of wind, waves ) push , impel",0,Neutral,0,0,0,0,0,0,0,0,0,0,0,0,0,0,0,0,0,0,0,0,0
dáldal,VB,verb,"to backbite, to spread false malicious talk, to talk against.",0,Neutral,0,0,0,0,-1,0,0,0,0,0,0,0,0,0,0,-1,0,0,0,0,0
dalhon,VB,verb,bring,0,Neutral,0,0,0,0,0,0,0,0,1,0,0,0,0,0,1,0,0,0,0,0,0
dali,RB,adverb,"immediately , quickly , hurriedly",0,Neutral,0,0,0,0,0,0,0,0,0,0,0,0,0,0,0,0,0,0,0,0,0
dalimuos,NN,noun,( of wind ) gust,0,Neutral,0,0,0,0,0,0,0,0,0,0,0,0,0,0,0,0,0,0,1,0,0
dalimuos,NN,noun,a fit of anger or passion,0.202,Positive,1,-1,1,1,-1,1,1,1,1,1,1,1,-1,1,1,1,1,1,-1,1,1
dalin-as,VB,verb,slip,0,Neutral,0,0,0,0,0,0,0,0,0,0,0,0,0,0,0,0,0,0,1,-1,0
dalisay,JJ,adjective,strong,0.511,Positive,1,1,1,1,1,1,1,1,1,1,1,1,1,-1,0,1,1,1,1,-1,1
dalísay,JJ,adjective,"pure, immaculate, untainted.",0,Neutral,0,0,0,0,0,0,0,0,0,0,0,0,0,0,0,0,0,0,1,0,0
dalitan,JJ,adjective,"poisonous , venomous",-0.572,Negative,-1,-1,-1,-1,-1,-1,-1,-1,-1,1,-1,-1,-1,0,-1,-1,-1,-1,-1,-1,0
dalí’,RB,adverb,"immediately, hurriedly, quickly.",0,Neutral,0,0,0,0,0,0,0,0,-1,0,0,0,0,0,0,0,0,0,0,0,0
dalí’,JJ,adjective,"quick, immediate.",0,Neutral,0,0,0,0,0,0,0,0,0,0,-1,0,0,1,0,0,0,0,0,0,0
dalí’,VB,verb,"to be quick, to hurry, to hasten.",0,Neutral,0,0,0,0,0,0,0,0,0,0,0,0,0,0,0,0,0,0,0,0,0
dalo,VB,verb,"to caress , to fondle",0,Neutral,0,0,0,0,0,0,0,0,0,0,0,0,0,0,0,0,0,0,0,1,0
dalok,JJ,adjective,"greedy , gluttonous",-0.318,Negative,-1,0,-1,-1,-1,0,-1,-1,-1,-1,-1,-1,0,-1,1,-1,0,-1,0,-1,-1
dalok,NN,noun,glutton,0,Neutral,0,0,0,0,0,0,0,0,0,0,0,0,0,0,0,0,1,0,0,1,-1
dalok,VB,verb,to be greedy,-0.318,Negative,-1,0,-1,-1,-1,-1,-1,-1,-1,1,-1,-1,-1,-1,-1,0,-1,-1,-1,1,-1
dalúdo,VB,verb,"to swell, to rise, to become flooded.",0,Neutral,0,0,0,0,0,0,1,0,0,0,0,0,0,0,0,0,0,0,0,1,0
dalúk,JJ,adjective,"selfish, greedy, glutton.",-0.66,Negative,-1,0,-1,-1,-1,-1,-1,-1,-1,1,-1,0,-1,-1,-1,-1,0,-1,-1,-1,1
dalum,JJ,adjective,( of depth ) deep,0,Neutral,0,0,0,0,0,0,0,0,0,0,1,1,0,0,0,1,-1,1,0,0,0
dalum,JJ,adjective,"( of thoughts ) deep , profound , insightful",0,Neutral,0,0,0,0,0,0,0,0,0,0,0,0,0,0,0,0,0,0,0,-1,0
dalum,VB,verb,deepen,0,Neutral,0,0,0,0,0,0,0,0,0,0,1,0,-1,0,0,0,0,0,0,0,0
dálum,JJ,adjective,deep.,0,Neutral,0,0,0,0,0,0,1,0,0,0,0,0,-1,0,0,0,0,0,-1,0,0
dálum,VB,verb,"to deepen, to become deep.",0,Neutral,0,0,0,0,0,0,0,0,0,0,0,0,0,0,0,-1,0,0,0,0,0
dalúndun,VB,verb,"to carry, to push along, to use water or slimy substance to push an object or food down the throat.",0,Neutral,0,1,0,0,0,1,0,0,0,0,0,0,0,1,0,0,0,0,0,0,0
dalunggan,NN,noun,( anatomy ) ear,0,Neutral,0,0,0,0,0,0,0,0,0,0,0,0,0,-1,0,0,0,0,0,0,0
dalú’,VB,verb,"to caress, to fondle.",0,Neutral,0,1,0,0,0,0,0,0,0,-1,0,0,0,0,0,0,0,0,0,0,0
damak,JJ,adjective,"dirty , slovenly , untidy",-0.44,Negative,-1,-1,-1,-1,-1,-1,-1,-1,-1,-1,-1,-1,-1,1,1,-1,-1,-1,-1,-1,-1
damak,JJ,adjective,( derogatory ) sluttish,-0.494,Negative,-1,-1,-1,-1,-1,-1,-1,-1,-1,0,-1,-1,-1,-1,1,-1,-1,-1,-1,0,-1
daman,VB,verb,sleeptalk,0,Neutral,0,0,0,0,0,0,0,0,0,0,-1,0,0,0,0,0,1,0,0,0,0
damán,NN,noun,nightmare.,0,Neutral,0,-1,0,0,-1,0,1,0,0,0,0,0,1,1,0,0,0,1,0,0,0
damán,VB,verb,to have a nightmare.,0,Neutral,0,-1,0,0,-1,0,0,0,0,0,0,0,0,-1,1,0,0,-1,0,0,0
damang,NN,noun,spider,0,Neutral,0,0,0,0,0,0,0,0,0,0,0,-1,0,0,0,0,0,0,0,0,0
damáng,NN,noun,spider.,0,Neutral,0,0,0,0,0,0,0,1,0,0,0,0,-1,0,1,0,1,-1,0,0,1
damgo,NN,noun,dream,0.25,Positive,1,0,1,1,0,0,1,1,1,1,1,1,1,1,1,1,1,1,1,1,-1
damgohon,VB,verb,to dream,0.25,Positive,1,1,1,1,0,1,-1,1,1,1,1,1,1,-1,1,-1,1,1,0,1,1
dámgu,NN,noun,dream.,0.25,Positive,1,1,1,1,0,1,1,1,-1,1,1,-1,1,1,1,1,1,1,1,1,0
dámgu,VB,verb,"to dream, to have a dream.",0.459,Positive,1,1,1,1,0,1,1,-1,1,1,1,1,1,1,1,1,1,1,1,1,1
dámhag,VB,verb,"to fall headlong, to fall on one’s face.",0,Neutral,0,-1,0,0,0,0,1,0,0,0,0,0,0,0,0,0,0,0,0,0,0
damo,VB,verb,"to increase , multiply",0.318,Positive,1,1,1,1,1,1,1,1,1,1,1,1,1,1,-1,1,1,1,1,1,0
damol,NN,noun,thickness antonym: nipis,0,Neutral,0,0,0,0,0,0,0,0,0,0,0,0,0,0,0,0,-1,0,0,0,0
damot,NN,noun,vegetable,0,Neutral,0,0,0,0,0,0,0,0,0,0,0,0,0,0,0,0,-1,0,0,0,0
dampig,VB,verb,"aid , help , support",0.66,Positive,1,0,1,1,1,1,1,1,-1,1,0,1,1,1,1,1,1,1,1,1,1
dámpig,VB,verb,"to help, to aid, to side with.",0.402,Positive,1,0,1,1,1,1,1,1,1,1,1,-1,1,1,1,1,1,1,1,1,1
damúg,NN,noun,"of pigs, food.",0,Neutral,0,0,0,0,0,0,0,0,0,0,0,0,0,0,0,0,0,0,0,1,0
damuhál,JJ,adjective,"rude, unrefined in social manners.",-0.459,Negative,-1,0,-1,-1,-1,-1,-1,-1,-1,-1,1,-1,-1,1,-1,1,-1,1,-1,-1,-1
dámul,JJ,adjective,"thick, dense, bulky.",0,Neutral,0,0,0,0,0,0,0,0,0,1,0,0,0,0,0,0,0,0,-1,0,1
dámu’,JJ,adjective,"many, plenty.",0,Neutral,0,0,0,0,0,0,0,0,0,0,0,0,0,0,0,0,0,0,0,0,0
dámu’,VB,verb,"to be many, to augment in number, to increase.",0.382,Positive,1,0,1,1,0,1,1,1,1,1,1,1,1,1,0,1,1,-1,1,1,1
danaw,NN,noun,"pool , puddle",0,Neutral,0,0,0,0,0,0,-1,0,0,1,0,0,0,0,0,1,0,0,0,1,0
dangat,VB,verb,"to acquire , gain",0.527,Positive,1,0,1,1,1,1,1,1,1,1,1,1,0,1,1,1,1,1,1,1,1
dangat,VB,verb,"to obtain , procure , secure",0.34,Positive,1,0,1,1,1,1,1,-1,1,1,1,1,1,1,1,1,1,1,1,1,1
dangat,VB,verb,to win,0.586,Positive,1,0,1,1,1,1,1,1,1,1,1,1,1,1,1,1,1,1,1,1,1
dángat,VB,verb,"to reach, to acquire, to get at, to secure, to take hold of.",0.361,Positive,1,0,1,1,1,1,1,1,1,1,1,-1,1,1,1,1,1,1,1,1,1
dángat,DT,deictic,,0,Neutral,0,0,0,0,0,0,0,0,1,-1,-1,0,0,-1,0,0,0,0,0,0,0
danggot,VB,verb,wean,0,Neutral,0,0,0,0,0,0,0,0,0,0,0,1,0,0,0,0,0,0,0,0,0
dangog,NN,noun,scurf,0,Neutral,0,0,0,0,0,0,0,0,0,0,1,0,0,0,1,0,0,0,0,0,0
dangúp,VB,verb,"to take refuge, to cover, to shelter, to appeal.",0,Neutral,0,0,0,0,0,0,0,1,0,0,0,0,0,-1,0,0,0,0,0,0,0
danlug,NN,noun,slipperiness or greasiness,0,Neutral,0,0,0,0,0,0,0,0,0,1,0,1,0,0,0,0,0,0,0,0,0
dánlug,VB,verb,"to slide, to slip.",0,Neutral,0,0,0,0,0,0,0,0,0,0,0,0,0,0,0,0,0,1,0,0,0
dapa-dapa,NN,noun,sole,0,Neutral,0,0,0,0,0,0,0,0,0,0,0,1,0,0,0,0,0,1,0,0,0
dapádapá,NN,noun,sole of the feet.,0,Neutral,0,0,0,0,0,0,0,0,0,1,0,0,0,0,-1,-1,-1,0,0,0,0
dapat,JJ,adjective,eligible,0,Neutral,0,0,0,0,0,0,0,0,0,0,0,0,0,0,0,0,-1,0,0,0,0
dapat,JJ,adjective,"appropriate , fit , proper",0.361,Positive,1,1,1,1,1,1,1,1,1,-1,1,1,1,0,1,0,-1,1,1,1,1
dápat,VB,verb,"to be necessary, to be fit, to apply, to use.",0.361,Positive,1,1,1,1,1,1,1,1,1,1,0,1,1,1,1,0,1,-1,-1,1,1
dapaw,NN,noun,flea ; tick,0,Neutral,0,0,0,0,0,0,0,0,0,0,0,0,0,0,0,0,0,0,-1,0,0
dápaw,NN,noun,chicken flea.,0,Neutral,0,0,0,0,0,0,-1,0,0,1,-1,0,0,-1,0,0,-1,-1,0,0,0
dapay,NN,noun,"hawk , bird of prey",0,Neutral,0,0,0,0,0,0,0,0,-1,0,0,1,0,0,0,0,0,0,0,0,0
dapáy,NN,noun,hawk.,0,Neutral,0,0,0,0,0,0,0,0,0,0,-1,0,0,0,0,0,0,0,0,0,0
dapig,NN,noun,"companion , partner",0,Neutral,0,0,0,0,0,0,0,-1,0,0,0,0,0,1,0,0,0,0,1,0,0
dapig,NN,noun,pair,0,Neutral,0,0,0,0,0,0,0,0,0,-1,0,0,0,1,0,0,0,0,0,1,0
dapig,VB,verb,"aid , assist , help",0.402,Positive,1,0,1,1,1,1,1,1,1,1,1,1,1,1,1,1,1,0,0,1,1
dapit,JJ,adjective,"close , near , nearby",0,Neutral,0,0,0,0,0,0,0,0,0,0,0,0,0,0,0,0,0,0,-1,0,0
dapit,VB,verb,invite,0.153,Positive,1,0,1,1,1,1,1,-1,1,-1,1,-1,0,1,1,0,1,1,1,1,1
dapít,JJ,adjective,near.,0,Neutral,0,0,0,0,0,0,0,0,0,-1,0,0,0,0,-1,0,-1,0,0,0,0
daplos,NN,noun,"slip , slipping synonym: dapyos",0,Neutral,0,0,0,0,0,0,0,0,-1,0,-1,0,0,0,0,0,0,0,1,0,0
dáplus,VB,verb,"to slide off, to stray.",0,Neutral,0,0,0,0,0,0,0,0,0,0,0,0,0,0,0,0,0,0,0,1,0
dapúg,NN,noun,"stove, fireplace, fire pit.",-0.34,Negative,-1,0,-1,-1,0,-1,-1,1,-1,-1,-1,-1,-1,-1,-1,-1,-1,-1,-1,-1,-1
dápu’,VB,verb,"to alight, to attack, to gather around as of birds.",-0.477,Negative,-1,0,-1,-1,-1,-1,1,-1,-1,1,-1,-1,-1,-1,-1,-1,-1,-1,-1,-1,-1
dápyus,VB,verb,"to slide, to stray.",0,Neutral,0,0,0,0,0,0,0,0,0,0,0,0,0,0,0,0,0,1,0,0,0
dáp’ung,NN,noun,bonfire.,0,Neutral,0,0,0,0,0,0,0,0,0,0,1,0,0,0,0,0,0,1,0,1,0
dáp’ung,VB,verb,"to build a bonfire, to put on fire.",-0.34,Negative,-1,0,-1,-1,0,-1,-1,-1,-1,-1,-1,-1,-1,-1,-1,1,-1,0,0,-1,-1
daroos,NN,noun,a severe cough,-0.382,Negative,-1,0,-1,-1,-1,-1,-1,0,-1,1,-1,-1,-1,0,-1,1,1,-1,-1,-1,-1
daroos,VB,verb,cough,0,Neutral,0,0,0,0,0,0,0,0,0,0,-1,0,0,0,0,0,0,0,0,0,1
dasig,JJ,adjective,quick,0,Neutral,0,0,0,0,0,0,0,1,1,1,1,0,1,0,0,-1,0,0,0,-1,0
dasig,VB,verb,hasten,0,Neutral,0,0,0,0,0,0,1,0,0,0,-1,0,0,0,0,0,0,0,0,0,0
dásig,RB,adverb,"quickly, faster.",0,Neutral,0,0,0,0,0,0,0,0,0,0,0,0,1,0,0,0,0,0,0,0,-1
dásig,JJ,adjective,"fast, quick.",0,Neutral,0,0,0,0,0,0,0,0,0,0,0,0,0,0,0,0,0,0,0,0,0
dásig,VB,verb,"to do something with speed and promptness, to hasten.",0,Neutral,0,0,0,0,0,0,0,-1,0,0,0,-1,0,0,0,0,0,0,0,0,0
daskon,VB,verb,cram,0,Neutral,0,0,0,0,0,0,0,0,0,0,0,0,0,0,0,0,0,0,0,0,0
dasúk,VB,verb,"to fill, to crowd.",0,Neutral,0,0,0,0,0,0,1,0,0,0,0,0,0,0,-1,0,0,0,0,0,0
dasún,RB,adverb,next.,0,Neutral,0,0,0,0,0,0,0,0,-1,0,0,0,0,0,0,0,0,0,0,0,0
dasún,JJ,adjective,"later, next, to come after.",0,Neutral,0,0,0,0,0,0,0,0,0,0,0,0,0,0,0,-1,0,0,0,0,0
dasú’dasú’,JJ,adjective,"impulsive, temperamental, risky.",-0.202,Negative,-1,-1,-1,-1,-1,-1,-1,-1,-1,-1,0,-1,-1,1,-1,-1,-1,-1,-1,-1,-1
dasú’dasú’,VB,verb,"to risk, to rush into without thought of consequences.",-0.273,Negative,-1,-1,-1,-1,-1,-1,-1,-1,0,1,-1,0,-1,-1,0,-1,-1,-1,-1,-1,-1
dás’il,VB,verb,"to injure, to lacerate, to throw against.",0,Neutral,0,-1,0,0,-1,0,0,0,0,0,0,0,0,-1,0,0,0,0,0,1,0
datilis,NN,noun,date palm,0,Neutral,0,0,0,0,0,0,0,1,0,0,-1,0,-1,-1,0,0,1,0,0,0,0
daug,VB,verb,"defeat , succeed , triumph , win",0.796,Positive,1,0,1,1,1,1,1,-1,1,1,1,1,1,1,1,-1,1,1,-1,0,0
daut,VB,verb,to injure ; to harm,-0.542,Negative,-1,0,-1,-1,-1,-1,-1,-1,-1,0,0,-1,-1,-1,-1,0,-1,1,-1,-1,0
daut,VB,verb,to damage,-0.494,Negative,-1,0,-1,-1,-1,-1,-1,-1,1,-1,-1,-1,-1,-1,-1,-1,-1,-1,-1,-1,-1
daut,VB,verb,to impair,0,Neutral,0,0,0,0,0,0,0,0,0,0,0,1,0,0,0,0,0,-1,0,0,0
daut,VB,verb,to spoil,0,Neutral,0,0,0,0,0,0,0,0,0,0,0,1,0,0,0,0,0,0,0,0,0
daut,VB,verb,to do harm ; to cause detriment,-0.542,Negative,-1,-1,-1,-1,-1,-1,-1,-1,-1,-1,-1,-1,-1,-1,-1,-1,1,-1,-1,1,-1
dawat,VB,verb,"to accept , to receive",0.382,Positive,1,1,1,1,1,1,1,1,1,1,1,0,1,-1,1,1,1,1,1,1,1
dawat,VB,verb,to regain one's appetite,0,Neutral,0,1,0,0,0,0,1,0,0,0,0,-1,0,0,0,0,-1,1,0,0,0
dawdaw,VB,verb,"turn , spin",0,Neutral,0,0,0,0,0,0,0,0,0,0,1,0,0,0,0,0,0,0,0,0,0
dawdawan,NN,noun,"machine , mill",0,Neutral,0,0,0,0,0,0,-1,-1,0,0,0,0,0,0,0,0,0,0,0,0,0
dawhat,VB,verb,receive,0,Neutral,0,0,0,0,0,0,0,0,0,0,0,0,0,0,0,0,0,0,0,0,0
dayan,NN,noun,"stroll , walk synonym: lagaw",0,Neutral,0,0,0,0,0,0,0,-1,0,0,0,1,1,0,0,0,0,0,0,0,0
dayán,VB,verb,"to walk or stroll about, to promenade.",0,Neutral,0,0,0,0,0,0,-1,0,1,0,0,0,0,0,0,0,0,0,0,-1,0
dayán,DT,deictic,,0,Neutral,0,0,0,0,0,0,-1,0,0,0,0,0,0,0,0,0,0,1,0,0,0
dayáw,JJ,adjective,"capricious, vain.",-0.421,Negative,-1,-1,-1,-1,-1,-1,-1,-1,-1,-1,-1,-1,-1,0,-1,1,1,0,-1,-1,-1
dáyaw,VB,verb,"to praise, to commend, to appreciate, to extol.",0.848,Positive,1,1,1,1,1,1,1,1,1,1,1,1,0,1,1,1,-1,1,1,1,1
dáya’,NN,noun,"deceit, trick, dishonesty.",-0.494,Negative,-1,-1,-1,-1,-1,-1,-1,-1,-1,-1,-1,-1,-1,-1,-1,-1,-1,-1,-1,-1,-1
dáya’,JJ,adjective,"cheat, dishonest.",-0.772,Negative,-1,-1,-1,-1,-1,-1,-1,-1,-1,1,-1,-1,-1,-1,-1,-1,-1,-1,1,0,-1
dáya’,VB,verb,"to trick, to cheat, to deceive.",-0.71,Negative,-1,-1,-1,-1,-1,-1,0,-1,-1,-1,-1,-1,-1,1,-1,-1,-1,-1,-1,-1,-1
dayok,NN,noun,a preparation of salted fish,0,Neutral,0,0,0,0,0,0,1,0,0,0,0,0,0,0,0,0,0,0,0,-1,0
dáyun,VB,verb,"to continue, to come in, to spend some time on.",0,Neutral,0,0,0,0,0,0,0,1,0,0,0,0,0,0,1,1,0,-1,0,0,0
dá’an,JJ,adjective,"old, used, worn out.",-0.296,Negative,-1,-1,-1,-1,-1,-1,-1,-1,1,-1,1,-1,-1,1,-1,-1,-1,-1,-1,-1,-1
dá’an,RP,particle,"beforehand, first of all, right away.",0,Neutral,0,0,0,0,0,0,0,0,0,0,0,0,0,0,1,0,1,0,0,-1,0
da’ígun,NN,noun,christmas carol.,0,Neutral,0,0,0,0,0,0,-1,0,0,-1,0,0,-1,0,0,0,0,0,0,0,0
da’ígun,VB,verb,to sing christmas carols.,0,Neutral,0,1,0,0,0,0,1,1,1,0,1,0,0,1,0,0,0,0,0,0,0
da’úg,NN,noun,"gain, winnings.",0.784,Positive,1,1,1,1,1,1,1,1,1,1,1,-1,1,1,1,1,1,1,1,1,1
da’úg,VB,verb,"to win, to be superior, to overcome, to overthrow.",0.807,Positive,1,1,1,1,1,1,1,1,1,-1,1,1,1,1,1,1,1,1,1,1,0
dá’ut,VB,verb,"to injure, to hurt, to harm, to damage.",-0.878,Negative,-1,-1,-1,-1,-1,-1,-1,-1,-1,-1,0,-1,-1,-1,1,0,-1,-1,0,-1,-1
de,RP,particle,"of, with.",0,Neutral,0,0,0,0,0,0,0,0,0,0,0,0,1,0,0,0,-1,0,0,0,0
debosyon,NN,noun,devotion or piety,0.459,Positive,1,0,1,1,1,1,1,1,1,1,1,1,1,1,0,1,1,1,1,1,1
debóto,JJ,adjective,"devout, fervent.",0.273,Positive,1,0,1,1,1,1,1,1,1,1,0,0,1,1,-1,1,-1,1,-1,0,1
debúhu,NN,noun,"design, embroidery.",0,Neutral,0,0,0,0,0,0,0,0,0,-1,-1,1,0,1,0,0,0,0,-1,0,0
dedal,NN,noun,thimble,0,Neutral,0,0,0,0,0,0,0,0,0,0,0,0,0,0,0,0,0,0,0,0,0
dekolór,JJ,adjective,"multi-colored, colored.",0,Neutral,0,0,0,0,0,0,0,0,0,0,0,0,0,0,0,0,0,0,1,0,0
dekorá,VB,verb,"to decorate, to put on ornaments.",0,Neutral,0,0,0,0,0,0,-1,0,0,0,0,0,0,0,0,0,0,1,0,0,0
delana,JJ,adjective,woolen,0,Neutral,0,0,0,0,0,0,0,0,0,1,-1,0,0,0,1,0,0,0,0,0,0
delargo,NN,noun,"pants , trousers",0,Neutral,0,0,0,0,0,0,-1,0,0,1,1,0,0,1,0,0,0,0,0,1,0
delárgo,NN,noun,long pants for men.,0,Neutral,0,0,0,0,0,0,0,0,0,1,0,0,0,0,0,0,0,0,0,0,-1
demokrásya,NN,noun,democracy.,0,Neutral,0,0,0,0,0,0,0,0,0,1,0,0,0,0,0,0,0,0,0,0,0
demónyo,NN,noun,"devil, satan.",-0.66,Negative,-1,0,-1,-1,-1,-1,-1,-1,1,-1,-1,-1,-1,-1,1,-1,-1,-1,-1,-1,1
dentísta,NN,noun,dentist.,0,Neutral,0,0,0,0,0,0,0,0,1,1,0,0,0,0,0,0,-1,0,0,0,0
depekto,NN,noun,"defect , flaw",-0.34,Negative,-1,-1,-1,-1,-1,-1,1,-1,0,-1,-1,-1,-1,-1,-1,1,-1,-1,-1,-1,-1
desgrásya,NN,noun,"disaster, accident, disgrace.",-0.886,Negative,-1,-1,-1,-1,-1,-1,-1,1,-1,-1,-1,-1,-1,-1,-1,-1,-1,-1,-1,-1,-1
desgrásya,VB,verb,"to have an accident, to have an unfortunate experience.",-0.727,Negative,-1,-1,-1,-1,-1,-1,1,-1,-1,-1,-1,-1,-1,-1,1,-1,-1,-1,-1,-1,-1
desisyón,NN,noun,decision.,0,Neutral,0,1,0,0,0,0,0,0,-1,0,1,0,-1,-1,1,0,0,1,0,1,0
desisyón,VB,verb,"to make a decision, to decide.",0,Neutral,0,0,0,0,0,0,0,-1,0,0,0,0,0,0,0,0,0,0,0,0,0
deskarga,VB,verb,discharge or fire a weapon,-0.557,Negative,-1,-1,-1,-1,-1,-1,-1,-1,-1,-1,-1,1,-1,-1,1,-1,-1,-1,-1,1,1
deskarga,VB,verb,( sailing ) unload,0,Neutral,0,0,0,0,0,0,0,-1,0,0,-1,1,0,0,0,-1,0,0,0,0,0
destíno,NN,noun,"destination, assignment for place of work.",0,Neutral,0,0,0,0,0,0,0,0,-1,0,0,0,0,0,1,0,0,0,0,0,-1
desyémbre,NN,noun,december.,0,Neutral,0,0,0,0,0,0,0,-1,0,0,-1,0,0,0,0,0,0,0,0,0,0
de’ílo,NN,noun,"linen cloth, white linen pair of pants.",0,Neutral,0,0,0,0,0,0,0,0,0,0,-1,0,0,0,0,0,0,0,0,0,0
dí,DT,deictic,short form of dirí.,0,Neutral,0,0,0,0,0,0,1,0,0,0,0,0,0,0,0,1,0,0,0,0,0
dibuho,NN,noun,"design , draft",0,Neutral,0,0,0,0,0,0,0,0,1,0,0,0,0,0,1,0,0,0,0,0,0
didál,NN,noun,thimble.,0,Neutral,0,0,0,0,0,0,0,0,0,0,1,0,0,0,0,0,0,1,-1,0,0
dídtu,DT,deictic,over there.,0,Neutral,0,0,0,0,0,0,0,0,0,0,0,0,0,0,0,0,0,0,0,0,0
digamohan,NN,noun,"fireplace , hearth , kitchen",0,Neutral,0,0,0,0,0,0,0,0,0,0,0,-1,0,0,0,0,0,-1,0,0,1
diin,RB,adverb,where,0,Neutral,0,0,0,0,0,0,0,0,0,0,-1,1,1,0,0,0,0,0,0,0,0
diin,RB,adverb,there,0,Neutral,0,0,0,0,0,0,0,0,0,0,0,0,0,0,0,0,0,0,1,0,0
diksyonáryo,NN,noun,dictionary.,0,Neutral,0,0,0,0,0,0,0,0,0,0,0,1,1,0,0,0,0,0,1,0,1
dikta,VB,verb,dictate,0,Neutral,0,0,0,0,0,0,0,0,0,0,0,0,0,0,0,0,0,0,0,0,0
díkta,VB,verb,"to dictate, nagdíkta ang ma’éstra sa kláse.",0,Neutral,0,0,0,0,0,0,0,0,0,0,0,0,0,0,0,0,0,0,1,0,0
dilántu,VB,verb,"to expand in business, to improve in the family standard of living, to progress.",0.791,Positive,1,0,1,1,0,1,1,1,1,1,1,1,1,1,1,1,1,1,-1,1,1
dílap,VB,verb,"to lick, to lap, to drawl the tongue like a dog.",0.361,Positive,1,0,1,1,0,0,1,-1,1,1,-1,1,1,1,1,1,1,1,1,1,1
díla’,NN,noun,tongue.,0,Neutral,0,0,0,0,0,0,0,0,0,0,0,0,0,0,0,0,0,0,0,0,0
díli’,VB,verb,"to forbid, to prohibit.",-0.318,Negative,-1,-1,-1,-1,-1,-1,-1,-1,-1,-1,-1,-1,0,-1,-1,-1,1,-1,-1,-1,1
díli’,DT,deictic,,0,Neutral,0,0,0,0,0,0,0,0,0,0,0,0,0,0,0,0,0,0,0,0,-1
dimaisip,JJ,adjective,"countless , innumerable",0,Neutral,0,0,0,0,0,0,1,0,0,0,0,-1,0,0,0,-1,0,0,0,-1,0
dimalas,JJ,adjective,unlucky ; unfortunate,-0.459,Negative,-1,-1,-1,-1,-1,-1,-1,-1,-1,-1,-1,-1,-1,1,-1,-1,-1,1,-1,-1,-1
dimasaysay,JJ,adjective,"inexplicable , mysterious",0,Neutral,0,-1,0,0,0,0,0,0,0,0,0,0,0,-1,0,0,1,1,0,0,-1
dimát,VB,verb,"to attract, to draw attention to, to allure.",0.361,Positive,1,1,1,1,1,1,1,1,1,1,1,1,0,1,1,1,1,0,1,0,1
dimatarung,JJ,adjective,dishonest,-0.572,Negative,-1,-1,-1,-1,-1,-1,-1,-1,-1,-1,-1,-1,-1,-1,-1,-1,-1,-1,1,-1,-1
dimatarung,JJ,adjective,"unfair , unjust , wicked , wrong",-0.917,Negative,-1,-1,-1,-1,-1,-1,-1,-1,1,0,0,-1,-1,-1,-1,1,-1,-1,-1,-1,-1
dimatarung,JJ,adjective,injurious,0,Neutral,0,0,0,0,0,0,0,0,0,0,1,0,0,0,0,0,0,0,0,0,0
dimatungkad,JJ,adjective,"bottomless , inscrutable , unfathomable",0,Neutral,0,0,0,0,0,0,0,-1,0,0,0,0,0,0,0,0,0,0,0,0,0
dinalan,NN,noun,"sentence , word . verse",0.077,Positive,1,0,1,1,0,0,1,1,-1,0,1,1,1,1,1,1,1,1,1,1,1
dinamita,NN,noun,dynamite,0.178,Positive,1,0,1,1,0,1,1,-1,1,1,0,1,1,1,1,1,1,1,1,1,1
díngding,NN,noun,wall of a building.,0,Neutral,0,0,0,0,0,0,0,0,0,0,0,0,0,0,-1,0,0,0,0,0,0
dingot,JJ,adjective,"disgruntled , miserly , stingy",-0.612,Negative,-1,-1,-1,-1,-1,-1,0,-1,0,-1,1,-1,-1,-1,-1,-1,-1,-1,-1,-1,-1
dingot,VB,verb,the act of being stingy,-0.382,Negative,-1,-1,-1,-1,-1,-1,-1,0,-1,-1,1,-1,-1,-1,-1,-1,-1,-1,-1,-1,-1
dingút,JJ,adjective,"stingy, miserly, selfish.",-0.796,Negative,-1,-1,-1,-1,-1,-1,-1,-1,-1,-1,-1,-1,-1,-1,-1,-1,-1,-1,-1,-1,-1
dinuagan,NN,noun,"painting , picture",0,Neutral,0,0,0,0,0,0,0,-1,0,0,0,0,0,1,0,0,0,0,1,0,0
dioktok,NN,noun,seashells,0,Neutral,0,0,0,0,0,0,0,0,0,0,0,0,0,0,0,0,0,0,0,0,0
diosnon,JJ,adjective,"divine , godly , godlike , pious",0.557,Positive,1,1,1,1,1,1,1,1,-1,0,1,1,1,1,1,1,1,1,1,1,1
diosnon,JJ,adjective,devout,0,Neutral,0,0,0,0,0,0,0,0,1,0,0,0,0,0,0,0,0,0,0,0,0
dipaha,JJ,adjective,made of straw,0,Neutral,0,0,0,0,0,0,0,0,-1,0,-1,0,0,-1,0,0,0,0,0,0,0
dipaha,NN,noun,straw,0,Neutral,0,0,0,0,0,0,0,0,0,1,-1,0,0,0,0,0,0,0,0,-1,0
diperensya,NN,noun,difference,0,Neutral,0,0,0,0,0,0,0,0,0,-1,-1,1,0,0,0,0,0,0,0,-1,1
diperensya,NN,noun,controversy or quarrel,0,Neutral,0,0,0,0,0,0,0,1,0,0,-1,0,0,0,0,-1,0,0,0,-1,0
dira,RB,adverb,"there , yonder",0,Neutral,0,0,0,0,0,0,1,0,1,0,-1,-1,-1,0,0,0,-1,0,0,-1,0
dirá’,DT,deictic,"there (near the listener, but far from the speaker).",0,Neutral,0,0,0,0,0,0,-1,0,0,0,1,0,0,0,0,-1,1,0,0,0,0
direktór,NN,noun,director.,0,Neutral,0,0,0,0,0,0,-1,0,0,0,0,0,0,0,1,0,0,-1,0,0,0
diri,DT,deictic,here.,0,Neutral,0,0,0,0,0,0,0,0,-1,0,0,0,0,0,0,0,0,0,-1,0,0
diruskas,NN,noun,screw,-0.103,Negative,-1,0,-1,-1,-1,0,-1,-1,-1,-1,-1,-1,-1,-1,0,-1,-1,-1,-1,-1,-1
dis-og,VB,verb,"jostle , push",0,Neutral,0,0,0,0,-1,-1,0,0,0,0,0,0,0,0,0,0,0,0,0,0,0
disgrasya,NN,noun,"accident , mishap",-0.477,Negative,-1,0,-1,-1,0,-1,0,-1,1,-1,-1,-1,-1,-1,-1,-1,-1,-1,-1,-1,-1
disgústo,VB,verb,"to be disgusted, to have a misunderstanding, to bear ill-feelings.",-0.735,Negative,-1,0,-1,-1,-1,-1,-1,-1,-1,-1,-1,-1,1,-1,-1,0,-1,-1,-1,-1,-1
disimulár,VB,verb,"to overlook, to let pass, to make unnoticeable, to cover up.",0,Neutral,0,0,0,0,-1,-1,1,0,0,0,0,0,0,0,-1,0,0,0,0,0,0
disiplína,NN,noun,discipline.,0,Neutral,0,0,0,0,0,0,0,0,0,0,0,0,0,0,0,0,0,0,0,0,0
diskurso,NN,noun,speech,0,Neutral,0,0,0,0,1,1,0,0,0,0,0,0,0,0,0,0,0,0,0,0,-1
diskúrso,NN,noun,"speech, talk.",0,Neutral,0,0,0,0,1,0,0,0,1,0,0,0,0,0,0,0,1,0,0,0,0
diskúrso,VB,verb,"to give a speech, to talk formally.",0,Neutral,0,0,0,0,0,0,0,0,0,0,-1,0,0,0,1,0,-1,0,0,0,1
diskusyon,NN,noun,"debate , discussion",0,Neutral,0,0,0,0,0,0,0,0,0,0,0,1,0,0,0,1,0,0,0,0,0
disprás,NN,noun,masquerade.,0,Neutral,0,0,0,0,0,0,0,0,1,0,0,1,1,0,0,0,-1,0,0,-1,0
distansya,NN,noun,"distance , remoteness",0,Neutral,0,0,0,0,0,0,0,0,0,0,1,0,0,0,0,0,0,0,1,0,-1
distansya,NN,noun,an interval of time or space,0,Neutral,0,0,0,0,-1,-1,0,1,0,0,0,0,0,-1,0,1,0,0,0,0,0
distrito,NN,noun,"territory , province , district",0,Neutral,0,0,0,0,0,0,1,-1,0,0,0,0,0,-1,0,0,0,0,0,0,0
dís’ug,VB,verb,"to push, to jostle, to shove.",0,Neutral,0,0,0,0,0,-1,0,0,0,0,0,0,0,0,0,1,0,0,0,0,0
ditil,NN,noun,clitoris,0,Neutral,0,0,0,0,1,0,-1,0,0,0,0,0,0,0,0,0,0,0,1,0,0
diwal,NN,noun,a type of seashell,0,Neutral,0,0,0,0,0,0,0,0,0,0,-1,0,0,0,0,0,0,0,-1,0,0
diwál,JJ,adjective,lapping tongue.,0,Neutral,0,0,0,0,0,0,0,0,1,0,0,0,0,0,0,0,-1,-1,0,0,0
diwál,VB,verb,"to let the tongue hang out like a dog, to stick the tongue out.",0.361,Positive,1,0,1,1,-1,0,-1,1,1,1,0,1,1,1,1,1,0,-1,1,1,1
diwata,NN,noun,"( mythology , folklore ) a diwata",0,Neutral,0,0,0,0,1,1,0,0,0,0,0,0,0,0,0,0,0,-1,0,0,1
diwáta’,NN,noun,"idol, fairy.",0,Neutral,0,0,0,0,0,-1,0,1,0,0,0,0,0,0,0,0,0,0,0,0,0
díyas,NN,noun,birthday.,0,Neutral,0,0,0,0,0,-1,0,1,0,0,0,0,0,0,0,0,0,-1,0,0,0
diyotay,JJ,adjective,small ; little synonym: gamay antonym: dako,0,Neutral,0,0,0,0,0,0,0,0,0,0,0,0,0,0,0,0,0,-1,0,0,0
diyutay,JJ,adjective,alternative form of diyotay,0,Neutral,0,0,0,0,0,0,0,0,0,0,-1,0,0,0,1,0,1,1,0,0,0
di’ín,RB,adverb,where.,0,Neutral,0,0,0,0,0,0,0,0,0,0,0,-1,0,0,-1,0,0,0,-1,0,0
doble,NN,noun,double,0,Neutral,0,0,0,0,0,0,0,1,0,0,0,0,0,0,0,0,0,0,0,0,0
dóble,JJ,adjective,"double, twin.",0,Neutral,0,0,0,0,-1,0,0,0,0,0,0,0,-1,0,0,-1,0,0,0,0,0
dódong,NN,noun,young boy from about age one to fifteen.,0,Neutral,0,0,0,0,0,1,0,0,-1,0,0,1,1,0,0,1,0,0,0,0,0
dogsing,VB,verb,"to nudge or stroke , often flirtatiously",-0.026,Neutral,0,0,-1,0,0,0,0,0,0,0,-1,0,0,0,0,0,0,0,0,0,0
dogwak,NN,noun,"( animals ) : crane , heron",0.026,Neutral,0,0,1,0,0,0,0,0,-1,0,-1,-1,0,1,0,0,1,0,0,1,0
dohol,VB,verb,hand,0.494,Positive,1,0,1,1,0,0,1,1,1,-1,1,1,1,1,1,0,1,1,1,1,1
dohol,VB,verb,"to pass , reach",0.026,Neutral,0,0,1,0,-1,1,0,0,0,0,1,0,0,0,0,0,0,0,0,0,0
doktór,NN,noun,doctor.,0,Neutral,0,0,0,0,0,0,0,0,-1,0,1,0,1,0,-1,0,0,0,0,0,0
dokumento,NN,noun,"document , deed , record",0,Neutral,0,0,0,0,0,0,0,0,0,0,0,0,0,0,0,0,0,0,-1,0,0
domínggo,NN,noun,sunday.,0,Neutral,0,0,0,0,0,0,0,0,0,0,-1,-1,0,1,0,0,0,-1,0,0,0
dool,NN,noun,"cork , stopper , plug",0,Neutral,0,0,0,0,0,0,0,0,0,0,0,0,0,0,0,-1,0,0,0,0,0
dool,NN,noun,"( of a tree ) offshoot , shoot",-0.34,Negative,-1,0,-1,-1,0,0,-1,-1,1,1,1,-1,-1,-1,-1,-1,-1,-1,-1,-1,-1
dool,VB,verb,"to cork , stopper",0,Neutral,0,0,0,0,1,-1,0,1,0,0,0,0,0,0,0,0,0,0,0,-1,1
dool,VB,verb,to establish firm contact with,0,Neutral,0,0,0,0,0,0,0,0,0,0,0,0,0,0,0,-1,0,0,0,0,0
dorado,JJ,adjective,"gold , golden",0,Neutral,0,0,0,0,0,0,0,-1,0,1,0,0,0,0,-1,0,0,0,0,0,0
dorado,NN,noun,gilt,0,Neutral,0,0,0,0,0,0,0,1,1,0,1,0,0,0,1,0,0,0,0,0,-1
dorado,NN,noun,gold,0,Neutral,0,0,0,0,0,0,1,0,0,0,0,0,0,0,-1,0,0,0,0,0,-1
dormitóryo,NN,noun,dormitory.,0,Neutral,0,0,0,0,0,0,0,-1,0,0,0,1,0,0,1,0,0,0,0,0,0
dós,CD,numeral,two.,0,Neutral,0,0,0,0,0,0,0,0,0,0,1,0,0,0,0,0,1,0,0,0,0
dóse,CD,numeral,twelve.,0,Neutral,0,0,0,0,0,0,0,0,0,0,0,-1,0,1,-1,0,0,0,-1,0,1
dosena,NN,noun,"dozen year unknown, cecile motus, hiligaynon lessons , рипол классик ( →isbn ), page 214 nagapatindug sang taytay ang manga tawu sang kinahanglan sang enhenyero  kwarenta y singko ka bilug nga kahuy para sa ang dosena sang bulak tag po.60.  presyong pl.15 ang duha ka dosena . imelda sang apat ka dosena . mabakal ...",0,Neutral,0,0,0,0,0,0,0,0,0,0,-1,0,0,0,0,0,0,0,0,0,0
doséna,NN,noun,dozen.,0,Neutral,0,0,0,0,0,0,-1,-1,0,-1,0,0,1,0,0,0,0,0,0,0,0
dosis,NN,noun,"dose , medicine",0,Neutral,0,0,0,0,0,0,0,0,0,0,0,0,0,0,0,0,-1,0,-1,0,0
dotol,NN,noun,( animals ) : tick,0,Neutral,0,0,0,0,-1,0,1,0,0,0,0,0,0,-1,1,0,0,1,0,0,0
dotol-dotol,NN,noun,diminutive of dotól : anything resembling a tick,0,Neutral,0,0,0,0,0,0,0,0,-1,0,1,0,0,0,0,0,0,0,1,0,0
duag,NN,noun,color,0,Neutral,0,0,0,0,1,-1,0,0,0,0,0,0,0,0,0,0,0,0,0,0,0
duag,NN,noun,"appearance , form , shape",0,Neutral,0,0,0,0,0,-1,-1,0,0,0,0,0,0,0,0,0,0,0,0,0,0
duag,VB,verb,to color,0,Neutral,0,0,0,0,0,0,0,0,0,-1,0,-1,0,0,0,0,0,0,-1,0,-1
duaw,NN,noun,visit synonym: dalaw,0,Neutral,0,0,0,0,0,0,0,-1,-1,0,0,0,0,0,1,0,0,0,0,0,0
dúda,NN,noun,"doubt, suspicion.",-0.625,Negative,-1,-1,-1,-1,0,0,-1,0,-1,-1,-1,-1,0,1,-1,-1,-1,-1,-1,-1,-1
dúda,DT,deictic,,0,Neutral,0,-1,0,0,-1,-1,-1,0,1,0,-1,0,0,-1,0,0,0,0,0,0,0
dúda,VB,verb,"to doubt, to distrust, to suspect.",-0.758,Negative,-1,-1,-1,-1,0,0,-1,-1,0,0,-1,-1,-1,-1,0,-1,-1,-1,-1,-1,1
dugang,NN,noun,"addition , increment",0,Neutral,0,-1,0,0,0,0,0,0,0,0,0,0,0,-1,0,0,0,0,0,0,0
dugang,VB,verb,to add or increase in number,0.382,Positive,1,1,1,1,0,0,1,1,1,1,1,1,1,0,0,0,1,1,1,-1,1
dúgang,NN,noun,addition.,0,Neutral,0,1,0,0,1,1,0,-1,0,0,0,0,-1,0,-1,-1,0,0,1,0,0
dúgang,VB,verb,"to increase, to add, to augment.",0.318,Positive,1,1,1,1,0,1,1,0,1,1,1,-1,1,1,1,1,1,1,1,1,1
dúgay,RB,adverb,"of time, long.",0,Neutral,0,0,0,0,1,-1,0,-1,0,0,0,0,0,0,1,0,0,0,-1,1,0
dúgay,VB,verb,"to tarry, to take a long time.",0,Neutral,0,0,0,0,-1,0,0,0,0,0,0,0,0,0,0,0,0,0,0,0,0
dugáydugáy,RB,adverb,"in a little while, frequently.",0,Neutral,0,0,0,0,0,0,0,0,1,-1,-1,0,0,0,1,0,0,0,0,0,1
dúga’,NN,noun,"sap, juice.",0,Neutral,0,0,0,0,0,-1,1,0,0,0,0,0,0,0,0,-1,0,0,-1,0,0
dughan,NN,noun,( anatomy ) chest ; bosom ; breast ; thorax,0,Neutral,0,0,0,0,1,0,0,0,0,1,0,0,0,0,0,-1,-1,0,0,0,0
dúghan,NN,noun,"bosom, chest.",0,Neutral,0,0,0,0,0,0,0,0,0,0,0,0,0,0,-1,0,0,0,0,0,-1
dúgkal,VB,verb,"to thrust, to stick, to stab.",-0.586,Negative,-1,0,-1,-1,0,0,-1,-1,-1,1,-1,-1,-1,-1,1,-1,-1,0,-1,1,0
dugmok,VB,verb,"to break by applying pressure or weight , to crush",-0.421,Negative,-1,0,-1,-1,1,1,-1,-1,-1,1,-1,-1,-1,-1,-1,-1,-1,-1,-1,0,-1
dúgmuk,VB,verb,"to crush, to break by pressure.",-0.421,Negative,-1,0,-1,-1,-1,-1,-1,-1,-1,-1,-1,-1,0,-1,-1,-1,-1,-1,-1,-1,-1
dugo,NN,noun,blood,0,Neutral,0,0,0,0,0,-1,0,0,0,0,0,0,0,0,0,0,0,0,0,0,0
dugoon,JJ,adjective,"bloody , gory",-0.44,Negative,-1,-1,-1,-1,0,0,-1,-1,-1,-1,-1,-1,-1,-1,-1,-1,-1,-1,-1,-1,0
dugos,NN,noun,honey,0,Neutral,0,0,0,0,-1,-1,0,0,1,0,0,0,0,0,0,0,0,0,1,0,1
dúguk,VB,verb,"to join, to take part in.",0.296,Positive,1,1,1,1,0,0,1,1,1,1,1,1,1,1,1,1,-1,1,0,0,1
dugus,JJ,adjective,the best part of a thing,0.637,Positive,1,1,1,1,1,1,1,1,1,1,1,1,1,1,1,-1,1,0,1,1,1
dugus,NN,noun,honey,0,Neutral,0,0,0,0,0,1,0,0,0,0,0,0,0,0,0,0,0,0,0,0,1
dugus,VB,verb,to gather fruit,0,Neutral,0,0,0,0,1,0,1,0,0,0,0,0,0,0,0,-1,0,-1,-1,0,0
dugús,NN,noun,honey.,0,Neutral,0,0,0,0,0,0,0,0,0,0,1,1,0,0,1,0,0,1,0,-1,-1
dugú’,NN,noun,blood.,0,Neutral,0,0,0,0,0,0,-1,1,0,0,0,0,0,0,0,0,-1,0,0,0,0
dugú’,VB,verb,to bleed.,0,Neutral,0,0,0,0,0,-1,0,0,0,0,0,0,0,0,-1,0,-1,0,0,0,0
dugwak,NN,noun,"crane , swan",0,Neutral,0,0,0,0,0,0,0,0,0,0,0,0,0,0,0,0,0,0,0,0,0
dúgwak,NN,noun,swan.,0,Neutral,0,0,0,0,1,0,0,0,0,0,0,0,0,0,0,0,-1,0,0,0,0
duha,VB,verb,to duplicate,0,Neutral,0,0,0,0,0,0,0,0,1,0,0,0,0,0,0,0,0,0,0,0,-1
duhá,CD,numeral,two.,0,Neutral,0,0,0,0,0,0,0,0,0,0,-1,0,0,0,0,0,0,0,0,1,0
duha-duha,NN,noun,"doubt , indecision",-0.511,Negative,-1,-1,-1,-1,1,0,-1,-1,-1,-1,-1,-1,-1,-1,-1,-1,-1,-1,-1,-1,1
duha-duha,VB,verb,"to doubt or waver , to be undecided",-0.527,Negative,-1,-1,-1,-1,0,-1,-1,-1,-1,-1,-1,-1,1,0,-1,-1,-1,-1,-1,-1,1
dúhadúha,VB,verb,"to doubt, to hesitate, to waver.",-0.557,Negative,-1,-1,-1,-1,-1,-1,1,-1,-1,-1,-1,-1,1,-1,1,-1,0,-1,-1,0,-1
dúhul,VB,verb,"to give personally, to hand.",0.494,Positive,1,1,1,1,-1,-1,1,1,1,1,1,1,1,1,1,1,1,1,1,1,1
duká’,VB,verb,to nod with drowsiness.,0,Neutral,0,0,0,0,1,0,0,0,1,0,0,1,1,0,0,0,0,0,-1,0,1
dúkduk,VB,verb,"to pound, to grind.",0,Neutral,0,0,0,0,0,1,0,0,0,0,0,0,0,0,0,0,0,0,0,0,0
duko,NN,noun,respect,0.477,Positive,1,1,1,1,0,1,1,1,1,1,0,1,-1,1,1,1,1,1,1,-1,1
duko,VB,verb,bow,0,Neutral,0,0,0,0,1,1,0,0,0,0,0,0,0,0,0,0,0,0,0,0,0
dukuménto,NN,noun,document.,0,Neutral,0,0,0,0,0,1,0,0,0,0,0,0,0,0,0,0,0,1,0,-1,0
dukút,VB,verb,"to stick to, to paste on.",0,Neutral,0,0,0,0,0,0,0,0,-1,0,0,0,0,0,0,0,0,0,0,0,0
dukú’,VB,verb,"to bow, to stoop down.",0,Neutral,0,0,0,0,0,0,0,0,0,0,0,0,0,0,0,0,0,0,0,0,0
dul-ay,NN,noun,a lump of earth or dirt,-0.34,Negative,-1,0,-1,-1,0,0,-1,-1,-1,-1,1,-1,0,1,-1,-1,-1,-1,-1,-1,-1
dula,VB,verb,"to mislay , to lose , to mislay",-0.402,Negative,-1,-1,-1,-1,-1,-1,-1,-1,-1,1,-1,-1,-1,-1,1,-1,-1,-1,-1,-1,-1
dulang,NN,noun,"dig , excavate , mine",0,Neutral,0,0,0,0,-1,-1,0,0,0,0,0,0,0,0,0,-1,0,0,0,0,0
dúlang,NN,noun,"mine, mineral mine.",0,Neutral,0,0,0,0,0,0,-1,0,0,0,0,1,1,0,0,0,0,0,0,0,0
dulangan,NN,noun,mine,0,Neutral,0,0,0,0,0,0,1,0,0,0,0,0,0,-1,0,0,0,0,0,0,0
dulat,NN,noun,"awl , brad",0,Neutral,0,0,0,0,0,0,0,0,1,0,0,0,0,-1,0,0,1,0,0,0,0
dúla’,VB,verb,"to lose, to miss, to mislay.",-0.511,Negative,-1,-1,-1,-1,1,0,-1,-1,-1,-1,-1,-1,-1,-1,1,0,-1,-1,-1,-1,-1
dúlhug,VB,verb,"to descend down a slope, to slide down an inclined plane or a slope.",0,Neutral,0,0,0,0,-1,-1,0,0,0,-1,0,0,-1,1,1,0,0,0,-1,0,0
dúlingdúling,VB,verb,"to walk unsteadily, to stagger, to take irregular steps.",0,Neutral,0,0,0,0,0,-1,0,1,1,0,0,0,-1,-1,0,-1,1,0,0,0,0
dulis,NN,noun,meteorite,0,Neutral,0,0,0,0,1,0,0,0,0,0,0,0,0,-1,0,0,0,0,0,1,0
dulog,NN,noun,"pause , standstill , stop",-0.296,Negative,-1,0,-1,-1,0,0,-1,1,-1,0,-1,-1,-1,-1,-1,-1,1,-1,-1,0,-1
dulogan,NN,noun,stationary,0,Neutral,0,0,0,0,-1,-1,0,-1,0,0,0,1,0,0,0,0,0,0,0,0,0
dulonan,NN,noun,"border , boundary , demarcation",0,Neutral,0,0,0,0,1,-1,1,-1,-1,0,0,0,0,0,0,0,0,0,0,0,0
dulongan,NN,noun,parking,0,Neutral,0,0,0,0,-1,0,0,0,0,0,0,0,0,0,0,0,0,-1,0,0,-1
dulot,NN,noun,dedication ; gift ; present,0.44,Positive,1,0,1,1,0,0,1,1,1,1,1,1,1,1,0,1,1,1,-1,1,1
dúlsi,NN,noun,"candy, pastry.",0,Neutral,0,0,0,0,1,1,0,0,0,-1,0,1,0,-1,0,0,0,0,0,0,0
dulud,NN,noun,"dribble , ooze",0,Neutral,0,0,0,0,0,0,-1,0,-1,0,0,0,0,0,0,0,1,0,-1,0,0
dúlug,VB,verb,"to halt, to stop, to stand.",-0.296,Negative,-1,0,-1,-1,0,0,-1,-1,-1,-1,-1,-1,-1,-1,-1,-1,1,-1,-1,-1,1
dulugokan,NN,noun,attraction,0.459,Positive,1,1,1,1,-1,-1,1,1,1,1,-1,1,1,1,1,-1,1,-1,1,1,0
dulukdokan,NN,noun,grinder,0,Neutral,0,0,0,0,1,1,0,0,0,0,0,0,0,0,0,0,0,0,-1,0,0
dulum,NN,noun,darkness ; gloom,-0.681,Negative,-1,0,-1,-1,0,-1,-1,-1,-1,-1,1,-1,-1,-1,-1,-1,-1,-1,-1,-1,-1
dulum,VB,verb,to darken ; to turn dark,0,Neutral,0,0,0,0,-1,0,1,0,0,0,0,0,0,0,0,0,0,0,0,0,0
dulúm,JJ,adjective,"dark, dim.",0,Neutral,0,0,0,0,1,0,0,0,0,0,0,0,0,0,0,0,1,0,-1,0,0
dulúm,VB,verb,"to darken, to get dusky, to become gloomy.",-0.153,Negative,-1,-1,-1,-1,0,0,-1,-1,-1,-1,-1,1,-1,-1,-1,-1,1,-1,-1,-1,-1
dulumugan,VB,verb,swarm,0,Neutral,0,0,0,0,-1,-1,0,0,-1,0,0,0,-1,0,0,0,0,0,0,0,0
dulúnan,NN,noun,"boundary, border, confine, demarcation.",0,Neutral,0,0,0,0,0,0,1,-1,1,0,0,0,0,0,1,0,1,0,0,0,0
dúlung,VB,verb,"to approach, to come near, to draw near, to go in the direction of.",0,Neutral,0,0,0,0,0,0,0,0,0,1,0,0,0,0,0,0,0,0,0,0,0
dulunggan,NN,noun,ear,0,Neutral,0,0,0,0,0,0,0,0,0,0,0,0,0,0,1,0,-1,0,0,0,0
dulúnggan,NN,noun,ear.,0,Neutral,0,0,0,0,1,-1,0,0,0,0,0,0,0,0,0,0,0,0,0,0,0
dulúnggan,DT,deictic,,0,Neutral,0,0,0,0,-1,0,0,1,0,0,0,0,0,-1,0,0,0,0,0,0,0
dulus,NN,noun,wire,0,Neutral,0,0,0,0,0,0,0,0,0,-1,0,0,0,0,0,0,0,0,0,0,0
dúlut,NN,noun,"offering, gift.",0.44,Positive,1,1,1,1,0,0,0,1,-1,1,1,1,1,1,1,1,1,1,1,1,1
dúlut,VB,verb,"to make a gift, to make an offering.",0.44,Positive,1,1,1,1,1,0,1,1,1,1,1,1,0,1,1,1,1,1,1,0,1
dúl’ung,VB,verb,"to transport, to bring, to deliver, to conduct.",0,Neutral,0,1,0,0,1,1,0,1,1,0,-1,0,0,0,0,0,0,0,0,0,0
dumaan,JJ,adjective,old,0,Neutral,0,0,0,0,0,0,0,0,0,-1,0,-1,0,0,0,0,-1,0,0,0,0
dumaan,JJ,adjective,"antique , old-time",0,Neutral,0,0,0,0,1,0,0,0,0,0,0,0,0,0,0,0,0,0,0,0,0
dumaan,NN,noun,settled farmhand on the negros mainland antonym: sakada ( “ seasonal migrant farmworker ” ),0,Neutral,0,0,0,0,0,0,-1,0,0,0,0,0,0,0,0,0,0,0,0,-1,0
dumaay,VB,verb,fade,0,Neutral,0,0,0,0,0,0,0,0,0,0,1,0,0,0,0,0,1,1,0,0,0
dumagaya,VB,verb,flourish,0,Neutral,0,1,0,0,0,0,0,0,0,0,1,0,0,0,0,0,0,0,0,0,1
dumagsa,VB,verb,flourish,0,Neutral,0,1,0,0,0,-1,0,0,0,0,0,0,0,0,0,0,0,0,-1,0,0
dumála,VB,verb,"to manage, to lead, to conduct, to direct, to govern, to supervise.",0,Neutral,0,0,0,0,0,0,-1,0,0,0,0,-1,1,0,0,0,-1,0,0,-1,0
dumalagan,NN,noun,runaway,0,Neutral,0,-1,0,0,-1,0,0,0,0,0,0,0,0,0,0,0,0,0,0,-1,0
dumalagsa,NN,noun,emigrant,0,Neutral,0,0,0,0,1,0,1,0,0,0,0,0,0,-1,-1,0,0,0,0,0,0
dumalahan,NN,noun,"engineer , executive",0,Neutral,0,0,0,0,-1,-1,0,0,0,0,0,0,0,0,0,0,0,0,0,0,0
dumar,VB,verb,"tame , train",0,Neutral,0,0,0,0,0,0,1,0,1,0,-1,0,1,-1,0,-1,0,0,0,0,0
dumayon,VB,verb,enter,0,Neutral,0,0,0,0,0,0,0,0,0,0,0,0,0,0,0,0,0,0,0,0,0
dumdum,VB,verb,"to recollect , remember , think",0,Neutral,0,0,0,0,-1,0,0,0,0,0,0,0,0,1,0,0,-1,0,0,1,0
dúmdum,VB,verb,"to think, to recollect, to remember, to bear in mind, to recall.",0,Neutral,0,0,0,0,0,0,0,0,0,0,0,0,1,0,0,0,0,0,0,0,0
dumili,VB,verb,prohibit,0,Neutral,0,-1,0,0,1,0,0,-1,0,0,0,0,-1,0,0,0,0,0,0,0,0
dumíli’,VB,verb,"to interdict, to ban, to forbid, to prohibit.",-0.71,Negative,-1,-1,-1,-1,0,0,-1,-1,-1,-1,-1,-1,-1,0,-1,-1,1,1,-1,-1,0
dumot,NN,noun,"hatred , indignation , rage",-0.904,Negative,-1,-1,-1,-1,-1,-1,-1,-1,-1,-1,-1,0,-1,-1,-1,-1,-1,-1,-1,-1,-1
dúmug,VB,verb,"to scuffle, to wrestle, to struggle.",-0.318,Negative,-1,-1,-1,-1,1,-1,-1,-1,0,-1,-1,-1,-1,-1,0,-1,-1,1,-1,-1,-1
dumugo,VB,verb,bleed,0,Neutral,0,0,0,0,1,-1,0,0,0,0,0,0,0,0,0,0,1,0,0,0,0
dumugok,VB,verb,attend,0,Neutral,0,0,0,0,0,0,-1,0,0,0,0,-1,0,0,0,0,0,0,0,0,0
dumukot,VB,verb,to stick,0,Neutral,0,0,0,0,0,0,0,-1,1,0,1,0,0,0,1,0,-1,0,0,0,0
dumulog,VB,verb,pause,0,Neutral,0,0,0,0,0,0,0,0,0,0,0,-1,1,0,0,0,0,0,0,0,-1
dumuluaw,NN,noun,"guest , visitor",0,Neutral,0,0,0,0,0,0,0,0,0,0,1,0,0,0,-1,0,0,0,0,0,0
dumulugok,NN,noun,audience,0,Neutral,0,0,0,0,0,0,0,-1,0,0,1,0,-1,0,0,0,0,0,1,0,0
dumuluong,NN,noun,"alien , foreigner , stranger",0,Neutral,0,0,0,0,0,0,0,0,0,0,0,0,0,0,0,0,0,0,0,0,0
dumulú’ung,NN,noun,"alien, stranger, foreigner.",0,Neutral,0,0,0,0,0,0,0,0,0,0,0,0,0,0,0,0,0,0,0,0,-1
dumungka,VB,verb,"harbor , land",0,Neutral,0,0,0,0,-1,0,0,0,0,0,0,0,-1,0,0,0,-1,0,1,0,0
dumút,VB,verb,"to abominate, to detest, to begrudge.",0,Neutral,0,0,0,0,0,0,0,0,0,-1,0,0,0,0,0,0,0,0,0,0,0
dunang manggad,NN,noun,natural resources,0.361,Positive,1,0,1,1,1,0,1,1,1,1,1,1,1,1,1,1,-1,1,1,1,1
dúngan,RB,adverb,"together, simultaneously.",0,Neutral,0,0,0,0,1,1,0,0,0,0,0,0,0,0,0,0,0,-1,0,0,0
dúngan,VB,verb,"to be or do together, to be simultaneous.",0,Neutral,0,0,0,0,0,0,0,1,0,0,0,0,0,1,0,0,0,0,0,0,0
dungandungan,NN,noun,temple,0,Neutral,0,0,0,0,0,0,0,0,0,0,-1,0,0,0,0,0,0,0,0,-1,0
dungdung,NN,noun,( idiomatic ) to rain cats and dogs,0,Neutral,0,0,0,0,0,-1,0,0,0,0,1,0,0,0,-1,-1,0,0,0,0,0
dungganon,NN,noun,"bigwig , celebrity , noble , royal",0.459,Positive,1,0,1,1,0,-1,0,1,-1,1,1,1,1,0,1,1,1,1,0,1,1
dungkaan,NN,noun,"harbor ; haven ; port , wharf synonyms: dulungkaan , dulungan",0,Neutral,0,0,0,0,1,1,0,1,0,0,0,0,0,0,0,0,0,0,0,0,0
dúngka’,VB,verb,"to land, to arrive as a boat, to dock in port.",0,Neutral,0,0,0,0,0,0,0,0,1,1,0,0,-1,1,0,0,0,0,0,0,0
dungkul,NN,noun,"firewood , log",0,Neutral,0,0,0,0,0,0,0,0,0,0,0,0,0,0,1,-1,0,0,0,0,0
dúnglay,VB,verb,to incline to the side.,0,Neutral,0,0,0,0,0,0,0,-1,0,0,-1,0,0,0,0,0,0,0,0,0,0
dungog,NN,noun,honor,0.494,Positive,1,0,1,1,0,0,1,1,1,1,1,1,1,-1,1,1,1,0,0,1,1
dungog,NN,noun,celebrity,0,Neutral,0,0,0,0,1,0,0,1,0,0,0,1,0,0,-1,0,0,0,0,0,0
dungúg,NN,noun,"honor, fame, reputation.",0.727,Positive,1,1,1,1,1,0,1,1,1,1,1,1,1,1,1,0,-1,1,1,1,1
dungúk,VB,verb,"to look down, to incline one’s head forward, to bend the head.",0,Neutral,0,0,0,0,0,1,0,0,0,0,0,0,0,0,0,0,0,0,1,0,-1
dunkul,NN,noun,firewood,0,Neutral,0,0,0,0,0,0,0,0,0,0,0,-1,0,0,0,0,0,1,0,0,0
dunot,JJ,adjective,"decayed , rotten , spoiled",-0.71,Negative,-1,-1,-1,-1,0,0,-1,-1,-1,-1,-1,-1,-1,-1,-1,-1,-1,1,-1,-1,-1
dunoton,VB,verb,crush,-0.153,Negative,-1,-1,-1,-1,-1,-1,1,-1,-1,-1,-1,-1,0,-1,-1,-1,-1,-1,-1,0,-1
dunút,JJ,adjective,"rotten, spoiled.",-0.511,Negative,-1,-1,-1,-1,-1,-1,-1,-1,-1,-1,-1,-1,0,-1,-1,-1,-1,-1,-1,-1,-1
dunút,VB,verb,"to be rotten, to crush.",-0.599,Negative,-1,-1,-1,-1,-1,-1,-1,1,-1,0,-1,1,-1,-1,-1,-1,-1,-1,-1,0,0
duog,NN,noun,"place , site synonym: lugar",0,Neutral,0,0,0,0,-1,-1,0,0,0,0,0,1,0,1,-1,0,-1,0,0,0,0
duog,NN,noun,village synonym: baryo,0,Neutral,0,0,0,0,0,1,0,0,0,0,0,0,0,0,0,0,1,-1,1,0,0
dupak,JJ,adjective,"dirty , foul , obscene , smutty",-0.772,Negative,-1,-1,-1,-1,0,0,-1,1,-1,-1,-1,-1,-1,-1,-1,-1,-1,-1,-1,-1,0
dupak,JJ,adjective,"indecent , impure",0,Neutral,0,0,0,0,-1,1,0,0,1,0,0,0,0,0,0,0,0,0,-1,1,0
dupak,NN,noun,"bad language, obscene words",-0.807,Negative,-1,-1,-1,-1,0,0,-1,-1,-1,1,-1,-1,-1,-1,-1,0,-1,-1,-1,-1,-1
dupak,VB,verb,to use obscene language,-0.586,Negative,-1,-1,-1,-1,-1,-1,-1,-1,-1,-1,0,-1,-1,-1,-1,1,-1,-1,-1,1,-1
dupla,NN,noun,"saliva , spit , spittle",0,Neutral,0,0,0,0,-1,-1,0,0,-1,-1,0,0,0,1,1,0,0,0,0,-1,0
dúpla’,VB,verb,"to spit on, to spit.",0,Neutral,0,0,0,0,0,0,0,0,0,0,0,0,0,0,0,0,0,0,0,0,-1
duplikado,NN,noun,duplicate,0,Neutral,0,0,0,0,0,0,0,1,0,0,0,0,0,0,0,0,0,0,0,-1,0
dupoy,NN,noun,breeze,0,Neutral,0,0,0,0,1,0,0,0,0,0,0,0,0,0,0,0,0,0,-1,-1,0
dúsdus,VB,verb,"to push, to shove, to mix.",0,Neutral,0,0,0,0,0,0,0,0,0,0,-1,0,0,0,0,0,0,0,0,0,0
dúsmu’,VB,verb,to stumble.,0,Neutral,0,0,0,0,0,0,0,1,1,0,1,0,-1,0,0,0,0,0,-1,0,1
dusú’,VB,verb,"to push against, to shove, to thrust.",0,Neutral,0,0,0,0,0,1,0,0,0,0,0,1,0,0,0,0,0,0,0,0,1
duta,NN,noun,"earth , ground , soil",0,Neutral,0,0,0,0,1,1,0,0,0,0,0,0,0,0,0,0,0,0,0,0,0
duta,NN,noun,"land , lot , property",0,Neutral,0,0,0,0,0,0,1,0,0,0,0,-1,0,-1,0,0,0,1,0,0,0
dutan-on,JJ,adjective,"earthly , worldly",0,Neutral,0,0,0,0,0,0,-1,0,0,0,0,0,0,0,0,0,0,-1,-1,0,0
dutang panublion,NN,noun,patrimony,0,Neutral,0,0,0,0,0,0,0,0,-1,0,1,0,0,0,0,0,0,0,1,0,0
dúta’,NN,noun,"land, soil, earth.",0,Neutral,0,0,0,0,0,-1,1,0,0,1,0,1,0,-1,0,0,0,-1,0,0,0
duyan,NN,noun,cradle,0,Neutral,0,0,0,0,0,1,-1,0,0,0,0,0,0,0,0,0,0,0,1,0,0
duyan,NN,noun,hammock,0,Neutral,0,0,0,0,0,0,0,0,0,0,0,0,0,0,0,0,0,0,0,-1,0
duyan,NN,noun,swing,0,Neutral,0,0,0,0,0,0,0,0,0,0,0,0,0,1,-1,0,0,0,0,0,0
dúyan,NN,noun,"swing, cradle, crib, hammock.",0,Neutral,0,0,0,0,0,0,0,0,0,0,0,0,0,0,0,0,0,0,0,0,0
dúyan,VB,verb,"to rock a cradle, to swing.",0,Neutral,0,0,0,0,0,0,0,-1,0,0,0,0,0,0,0,0,0,0,0,0,0
duyanon,VB,verb,swing,0,Neutral,0,0,0,0,0,0,0,0,0,0,0,0,0,0,0,0,0,0,0,0,-1
duyog,NN,noun,inclination,0,Neutral,0,0,0,0,0,0,0,-1,0,0,0,-1,0,0,0,0,0,1,0,0,0
duyong,NN,noun,"dugong , sea cow",0,Neutral,0,0,0,0,1,-1,0,0,0,0,0,0,0,0,0,0,0,0,0,0,0
dúyu,JJ,adjective,"dejected, sad.",-0.743,Negative,-1,0,-1,-1,0,0,1,-1,-1,-1,-1,-1,-1,-1,-1,-1,-1,-1,1,-1,-1
du’ág,NN,noun,"color, hue.",0,Neutral,0,0,0,0,-1,-1,0,0,0,-1,0,-1,0,1,0,0,0,1,0,0,0
dú’aw,VB,verb,"to drop in, to look in, to visit.",-0.273,Negative,-1,0,-1,-1,-1,0,-1,-1,-1,-1,-1,-1,-1,0,-1,1,-1,-1,-1,0,-1
dú’ug,NN,noun,"location, site, place.",0,Neutral,0,0,0,0,-1,-1,0,0,1,0,0,0,0,0,0,0,0,0,0,0,0
dú’ul,NN,noun,cork.,0,Neutral,0,0,0,0,0,0,0,0,1,0,0,0,0,0,0,0,1,0,0,0,0
dwénde,NN,noun,"dwarf, elf, leprechaun.",0,Neutral,0,0,0,0,0,-1,0,0,0,0,0,0,0,0,0,0,-1,0,1,0,1
dwénde,DT,deictic,,0,Neutral,0,0,0,0,0,0,-1,0,-1,0,0,0,0,0,0,0,-1,0,1,0,0
dyanitor,NN,noun,janitor,0,Neutral,0,0,0,0,-1,0,0,0,0,0,0,0,0,0,0,0,0,1,0,0,0
dyés,CD,numeral,ten.,0,Neutral,0,0,0,0,0,0,0,0,0,0,0,0,0,1,0,0,0,0,0,-1,0
dyíp,NN,noun,"jeepney, renovated war surplus jeeps used as public transportation.",-0.599,Negative,-1,0,-1,-1,-1,0,-1,-1,-1,-1,-1,-1,-1,-1,1,-1,-1,-1,-1,-1,-1
dyús,NN,noun,"god, the almighty.",0.273,Positive,1,0,1,1,-1,-1,0,1,1,1,1,1,1,1,1,1,1,1,1,1,1
dyútay,JJ,adjective,"tiny, small, little.",0,Neutral,0,0,0,0,1,1,0,0,0,0,0,0,0,0,0,0,0,0,0,0,0
ebanghelyo,NN,noun,gospel,0,Neutral,0,0,0,0,1,0,1,0,1,0,0,0,0,0,0,0,-1,0,0,0,0
ebanghélyo,NN,noun,"gospel, epistle.",0,Neutral,0,0,0,0,0,0,-1,0,0,0,-1,0,0,0,-1,0,1,0,0,0,0
ebanhelyo,NN,noun,archaic form of ebanghelyo,0,Neutral,0,0,0,0,0,0,0,0,1,0,1,0,1,0,0,0,0,0,0,0,0
edad,NN,noun,age synonym: gulang,0,Neutral,0,0,0,0,0,0,0,0,0,0,0,0,-1,0,0,0,0,0,1,0,0
edád,NN,noun,age.,0,Neutral,0,0,0,0,0,0,0,0,0,0,0,0,-1,0,0,0,0,0,0,-1,0
edukasyon,NN,noun,"education , upbringing",0,Neutral,0,0,0,0,0,0,0,0,0,0,0,-1,0,0,0,0,-1,0,0,0,0
edukasyon,NN,noun,"instruction , training",0,Neutral,0,0,0,0,0,0,0,0,0,-1,0,0,0,0,0,-1,0,0,0,0,1
eh,RP,particle,"filler which can mean, oh…, no….",0,Neutral,0,0,0,0,0,1,0,0,1,0,0,0,0,0,0,-1,0,-1,0,0,0
ehemplo,NN,noun,example synonym: halimbawa,0,Neutral,0,0,0,0,0,-1,0,0,0,0,-1,0,0,0,0,0,0,0,1,0,0
ehersisyo,NN,noun,exercise,0,Neutral,0,0,0,0,0,0,0,0,0,0,-1,0,0,0,0,0,0,0,0,1,0
eklipse,NN,noun,eclipse,0,Neutral,0,0,0,0,0,0,-1,0,0,0,0,0,-1,1,0,0,0,0,0,0,0
eklípsi,NN,noun,eclipse.,0,Neutral,0,0,0,0,-1,-1,0,0,0,0,0,0,0,0,-1,0,0,0,0,-1,0
eksamen,NN,noun,"test , examination",0,Neutral,0,0,0,0,0,-1,0,0,0,0,0,0,0,0,0,0,0,0,0,-1,0
eksamen,VB,verb,to inquire or search,0,Neutral,0,0,0,0,0,0,0,0,1,0,0,0,0,0,0,0,0,0,1,0,0
eksámin,NN,noun,"examination, test.",0,Neutral,0,0,0,0,1,0,0,0,0,0,-1,0,0,0,0,0,0,0,-1,0,0
eksámin,VB,verb,to give or take an examination.,0,Neutral,0,0,0,0,0,0,0,0,1,0,0,0,0,-1,0,0,0,0,0,0,0
eleksyon,NN,noun,election,0,Neutral,0,0,0,0,0,0,0,0,0,0,0,0,0,0,0,0,0,-1,0,0,0
eleksyón,NN,noun,election.,0,Neutral,0,0,0,0,0,0,0,0,0,0,0,0,0,0,0,0,0,0,0,0,0
eleksyón,VB,verb,to hold an election.,0,Neutral,0,0,0,0,1,0,0,0,0,0,0,0,0,0,0,1,1,0,0,0,1
elektrisidad,NN,noun,electricity,0,Neutral,0,0,0,0,0,0,0,0,0,-1,0,0,0,0,0,0,0,0,0,0,0
elementárya,NN,noun,elementary.,0,Neutral,0,0,0,0,0,0,-1,0,-1,0,0,-1,0,0,0,0,1,0,0,0,0
elepante,NN,noun,elephant synonym: gadyo,0,Neutral,0,0,0,0,1,0,0,1,0,0,0,0,0,0,0,0,0,0,-1,-1,0
embahada,NN,noun,embassy,0,Neutral,0,0,0,0,0,-1,0,0,0,0,0,1,1,0,0,-1,0,0,0,0,0
embahador,NN,noun,ambassador,0,Neutral,0,0,0,0,0,0,0,0,0,0,0,0,0,0,0,0,0,0,0,0,0
embahadór,NN,noun,ambassador.,0,Neutral,0,0,0,0,0,0,0,0,0,0,0,0,0,0,1,0,0,0,0,1,-1
embalsamár,VB,verb,to embalm.,0,Neutral,0,0,0,0,0,0,1,1,0,0,0,0,0,0,0,-1,1,0,-1,-1,0
embudo,NN,noun,funnel,0.026,Neutral,0,0,1,0,0,0,0,-1,0,0,0,0,0,0,0,0,0,0,0,0,0
empanáda,NN,noun,native pie of meat baked with pastry crust.,0,Neutral,0,0,0,0,0,0,0,-1,0,0,0,0,0,0,0,0,-1,-1,0,-1,-1
empeine,NN,noun,herpes,0,Neutral,0,-1,0,0,0,0,0,0,0,0,0,0,0,-1,0,0,0,0,0,0,0
emperador,NN,noun,emperor,0,Neutral,0,0,0,0,-1,0,0,0,0,0,0,0,0,0,0,0,1,0,0,0,0
empleyádo,NN,noun,employee.,0,Neutral,0,0,0,0,0,0,0,0,0,0,0,0,0,0,0,0,0,-1,0,0,0
empýene,NN,noun,ringworm.,0,Neutral,0,-1,0,0,0,0,-1,0,0,0,0,-1,0,1,1,1,0,0,0,0,0
enéro,NN,noun,january.,0,Neutral,0,0,0,0,0,0,0,0,0,0,1,0,1,0,0,0,0,0,0,1,0
englatéra,NN,noun,england.,0,Neutral,0,0,0,0,0,0,0,0,0,0,1,0,0,1,0,0,0,0,1,1,-1
enhenyéro,NN,noun,engineer.,0,Neutral,0,0,0,0,-1,0,1,0,0,0,0,0,0,0,0,0,0,0,0,0,0
enkantado,JJ,adjective,magical,0,Neutral,0,1,0,0,-1,0,0,0,0,1,0,0,0,0,0,0,0,0,0,0,0
enpermera,NN,noun,attendant,0,Neutral,0,0,0,0,0,0,0,0,0,0,0,0,-1,0,0,0,0,0,0,0,0
ensaláda,NN,noun,salad.,0,Neutral,0,0,0,0,0,-1,0,0,0,0,0,0,-1,0,0,1,0,1,-1,0,-1
entablado,NN,noun,"platform , stage",0,Neutral,0,0,0,0,0,0,0,0,0,0,0,0,0,0,1,-1,0,0,0,0,0
entabládo,NN,noun,"platform, stage.",0,Neutral,0,0,0,0,0,1,0,0,0,0,0,0,0,0,0,1,0,0,0,0,0
éntra,VB,verb,"to go in, to enter, to share in, to interfere, to participate.",0.296,Positive,1,0,1,1,1,0,-1,1,0,1,1,1,1,1,1,1,1,1,0,1,1
entyénde,VB,verb,"to understand, to grasp, to comprehend, to realize.",0,Neutral,0,0,0,0,1,1,0,0,0,1,0,0,0,-1,0,0,0,-1,1,0,0
epektíbo,JJ,adjective,effective.,0.477,Positive,1,1,1,1,0,0,1,1,1,-1,1,1,1,1,1,1,1,1,1,1,1
eropláno,NN,noun,airplane.,0,Neutral,0,0,0,0,1,0,1,0,0,0,0,0,0,0,0,0,0,0,0,0,0
eséna,NN,noun,"screen, movie screen.",0,Neutral,0,0,0,0,-1,0,0,0,0,0,0,0,0,0,0,0,1,1,0,0,0
esensya,NN,noun,"essence ; extract , tincture",0,Neutral,0,0,0,0,0,0,0,0,-1,0,0,0,0,0,0,0,0,0,0,-1,0
esensya,NN,noun,excerpt,0,Neutral,0,0,0,0,0,0,-1,-1,1,0,0,0,0,0,0,0,1,0,0,0,0
eskandalo,NN,noun,scandal,-0.44,Negative,-1,-1,-1,-1,0,0,-1,-1,-1,-1,-1,-1,-1,-1,-1,-1,-1,-1,-1,0,-1
eskándalo,NN,noun,scandal.,-0.44,Negative,-1,-1,-1,-1,-1,-1,-1,0,0,1,-1,-1,0,-1,-1,-1,-1,0,-1,-1,-1
eskándalo,JJ,adjective,"rude, scandalous, lack in social refinement.",-0.827,Negative,-1,-1,-1,-1,-1,-1,-1,-1,-1,-1,-1,1,-1,0,-1,-1,-1,-1,-1,-1,0
eskándalo,VB,verb,to create a scandal.,-0.202,Negative,-1,-1,-1,-1,-1,-1,-1,-1,1,-1,-1,0,-1,-1,-1,-1,-1,-1,-1,-1,-1
eskiníta,NN,noun,"aisle, alleyway.",0,Neutral,0,0,0,0,-1,1,1,-1,0,0,0,0,0,0,0,0,0,0,0,0,0
eskoba,NN,noun,brush,0,Neutral,0,0,0,0,-1,-1,1,0,0,0,0,0,0,-1,0,0,1,0,0,0,0
eskóba,NN,noun,"of shoes, brush.",0,Neutral,0,0,0,0,0,0,0,0,-1,0,0,0,0,0,0,0,1,0,0,0,0
eskultor,NN,noun,sculptor,0,Neutral,0,0,0,0,0,0,0,0,0,0,0,0,-1,0,-1,0,0,-1,0,0,0
eskultór,NN,noun,sculptor.,0,Neutral,0,0,0,0,0,0,-1,0,0,0,0,1,0,1,0,0,0,0,0,0,0
eskuwela,NN,noun,school synonym: buluthoan,0,Neutral,0,0,0,0,0,0,0,0,0,0,0,0,-1,-1,0,0,0,0,0,0,1
eskuwela,VB,verb,to go to school ; to attend school,0,Neutral,0,0,0,0,0,-1,0,0,0,0,0,0,0,1,0,0,0,0,0,1,0
eskwala,NN,noun,( carpentry ) square,0,Neutral,0,0,0,0,0,0,0,0,0,0,0,0,0,0,0,0,0,1,0,1,-1
eskwéla,NN,noun,"student, pupil.",0,Neutral,0,0,0,0,0,0,0,1,0,0,0,0,0,0,1,0,0,0,0,0,0
eskwelahán,NN,noun,"school house, school.",0,Neutral,0,0,0,0,0,0,1,0,0,0,0,0,0,0,0,0,1,0,0,1,0
espáda,NN,noun,"sword, spade.",0,Neutral,0,0,0,0,0,0,0,0,0,-1,0,0,0,0,0,0,0,0,1,0,0
espánya,NN,noun,spain.,0,Neutral,0,0,0,0,-1,0,0,0,0,0,0,0,0,0,0,0,0,0,0,0,-1
espanyól,NN,noun,"spanish, spaniard.",0,Neutral,0,0,0,0,1,0,0,0,1,0,0,0,0,0,0,1,0,0,0,0,0
espeho,NN,noun,mirror synonym: salaming,0,Neutral,0,0,0,0,0,0,0,0,1,0,0,0,0,0,0,0,0,0,0,0,0
espiritu,NN,noun,"spirit , soul , ghost synonym: kalag",-0.153,Negative,-1,0,-1,-1,0,0,-1,-1,-1,-1,-1,-1,-1,0,0,-1,-1,-1,-1,-1,-1
espíritu,NN,noun,"soul, spirit, ghost.",-0.153,Negative,-1,0,-1,-1,-1,-1,-1,-1,-1,-1,-1,1,-1,-1,-1,-1,-1,-1,-1,1,-1
espíya,NN,noun,"agent, spy.",0,Neutral,0,0,0,0,-1,-1,0,0,1,0,0,0,0,0,0,0,0,0,1,0,1
espíya,VB,verb,to spy.,0,Neutral,0,0,0,0,0,1,0,0,0,0,0,0,0,0,0,0,0,0,0,-1,0
espóngha,NN,noun,"powder puff, sponge.",0,Neutral,0,0,0,0,-1,0,0,0,0,0,0,1,0,0,-1,0,0,0,0,0,0
estádo,NN,noun,"state, province.",0,Neutral,0,0,0,0,0,0,0,0,0,0,0,0,0,0,0,0,0,0,0,0,0
estádos,NN,noun,united states.,0.421,Positive,1,0,1,1,1,0,1,0,1,1,0,1,1,1,1,0,1,1,1,1,1
estánte,NN,noun,"shelf, bookcase.",0,Neutral,0,0,0,0,1,1,0,0,0,0,0,1,0,0,0,-1,0,0,0,0,0
estár,VB,verb,"to inhabit, to stay, to live, to reside.",0,Neutral,0,0,0,0,0,0,0,0,0,0,0,0,0,0,0,0,0,0,-1,0,0
estasyón,NN,noun,station.,0,Neutral,0,0,0,0,-1,0,-1,0,-1,0,1,0,1,0,0,0,0,0,0,0,0
estátwa,NN,noun,statue.,0,Neutral,0,0,0,0,0,0,0,0,0,0,0,0,0,0,-1,0,0,0,-1,-1,0
estranghéro,NN,noun,"foreigner, stranger.",0,Neutral,0,0,0,0,-1,0,0,0,0,1,0,0,0,0,0,1,0,0,0,0,0
estudyante,NN,noun,"pupil , student",0,Neutral,0,0,0,0,1,0,0,0,0,0,0,0,0,0,0,0,0,0,0,0,0
estudyánte,NN,noun,"learner, student.",0,Neutral,0,0,0,0,0,0,0,0,0,-1,1,0,0,-1,0,0,0,0,0,0,0
fálda,NN,noun,ladies skirt.,0,Neutral,0,0,0,0,0,0,0,0,0,0,0,0,0,0,0,0,1,0,0,0,0
famílya,NN,noun,"family, home.",0,Neutral,0,0,0,0,0,0,0,0,0,0,0,0,0,0,1,0,0,0,0,0,0
febréro,NN,noun,february.,0,Neutral,0,0,0,0,0,-1,0,1,0,0,0,0,0,0,0,0,0,0,0,0,0
floréra,NN,noun,flower vase.,0,Neutral,0,0,0,0,0,0,0,0,-1,0,-1,-1,0,0,0,0,0,0,0,0,0
frankiyo,NN,noun,postage,0,Neutral,0,0,0,0,0,0,0,0,0,0,0,0,0,0,0,0,0,0,0,0,0
fránsya,NN,noun,france.,0,Neutral,0,0,0,0,0,0,0,0,0,-1,0,0,0,0,0,0,0,0,0,0,0
fresa,NN,noun,strawberry,0,Neutral,0,0,0,0,0,0,0,0,0,0,0,0,0,-1,0,0,0,0,0,0,0
fuersa,NN,noun,"force , strength , vigor",0.649,Positive,1,0,1,1,0,0,1,1,1,1,1,0,1,1,-1,1,1,-1,0,1,1
fuersa,NN,noun,"coercion , compulsion",0,Neutral,0,0,0,0,1,1,0,0,0,0,0,0,0,0,0,0,0,0,0,1,0
fuersa,VB,verb,"to force , compel",0,Neutral,0,0,0,0,0,1,0,0,0,0,1,0,1,0,0,0,0,0,0,1,0
gaang,VB,verb,"to heat , warm",0.226,Positive,1,0,1,1,0,0,1,1,1,1,1,1,1,-1,-1,1,1,1,1,1,1
gab-e,NN,noun,night,0,Neutral,0,0,0,0,1,1,0,1,0,0,0,0,0,0,1,0,0,0,0,-1,0
gab-i,NN,noun,"evening ; night coordinate terms: aga , udto , hapon",0,Neutral,0,0,0,0,0,1,0,0,0,0,0,0,1,0,0,0,0,-1,1,0,0
gab-i,NN,noun,nighttime synonym: adlaw,0,Neutral,0,0,0,0,0,0,-1,1,0,0,0,0,0,0,1,0,0,1,0,0,0
gabi,NN,noun,taro,0,Neutral,0,0,0,0,-1,0,0,0,0,1,0,0,0,0,0,0,0,0,0,0,0
gábi,NN,noun,taro.,0,Neutral,0,0,0,0,0,0,-1,0,0,0,0,0,1,0,0,0,0,0,0,0,0
gabinéte,NN,noun,"cabinet, an advisory body to the president of the country.",0,Neutral,0,0,0,0,0,0,-1,0,0,-1,-1,0,-1,0,0,0,0,0,0,0,1
gabon,NN,noun,cloud synonym: panganod,0,Neutral,0,0,0,0,0,0,0,-1,0,0,1,0,0,0,0,0,0,0,0,0,0
gabuk,JJ,adjective,"rotten , decayed , decomposed",-0.71,Negative,-1,-1,-1,-1,0,1,-1,-1,0,-1,-1,-1,-1,-1,-1,-1,1,-1,-1,1,-1
gabuk,VB,verb,to be rotten or decomposing,-0.511,Negative,-1,-1,-1,-1,-1,0,-1,-1,-1,-1,-1,-1,-1,-1,-1,-1,-1,0,-1,-1,-1
gabúk,JJ,adjective,"rotten, decayed.",-0.71,Negative,-1,-1,-1,-1,-1,-1,-1,0,1,-1,-1,-1,-1,-1,1,-1,-1,-1,-1,-1,-1
gabúk,VB,verb,"to be rotten, to decay.",-0.718,Negative,-1,-1,-1,-1,1,-1,-1,-1,-1,-1,-1,-1,-1,-1,-1,-1,-1,-1,-1,-1,-1
gabut,VB,verb,"to pull out, to extract , to uproot",0,Neutral,0,0,0,0,1,-1,-1,0,0,0,0,0,0,-1,0,0,0,0,0,0,0
gábut,VB,verb,"to pull out, to weed, to extract, to uproot.",0,Neutral,0,0,0,0,0,0,0,0,0,0,0,0,0,-1,0,0,0,0,0,-1,0
gáb’i,NN,noun,"night, evening.",0,Neutral,0,0,0,0,0,0,0,-1,0,0,0,0,0,0,0,0,0,0,0,0,0
gago,JJ,adjective,ignorant,-0.273,Negative,-1,-1,-1,-1,0,0,0,-1,0,-1,-1,-1,-1,-1,-1,1,-1,-1,-1,-1,-1
gáhit,VB,verb,to clear the way by cutting off grass.,0.273,Positive,1,0,1,1,0,-1,1,1,1,1,1,0,1,1,1,1,1,1,-1,1,1
gahud,NN,noun,"clatter , noise",0,Neutral,0,-1,0,0,1,1,0,0,0,0,0,1,0,0,0,0,0,0,0,0,0
gahud,NN,noun,( sound ) : rattle,0,Neutral,0,0,0,0,0,0,0,0,0,0,0,-1,0,0,0,0,-1,1,0,0,0
gahud,NN,noun,sound,0,Neutral,0,0,0,0,1,0,0,0,0,0,0,0,0,0,-1,1,0,0,0,0,0
gáhud,JJ,adjective,"noisy, bothersome.",-0.459,Negative,-1,-1,-1,-1,0,0,-1,-1,-1,-1,-1,0,-1,-1,-1,-1,0,-1,-1,-1,-1
gáhud,NN,noun,"noise, clatter.",0,Neutral,0,0,0,0,0,-1,1,0,0,-1,1,-1,0,0,0,0,0,0,0,0,0
gáhud,VB,verb,"to be noisy, to make noise.",-0.178,Negative,-1,-1,-1,-1,0,0,-1,1,-1,-1,-1,-1,-1,-1,-1,-1,-1,-1,-1,-1,-1
gahúm,NN,noun,"power, authority, precedence.",0.077,Positive,1,1,1,1,-1,-1,1,1,1,1,1,1,1,1,1,1,1,1,1,1,1
gal-um,NN,noun,raincloud,0,Neutral,0,0,0,0,1,1,0,0,0,0,0,0,0,0,0,1,0,-1,0,0,0
gal-um,NN,noun,"mist or fog , haze",0,Neutral,0,0,0,0,0,0,0,0,0,0,1,-1,0,0,0,0,0,0,1,0,0
galab,NN,noun,"scythe , sickle",0,Neutral,0,-1,0,0,0,0,0,0,-1,0,0,0,0,0,0,0,0,0,0,0,-1
gálab,VB,verb,"to cut with a sickle, to gather rice grains with a sickle.",-0.273,Negative,-1,0,-1,-1,0,0,-1,-1,1,-1,-1,-1,-1,-1,1,-1,-1,0,-1,1,-1
galánte,JJ,adjective,"gallant, chivalrous, extravagant.",0.402,Positive,1,1,1,1,-1,-1,1,1,-1,-1,1,1,1,1,1,1,1,1,1,1,1
galapún,NN,noun,bottle.,0,Neutral,0,0,0,0,1,1,-1,0,0,0,0,0,0,0,0,0,0,0,1,0,0
galatúng,NN,noun,"firewood, chopped wood used for firewood.",0,Neutral,0,0,0,0,0,0,0,0,0,0,0,0,0,0,0,0,-1,0,1,0,-1
galing,VB,verb,"grind , mill",0,Neutral,0,0,0,0,-1,0,0,0,0,0,0,0,0,0,0,0,0,0,0,0,0
gáling,VB,verb,"to mill, to grind.",0,Neutral,0,0,0,0,0,0,0,1,0,0,0,0,0,-1,0,0,0,0,0,0,0
galingan,NN,noun,grinder,0,Neutral,0,0,0,0,0,0,0,0,0,0,-1,0,1,0,0,0,0,0,0,1,0
galingán,NN,noun,"grinder, mill.",0,Neutral,0,0,0,0,0,0,0,0,-1,0,1,-1,0,0,1,0,-1,0,0,0,0
galí’,RP,particle,"really, is that so, indeed, oh.",0,Neutral,0,0,0,0,0,0,0,0,0,0,0,0,0,0,0,0,0,1,1,-1,1
galón,NN,noun,gallon.,0,Neutral,0,0,0,0,0,0,0,0,1,0,0,0,-1,0,1,0,0,0,0,0,0
galyetas,NN,noun,"cracker , hardtack , biscuit",0,Neutral,0,0,0,0,-1,0,-1,0,0,-1,0,0,0,0,0,0,0,0,0,0,-1
galyetas,NN,noun,a small ship,0,Neutral,0,0,0,0,0,0,0,0,0,0,0,0,0,0,0,1,0,0,0,0,0
galyétas,NN,noun,"crackers, cookie.",0,Neutral,0,0,0,0,0,-1,0,0,0,0,1,0,0,0,0,0,0,0,0,0,0
gál’um,NN,noun,"rain cloud, gray cloud.",0,Neutral,0,0,0,0,0,0,0,0,-1,0,0,0,0,0,0,0,0,1,0,-1,0
gál’um,JJ,adjective,cloudy.,0,Neutral,0,0,0,0,-1,1,-1,0,0,0,0,0,0,0,0,0,0,1,0,-1,-1
gál’um,VB,verb,to become cloudy.,0,Neutral,0,0,0,0,0,1,0,-1,0,0,0,1,0,0,-1,0,0,0,0,0,0
gamay,JJ,adjective,"little , small synonym: diyotay",0,Neutral,0,0,0,0,0,0,0,0,0,0,0,0,-1,0,0,0,0,0,0,0,0
gamáy,JJ,adjective,"small, little.",0,Neutral,0,0,0,0,0,0,0,0,0,-1,0,-1,0,0,0,0,-1,-1,0,0,0
gambal,JJ,adjective,bulky,0,Neutral,0,0,0,0,0,0,0,-1,0,0,1,0,0,0,-1,0,0,0,0,0,-1
gamhon,NN,noun,( botany ) weed,0,Neutral,0,0,0,0,0,0,0,0,0,0,0,0,1,0,0,0,0,-1,0,0,0
gámhun,NN,noun,fog.,0,Neutral,0,0,0,0,0,0,0,1,1,-1,0,0,0,-1,0,0,0,0,0,-1,0
gámhun,JJ,adjective,foggy.,0,Neutral,0,0,0,0,-1,0,0,0,-1,0,0,0,0,0,0,-1,0,0,0,0,-1
gamit,VB,verb,"to use , to apply , to employ",0,Neutral,0,0,0,0,0,-1,0,0,0,0,0,1,-1,0,0,-1,0,0,1,0,1
gámit,VB,verb,"to use, to devise.",0,Neutral,0,0,0,0,1,0,0,0,0,0,0,0,0,0,0,0,0,0,0,0,0
gamo,NN,noun,"conflict , trouble",-0.612,Negative,-1,-1,-1,-1,0,0,-1,-1,-1,1,1,-1,-1,-1,-1,-1,-1,-1,-1,-1,-1
gamo,NN,noun,"confusion , disorder . excitement , noise",-0.178,Negative,-1,-1,-1,-1,-1,0,-1,0,-1,-1,-1,0,-1,1,-1,-1,-1,-1,-1,-1,-1
gamosa,NN,noun,velvet,0,Neutral,0,0,0,0,-1,-1,1,1,0,0,0,0,0,0,1,0,0,0,0,0,0
gamósa,JJ,adjective,velvety.,0,Neutral,0,0,0,0,1,1,0,0,0,0,0,0,0,-1,0,0,0,0,0,0,0
gamot,NN,noun,root,0,Neutral,0,0,0,0,0,0,0,0,0,1,0,0,0,0,0,0,0,0,0,0,0
gamú,NN,noun,"disturbance, conflict, confusion.",-0.727,Negative,-1,0-1,-1,-1,0,0,-1,-1,-1,-1,-1,-1,-1,-1,-1,1,-1,-1,-1,-1,-1
gamú,VB,verb,"to cause a disturbance, to throw into confusion, to take away peace.",-0.077,Negative,-1,-1,-1,-1,-1,0,0,-1,-1,-1,-1,-1,-1,1,1,-1,-1,-1,-1,-1,0
gamút,NN,noun,root.,0,Neutral,0,0,0,0,-1,0,0,0,0,0,0,0,0,0,0,0,0,0,-1,0,0
gana,NN,noun,"appetite , desire",0.402,Positive,1,1,1,1,-1,0,-1,1,1,1,1,1,1,1,1,1,1,1,1,0,0
gána,NN,noun,appetite.,0,Neutral,0,1,0,0,1,-1,0,0,0,0,0,0,0,0,0,-1,0,0,0,1,0
gána,VB,verb,to have appetite for.,0,Neutral,0,1,0,0,0,0,0,0,-1,0,0,0,0,1,0,0,0,0,0,0,0
ganánsya,NN,noun,"winnings, gain.",0.784,Positive,1,1,1,1,0,1,1,1,1,0,1,1,1,1,1,1,1,-1,1,1,1
ganghá’an,NN,noun,"gate, entrance, door.",0,Neutral,0,0,0,0,1,1,0,0,0,0,0,-1,0,0,0,0,0,0,0,0,-1
ganhaan,NN,noun,door,0,Neutral,0,0,0,0,0,0,0,0,0,0,0,0,0,1,0,0,0,0,0,0,0
gánit,VB,verb,"to pinch, to twist, to pull one’s hair.",0,Neutral,0,-1,0,0,-1,0,0,0,0,0,0,0,0,0,0,0,-1,0,0,0,0
gáni’,CC,conjunction,"in fact, as a matter of fact.",0.026,Neutral,0,0,1,0,0,0,0,0,1,0,0,0,0,0,0,0,0,0,0,1,0
gansa,NN,noun,"gander , goose",0,Neutral,0,0,0,0,0,0,1,0,0,0,0,0,0,0,0,0,0,0,0,0,0
gánsa,NN,noun,goose.,0,Neutral,0,0,0,0,0,0,0,0,0,0,0,0,0,0,0,0,0,0,0,-1,0
gansál,JJ,adjective,"loud, deafening.",-0.296,Negative,-1,-1,-1,-1,0,0,0,-1,1,0,-1,-1,-1,-1,-1,-1,0,-1,1,-1,0
gansál,NN,noun,"noise, racket.",0,Neutral,0,0,0,0,-1,0,-1,0,0,0,0,0,0,0,0,1,0,0,0,0,0
gansál,VB,verb,"to be noisy, to set up a racket.",-0.178,Negative,-1,0,-1,-1,0,0,-1,-1,-1,-1,-1,-1,-1,-1,-1,-1,-1,-1,-1,-1,-1
gansilyo,NN,noun,"crochet hook , knitting needle",0,Neutral,0,0,0,0,-1,-1,-1,0,0,0,0,0,1,0,0,0,0,0,1,0,0
ganso,NN,noun,hook,0,Neutral,0,0,0,0,0,0,-1,0,-1,0,0,0,0,0,1,0,0,0,0,0,0
gántang,NN,noun,ganta.,0,Neutral,0,0,0,0,1,0,0,0,-1,-1,0,0,0,0,1,0,0,0,0,0,0
gantángan,NN,noun,wooden measuring box with a volume content of approximately one ganta or three liters.,0,Neutral,0,0,0,0,0,0,1,0,0,0,1,1,0,0,0,0,0,0,0,0,0
gánuy,VB,verb,"to drag behind, to draw.",-0.226,Negative,-1,-1,-1,-1,1,1,-1,-1,-1,1,-1,-1,-1,-1,-1,-1,-1,-1,-1,-1,-1
ganyat,VB,verb,"attract , entice , seduce",0.361,Positive,1,1,1,1,-1,1,1,1,1,1,1,1,1,1,1,1,1,1,1,1,-1
gapas,VB,verb,to cut down or fell,-0.273,Negative,-1,0,-1,-1,1,1,-1,-1,-1,-1,-1,-1,-1,-1,-1,-1,-1,-1,-1,-1,-1
gápas,VB,verb,"to cut down, to fell.",-0.273,Negative,-1,0,-1,-1,-1,1,-1,-1,-1,-1,-1,0,-1,0,-1,1,-1,-1,-1,-1,-1
gápus,VB,verb,"to bind, to tie together, to tie the hands together.",0,Neutral,0,0,0,0,1,-1,0,0,0,0,0,0,0,0,-1,0,0,0,0,0,1
gárab,VB,verb,"to cut rice, to gather rice grains, grass or any dicot plant with a sharp instrument.",-0.273,Negative,-1,0,-1,-1,0,0,-1,-1,-1,-1,-1,-1,-1,-1,-1,-1,-1,-1,-1,-1,-1
gárab,NN,noun,"reaper, small sharp blade in the palm used to cut rice grains from the stalk.",-0.273,Negative,-1,0,-1,-1,-1,-1,-1,-1,-1,-1,-1,1,-1,-1,-1,1,-1,0,-1,-1,0
garahe,NN,noun,garage,0,Neutral,0,0,0,0,0,-1,0,1,0,0,0,0,-1,0,0,-1,1,0,0,0,0
garáhi,NN,noun,garage.,0,Neutral,0,0,0,0,-1,0,0,0,-1,0,0,0,0,0,0,0,0,0,0,-1,0
garantíya,NN,noun,guarantee.,0.25,Positive,1,1,1,1,0,0,1,1,0,1,-1,1,1,1,1,1,1,0,1,-1,0
garapata,NN,noun,tick,0,Neutral,0,0,0,0,1,1,0,-1,0,0,-1,0,0,0,0,0,0,1,-1,0,0
gará’,VB,verb,"to allure, to entice, to persuade, to prevail upon.",0,Neutral,0,1,0,0,1,0,-1,0,0,0,0,0,0,-1,0,0,0,0,0,0,0
garbanso,NN,noun,"chickpea , garbanzo",0,Neutral,0,0,0,0,0,-1,0,-1,0,0,0,0,0,0,0,0,0,0,0,0,0
garot,JJ,adjective,dense,0,Neutral,0,0,0,0,0,0,0,0,0,0,0,0,0,0,0,0,0,-1,0,0,0
garuk,NN,noun,filth,0,Neutral,0,0,0,0,0,0,0,-1,0,-1,0,0,0,0,0,0,0,0,0,0,0
garuk,VB,verb,corrupt,0,Neutral,0,-1,0,0,0,0,0,0,0,0,0,0,0,0,0,0,0,0,1,0,0
garúk,JJ,adjective,"corrupt, depraved.",0,Neutral,0,-1,0,0,0,-1,0,0,0,0,0,0,1,1,0,0,0,0,1,0,-1
garúk,VB,verb,to corrupt.,0,Neutral,0,-1,0,0,-1,-1,0,0,0,0,0,0,0,0,0,0,0,0,0,0,1
garút,JJ,adjective,"tough, rowdy.",-0.128,Negative,-1,-1,-1,-1,-1,0,-1,-1,-1,-1,-1,-1,-1,-1,-1,-1,-1,-1,-1,-1,-1
gasolina,NN,noun,"gasoline ( us , canada ) ; petrol ( australia , uk )",0,Neutral,0,0,0,0,-1,-1,0,0,0,0,0,0,0,0,1,0,0,0,0,0,0
gasolina,VB,verb,to refuel with gasoline / petrol ; to gas up,0,Neutral,0,0,0,0,0,0,-1,0,0,1,0,1,0,0,0,0,0,0,0,0,0
gastado,JJ,adjective,spent,0,Neutral,0,0,0,0,0,-1,0,0,0,0,0,-1,0,1,0,0,0,0,0,0,0
gástos,NN,noun,"expense, disbursement.",0,Neutral,0,0,0,0,0,0,0,-1,0,0,0,0,0,0,0,0,0,0,0,0,1
gástos,VB,verb,"to spend, to expend, to disburse.",0,Neutral,0,0,0,0,0,0,0,0,0,1,0,1,0,0,0,-1,0,0,0,0,-1
gástos,JJ,adjective,"extravagant, spendthrift.",0,Neutral,0,0,0,0,0,-1,0,0,0,0,0,0,0,-1,0,0,-1,0,0,0,0
gata,NN,noun,coconut milk,0,Neutral,0,0,0,0,-1,1,0,0,0,0,0,0,0,0,0,0,-1,1,1,0,0
gatas,NN,noun,milk,0,Neutral,0,0,0,0,0,1,0,0,1,0,0,0,0,0,0,0,0,0,0,1,-1
gátas,NN,noun,"milk, sap.",0,Neutral,0,0,0,0,0,0,-1,0,0,0,0,0,0,0,0,0,0,0,1,0,0
gatasan,VB,verb,milk,0,Neutral,0,0,0,0,0,0,0,0,0,0,0,0,0,0,0,0,1,-1,0,0,0
gatá’,NN,noun,"juice, coconut milk.",0,Neutral,0,0,0,0,0,0,0,0,0,0,0,0,0,0,0,-1,0,0,0,0,0
gatong,NN,noun,firewood ; fuel,0,Neutral,0,0,0,0,0,0,0,0,0,0,0,0,0,0,0,0,0,0,0,0,0
gatong,VB,verb,to fuel,0,Neutral,0,0,0,0,0,1,0,0,0,0,0,0,0,0,1,0,0,0,0,0,0
gatúmbal,NN,noun,pepper.,0,Neutral,0,0,0,0,1,0,0,0,0,0,-1,0,0,0,0,0,0,0,0,0,0
gátung,VB,verb,to burn as firewood.,0,Neutral,0,0,0,0,0,-1,0,0,-1,-1,0,0,0,0,0,0,0,0,-1,0,1
gatús,CD,numeral,hundred.,0,Neutral,0,0,0,0,0,0,0,1,1,0,0,-1,0,0,0,0,1,0,0,-1,-1
gáwa,VB,verb,to look out the window.,0,Neutral,0,0,0,0,0,0,0,0,0,0,0,0,0,0,0,0,0,0,0,0,0
gáwad,VB,verb,"to get at a price, to recover, to redeem a pawned item.",0,Neutral,0,0,0,0,0,0,0,0,0,0,0,-1,1,0,0,0,0,-1,-1,0,0
gawahan,NN,noun,window,0,Neutral,0,0,0,0,-1,0,0,0,0,0,1,0,0,0,0,0,0,0,0,0,0
gaway,VB,verb,dangle,0,Neutral,0,0,0,0,1,0,0,0,0,0,0,0,1,0,0,0,0,0,0,1,0
gawgaw,NN,noun,starch,0,Neutral,0,0,0,0,0,0,0,0,1,1,0,0,0,1,-1,0,0,0,0,0,0
gáwgaw,NN,noun,starch.,0,Neutral,0,0,0,0,0,0,0,0,0,0,0,1,0,0,0,0,0,0,0,0,0
gawi,NN,noun,conduct,0,Neutral,0,0,0,0,0,0,0,0,0,0,0,0,0,1,0,0,0,1,1,0,0
gayún,JJ,adjective,"gorgeous, dressy.",0.612,Positive,1,1,1,1,0,1,1,1,0,1,1,0,-1,1,1,1,1,1,1,1,1
gá’id,VB,verb,"to bind, to secure, to tie to, to hitch on to.",0.34,Positive,1,1,1,1,1,-1,1,1,-1,1,1,1,1,1,1,1,1,1,1,1,1
ga’úd,NN,noun,"paddle, oar.",0,Neutral,0,0,0,0,1,1,0,0,0,0,0,0,0,0,0,0,0,0,1,0,0
ga’úd,VB,verb,"to row, to paddle, to propel by means of an oar.",0,Neutral,0,0,0,0,0,0,0,0,0,0,0,0,0,-1,0,0,0,0,0,0,0
géra,NN,noun,"war, battle.",-0.758,Negative,-1,-1,-1,-1,0,0,-1,-1,-1,-1,-1,-1,-1,-1,-1,-1,-1,-1,-1,-1,-1
géra,VB,verb,to declare or fight a war.,-0.758,Negative,-1,-1,-1,-1,-1,-1,-1,-1,-1,-1,-1,-1,-1,-1,0,-1,-1,1,-1,-1,-1
gesantes,NN,noun,"snow pea , sugar snap pea",0,Neutral,0,0,0,0,-1,-1,1,0,0,0,0,0,0,0,0,0,0,0,0,0,0
gia,NN,noun,"guide , leader , founder",0,Neutral,0,0,0,0,0,0,0,0,0,0,0,0,0,0,0,0,0,0,1,0,0
gibungan,NN,noun,the junction of two or more rivers,0,Neutral,0,0,0,0,0,0,0,-1,0,0,0,0,0,1,0,0,0,0,0,0,0
gibungan,NN,noun,mouth of a river,0,Neutral,0,0,0,0,0,0,0,0,0,1,-1,0,0,0,1,0,1,0,0,-1,-1
gibwangan,NN,noun,the junction of two or more rivers,0,Neutral,0,0,0,0,-1,0,0,0,1,0,0,0,0,0,-1,0,0,0,0,0,0
gibwangan,NN,noun,mouth of a river,0,Neutral,0,0,0,0,0,0,0,1,0,0,0,0,0,0,0,0,0,0,0,0,0
gíd,RP,particle,"very, extremely, most, intensifier.",0,Neutral,0,0,0,0,0,0,0,0,0,1,0,0,0,1,0,1,1,-1,0,0,-1
gihapon,RB,adverb,"always , as , always , usually",0,Neutral,0,0,0,0,0,0,0,0,0,0,0,0,0,0,0,0,0,0,-1,-1,-1
gihápun,RB,adverb,always.,0,Neutral,0,0,0,0,0,0,0,1,0,0,0,0,0,-1,0,0,0,0,1,0,0
gíhu’,VB,verb,"to move, to stir, to budge.",0,Neutral,0,0,0,0,0,0,0,0,1,0,0,0,0,0,0,0,-1,-1,0,0,0
gikan,NN,noun,"origin , where someone comes from",0,Neutral,0,0,0,0,0,0,0,0,-1,0,0,0,0,0,0,0,0,0,0,0,-1
gíkan,VB,verb,"to come from, to originate, to be derived from.",0,Neutral,0,0,0,0,0,0,1,0,0,0,0,0,0,-1,0,0,0,0,0,1,0
gikas,VB,verb,to cut off or diminish,-0.273,Negative,-1,0,-1,-1,0,0,-1,-1,-1,-1,-1,-1,0,-1,-1,-1,-1,-1,-1,-1,-1
gikas,VB,verb,separate,0,Neutral,0,0,0,0,-1,-1,0,0,0,1,0,0,0,0,0,0,0,1,0,0,1
gilayon,RB,adverb,immediately synonym: dali,0,Neutral,0,0,0,0,0,0,0,0,0,0,0,0,0,0,1,0,0,0,0,0,0
gilayon,RB,adverb,"soon ; later synonyms: karon , madason",0,Neutral,0,0,0,0,1,1,0,-1,0,0,0,1,0,1,0,0,0,0,0,1,0
gilayún,RB,adverb,"soon, immediately, later.",0,Neutral,0,0,0,0,0,0,-1,0,1,-1,0,-1,0,0,0,0,0,0,1,0,0
gín-,VB,verbal affix,general completed -un affix.,0,Neutral,0,0,0,0,0,0,1,0,0,-1,-1,1,0,0,0,0,0,0,0,0,0
gín-…-an,VB,verbal affix,general completed -an affix.,0,Neutral,0,0,0,0,0,0,-1,0,0,0,1,0,0,0,0,0,0,0,-1,0,0
ginagihan,NN,noun,incidents and events that happen to a person during their life,0,Neutral,0,0,0,0,0,1,0,0,0,0,0,0,1,0,1,0,0,0,0,0,0
ginamús,NN,noun,native fish sauce made out of marinated fish.,0,Neutral,0,0,0,0,0,-1,0,0,0,0,0,-1,0,0,0,0,0,-1,-1,0,0
giná’,VB,verbal affix,general durative -un affix.,0,Neutral,0,0,0,0,0,0,0,0,0,0,0,0,0,0,-1,0,0,0,-1,0,0
giná…-an,VB,verbal affix,general durative -an affix.,0,Neutral,0,0,0,0,0,0,0,0,0,1,0,0,0,1,0,0,0,0,0,0,0
ginggon,NN,noun,gingham,0,Neutral,0,0,0,0,0,0,0,0,0,0,0,0,0,0,0,0,-1,0,0,0,0
gingikanan,NN,noun,"beginning , commencement , lineage , origin , root , source , start",0,Neutral,0,0,0,0,0,0,0,0,0,0,0,0,0,0,0,0,0,0,1,1,0
ginharian,NN,noun,domain ; empire ; kingdom ; monarchy ; realm ; sovereignty synonym: dakhari,0,Neutral,0,0,0,0,0,0,0,-1,-1,0,0,0,0,0,0,0,1,0,-1,0,0
ginhawa,NN,noun,"breath , exhalation , inhalation , respiration",0,Neutral,0,0,0,0,0,0,0,0,0,0,0,0,0,-1,0,1,0,-1,0,0,0
ginháwa,NN,noun,"breath, respiration.",0,Neutral,0,0,0,0,0,0,0,0,0,-1,0,0,0,0,0,0,0,0,1,0,0
ginháwa,VB,verb,"to breathe, to take in air.",0,Neutral,0,0,0,0,0,1,0,0,1,0,0,0,1,0,-1,0,0,0,0,0,0
ginhawaan,NN,noun,"trachea , windpipe",0,Neutral,0,0,0,0,0,0,0,0,0,0,0,0,0,0,0,0,0,0,0,1,0
ginikanan,NN,noun,parent,0,Neutral,0,0,0,0,0,-1,0,0,1,0,0,-1,0,0,-1,0,0,-1,0,0,0
ginikánan,NN,noun,parent.,0,Neutral,0,0,0,0,1,0,0,0,1,0,0,0,0,0,0,0,0,0,0,0,0
ginoo,NN,noun,deity ; god,0.273,Positive,1,1,1,1,0,0,1,1,1,1,1,1,1,1,1,1,1,1,1,1,1
ginsakpan,NN,noun,dominion,0,Neutral,0,0,0,0,1,1,0,0,0,0,0,0,-1,0,0,0,0,0,1,0,0
ginsugoran,JJ,adjective,elementary,0,Neutral,0,0,0,0,1,0,1,0,-1,0,0,0,0,0,0,0,0,-1,0,0,0
gintung-an,NN,noun,"center , middle , midpoint",0,Neutral,0,0,0,0,0,0,0,0,0,0,0,0,0,0,0,0,0,0,0,1,1
ginuo,NN,noun,sir,0,Neutral,0,0,0,0,0,0,0,0,0,0,0,0,0,0,0,-1,0,-1,0,0,0
ginutlan,NN,noun,"interlude , interval",0,Neutral,0,0,0,0,-1,0,0,0,0,0,0,0,0,0,0,0,0,0,0,1,0
ginú’u,NN,noun,"sir, mister.",0,Neutral,0,0,0,0,0,0,0,-1,0,0,0,1,0,0,0,0,0,0,0,0,0
ginú’u,NN,noun,god.,0.273,Positive,1,0,1,1,0,0,1,1,1,1,-1,-1,1,-1,1,1,1,-1,-1,1,1
gín’ut,JJ,adjective,"of climate, warm, hot.",0.226,Positive,1,0,1,1,1,1,1,1,1,1,1,1,0,1,0,1,0,1,1,1,1
gipak,JJ,adjective,broken,-0.477,Negative,-1,0,-1,-1,1,1,1,-1,-1,-1,-1,-1,-1,-1,-1,-1,-1,-1,-1,-1,-1
gíray,VB,verb,to tear or cut in strips.,-0.273,Negative,-1,0,-1,-1,1,-1,-1,-1,-1,0,-1,-1,-1,0,-1,-1,-1,-1,-1,-1,-1
gisa,VB,verb,"to bake , to fry",0,Neutral,0,0,0,0,-1,-1,0,0,1,0,0,0,0,-1,0,0,0,0,0,0,0
gisá,VB,verb,"to fry with fat, to saute.",0,Neutral,0,0,0,0,0,1,-1,0,0,0,0,0,0,0,0,0,0,0,0,1,0
gisántes,NN,noun,pea.,0,Neutral,0,0,0,0,0,0,0,0,0,0,0,0,1,0,0,0,0,0,0,0,1
gisi,NN,noun,"rend , rip , split , tear , ( to , rend )",0,Neutral,0,0,0,0,-1,0,0,-1,0,0,0,0,0,0,0,0,0,0,0,0,0
gision,VB,verb,"crack , rip , tear",0,Neutral,0,0,0,0,0,0,0,0,0,0,0,0,0,0,0,0,0,0,0,0,0
gísi’,VB,verb,"to tear, to slit with a sharp instrument, to split, to break asunder.",0,Neutral,0,0,0,0,0,-1,0,1,0,0,0,0,1,0,0,1,0,0,-1,0,0
gitára,NN,noun,guitar.,0,Neutral,0,0,0,0,0,0,1,0,0,0,0,0,1,0,0,0,0,0,0,0,0
gitára,VB,verb,to play a guitar.,0.34,Positive,1,0,1,1,1,0,1,1,1,1,1,0,1,1,1,1,1,-1,0,1,1
giwa-os,NN,noun,"dearth of food, famine , misery",-0.791,Negative,-1,-1,-1,-1,1,1,0,-1,-1,-1,-1,-1,-1,-1,-1,-1,-1,-1,0,1,-1
giwaos,NN,noun,alternative spelling of giwá-os,0,Neutral,0,0,0,0,-1,-1,0,1,0,0,-1,0,0,1,1,0,0,1,0,1,1
giyan,VB,verb,"desire , inclination , liking for",0.66,Positive,1,1,1,1,0,0,0,1,0,1,1,1,1,1,1,1,1,1,1,1,1
godgod,VB,verb,"follow up , look for , search for",0,Neutral,0,1,0,0,1,1,0,0,0,0,0,0,0,0,0,0,0,0,0,0,0
gora,NN,noun,"bonnet , cap",0,Neutral,0,0,0,0,0,-1,1,0,1,0,0,0,0,0,0,0,0,0,0,0,0
governadór,NN,noun,governor.,0,Neutral,0,0,0,0,-1,0,-1,0,0,0,0,0,0,0,0,0,0,1,1,0,0
grábe,JJ,adjective,"grave, serious.",-0.44,Negative,-1,-1,-1,-1,0,0,-1,-1,-1,-1,-1,-1,-1,-1,-1,-1,1,-1,-1,-1,-1
grádo,NN,noun,grade.,0,Neutral,0,0,0,0,-1,-1,0,0,0,0,0,0,0,-1,0,0,0,0,-1,0,0
grádwar,VB,verb,to graduate.,0,Neutral,0,0,0,0,0,-1,0,0,0,0,-1,0,-1,0,0,0,0,1,0,0,-1
gramátika,NN,noun,grammar.,0,Neutral,0,0,0,0,0,0,0,0,0,0,0,1,0,0,0,0,0,0,0,0,-1
grása,NN,noun,grease.,0,Neutral,0,0,0,0,0,0,0,0,0,0,0,1,0,0,1,0,0,0,0,1,0
grasya,NN,noun,"grace synonym: bugay antonyms: desgrasya , huya",0.421,Positive,1,1,1,1,0,0,1,1,1,1,1,1,1,1,1,1,1,1,1,1,1
grásya,NN,noun,"grace, blessing.",0.718,Positive,1,1,1,1,-1,1,1,1,1,1,1,0,1,0,1,1,1,1,0,1,1
gratipikasyon,NN,noun,"gratuity , reward , tip , ( gratuity , reward )",0.813,Positive,1,1,1,1,1,1,1,1,1,1,1,1,-1,1,0,1,1,1,1,1,1
grátis,NN,noun,"gratis, free.",0.542,Positive,1,1,1,1,1,1,1,0,1,1,1,1,1,1,1,1,1,1,1,1,1
gripo,NN,noun,faucet ; tap,0,Neutral,0,0,0,0,1,1,0,0,0,0,0,0,1,0,-1,0,0,0,0,0,0
grípo,NN,noun,faucet.,0,Neutral,0,0,0,0,0,0,0,0,0,0,1,0,1,0,0,0,0,0,0,0,0
grumete,NN,noun,crew,0,Neutral,0,0,0,0,0,0,1,-1,0,-1,0,0,0,0,1,0,0,-1,0,1,0
gruméte,NN,noun,crew.,0,Neutral,0,0,0,0,0,0,0,0,1,0,0,0,0,0,0,0,0,-1,-1,0,0
grúpu,NN,noun,group.,0,Neutral,0,0,0,0,0,0,0,0,0,0,1,0,0,0,0,0,0,1,0,0,0
gub-on,VB,verb,disrupt,0,Neutral,0,-1,0,0,0,0,0,0,0,0,0,0,-1,0,0,0,0,0,0,0,0
guban,NN,noun,"brigade , group , throng",0,Neutral,0,0,0,0,-1,0,0,0,0,0,0,0,0,0,0,1,0,0,0,0,0
gubán,NN,noun,"group, brigade, caravan.",0,Neutral,0,0,0,0,0,0,1,0,0,0,0,0,0,0,0,0,0,0,0,0,0
gúbat,NN,noun,war.,-0.599,Negative,-1,-1,-1,-1,0,0,-1,-1,-1,-1,-1,-1,-1,-1,-1,-1,-1,-1,-1,-1,-1
gúbat,VB,verb,"to wage a war, to declare war.",-0.832,Negative,-1,-1,-1,-1,-1,-1,-1,-1,-1,-1,-1,-1,-1,-1,1,0,-1,-1,1,0,-1
gubá’,VB,verb,"to demolish, to destroy, to undo.",-0.542,Negative,-1,-1,-1,-1,-1,0,-1,-1,-1,-1,-1,-1,-1,-1,-1,-1,-1,-1,-1,-1,-1
gúgma,NN,noun,"love, adoration, affection.",0.91,Positive,1,1,1,1,-1,-1,1,1,1,-1,0,1,1,1,1,1,1,1,0,1,1
gúhab,VB,verb,to break in or through.,0,Neutral,0,0,0,0,1,1,1,1,0,0,0,0,0,0,0,0,0,0,0,0,0
gulang,NN,noun,age synonym: edad,0,Neutral,0,0,0,0,0,0,0,0,0,0,1,-1,1,-1,0,0,0,0,1,1,0
gulang,JJ,adjective,"mature , ripe synonym: tanang antonym: hilaw",0.421,Positive,1,0,1,1,0,1,1,1,1,1,1,1,1,1,1,1,1,1,1,1,0
gúlang,NN,noun,"age, maturity.",0,Neutral,0,0,0,0,1,1,1,0,0,1,0,1,0,0,0,0,0,0,0,0,0
gúlang,VB,verb,"to be old, to become mature, to ripen.",0.421,Positive,1,0,1,1,0,0,-1,1,1,1,1,1,0,1,1,1,-1,1,1,1,1
gúlgul,VB,verb,"to saw off, to cut off.",-0.273,Negative,-1,-1,-1,-1,1,1,0,1,-1,-1,-1,-1,-1,-1,-1,-1,-1,-1,-1,-1,1
gúlpi,VB,verb,"to shock, to jolt.",-0.382,Negative,-1,0,-1,-1,-1,-1,-1,-1,-1,-1,1,-1,-1,-1,-1,1,-1,-1,-1,-1,1
gúlub,VB,verb,"to cut, to trim, to crop closely.",-0.273,Negative,-1,0,-1,-1,0,-1,-1,-1,-1,-1,-1,-1,-1,-1,1,1,1,-1,-1,1,-1
gulút,VB,verb,to cut with a knife or scissors.,-0.273,Negative,-1,0,-1,-1,-1,-1,-1,-1,-1,-1,-1,-1,1,-1,-1,-1,-1,-1,-1,-1,-1
guluwaan,NN,noun,"exit , escape , egress",0.178,Positive,1,0,1,1,-1,-1,1,0,1,1,-1,0,1,1,1,1,1,0,1,1,1
gúlu’,VB,verb,"to thrust, to put a stick or finger through a hole, to insert something through a crack.",0,Neutral,0,0,0,0,1,1,0,0,0,0,-1,0,0,0,0,0,0,0,-1,1,0
gúma,NN,noun,"rubber, tire.",0,Neutral,0,0,0,0,0,0,1,0,0,1,1,0,0,0,0,0,0,0,-1,0,0
gúmuk,VB,verb,to squeeze or compress so as to crush.,-0.218,Negative,-1,0,-1,-1,-1,0,-1,-1,-1,-1,-1,-1,1,-1,-1,-1,-1,-1,-1,0,-1
gumulua,NN,noun,cast,0,Neutral,0,0,0,0,-1,-1,0,0,0,0,0,0,0,0,0,0,1,0,0,0,0
gumulúwa’,NN,noun,"cast, mold.",0,Neutral,0,0,0,0,0,0,-1,0,0,0,0,0,0,-1,0,0,0,0,1,-1,1
gúmun,VB,verb,"to muddle, to disorganize, to entangle, especially string or yarn, or thread.",0,Neutral,0,0,0,0,0,0,0,0,0,0,0,0,0,0,0,0,0,0,0,0,0
gunting,NN,noun,scissors,0,Neutral,0,0,0,0,1,0,0,0,1,0,0,0,0,0,0,0,0,1,-1,0,0
gunting,NN,noun,haircut,0,Neutral,0,0,0,0,0,0,0,0,0,0,0,0,0,0,0,1,0,0,0,0,0
gúnting,NN,noun,"scissors, haircut.",0,Neutral,0,0,0,0,0,0,0,-1,0,0,0,0,0,0,1,0,0,-1,0,0,0
gúnting,VB,verb,to cut with a scissors.,-0.273,Negative,-1,0,-1,-1,0,0,-1,-1,-1,-1,-1,-1,-1,-1,-1,-1,-1,-1,-1,-1,-1
gúra,NN,noun,"cap, hat.",0,Neutral,0,0,0,0,-1,1,0,1,-1,0,-1,0,1,0,0,0,0,0,0,0,0
guráb,VB,verb,"to grasp and to pull out grass, to weed.",0,Neutral,0,0,0,0,0,0,0,0,0,0,0,0,1,-1,0,0,0,0,0,0,0
guray,NN,noun,"streak , stripe",0,Neutral,0,0,0,0,0,0,-1,0,0,0,-1,0,0,0,0,-1,0,0,0,0,0
guray-guray,NN,noun,stripe,0,Neutral,0,0,0,0,0,0,0,-1,0,0,1,0,0,0,0,0,0,0,0,0,1
guráyguráy,JJ,adjective,"lined, striped.",0,Neutral,0,0,0,0,0,0,0,0,-1,0,1,0,0,0,1,1,-1,0,0,0,0
gurípat,VB,verb,"to twist the ears, to box the ears.",0,Neutral,0,0,0,0,0,0,0,0,0,0,0,0,0,0,0,-1,0,0,0,0,1
gusok,NN,noun,( anatomy ) rib,0,Neutral,0,0,0,0,-1,0,1,0,0,0,1,0,0,0,0,0,0,0,0,0,0
gústo,NN,noun,"wants, desire, likes.",0.67,Positive,1,1,1,1,0,0,1,1,1,1,1,1,0,1,1,-1,1,1,1,1,1
gústo,VB,verb,"to care for, to want, to desire, to like.",0.827,Positive,1,1,1,1,1,1,0,1,1,1,1,0,1,0,1,1,1,1,1,1,1
gúsuk,NN,noun,rib.,0,Neutral,0,0,0,0,1,0,0,0,0,0,0,0,0,1,0,0,0,-1,0,-1,0
gutok,JJ,adjective,tight,0,Neutral,0,0,0,0,0,0,0,0,0,0,0,0,1,0,0,0,0,0,0,0,0
gutok,JJ,adjective,crowded,0,Neutral,0,0,0,0,1,0,1,-1,0,0,0,0,0,0,0,-1,1,-1,0,0,0
gutom,JJ,adjective,"famished , hungry",0,Neutral,0,0,0,0,0,0,0,-1,0,0,0,0,0,0,0,0,0,0,0,0,0
gutom,NN,noun,hunger,-0.25,Negative,-1,-1,-1,-1,0,0,1,-1,-1,-1,1,1,-1,1,-1,-1,-1,-1,1,-1,-1
gútrab,VB,verb,to chop or cut off with a knife or a pair of scissors.,-0.273,Negative,-1,-1,-1,-1,1,-1,0,-1,-1,-1,-1,-1,-1,-1,-1,-1,-1,-1,-1,-1,-1
gutúk,JJ,adjective,"of clothes, tight.",0,Neutral,0,0,0,0,-1,0,0,0,0,0,0,0,0,0,0,-1,0,0,0,0,0
gutúk,VB,verb,to be tight.,0,Neutral,0,0,0,0,0,0,0,0,0,0,0,-1,0,1,0,0,-1,0,0,0,0
gútum,NN,noun,"hunger, craving.",-0.25,Negative,-1,-1,-1,-1,-1,0,-1,-1,-1,-1,-1,-1,-1,-1,-1,-1,-1,-1,-1,0,0
gútum,VB,verb,"to crave for, to hunger for.",-0.25,Negative,-1,-1,-1,-1,-1,-1,-1,-1,-1,-1,-1,-1,0,1,-1,-1,-1,-1,-1,-1,-1
guya,NN,noun,( anatomy ) face,0,Neutral,0,0,0,0,-1,-1,0,0,0,0,0,0,0,0,0,0,0,0,0,0,0
guyod,VB,verb,to drag ; to haul ; to pull,-0.226,Negative,-1,-1,-1,-1,1,1,-1,-1,-1,-1,-1,-1,-1,0,-1,-1,-1,-1,-1,-1,-1
gúyud,VB,verb,"to tug along, to drag along, to pull, to trail along the ground.",-0.226,Negative,-1,-1,-1,-1,0,-1,-1,0,-1,-1,-1,-1,-1,-1,1,-1,-1,-1,-1,-1,-1
guyum,NN,noun,"ant , ( various , species )",0,Neutral,0,0,0,0,-1,1,0,0,0,0,0,0,0,0,0,0,0,0,0,0,0
gwantes,NN,noun,gloves,0,Neutral,0,0,0,0,0,0,0,0,0,0,0,0,0,0,1,0,0,0,0,0,0
gwápo,JJ,adjective,"handsome, beautiful, pretty.",0.883,Positive,1,1,1,1,-1,-1,1,1,1,1,0,1,0,-1,1,0,-1,1,1,1,1
gwardya,NN,noun,guard ; watch,0,Neutral,0,0,0,0,-1,1,0,0,0,0,0,0,0,0,0,1,1,0,0,1,1
gwá’,RB,adverb,outside.,0,Neutral,0,0,0,0,-1,1,0,0,0,0,-1,0,0,0,0,-1,0,0,1,0,0
gwá’,VB,verb,"to go or come outside, to appear, to make one’s appearance on stage.",0,Neutral,0,0,0,0,0,0,0,0,0,0,0,0,0,1,0,-1,0,0,0,0,0
habagat,NN,noun,southwest monsoon,0,Neutral,0,0,0,0,0,1,0,0,1,0,0,0,0,0,1,0,0,1,0,0,0
habal,JJ,adjective,inflamed,-0.34,Negative,-1,-1,-1,-1,0,1,-1,-1,-1,-1,-1,-1,-1,-1,-1,-1,-1,-1,-1,-1,-1
háblug,VB,verb,"to swing, to dangle, to rock to and fro.",0,Neutral,0,0,0,0,1,-1,0,0,0,0,0,0,1,0,0,0,0,0,0,0,0
hábnus,VB,verb,"to snatch, to pull with force, to draw away suddenly.",0,Neutral,0,0,0,0,0,1,0,0,0,0,0,0,0,0,0,0,-1,0,0,0,0
habok,VB,verb,"loosen , swell up",0,Neutral,0,0,0,0,-1,0,0,0,0,0,0,0,1,0,0,1,1,0,0,0,0
habol,NN,noun,blanket,0,Neutral,0,0,0,0,0,0,0,0,0,0,1,1,1,0,0,0,1,0,0,0,0
habon,NN,noun,soap,0,Neutral,0,0,0,0,0,0,-1,0,0,0,0,0,0,0,0,0,0,0,0,0,0
habón,NN,noun,washing soap.,0,Neutral,0,0,0,0,0,1,0,0,0,0,0,0,0,0,0,0,0,1,-1,0,0
haboy,VB,verb,"fling , hurl",0,Neutral,0,0,0,0,0,0,0,0,0,0,0,1,0,0,0,0,1,0,1,1,0
hábug,VB,verb,"to swing, to rock back and forth.",0,Neutral,0,0,0,0,0,0,0,1,0,0,0,0,0,0,0,1,0,0,0,0,0
hábuk,VB,verb,"to inflate, to blow up, to swell.",0,Neutral,0,0,0,0,0,0,0,-1,0,-1,-1,0,0,0,1,0,1,0,0,0,0
habul,NN,noun,"blanket , rug",0,Neutral,0,0,0,0,0,-1,0,0,0,0,-1,0,0,0,0,0,-1,0,0,-1,0
habúl,JJ,adjective,"of edged or pointed tools, dull, blunt.",-0.402,Negative,-1,-1,-1,-1,0,0,-1,-1,0,-1,-1,0,-1,-1,-1,-1,-1,-1,-1,0,-1
habúl,VB,verb,to weave.,0,Neutral,0,0,0,0,-1,-1,-1,-1,0,1,0,0,0,0,0,0,0,0,0,1,0
hábul,NN,noun,thick blanket.,0,Neutral,0,0,0,0,0,-1,-1,0,0,0,-1,0,0,-1,0,0,0,0,1,-1,0
habúy,VB,verb,"to throw out, to cast, to shoot, to toss, to pitch.",-0.34,Negative,-1,-1,-1,-1,0,0,-1,0,-1,-1,-1,1,-1,-1,-1,-1,-1,1,-1,-1,-1
habyog,NN,noun,swing,0,Neutral,0,0,0,0,-1,-1,1,0,0,1,0,0,0,0,0,0,0,0,0,0,0
hábyug,VB,verb,"to swing, hurl, to rock, especially to a far distance.",0,Neutral,0,0,0,0,0,1,1,0,0,0,0,0,0,0,0,0,0,0,0,0,0
hadlok,NN,noun,"afraid , awe , dread",-0.459,Negative,-1,-1,-1,-1,0,0,1,-1,-1,-1,-1,-1,-1,-1,-1,-1,-1,-1,-1,-1,-1
hádluk,NN,noun,"fear, apprehension.",-0.743,Negative,-1,-1,-1,-1,-1,-1,1,-1,-1,-1,-1,-1,-1,-1,-1,-1,-1,-1,-1,-1,-1
hádluk,JJ,adjective,"fearful, diabolic, dreadful.",-0.727,Negative,-1,-1,-1,-1,-1,-1,-1,0,-1,-1,0,-1,-1,-1,-1,-1,0,0,-1,-1,-1
hádluk,VB,verb,"to be afraid, to fear, to be apprehensive.",-0.494,Negative,-1,-1,-1,-1,-1,-1,-1,0,0,-1,-1,-1,-1,1,0,-1,-1,-1,-1,-1,-1
hagad,VB,verb,"invite , persuade , request",0.153,Positive,1,1,1,1,-1,-1,1,1,1,0,1,1,1,1,1,1,1,1,1,1,1
hágad,VB,verb,"to persuade, to induce, to invite, to ask to come.",0.153,Positive,1,1,1,1,1,1,1,1,1,1,1,1,-1,1,1,1,1,1,1,1,0
hágbas,VB,verb,"to cut, to mow down grass, to cut down grass or weeds with a sickle or a reaper.",-0.494,Negative,-1,-1,-1,-1,1,1,-1,-1,1,-1,-1,-1,1,-1,1,-1,-1,-1,0,-1,-1
haǵdan,NN,noun,"stairs, ladder.",0,Neutral,0,0,0,0,-1,-1,0,0,0,0,0,0,0,0,0,0,0,0,0,0,0
hagdanan,NN,noun,stairs,0,Neutral,0,0,0,0,0,0,0,0,0,0,0,0,1,0,0,0,0,0,-1,0,0
hagdanan,NN,noun,ladder,0,Neutral,0,0,0,0,0,0,0,-1,0,0,0,0,0,0,-1,0,0,0,0,0,0
hágis,VB,verb,"to trim, to cut off thorns.",-0.273,Negative,-1,-1,-1,-1,0,0,-1,-1,-1,-1,0,-1,-1,-1,-1,0,-1,-1,-1,-1,-1
hagmak,VB,verb,fall down,0,Neutral,0,0,0,0,-1,-1,0,0,0,0,0,0,0,-1,0,0,0,0,0,0,0
hágmak,VB,verb,to fall headlong.,0,Neutral,0,0,0,0,0,0,0,0,0,0,0,0,0,0,0,0,0,0,0,1,0
hagna,NN,noun,"motion , proposal",0,Neutral,0,0,0,0,0,0,0,0,0,0,0,0,1,0,0,0,0,0,0,0,0
hagna,VB,verb,to propose or intend,0,Neutral,0,0,0,0,0,0,0,-1,0,0,0,0,0,0,0,-1,0,0,0,0,0
haguk,VB,verb,to snore,0,Neutral,0,0,0,0,0,0,0,0,0,0,0,0,0,1,0,0,0,0,0,0,0
hagumhum,VB,verb,to hum or coo,0,Neutral,0,0,0,0,1,-1,0,1,0,0,0,-1,0,0,0,0,0,0,0,0,1
hagumhum,VB,verb,to rumble or boom,0,Neutral,0,0,0,0,0,0,0,0,0,-1,0,0,0,0,0,0,0,0,0,0,0
hagung,VB,verb,"to hum , coo",0,Neutral,0,0,0,0,1,0,0,0,1,0,0,0,0,0,0,1,0,0,-1,0,0
hagung,VB,verb,"to boom , rumble",0,Neutral,0,0,0,0,0,0,1,-1,0,0,0,0,0,0,0,0,0,-1,1,1,0
hagunghung,NN,noun,a rumbling sound,0,Neutral,0,0,0,0,-1,0,0,0,0,-1,1,0,-1,0,0,1,-1,0,0,1,0
hagunghung,NN,noun,a boom,0,Neutral,0,0,0,0,0,-1,-1,0,0,0,0,0,0,-1,0,-1,-1,0,1,1,0
hagunghung,VB,verb,rumble,0,Neutral,0,0,0,0,0,0,0,0,0,0,0,-1,-1,0,0,0,0,1,0,0,1
hagunung,VB,verb,boom,0,Neutral,0,0,0,0,0,0,1,0,0,0,0,0,-1,0,0,0,0,0,0,0,1
hagunung,VB,verb,rumble,0,Neutral,0,0,0,0,1,0,0,0,0,0,0,0,0,-1,-1,0,0,0,0,0,0
hagup,VB,verb,to be tame,0,Neutral,0,0,0,0,0,0,0,0,0,0,0,0,0,0,0,0,0,0,0,-1,0
hagúp,JJ,adjective,"domesticated, meek, tame, docile.",0,Neutral,0,0,0,0,0,0,0,0,0,0,0,0,0,-1,0,0,0,0,0,0,0
hagúp,VB,verb,"to be tame, to domesticate, to break in.",0,Neutral,0,0,0,0,0,0,0,-1,0,0,0,0,0,0,0,0,0,0,0,0,0
háguphágup,VB,verb,"to caress, to pet, to rub down.",0,Neutral,0,0,0,0,0,0,0,0,0,0,0,0,0,0,0,0,0,1,0,0,-1
hagurot,NN,noun,flash,0,Neutral,0,0,0,0,0,0,-1,0,0,0,0,1,0,0,0,0,0,0,0,0,0
hakáb,JJ,adjective,"ravenous, greedy.",-0.318,Negative,-1,-1,-1,-1,0,0,-1,1,-1,-1,-1,-1,1,-1,1,-1,-1,-1,-1,-1,-1
haklu,NN,noun,breathe,0,Neutral,0,0,0,0,-1,-1,0,0,0,0,0,-1,0,1,0,0,0,0,0,0,0
háklu’,VB,verb,"to breathe in, to draw in, to inhale.",0,Neutral,0,0,0,0,0,-1,0,0,1,1,0,-1,0,0,0,0,0,0,0,0,0
hákruy,VB,verb,"to complain, to moan, to sigh.",-0.459,Negative,-1,-1,-1,-1,0,-1,-1,-1,-1,-1,-1,-1,-1,-1,-1,-1,-1,-1,-1,-1,-1
hakuhaku,NN,noun,haste,0,Neutral,0,0,0,0,-1,-1,0,0,0,0,0,0,0,0,-1,0,0,0,-1,0,-1
hákup,NN,noun,"handful, fistful.",0,Neutral,0,0,0,0,0,0,0,0,0,0,-1,0,0,0,0,0,-1,0,0,0,0
hákup,VB,verb,"to take one handful, to scoop out using the hands.",0.153,Positive,1,1,1,1,0,0,1,-1,1,1,1,1,1,1,1,1,1,0,1,1,1
hakús,NN,noun,"embrace, hug.",0.66,Positive,1,1,1,1,1,1,1,1,1,1,1,1,1,1,0,1,1,1,1,1,1
hakús,VB,verb,"to hug, to embrace, to clasp in one’s arms.",0.66,Positive,1,1,1,1,1,1,1,1,0,1,1,1,-1,1,1,1,1,1,1,1,1
hákut,VB,verb,"to carry to another place, to bring in successive loads, to transport.",0.273,Positive,1,1,1,1,1,1,1,1,1,1,1,-1,1,1,1,1,1,1,0,1,1
hakú’hakú’,RB,adverb,"hastily, hurriedly.",0,Neutral,0,0,0,0,1,1,0,0,0,0,0,-1,0,0,0,0,0,0,1,0,0
hákwat,VB,verb,"to lift, to carry light load.",0,Neutral,0,0,0,0,0,1,0,0,0,0,0,0,0,1,0,0,0,0,-1,0,0
hal-o,NN,noun,pestle,0,Neutral,0,0,0,0,0,0,-1,0,0,0,1,0,-1,-1,0,-1,0,0,0,0,0
hal-u,NN,noun,pestle,0,Neutral,0,0,0,0,0,0,-1,1,0,1,-1,0,0,0,0,0,0,0,0,0,0
halá,RP,particle,"watch out, see there, whoops.",0,Neutral,0,0,0,0,0,0,1,0,0,0,0,0,1,0,0,0,0,-1,1,-1,0
halab,VB,verb,graze,0,Neutral,0,0,0,0,0,0,0,0,0,0,0,0,0,0,0,1,0,0,0,0,0
hálab,VB,verb,"to feed like animals on grass, to pasture, to graze.",0.361,Positive,1,1,1,1,0,0,1,1,1,1,1,1,1,1,1,1,1,1,1,1,1
hálad,NN,noun,"offer, dedication, gift.",0.44,Positive,1,1,1,1,1,1,1,1,1,1,1,0,0,1,1,1,1,1,1,1,1
hálad,VB,verb,"to offer, to sacrifice, to bestow, to donate.",0,Neutral,0,0,0,0,1,1,0,0,0,0,0,0,0,1,-1,0,0,0,0,0,0
halákhak,NN,noun,"laughter, boisterous laugh.",0.778,Positive,1,1,1,1,0,-1,0,1,1,1,1,1,1,1,1,0,1,1,1,1,1
halákhak,VB,verb,to laugh loudly.,0.557,Positive,1,1,1,1,-1,0,1,1,1,1,1,1,-1,0,1,0,1,1,-1,-1,1
halalban,NN,noun,"meadow , pasture",0,Neutral,0,0,0,0,1,1,0,0,0,0,0,0,0,0,0,0,0,0,-1,0,0
halalongan,NN,noun,"delicate , precaution",0.052,Positive,1,1,1,1,-1,0,1,1,1,1,1,1,1,-1,1,1,0,1,1,1,-1
halampangan,JJ,adjective,trifling,0,Neutral,0,0,0,0,1,1,0,0,0,0,0,0,0,-1,0,0,-1,0,0,-1,0
halandumon,JJ,adjective,desirable,0.318,Positive,1,1,1,1,0,0,1,1,1,1,-1,-1,1,1,1,1,1,1,-1,1,1
halang,JJ,adjective,"spicy , pungent , biting ( of taste ) synonym: kahang",0,Neutral,0,0,0,0,-1,1,0,0,-1,0,0,0,0,-1,1,0,-1,1,0,0,0
halaran,NN,noun,altar,0,Neutral,0,0,0,0,0,0,0,0,0,0,0,0,0,0,0,0,-1,0,0,0,0
halas,NN,noun,snake ; serpent,0,Neutral,0,0,0,0,0,0,0,0,0,0,0,0,0,0,-1,0,0,0,0,0,0
halay,VB,verb,hang,0,Neutral,0,0,0,0,-1,0,1,0,0,0,0,0,0,0,0,1,0,1,0,0,0
haláy,VB,verb,"to drape, to hang to dry.",0,Neutral,0,0,0,0,0,0,0,0,0,0,0,0,0,0,1,0,0,-1,0,0,0
halea,NN,noun,jelly,0,Neutral,0,0,0,0,0,0,0,0,0,0,-1,-1,0,0,0,0,0,-1,-1,0,-1
haligi,NN,noun,pillar,0,Neutral,0,0,0,0,0,0,0,0,0,0,0,-1,0,0,-1,0,0,0,0,-1,1
haligi,NN,noun,post,0,Neutral,0,0,0,0,0,1,0,0,0,1,0,0,0,0,0,0,0,0,1,0,1
halígi,NN,noun,"post, pillar.",0,Neutral,0,0,0,0,0,1,0,0,0,0,0,0,0,0,0,1,-1,0,0,0,0
halimbawa,NN,noun,example,0,Neutral,0,0,0,0,-1,0,0,0,0,1,0,0,0,0,1,0,0,0,0,0,0
halimbawa,NN,noun,illustration,0,Neutral,0,0,0,0,-1,0,0,0,1,0,0,0,0,0,0,0,0,0,1,0,1
halimbawa,NN,noun,instance,0,Neutral,0,0,0,0,0,0,0,0,0,0,1,0,0,0,0,0,0,0,1,0,0
halimbáwa’,NN,noun,example.,0,Neutral,0,0,0,0,-1,1,0,0,-1,0,0,0,0,0,0,0,0,0,0,-1,0
halin,VB,verb,to leave ; to depart,-0.052,Negative,-1,-1,-1,-1,0,0,1,-1,-1,-1,-1,-1,-1,1,-1,-1,-1,-1,-1,-1,-1
halín,VB,verb,"to leave, to depart, to come from someplace.",-0.052,Negative,-1,-1,-1,-1,-1,0,-1,-1,-1,-1,-1,-1,-1,-1,-1,-1,-1,-1,-1,-1,1
hálin,VB,verb,to transfer to another place.,0,Neutral,0,0,0,0,0,0,0,0,0,0,0,0,0,-1,0,0,0,0,1,0,0
halintang,NN,noun,"degree , grade",0,Neutral,0,0,0,0,0,1,0,0,0,1,0,0,0,1,0,0,0,0,0,0,0
halíntang,NN,noun,"grade, step, degree.",0,Neutral,0,0,0,0,1,-1,-1,0,0,0,0,0,0,0,0,0,0,0,0,0,1
halit,VB,verb,damage,-0.494,Negative,-1,-1,-1,-1,0,0,-1,-1,-1,-1,-1,-1,-1,-1,-1,0,-1,-1,-1,1,-1
halit,VB,verb,"harm , injure",-0.542,Negative,-1,-1,-1,-1,-1,-1,-1,-1,-1,-1,-1,-1,-1,-1,-1,1,-1,-1,-1,-1,-1
hálit,VB,verb,"to damage, to injure, to impair.",-0.494,Negative,-1,-1,-1,-1,-1,1,0,-1,-1,-1,-1,-1,-1,1,-1,-1,-1,-1,-1,-1,0
halíya,NN,noun,jelly made from coconut milk and brown sugar.,0,Neutral,0,0,0,0,0,-1,0,0,0,0,-1,-1,0,0,0,0,0,0,0,0,0
haloan,NN,noun,a mudfish,0,Neutral,0,0,0,0,0,0,1,1,0,0,0,0,0,0,0,0,1,0,0,0,0
halog,JJ,adjective,ample,0,Neutral,0,0,0,0,0,0,0,0,1,0,0,0,1,0,0,1,0,0,0,0,0
halog,JJ,adjective,loose,-0.318,Negative,-1,-1,-1,-1,1,-1,-1,-1,-1,-1,-1,-1,-1,-1,-1,-1,1,1,-1,1,-1
halokhok,VB,verb,grunt,0,Neutral,0,0,0,0,-1,-1,-1,1,1,0,0,1,0,0,0,0,0,0,0,1,0
halon,NN,noun,shadow synonym: landong,0,Neutral,0,0,0,0,0,-1,0,-1,0,0,0,0,1,0,-1,0,0,0,0,-1,0
halong,VB,verb,to handle with care synonym: amlig,0.494,Positive,1,1,1,1,0,1,1,0,-1,1,1,1,1,-1,0,1,1,0,1,1,-1
halong,VB,verb,"to take care ( for belongings ) synonyms: sapupo , tatap",0.494,Positive,1,1,1,1,1,1,1,-1,1,1,1,1,1,-1,1,1,1,1,1,1,1
halúg,JJ,adjective,loose.,-0.318,Negative,-1,-1,-1,-1,0,1,-1,-1,-1,-1,-1,-1,-1,-1,-1,-1,-1,0,-1,-1,-1
haluk,NN,noun,kiss,0.421,Positive,1,1,1,1,-1,-1,1,1,0,1,1,1,1,1,1,1,-1,-1,0,1,-1
halúk,NN,noun,"kiss, peck on the cheek.",0.421,Positive,1,1,1,1,1,1,1,-1,1,1,1,0,1,1,0,1,1,1,1,1,1
halúk,VB,verb,to give a kiss.,0.421,Positive,1,1,1,1,1,1,1,1,1,1,1,1,1,1,-1,1,1,1,1,1,1
hálung,VB,verb,"to handle with care, to treat tenderly, to cherish.",0.883,Positive,1,1,1,1,1,1,1,1,1,1,1,1,1,1,1,1,1,1,1,1,1
halunhun,VB,verb,"gulp down , swallow",0,Neutral,0,0,0,0,1,1,0,0,0,0,0,-1,0,0,0,0,1,0,0,0,0
halúnhun,VB,verb,"to swallow a big chunk of food without chewing, to gulp down the throat.",0,Neutral,0,0,0,0,0,0,0,0,0,0,-1,0,0,0,-1,-1,0,0,0,0,0
hálus,RB,adverb,"almost, somewhat, very close to.",0,Neutral,0,0,0,0,0,1,0,0,0,0,0,0,0,0,0,0,-1,0,0,-1,0
hálu’,VB,verb,"to mix together, to beat together.",0,Neutral,0,0,0,0,0,-1,0,0,0,0,0,0,0,1,0,0,0,1,0,0,0
halu’án,NN,noun,fresh water fish.,0.318,Positive,1,1,1,1,0,0,1,1,-1,1,1,1,1,1,1,0,1,1,1,1,1
hál’id,VB,verb,"to litter, to throw in an inconspicuous way, to put away in disorder.",-0.402,Negative,-1,-1,-1,-1,1,1,-1,-1,-1,0,-1,-1,1,-1,-1,-1,-1,-1,-1,0,0
hál’u,NN,noun,"mortar, pestle.",0,Neutral,0,0,0,0,-1,-1,0,0,0,0,0,0,0,0,0,0,0,0,0,0,0
hámak,VB,verb,"to scorn, to hate.",-0.751,Negative,-1,-1,-1,-1,0,0,-1,-1,1,-1,1,-1,-1,0,-1,0,1,0,-1,-1,-1
hambadan,VB,verb,scorn,-0.402,Negative,-1,-1,-1,-1,-1,-1,-1,-1,-1,-1,-1,-1,-1,-1,-1,-1,-1,-1,-1,-1,-1
hámbal,NN,noun,"speech, conversation, talk.",0,Neutral,0,0,0,0,1,-1,0,0,0,0,0,0,0,0,0,0,0,0,0,0,0
hámbal,JJ,adjective,"talkative, conversant.",0,Neutral,0,0,0,0,0,0,0,0,0,1,-1,0,0,0,0,0,-1,1,0,-1,0
hámbal,VB,verb,"to talk, to say, to tell, to speak.",0,Neutral,0,0,0,0,0,0,0,0,0,0,0,0,0,0,0,0,0,0,0,0,0
hámbug,JJ,adjective,"boastful, haughty, proud, hambug.",0.477,Positive,1,1,1,1,0,1,-1,1,1,1,1,1,1,1,1,1,0,1,0,0,1
hámbug,VB,verb,"to be boastful, to be proud.",0.477,Positive,1,1,1,1,1,1,1,1,1,-1,1,1,-1,-1,-1,1,1,1,1,1,1
hámbuy,VB,verb,"to put, to place, to rest one’s arm upon.",0,Neutral,0,0,0,0,1,1,0,0,0,0,0,0,0,0,0,1,0,0,-1,0,0
hamon,NN,noun,ham,0,Neutral,0,0,0,0,0,0,0,0,-1,0,0,0,0,0,1,0,0,0,0,0,0
hamot,NN,noun,"aroma , fragrance",0,Neutral,0,0,0,0,0,0,0,0,0,0,-1,0,0,0,0,0,0,0,0,0,0
hámpak,VB,verb,"to beat, to whip, to whack.",0,Neutral,0,0,0,0,0,0,-1,0,0,0,0,0,0,0,0,0,0,0,0,0,0
hampang,NN,noun,game,0,Neutral,0,0,0,0,0,0,0,0,-1,0,0,1,0,0,0,-1,0,0,0,0,0
hámpang,VB,verb,"to play, to clown around, to gamble.",0.34,Positive,1,1,1,1,1,0,1,1,1,0,1,1,1,1,1,0,1,1,1,1,0
hámpang,NN,noun,"game, play, stake.",0.34,Positive,1,1,1,1,1,1,0,1,1,1,1,1,1,1,1,1,1,1,1,0,-1
hampangan,NN,noun,toy,0,Neutral,0,0,0,0,-1,-1,0,1,-1,0,0,0,0,0,-1,0,0,0,0,-1,0
hampángan,NN,noun,toy.,0,Neutral,0,0,0,0,1,0,0,0,0,-1,0,0,0,0,0,0,-1,0,0,0,0
hámpul,NN,noun,"plaster, cover over a wound.",0,Neutral,0,0,0,0,1,0,-1,0,-1,0,0,0,0,-1,0,0,0,0,0,0,0
hámtang,VB,verb,"to put, to place.",0,Neutral,0,0,0,0,1,0,0,1,0,0,0,0,0,0,0,0,-1,0,0,0,0
hámtung,NN,noun,"maturity, manhood, womanhood.",0,Neutral,0,0,0,0,-1,0,0,0,0,0,0,0,0,0,0,-1,0,0,0,0,0
hamún,NN,noun,"ham, cured meat.",0,Neutral,0,0,0,0,0,0,0,1,0,0,0,0,1,0,0,0,0,0,0,0,0
hamút,JJ,adjective,"sweet smelling, fragrant, odorous.",0.459,Positive,1,1,1,1,0,0,1,-1,1,1,1,1,1,-1,1,1,1,1,1,-1,1
hamút,VB,verb,"to smell sweet, to be fragrant.",0.459,Positive,1,1,1,1,1,1,1,1,1,1,1,1,1,1,1,1,1,1,1,-1,1
hamú’uk,RB,adverb,deep sleep.,0,Neutral,0,0,0,0,1,-1,0,-1,0,0,0,0,0,0,0,0,0,0,0,0,-1
hamú’ut,VB,verb,"to be pleased, to be gratified.",0.67,Positive,1,1,1,1,0,0,-1,1,1,1,1,1,-1,1,-1,1,1,-1,0,0,1
hámyang,VB,verb,"to lie on one’s back, to lie in state as of a corpse.",-0.572,Negative,-1,-1,-1,-1,1,0,-1,-1,-1,-1,1,1,-1,-1,1,-1,0,1,1,-1,-1
hánas,VB,verb,"to drill, to train, to practice, to rehearse.",0,Neutral,0,0,0,0,-1,-1,0,0,0,0,0,0,0,0,0,-1,0,0,0,0,0
handa,JJ,adjective,ready ; prepared synonym: mahinandaon,0.527,Positive,1,1,1,1,-1,0,1,1,1,0,0,1,1,1,1,0,1,1,1,1,1
handa,VB,verb,"to make ready synonyms: aman , paaman",0.361,Positive,1,1,1,1,1,1,1,1,1,1,1,1,-1,1,1,1,1,1,0,1,1
hánda’,VB,verb,"to prepare, to make ready.",0.361,Positive,1,1,1,1,1,1,1,1,1,1,1,1,1,1,1,1,1,1,1,1,1
hándum,NN,noun,"wish, desire, ambition.;  souvenir, memory.",0.66,Positive,1,1,1,1,1,1,1,1,1,1,1,1,1,-1,1,-1,1,1,0,1,1
hándum,VB,verb,"to long for, to wish for, to crave for.",0.402,Positive,1,1,1,1,1,1,0,-1,-1,1,1,1,1,1,1,1,-1,1,1,1,1
hándung,NN,noun,"shade, unlighted area.",0,Neutral,0,0,0,0,1,1,1,0,0,-1,-1,0,0,0,0,0,0,0,0,-1,0
handuráwan,NN,noun,daydream.,0,Neutral,0,0,0,0,0,0,0,0,-1,0,0,0,0,0,0,0,0,0,0,0,0
hándus,VB,verb,"to spear, to split, to bore or thrust through.",-0.25,Negative,-1,-1,-1,-1,0,0,-1,0,-1,-1,-1,-1,-1,1,-1,-1,-1,-1,-1,-1,-1
hangád,VB,verb,"to look up to, to honor, to admire, to raise one’s eyes to.",0.743,Positive,1,1,1,1,-1,-1,1,1,1,1,0,0,-1,1,1,1,0,1,1,1,1
hangánhangán,RB,adverb,"easily, lazily, taking it easy.",0.649,Positive,1,1,1,1,1,1,1,1,1,1,1,1,1,1,1,1,1,1,1,1,1
hangaway,JJ,adjective,"martial , warlike",0,Neutral,0,0,0,0,-1,1,0,1,0,0,0,0,0,0,0,0,0,0,1,1,0
hangaway,NN,noun,"warrior , fighter",0.153,Positive,1,1,1,1,1,0,-1,-1,1,1,-1,1,1,1,1,1,1,1,0,1,1
hángbas,VB,verb,to cut grass.,-0.273,Negative,-1,-1,-1,-1,1,1,0,-1,-1,-1,-1,0,-1,-1,-1,-1,-1,-1,-1,-1,-1
hángdu’,VB,verb,"to consent, to give a nod, to approve, to accept a proposal.",0.542,Positive,1,1,1,1,-1,-1,1,-1,1,1,1,1,1,1,1,1,1,1,1,1,1
hangga,NN,noun,smallpox,0,Neutral,0,0,0,0,-1,1,0,0,0,0,-1,0,0,0,0,0,0,0,-1,0,0
hangin,NN,noun,wind ( movement of air ),0,Neutral,0,0,0,0,0,0,0,0,0,1,0,0,0,0,0,0,0,0,0,1,0
hángin,NN,noun,wind.,0,Neutral,0,0,0,0,-1,0,0,0,0,0,0,0,0,1,0,0,0,0,0,0,1
hanginan,JJ,adjective,well - ventilated,0.273,Positive,1,1,1,1,0,0,1,1,1,1,1,1,1,0,1,1,1,1,1,-1,1
hanginan,JJ,adjective,windy ; breezy synonym: hanginon,0,Neutral,0,0,0,0,0,1,0,0,0,1,0,0,0,0,0,0,0,0,0,0,0
hanginero,NN,noun,windbag ; braggart synonym: hanginon,0,Neutral,0,0,0,0,0,0,0,0,0,0,1,0,0,0,0,0,0,0,0,-1,0
hángkat,NN,noun,"challenge, dare, provocation.",0.077,Positive,1,1,1,1,0,0,1,1,1,-1,1,1,0,1,1,1,1,1,1,1,1
hángkat,VB,verb,"to defy, to challenge, to dare.",0.077,Positive,1,1,1,1,0,1,1,1,0,1,1,1,1,-1,1,1,1,1,1,1,1
hangúp,VB,verb,"to understand, to comprehend.",0,Neutral,0,0,0,0,1,1,0,0,0,0,0,0,0,0,0,1,0,0,0,0,0
hángus,VB,verb,"to gasp for breath, to pant, to breathe fast and with difficulty.",-0.34,Negative,-1,-1,-1,-1,1,-1,1,0,-1,-1,-1,-1,0,-1,-1,-1,-1,-1,-1,-1,1
haníg,VB,verb,to line the bottom of a pan with leaves or the like to prevent the food from sticking.,0.382,Positive,1,1,1,1,0,-1,1,-1,1,1,1,1,1,1,1,1,1,1,1,-1,1
haníp,RB,adverb,"even, uniform, of equal distance.",0,Neutral,0,0,0,0,1,1,0,0,1,0,0,0,-1,0,1,0,0,0,0,0,-1
hanlug,JJ,adjective,slippery,0,Neutral,0,0,0,0,0,0,0,0,0,0,0,-1,1,-1,0,0,0,1,0,0,0
hanluk,JJ,adjective,alternative spelling of hánlug,0,Neutral,0,0,0,0,0,0,0,0,0,0,0,1,0,-1,0,0,0,0,0,0,0
hanluk,NN,noun,mosquito,0,Neutral,0,0,0,0,-1,0,0,0,0,0,0,0,-1,1,0,0,0,0,0,0,0
hantál,VB,verb,"to stack, to pile.",0,Neutral,0,0,0,0,0,0,0,1,1,0,0,0,0,0,0,0,0,0,0,0,1
hántup,VB,verb,"to understand, to comprehend, to know, to conceive.",0,Neutral,0,0,0,0,0,-1,0,0,1,0,0,0,0,0,0,0,0,0,1,0,0
hánut,NN,noun,"whip, lash.",0,Neutral,0,0,0,0,0,0,0,1,0,0,-1,0,0,0,0,0,0,0,0,1,0
hánut,VB,verb,"to strike with a whip or cane, to flog, to beat.",-0.128,Negative,-1,-1,-1,-1,-1,1,-1,1,1,-1,-1,0,-1,-1,-1,-1,-1,-1,-1,1,-1
hanú’ut,JJ,adjective,"sincere, wholehearted.",0.402,Positive,1,1,1,1,-1,-1,1,1,1,1,1,1,1,1,1,1,0,1,-1,-1,1
hápaw,VB,verb,"to skim, to make a sweeping motion over the top of a container to make even the contents.",0.202,Positive,1,1,1,1,1,1,0,1,1,1,1,-1,1,1,1,1,1,1,1,1,1
hápay,VB,verb,"to bend low, to lean onto for support.",0.153,Positive,1,1,1,1,1,0,1,1,1,1,0,1,1,-1,1,1,1,1,1,0,1
hapá’,VB,verb,to prostrate oneself with arms outstretched.,0,Neutral,0,0,0,0,1,1,0,0,0,0,0,-1,0,1,0,0,0,0,-1,0,0
hápdi’,JJ,adjective,"painful, smart pain.",-0.542,Negative,-1,-1,-1,-1,1,0,1,1,-1,-1,-1,-1,-1,0,-1,-1,-1,-1,-1,0,0
hápdi’,NN,noun,"pain, sting.",-0.511,Negative,-1,-1,-1,-1,-1,-1,-1,-1,-1,-1,1,-1,-1,0,-1,-1,-1,-1,-1,-1,-1
hápdi’,VB,verb,"to smart, to cause a sharp pain, to be painful.",-0.542,Negative,-1,-1,-1,-1,-1,-1,0,-1,-1,-1,-1,-1,-1,-1,-1,0,-1,-1,1,-1,-1
hápit,VB,verb,"to drop in, to pass by, to visit, to call upon.",-0.273,Negative,-1,-1,-1,-1,-1,-1,-1,-1,-1,-1,-1,-1,-1,0,-1,0,0,1,-1,-1,0
hapi’n,NN,noun,"diaper, lining, cover.",0,Neutral,0,0,0,0,-1,0,0,0,0,0,0,0,1,0,0,0,-1,0,0,-1,0
háplak,VB,verb,"to fall flat on the ground, to lay flat.",0,Neutral,0,0,0,0,0,0,0,0,0,1,0,0,0,1,0,0,0,0,0,0,0
háplas,VB,verb,"to rub with ointment, to smear, to dab.",-0.361,Negative,-1,-1,-1,-1,0,0,-1,-1,0,-1,0,-1,-1,-1,-1,-1,-1,-1,-1,-1,-1
háplay,VB,verb,"to hang on to, to let hang.",0,Neutral,0,0,0,0,-1,-1,0,0,1,0,0,0,0,0,0,0,0,0,0,0,0
háplik,VB,verb,"to give a side stroke, to side sweep, to flick away.",0,Neutral,0,0,0,0,0,0,0,0,0,0,0,-1,0,0,0,0,0,0,1,0,0
háplit,VB,verb,"to blow, to strike, to hit.",-0.128,Negative,-1,-1,-1,-1,0,0,-1,-1,-1,1,-1,-1,-1,0,-1,0,-1,-1,-1,-1,-1
háplus,VB,verb,"to rub with ointment, to smear.",-0.361,Negative,-1,-1,-1,-1,-1,-1,-1,-1,1,-1,-1,-1,0,-1,-1,-1,-1,-1,1,-1,-1
hapon,NN,noun,afternoon,0,Neutral,0,0,0,0,-1,-1,0,0,0,0,-1,0,0,0,0,0,0,-1,0,0,0
hapún,NN,noun,"japanese, japan.",0,Neutral,0,0,0,0,0,-1,0,0,0,0,0,0,0,0,0,1,0,0,0,0,0
hápun,NN,noun,afternoon.,0,Neutral,0,0,0,0,0,1,0,0,0,0,0,0,1,0,0,0,0,0,0,0,0
hápun,VB,verb,"to alight, to perch, to turn dark in the late afternoon.",0,Neutral,0,0,0,0,0,-1,0,0,0,0,0,0,0,0,0,0,0,0,0,0,0
hapús,JJ,adjective,"easy, manageable.",0.44,Positive,1,1,1,1,0,0,1,0,1,1,1,1,-1,1,1,1,1,1,1,0,1
hápu’,VB,verb,"to be tired, to be exhausted.",-0.66,Negative,-1,-1,-1,-1,1,1,-1,-1,1,-1,0,-1,-1,-1,1,-1,-1,-1,-1,0,-1
hára,NN,noun,"queen, empress.",0,Neutral,0,0,0,0,1,-1,0,0,0,0,0,1,0,0,-1,0,0,0,0,0,1
harákhak,NN,noun,"guffaw, laughter.",0.494,Positive,1,1,1,1,0,0,0,1,1,1,1,1,1,1,1,1,1,1,1,1,1
harákhak,VB,verb,"to guffaw, to laugh loudly.",0.557,Positive,1,1,1,1,0,1,1,1,1,1,1,1,0,1,-1,1,1,0,1,1,1
harána,NN,noun,serenade.,0,Neutral,0,0,0,0,1,1,-1,0,0,0,0,0,0,0,0,0,0,0,0,0,0
harána,VB,verb,"to serenade, to sing to a lady with intentions of courtship.",0,Neutral,0,0,0,0,0,0,0,0,0,0,0,1,0,-1,-1,-1,0,0,0,0,0
haranísta,NN,noun,serenaders.,0,Neutral,0,0,0,0,0,-1,0,0,0,0,0,0,0,1,0,0,0,0,-1,0,0
harásharás,JJ,adjective,"harsh in manner, lacking in social refinement.",-0.44,Negative,-1,-1,-1,-1,0,0,-1,-1,-1,-1,0,0,-1,-1,0,-1,-1,-1,-1,-1,-1
hardín,NN,noun,garden.;  gardener.,0,Neutral,0,0,0,0,-1,-1,1,0,1,1,0,0,0,1,0,0,0,0,1,0,0
harína,NN,noun,flour.,0,Neutral,0,0,0,0,0,0,0,0,0,0,0,0,0,0,0,0,0,-1,0,0,0
hári’,NN,noun,"king, emperor.",0,Neutral,0,0,0,0,0,0,0,0,0,0,0,0,0,0,0,0,0,0,0,1,-1
hári’,VB,verb,"to be king, to rule as a king, to reign.",0,Neutral,0,0,0,0,0,0,0,-1,0,0,0,-1,-1,-1,0,0,0,0,0,0,0
haroan,NN,noun,a mudfish,0,Neutral,0,0,0,0,0,0,0,0,0,0,0,0,0,0,0,1,0,0,0,1,0
harupot,NN,noun,breeze synonym: huyuhoy,0,Neutral,0,0,0,0,0,0,0,0,0,0,0,0,0,0,0,0,1,0,0,1,0
harúput,NN,noun,breeze.,0,Neutral,0,0,0,0,0,1,0,0,0,0,0,0,0,0,-1,0,0,0,0,0,0
harúthut,VB,verb,"to sew in big stitches, to patch.",0,Neutral,0,0,0,0,0,0,0,0,0,0,0,0,0,0,0,0,0,0,0,0,0
hásta,RB,adverb,until.,0,Neutral,0,0,0,0,0,0,0,1,0,0,0,-1,1,0,1,0,0,1,-1,0,0
hátag,NN,noun,"gift, donation.",0.44,Positive,1,1,1,1,0,0,1,1,1,1,1,1,-1,1,1,0,1,1,-1,1,1
hátag,VB,verb,"to give, to make a gift, to bestow, to assign, to award.",0.751,Positive,1,1,1,1,1,1,1,1,1,1,0,1,1,1,1,1,1,1,1,-1,1
hatúd,VB,verb,"to deliver personally, to carry a message.",0,Neutral,0,0,0,0,-1,-1,0,0,0,0,0,0,-1,0,0,0,0,0,0,0,0
hatúkhatúk,VB,verb,"to prick, to hurt, to chop, to make several cuts with a sharp instrument.",-0.791,Negative,-1,-1,-1,-1,0,0,-1,0,-1,-1,-1,1,-1,-1,-1,-1,-1,0,-1,-1,-1
hawak,NN,noun,"( anatomy ) waist ( body part ) synonyms: ubit , ulubitan",0,Neutral,0,0,0,0,-1,-1,0,-1,0,0,0,0,0,0,1,1,0,1,0,0,0
háwak,NN,noun,waistline.,0,Neutral,0,0,0,0,-1,0,0,0,0,0,0,-1,0,0,0,0,0,0,0,0,0
háwan,VB,verb,"to clear, to clean from obstruction, to clear a crowded area.",0.784,Positive,1,1,1,1,0,-1,1,1,0,1,1,1,-1,1,-1,1,1,1,-1,1,1
hawáthawát,VB,verb,"to crave badly, to eat little by little.",-0.477,Negative,-1,-1,-1,-1,1,1,-1,0,-1,1,-1,-1,-1,-1,-1,-1,-1,-1,1,-1,-1
haway,JJ,adjective,"exposed , visible",-0.077,Negative,-1,-1,-1,-1,-1,-1,-1,-1,1,-1,-1,-1,-1,0,0,-1,-1,-1,-1,-1,-1
háwa’,VB,verb,"to make way, to leave an open space, to open a passage.",-0.052,Negative,-1,-1,-1,-1,-1,-1,-1,-1,-1,-1,-1,-1,-1,-1,-1,1,0,-1,1,-1,-1
háwid,VB,verb,"to retain, to stay, to keep possession of.",0,Neutral,0,0,0,0,-1,-1,1,-1,0,0,0,0,0,0,0,0,0,0,0,0,1
háw’as,VB,verb,"to take out of, to remove from inside, to deliver from a container.",0,Neutral,0,0,0,0,0,1,0,0,0,0,0,0,0,0,0,0,1,1,0,0,0
háyag,JJ,adjective,"bright, shiny.",0.44,Positive,1,1,1,1,0,1,1,1,1,1,1,-1,0,1,1,1,1,1,1,1,1
háyag,VB,verb,to become bright.,0.44,Positive,1,1,1,1,1,1,-1,1,1,1,1,-1,1,1,1,-1,1,-1,1,1,1
hayáhay,NN,noun,"flag, banner.",0,Neutral,0,0,0,0,1,0,0,1,0,0,1,0,0,1,0,0,0,0,0,0,1
hayángháyang,VB,verb,to lie down lazily.,0,Neutral,0,0,0,0,0,0,0,0,0,0,0,1,0,0,0,0,0,0,0,0,0
hayát,JJ,adjective,"slender, thin, lean.",0,Neutral,0,0,0,0,0,0,0,0,0,0,0,0,0,0,0,0,0,0,0,0,0
hayáw,VB,verb,"to make as if to strike, to threaten to strike, to raise the hand as if to strike.",-0.226,Negative,-1,-1,-1,-1,0,1,-1,-1,-1,-1,-1,-1,0,-1,0,-1,-1,-1,-1,-1,0
háya’,VB,verb,to lay out a corpse.,-0.572,Negative,-1,-1,-1,-1,-1,-1,-1,1,-1,1,-1,-1,-1,-1,-1,-1,-1,-1,-1,-1,-1
háyhay,VB,verb,"to sigh, to moan, to utter a plaint or wail.",-0.128,Negative,-1,-1,-1,-1,-1,-1,-1,-1,-1,-1,-1,-1,-1,-1,-1,-1,-1,-1,-1,-1,-1
háylu,VB,verb,"to convince, to induce.",0.25,Positive,1,1,1,1,-1,1,0,1,1,1,1,1,1,1,1,1,1,1,0,1,1
háyup,NN,noun,animal.,0,Neutral,0,0,0,0,1,1,0,0,0,0,0,0,0,0,0,-1,1,-1,1,0,0
hayú’,NN,noun,"pet name, nickname.",0,Neutral,0,0,0,0,0,0,0,0,0,1,0,0,1,0,0,0,0,0,-1,0,0
héfe,NN,noun,chief.,0,Neutral,0,0,0,0,0,0,0,0,0,0,0,0,0,0,1,0,-1,0,0,0,0
henerál,NN,noun,"general, army officer with the rank of general.",0,Neutral,0,0,0,0,0,0,0,-1,1,0,-1,0,0,-1,0,0,0,0,0,1,0
heneró,NN,noun,"cloth, bale of cloth.",0,Neutral,0,0,0,0,0,0,0,0,0,0,0,0,0,0,0,0,-1,0,0,0,1
heringílya,NN,noun,syringe.,0,Neutral,0,0,0,0,0,0,0,-1,0,0,0,-1,-1,1,-1,0,0,0,0,0,1
hibalú,VB,verb,"to know, to be aware of, to understand, to comprehend.",0,Neutral,0,0,0,0,0,0,0,0,0,0,0,0,0,0,0,0,0,0,0,0,0
hibí’,VB,verb,"to cry, to weep, to whimper.",-0.778,Negative,-1,-1,-1,-1,0,0,-1,-1,-1,-1,1,-1,-1,-1,-1,-1,-1,-1,1,-1,-1
hibubún’ut,VB,verb,"to sob, sigh convulsively.",-0.226,Negative,-1,-1,-1,-1,0,-1,-1,-1,-1,-1,-1,-1,-1,-1,-1,0,-1,-1,-1,-1,1
hidá’it,NN,noun,"peace, tranquility.",0.743,Positive,1,1,1,1,-1,0,0,1,1,1,1,1,0,1,1,0,1,1,1,1,1
hidá’it,JJ,adjective,"peaceful, tranquil.",0.527,Positive,1,1,1,1,-1,1,1,1,1,1,-1,1,1,1,1,0,-1,-1,1,1,1
hídlaw,NN,noun,"longing, homesickness.",-0.44,Negative,-1,-1,-1,-1,0,1,-1,-1,-1,-1,-1,-1,-1,-1,1,-1,1,0,-1,-1,-1
hídlaw,VB,verb,"to long for, to yearn for, to be homesick, to wish to see personally.",0.25,Positive,1,1,1,1,-1,1,1,1,1,1,1,1,1,1,1,1,1,1,1,1,1
higád,RB,adverb,"alongside, beside, on the edge.",0,Neutral,0,0,0,0,1,-1,0,0,0,0,0,0,-1,0,0,0,0,0,0,1,0
higánte,NN,noun,giant.,0,Neutral,0,0,0,0,0,0,0,1,0,0,0,0,0,-1,0,0,0,0,0,0,0
higayún,RP,particle,"in the event that, in the circumstance that.",0,Neutral,0,0,0,0,0,0,0,0,0,0,0,-1,0,1,0,-1,0,0,0,0,0
hígda’,VB,verb,to lie down.,0,Neutral,0,0,0,0,0,-1,-1,-1,0,0,0,0,0,0,0,1,0,0,1,0,0
hígku’,NN,noun,"rubbish, dirt, dust, blemish, blot.",-0.34,Negative,-1,-1,-1,-1,1,-1,-1,-1,-1,-1,0,-1,-1,-1,-1,1,-1,-1,-1,-1,-1
hígku’,JJ,adjective,"dirty, dusty.",-0.44,Negative,-1,-1,-1,-1,-1,-1,-1,-1,-1,-1,0,-1,-1,-1,-1,-1,-1,-1,-1,-1,-1
hígku’,VB,verb,"to be dirty, to soil, to defile, to litter.",-0.44,Negative,-1,-1,-1,-1,-1,0,-1,-1,-1,-1,-1,-1,-1,-1,-1,-1,1,-1,-1,-1,-1
higúgma,NN,noun,"love, affection.",0.823,Positive,1,1,1,1,-1,-1,1,1,1,0,1,1,0,1,1,1,1,1,0,1,1
higúgma,VB,verb,"to love, to have affection for, to adore.",0.904,Positive,1,1,1,1,1,1,1,1,1,-1,1,1,1,1,-1,1,1,1,1,1,1
hígup,VB,verb,"to sip, to suck up, to slurp, as a soup.",-0.44,Negative,-1,-1,-1,-1,0,1,-1,-1,-1,-1,-1,0,-1,-1,0,-1,-1,-1,-1,-1,-1
higút,NN,noun,"rope, string.",0,Neutral,0,0,0,0,-1,-1,0,1,-1,0,0,0,0,0,0,0,0,-1,0,1,0
higút,VB,verb,"to bind, to tie, to secure, to fasten with a string or a rope.",0.34,Positive,1,1,1,1,0,0,1,-1,1,1,1,1,1,1,1,-1,1,1,1,1,1
hikab,NN,noun,( pathology ) asthma synonym: usang,0,Neutral,0,0,0,0,0,-1,0,1,0,1,0,0,0,0,1,0,0,1,0,1,1
híkap,VB,verb,"to touch with the hand, to feel, to handle.",0.494,Positive,1,1,1,1,0,0,1,0,1,-1,1,1,1,1,1,1,1,1,1,-1,1
híkaw,NN,noun,"envy, jealousy.",-0.527,Negative,-1,-1,-1,-1,1,1,-1,-1,-1,-1,-1,1,-1,-1,-1,-1,-1,-1,-1,-1,-1
híkaw,VB,verb,"to envy, to be jealous of.",-0.625,Negative,-1,-1,-1,-1,-1,-1,-1,-1,-1,-1,1,-1,-1,-1,-1,-1,1,-1,0,1,-1
híkay,VB,verb,"to find fault, to ridicule, to despise.",-0.796,Negative,-1,-1,-1,-1,-1,1,1,-1,-1,0,-1,-1,-1,1,-1,-1,-1,-1,-1,-1,-1
hikog,VB,verb,to commit suicide,-0.511,Negative,-1,-1,-1,-1,-1,-1,-1,-1,-1,-1,-1,-1,-1,-1,-1,-1,-1,-1,-1,-1,-1
híkut,NN,noun,cooked food.,0,Neutral,0,0,0,0,-1,-1,0,0,0,0,0,0,0,-1,1,-1,0,-1,0,0,0
híkut,VB,verb,"to get ready, to bring on, to cook, to prepare in the kitchen.",0.361,Positive,1,1,1,1,1,0,1,1,1,1,1,1,1,1,1,0,1,1,1,0,-1
hilabút,VB,verb,"to interfere, to meddle.",0,Neutral,0,0,0,0,1,1,0,0,0,0,0,0,0,0,0,0,0,0,0,1,1
hílak,VB,verb,"to cherish, to hesitate to spend or give away because of sentimental or monetary value, to have high regard for.",0.637,Positive,1,1,1,1,0,0,1,0,1,1,1,1,1,1,1,1,1,1,1,1,1
hilamún,NN,noun,"grass, weed.",0,Neutral,0,0,0,0,-1,0,0,0,0,0,0,-1,1,0,0,0,1,-1,0,0,0
hilám’us,VB,verb,to wash the face.,0,Neutral,0,0,0,0,0,0,0,0,0,0,0,0,0,0,0,1,0,0,0,0,0
hilanat,NN,noun,( pathology ) cold synonym: sip-on,0,Neutral,0,0,0,0,0,-1,0,0,0,0,0,-1,-1,0,-1,0,0,-1,0,0,0
hilanat,NN,noun,fever synonym: kalentura,0,Neutral,0,0,0,0,0,-1,0,0,0,0,0,0,0,0,0,0,0,0,0,0,0
hilánat,NN,noun,fever.,0,Neutral,0,0,0,0,0,0,0,0,0,1,0,0,0,0,0,0,0,0,0,0,0
hilánat,VB,verb,"to have a fever, to be feverish.",0,Neutral,0,0,0,0,0,0,0,0,0,-1,0,0,0,0,0,0,0,0,1,0,0
hílap,VB,verb,to cut into thin slices with an extremely sharp knife.,-0.273,Negative,-1,-1,-1,-1,-1,0,-1,1,-1,0,-1,-1,-1,-1,-1,0,-1,-1,-1,-1,-1
hilapít,RB,adverb,"near, in the vicinity of.",0,Neutral,0,0,0,0,-1,0,0,0,0,0,0,0,-1,0,-1,0,0,0,0,0,0
hiláw,JJ,adjective,"raw, unripe, fresh.",0.318,Positive,1,1,1,1,0,0,1,1,1,1,1,1,1,-1,1,1,1,1,1,1,0
hiláy,VB,verb,"to lean, to incline, to slant.",0,Neutral,0,0,0,0,1,1,0,0,1,0,0,-1,0,-1,0,0,0,0,0,0,0
hilayú’,RB,adverb,"far away, remote.",0,Neutral,0,0,0,0,0,0,0,0,0,-1,0,0,0,0,0,0,0,0,0,0,0
hiliugyon,VB,verb,to unite,0,Neutral,0,0,0,0,0,0,1,0,0,0,0,0,0,0,0,0,0,0,-1,0,0
hiliugyon,VB,verb,"to agree , cooperate",0.361,Positive,1,1,1,1,0,-1,-1,1,1,1,1,1,1,1,1,1,1,0,1,1,0
hílu,NN,noun,thread.,0,Neutral,0,0,0,0,1,-1,0,0,0,0,0,0,0,0,0,0,0,0,0,0,0
hílut,NN,noun,midwife.,0,Neutral,0,0,0,0,0,-1,0,0,0,0,0,0,0,0,0,-1,0,0,0,0,0
hílut,VB,verb,"to massage, to rub.",0,Neutral,0,0,0,0,-1,0,0,0,0,0,0,0,0,0,0,0,-1,0,0,0,0
hilú’,NN,noun,poison.,-0.542,Negative,-1,-1,-1,-1,-1,0,-1,0,-1,-1,-1,0,-1,-1,-1,-1,-1,-1,1,-1,1
hilú’,VB,verb,"to poison, to give poison to.",-0.791,Negative,-1,-1,-1,-1,-1,-1,-1,-1,-1,-1,-1,-1,-1,-1,-1,-1,-1,-1,-1,-1,-1
hílway,JJ,adjective,"free, independent, safe.",0.735,Positive,1,1,1,1,-1,0,1,-1,1,1,1,1,1,1,0,1,1,1,-1,1,0
hílway,NN,noun,"freedom, independence.",0.637,Positive,1,1,1,1,0,1,1,1,1,1,1,1,1,1,1,1,1,1,1,1,1
híl’ub,VB,verb,"to complete, to finish, to terminate planting or tilling the soil.",0,Neutral,0,0,0,0,1,1,0,0,0,0,0,0,0,0,-1,0,0,0,0,0,0
híl’um,VB,verb,"to guess, to sense, to suspect.",-0.296,Negative,-1,-1,-1,-1,0,0,-1,-1,-1,-1,0,-1,0,-1,1,-1,-1,-1,-1,1,-1
hima,NN,noun,ice synonym: yelo hima kag kalayo ice and fire,-0.34,Negative,-1,-1,-1,-1,-1,-1,-1,-1,-1,0,-1,-1,0,-1,1,-1,-1,-1,-1,-1,-1
himatayon,NN,noun,the waning moon,0,Neutral,0,0,0,0,-1,-1,0,0,0,0,0,0,0,0,1,0,0,0,0,0,0
himaya,NN,noun,glory ; worship or praise,0.852,Positive,1,1,1,1,0,-1,1,-1,1,1,1,1,0,1,1,1,1,1,1,1,-1
himáya’,NN,noun,"happiness, glory, bliss.",0.896,Positive,1,1,1,1,1,1,1,1,1,1,1,1,1,1,1,1,1,1,-1,1,1
hímbis,NN,noun,fish scales.,0,Neutral,0,0,0,0,1,1,0,0,0,0,0,0,0,0,0,0,0,0,0,0,0
hímpit,JJ,adjective,"perfect, faultless.",0.772,Positive,1,1,1,1,0,0,1,1,-1,1,1,1,1,1,0,1,1,1,1,1,-1
hímu,VB,verb,"to make, to do, to perform.",0,Neutral,0,0,0,0,1,1,0,0,0,0,0,0,0,0,0,0,0,0,0,0,0
himúd’us,NN,noun,effort.,0,Neutral,0,0,0,0,0,1,0,0,0,0,0,0,0,0,0,0,0,0,0,0,0
himúd’us,VB,verb,"to exert oneself, to make great effort.",0.625,Positive,1,1,1,1,0,0,1,1,1,-1,1,1,1,1,1,1,-1,1,-1,1,1
himúlat,VB,verb,"to strive to obtain, to be earnest.",0.511,Positive,1,1,1,1,1,1,1,-1,1,1,1,0,1,1,1,1,1,1,1,1,1
himúlbul,VB,verb,to pluck clean of feathers or fur.,0.402,Positive,1,1,1,1,1,1,1,1,1,1,0,1,1,1,-1,1,1,1,1,0,1
himulús,VB,verb,"to be of use, to make serviceable, to take advantage of.",0.25,Positive,1,1,1,1,1,1,1,1,1,1,1,1,1,1,1,1,1,1,1,1,1
himúnung,JJ,adjective,"quiet, silent.",0,Neutral,0,0,0,0,1,1,0,0,0,0,0,0,0,0,0,1,0,0,0,0,0
himúnung,VB,verb,"to become quiet, to become noiseless.",0,Neutral,0,0,0,0,0,1,0,0,1,0,0,1,0,1,0,0,0,0,0,0,0
hímus,VB,verb,"to arrange, to put away in an orderly manner.",0,Neutral,0,0,0,0,0,0,-1,-1,0,0,0,0,0,0,0,0,0,0,0,0,0
himútad,VB,verb,"to scrutinize, to look at closely.",0,Neutral,0,0,0,0,0,0,0,0,0,0,1,0,0,0,0,1,0,0,0,0,0
himutígun,NN,noun,"denial, refusal.",0,Neutral,0,0,0,0,0,0,0,0,0,0,0,0,0,0,0,0,0,0,0,0,1
hím’ung,JJ,adjective,"modest, refined, demure, graceful.",0.459,Positive,1,1,1,1,0,0,1,1,0,1,1,1,1,1,1,1,1,1,0,1,1
hinablos,NN,noun,nephew ; niece,0,Neutral,0,0,0,0,1,-1,0,0,0,0,1,0,0,0,0,0,0,0,0,0,0
hináblus,NN,noun,"niece, nephew.",0,Neutral,0,0,0,0,0,1,0,0,0,0,0,0,0,0,0,0,0,0,0,0,0
hinakay,NN,noun,"a charge , fare , or fee",0,Neutral,0,0,0,0,0,0,0,-1,0,0,0,0,0,0,0,0,0,0,0,0,0
hinakay,NN,noun,payment,0,Neutral,0,0,0,0,0,0,0,0,0,0,0,0,1,0,0,0,0,0,0,0,0
hinakay,NN,noun,rent,0,Neutral,0,0,0,0,0,0,0,0,0,0,0,0,0,0,0,0,0,0,0,0,0
hinákay,VB,verb,"to hire, to pay for rent.",-0.103,Negative,-1,-1,-1,-1,-1,0,-1,-1,-1,0,-1,-1,-1,-1,-1,1,0,1,-1,-1,-1
hinalabuab,NN,noun,offspring,0,Neutral,0,0,0,0,0,-1,-1,1,1,0,0,0,0,0,0,0,0,0,1,0,0
hinali,JJ,adjective,sudden,0,Neutral,0,0,0,0,0,0,1,0,0,0,1,1,0,0,0,0,0,0,1,0,0
hináli’,RB,adverb,"abruptly, suddenly.",0,Neutral,0,0,0,0,0,0,0,0,0,0,0,0,0,0,0,0,0,0,0,0,0
hinambalan,NN,noun,promise,0.318,Positive,1,1,1,1,0,0,1,1,1,1,1,1,1,1,1,1,1,0,1,1,0
hinámbit,VB,verb,"to mention, to refer to, to allude.",0,Neutral,0,0,0,0,1,1,0,1,0,1,0,0,0,1,0,-1,0,0,0,0,0
hinámput,VB,verb,"to draw near, to approach, to move in the direction of the speaker.",0,Neutral,0,0,0,0,0,0,0,0,0,0,1,0,0,0,0,0,0,0,0,0,0
hináw,VB,verb,to wash hands or face.,0,Neutral,0,0,0,0,0,0,0,0,0,0,1,0,0,0,0,-1,0,0,0,0,-1
hínay,RB,adverb,"slowly, gently.",0.459,Positive,1,1,1,1,0,0,1,-1,1,0,1,1,1,1,1,1,1,0,1,1,1
hínay,JJ,adjective,"slow, weak, tender.",-0.44,Negative,-1,-1,-1,-1,1,0,-1,0,1,0,-1,-1,1,-1,-1,-1,-1,-1,-1,-1,-1
hínay,VB,verb,"to do slowly, to be weak or gentle.",0,Neutral,0,0,0,0,-1,-1,0,0,0,0,-1,0,0,0,0,0,0,0,0,0,0
hingabot,NN,noun,lust,0,Neutral,0,0,0,0,0,1,-1,0,0,0,1,0,0,0,0,-1,0,0,0,0,0
hingabút,VB,verb,"to draw, to try to reach, to persecute, to molest, to seek to obtain.",-0.727,Negative,-1,-1,-1,-1,0,0,-1,-1,-1,-1,-1,-1,-1,0,-1,-1,-1,-1,-1,-1,-1
hingagáw,VB,verb,"to reach the goal, to complete, to finish.",0.026,Neutral,0,1,1,0,-1,-1,0,0,0,0,0,-1,0,1,0,0,0,0,0,0,0
hingálan,VB,verb,"to name, to call by name.",0,Neutral,0,0,0,0,1,1,-1,0,0,0,-1,0,0,0,0,-1,0,0,0,-1,0
hingamú,VB,verb,"to covet, to desire, to strive to obtain.",0.402,Positive,1,1,1,1,0,0,1,1,1,1,1,1,1,1,1,1,1,1,-1,1,1
hinganiban,NN,noun,weapon synonym: armas,-0.296,Negative,-1,-1,-1,-1,1,1,-1,-1,-1,-1,-1,-1,-1,-1,1,1,-1,-1,-1,-1,1
hinganíban,NN,noun,weapon.,-0.296,Negative,-1,-1,-1,-1,-1,1,-1,-1,-1,-1,-1,-1,-1,1,-1,0,-1,-1,-1,0,-1
hingap-us,VB,verb,to commit suicide by hanging,-0.511,Negative,-1,-1,-1,-1,0,-1,-1,-1,-1,-1,-1,-1,-1,-1,-1,-1,-1,-1,-1,-1,-1
hingapús,VB,verb,"to end, to finish, to complete, to terminate.",0,Neutral,0,0,0,0,-1,0,-1,0,-1,0,0,0,1,1,0,0,0,0,0,0,0
hingí’ki’,VB,verb,to clean the teeth of tartar.,0.402,Positive,1,1,1,1,-1,0,1,1,1,1,1,1,0,1,-1,1,1,1,1,1,1
hingudto,NN,noun,the sun's zenith ; midday,0,Neutral,0,0,0,0,1,1,0,1,0,0,0,0,0,0,0,0,0,0,0,1,1
hingukú,VB,verb,"to cut the nails, to trim and clean the fingernails.",0.153,Positive,1,1,1,1,-1,0,1,1,1,1,1,1,1,1,1,1,1,1,0,1,1
hinguyang,NN,noun,expense,0,Neutral,0,0,0,0,1,1,0,0,0,0,0,0,0,0,-1,0,0,0,0,0,0
hingúyang,NN,noun,food preparation.,0,Neutral,0,0,0,0,0,0,0,1,0,-1,0,0,0,0,-1,-1,0,0,0,0,0
hingúyang,VB,verb,"to hesitate to spend, to waste, to spend unwisely.",-0.599,Negative,-1,-1,-1,-1,0,0,1,-1,1,-1,-1,-1,-1,-1,-1,-1,-1,-1,-1,-1,-1
híngyu’,VB,verb,"to think, to plan, to have the intention, to deliberate.",0,Neutral,0,0,0,0,-1,-1,0,0,1,0,0,0,0,1,-1,0,0,0,0,0,0
hínhin,JJ,adjective,"graceful, demure, dainty.",0.459,Positive,1,1,1,1,0,1,1,1,1,1,-1,-1,1,1,1,1,1,1,1,-1,1
híning,JJ,adjective,"shiny, polished.",0,Neutral,0,0,0,0,1,1,0,0,0,0,0,0,-1,0,0,1,0,0,-1,0,0
hínis,VB,verb,"to rub, to polish, to clean.",0.402,Positive,1,1,1,1,0,0,1,1,1,1,-1,1,1,1,-1,1,1,1,1,-1,1
hinlo,JJ,adjective,"smooth , level",0,Neutral,0,0,0,0,0,1,1,1,0,0,0,0,0,0,0,0,0,0,0,0,1
hinlo,VB,verb,"polish , shine",0,Neutral,0,0,0,0,-1,0,0,0,0,0,0,0,0,0,0,1,0,0,0,0,0
hínlu’,JJ,adjective,"smooth, elegant, dainty.",0.477,Positive,1,1,1,1,1,0,1,1,1,1,1,1,1,1,1,1,1,1,1,0,1
hinugyaw,NN,noun,excitement,0.494,Positive,1,1,1,1,1,1,1,1,-1,1,1,1,1,1,1,1,1,1,1,1,1
hinúlsul,NN,noun,"repentance, regret, remorse.",-0.599,Negative,-1,-1,-1,-1,1,1,-1,1,0,-1,-1,-1,-1,-1,-1,-1,-1,-1,-1,-1,0
hinúlsul,VB,verb,"to be sorry for, to repent, to regret.",-0.477,Negative,-1,-1,-1,-1,-1,0,0,-1,-1,-1,-1,-1,-1,-1,-1,-1,-1,-1,0,1,-1
hinun’ánun,VB,verb,"to exchange views on a subject, to apeak about, to discuss.",0,Neutral,0,0,0,0,0,-1,0,0,0,-1,0,0,0,0,0,0,0,0,0,-1,1
hípag,NN,noun,"sister-in-law, brother-in-law.",0,Neutral,0,0,0,0,0,0,0,0,0,0,0,0,0,0,-1,0,-1,0,0,0,0
hiphip,NN,noun,bribe,-0.202,Negative,-1,-1,-1,-1,1,0,0,-1,-1,-1,-1,-1,-1,-1,-1,-1,0,-1,-1,-1,1
hiphip,VB,verb,"to bribe synonyms: buya , liklik",-0.202,Negative,-1,-1,-1,-1,-1,-1,-1,-1,-1,-1,-1,-1,-1,-1,-1,-1,-1,-1,0,-1,-1
hípid,JJ,adjective,"neat, orderly, dressy.",0.459,Positive,1,1,1,1,-1,-1,1,1,0,0,1,1,0,1,1,1,1,1,1,1,1
hipos,JJ,adjective,silent ; quiet synonym: humal,0,Neutral,0,0,0,0,1,1,0,1,0,0,0,0,-1,0,0,0,0,0,0,0,0
hípus,JJ,adjective,"quiet, silent, still.",0,Neutral,0,0,0,0,0,0,0,0,0,-1,0,-1,0,0,0,0,-1,-1,0,0,0
hípus,NN,noun,"stillness, silence, quietness.",0,Neutral,0,0,0,0,0,1,1,0,0,0,0,0,0,0,0,-1,0,0,0,0,0
hípus,VB,verb,"to be silent, to keep quiet, to keep still.",0,Neutral,0,0,0,0,0,0,0,0,0,0,0,0,0,0,0,0,0,0,0,0,0
hírup,JJ,adjective,"intimate, tender.",0,Neutral,0,0,0,0,0,1,0,0,1,0,0,0,0,0,0,0,0,0,0,-1,0
hírup,NN,noun,"comrade, friend, close friend.",0.751,Positive,1,1,1,1,-1,0,0,1,1,-1,1,1,1,1,1,1,1,-1,1,1,1
hísa,NN,noun,"envy, jealousy.",-0.527,Negative,-1,-1,-1,-1,1,1,-1,-1,-1,-1,1,-1,-1,-1,-1,-1,-1,-1,-1,-1,-1
hísa,JJ,adjective,"envious, jealous, selfish.",-0.802,Negative,-1,-1,-1,-1,-1,-1,-1,1,-1,-1,-1,-1,-1,-1,-1,-1,-1,-1,-1,1,-1
hisáyud,VB,verb,"to ask for an explanation, to request information.",0,Neutral,0,0,0,0,-1,-1,0,0,0,0,0,0,0,1,-1,0,0,0,0,0,0
hítad,VB,verb,"to stretch, to open and smooth out as of cloth or paper.",0,Neutral,0,0,0,0,0,0,0,0,0,0,0,0,1,0,0,-1,0,0,0,0,0
híta’,NN,noun,"thigh, crotch.",0,Neutral,0,0,0,0,0,-1,0,0,-1,-1,0,0,1,0,0,0,0,1,0,-1,0
híwat,VB,verb,"to celebrate, to hold a feast.",0.572,Positive,1,1,1,1,-1,0,1,1,1,1,1,1,1,0,1,1,1,1,1,1,1
híwa’,NN,noun,"chunck, sliced piece, one slice.",0,Neutral,0,0,0,0,1,1,0,0,0,-1,0,0,0,0,0,0,0,0,0,0,0
híwa’,VB,verb,"to slice, to carve, to cut to pieces.",-0.273,Negative,-1,-1,-1,-1,0,-1,0,-1,-1,-1,0,-1,-1,-1,1,-1,-1,-1,-1,-1,-1
hiwit,NN,noun,"a bewitchment , charm , or spell",0.402,Positive,1,1,1,1,-1,0,1,1,1,1,1,1,1,-1,1,1,1,1,1,0,1
hiyas,NN,noun,jewel,0.361,Positive,1,1,1,1,1,1,0,1,1,-1,1,1,1,1,1,1,1,1,1,-1,1
hiyás,NN,noun,"precious stone, gem.",0.572,Positive,1,1,1,1,-1,1,1,1,1,1,1,1,1,0,0,1,1,1,1,1,1
híyud,VB,verb,to stretch out.,0,Neutral,0,0,0,0,1,1,0,0,0,0,0,-1,0,0,0,0,0,0,0,0,0
hornál,NN,noun,"laborer, workman.",0,Neutral,0,0,0,0,0,0,0,0,0,0,0,0,1,0,0,0,0,0,1,0,0
hoyohoy,NN,noun,alternative spelling of huyuhoy,0,Neutral,0,0,0,0,0,-1,0,0,-1,0,0,0,0,0,0,0,0,1,0,1,1
huad,NN,noun,something that is counterfeit or facsimile,0,Neutral,0,0,0,0,0,0,0,0,0,0,0,-1,0,0,0,0,0,0,0,0,0
huaran,NN,noun,example,0,Neutral,0,0,0,0,0,0,0,0,0,0,1,0,0,0,0,0,0,0,0,0,0
húbad,VB,verb,"to loosen, to untie, to solve, to translate.",0.202,Positive,1,1,1,1,-1,-1,-1,1,1,0,1,0,1,1,1,1,1,1,1,1,1
hubág,NN,noun,"swelling, boil.",0,Neutral,0,0,0,0,1,-1,0,0,-1,0,0,0,1,-1,-1,0,0,0,0,0,0
hubág,JJ,adjective,"swollen, bulging.",0,Neutral,0,0,0,0,0,0,0,0,0,0,0,0,0,0,0,0,0,0,0,0,0
hubág,VB,verb,"to swell, to bulge.",0,Neutral,0,0,0,0,0,0,0,0,0,0,0,0,0,0,0,-1,0,0,0,0,0
hubás,VB,verb,"to evaporate, to dry up.",0,Neutral,0,0,0,0,0,0,0,0,0,0,0,0,-1,1,0,0,0,0,0,0,0
húben,JJ,adjective,young.,0,Neutral,0,0,0,0,0,0,0,1,0,0,0,1,0,0,0,0,0,-1,0,0,1
húblag,NN,noun,"social compatibility, social movement, organization with revolutionary functions and aims.",0,Neutral,0,0,0,0,0,0,0,0,0,0,0,0,0,0,0,0,0,1,-1,0,0
húblas,JJ,adjective,naked.,0,Neutral,0,0,0,0,0,0,0,0,0,0,0,0,0,-1,0,0,0,0,0,0,0
húblas,VB,verb,"to strip off, to take off.",0,Neutral,0,0,0,0,0,-1,0,0,1,0,0,0,0,0,0,-1,0,0,0,0,0
hubog,JJ,adjective,drunk ; intoxicated synonym: balong,-0.34,Negative,-1,-1,-1,-1,1,0,1,-1,-1,-1,1,1,-1,-1,-1,-1,-1,-1,-1,-1,1
hubu,JJ,adjective,naked ; bare synonym: hublas,0,Neutral,0,0,0,0,-1,-1,0,0,0,0,0,0,0,0,0,1,0,0,0,-1,0
hubu,VB,verb,to strip ; to undress synonym: hublas,0,Neutral,0,0,0,0,0,0,0,1,0,0,0,0,0,0,0,0,0,0,0,0,0
hubug,JJ,adjective,alternative spelling of hubog ( “ drunk; intoxicated ” ),-0.34,Negative,-1,-1,-1,-1,0,0,-1,1,-1,-1,-1,-1,-1,1,-1,-1,-1,0,-1,-1,-1
hubúg,NN,noun,drunk;  drunkard.,-0.34,Negative,-1,-1,-1,-1,-1,1,-1,-1,-1,-1,1,1,-1,-1,0,-1,-1,-1,-1,-1,-1
hubúg,VB,verb,"to become drunk, to drink to excess.",-0.34,Negative,-1,-1,-1,-1,-1,-1,-1,-1,-1,-1,-1,-1,-1,-1,-1,-1,-1,-1,-1,-1,-1
hubún,NN,noun,group.,0,Neutral,0,0,0,0,1,-1,0,0,0,0,0,0,0,0,0,-1,0,0,0,0,1
húbu’,JJ,adjective,"naked, unclad.",0,Neutral,0,0,0,0,1,-1,0,0,-1,0,0,0,0,0,0,-1,0,0,-1,0,0
húbu’,VB,verb,"to unclad, to take off.",0,Neutral,0,0,0,0,0,1,1,0,0,0,0,0,0,0,0,1,0,0,0,0,0
hudéyu,NN,noun,jew.,0,Neutral,0,0,0,0,0,1,0,0,0,0,0,0,1,0,0,0,0,0,-1,0,0
hugák,JJ,adjective,loose.,-0.318,Negative,-1,-1,-1,-1,-1,0,-1,-1,-1,-1,-1,0,-1,-1,-1,1,1,-1,-1,0,-1
hugák,VB,verb,"to untie, to loosen.",0,Neutral,0,0,0,0,-1,-1,-1,0,0,0,0,0,0,0,1,0,0,0,0,0,0
hugakúm,VB,verb,"to clasp in the fist, to grab, to grasp, to usurp.",0,Neutral,0,0,0,0,1,0,0,0,0,0,1,0,0,0,0,0,0,-1,0,0,0
húgas,VB,verb,to wash hands and other objects except clothes.,0,Neutral,0,0,0,0,0,0,0,0,0,0,1,0,-1,0,0,0,-1,0,0,0,0
hugot,JJ,adjective,alternative spelling of hugut,0,Neutral,0,0,0,0,1,0,0,0,1,-1,0,0,0,0,0,-1,-1,0,0,0,0
húgpa’,VB,verb,"to land, to perch, to come to rest especially of flying objects.",0,Neutral,0,0,0,0,0,0,0,0,0,0,-1,-1,0,0,1,0,0,0,-1,0,0
húgpung,NN,noun,"bundle, bouquet.",0,Neutral,0,0,0,0,1,0,0,0,0,0,1,0,-1,0,-1,0,0,0,0,1,0
húgpung,VB,verb,"to make a bundle, to join together as a group.",0.296,Positive,1,1,1,1,0,0,0,1,1,1,-1,1,-1,0,1,1,1,-1,1,-1,1
hugut,JJ,adjective,tight,0,Neutral,0,0,0,0,1,1,0,0,0,0,0,-1,-1,0,0,1,0,1,1,0,0
hugút,JJ,adjective,tight.,0,Neutral,0,0,0,0,0,0,0,0,0,0,0,0,0,-1,-1,0,0,0,0,0,0
húgyaw,NN,noun,"noisy laughter, enjoyment.",0.727,Positive,1,1,1,1,0,0,1,1,1,1,1,1,0,-1,1,1,-1,1,1,1,1
húgyaw,VB,verb,"to be joyful, to cheer.",0.802,Positive,1,1,1,1,0,1,1,0,1,1,1,1,1,1,0,1,1,1,1,1,1
húkas,VB,verb,"to remove, to detach, to take off.",0,Neutral,0,0,0,0,1,-1,0,0,0,1,0,0,0,0,0,-1,0,0,0,0,-1
hukson,VB,verb,"detach , dismount",0,Neutral,0,0,0,0,0,1,0,0,0,0,1,0,1,1,0,0,-1,0,0,0,1
hukúm,NN,noun,judge.,0,Neutral,0,0,0,0,-1,0,0,0,-1,0,0,0,0,1,0,0,0,0,-1,1,0
hukúm,VB,verb,"to pass judgement, to try a court case.",0,Neutral,0,0,0,0,0,0,0,0,0,0,0,0,0,0,0,0,0,0,0,0,0
húk’ab,VB,verb,to loosen and fall off.,0,Neutral,0,0,0,0,0,0,0,-1,-1,0,-1,0,0,-1,0,0,1,0,0,0,0
húlag,NN,noun,"movement, action.",0,Neutral,0,0,0,0,0,0,0,-1,0,1,0,0,0,0,0,0,0,0,0,0,0
húlag,VB,verb,"to move, to stir, to get busy.",0,Neutral,0,0,0,0,0,0,0,0,0,0,0,0,0,1,0,0,0,0,0,-1,0
hulám,VB,verb,to borrow.,0,Neutral,0,0,0,0,-1,0,0,0,0,0,0,0,-1,-1,0,0,0,0,0,-1,0
húlas,NN,noun,"perspiration, moisture.",0,Neutral,0,0,0,0,1,-1,0,0,0,1,0,-1,0,0,0,0,0,-1,0,0,0
húlas,VB,verb,to perspire.,0,Neutral,0,0,0,0,1,0,0,0,0,0,0,0,0,0,0,0,0,0,0,0,0
hulát,NN,noun,"waiting, expectations.",0,Neutral,0,0,0,0,0,0,0,0,1,0,0,0,0,0,0,0,0,0,0,0,0
hulát,VB,verb,"to wait, to expect, to be ready for.",0.361,Positive,1,1,1,1,0,0,1,1,1,1,1,1,1,1,1,1,0,1,1,1,0
húlid,VB,verb,"to lie alongside, to lie together.",0,Neutral,0,0,0,0,1,1,0,0,0,0,0,-1,0,0,0,0,0,-1,0,0,0
hulík,VB,verb,to snap at or to swallow the bait.,0,Neutral,0,0,0,0,0,0,0,0,1,0,0,0,0,0,1,-1,0,0,0,0,0
hulip,NN,noun,patch,0,Neutral,0,0,0,0,0,-1,0,0,0,0,0,0,0,-1,0,0,0,0,0,1,1
húlip,VB,verb,"to fill in strips, to patch a hole in a mat.",0,Neutral,0,0,0,0,0,-1,0,0,0,0,0,0,0,1,0,0,0,0,0,0,0
hulonan,NN,noun,roost,0,Neutral,0,0,0,0,0,0,0,1,0,0,1,0,0,0,0,0,1,0,0,0,0
húlug,VB,verb,"to fall down, to tumble.",0,Neutral,0,0,0,0,0,0,0,1,0,0,0,0,0,1,0,0,0,0,0,0,0
hulugpaan,NN,noun,airport hulugpaan sang roxas roxas airport,0,Neutral,0,0,0,0,0,0,0,0,-1,0,0,0,0,1,0,0,0,-1,0,0,0
hulúnan,NN,noun,"roost, place for resting.",0,Neutral,0,0,0,0,0,0,0,0,0,0,0,0,0,0,0,0,0,0,0,0,0
hulúnan,VB,verb,"to roost, to settle down for rest or sleep as with fowls.",0,Neutral,0,0,0,0,0,0,0,-1,0,0,0,0,-1,1,0,1,0,0,0,0,-1
hulusayon,NN,noun,question,0,Neutral,0,0,0,0,0,0,1,-1,0,0,0,1,0,0,-1,1,0,0,0,0,0
húlyo,NN,noun,july.,0,Neutral,0,0,0,0,0,0,0,0,1,0,0,0,1,1,0,0,1,0,1,0,0
humán,JJ,adjective,"finished, completed, terminated.",0,Neutral,0,0,0,0,0,0,-1,0,0,0,-1,0,-1,0,-1,0,0,0,0,0,0
humán,VB,verb,"to terminate, to accomplish, to finish.",0.421,Positive,1,1,1,1,0,0,1,1,1,1,1,1,1,1,1,1,1,-1,1,1,-1
humáy,NN,noun,rice plant.,0,Neutral,0,0,0,0,1,1,0,0,0,0,0,0,-1,0,0,0,0,1,0,0,0
humbak,NN,noun,( ocean ) wave,0,Neutral,0,0,0,0,0,0,1,0,0,0,-1,0,0,0,0,0,0,0,0,0,-1
humbak,NN,noun,"sea , ocean",0,Neutral,0,0,0,0,1,0,0,0,0,0,0,0,0,-1,1,0,0,0,0,0,0
humbak,NN,noun,"( of a task ) difficulty , distress",-0.7,Negative,-1,-1,-1,-1,0,0,-1,-1,-1,-1,-1,-1,-1,-1,-1,-1,-1,-1,-1,-1,0
húmlad,VB,verb,"to spread out, to open, to unfold.",0,Neutral,0,0,0,0,1,-1,0,0,0,0,0,0,0,0,0,0,-1,0,0,1,0
húmuk,JJ,adjective,"soft, feathery.",0,Neutral,0,0,0,0,0,0,0,0,1,0,-1,0,0,0,0,0,0,0,0,0,0
húmuk,VB,verb,"to become soft, to become tender.",0,Neutral,0,0,0,0,0,0,0,-1,0,0,0,0,0,0,0,0,0,0,-1,0,0
humút,NN,noun,"smell, odor.;  cologne, perfume, essence.",0,Neutral,0,0,0,0,-1,0,0,0,0,-1,0,0,0,1,0,0,0,0,0,0,0
humút,JJ,adjective,"fragrant, sweet smelling, odorous.",0.459,Positive,1,1,1,1,0,1,1,1,-1,1,1,1,1,1,1,1,1,1,0,1,1
hunás,NN,noun,low tide.;  beach.,-0.273,Negative,-1,-1,-1,-1,1,1,-1,-1,-1,0,-1,1,-1,-1,-1,-1,-1,-1,-1,-1,-1
hunás,VB,verb,to have low tide.,-0.273,Negative,-1,-1,-1,-1,0,1,-1,0,1,-1,-1,-1,-1,1,-1,-1,-1,-1,0,0,-1
huná’,JJ,adjective,"fragile, frail.",0,Neutral,0,0,0,0,-1,0,0,0,1,0,0,0,0,0,0,0,0,0,0,0,0
huná’huná’,NN,noun,"thoughts, ideas, opinion.",0,Neutral,0,0,0,0,1,0,0,0,0,0,0,0,0,0,0,0,-1,-1,0,-1,0
huná’huná’,VB,verb,"to think, to have the idea, to consider.",0,Neutral,0,0,0,0,0,0,0,0,0,0,0,0,0,0,0,0,0,0,0,0,0
hungúd,JJ,adjective,intentional.,0,Neutral,0,0,0,0,0,0,0,0,0,0,0,0,0,0,0,0,1,0,0,0,0
hungúd,VB,verb,"to do intentionally, to act voluntarily.",0,Neutral,0,0,0,0,0,0,0,0,0,0,0,0,0,0,0,0,0,0,-1,0,0
huní,NN,noun,"sound, chirp, whine.",-0.361,Negative,-1,-1,-1,-1,0,0,-1,-1,-1,-1,-1,-1,-1,-1,0,1,-1,-1,-1,-1,-1
huní,VB,verb,"of birds and insects, to hum, to chirp, to whistle.",0,Neutral,0,0,0,0,-1,0,1,-1,0,0,0,0,0,0,0,0,0,-1,0,-1,1
húnit,JJ,adjective,"durable, lasting.",0,Neutral,0,0,0,0,0,0,0,0,0,0,0,1,0,0,0,0,0,0,0,0,0
húnung,VB,verb,"to stop, to cease, to detain.",-0.612,Negative,-1,-1,-1,-1,-1,0,1,-1,-1,-1,-1,-1,0,0,-1,-1,-1,-1,-1,-1,-1
hunús,NN,noun,"shelf, drawer.",0,Neutral,0,0,0,0,-1,-1,0,0,0,0,0,0,0,0,0,1,0,0,-1,0,0
húnus,VB,verb,"to draw out, to pull out as a drawer.",0,Neutral,0,0,0,0,0,0,0,-1,0,0,0,0,1,0,0,0,0,0,0,0,0
hunúsbu’,JJ,adjective,"fretful, whimpering.",0,Neutral,0,0,0,0,0,0,0,0,0,0,0,0,0,0,0,0,1,0,0,0,0
húnyo,NN,noun,june.,0,Neutral,0,0,0,0,0,0,0,0,0,0,0,0,0,0,0,0,0,0,0,0,0
hún’ug,NN,noun,"dew, moisture on the ground.",0,Neutral,0,0,0,0,0,0,0,-1,0,0,0,0,-1,0,0,0,-1,0,0,0,0
hupa,NN,noun,nightmare,0,Neutral,0,0,0,0,0,-1,0,0,0,1,0,0,0,0,0,0,0,0,0,1,0
hupay,NN,noun,nightmare.,0,Neutral,0,0,0,0,0,0,0,0,0,0,0,0,0,0,0,0,0,0,0,1,0
hupút,VB,verb,"to keep, to hold, to have.",0,Neutral,0,0,0,0,0,0,1,0,0,0,0,0,0,0,0,0,0,0,0,0,0
huragúk,NN,noun,snore.,0,Neutral,0,0,0,0,-1,0,-1,0,0,0,1,0,0,0,0,0,0,1,0,0,0
huragúk,VB,verb,to snore.,0,Neutral,0,0,0,0,0,0,0,0,0,0,0,0,0,0,0,0,0,0,0,0,0
huramúl,JJ,adjective,damp.,0,Neutral,0,0,0,0,0,0,0,0,-1,1,0,0,0,0,0,0,0,1,0,0,0
hurínghúring,NN,noun,"rumor, news.",0,Neutral,0,0,0,0,-1,-1,0,0,0,0,0,0,0,1,0,0,0,0,0,-1,0
hurínghúring,VB,verb,"to be rumored, to be spread as news.",0,Neutral,0,0,0,0,0,0,0,0,1,0,0,0,0,0,0,0,0,0,0,0,0
húrma,NN,noun,"mold, cast.",0,Neutral,0,0,0,0,0,0,0,0,0,0,0,0,0,1,0,0,0,0,-1,0,0
húrma,VB,verb,"to mold, to fit into a cast.",0.361,Positive,1,1,1,1,0,0,1,0,1,1,1,1,1,1,1,1,1,1,0,1,1
húrno,NN,noun,oven.,0,Neutral,0,0,0,0,1,1,-1,0,0,0,0,0,0,0,0,0,0,0,0,0,0
húrno,VB,verb,to bake in an oven.,0,Neutral,0,0,0,0,0,0,0,0,0,1,0,0,0,0,0,0,0,0,0,-1,-1
hurubatún,NN,noun,"maxim, saying.",0,Neutral,0,0,0,0,0,-1,-1,0,0,0,0,0,-1,0,0,0,1,0,0,0,0
hurúng,NN,noun,"bad guy, goon.",-0.542,Negative,-1,-1,-1,-1,0,0,-1,1,-1,-1,0,1,-1,-1,-1,-1,-1,-1,-1,0,-1
huruśhurus,JJ,adjective,"cad, rude, without gentlemanly instincts.",-0.459,Negative,-1,-1,-1,-1,-1,-1,-1,-1,-1,-1,-1,-1,-1,-1,-1,-1,-1,-1,-1,-1,-1
husay,NN,noun,comb,0,Neutral,0,0,0,0,-1,-1,0,0,0,1,0,-1,0,0,1,0,0,0,0,0,0
húsay,NN,noun,"comb, settlement, solution.",0.318,Positive,1,1,1,1,0,0,1,1,0,1,1,1,1,-1,1,1,0,0,1,1,1
húsay,VB,verb,"to comb one’s hair, to settle, to arrange, to set in order.",0,Neutral,0,0,0,0,1,1,0,0,0,1,0,1,0,-1,0,0,0,-1,0,0,1
húslu’,VB,verb,"to unsheathe, to draw out by accident, to drop off its container.",-0.637,Negative,-1,-1,-1,-1,0,-1,-1,-1,-1,-1,-1,-1,-1,-1,-1,-1,-1,0,-1,-1,-1
hústu,RB,adverb,"enough, adequate, correct, fit, just right.",0.527,Positive,1,1,1,1,-1,1,1,1,1,1,1,1,1,1,-1,1,1,1,1,1,1
hutik,NN,noun,whisper,0,Neutral,0,0,0,0,1,1,0,0,0,0,0,0,0,1,0,0,0,1,0,0,0
hutik,VB,verb,to whisper,0,Neutral,0,0,0,0,-1,0,1,0,0,0,0,0,0,0,1,0,0,0,0,0,-1
hutík,NN,noun,whisper.,0,Neutral,0,0,0,0,-1,-1,0,0,0,0,-1,0,0,-1,0,1,0,0,0,-1,0
hutík,VB,verb,to speak in a whisper.,0,Neutral,0,0,0,0,0,0,0,0,0,1,0,0,-1,0,0,0,0,0,-1,0,0
huwád,VB,verb,"to copy, to duplicate.",0,Neutral,0,0,0,0,0,0,0,0,0,0,0,0,1,0,0,0,0,0,0,0,0
huwés,NN,noun,judge.,0,Neutral,0,0,0,0,1,0,0,0,0,0,0,0,0,0,0,0,0,0,0,0,0
húy,UH,interjection,"hey, oh.",0,Neutral,0,0,0,0,0,0,0,0,0,0,0,0,0,0,0,0,0,0,0,0,0
húyab,VB,verb,to run away suddenly with great speed.,0.625,Positive,1,1,1,1,0,0,1,1,1,1,1,1,1,1,0,1,1,1,-1,1,1
húyang,JJ,adjective,"rickety, shaky.",-0.226,Negative,-1,-1,-1,-1,1,0,0,-1,-1,1,-1,0,-1,-1,-1,-1,-1,-1,-1,-1,1
húyang,VB,verb,"to shake, to be rickety.",-0.178,Negative,-1,-1,-1,-1,-1,-1,-1,-1,-1,-1,-1,-1,0,-1,-1,-1,-1,-1,-1,-1,-1
huyá’,NN,noun,"shame, disgrace.",-0.743,Negative,-1,-1,-1,-1,1,1,-1,-1,-1,1,-1,-1,-1,1,-1,-1,-1,-1,-1,-1,-1
huyá’,JJ,adjective,"disgraceful, shameful.",-0.494,Negative,-1,-1,-1,-1,-1,-1,-1,0,-1,-1,-1,1,0,-1,-1,-1,-1,-1,-1,-1,-1
huyá’,VB,verb,"to be ashamed, to feel reproach.",-0.477,Negative,-1,-1,-1,-1,-1,-1,1,-1,-1,-1,-1,0,-1,-1,1,-1,-1,-1,1,-1,-1
huyá’huyá’,NN,noun,sensitive plant.,0,Neutral,0,0,0,0,-1,-1,0,0,0,0,0,0,0,0,-1,1,-1,0,0,0,-1
huyop,VB,verb,to blow,0,Neutral,0,0,0,0,0,-1,0,1,0,0,0,0,0,1,0,0,-1,0,0,0,1
huyuhoy,NN,noun,breeze synonym: harupot,0,Neutral,0,0,0,0,0,0,-1,0,0,0,0,0,0,0,0,0,0,0,0,-1,0
huyúp,NN,noun,"blast, blow, breath.",0,Neutral,0,0,0,0,0,0,0,0,0,0,0,-1,1,0,0,1,0,0,0,0,1
huyúp,VB,verb,"to blow, to breathe upon, to expel breath.",-0.44,Negative,-1,-1,-1,-1,0,-1,-1,-1,0,-1,-1,-1,-1,-1,-1,-1,-1,-1,-1,1,-1
húy’ab,NN,noun,yawn.,0,Neutral,0,0,0,0,-1,-1,0,0,0,0,0,-1,0,0,0,0,0,0,0,0,0
húy’ab,VB,verb,to yawn.,0,Neutral,0,0,0,0,0,0,0,0,0,0,0,0,0,0,0,0,0,0,0,0,1
hu’ád,JJ,adjective,counterfeit.,0,Neutral,0,0,0,0,0,0,0,0,0,0,-1,0,0,0,0,0,0,0,0,0,0
hu’ád,NN,noun,"copy, duplicate.",0,Neutral,0,0,0,0,1,0,0,1,-1,0,1,0,0,0,0,1,0,0,0,0,0
hu’ád,VB,verb,to copy.,0,Neutral,0,0,0,0,1,0,0,0,0,1,0,1,0,0,0,0,1,-1,0,0,0
hú’u,RB,adverb,"yes, affirmative particle.",0.402,Positive,1,1,1,1,0,0,1,1,-1,1,-1,1,-1,1,1,1,1,1,1,1,1
hu’úl,NN,noun,"sadness, woe.",-0.691,Negative,-1,-1,-1,-1,1,1,-1,-1,-1,-1,-1,-1,-1,-1,-1,-1,-1,-1,-1,-1,0
hu’út,JJ,adjective,tight.,0,Neutral,0,0,0,0,-1,0,0,0,0,0,-1,0,0,0,0,0,0,0,0,0,0
hu’út,NN,noun,tightness.,0,Neutral,0,0,0,0,0,0,0,0,0,-1,0,0,0,0,0,0,0,0,0,0,0
hwébes,NN,noun,thursday.,0,Neutral,0,0,0,0,0,1,-1,0,0,0,-1,0,0,-1,0,0,0,0,1,0,0
ibábaw,RB,adverb,"on top of, on the surface.",0.202,Positive,1,1,1,1,1,1,1,1,1,1,1,1,1,1,1,1,1,1,1,1,1
ibábaw,VB,verb,"to be on top of, to put on top.",0.382,Positive,1,1,1,1,1,1,1,1,1,-1,1,1,1,-1,1,1,1,1,1,-1,0
ibán,NN,noun,"other, some other.",0,Neutral,0,0,0,0,1,1,0,0,0,0,0,0,0,0,0,0,0,1,-1,0,0
íbid’íbid,VB,verb,"to chaperon, to tag along, to tail along.",0,Neutral,0,0,0,0,0,0,0,0,0,-1,-1,0,0,0,0,0,0,0,0,0,0
íbug,VB,verb,"to have a passion for, to crave for.",0.459,Positive,1,1,1,1,1,0,1,1,1,-1,0,0,0,-1,1,1,1,1,1,1,1
íbug,NN,noun formative,’íbug akú sang páhu’.,0,Neutral,0,0,0,0,1,-1,0,0,0,0,-1,0,0,0,0,0,0,0,0,0,0
íbug,NN,noun formative,si gabriel.,0,Neutral,0,0,0,0,-1,0,0,0,1,0,0,0,0,0,0,1,0,0,0,0,0
idalum,NN,noun,underneath ; beneath ; below,0,Neutral,0,0,0,0,0,0,-1,0,0,0,-1,0,0,0,0,0,0,0,0,0,0
idálum,RB,adverb,"underneath, below, at the bottom.",0,Neutral,0,0,0,0,0,0,0,1,0,0,0,0,0,0,0,0,0,1,0,0,0
idálum,VB,verb,"to put under, to demote, to descend.",0,Neutral,0,0,0,0,-1,0,0,0,0,0,0,0,0,0,-1,0,0,1,0,0,0
ídas,NN,noun,"furrow, line.",0,Neutral,0,0,0,0,0,-1,0,0,-1,0,1,0,0,0,-1,0,0,0,0,0,0
ídas,VB,verb,"to line, to furrow.",0,Neutral,0,0,0,0,0,0,0,0,0,1,0,0,0,1,0,0,0,0,0,0,0
idík,NN,noun,"pigling, piglet.",0,Neutral,0,0,0,0,0,0,0,0,-1,0,0,0,0,0,0,0,0,0,0,-1,0
ídlab,VB,verb,"to catch fire, to burst into flame.",-0.34,Negative,-1,-1,-1,-1,0,-1,-1,1,-1,-1,-1,-1,0,-1,0,-1,-1,1,-1,-1,-1
idú’,NN,noun,dog.,0,Neutral,0,0,0,0,-1,-1,0,0,-1,1,0,0,0,0,0,0,1,0,-1,0,0
iga,VB,verbal affix,designating proposed action for instrumental focus.,0,Neutral,0,0,0,0,0,1,0,0,0,0,0,0,0,1,0,0,0,0,0,0,0
ígham,VB,verb,"to cough slightly, to clear the throat so as to attract attention.",0.623,Positive,1,1,1,1,0,0,0,1,1,1,0,1,1,-1,1,1,1,1,1,1,1
iglésya,NN,noun,church.,0,Neutral,0,0,0,0,1,1,0,0,0,0,0,0,0,0,0,1,0,0,0,0,0
ignorante,JJ,adjective,"ignorant synonyms: pakok , urais",-0.273,Negative,-1,-1,-1,-1,0,0,-1,-1,-1,0,-1,-1,-1,-1,-1,-1,-1,-1,-1,-1,-1
ignorante,NN,noun,"ignoramus synonyms: pakok , urais",-0.44,Negative,-1,-1,-1,-1,1,-1,-1,0,-1,-1,-1,-1,-1,-1,-1,0,-1,-1,1,1,1
ígpat,VB,verb,"to spark, to flicker, to twinkle as of stars.",0.226,Positive,1,1,1,1,-1,-1,1,1,1,1,1,1,1,1,1,1,1,1,1,1,1
igsú’un,NN,noun,relation between godchild and children of godparents.,0,Neutral,0,0,0,0,1,0,0,0,0,0,0,0,0,0,0,0,0,0,0,0,0
ígut,VB,verb,"to creak, to emit a grating sound by friction.",-0.103,Negative,-1,-1,-1,-1,1,0,-1,-1,-1,1,-1,-1,-1,-1,-1,-1,-1,-1,-1,-1,-1
igú’,VB,verb,"to fit, to accommodate.",0.361,Positive,1,1,1,1,-1,0,1,1,1,1,1,1,1,1,1,1,1,1,1,1,1
íhaw,VB,verb,"to broil, to roast over live coal.",0,Neutral,0,0,0,0,1,1,0,0,0,0,0,0,0,0,0,0,0,0,-1,0,0
ihi,NN,noun,urine ; pee,0,Neutral,0,0,0,0,0,0,0,0,0,0,0,0,0,0,0,0,0,0,0,1,0
íhi,NN,noun,axle bar.,0,Neutral,0,0,0,0,0,0,0,1,-1,0,0,0,0,0,0,-1,0,1,1,0,1
íhi’,NN,noun,urine.,0,Neutral,0,0,0,0,0,0,0,1,0,0,0,0,1,0,0,0,0,0,0,0,0
íhi’,VB,verb,"to urinate, to pass water.",0,Neutral,0,0,0,0,0,0,0,0,-1,0,0,0,0,0,0,0,0,0,0,0,0
ikáw,PRP,pronoun,you (singular second person nominal pronoun).,0,Neutral,0,0,0,0,0,0,0,0,0,0,0,-1,0,0,0,0,0,0,0,0,0
íkit,JJ,adjective,"close together, dense, least possible space between the elements.",0,Neutral,0,0,0,0,-1,0,0,1,0,0,0,0,0,0,0,0,0,0,0,0,1
ikog,NN,noun,tail,0,Neutral,0,0,0,0,0,1,0,0,0,0,0,1,0,0,0,-1,0,0,0,0,0
ikog,VB,verb,to tail ( follow closely ),0,Neutral,0,0,0,0,1,0,0,0,0,0,0,0,0,0,0,-1,0,0,0,0,0
íkug,NN,noun,tail.,0,Neutral,0,0,0,0,-1,0,0,0,-1,0,0,0,0,0,0,-1,0,0,0,0,-1
ikúg’íkug,VB,verb,"to tail along, to tag along, to wag the tail as a dog.",-0.052,Negative,-1,-1,-1,-1,0,0,-1,-1,-1,1,-1,-1,-1,-1,-1,-1,-1,-1,1,-1,-1
ilá,JJ,adjective,"elusive, untamed, undomesticated.",0,Neutral,0,0,0,0,-1,0,0,1,0,0,0,0,0,0,0,1,0,0,0,0,0
íla,PRP,pronoun,"their, theirs (third person plural pre-position source pronoun).",0,Neutral,0,0,0,0,0,0,0,0,0,0,1,0,0,0,0,0,0,-1,0,-1,0
ilaga,NN,noun,mouse synonym: balabaw,0,Neutral,0,0,0,0,0,0,0,0,0,0,0,1,0,0,0,0,1,0,0,1,0
ilagá’,NN,noun,"rodent, rat, mouse.",0,Neutral,0,0,0,0,0,0,-1,0,-1,0,0,0,0,-1,0,0,0,0,0,0,0
ilayá,NN,noun,"hinterland, remote area.",0,Neutral,0,0,0,0,0,0,0,0,0,0,0,0,1,-1,0,0,1,0,0,0,0
íla’,VB,verb,"to like, to admire, to appreciate, to wish for.",0.875,Positive,1,0,1,1,0,0,1,1,1,1,1,1,1,1,1,1,-1,1,1,1,1
ilig,VB,verb,"to flow , run , stream ang túbig naga ílig . the water is flowing .",0,Neutral,0,0,0,0,1,1,0,0,0,0,0,0,0,0,0,0,0,0,0,0,0
ílig,NN,noun,"flow, current.;  ditch, drainage.",0,Neutral,0,0,0,0,0,0,0,0,0,0,0,0,0,0,0,0,0,0,0,-1,0
ílig,VB,verb,"to flow, to run through.",0,Neutral,0,0,0,0,-1,0,0,0,0,0,1,0,0,0,-1,0,0,0,0,0,0
ilímnun,NN,noun,"drink, beverage, liquor.",0,Neutral,0,0,0,0,1,0,0,0,0,0,0,1,0,0,1,0,0,0,0,0,0
ílis,VB,verb,"to change, to alter, to vary, to replace, to exchange.",0,Neutral,0,0,0,0,0,1,0,0,0,0,-1,0,0,0,0,0,0,0,0,1,-1
ilisan,NN,noun,dressing room where someone changes clothing,0,Neutral,0,0,0,0,0,0,0,0,0,0,0,0,0,0,0,0,1,0,0,0,0
ilo,NN,noun,orphan,0,Neutral,0,0,0,0,0,0,-1,0,1,0,0,0,0,0,0,0,-1,0,0,0,0
ilok,NN,noun,( anatomy ) armpit,0,Neutral,0,0,0,0,0,1,0,0,0,0,0,0,0,0,0,0,0,0,1,0,0
ilong,NN,noun,nose,0,Neutral,0,0,0,0,0,0,0,0,0,0,0,0,0,0,0,1,0,0,-1,0,1
ílu,NN,noun,orphan.,0,Neutral,0,0,0,0,0,0,0,-1,0,0,0,0,1,-1,0,0,0,0,0,0,0
ílu,VB,verb,"to become an orphan, to be orphaned.",0,Neutral,0,0,0,0,0,0,0,0,0,1,0,0,0,0,0,0,1,0,0,0,0
ílug,VB,verb,"to follow, to imitate, to copy, to forge.",0,Neutral,0,0,0,0,0,0,1,0,0,0,0,0,0,0,0,0,0,0,0,0,0
íluk,NN,noun,armpit.,0,Neutral,0,0,0,0,-1,-1,0,0,-1,0,0,0,0,0,1,0,0,0,0,0,0
ilúng,NN,noun,nose.,0,Neutral,0,0,0,0,0,0,0,1,0,0,0,0,0,0,-1,0,0,0,0,-1,0
ilúy,NN,noun,mother.,0,Neutral,0,0,0,0,-1,0,0,0,0,0,0,0,-1,0,0,0,0,0,-1,0,0
imbénto,NN,noun,"invention, creation.",0.273,Positive,1,0,1,1,0,0,1,1,1,1,1,1,1,1,0,1,1,1,-1,1,1
imbénto,VB,verb,"to invent, to devise.",0,Neutral,0,1,0,0,1,-1,0,0,0,0,0,0,0,0,0,0,0,-1,0,0,0
imbestigár,VB,verb,"to investigate, to censure.",0,Neutral,0,1,0,0,0,0,1,1,0,0,0,-1,0,0,0,0,0,0,1,0,0
imbitasyón,NN,noun,invitation.,0,Neutral,0,1,0,0,0,0,0,0,0,0,0,1,-1,0,0,0,0,0,0,1,0
imprénta,NN,noun,printing press.,0,Neutral,0,0,0,0,0,-1,0,0,0,0,0,0,0,0,0,-1,0,0,0,0,0
imprénta,VB,verb,"to print, to put in paper through a printing press.",0,Neutral,0,0,0,0,0,0,0,0,0,0,0,-1,0,0,0,0,1,0,0,0,0
ímpun,VB,verb,"to join together, to conglomerate, to associate, to pull talents together.",0.637,Positive,1,1,1,1,0,0,1,1,1,-1,1,-1,1,1,1,1,1,1,1,1,1
impúntu,RB,adverb,"of time, sharp, on the dot.",0,Neutral,0,1,0,0,1,1,-1,0,0,0,0,1,0,0,0,0,0,0,0,0,1
impyérno,NN,noun,"hell, nether world.",-0.681,Negative,-1,-1,-1,-1,0,0,-1,-1,-1,-1,-1,-1,-1,-1,1,0,-1,-1,-1,-1,-1
ímu,PRP,pronoun,"your, yours (second person singular pre-position source pronoun).",0,Neutral,0,0,0,0,-1,-1,0,0,0,0,0,0,0,0,0,0,0,0,0,0,0
ímul,JJ,adjective,"poor, impoverized.",-0.477,Negative,-1,-1,-1,-1,0,0,1,-1,-1,-1,1,-1,-1,-1,-1,-1,-1,0,-1,1,1
ímul,VB,verb,"to become poor, to lose money or wealth.",-0.382,Negative,-1,-1,-1,-1,-1,-1,-1,-1,-1,-1,-1,-1,-1,-1,-1,-1,1,-1,-1,-1,-1
ímun,NN,noun,"jealousy, envy.",-0.527,Negative,-1,-1,-1,-1,0,-1,-1,-1,-1,-1,-1,-1,-1,-1,0,-1,-1,0,-1,-1,-1
ímun,VB,verb,to feel jealous.,-0.459,Negative,-1,-1,-1,-1,-1,-1,-1,-1,-1,-1,-1,0,-1,-1,-1,-1,-1,-1,1,-1,-1
inánu,NN,noun,"dwarfish man, man of dwarfish proportions.",0,Neutral,0,0,0,0,-1,-1,0,0,0,0,0,0,0,0,0,0,0,0,0,0,0
iná’,DT,deictic,that (far from the speaker).,0,Neutral,0,0,0,0,0,0,0,0,0,0,0,1,0,-1,0,0,0,0,-1,0,-1
índay,NN,noun,"younger girls of age one to fifteen, address term for girls chronologically younger than the speaker, address term for unfamiliar non-acquainted informal relationship.",0,Neutral,0,0,0,0,0,0,0,0,0,-1,-1,0,-1,0,0,0,0,0,0,0,0
indi,RB,adverb,no ; not antonym: huo,-0.296,Negative,-1,-1,-1,-1,0,0,-1,-1,-1,-1,-1,-1,-1,-1,-1,-1,-1,-1,-1,-1,-1
indi,UH,interjection,no antonym: huo,-0.296,Negative,-1,-1,-1,-1,0,-1,-1,0,-1,-1,-1,0,-1,-1,0,-1,-1,-1,0,-1,-1
índis’índis,NN,noun,"contest, competition.",0,Neutral,0,0,0,0,-1,-1,0,0,0,0,0,0,0,0,0,0,0,0,0,0,-1
índis’índis,VB,verb,"to hold a contest, to compete.",0,Neutral,0,0,0,0,0,0,0,0,0,0,0,0,0,0,0,0,0,0,0,0,0
índi’,RB,adverb,"negative particle, no.",-0.572,Negative,-1,-1,-1,-1,0,0,-1,-1,-1,-1,1,-1,-1,-1,1,-1,-1,-1,-1,1,-1
ineksyón,NN,noun,"injection, syringe.",0,Neutral,0,0,0,0,-1,-1,0,0,0,0,0,0,-1,0,-1,0,0,0,0,0,0
ineksyón,VB,verb,"to inject, to prick with a needle.",-0.34,Negative,-1,0,-1,-1,0,0,0,-1,-1,-1,-1,-1,-1,-1,-1,-1,-1,-1,-1,-1,-1
ingít,JJ,adjective,"irritable, angry, in bad temper.",-0.914,Negative,-1,-1,-1,-1,-1,-1,0,-1,-1,-1,-1,-1,-1,-1,-1,-1,-1,-1,-1,-1,-1
ingít,VB,verb,"to be in a bad mood, to be irritated.",-0.758,Negative,-1,-1,-1,-1,1,-1,-1,-1,0,-1,-1,0,-1,-1,-1,-1,-1,-1,-1,1,-1
ingkáhi,NN,noun,"lace, trimming for a dress.",0,Neutral,0,0,0,0,-1,-1,0,0,0,0,0,0,0,0,0,0,0,-1,0,0,0
ingkántu,NN,noun,"fairy, evil spirit.",-0.572,Negative,-1,-1,-1,-1,0,0,-1,-1,-1,-1,-1,0,-1,-1,-1,1,-1,-1,-1,0,-1
ingkántu,JJ,adjective,enchanted.,0.382,Positive,1,1,1,1,-1,-1,1,1,1,1,1,1,1,-1,1,1,1,1,1,1,1
ingol,NN,noun,"scarcity , dearth",-0.511,Negative,-1,-1,-1,-1,1,1,-1,-1,0,-1,-1,-1,-1,1,-1,-1,-1,-1,-1,-1,-1
íngud,VB,verb,"to be close by, to move closer, to be intimate with, be beside of.",0,Neutral,0,0,0,0,-1,-1,0,0,1,0,0,0,0,0,0,0,0,0,0,0,1
íngus,VB,verb,"to sniffle, to draw air audibly.",0,Neutral,0,0,0,0,-1,0,0,1,0,0,0,1,0,0,0,0,0,0,0,0,0
iní,DT,deictic,this (near the speaker).,0,Neutral,0,0,0,0,1,0,0,0,0,0,0,-1,0,-1,0,0,0,0,-1,0,0
inínglis,NN,noun,english language.,0,Neutral,0,0,0,0,0,0,0,-1,0,0,1,0,0,0,0,0,0,0,0,0,0
init,NN,noun,heat antonym: lamig,0,Neutral,0,0,0,0,0,-1,0,0,0,0,0,0,0,0,0,0,0,0,0,0,0
ínit,NN,noun,"heat, temperature, heat of the sun, anger.",-0.572,Negative,-1,0,-1,-1,0,0,-1,-1,-1,-1,0,-1,-1,-1,-1,-1,-1,-1,-1,-1,1
ínit,JJ,adjective,"warm, hot, in rage, passionate.",0.178,Positive,1,0,1,1,1,-1,1,1,1,0,1,1,1,1,1,1,1,1,0,1,1
ínit,VB,verb,"to heat, to boil, to make angry, to enrage, to boil with passion or rage.",-0.818,Negative,-1,0,-1,-1,1,-1,-1,0,-1,-1,-1,-1,-1,-1,-1,-1,1,-1,-1,-1,1
inítan,NN,noun,sunshine.,0.494,Positive,1,0,1,1,-1,-1,-1,1,-1,1,1,1,1,1,1,1,1,1,1,0,1
inosénte,JJ,adjective,innocent.,0.34,Positive,1,1,1,1,1,1,1,1,1,-1,1,1,1,1,0,1,1,1,1,-1,1
inpierno,NN,noun,hell,-0.681,Negative,-1,-1,-1,-1,1,1,-1,-1,-1,-1,-1,-1,-1,-1,-1,-1,-1,-1,-1,-1,-1
inpierno,NN,noun,place of religious damnation,-0.557,Negative,-1,-1,-1,-1,0,-1,-1,-1,-1,-1,-1,-1,-1,-1,-1,1,-1,-1,-1,-1,-1
insúltu,NN,noun,"insult, ridicule.",-0.743,Negative,-1,-1,-1,-1,-1,-1,-1,-1,-1,-1,-1,-1,-1,-1,-1,-1,-1,-1,-1,-1,-1
insúltu,VB,verb,"to insult, to ridicule, to affront.",-0.743,Negative,-1,-1,-1,-1,-1,-1,-1,-1,-1,1,-1,-1,-1,-1,-1,1,-1,-1,-1,-1,1
interés,NN,noun,"interest, raise.",0.459,Positive,1,1,1,1,-1,-1,1,1,1,1,1,1,-1,1,-1,1,-1,1,1,-1,1
interés,VB,verb,"to be interested in, to covet.",0.402,Positive,1,1,1,1,1,1,0,1,1,1,1,1,1,1,1,-1,1,0,1,1,0
intsík,NN,noun,chinese.,0,Neutral,0,0,0,0,1,1,0,0,0,0,0,0,0,0,0,0,0,-1,0,0,0
íntu’,NN,noun,flattery.,0.103,Positive,1,1,1,1,0,-1,1,-1,1,1,1,1,1,1,1,1,1,1,0,1,1
íntu’,VB,verb,"to convince with good graces, to play ball with emotions, to flatter.",0.852,Positive,1,-1,1,1,1,0,1,1,1,1,1,0,1,1,1,1,0,1,1,1,0
inúg-,NN,noun formative,instrumental noun formative affix.,0,Neutral,0,0,0,0,1,1,0,0,0,-1,0,1,1,0,0,0,0,-1,1,0,0
inúm,NN,noun,"drink, beverage, liquor;  beverage, liquor.",0,Neutral,0,0,0,0,1,1,0,0,0,0,0,0,0,0,0,-1,0,0,0,0,1
inúm,VB,verb,"to drink, to take in.",0,Neutral,0,0,0,0,0,-1,0,0,-1,0,0,0,0,0,0,0,0,0,1,0,0
inúmul,NN,noun,"fist, clinched fist.",0,Neutral,0,0,0,0,0,0,0,0,0,0,0,0,0,1,0,0,0,0,0,0,0
ínut,JJ,adjective,"frugal, stingy, thrifty.",-0.382,Negative,-1,-1,-1,-1,0,-1,-1,-1,-1,-1,-1,-1,-1,-1,-1,-1,-1,-1,-1,-1,-1
inútil,JJ,adjective,"useless, decrepit, disabled.",-0.421,Negative,-1,-1,-1,-1,-1,-1,-1,-1,0,1,-1,-1,-1,-1,0,-1,0,-1,-1,-1,-1
ínyu,PRP,pronoun,"your, yours (second person plural pre-position source pronoun).",0,Neutral,0,0,0,0,-1,-1,0,0,0,0,0,0,0,0,0,0,0,0,0,0,0
ípa-,VB,verbal affix,designating causation of action by the actor.,0,Neutral,0,0,0,0,0,0,0,0,0,0,-1,1,0,0,0,0,1,0,0,0,0
íping,VB,verb,"to seat next to, to be at the side of, to adjoin.",0,Neutral,0,0,0,0,0,0,0,1,-1,0,-1,0,0,-1,0,0,0,0,0,0,-1
ípit,VB,verb,"to compress, to squeeze, to press between.",0,Neutral,0,0,0,0,0,0,0,0,0,0,0,0,0,0,0,0,0,0,-1,0,0
ipot-ipot,NN,noun,firefly,0,Neutral,0,0,0,0,0,0,0,0,0,0,0,0,0,1,1,-1,0,0,-1,0,0
íput,NN,noun,"feces, animal waste matter;  anus.",-0.402,Negative,-1,0,-1,-1,0,0,-1,-1,-1,-1,1,-1,-1,-1,-1,-1,-1,0,-1,-1,-1
íput,VB,verb,to move the bowel.,0,Neutral,0,0,0,0,-1,-1,1,0,0,0,0,1,0,0,0,0,0,0,0,0,0
irás,VB,verb,"to feel uncomfortable with, to have a low regard for.",-0.572,Negative,-1,-1,-1,-1,0,0,-1,-1,-1,-1,-1,-1,-1,-1,0,-1,-1,-1,-1,-1,-1
isá,CD,numeral,one;  first.,0,Neutral,0,0,0,0,0,-1,0,0,0,0,0,0,0,-1,0,0,-1,0,0,0,0
isa pa,JJ,adjective,"likewise , plus",0,Neutral,0,0,0,0,0,0,0,0,0,-1,0,0,0,0,0,0,0,-1,0,0,1
isa pa,JJ,adjective,another,0,Neutral,0,0,0,0,0,0,0,-1,0,0,0,1,1,-1,0,0,0,0,0,0,0
isda,NN,noun,fish,0,Neutral,0,0,0,0,0,-1,0,0,0,0,0,0,0,0,0,0,0,0,0,1,1
ísda’,NN,noun,fish.,0,Neutral,0,0,0,0,0,-1,1,1,-1,0,0,0,1,0,0,0,0,0,0,0,1
ísda’,VB,verb,"to catch fish, to go out to the sea to catch fish.",0,Neutral,0,0,0,0,0,0,0,-1,0,0,0,0,0,0,0,0,0,0,0,0,0
ísip,NN,noun,"number, count.",0.077,Positive,1,0,1,1,0,0,1,1,1,1,1,1,1,1,1,1,1,1,1,-1,1
ísip,VB,verb,"to count, to reckon, to enumerate.",0,Neutral,0,0,0,0,0,-1,0,1,0,0,0,0,0,0,1,0,1,0,1,0,0
ísi’ísi,VB,verb,"to walk unsteadily, to stagger, to be unsteady in walking.",0,Neutral,0,0,0,0,0,0,-1,0,0,0,0,0,0,0,0,1,0,0,0,0,0
ispíya,NN,noun,"spy, fifth column.",0,Neutral,0,0,0,0,1,1,0,0,0,1,0,0,0,-1,0,0,0,0,0,0,0
ispíya,VB,verb,"to spy, to watch closely.",0,Neutral,0,0,0,0,0,0,0,0,0,0,0,0,0,0,0,0,0,0,0,0,0
istórya,NN,noun,"conversation, story.",0,Neutral,0,0,0,0,0,-1,0,0,0,0,0,0,0,0,0,0,0,0,0,0,0
istórya,VB,verb,"to tell a story, to converse.",0,Neutral,0,0,0,0,0,0,0,1,0,0,0,0,0,0,0,0,0,0,0,0,0
ísu,NN,noun,chalk.,0,Neutral,0,0,0,0,0,-1,0,0,0,0,-1,0,0,-1,0,0,-1,0,0,0,0
ísug,NN,noun,"courage, boldness, bravery.",0.836,Positive,1,1,1,1,-1,0,1,1,1,1,1,1,1,1,0,1,1,1,0,-1,1
ísug,JJ,adjective,"bold, brave, courageous.",0.856,Positive,1,1,1,1,1,1,1,1,1,1,1,0,0,1,1,1,1,1,1,1,1
ísug,VB,verb,"to become courageous, to make one’s self brave to face adversities.",0.649,Positive,1,1,1,1,1,1,1,1,1,1,0,0,0,1,1,1,1,1,1,1,0
ísul,VB,verb,"to retreat, to move back, to step back so as to make way.",0.202,Positive,1,1,1,1,-1,1,1,1,1,1,1,1,-1,1,0,1,1,1,1,1,1
íswag,VB,verb,"to move over, to extend, to move away, to make room.",0.178,Positive,1,1,1,1,-1,1,-1,1,1,1,1,1,1,1,1,0,1,1,1,1,1
ítik,NN,noun,duckling.,0,Neutral,0,0,0,0,1,1,0,0,-1,0,0,0,0,0,0,0,0,0,0,0,0
ítik,VB,verb,to tickle.,0,Neutral,0,0,0,0,0,0,0,0,0,0,0,0,0,0,0,0,0,0,1,0,0
itikíta,NN,noun,"trademark, label.",0,Neutral,0,0,0,0,0,0,0,0,0,0,0,0,-1,0,0,0,0,0,0,0,0
ítlug,NN,noun,egg.,0,Neutral,0,0,0,0,0,-1,0,0,0,0,0,0,0,0,0,0,0,0,-1,0,0
ítlug,VB,verb,to lay an egg.,0,Neutral,0,0,0,0,0,0,0,0,0,0,0,0,0,-1,1,0,0,0,0,0,0
itom,JJ,adjective,black ( absorbing all light ),0,Neutral,0,0,0,0,0,1,0,-1,1,1,-1,0,0,0,0,0,0,0,0,0,0
itom,NN,noun,black ( color/colour ),0,Neutral,0,0,0,0,0,0,1,0,0,1,0,0,0,0,1,0,0,0,0,0,1
itot,VB,verb,to have sexual intercourse with someone,0,Neutral,0,0,0,0,1,0,0,0,0,0,0,0,-1,0,0,0,1,-1,0,0,-1
itot,UH,interjection,when a person shocks suddenly,-0.382,Negative,-1,0,-1,-1,1,0,-1,-1,-1,-1,-1,-1,-1,-1,-1,-1,-1,-1,-1,-1,-1
itúm,JJ,adjective,"black, dark, dark in complexion.",0,Neutral,0,0,0,0,0,-1,1,0,-1,0,0,0,-1,0,0,1,0,0,0,-1,0
itúm,VB,verb,"to become black, to get a tan.",0,Neutral,0,0,0,0,0,0,0,-1,1,1,0,0,-1,0,0,0,0,0,-1,-1,0
íwag,NN,noun,"light, illumination.",0,Neutral,0,0,0,0,0,0,0,0,0,0,-1,0,0,1,0,0,1,0,1,0,0
íwat,JJ,adjective,"grave, seriously ill.",-0.727,Negative,-1,0,-1,-1,0,0,-1,-1,-1,-1,-1,-1,-1,-1,-1,-1,-1,-1,-1,-1,-1
iyá,RP,particle,"specifier distinguishing particle used before or after a deictic, noun or pronoun chosen to be emphasized.",0,Neutral,0,0,0,0,-1,-1,0,0,0,0,0,0,0,0,0,1,0,0,0,0,-1
íya,PRP,pronoun,"his, her, hers, its (third person singular pre-position source pronoun).",0,Neutral,0,0,0,0,1,0,0,0,1,0,0,0,0,0,0,0,0,0,0,0,0
iyot,NN,noun,( vulgar ) coitus ; sexual intercourse,0,Neutral,0,0,0,0,0,0,0,0,0,0,0,-1,0,0,0,-1,0,1,0,0,0
iyot,VB,verb,"( vulgar ) to have sex ; to screw ; to fuck synonyms: ayod , ayod-ayod , itot",-0.599,Negative,-1,0,-1,-1,0,0,1,-1,-1,-1,-1,-1,-1,-1,-1,-1,1,-1,-1,-1,-1
ka-…-anan,NN,noun formative,noun formative affix designating abstract plurality.,0,Neutral,0,0,0,0,1,-1,0,0,-1,0,0,0,0,0,0,0,1,0,0,0,0
ka-…-la…-an,NN,noun formative,noun formative affix designating abstract plurality.,0,Neutral,0,0,0,0,0,0,0,0,0,0,0,0,0,0,0,0,0,0,-1,0,-1
ka-…-lu-…,NN,noun formative,noun formative affix designating abstract plurality of state of being.,0,Neutral,0,0,0,0,-1,0,0,-1,0,0,0,1,-1,0,1,0,1,0,0,0,0
ka-…-un,NN,noun formative,"noun formative affix designating state, quality, degree.",0,Neutral,0,0,0,0,0,-1,0,0,0,-1,0,0,0,0,-1,0,0,0,0,0,0
kaagahon,NN,noun,dawn,0,Neutral,0,0,0,0,0,0,0,0,1,0,-1,0,0,0,1,0,0,0,-1,0,0
kaambong,NN,noun,handsomeness,0.527,Positive,1,1,1,1,1,1,1,1,1,1,0,1,1,1,1,1,-1,1,1,1,1
kaaway,NN,noun,enemy ; foe,-0.751,Negative,-1,-1,-1,-1,1,1,-1,-1,0,-1,-1,0,-1,-1,-1,0,-1,-1,-1,-1,0
kabakahan,NN,noun,cattle,0,Neutral,0,0,0,0,-1,-1,1,0,0,-1,-1,0,1,0,0,0,1,0,1,0,0
kabalyero,NN,noun,knight,0,Neutral,0,0,0,0,0,0,0,-1,0,0,0,0,0,0,0,0,1,1,0,1,0
kabalyero,NN,noun,fire-tree ( caesalpinia pulcherrima ),0,Neutral,0,0,0,0,0,1,1,0,0,0,0,0,0,0,0,0,0,0,0,0,0
kabalyéro,NN,noun,"knight, gentleman.",0,Neutral,0,0,0,0,0,0,0,0,0,0,0,0,0,0,0,0,0,0,1,0,1
kabán,NN,noun,"chest, a native basket holding a quantity of approximately one cavan or 25 liters.",0,Neutral,0,0,0,0,0,0,0,0,-1,0,0,-1,0,-1,0,0,0,0,0,0,0
kabangis,JJ,adjective,"fierceness , ferocity",-0.178,Negative,-1,-1,-1,-1,0,0,-1,-1,-1,-1,-1,-1,-1,-1,-1,-1,-1,-1,-1,1,-1
kabangisan,NN,noun,tyranny,0,Neutral,0,-1,0,0,-1,0,0,0,0,1,0,0,-1,0,0,0,0,1,-1,0,0
kabanyagaan,JJ,adjective,"mean , malicious , vile , wicked",-0.818,Negative,-1,-1,-1,-1,0,-1,-1,-1,-1,-1,-1,-1,-1,-1,-1,-1,-1,-1,-1,-1,-1
kabanyagaan,NN,noun,"wickedness , malice",-0.477,Negative,-1,-1,-1,-1,-1,-1,-1,-1,-1,-1,-1,-1,1,-1,-1,-1,-1,-1,-1,-1,-1
kabataon,JJ,adjective,young,0,Neutral,0,0,0,0,-1,-1,0,-1,1,0,0,0,0,0,0,0,-1,0,0,0,0
kabatá’an,NN,noun,children.,0,Neutral,0,0,0,0,0,0,1,0,0,0,0,0,1,0,0,-1,0,0,0,0,1
kabáy,RP,particle,"hope so, in all probability, god willing.",0.612,Positive,1,-1,1,1,1,0,1,1,-1,1,1,1,1,1,1,0,1,1,1,1,1
kabáy,VB,verb,"to wish for, to desire, to request.",0.66,Positive,1,-1,1,1,1,1,1,1,1,1,1,1,1,1,1,1,1,1,1,1,1
kabayo,NN,noun,horse,0,Neutral,0,0,0,0,1,1,0,0,0,0,0,0,0,0,1,0,0,0,0,0,0
kabáyu’,NN,noun,horse.,0,Neutral,0,0,0,0,0,0,0,0,0,0,0,0,0,0,0,1,0,-1,0,0,0
kabáyu’,VB,verb,to ride on horseback.,0,Neutral,0,0,0,0,0,0,0,0,0,0,0,0,0,0,0,-1,0,0,-1,0,0
kabesera,NN,noun,head of the table,0,Neutral,0,0,0,0,0,-1,0,0,0,1,0,0,0,1,0,0,0,0,0,0,0
kabesera,NN,noun,capital synonym: kapital,0,Neutral,0,0,0,0,0,0,0,0,0,0,0,0,0,0,0,-1,0,0,0,0,0
kabeséra,NN,noun,"head of the table, chairman, leader.",0,Neutral,0,0,0,0,0,0,0,0,0,0,0,0,0,0,0,1,0,0,0,0,0
kábig,VB,verb,"to consider, to hold or take for, to look upon as.",0,Neutral,0,0,0,0,0,-1,-1,0,0,0,0,0,0,0,0,0,-1,1,0,0,0
kabít,VB,verb,to hand up.,0.494,Positive,1,0,1,1,0,0,1,1,1,1,1,1,1,1,1,1,1,1,1,1,-1
kábu,NN,noun,"foreman, overseer.",0,Neutral,0,0,0,0,-1,1,-1,0,0,0,0,0,0,0,0,0,1,0,0,-1,0
kabuang,NN,noun,madness ; insanity,-0.765,Negative,-1,0,-1,-1,0,0,-1,-1,-1,-1,-1,-1,-1,-1,-1,-1,-1,-1,0,0,0
kabuang,NN,noun,foolishness ; folly ; idiocy,-0.421,Negative,-1,0,-1,-1,-1,-1,-1,-1,-1,-1,-1,0,1,-1,-1,-1,-1,1,-1,-1,-1
kabúg,NN,noun,bat.,0,Neutral,0,0,0,0,-1,-1,0,0,-1,0,0,-1,0,0,0,0,-1,0,0,0,0
kabugaw,NN,noun,"pomelo , grapefruit",0,Neutral,0,0,0,0,0,0,0,0,0,1,0,0,0,0,-1,-1,0,0,0,0,0
kabúgaw,NN,noun,"native grapefruit, which is big and sweet.",0.459,Positive,1,0,1,1,0,0,1,1,1,1,1,-1,1,0,1,1,1,1,0,1,1
kabuhi,NN,noun,life,0,Neutral,0,0,0,0,1,1,1,1,-1,1,0,0,0,0,0,0,-1,0,1,0,0
kabulig,NN,noun,"assistant , helper",0.34,Positive,1,1,1,1,0,1,1,1,1,1,1,-1,1,1,-1,1,1,1,1,1,1
kabús,RB,adverb,"not fit, not enough, hapless.",-0.019,Neutral,0,-1,-1,0,0,0,0,0,-1,0,0,0,0,0,0,1,0,0,0,0,0
kabú’,NN,noun,can or container used for pouring water over the body when taking a bath.,0,Neutral,0,0,0,0,-1,-1,0,0,0,0,0,1,0,0,0,0,0,0,0,0,0
káda,JJ,adjective,"every, each.",0,Neutral,0,0,0,0,0,0,0,0,0,0,0,0,0,0,0,0,0,0,0,0,0
kadak-an,NN,noun,hall,0,Neutral,0,0,0,0,0,0,0,0,0,0,0,0,0,0,0,0,0,0,-1,0,0
kadalag-an,NN,noun,success,0.572,Positive,1,1,1,1,0,0,0,1,1,1,0,1,1,1,1,1,1,1,1,1,1
kadam-an,JJ,adjective,many,0,Neutral,0,0,0,0,1,1,0,0,0,0,-1,0,0,0,0,0,0,0,0,0,0
kadang,NN,noun,stilts nagalakát silá sa kádang . they are walking on stilts .,0,Neutral,0,0,0,0,0,0,0,0,0,1,0,0,0,0,0,1,0,0,0,0,-1
kádaw,VB,verb,to wade in the water.,0,Neutral,0,0,0,0,0,1,-1,1,0,0,1,0,0,0,0,0,0,1,0,0,0
kádena,NN,noun,chain.,0,Neutral,0,0,0,0,0,0,0,0,0,0,0,0,0,0,0,0,0,0,0,0,0
kadiotay,JJ,adjective,small,0,Neutral,0,0,0,0,1,0,-1,-1,0,1,0,0,0,0,-1,0,0,0,0,0,0
kádlaw,NN,noun,laughter.,0.494,Positive,1,1,1,1,0,1,0,1,-1,1,1,-1,1,1,-1,1,1,0,0,1,1
kádlaw,VB,verb,to laugh.,0.557,Positive,1,1,1,1,1,1,1,0,1,-1,1,1,1,1,1,0,1,1,1,1,1
kadton,VB,verb,bite,0,Neutral,0,-1,0,0,1,1,0,0,0,0,0,0,0,0,0,0,0,0,1,0,0
kádtu,VB,verb,"to go to, to depart.",0,Neutral,0,0,0,0,0,0,0,0,1,0,0,0,0,0,0,0,0,-1,0,1,0
kadugay,NN,noun,duration,0,Neutral,0,0,0,0,0,0,1,0,0,0,0,0,0,0,0,0,0,0,0,0,0
kadumot,NN,noun,"hatred , grudge antonym: higugma",-0.637,Negative,-1,-1,-1,-1,0,0,1,-1,-1,-1,-1,-1,-1,-1,-1,-1,-1,0,1,-1,-1
kadumut,NN,noun,alternative spelling of kadumot,0,Neutral,0,0,0,0,-1,-1,0,0,0,1,0,0,0,0,0,0,0,0,0,-1,0
kafé,NN,noun,coffee.,0,Neutral,0,0,0,0,0,1,0,0,0,0,1,0,0,1,0,0,0,-1,0,0,0
kág,CC,conjunction,"and, furthermore.",0,Neutral,0,0,0,0,0,0,0,0,0,0,-1,0,0,0,0,0,0,0,0,0,0
kagab-i,NN,noun,last night,0,Neutral,0,0,0,0,0,0,0,0,0,0,-1,1,0,0,0,0,0,0,-1,0,0
kagáb’i,RB,adverb,"last night, the night preceding.",0,Neutral,0,0,0,0,1,0,-1,0,0,0,0,0,0,0,0,0,0,0,-1,0,0
kagagmayan,NN,noun,the poor or uninfluential members of a community,-0.477,Negative,-1,-1,-1,-1,0,0,-1,-1,-1,-1,-1,-1,-1,-1,-1,-1,-1,-1,-1,-1,-1
kagát,VB,verb,"to bite, to snap, to catch between the teeth.",0,Neutral,0,0,0,0,-1,1,0,1,0,0,0,0,0,0,0,0,0,0,0,1,0
kagaw,NN,noun,germ ; microbe,0,Neutral,0,0,0,0,0,0,0,0,-1,0,0,0,1,-1,0,0,0,0,0,0,0
kágaw,NN,noun,"germ, microbe.",0,Neutral,0,0,0,0,-1,0,0,0,0,-1,0,0,-1,0,0,0,0,0,0,0,0
kagayonan,NN,noun,splendor,0.612,Positive,1,0,1,1,0,0,1,1,-1,1,1,1,1,1,0,1,-1,1,1,-1,1
kagulangan,NN,noun,jungle,0,Neutral,0,0,0,0,1,1,0,0,0,0,0,0,0,0,0,0,0,0,0,0,0
kagulángan,NN,noun,"forest, uncleared land.",0,Neutral,0,0,0,0,0,0,0,0,0,0,0,0,1,0,0,0,0,0,0,0,1
kagúla’,NN,noun,"noise, excitement.",0.494,Positive,1,0,1,1,0,0,1,1,1,1,1,1,1,1,1,1,1,1,1,1,1
kagúla’,VB,verb,"to be noisy, to be excited.",0.178,Positive,1,0,1,1,-1,1,1,1,1,0,-1,1,1,0,1,1,1,1,-1,1,1
kagús,VB,verb,to scrape off.,0,Neutral,0,0,0,0,1,0,0,-1,0,0,0,0,0,0,0,0,0,-1,0,0,0
kag’ína,RB,adverb,variant of ka’ína.,0,Neutral,0,0,0,0,0,0,0,0,0,-1,1,1,0,0,0,0,1,0,0,0,1
káha,NN,noun,"jewel box, safe.",0.66,Positive,1,0,1,1,0,0,1,1,1,1,1,1,-1,1,1,1,0,1,1,1,1
kahápun,RB,adverb,yesterday.,0,Neutral,0,0,0,0,0,1,0,0,0,0,0,0,0,-1,1,0,1,0,0,0,0
kahas,NN,noun,daringness,0.34,Positive,1,1,1,1,0,0,1,1,1,1,1,1,1,1,0,1,1,1,1,1,1
kahas,NN,noun,violence synonym: bangis,-0.625,Negative,-1,-1,-1,-1,1,1,-1,-1,-1,-1,-1,-1,-1,-1,-1,-1,-1,-1,-1,-1,1
káhas,JJ,adjective,"violent, daring.",-0.34,Negative,-1,-1,-1,-1,0,-1,-1,0,0,-1,-1,-1,-1,-1,-1,-1,-1,1,-1,-1,-1
káhas,VB,verb,"to dare, to make a challenge, to be violent.",-0.557,Negative,-1,-1,-1,-1,1,1,-1,1,-1,-1,-1,1,-1,-1,-1,0,-1,-1,-1,-1,-1
kahéro,NN,noun,cashier.,0,Neutral,0,0,0,0,-1,-1,1,1,0,1,0,0,0,0,-1,0,0,0,0,0,0
káhig,VB,verb,"to rake, to shovel.",0,Neutral,0,0,0,0,0,-1,0,0,-1,0,0,0,0,0,-1,0,0,0,-1,0,1
kahigayúnan,NN,noun,chance.,0.25,Positive,1,0,1,1,0,0,1,0,0,0,-1,1,0,1,1,1,1,1,1,1,1
kahikaw,NN,noun,"envy , spite",-0.67,Negative,-1,0,-1,-1,1,1,-1,-1,-1,-1,-1,-1,-1,-1,0,-1,-1,-1,-1,-1,-1
kahikaw,NN,noun,a grudge,0,Neutral,0,0,0,0,-1,-1,0,0,0,0,0,0,0,0,0,1,0,0,-1,0,0
kahíl,NN,noun,nectarine.,0,Neutral,0,0,0,0,0,0,0,0,1,0,0,-1,0,0,0,0,0,0,0,0,0
kahilwayan,NN,noun,freedom ; liberty synonym: kaluasan,0.823,Positive,1,1,1,1,0,0,1,1,1,1,1,1,1,1,1,1,1,-1,1,1,1
kahilwayan,NN,noun,independence,0,Neutral,0,1,0,0,1,1,0,1,0,0,0,0,0,0,0,0,1,0,0,0,1
kahimtángan,NN,noun,"situation, condition, position.",0,Neutral,0,0,0,0,0,0,0,0,0,0,0,0,0,0,0,0,0,0,0,-1,0
kahinguyangan,NN,noun,"expenditure , waste",-0.421,Negative,-1,-1,-1,-1,-1,0,-1,-1,-1,0,-1,-1,0,-1,-1,-1,-1,-1,-1,-1,-1
kahoy,NN,noun,tree,0,Neutral,0,0,0,0,-1,-1,0,0,0,0,0,0,0,-1,0,0,0,0,1,0,0
kahubug,NN,noun,drunkenness ; intoxication ; inebriation,0,Neutral,0,0,0,0,0,0,0,1,0,0,0,0,0,-1,0,0,0,0,0,-1,0
kahulugán,NN,noun,meaning.,0,Neutral,0,0,0,0,0,1,0,-1,0,0,0,0,0,0,0,1,0,1,-1,0,0
kahún,NN,noun,box.,0,Neutral,0,0,0,0,1,0,0,0,0,1,0,0,0,0,0,0,1,0,0,0,0
káhuy,NN,noun,"tree, wood, timber.",0,Neutral,0,0,0,0,0,-1,0,0,0,0,0,0,0,0,0,0,0,0,0,0,0
kaisug,NN,noun,courage,0.494,Positive,1,1,1,1,0,0,1,1,1,1,1,1,1,0,1,1,1,1,0,1,1
kakás,VB,verb,"to wash away, to take out, to dissolve.",0,Neutral,0,0,0,0,1,-1,0,0,0,0,-1,0,-1,-1,0,0,0,0,0,0,-1
kakí,JJ,adjective,"brown, tan.",0,Neutral,0,0,0,0,1,0,0,0,0,0,0,0,0,0,0,-1,0,0,0,0,0
kalabánan,RB,adverb,"mostly, for the greater part.",0.361,Positive,1,0,1,1,-1,0,0,1,1,1,1,1,1,0,1,1,1,1,1,-1,1
kalabánan,NN,noun,majority.,0,Neutral,0,0,0,0,1,1,0,0,0,0,0,0,1,0,0,0,0,0,0,1,0
kalabasa,NN,noun,squash,0,Neutral,0,0,0,0,0,1,0,0,0,0,0,0,0,0,1,0,0,0,0,0,0
kalabása,NN,noun,yellow squash.,0,Neutral,0,0,0,0,0,-1,0,0,0,0,-1,0,0,0,-1,0,1,0,0,0,-1
kalabéra,NN,noun,"skeleton, framework.",0,Neutral,0,0,0,0,0,0,0,0,0,0,0,0,0,0,0,1,0,0,0,1,0
kaladlawan,NN,noun,comic,0,Neutral,0,0,0,0,0,0,0,0,0,0,0,0,0,0,1,0,0,0,0,0,1
kalag,NN,noun,"soul , spirit , ghost synonyms: espiritu , murto",-0.153,Negative,-1,0,-1,-1,0,0,1,-1,-1,-1,-1,-1,-1,-1,-1,-1,0,-1,-1,-1,-1
kalág,NN,noun,"ghost, soul, spirit.",-0.153,Negative,-1,0,-1,-1,-1,1,-1,-1,-1,0,-1,-1,-1,-1,1,-1,-1,0,-1,-1,1
kalagday,NN,noun,"gentleness , tenderness",0.421,Positive,1,1,1,1,-1,-1,1,-1,1,1,1,1,1,1,0,1,0,0,1,1,1
kalaglagan,NN,noun,"destruction , perdition , ruin",-0.818,Negative,-1,-1,-1,-1,1,1,1,-1,0,-1,-1,-1,-1,-1,-1,1,-1,-1,-1,-1,-1
kaláha’,NN,noun,frying pan.,0,Neutral,0,0,0,0,-1,-1,1,0,-1,-1,0,0,0,1,0,0,0,1,0,0,0
kalám,JJ,adjective,"sensitive to tickling, uncomfortable.",-0.382,Negative,-1,-1,-1,-1,0,0,-1,-1,-1,-1,-1,0,-1,-1,-1,-1,-1,-1,-1,-1,-1
kalám,VB,verb,to become ticklish.,0,Neutral,0,0,0,0,1,-1,0,0,0,0,-1,0,0,0,0,0,0,1,0,0,0
kalamánsi’,NN,noun,"lime, lemon.",0,Neutral,0,0,0,0,1,0,0,0,1,0,0,0,0,0,0,0,-1,0,0,0,0
kalámay,NN,noun,refined sugar.,0,Neutral,0,0,0,0,0,0,0,-1,0,0,0,0,0,0,0,0,0,0,0,0,0
kalámbre,VB,verb,"to chill, to tremble, to shiver.",-0.273,Negative,-1,0,-1,-1,0,0,-1,-1,-1,0,-1,-1,-1,-1,-1,-1,-1,-1,0,-1,-1
kalamidád,NN,noun,calamity.,0,Neutral,0,0,0,0,-1,-1,0,0,0,0,0,0,0,0,0,0,-1,-1,0,0,0
kalamunding,NN,noun,calamondin,0,Neutral,0,0,0,0,0,0,0,0,-1,1,0,0,0,0,0,0,0,0,-1,0,0
kalán,NN,noun,"native stove usually made of wrought iron elevated on three thin legs, fire pit made of three stones to hold the pot.",-0.34,Negative,-1,0,-1,-1,0,0,1,1,-1,-1,-1,-1,-1,-1,-1,1,-1,-1,-1,-1,-1
kalan-on,NN,noun,"food , especially rice",0,Neutral,0,0,0,0,-1,-1,-1,-1,0,0,0,0,0,-1,0,-1,0,0,0,0,0
kálas,VB,verb,to rustle like dry leaves.,0.361,Positive,1,0,1,1,0,-1,1,1,0,0,1,1,1,1,1,1,1,1,1,1,1
kalaykáy,NN,noun,rake.,0,Neutral,0,0,0,0,1,1,0,0,0,-1,0,0,0,0,0,0,0,0,0,0,-1
kalayo,NN,noun,"fire ; flame synonyms: dabadaba , sunog",-0.34,Negative,-1,0,-1,-1,1,0,-1,-1,-1,-1,0,-1,-1,-1,-1,-1,-1,-1,-1,-1,-1
kaldera,NN,noun,kettle,0,Neutral,0,0,0,0,-1,-1,0,1,0,0,0,0,0,0,0,0,0,0,0,0,0
kaldéro,NN,noun,kettle made of wrought iron.,0,Neutral,0,0,0,0,0,0,0,0,1,0,0,0,0,-1,0,0,0,-1,0,1,-1
kalendáryo,NN,noun,calendar.,0,Neutral,0,0,0,0,0,1,0,0,0,0,0,0,0,0,0,0,0,0,0,0,0
kalésa,NN,noun,"buggy, cart pulled by a horse.",0,Neutral,0,0,0,0,1,0,0,0,0,0,0,0,0,0,0,0,0,1,1,0,0
káli,VB,verb,to dig up.,0,Neutral,0,0,0,0,0,1,-1,0,0,0,0,0,0,1,0,0,-1,0,0,0,0
kalibutan,NN,noun,world,0,Neutral,0,0,0,0,-1,0,0,0,0,0,0,-1,1,0,0,0,0,0,0,0,0
kalibútan,NN,noun,"universe, earth, world.",0,Neutral,0,0,0,0,0,0,0,0,0,1,0,0,0,0,0,0,0,1,0,-1,0
kalikog,VB,verb,to clean ; to probe,0.402,Positive,1,1,1,1,0,0,1,1,1,1,1,1,-1,1,1,1,-1,1,1,1,1
kalimutáw,NN,noun,eyeball.,0,Neutral,0,0,0,0,1,-1,0,-1,0,0,0,0,0,0,0,0,0,0,0,0,0
kalipay,NN,noun,happiness ; joy,0.813,Positive,1,1,1,1,-1,0,1,1,-1,1,1,1,-1,1,1,1,1,0,1,1,1
kalís,VB,verb,to skim the top so as to make even.,0.202,Positive,1,1,1,1,1,0,1,1,1,0,1,1,1,1,1,-1,1,1,1,1,1
kalisang,NN,noun,"horror , terror",-0.796,Negative,-1,-1,-1,-1,1,1,-1,-1,-1,-1,1,0,-1,1,-1,-1,-1,-1,-1,-1,-1
kalisang,NN,noun,"fear , fright , panic",-0.844,Negative,-1,-1,-1,-1,-1,1,-1,-1,-1,-1,-1,-1,0,-1,-1,-1,0,1,-1,-1,-1
kalít,VB,verb,to take the opportunity.,0.421,Positive,1,1,1,1,1,-1,1,1,1,1,1,0,1,-1,1,1,1,1,1,1,1
kálkal,VB,verb,"of bones from a niche, to dig out.",0,Neutral,0,0,0,0,1,0,0,0,0,0,0,-1,0,0,-1,0,0,-1,0,1,0
kalooy,NN,noun,mercy synonym: awa,0.361,Positive,1,1,1,1,0,0,1,1,1,1,1,1,1,1,1,1,1,1,1,1,1
kalooy,NN,noun,compassion,0.459,Positive,1,1,1,1,1,1,1,-1,0,1,1,1,1,1,1,1,1,1,1,0,1
kalsada,NN,noun,"road , highway synonym: dalan",0,Neutral,0,0,0,0,1,1,0,0,0,0,1,0,0,0,-1,1,0,0,1,0,0
kalsada,NN,noun,street synonym: kalye,0,Neutral,0,0,0,0,0,-1,0,0,0,0,0,0,0,0,1,0,0,0,-1,0,0
kálut,VB,verb,"to scratch gently, to ease an itchy feeling.",0.599,Positive,1,1,1,1,1,1,1,1,1,1,1,1,1,1,1,1,-1,1,1,1,1
kálu’,NN,noun,"hat, cap.",0,Neutral,0,0,0,0,1,-1,0,0,0,0,0,0,0,0,0,0,0,1,0,-1,0
kalú’uy,NN,noun,"mercy, pity, clemency.",0.077,Positive,1,1,1,1,0,-1,1,1,1,1,1,1,1,1,1,-1,1,1,-1,1,1
kálye,NN,noun,"street, road, avenue.",0,Neutral,0,0,0,0,1,1,0,0,0,0,0,0,0,0,0,1,0,1,1,0,0
káma,NN,noun,bed.,0,Neutral,0,0,0,0,-1,0,0,0,0,0,0,0,0,0,0,0,1,0,0,0,0
kamalig,NN,noun,barn,0,Neutral,0,0,0,0,0,0,0,1,0,0,0,1,0,0,0,0,0,0,0,0,0
kamálig,NN,noun,barn.,0,Neutral,0,0,0,0,0,-1,0,1,-1,0,0,0,0,0,1,0,0,0,0,0,0
kámang,VB,verb,"to creep, to crawl, to walk on all fours.",0,Neutral,0,0,0,0,0,0,0,0,0,0,0,0,-1,0,0,0,-1,0,1,0,0
kamángyan,NN,noun,incense.,0,Neutral,0,0,0,0,0,0,0,0,0,0,0,0,0,-1,0,0,0,0,0,0,0
kamánsi,NN,noun,breadfruit.,0,Neutral,0,0,0,0,-1,0,-1,0,-1,0,1,0,0,0,0,0,0,0,-1,-1,0
kamao,VB,verb,to be,0,Neutral,0,0,0,0,0,0,0,1,1,0,0,0,0,0,0,0,0,0,0,1,0
kamaróte,NN,noun,"of a ship, cabin.",0,Neutral,0,0,0,0,0,0,0,0,0,0,0,0,0,0,0,0,0,0,0,0,0
kamásun,NN,noun,claw.,0,Neutral,0,0,0,0,0,0,0,0,-1,1,0,0,1,0,-1,0,0,0,1,0,0
kamatáyan,NN,noun,death.,-0.599,Negative,-1,-1,-1,-1,0,1,-1,0,0,-1,-1,-1,-1,-1,-1,-1,-1,-1,-1,-1,-1
kamatayon,NN,noun,death antonym: kinabuhi,-0.599,Negative,-1,-1,-1,-1,-1,-1,-1,-1,-1,-1,0,-1,-1,-1,-1,-1,-1,-1,0,-1,0
kamatis,NN,noun,tomato,0,Neutral,0,0,0,0,-1,-1,0,0,0,0,0,0,-1,0,0,0,0,-1,0,-1,0
kamátis,NN,noun,tomato.,0,Neutral,0,0,0,0,0,0,0,0,0,0,0,0,0,0,0,0,0,1,0,1,0
kamatuoran,NN,noun,truth ; veracity,0.318,Positive,1,1,1,1,1,0,1,-1,1,1,0,1,1,-1,-1,1,1,-1,0,1,1
kámbang,JJ,adjective,"spotted, mixed, of two shades or colors.",0,Neutral,0,0,0,0,1,1,0,0,0,0,0,0,-1,0,0,0,0,0,0,0,0
kámbyu,VB,verb,"to exchange, to barter, to swap.",0,Neutral,0,0,0,0,0,0,0,1,0,0,-1,0,0,1,0,0,0,0,0,0,0
kamí,PRP,pronoun,we (exclusive first person plural nominal pronoun).,0.128,Positive,1,1,1,1,0,0,1,1,1,-1,1,1,1,1,1,0,1,0,1,1,-1
kamisadéntro,NN,noun,men’s shirt.,0,Neutral,0,0,0,0,1,1,0,-1,0,0,0,0,0,0,0,0,0,0,0,0,0
kamiséta,NN,noun,undershirt.,0,Neutral,0,0,0,0,-1,0,0,0,1,0,0,0,0,0,0,0,0,1,0,0,0
kamisún,NN,noun,"ladies’ full slip, chemise.",0,Neutral,0,0,0,0,0,0,0,0,0,0,0,0,0,0,0,0,0,0,0,0,0
kámlut,VB,verb,"to paw, to touch.",0,Neutral,0,0,0,0,0,1,0,0,0,0,0,0,0,0,0,0,0,0,0,0,0
kampana,NN,noun,bell,0,Neutral,0,0,0,0,0,0,0,0,0,0,0,0,0,0,0,0,0,0,0,0,0
kampanáryu,NN,noun,belfry.,0,Neutral,0,0,0,0,0,0,0,0,0,0,0,0,0,0,0,0,0,0,0,0,0
kampánya,NN,noun,campaign.,0,Neutral,0,0,0,0,0,0,0,-1,0,0,0,0,-1,1,0,0,0,0,0,0,-1
kampánya,VB,verb,to campaign.,0,Neutral,0,0,0,0,0,0,0,0,0,0,0,0,0,0,1,0,0,0,0,-1,1
kámpi,VB,verb,"to side with, to be an ally to.",0,Neutral,0,0,0,0,0,1,0,-1,0,0,0,0,0,0,1,1,0,1,0,0,0
kámpo,NN,noun,camp.,0,Neutral,0,0,0,0,0,0,1,1,0,1,0,0,1,1,0,0,0,0,-1,0,0
kampyón,NN,noun,champion.,0.599,Positive,1,1,1,1,-1,-1,1,1,0,-1,0,1,1,1,1,1,1,1,1,1,1
kamú,PRP,pronoun,you (plural second person nominal pronoun).,0,Neutral,0,0,0,0,1,1,0,0,0,0,0,0,0,0,0,0,0,0,0,1,0
kamumú’u,NN,noun,claw.,0,Neutral,0,0,0,0,0,0,0,0,0,1,0,0,1,0,0,0,0,0,0,0,0
kamústa,VB,verb,"to greet, to shake hands with, to inquire of one’s health.",0.153,Positive,1,1,1,1,1,0,1,-1,1,1,1,1,1,1,1,1,1,1,1,-1,1
kamút,NN,noun,hand.,0.494,Positive,1,1,1,1,-1,-1,1,1,1,1,1,1,1,1,1,1,1,-1,1,1,1
kamúti,NN,noun,sweet potato.,0.459,Positive,1,1,1,1,0,1,1,1,1,1,1,1,-1,1,0,1,1,1,1,1,1
kamútingkáhuy,NN,noun,cassava.,0,Neutral,0,0,0,0,1,0,-1,0,0,0,0,0,0,0,0,-1,1,0,0,0,0
kan-on,NN,noun,cooked rice,0,Neutral,0,0,0,0,-1,0,0,0,0,0,0,0,0,0,0,0,0,0,0,1,0
kanál,NN,noun,"canal, ditch, drainage.",0,Neutral,0,0,0,0,0,0,0,0,0,0,0,0,0,0,0,1,0,0,0,-1,0
kánay,VB,verb,"to subside as of winds and waves, to become less intense, to abate.",0.002,Neutral,0,1,1,0,0,0,0,0,0,0,0,0,0,0,0,0,0,0,0,0,0
kandádu,NN,noun,padlock.,0,Neutral,0,0,0,0,1,1,1,0,0,0,0,0,0,-1,0,0,0,0,0,0,0
kandádu,VB,verb,to lock with a padlock.,0,Neutral,0,0,0,0,0,0,0,0,0,0,0,0,1,-1,0,0,0,0,0,-1,0
kánday,RP,particle,personal name marker.,0,Neutral,0,0,0,0,0,1,0,0,0,0,0,0,0,0,-1,0,0,0,0,0,0
kandidáto,NN,noun,candidate.,0,Neutral,0,0,0,0,0,0,0,0,0,0,0,1,0,1,0,0,0,0,0,0,0
kandíla’,NN,noun,candle.,0,Neutral,0,0,0,0,0,0,0,-1,0,0,0,0,1,0,0,0,0,0,0,0,0
kanding,NN,noun,goat,0,Neutral,0,0,0,0,0,0,0,0,-1,0,0,0,0,0,0,1,1,0,0,0,0
kánding,NN,noun,goat.,0,Neutral,0,0,0,0,0,-1,-1,0,0,0,0,1,0,0,0,0,0,0,0,-1,0
kándus,VB,verb,"to scoop out, to serve on a dish from a pot.",0.153,Positive,1,1,1,1,1,-1,-1,1,0,1,1,-1,1,1,-1,1,0,1,-1,1,1
kánta,NN,noun,"song, tune.",0,Neutral,0,0,0,0,1,-1,0,0,0,1,0,1,0,0,-1,0,0,0,0,0,0
kánta,VB,verb,"to sing, to chant, to warble.",0,Neutral,0,0,0,0,0,0,0,0,0,0,0,0,0,0,0,0,0,0,0,0,0
kantéro,NN,noun,mason.,0,Neutral,0,0,0,0,0,-1,0,-1,0,0,0,0,0,0,-1,0,0,0,0,0,0
kantidád,NN,noun,"quantity, amount.",0,Neutral,0,0,0,0,0,0,0,0,0,0,0,-1,0,0,0,0,-1,0,1,-1,0
kánto,NN,noun,street corner.,0,Neutral,0,0,0,0,1,1,0,-1,0,0,-1,0,0,1,0,0,0,0,1,0,0
kanú’,NN,noun,american.,0,Neutral,0,0,0,0,0,0,1,0,0,0,1,0,0,0,-1,0,-1,0,0,0,0
kányon,NN,noun,cannon.,0,Neutral,0,0,0,0,-1,0,0,0,-1,0,-1,0,0,0,0,0,0,0,0,0,0
kán’un,NN,noun,cooked steamed rice.,0,Neutral,0,0,0,0,0,0,0,0,0,1,0,0,0,0,-1,0,0,1,0,0,0
kaon,VB,verb,to eat ; to dine kaon ta! let's eat !,0,Neutral,0,0,0,0,1,0,0,0,0,0,0,0,0,1,0,0,0,0,0,0,0
kapákapá,VB,verb,"to flutter, to be confused, to be excited so as not able to settle down.",0.026,Neutral,0,1,1,0,0,0,0,0,0,1,0,0,0,0,0,0,0,0,-1,0,-1
kapampángan,NN,noun,"language spoken principally in pampanga, some four towns in tarlac, and two towns in bata’an.",0,Neutral,0,0,0,0,1,1,0,0,0,0,1,0,0,0,0,0,0,0,0,0,0
kapanganuran,NN,noun,the clouds,0,Neutral,0,0,0,0,0,0,0,0,0,0,0,0,0,0,0,0,0,1,1,0,0
kapatás,NN,noun,foreman.,0,Neutral,0,0,0,0,-1,0,0,0,0,0,1,0,0,0,0,1,-1,0,1,-1,0
kapatid,NN,noun,sibling,0,Neutral,0,0,0,0,0,0,1,0,-1,0,0,0,0,0,0,1,0,0,1,0,0
kapatol,NN,noun,"strength , determination",0.71,Positive,1,1,1,1,0,-1,-1,1,1,1,1,1,-1,1,1,1,1,-1,1,1,1
kapaul,NN,noun,"fatigue , weariness",-0.25,Negative,-1,-1,-1,-1,1,1,-1,-1,-1,-1,-1,-1,0,-1,-1,-1,-1,-1,-1,-1,-1
kapáyas,NN,noun,papaya.,0,Neutral,0,0,0,0,-1,0,0,0,0,0,1,0,0,0,1,0,0,0,-1,0,0
kape,NN,noun,coffee,0,Neutral,0,0,0,0,0,1,0,0,0,0,1,1,1,0,0,0,0,1,0,0,0
kapid,NN,noun,twin,0,Neutral,0,0,0,0,0,0,0,0,0,0,0,0,0,1,0,0,0,0,0,0,-1
kapid,NN,noun,twins,0,Neutral,0,0,0,0,0,0,0,0,0,0,0,1,0,0,1,1,0,0,0,0,0
kapid,JJ,adjective,joined side to side ; double,0,Neutral,0,0,0,0,0,0,0,0,0,0,0,0,0,0,0,0,0,-1,0,0,0
kápid,NN,noun,"twin, double.",0,Neutral,0,0,0,0,-1,0,0,0,0,1,1,0,0,0,0,0,0,0,0,0,0
kapilya,NN,noun,chapel,0,Neutral,0,0,0,0,-1,0,0,0,0,0,0,0,1,0,0,0,0,-1,0,0,-1
kapílya,NN,noun,small chapel.,0,Neutral,0,0,0,0,0,0,0,0,0,0,0,-1,0,0,0,0,0,0,0,-1,0
kapín,RB,adverb,"more than, moreover, in addition.",0,Neutral,0,0,0,0,1,0,0,0,0,0,0,0,0,-1,0,0,0,0,0,0,0
kapitál,NN,noun,capital.,0,Neutral,0,0,0,0,0,0,0,-1,-1,0,0,0,-1,0,0,0,0,0,0,0,0
kapitán,NN,noun,captain.,0,Neutral,0,0,0,0,0,1,0,0,0,0,0,0,-1,-1,0,0,0,0,0,0,-1
kapitérya,NN,noun,"cafeteria, canteen.",0,Neutral,0,0,0,0,0,0,0,0,0,0,-1,0,0,0,1,-1,0,0,0,0,0
kapitólyo,NN,noun,"capitol, provincial capitol.",0,Neutral,0,0,0,0,-1,0,0,0,-1,0,0,0,1,0,0,-1,0,0,-1,0,0
kapituló,NN,noun,chapter.,0,Neutral,0,0,0,0,0,0,0,0,0,0,0,0,1,0,0,0,0,0,1,0,0
kápkap,VB,verb,"to grope about, to feel one’s way like a blind man.",-0.052,Negative,-1,-1,-1,-1,1,0,-1,-1,-1,1,-1,-1,-1,0,-1,0,-1,-1,-1,-1,-1
kaprítsu,NN,noun,"mood, vices, wiles.",0,Neutral,0,0,0,0,-1,-1,0,0,0,0,1,0,0,0,0,1,0,0,0,-1,1
kaprítsu,JJ,adjective,"flighty, vain‚ wily.",0,Neutral,0,0,0,0,0,1,0,-1,0,0,0,1,0,0,0,0,0,0,0,0,0
kapún,VB,verb,"of pigs or animals, to circumcise.",0,Neutral,0,0,0,0,1,0,0,0,0,1,0,0,0,0,0,0,0,0,1,0,0
kapuslánan,NN,noun,"usefulness, advantage.",0.494,Positive,1,1,1,1,0,0,1,1,1,1,-1,1,1,1,1,0,1,1,1,1,1
kapút,VB,verb,"to hold onto, to grasp, to clutch.",0,Neutral,0,0,0,0,1,1,0,0,0,0,0,0,0,0,0,0,0,1,0,0,0
kapúti,NN,noun,raincoat.,0,Neutral,0,0,0,0,1,0,1,0,1,0,0,0,0,0,0,1,0,0,0,1,1
kápuy,NN,noun,"tiredness, exhaustion.",-0.361,Negative,-1,-1,-1,-1,0,0,-1,-1,-1,-1,-1,-1,-1,-1,-1,1,-1,-1,-1,-1,-1
kápuy,VB,verb,"to be tired, to be exhausted.",-0.66,Negative,-1,-1,-1,-1,-1,0,-1,-1,-1,-1,-1,-1,-1,-1,-1,-1,-1,-1,-1,-1,-1
kápyut,VB,verb,"to hang onto for support, to grasp for support.",0.66,Positive,1,1,1,1,-1,-1,1,1,1,0,0,1,1,1,1,1,1,1,1,1,-1
karabaw,NN,noun,carabao ; water buffalo,0,Neutral,0,0,0,0,-1,1,1,-1,0,0,0,0,-1,0,-1,0,0,0,0,0,0
karábkab,VB,verb,"to inflame, to ignite, to burst into flame.",0,Neutral,0,0,0,0,0,-1,0,0,0,0,0,0,0,0,0,-1,0,1,-1,0,0
kárbaw,NN,noun,"carabao, water buffalo.",0,Neutral,0,0,0,0,0,0,0,0,0,0,0,0,0,0,0,0,0,0,0,0,0
karéra,NN,noun,"race, contest.",0,Neutral,0,0,0,0,0,0,0,0,0,0,0,0,0,-1,1,0,0,-1,0,0,0
karéra,VB,verb,"to run a race, to race.",0,Neutral,0,0,0,0,0,0,0,0,0,0,0,0,0,0,0,0,0,0,0,0,0
kárga,NN,noun,"cargo, load.",0,Neutral,0,0,0,0,0,0,0,0,0,0,0,0,0,0,0,0,-1,0,0,0,0
kárga,VB,verb,"to load, to carry a heavy load.",0,Neutral,0,0,0,0,0,0,0,0,1,0,0,0,0,0,0,0,1,0,0,0,0
karí,VB,verb,"to approach, to come near the speaker.",0,Neutral,0,0,0,0,0,1,0,0,0,0,0,0,0,-1,0,0,-1,0,0,0,0
karidád,NN,noun,charity.,0.421,Positive,1,1,1,1,0,1,1,1,1,1,1,1,1,1,1,1,1,-1,0,1,1
karitéla,NN,noun,horse and buggy.,0,Neutral,0,0,0,0,1,1,0,0,0,0,0,0,0,0,0,0,0,0,0,0,0
karitún,NN,noun,wheel.,0,Neutral,0,0,0,0,0,0,0,0,0,0,0,0,0,0,0,0,1,0,1,0,0
karnabal,NN,noun,carnival,0,Neutral,0,0,0,0,0,0,0,-1,0,0,1,0,0,0,0,1,0,0,-1,0,0
kárne,NN,noun,meat.,0,Neutral,0,0,0,0,0,-1,0,0,0,1,-1,-1,0,0,0,0,0,1,1,0,0
karnéro,NN,noun,sheep.,0,Neutral,0,0,0,0,0,0,0,0,-1,0,0,-1,0,0,0,0,0,0,0,0,0
karon,RB,adverb,"later synonyms: gilayon , madason",0,Neutral,0,0,0,0,0,1,0,0,0,0,-1,0,0,0,0,0,1,0,0,0,0
karpentéro,NN,noun,carpenter.,0,Neutral,0,0,0,0,0,0,0,0,0,-1,-1,0,0,0,1,0,0,0,0,0,0
karsáda,NN,noun,"road, street.",0,Neutral,0,0,0,0,0,-1,0,-1,0,1,0,0,0,0,0,1,0,0,0,0,0
kartéro,NN,noun,mailman.,0,Neutral,0,0,0,0,0,0,0,0,0,-1,0,0,0,0,0,0,0,-1,0,-1,0
kárton,NN,noun,"box, carton.",0,Neutral,0,0,0,0,0,0,0,1,0,0,0,0,1,0,0,0,0,0,0,0,0
karún,RB,adverb,later.,0,Neutral,0,0,0,0,0,-1,-1,0,-1,0,0,0,0,0,1,0,0,0,0,0,0
karús,VB,verb,"to scratch, to claw.",0,Neutral,0,0,0,0,0,0,0,0,0,0,-1,0,-1,0,0,0,0,0,0,0,1
karúskarús,JJ,adjective,"written hurriedly, non-legible.",0,Neutral,0,0,0,0,0,0,0,-1,0,0,1,0,0,-1,0,0,1,0,0,0,0
karwahe,NN,noun,four - wheeled horse - drawn carriage,0,Neutral,0,0,0,0,0,0,0,0,0,0,0,0,0,0,1,0,0,0,0,0,0
kasag,NN,noun,"blue crab , portunus pelagicus ( a large crab found in the intertidal estuaries of the philippine and other southeast asian waters )",0,Neutral,0,0,0,0,1,0,0,0,1,0,0,0,0,1,0,0,0,0,0,0,0
kasákit,NN,noun,"suffering, hurt, sorrow.",-0.872,Negative,-1,-1,-1,-1,0,-1,0,1,-1,-1,-1,-1,-1,-1,-1,-1,-1,-1,-1,-1,-1
kasal,VB,verb,to marry,0,Neutral,0,0,0,0,-1,-1,1,0,0,0,1,0,0,0,-1,0,0,0,0,0,0
kasál,NN,noun,"marriage, wedding.",0,Neutral,0,0,0,0,0,0,-1,0,0,0,-1,0,0,0,0,0,0,0,0,0,0
kasál,VB,verb,"to perform a marriage, to officiate a wedding.",0,Neutral,0,0,0,0,0,-1,0,0,0,0,0,0,1,0,-1,0,1,0,0,0,0
kasangkápan,NN,noun,"furniture, devices, materials.",0,Neutral,0,0,0,0,0,0,0,-1,1,0,1,1,0,0,1,0,0,0,0,-1,0
kasán’u,RB,adverb,"a while ago, a little time passed.",0,Neutral,0,0,0,0,-1,0,-1,0,-1,0,0,0,0,0,0,0,0,0,0,0,0
kaséra,NN,noun,"boarder, person who pays room and board.",0,Neutral,0,0,0,0,0,0,1,0,0,0,0,1,0,1,0,0,0,0,-1,0,0
kaséra,VB,verb,to pay room and board.,-0.103,Negative,-1,-1,-1,-1,0,0,-1,1,-1,1,0,-1,-1,-1,-1,-1,-1,-1,-1,1,-1
kaseróla,NN,noun,cooking pot.,0,Neutral,0,0,0,0,1,-1,0,0,0,0,0,1,0,0,1,0,0,0,0,0,0
kasilíngan,NN,noun,neighbor.,0,Neutral,0,0,0,0,0,0,0,0,0,-1,0,0,0,0,0,0,0,0,-1,-1,0
kasílyas,NN,noun,toilet.,0,Neutral,0,0,0,0,0,1,0,1,0,0,0,0,-1,0,0,0,0,0,0,0,0
kasimánwa,NN,noun,folks from the same town or place of origin.,0,Neutral,0,0,0,0,0,-1,0,0,0,0,0,1,0,0,0,1,0,0,0,0,0
kasing,NN,noun,spinning top,0.202,Positive,1,1,1,1,0,0,1,1,-1,1,1,1,0,1,-1,1,-1,1,1,1,1
kasingkasing,NN,noun,heart synonym: tagiposoon,0.637,Positive,1,1,1,1,-1,1,1,1,1,0,1,1,0,1,1,1,1,0,1,1,1
kasirum,NN,noun,evening,0,Neutral,0,0,0,0,1,1,0,0,0,0,0,0,0,0,0,0,0,0,0,0,0
kasisit-an,NN,noun,"difficulties , troubles",-0.637,Negative,-1,-1,-1,-1,0,1,-1,-1,-1,-1,-1,-1,-1,-1,-1,-1,1,0,-1,-1,-1
kasla,VB,verb,imperative passive of kasál,0.202,Positive,1,1,1,1,-1,-1,1,1,1,0,1,1,1,0,1,1,1,0,1,1,1
káso,NN,noun,"legal case, lawsuit.",-0.103,Negative,-1,-1,-1,-1,1,0,-1,-1,-1,-1,1,1,-1,-1,1,-1,0,-1,-1,0,-1
kasualidád,UH,interjection,impossible.,0,Neutral,0,0,0,0,-1,-1,0,0,0,0,0,0,0,0,0,0,0,0,0,0,0
kasúdlan,NN,noun,"bowel, intestines.",0,Neutral,0,0,0,0,-1,0,0,0,0,0,0,0,0,0,0,0,0,0,0,0,1
kasugtánan,NN,noun,"agreement, contract.",0.494,Positive,1,1,1,1,-1,0,1,1,1,1,1,1,1,1,1,1,1,0,1,1,1
kasugu’án,NN,noun,"order, command, rule, law.",0,Neutral,0,0,0,0,1,1,0,0,0,0,0,0,0,0,0,1,0,0,1,0,0
kasulya,NN,noun,( christianity ) chasuble,0,Neutral,0,0,0,0,0,1,0,-1,0,0,0,0,0,0,0,0,-1,0,0,0,0
katalágman,NN,noun,"danger, hazard, harm, damage.",-0.878,Negative,-1,-1,-1,-1,0,0,-1,-1,-1,-1,-1,-1,-1,-1,-1,-1,-1,0,-1,-1,0
katalaka,JJ,adjective,"annoying , bothersome",-0.612,Negative,-1,-1,-1,-1,-1,-1,-1,-1,0,-1,-1,0,-1,-1,-1,-1,-1,-1,-1,-1,-1
katalanghága’,JJ,adjective,"unbelievable, incredible.",0.202,Positive,1,1,1,1,-1,-1,1,1,1,1,0,1,1,1,1,1,1,1,1,-1,1
katápu’,NN,noun,"member, a person who is in something as a member.",0,Neutral,0,0,0,0,1,1,0,1,0,0,0,0,0,0,-1,0,0,0,0,0,0
katáru,NN,noun,"cold, running nose.",0,Neutral,0,0,0,0,0,0,0,0,0,0,0,0,-1,0,0,0,0,0,0,0,0
katáru,VB,verb,to have a cold.,0,Neutral,0,0,0,0,0,0,0,0,0,0,-1,0,0,0,0,0,0,0,0,0,1
katáw,NN,noun,"nymph, mermaid.",0,Neutral,0,0,0,0,0,0,0,-1,0,0,0,1,0,1,0,0,0,0,0,0,0
katá’katá’,VB,verb,"to talk idly, to gossip.",-0.178,Negative,-1,-1,-1,-1,0,-1,-1,-1,1,-1,-1,-1,-1,-1,-1,-1,-1,-1,-1,-1,-1
katig,NN,noun,outrigger float,0,Neutral,0,0,0,0,-1,1,-1,0,0,0,0,0,0,0,0,-1,0,0,0,-1,-1
katolikó,NN,noun,"catholic, a member of the roman catholic church.",0,Neutral,0,0,0,0,0,0,0,0,0,0,0,0,1,0,0,0,0,0,0,0,0
katórse,CD,numeral,fourteen.,0,Neutral,0,0,0,0,0,0,0,0,0,0,0,0,0,0,0,0,0,0,0,0,0
kátre,NN,noun,bed.,0,Neutral,0,0,0,0,-1,0,0,0,0,-1,0,0,0,1,0,0,0,0,0,0,0
katsila,JJ,adjective,spanish synonym: espanyol,0,Neutral,0,0,0,0,0,0,-1,0,0,0,1,0,0,0,0,0,0,0,0,0,0
katsila,NN,noun,spaniard synonym: espanyol,0,Neutral,0,0,0,0,0,-1,0,-1,-1,0,0,1,0,0,1,0,0,0,0,0,0
katsíla’,NN,noun,spaniard.,0,Neutral,0,0,0,0,-1,-1,0,0,0,0,-1,0,0,0,0,0,0,0,-1,1,0
katúl,JJ,adjective,itchy.,-0.273,Negative,-1,-1,-1,-1,0,0,-1,-1,-1,-1,-1,-1,1,-1,1,0,-1,-1,0,-1,-1
katúl,VB,verb,to be itchy.,-0.273,Negative,-1,-1,-1,-1,-1,-1,-1,1,-1,-1,-1,-1,-1,0,-1,-1,-1,-1,-1,-1,-1
katulundan,NN,noun,sunset,0,Neutral,0,0,0,0,1,-1,-1,0,0,0,0,0,0,0,0,1,-1,1,0,0,0
katulundan,NN,noun,west,0,Neutral,0,0,0,0,0,0,0,0,0,1,0,0,0,0,0,0,0,0,0,0,0
katúmbal,NN,noun,pepper plant and fruit.,0,Neutral,0,0,0,0,0,0,0,0,-1,0,0,0,0,1,0,0,0,0,0,0,0
katúndan,NN,noun,west.,0,Neutral,0,0,0,0,0,1,0,0,0,0,0,0,0,0,0,0,0,0,0,0,0
katungdánan,NN,noun,"duty, responsibility, obligation.",0,Neutral,0,0,0,0,0,0,0,-1,0,0,0,0,0,0,0,0,0,0,0,0,0
kaulangan,VB,verb,to block,-0.44,Negative,-1,-1,-1,-1,-1,0,-1,1,-1,-1,-1,-1,-1,-1,-1,-1,-1,0,-1,-1,-1
kauswagan,NN,noun,advancement ; improvement ; progress,0.7,Positive,1,1,1,1,-1,0,1,1,1,1,1,0,1,1,-1,1,1,1,1,1,0
kawa,NN,noun,boiler,0,Neutral,0,0,0,0,1,-1,0,0,0,0,0,0,0,0,0,0,1,0,0,0,1
káwat,NN,noun,"burglar, thief, robber.",-0.791,Negative,-1,-1,-1,-1,0,0,-1,-1,-1,-1,-1,-1,-1,0,-1,-1,-1,-1,-1,-1,-1
káwat,JJ,adjective,"thief, robber.",-0.791,Negative,-1,-1,-1,-1,-1,0,-1,-1,-1,-1,1,1,-1,-1,-1,-1,-1,-1,-1,0,-1
káwat,VB,verb,"to steal, to rob.",-0.778,Negative,-1,-1,-1,-1,-1,-1,-1,-1,-1,0,0,1,-1,-1,-1,-1,-1,0,-1,-1,1
kawatan,NN,noun,thief ; robber ; burglar,-0.791,Negative,-1,-1,-1,-1,-1,0,-1,-1,1,1,-1,-1,-1,-1,-1,-1,-1,-1,-1,-1,-1
káway,VB,verb,"to dangle, to wave a hand, to wave in the wind.",0.494,Positive,1,1,1,1,1,-1,1,1,1,0,1,1,1,1,1,1,-1,-1,0,1,1
kawayan,NN,noun,bamboo,0,Neutral,0,0,0,0,1,1,-1,0,0,0,0,0,0,0,0,-1,1,0,0,0,0
kawáyan,NN,noun,bamboo.,0,Neutral,0,0,0,0,1,0,0,0,0,0,0,0,-1,0,0,0,0,0,0,0,0
kawayanan,NN,noun,bamboo grove,0,Neutral,0,0,0,0,0,0,0,0,0,0,-1,0,0,0,0,-1,0,0,0,-1,0
kawing,NN,noun,copulation,0,Neutral,0,0,0,0,0,0,0,0,0,0,0,0,0,0,0,0,1,0,0,0,0
kawing,VB,verb,to copulate,0,Neutral,0,0,0,0,0,0,0,1,0,0,1,0,0,0,0,1,0,0,1,0,0
kawit,NN,noun,hook,0,Neutral,0,0,0,0,0,0,0,0,0,0,0,-1,0,0,0,0,0,0,0,0,-1
kawkus,NN,noun,caucus,0,Neutral,0,0,0,0,0,0,1,0,0,0,0,-1,0,0,0,0,0,0,0,-1,1
káw’it,NN,noun,hook.,0,Neutral,0,0,0,0,0,0,0,0,0,0,0,0,0,0,0,0,0,0,0,0,0
káw’it,VB,verb,"to hook in, to take hold of by a hook.",0,Neutral,0,0,0,0,-1,0,0,0,0,0,1,0,0,-1,0,0,-1,1,0,0,1
kayába,VB,verb,to hurry up.,0,Neutral,0,0,0,0,0,0,0,0,0,0,0,0,-1,0,0,0,0,0,0,0,0
kayumánggi’,JJ,adjective,"dark brown in complexion, tan.",0,Neutral,0,0,0,0,0,0,0,0,0,0,0,0,0,0,0,0,0,0,0,0,0
ka’agánhun,NN,noun,"dawn, early morning.",0,Neutral,0,0,0,0,0,0,0,0,0,0,0,0,0,0,-1,-1,0,0,0,0,0
ka’áway,NN,noun,"enemy, opponent, foe.",-0.751,Negative,-1,-1,-1,-1,0,0,-1,-1,-1,-1,-1,-1,-1,-1,-1,1,-1,-1,-1,-1,-1
ka’ína,RB,adverb,"earlier, a while ago.",0,Neutral,0,0,0,0,0,-1,0,0,0,0,0,0,-1,0,0,0,0,0,0,0,0
ka’íngin,NN,noun,"uphill land, land cleared by burning.",0.103,Positive,1,1,1,1,0,0,1,1,1,1,1,1,1,1,1,1,1,1,1,1,1
ka’íngin,VB,verb,to clear a piece of land by burning.,0.382,Positive,1,1,1,1,1,1,1,1,1,1,1,1,1,1,1,1,1,1,1,1,1
ka’ugalíngun,NN,noun,"own self, one’s own.",0,Neutral,0,0,0,0,0,1,0,0,0,0,0,0,0,1,-1,0,1,0,0,1,0
ka’ún,VB,verb,"to eat, to devour.",0,Neutral,0,0,0,0,0,1,0,0,0,0,0,0,1,0,0,0,0,0,0,0,0
kemiká,NN,noun,chemistry.,0,Neutral,0,0,0,0,0,0,0,1,0,0,1,0,0,0,0,0,0,0,0,0,0
kemikó,NN,noun,chemist.,0,Neutral,0,0,0,0,0,0,0,0,0,0,0,0,0,0,1,0,1,1,0,0,-1
kerída,NN,noun,"mistress, a woman with whom a man cohabitates without the advantage of marriage.",-0.188,Negative,-1,-1,-1,-1,0,0,-1,-1,0,-1,-1,1,-1,-1,-1,1,-1,-1,-1,1,-1
késo,NN,noun,cheese.,0,Neutral,0,0,0,0,-1,-1,0,0,0,0,1,0,0,0,-1,0,0,0,0,0,0
kíbul,NN,noun,corn on the feet.,0,Neutral,0,0,0,0,-1,0,0,0,0,0,0,1,0,0,0,0,0,0,0,0,0
kíbul,VB,verb,to become calloused.,0,Neutral,0,0,0,0,0,0,0,0,0,1,0,0,0,0,0,0,0,0,0,0,0
kibún,VB,verb,"to surround, to besiege.",0,Neutral,0,0,0,0,0,0,0,0,0,0,0,1,-1,0,0,0,0,0,0,0,0
kibút,VB,verb,"to surprise, to jolt, to startle.",-0.052,Negative,-1,-1,-1,-1,-1,0,-1,-1,-1,1,-1,-1,-1,-1,-1,-1,-1,-1,-1,-1,-1
kibú’,VB,verb,"to throb, to pound continuously like a heart.",0.772,Positive,1,1,1,1,-1,-1,1,1,1,1,1,1,1,1,1,0,1,1,0,1,1
kidkid,VB,verb,"to cut in thin slices, to slice very thinly.",-0.273,Negative,-1,-1,-1,-1,1,-1,0,-1,-1,-1,-1,1,-1,-1,1,-1,-1,-1,-1,1,-1
kigás,NN,noun,dryness.,0,Neutral,0,0,0,0,-1,-1,-1,0,1,0,0,0,0,0,0,0,0,0,0,0,0
kigás,JJ,adjective,"dry, blight.",0,Neutral,0,0,0,0,1,0,0,0,0,0,0,0,0,0,0,0,0,0,0,0,0
kíhad,VB,verb,"to slice, with a knife.",0,Neutral,0,0,0,0,0,1,0,0,-1,1,0,0,0,1,0,0,0,0,0,0,0
kílag,VB,verb,to look about curiously.,0,Neutral,0,0,0,0,0,0,0,0,0,0,0,0,0,0,0,0,0,0,0,0,0
kilála,NN,noun,"acquaintance, person with whom one has a facial acquaintance.",0,Neutral,0,0,0,0,0,0,0,0,0,0,0,0,-1,0,0,0,0,0,1,0,0
kilat,NN,noun,lightning synonym: linti,0,Neutral,0,0,0,0,0,-1,-1,0,-1,0,0,1,0,0,1,0,0,0,0,0,0
kilát,NN,noun,lightning.,0,Neutral,0,0,0,0,0,1,0,0,0,0,0,0,0,0,0,0,0,0,0,0,0
kilay,NN,noun,( anatomy ) eyebrow,0,Neutral,0,0,0,0,0,0,0,0,0,-1,0,0,0,0,0,0,0,0,0,0,0
kílay,NN,noun,eyebrow.,0,Neutral,0,0,0,0,0,0,0,1,0,0,0,0,-1,-1,0,0,0,0,0,0,0
kílid,RB,adverb,"beside, on the brink.",0,Neutral,0,0,0,0,-1,0,0,0,1,0,0,0,0,0,0,0,-1,0,0,0,0
kílo,NN,noun,kilogram.,0,Neutral,0,0,0,0,0,0,0,1,0,1,0,0,0,0,0,0,0,0,0,0,-1
kilométro,NN,noun,"kilometer, unit of distance measure which is equal to approximately 0.62 miles.",0,Neutral,0,0,0,0,0,0,0,0,0,0,-1,0,0,0,0,0,0,0,0,0,0
kímpit,NN,noun,"pincer, prong, hair clip.",0,Neutral,0,0,0,0,1,0,0,0,0,1,0,-1,0,0,0,0,0,0,0,-1,0
kímpit,VB,verb,"to pick with a pincer, to pin hair together.",0,Neutral,0,0,0,0,0,-1,0,1,0,1,0,0,0,0,0,0,-1,0,0,0,0
kina-…-an,NN,noun formative,noun formative affix designating plurality.,0,Neutral,0,0,0,0,0,-1,0,1,0,0,0,0,0,0,1,0,-1,0,0,0,0
kinabúhi’,NN,noun,"life, life cycle.",0,Neutral,0,0,0,0,0,0,0,0,0,-1,0,0,0,-1,1,0,1,0,0,0,-1
kinahánglan,VB,verb,"to have need of, to demand.",-0.128,Negative,-1,-1,-1,-1,-1,0,-1,-1,-1,-1,-1,-1,-1,0,-1,-1,-1,-1,-1,0,-1
kinam,VB,verb,taste,0,Neutral,0,0,0,0,-1,-1,0,0,0,0,0,1,0,0,0,1,0,-1,0,0,0
kinánglan,VB,verb,variant of kinahánglan.,0,Neutral,0,0,0,0,0,1,0,0,0,1,0,0,0,0,0,0,0,0,0,0,0
kinataohan,NN,noun,birthday,0,Neutral,0,0,0,0,0,0,0,0,0,0,0,0,0,1,0,0,0,-1,0,-1,1
kinaw,VB,verb,"glisten , shine , sparkle",0.421,Positive,1,1,1,1,0,0,1,1,1,1,1,1,1,1,1,1,1,1,1,0,0
kina’ádman,NN,noun,science.,0,Neutral,0,0,0,0,1,1,0,0,0,0,0,0,0,0,-1,0,0,0,0,0,-1
kíngki,NN,noun,native oil or kerosene lamp made usually of an empty bottle with coconut oil or kerosene and a wick.,-0.202,Negative,-1,-1,-1,-1,0,0,-1,-1,0,-1,1,-1,-1,-1,-1,-1,-1,-1,-1,-1,-1
kinot,VB,verb,economize,0,Neutral,0,0,0,0,-1,-1,0,0,0,0,0,0,0,0,0,0,1,0,0,0,0
kínse,CD,numeral,"fifteen.;  bimonthly, fortnightly.",0,Neutral,0,0,0,0,0,0,0,0,0,0,0,0,1,0,0,0,0,-1,-1,0,0
kíntsay,NN,noun,celery.,0,Neutral,0,0,0,0,0,0,0,0,0,0,0,0,0,0,0,0,0,0,0,0,0
kínut,JJ,adjective,"thrifty, economical, frugal.",0,Neutral,0,0,0,0,0,1,0,0,0,1,0,0,0,0,1,0,1,0,0,0,0
kíput,VB,verb,"to shut, to close.",0,Neutral,0,0,0,0,0,0,0,0,0,0,0,0,0,0,0,0,0,0,0,0,0
kiráb,VB,verb,"to flash, to spark.",0.226,Positive,1,1,1,1,0,-1,1,-1,1,1,1,1,1,1,1,0,1,1,1,1,1
kisáp,VB,verb,"to blink, to twinkle, to open and shut the eyes rapidly.",0,Neutral,0,0,0,0,1,-1,0,0,0,0,0,0,1,0,-1,0,1,0,0,0,0
kískis,VB,verb,"to scrape with a sharp instrument, to rub with something sharp.",0,Neutral,0,0,0,0,0,0,0,0,0,0,0,0,0,0,0,0,0,0,0,0,0
kitá,PRP,pronoun,we (inclusive first person plural nominal pronoun).,0,Neutral,0,0,0,0,0,0,0,0,0,0,0,0,0,0,-1,-1,0,1,-1,0,0
kíta’,VB,verb,to see each other.,0,Neutral,0,0,0,0,-1,0,-1,0,0,0,0,0,0,0,0,0,0,0,0,0,0
kitíd,JJ,adjective,"slim, narrow.",0,Neutral,0,0,0,0,0,0,0,0,0,0,0,0,0,0,0,-1,0,0,0,0,1
kí’um,VB,verb,to close lips together.,0,Neutral,0,0,0,0,0,0,0,0,0,0,0,0,0,0,0,0,0,0,0,0,0
kláse,NN,noun,class.,0,Neutral,0,0,0,0,-1,0,0,0,0,0,0,0,0,0,0,0,0,0,1,0,-1
klásiko,JJ,adjective,classic.,0,Neutral,0,0,0,0,0,0,0,0,0,0,0,0,0,0,0,0,1,0,0,0,0
kliniká,NN,noun,clinic.,0,Neutral,0,0,0,0,-1,0,0,0,0,0,0,0,0,0,1,-1,0,-1,0,0,0
kóbra,VB,verb,to collect money.,0,Neutral,0,0,0,0,0,0,0,0,0,0,0,0,0,0,0,0,-1,0,1,0,0
kóbra,NN,noun,collector.,0,Neutral,0,0,0,0,0,0,0,0,0,0,-1,0,0,0,0,0,0,-1,0,0,-1
kobrekáma,NN,noun,bedspread.,0,Neutral,0,0,0,0,-1,-1,0,1,0,0,0,0,0,0,0,0,0,0,0,0,-1
kodák,NN,noun,"camera, picture.",0,Neutral,0,0,0,0,0,0,0,0,0,0,0,0,0,0,-1,0,0,0,0,0,1
koléhiyo,NN,noun,"college, especially a religious-order-managed school.",0,Neutral,0,0,0,0,1,0,0,0,0,0,0,0,1,0,0,0,0,0,-1,0,0
kolékta,NN,noun,money collection in church.,0,Neutral,0,0,0,0,0,0,0,-1,0,0,0,0,0,0,0,0,-1,0,0,0,0
kolékta,VB,verb,"to collect, to gather together.",0,Neutral,0,0,0,0,1,0,0,0,0,0,0,1,0,0,0,0,1,0,0,0,0
kolera,NN,noun,( pathology ) cholera,0,Neutral,0,0,0,0,0,0,1,1,0,0,0,0,0,0,1,0,0,0,0,0,0
kolerá,NN,noun,"cholera, dysentery.",0,Neutral,0,0,0,0,0,0,0,0,0,0,0,0,0,0,0,0,0,0,-1,-1,0
kolintas,NN,noun,rosary,0,Neutral,0,0,0,0,0,0,0,0,0,0,0,0,1,0,0,0,0,0,1,0,0
kolíntas,NN,noun,necklace.,0,Neutral,0,0,0,0,-1,0,-1,0,0,0,0,0,1,0,0,0,0,1,0,0,0
kolór,NN,noun,color.,0,Neutral,0,0,0,0,0,0,0,0,0,0,-1,0,0,0,0,0,0,-1,0,0,0
koltson,NN,noun,mattress,0,Neutral,0,0,0,0,0,0,0,1,0,0,1,0,0,1,0,0,1,0,0,0,0
komersyánte,NN,noun,small-time businessman who peddles his wares moving from one town to another during market days.,0,Neutral,0,0,0,0,0,0,0,0,1,0,1,-1,-1,-1,0,0,0,0,0,0,0
komidór,NN,noun,diningroom.,0,Neutral,0,0,0,0,0,0,0,0,0,0,0,0,0,0,0,0,0,0,0,0,0
kompányar,VB,verb,"to accompany with a piano, to join in.",0.296,Positive,1,1,1,1,1,0,1,-1,1,1,1,1,1,-1,1,1,1,1,1,1,-1
kompanyero,NN,noun,"companion , partner , friend",0.494,Positive,1,1,1,1,1,1,1,1,1,0,1,1,1,1,1,1,1,-1,1,1,1
kompanyero,NN,noun,associate,0,Neutral,0,0,0,0,1,1,0,0,0,1,0,0,0,0,0,0,0,0,0,0,0
kompanyero,NN,noun,"mate , consort",0,Neutral,0,0,0,0,0,0,0,-1,-1,0,-1,-1,0,0,0,-1,0,1,0,0,-1
konbensyon,NN,noun,"convention , meeting",0,Neutral,0,0,0,0,0,0,0,0,0,0,0,0,0,0,0,0,0,0,0,0,0
kondisyón,NN,noun,"condition, mood, good physical condition.",0.44,Positive,1,1,1,1,0,0,1,1,1,0,1,1,1,1,1,1,1,1,0,1,1
koného,NN,noun,"rabbit, hare.",0,Neutral,0,0,0,0,1,1,0,0,0,0,0,1,0,0,0,0,0,0,0,0,1
kongkréta,NN,noun,"concrete, cement.",0,Neutral,0,0,0,0,1,0,0,0,0,0,1,-1,0,0,0,0,0,0,0,1,-1
kongresísta,NN,noun,"congressman, representative to congress.",0,Neutral,0,0,0,0,0,-1,0,0,0,0,0,0,0,0,0,0,0,0,0,0,0
kongréso,NN,noun,"congress, legislature.",0,Neutral,0,0,0,0,0,0,0,0,0,1,0,1,0,0,0,0,0,0,0,-1,0
konsehál,NN,noun,"municipal councilman, councilman.",0,Neutral,0,0,0,0,1,0,0,0,0,0,0,0,0,0,0,0,0,0,0,0,0
konsého,NN,noun,"municipal council, body of elected councilmen.",0,Neutral,0,0,0,0,0,-1,0,1,0,0,0,0,0,0,0,0,0,0,0,0,0
konsyérto,NN,noun,orchestra concert.,0,Neutral,0,0,0,0,0,0,0,0,1,1,0,1,0,0,1,0,0,-1,-1,0,0
kóntra,NN,noun,"opponent, enemy.",-0.542,Negative,-1,-1,-1,-1,0,0,-1,-1,-1,-1,-1,-1,1,-1,-1,0,0,-1,-1,-1,-1
kóntra,VB,verb,"to oppose, to resist, to counteract.",0,Neutral,0,0,0,0,-1,-1,-1,0,0,0,0,0,0,0,0,0,0,0,0,0,0
kontráto,NN,noun,"agreement, legal contract.",0.572,Positive,1,1,1,1,0,0,1,0,1,1,1,-1,1,1,-1,1,1,-1,1,1,1
kópya,NN,noun,"copy, duplicate.",0,Neutral,0,0,0,0,1,1,0,0,0,0,1,1,0,0,0,0,0,0,0,0,0
kópya,VB,verb,"to copy, to duplicate.",0,Neutral,0,0,0,0,0,0,0,-1,0,0,0,0,0,0,0,0,0,-1,0,0,0
korason,NN,noun,( anatomy ) heart synonym: kasingkasing,0.637,Positive,1,1,1,1,0,0,1,1,1,1,1,1,1,1,1,0,1,1,1,1,1
kordéro,NN,noun,lamb.,0,Neutral,0,0,0,0,1,1,0,0,0,1,0,1,0,0,0,0,0,0,0,0,0
koréo,NN,noun,"mail, post office.",0,Neutral,0,0,0,0,0,0,-1,0,-1,0,0,0,0,0,0,0,-1,0,0,0,0
kóro,NN,noun,"choir, chorus, place where the choir stays in church.",0,Neutral,0,0,0,0,0,0,-1,0,0,0,0,0,0,-1,0,-1,0,-1,0,1,0
koróna,NN,noun,crown.,0,Neutral,0,0,0,0,0,0,-1,0,0,1,0,-1,0,1,0,0,0,0,0,0,0
korpínyo,NN,noun,corset.,0,Neutral,0,0,0,0,0,0,0,0,0,0,0,0,0,-1,0,0,0,0,1,0,0
kórte,NN,noun,"shape, design, judicial court.",0,Neutral,0,0,0,0,0,0,0,0,0,0,-1,0,0,0,0,0,0,-1,0,0,0
kortesíya,NN,noun,"courtesy, politeness.",0.361,Positive,1,1,1,1,1,-1,1,1,1,1,0,1,1,1,1,1,1,1,1,0,1
kortína,NN,noun,"curtain, drape.",0,Neutral,0,0,0,0,1,-1,-1,0,0,1,0,-1,0,0,0,0,0,0,0,0,0
koryénte,NN,noun,"electric wire, electric current.",0,Neutral,0,0,0,0,0,0,0,0,0,0,0,0,0,0,0,0,1,0,0,0,0
koryénte,VB,verb,to get electrocuted.,0,Neutral,0,0,0,0,0,0,1,-1,0,0,0,0,0,0,0,0,0,0,0,0,0
kostúra,VB,verb,to sew a dress.,0,Neutral,0,0,0,0,-1,0,0,0,1,0,0,0,0,0,0,0,0,0,0,0,0
kostúra,NN,noun,dressmaker.,0,Neutral,0,0,0,0,0,0,0,-1,0,0,0,-1,1,0,0,1,0,0,0,1,0
kótse,NN,noun,"car, automobile.",0,Neutral,0,0,0,0,0,0,0,0,0,0,-1,0,0,0,0,0,0,0,0,0,0
krayóla,NN,noun,crayon.,0,Neutral,0,0,0,0,1,1,1,0,0,0,0,0,1,0,-1,0,0,1,0,0,0
kriminál,NN,noun,"criminal, convict.",-0.527,Negative,-1,-1,-1,-1,0,0,-1,0,-1,1,-1,-1,-1,-1,1,0,0,-1,-1,-1,-1
kristál,NN,noun,"crystal, glass.",0,Neutral,0,0,0,0,0,-1,-1,0,0,0,0,0,0,0,-1,-1,0,1,1,0,1
krísto,NN,noun,jesus christ.,0,Neutral,0,0,0,0,0,-1,0,0,1,0,0,0,0,0,0,0,0,1,-1,0,0
kristyáno,NN,noun,christian.,0,Neutral,0,0,0,0,0,0,0,0,0,0,0,0,0,0,0,0,0,0,0,0,0
ku,PRP,pronoun,"i, me.",0,Neutral,0,0,0,0,-1,0,0,0,1,0,0,0,0,0,0,0,0,-1,0,0,0
kúbay,VB,verb,"to line up, to fall in line.",0,Neutral,0,0,0,0,0,0,0,0,0,-1,0,0,0,0,0,0,-1,0,0,0,0
kubrekama,NN,noun,bedsheet ; bedspread,0,Neutral,0,0,0,0,0,0,0,0,1,0,0,0,0,0,0,0,0,0,0,0,-1
kubús,JJ,adjective,"poor, destitute.",-0.477,Negative,-1,-1,-1,-1,0,0,-1,-1,-1,-1,0,-1,-1,-1,-1,0,-1,-1,-1,-1,0
kudál,NN,noun,"fence, enclosure.",0,Neutral,0,0,0,0,-1,-1,1,0,0,0,0,0,0,0,0,0,0,0,0,0,1
kúdkud,VB,verb,to grate with a grater.,0,Neutral,0,0,0,0,1,0,0,0,0,0,0,-1,-1,0,0,0,-1,0,0,0,0
kudkurán,NN,noun,"grater, native grater of jagged iron spoon-like shape nailed to a wooden seat.",0,Neutral,0,0,0,0,0,0,0,0,0,0,-1,0,1,0,0,1,0,0,0,0,0
kúdlit,NN,noun,"line, mark.",0,Neutral,0,0,0,0,0,0,0,0,1,0,0,1,0,0,0,0,0,0,0,0,0
kúdlit,VB,verb,"to line, to mark, to draw with a pencil.",0,Neutral,0,0,0,0,0,0,0,0,0,0,0,0,0,0,0,0,0,0,1,0,0
kudyapi,NN,noun,a kudyapi,0,Neutral,0,0,0,0,0,0,0,0,0,0,1,0,0,1,-1,0,0,0,0,0,1
kugá’,VB,verb,"to throttle, to strangle, to choke.",-0.542,Negative,-1,-1,-1,-1,0,0,1,1,-1,-1,-1,-1,-1,-1,-1,-1,-1,-1,-1,0,-1
kúgmat,NN,noun,"terror, dread.",-0.751,Negative,-1,-1,-1,-1,-1,0,-1,-1,-1,-1,-1,1,-1,-1,-1,0,-1,-1,-1,-1,-1
kúgmat,VB,verb,"to be terrified, to be frightened, to be scared.",-0.869,Negative,-1,-1,-1,-1,0,1,1,-1,-1,-1,-1,-1,-1,-1,-1,-1,-1,-1,-1,-1,-1
kúgus,VB,verb,"to bear, to hug, to cradle like a baby, to carry a baby in the arms.",0.681,Positive,1,1,1,1,-1,-1,0,1,1,1,1,1,1,1,0,1,1,1,1,1,1
kúha’,VB,verb,"to take, to get, to take away, to procure.",0,Neutral,0,0,0,0,1,-1,1,0,0,0,1,0,0,1,0,0,0,0,0,0,0
kúhit,VB,verb,"to touch slightly to draw attention, to nudge.",0,Neutral,0,0,0,0,0,0,-1,0,0,0,0,0,0,0,0,0,0,0,0,0,0
kukú,NN,noun,finger or toe nail.,0,Neutral,0,0,0,0,0,0,-1,1,0,0,0,0,0,0,0,-1,0,0,0,0,0
kulá,NN,noun,"glue, paste.",0,Neutral,0,0,0,0,0,0,0,0,0,0,1,0,0,0,0,0,0,-1,0,1,0
kulákig,JJ,adjective,"sickly, emaciated.",0,Neutral,0,0,0,0,0,0,0,0,-1,0,0,0,0,0,-1,0,0,0,0,0,-1
kulámug,NN,noun,dried mucus in the nose.,0,Neutral,0,0,0,0,0,-1,0,0,0,0,0,0,0,0,0,0,0,0,0,1,0
kúlang,JJ,adjective,"lacking, incomplete, inadequate, short of.",-0.402,Negative,-1,-1,-1,-1,0,0,-1,0,-1,-1,-1,-1,-1,-1,-1,-1,-1,-1,-1,-1,-1
kúlang,VB,verb,"to fall short of, to be inadequate.",-0.402,Negative,-1,-1,-1,-1,-1,1,-1,-1,-1,-1,-1,-1,-1,-1,-1,-1,-1,-1,-1,-1,1
kulantro,NN,noun,coriander,0,Neutral,0,0,0,0,-1,-1,0,0,0,0,0,0,1,-1,0,0,0,0,0,1,0
kúlba’,NN,noun,"anxiety, nervousness.",-0.44,Negative,-1,-1,-1,-1,0,1,-1,0,-1,-1,-1,-1,-1,1,-1,-1,-1,1,-1,-1,-1
kúlba’,VB,verb,"to be nervous, to be afraid.",-0.273,Negative,-1,-1,-1,-1,-1,-1,1,-1,-1,-1,-1,-1,-1,1,-1,-1,-1,-1,1,-1,-1
kulíhut,RB,adverb,"last, hindmost.",0,Neutral,0,0,0,0,1,-1,0,0,0,0,0,1,0,0,-1,0,0,0,0,0,0
kúli’,JJ,adjective,"slow, weak.",-0.44,Negative,-1,-1,-1,-1,0,1,-1,-1,-1,-1,-1,-1,-1,-1,1,-1,-1,-1,-1,1,0
kulú,NN,noun,breadfruit.,0,Neutral,0,0,0,0,-1,-1,-1,0,0,0,0,0,0,0,0,-1,0,0,0,0,0
kulúb,JJ,adjective,"inverted, upset, turned over.",-0.382,Negative,-1,0,-1,-1,1,1,0,-1,-1,-1,-1,-1,-1,-1,-1,-1,-1,-1,-1,-1,-1
kulúb,VB,verb,"to invert, to turn over a deep container so that the bottom is up.",0,Neutral,0,0,0,0,-1,-1,0,1,0,1,0,0,0,0,0,0,0,0,0,0,0
kúlun,NN,noun,clay cooking pot.,0,Neutral,0,0,0,0,1,1,1,0,-1,0,0,0,-1,0,0,1,0,0,0,0,0
kulúng,VB,verb,"to cage, to imprison.",0,Neutral,0,0,0,0,0,0,0,0,0,0,0,0,0,-1,0,0,0,1,0,0,0
kulyápis,JJ,adjective,emaciated.,0,Neutral,0,1,0,0,-1,1,1,0,0,0,-1,0,-1,1,0,0,0,1,0,0,-1
kumalágku’,NN,noun,"thumb, big toe.",0,Neutral,0,0,0,0,1,0,0,0,0,0,0,1,1,0,0,0,0,-1,0,0,0
kumbúya,NN,noun,partner.,0,Neutral,0,0,0,0,0,0,0,0,0,0,1,0,0,0,0,0,0,0,0,0,-1
kumbuyahán,NN,noun,"company, partnership.",0,Neutral,0,0,0,0,0,0,-1,0,0,0,0,0,0,0,0,0,0,0,0,0,0
kumpaníya,NN,noun,"company, business enterprise.",0,Neutral,0,0,0,0,-1,0,0,0,0,0,0,0,0,-1,0,0,0,0,0,-1,0
kumpáre,NN,noun,"comrade, relationship between the godfather and parents of the godchild.",0,Neutral,0,0,0,0,0,0,0,0,0,-1,-1,0,0,0,0,0,0,-1,0,0,0
kumpisár,NN,noun,confession.,0,Neutral,0,0,0,0,0,0,0,0,0,0,0,0,0,0,-1,0,0,0,0,-1,0
kumpisár,VB,verb,"to confess, to tell the truth.",0.318,Positive,1,1,1,1,0,0,-1,1,1,1,-1,1,-1,1,1,1,1,1,1,1,0
kúmud,VB,verb,"to grumble, to murmur, to sulk.",0,Neutral,0,-1,0,0,1,1,0,0,0,0,-1,0,0,0,1,0,0,0,0,-1,0
kún,CC,conjunction,"if, possibly if, provided that.",0,Neutral,0,0,0,0,1,0,0,0,0,0,0,0,0,0,0,0,0,0,0,-1,0
kundíman,NN,noun,"filipino song which depicts mood changes of the people, usually written in the native languages and composed by filipinos.",0,Neutral,0,0,0,0,0,0,1,0,0,0,-1,0,-1,1,1,0,0,0,0,0,0
kúndi’,CC,conjunction,"although, but, well, therefore, might as well.",0.649,Positive,1,0,1,1,0,-1,-1,1,-1,1,1,1,1,1,1,1,1,1,1,1,1
kuning,NN,noun,cat,0,Neutral,0,0,0,0,1,-1,0,0,0,0,0,0,0,0,0,0,0,0,0,0,0
kuntáni’,RP,particle,"maybe, if possible, i hope.",0.44,Positive,1,1,1,1,0,0,1,1,1,1,1,1,1,1,1,1,0,1,1,1,1
kunú,RP,particle,"according to, he or she said.",0,Neutral,0,0,0,0,0,-1,-1,0,0,0,1,0,0,0,0,0,0,0,-1,-1,0
kunúl,JJ,adjective,"interrupted, shrank, dry (like a river).",0.077,Positive,1,0,1,1,0,0,1,1,1,1,1,1,1,1,1,-1,1,1,1,1,1
kunúl,VB,verb,"to cease, to stop flowing, to run dry as a river.",-0.296,Negative,-1,0,-1,-1,1,1,-1,-1,-1,-1,1,-1,-1,-1,-1,-1,-1,-1,-1,-1,-1
kunúp,NN,noun,"cloak, coat, overcoat.",0,Neutral,0,0,0,0,-1,-1,0,0,0,0,0,0,0,0,-1,-1,0,0,0,0,0
kunút,JJ,adjective,wrinkled.,0,Neutral,0,0,0,0,0,0,0,0,0,0,0,0,-1,0,0,0,0,0,0,0,0
kunút,VB,verb,"to wrinkle, to crumple.",0,Neutral,0,0,0,0,0,0,0,0,0,0,0,0,0,0,0,0,0,0,0,0,0
kúnyag,NN,noun,"chill, cold chill.",0,Neutral,0,0,0,0,-1,0,0,0,0,1,0,0,0,-1,0,0,0,-1,0,0,0
kúnyag,VB,verb,"to shake with chills, to shiver.",-0.178,Negative,-1,-1,-1,-1,0,0,-1,-1,-1,-1,0,-1,0,1,-1,-1,-1,-1,-1,-1,-1
kúpkup,NN,noun,"embrace, hug.",0.66,Positive,1,1,1,1,-1,-1,1,1,1,1,1,1,0,1,1,-1,1,1,1,1,1
kúpkup,VB,verb,"to embrace, to hug.",0.66,Positive,1,1,1,1,1,1,1,1,1,1,0,1,1,1,1,1,1,-1,1,1,1
kupú’,VB,verb,"to hang onto tightly, to embrace tightly, to cling to, to stick to like a lizard.",0.586,Positive,1,1,1,1,1,1,1,1,1,1,1,1,1,0,1,1,1,1,1,1,1
kúra,NN,noun,"pastor of a parish, minister in charge of a certain area.",0.273,Positive,1,1,1,1,1,1,-1,1,1,1,1,1,-1,1,1,1,0,1,1,1,1
kúrba,NN,noun,curve.,0,Neutral,0,0,0,0,1,1,0,0,0,0,0,0,0,0,0,0,-1,1,0,0,0
kúrba,VB,verb,"to twist, to bend, to turn, to curve.",0,Neutral,0,0,0,0,0,-1,0,0,0,-1,0,0,0,0,0,0,-1,1,0,0,0
kurbáda,NN,noun,"street corner, street curve.",0,Neutral,0,0,0,0,0,0,1,-1,-1,0,0,1,0,-1,0,0,0,0,-1,0,0
kurbáta,NN,noun,necktie.,0,Neutral,0,0,0,0,0,0,0,0,0,0,0,-1,-1,-1,-1,1,0,0,0,0,-1
kuribúng,VB,verb,to isolate in a quiet room.,-0.202,Negative,-1,0,-1,-1,-1,0,-1,-1,1,-1,-1,-1,-1,-1,-1,-1,-1,-1,-1,1,-1
kuring,NN,noun,cat,0,Neutral,0,0,0,0,-1,-1,0,0,0,0,0,0,0,1,-1,0,0,0,0,0,1
kuríng,NN,noun,cat.,0,Neutral,0,0,0,0,1,0,0,0,1,0,0,0,0,0,0,0,0,0,0,0,0
kurinút,JJ,adjective,"creased, wrinkled.",0,Neutral,0,0,0,0,0,1,0,0,0,0,0,0,0,0,0,0,1,0,0,0,0
kurinút,NN,noun,"crease, fold, wrinkle.",0,Neutral,0,0,0,0,0,0,1,-1,0,0,0,0,0,0,0,0,0,0,0,-1,0
kurinút,VB,verb,"to fold, to crease, to wrinkle.",0,Neutral,0,0,0,0,0,0,0,0,0,0,0,0,0,1,0,0,1,0,0,0,0
kurisúng,NN,noun,frown.,0,Neutral,0,0,0,0,0,-1,0,0,0,1,0,0,0,0,0,-1,0,0,0,0,0
kurisúng,VB,verb,to frown.,0,Neutral,0,0,0,0,1,0,-1,0,0,0,0,1,0,0,0,0,0,0,-1,0,0
kúrit,NN,noun,"line, mark, pencil mark.",0,Neutral,0,0,0,0,0,0,0,0,0,0,0,0,0,0,0,0,0,0,0,1,0
kúrit,VB,verb,"to make a line, to draw on paper with a pencil, to mark with a pencil.",0,Neutral,0,0,0,0,0,0,1,0,0,-1,0,0,0,0,0,0,0,0,-1,0,0
kúri’,JJ,adjective,"slow, weak.",-0.44,Negative,-1,-1,-1,-1,1,0,-1,1,-1,-1,-1,-1,1,0,-1,-1,-1,-1,-1,-1,-1
kúri’,VB,verb,"to be slow, to have difficulty.",-0.34,Negative,-1,-1,-1,-1,-1,-1,-1,-1,-1,0,-1,-1,-1,-1,-1,-1,-1,-1,-1,-1,-1
kúrug,VB,verb,"to shiver, to tremble, to shake.",-0.421,Negative,-1,-1,-1,-1,-1,-1,-1,-1,-1,1,-1,-1,-1,-1,-1,-1,-1,-1,0,-1,0
kusámkusám,VB,verb,"to taste, to partake of a little food.",0,Neutral,0,0,0,0,-1,-1,0,0,0,-1,0,0,1,0,0,0,0,-1,0,0,0
kusina,NN,noun,kitchen,0,Neutral,0,0,0,0,-1,-1,0,0,0,0,0,0,0,0,0,0,0,1,0,0,0
kusína,NN,noun,kitchen.,0,Neutral,0,0,0,0,0,1,0,0,1,0,1,0,0,0,0,0,0,-1,0,0,0
kusinéro,NN,noun,cook.,0,Neutral,0,0,0,0,-1,1,1,0,0,0,0,0,0,-1,0,1,-1,0,0,0,0
kusípad,VB,verb,"to thumb through, to pick with the fingers like corn from the cob.",0.361,Positive,1,0,1,1,0,0,1,1,1,0,1,0,1,1,1,1,1,1,1,1,-1
kúsi’,NN,noun,"pinch, small piece.",0,Neutral,0,0,0,0,1,1,0,1,0,0,0,0,0,1,0,0,0,0,0,0,0
kúsi’,VB,verb,"to press or nip with fingernails, to pinch.",0,Neutral,0,0,0,0,0,0,0,0,1,0,1,-1,0,0,0,1,0,-1,0,0,0
kúskus,VB,verb,to scrape with a sharp instrument or with a scraper.,0,Neutral,0,0,0,0,0,0,0,0,0,0,0,0,0,0,1,0,0,0,0,0,0
kusúg,JJ,adjective,"strong, energetic, healthy.",0.836,Positive,1,1,1,1,0,-1,1,1,-1,1,0,1,-1,1,1,1,1,1,1,1,1
kusúg,NN,noun,"energy, strength.",0.649,Positive,1,1,1,1,1,1,1,1,1,1,1,1,1,1,1,1,1,1,1,1,1
kusúg,VB,verb,"to become strong, to be energetic.",0.735,Positive,1,1,1,1,1,1,1,1,1,1,1,1,1,1,1,1,1,1,0,1,-1
kutáwkutáw,VB,verb,"to dilute, to mix with water.",0,Neutral,0,0,0,0,1,1,0,0,0,0,-1,0,0,0,0,0,0,0,1,1,0
kúta’,NN,noun,"prison, fort.",-0.511,Negative,-1,-1,-1,-1,0,-1,-1,-1,0,-1,-1,-1,-1,-1,-1,-1,-1,-1,-1,-1,-1
kutíng,NN,noun,kitten.,0,Neutral,0,0,0,0,-1,-1,0,0,0,-1,0,0,0,1,0,0,1,0,0,1,0
kutíngkúting,VB,verb,"to pluck or strum a guitar, to pluck a string instrument.",0,Neutral,0,0,0,0,0,0,0,0,0,-1,0,0,0,0,1,0,-1,0,0,0,0
kútis,NN,noun,"skin complexion, facial complexion.",0,Neutral,0,0,0,0,0,0,0,0,0,0,0,0,0,0,0,0,0,0,0,0,-1
kutkut,NN,noun,a dug hole in the ground,0,Neutral,0,0,0,0,0,0,0,0,0,0,0,-1,0,0,0,0,0,1,0,0,0
kútkut,NN,noun,hole in the ground.,0,Neutral,0,0,0,0,0,0,-1,0,0,0,0,0,1,0,0,0,0,1,0,0,0
kútkut,VB,verb,"to excavate, to dig, to scoop out dirt from the ground so as to make a hole.",-0.202,Negative,-1,0,-1,-1,0,0,-1,-1,-1,-1,-1,-1,-1,-1,-1,-1,-1,-1,-1,-1,-1
kuto,NN,noun,louse ( insect ),-0.382,Negative,-1,0,-1,-1,-1,-1,-1,0,0,-1,-1,-1,-1,-1,-1,-1,-1,-1,-1,1,-1
kutsara,NN,noun,spoon,0,Neutral,0,0,0,0,-1,-1,0,0,0,1,0,0,0,0,0,0,0,0,0,0,0
kutsára,NN,noun,tablespoon.,0,Neutral,0,0,0,0,0,0,0,0,0,0,0,0,1,0,0,-1,-1,1,0,0,0
kutsarita,NN,noun,teaspoon,0.052,Positive,1,0,1,1,1,0,1,1,1,1,0,1,1,1,1,1,1,1,1,1,1
kutsaríta,NN,noun,teaspoon.,0.052,Positive,1,0,1,1,1,-1,1,1,1,1,1,1,0,1,1,1,1,1,1,0,1
kutséro,NN,noun,"coachman, rig driver, man who drives a kalésa.",-0.128,Negative,-1,0,-1,-1,-1,0,1,-1,0,-1,0,-1,-1,0,-1,-1,0,-1,-1,-1,-1
kutsilyo,NN,noun,knife synonym: utak,0,Neutral,0,0,0,0,-1,1,0,0,0,-1,0,0,0,0,0,0,0,0,0,0,0
kutsílyo,NN,noun,knife.,0,Neutral,0,0,0,0,0,0,0,0,0,-1,0,0,0,0,0,0,0,0,1,0,0
kútsukútsu,NN,noun,"rumor, hearsay.",0,Neutral,0,0,0,0,0,0,0,0,0,0,0,0,0,1,0,0,0,0,0,1,0
kútsukútsu,VB,verb,"to chitchat, to gossip, to be rumored.",-0.178,Negative,-1,0,-1,-1,0,0,0,-1,-1,-1,1,-1,-1,-1,-1,-1,-1,0,-1,-1,-1
kutsún,NN,noun,"cushion, bed mattress.",0,Neutral,0,0,0,0,1,-1,0,0,0,0,0,0,0,0,0,0,0,-1,0,0,0
kútub,RB,adverb,until.,0,Neutral,0,0,0,0,0,0,0,1,0,1,0,0,0,0,0,0,0,0,0,0,0
kutud,NN,noun,"boundary , line",0,Neutral,0,0,0,0,0,0,0,0,-1,0,0,0,0,0,0,-1,0,0,0,0,1
kutud,NN,noun,ruler,0,Neutral,0,0,0,0,0,-1,0,0,0,0,0,0,0,0,0,0,0,0,0,0,0
kutúl,VB,verb,"to pick, to pluck from a plant, to gather flowers.",0,Neutral,0,0,0,0,0,0,0,0,0,0,0,0,0,0,-1,0,0,0,0,0,0
kútut,VB,verb,to sting as a bee or a wasp.,0,Neutral,0,0,0,0,0,0,0,0,1,0,0,0,0,0,0,0,0,0,0,-1,0
kuul,NN,noun,snail,0,Neutral,0,0,0,0,0,-1,0,-1,-1,-1,0,-1,0,0,0,0,0,0,0,0,0
kuyámpad,VB,verb,"to run, to scamper off.",0,Neutral,0,0,0,0,0,0,0,0,0,0,0,0,0,0,0,0,0,0,0,0,0
kúymi,NN,noun,cashier.,0,Neutral,0,0,0,0,-1,0,0,0,0,1,0,0,0,-1,0,1,0,-1,0,0,0
kú’ku’,VB,verb,to stoop.,0,Neutral,0,0,0,0,0,0,0,0,0,0,0,-1,0,0,-1,0,0,0,0,1,0
kú’ub,VB,verb,"to bow, to bend the head as if in hiding.",-0.296,Negative,-1,0,-1,-1,0,0,-1,-1,0,0,-1,-1,-1,1,-1,-1,1,-1,-1,-1,-1
kú’ut,VB,verb,"to feel for, to fish out with the hand, to put one’s hand or arm in a hole.",0.751,Positive,1,0,1,1,-1,-1,1,1,1,1,1,1,1,1,1,1,1,1,1,1,1
kwadérno,NN,noun,notebook.,0,Neutral,0,0,0,0,0,1,0,0,0,1,0,0,0,0,1,0,0,0,0,0,0
kwadra,NN,noun,shed,0,Neutral,0,0,0,0,0,0,0,0,1,0,0,0,0,0,0,0,0,-1,0,0,0
kwádra,NN,noun,stable.,0.296,Positive,1,0,1,1,0,0,1,1,1,-1,1,-1,1,1,1,1,-1,-1,1,1,1
kwádro,NN,noun,"frame, picture frame.",0,Neutral,0,0,0,0,1,1,0,0,0,0,0,0,0,1,-1,0,0,-1,0,0,0
kwáku,NN,noun,"pipe, tobacco pipe.",0,Neutral,0,0,0,0,-1,0,-1,0,0,0,0,0,0,0,0,0,0,0,0,0,0
kwán,RP,particle,whatchamacallit.,0,Neutral,0,0,0,0,1,0,0,0,1,1,0,0,0,0,0,0,0,0,0,0,0
kwarénta,CD,numeral,forty.,0,Neutral,0,0,0,0,0,0,0,0,1,0,0,0,0,0,0,0,-1,0,0,0,0
kwarentenas,NN,noun,quarantine,0,Neutral,0,0,0,0,0,0,0,0,0,0,0,-1,1,0,0,0,0,0,0,0,0
kwárta,NN,noun,"money, cold cash.",0,Neutral,0,0,0,0,0,0,0,0,1,0,0,0,0,1,0,0,0,0,0,0,0
kwártakwárta,NN,noun,play money.,0.34,Positive,1,0,1,1,0,0,-1,1,0,1,1,1,0,1,1,-1,1,1,1,1,1
kwárto,NN,noun,"room, enclosed area, bedroom.",0,Neutral,0,0,0,0,1,0,0,0,0,0,0,1,0,0,0,-1,-1,0,0,0,0
kwátro,CD,numeral,four.,0,Neutral,0,0,0,0,0,0,-1,0,0,0,0,0,0,0,0,0,0,0,-1,0,0
kwéba,NN,noun,cave.,0,Neutral,0,0,0,0,0,0,0,0,-1,0,0,0,0,0,0,0,0,0,0,0,-1
kwélyo,NN,noun,"collar, back of the neck.",0,Neutral,0,0,0,0,0,0,0,0,0,0,0,0,0,0,1,0,0,0,0,0,0
kwénta,NN,noun,"account, balance account.",0,Neutral,0,0,0,0,0,0,0,0,0,0,0,0,0,0,0,0,-1,-1,0,0,-1
kwénta,VB,verb,"to account, to solve, to balance.",0.202,Positive,1,0,1,1,1,0,1,1,1,1,1,1,1,1,1,1,1,1,1,1,1
kwérdas,NN,noun,string for a string instrument.,0,Neutral,0,0,0,0,1,-1,0,0,0,0,0,0,0,0,0,0,0,0,0,0,1
kwítis,NN,noun,fireworks.,0,Neutral,0,0,0,0,0,0,0,0,0,0,-1,1,0,0,0,0,0,0,0,0,0
kwítis,DT,deictic,,0,Neutral,0,0,0,0,-1,0,0,0,0,-1,0,1,0,0,0,0,0,0,-1,1,0
laba,JJ,adjective,long in length,0,Neutral,0,0,0,0,0,1,0,0,0,-1,0,0,0,0,0,0,0,0,0,0,0
labá,VB,verb,"of clothes, to wash.",0,Neutral,0,0,0,0,0,-1,0,-1,0,0,0,0,0,0,0,0,0,0,0,0,0
labá,NN,noun,laundrywoman.,0,Neutral,0,0,0,0,0,1,0,0,0,1,0,0,0,1,1,0,0,0,0,1,0
labábu,NN,noun,"lavabo, washbasin.",0,Neutral,0,0,0,0,0,0,0,0,0,0,0,0,0,0,-1,-1,0,0,0,0,0
lábag,VB,verb,"to be against, to violate.",-0.494,Negative,-1,0,-1,-1,0,0,0,-1,-1,-1,-1,-1,-1,0,0,-1,0,-1,-1,-1,-1
labaha,NN,noun,razor,0,Neutral,0,0,0,0,-1,-1,0,0,0,0,0,0,0,0,0,0,0,0,0,-1,1
labáha,NN,noun,"razor blade, razor.",0,Neutral,0,0,0,0,1,0,0,0,0,0,0,0,0,0,0,0,0,0,0,0,0
labán,CC,conjunction,"besides, except, moreover, furthermore.",0,Neutral,0,0,0,0,0,0,0,-1,-1,-1,0,0,1,0,0,0,0,0,0,0,0
labatíba,NN,noun,enema.,0,Neutral,0,0,0,0,1,0,0,0,0,0,0,-1,1,0,0,0,0,1,0,0,0
labatíba,VB,verb,to give or apply an enema.,0,Neutral,0,1,0,0,0,0,-1,-1,0,0,0,0,0,0,0,0,0,1,0,0,0
labáw,RB,adverb,"aside from, besides, more than.",0,Neutral,0,0,0,0,0,0,0,0,-1,0,0,0,0,0,0,0,0,0,0,0,1
labáw,VB,verb,"to surpass, to exceed.",0,Neutral,0,0,0,0,0,0,0,0,0,0,0,0,0,0,0,0,1,0,0,0,0
labáy,VB,verb,"to go through, to pass by.",0,Neutral,0,0,0,0,0,-1,-1,0,0,0,0,0,0,0,0,0,0,0,0,0,0
lába’,NN,noun,"length, duration, extent.",0,Neutral,0,0,0,0,0,0,0,0,-1,1,0,0,0,1,0,-1,-1,0,0,1,0
lába’,JJ,adjective,"long, extending for a considerable distance.",0,Neutral,0,0,0,0,0,0,0,0,0,0,0,0,0,0,0,-1,0,0,1,0,0
labí,RB,adverb,"more than, exceedingly.",0,Neutral,0,0,0,0,-1,0,0,0,0,0,0,-1,0,0,0,0,0,0,0,0,0
labí,VB,verb,"to exceed, to surpass.",0,Neutral,0,0,0,0,-1,0,-1,0,0,0,0,1,0,0,0,1,1,0,0,0,0
labúgay,VB,verb,"to stir, to mix especially liquids.",0,Neutral,0,0,0,0,0,0,0,0,0,0,0,-1,0,0,0,0,0,0,0,0,0
lábut,NN,noun,"business, concern.",0,Neutral,0,0,0,0,0,0,0,0,0,1,1,0,0,0,0,0,0,-1,0,0,0
labú’,VB,verb,"to strike with a machete or an ax, to smite with great force.",0.557,Positive,1,0,1,1,0,1,1,1,-1,1,1,1,1,1,-1,0,1,1,1,1,1
lábyug,VB,verb,"to hurl, to fling, to throw to a far distance.",0,Neutral,0,0,0,0,1,1,0,1,0,0,0,0,0,0,0,0,0,0,0,-1,1
láb’as,JJ,adjective,"raw, fresh as of fruits and vegetables.",0.318,Positive,1,0,1,1,1,0,1,1,1,1,1,1,1,-1,1,1,1,-1,1,1,1
láb’uk,VB,verb,"to sip, to take a draught.",0,Neutral,0,0,0,0,1,1,0,0,0,0,0,0,0,0,0,0,0,0,0,0,0
ládlad,VB,verb,"to open, to spread, to unfold.",0,Neutral,0,0,0,0,0,0,0,0,0,0,0,0,1,1,0,0,0,0,1,0,0
lae,NN,noun,adultery synonym: láyì,0,Neutral,0,0,0,0,0,1,0,0,0,0,0,0,0,-1,0,0,0,0,-1,0,0
lag-it,NN,noun,"cheat , imposter , sneak , swindler , trickster",-0.599,Negative,-1,0,-1,-1,0,1,-1,0,-1,-1,1,-1,-1,-1,-1,-1,-1,-1,1,-1,-1
lag-it,VB,verb,"to cheat , swindle",-0.751,Negative,-1,-1,-1,-1,-1,-1,-1,0,-1,-1,-1,-1,-1,1,-1,-1,0,-1,-1,-1,-1
lagabúng,VB,verb,"to fall to the ground with a flop, to rumble.",-0.34,Negative,-1,-1,-1,-1,-1,-1,-1,-1,1,-1,-1,-1,-1,-1,-1,-1,-1,-1,-1,-1,-1
lagari,NN,noun,saw ( tool ),0,Neutral,0,0,0,0,-1,1,0,1,1,1,0,0,0,0,0,0,0,0,0,0,0
lagári’,NN,noun,"saw, carpenter’s tool.",0,Neutral,0,0,0,0,-1,0,0,0,0,0,0,0,0,0,0,0,0,0,0,0,0
lagári’,VB,verb,to cut with a saw.,-0.273,Negative,-1,0,-1,-1,-1,0,0,1,-1,-1,-1,-1,-1,-1,-1,-1,1,-1,0,-1,-1
lagás,VB,verb,"to pursue, to run after, to chase.",0,Neutral,0,0,0,0,-1,-1,-1,0,0,0,0,0,0,0,0,-1,0,-1,0,1,0
lagátik,NN,noun,"snap, clicking sound.",0,Neutral,0,0,0,0,0,0,0,0,0,-1,0,0,0,0,0,1,0,-1,0,0,-1
lagatúk,NN,noun,"snap, dull thud, dull sound.",-0.66,Negative,-1,0,-1,-1,0,0,-1,-1,-1,-1,-1,-1,-1,0,-1,-1,-1,-1,-1,-1,-1
lágawlágaw,VB,verb,"to wander about, to roam around, to stroll.",0,Neutral,0,0,0,0,-1,-1,0,0,0,0,0,0,0,0,0,0,1,0,0,0,0
lágda’,NN,noun,"mark, sign, signature.",0,Neutral,0,0,0,0,0,0,0,1,1,0,0,-1,0,0,0,0,0,0,0,0,0
lági,RB,adverb,"frequently, often.",0,Neutral,0,0,0,0,1,0,0,0,0,0,-1,0,0,0,-1,0,1,0,0,0,0
lágpit,NN,noun,rat trap.,-0.318,Negative,-1,0,-1,-1,0,0,-1,-1,-1,-1,-1,1,-1,-1,-1,-1,-1,-1,-1,-1,-1
lágtum,JJ,adjective,"black, dark.",0,Neutral,0,0,0,0,0,-1,-1,-1,-1,0,0,0,0,0,0,0,0,0,0,0,0
lagú,NN,noun,earthworm.,0,Neutral,0,0,0,0,-1,0,0,0,-1,0,0,0,-1,0,0,0,0,-1,0,-1,0
lagú’,NN,noun,"soiled clothes, laundry.",0,Neutral,0,0,0,0,0,1,0,0,0,0,0,0,1,0,0,0,0,0,0,1,0
lagwerta,NN,noun,orchard,0,Neutral,0,0,0,0,0,0,0,0,0,0,0,0,0,1,0,0,0,0,0,0,-1
lagwerta,NN,noun,lawn,0,Neutral,0,0,0,0,0,-1,0,1,0,0,0,0,0,0,0,0,1,0,0,0,0
lagwerta,NN,noun,"garden synonyms: hardin , talamnan",0,Neutral,0,0,0,0,0,0,0,0,0,0,0,0,0,0,0,1,0,0,0,0,0
lagwérta,NN,noun,"lawn, yard, orchard.",0,Neutral,0,0,0,0,0,0,0,0,0,0,0,0,0,0,0,0,0,0,0,0,-1
lagwertero,NN,noun,gardener,0,Neutral,0,0,0,0,0,0,0,0,0,0,0,0,1,1,0,0,0,0,0,0,0
lágyu’,RB,adverb,"far, at a distance.",0,Neutral,0,0,0,0,0,0,0,0,0,0,0,0,0,0,0,0,0,0,0,0,0
lágyu’,VB,verb,"to run away, to flee, to go to a far off place.",0,Neutral,0,0,0,0,1,1,0,-1,0,0,0,0,0,0,0,0,0,0,0,0,0
laham,VB,verb,"to touch , feel",0,Neutral,0,0,0,0,0,1,-1,0,0,0,0,0,0,1,0,0,0,0,0,0,0
lahúg,NN,noun,"joke, teasing.",0.226,Positive,1,1,1,1,0,-1,1,1,1,1,1,1,0,1,1,1,1,1,1,1,1
lahúgláhug,NN,noun,"joke, teasing.",0.226,Positive,1,1,1,1,1,1,1,1,1,1,1,1,1,1,1,1,1,0,1,1,1
lahúgláhug,VB,verb,"to joke, to make fun, to quip.",0.67,Positive,1,1,1,1,1,1,1,1,1,1,1,1,1,1,1,1,1,1,1,0,1
lakát,NN,noun,"trip, walk, business trip.",0,Neutral,0,0,0,0,1,1,0,0,0,0,0,0,-1,0,0,0,0,0,0,0,0
lakát,VB,verb,"to walk, to go, to leave.",-0.052,Negative,-1,0,-1,-1,0,-1,-1,-1,-1,-1,1,-1,-1,-1,-1,-1,-1,-1,-1,-1,-1
laká’,JJ,adjective,"scarce, rare, sometimes.",0,Neutral,0,0,0,0,-1,-1,0,0,0,0,0,1,0,0,0,0,0,0,0,0,0
lákbang,VB,verb,"to stride, to make a big step.",0,Neutral,0,0,0,0,0,0,0,0,0,0,0,0,0,0,0,0,-1,0,0,1,0
lakíp,VB,verb,"to include, to enclose, to insert.",0,Neutral,0,1,0,0,0,1,0,0,0,0,0,0,0,0,0,1,0,0,0,0,0
láklak,VB,verb,to lap with the tongue.,0,Neutral,0,0,0,0,-1,1,0,0,0,0,0,-1,0,0,0,0,0,0,1,0,0
lakon,VB,verb,to deceive ; to cheat ; to swindle synonym: lakum,-0.844,Negative,-1,-1,-1,-1,0,0,-1,-1,-1,-1,1,-1,-1,-1,-1,-1,-1,-1,-1,-1,-1
lakon,VB,verb,to embezzle ; to misappropriate,0,Neutral,0,-1,0,0,1,1,1,-1,0,1,0,1,0,0,-1,0,0,0,0,0,0
láktaw,VB,verb,"to pass over, to miss, to skip.",-0.153,Negative,-1,0,-1,-1,0,-1,-1,-1,-1,-1,-1,-1,-1,-1,0,-1,-1,-1,0,-1,-1
láktud,VB,verb,to take a short cut.,-0.273,Negative,-1,0,-1,-1,-1,-1,-1,-1,-1,-1,-1,-1,-1,-1,-1,-1,-1,-1,-1,-1,-1
lakum,VB,verb,to deceive ; to cheat ; to swindle synonym: lakon,-0.844,Negative,-1,-1,-1,-1,-1,-1,-1,-1,-1,-1,-1,-1,-1,-1,-1,-1,-1,-1,-1,-1,-1
lák’ang,NN,noun,"big step, step which is as far as the legs can extend.",0.178,Positive,1,0,1,1,1,-1,1,1,1,1,1,1,1,1,1,1,-1,1,1,1,1
lák’ang,VB,verb,"to step over, to make a big step.",0,Neutral,0,0,0,0,1,1,0,0,0,0,1,0,0,0,0,0,-1,0,0,0,0
lala,NN,noun,solfeggio,0,Neutral,0,0,0,0,0,0,0,0,0,0,0,0,0,0,0,0,0,0,0,0,-1
lala,VB,verb,( music ) to sing a lullaby,0,Neutral,0,0,0,0,0,-1,1,0,0,0,-1,0,0,0,-1,-1,0,0,0,0,1
lala,VB,verb,to strip ; to separate (meat from the bone),0,Neutral,0,0,0,0,0,-1,0,0,0,0,0,0,0,0,0,0,0,0,-1,0,0
lála,VB,verb,"to weave, to weave together.",0,Neutral,0,0,0,0,0,1,0,0,-1,0,0,1,0,0,0,0,0,0,0,0,0
lala-lala,VB,verb,diminutive of lála,0,Neutral,0,0,0,0,0,1,0,0,0,0,1,1,0,0,0,0,0,0,0,0,0
lalaki,NN,noun,"a man , an adult male",0,Neutral,0,0,0,0,0,0,0,0,0,0,0,0,0,-1,0,0,0,0,1,0,0
laláki,NN,noun,"male, man, boy, male illicit lover.",0.586,Positive,1,0,1,1,0,0,1,1,1,1,1,1,1,1,1,1,1,1,1,-1,1
laláw,VB,verb,"to be in black mourning dress, to wear mourning clothes.",-0.7,Negative,-1,0,-1,-1,1,-1,-1,-1,1,-1,-1,-1,-1,-1,-1,1,-1,-1,1,-1,1
lalá’,VB,verb,"to become seriously ill, to become severe.",-0.727,Negative,-1,0,-1,-1,-1,-1,-1,-1,1,-1,-1,0,-1,-1,-1,-1,-1,-1,-1,-1,-1
lalím,NN,noun,flavor.,0,Neutral,0,0,0,0,-1,-1,0,0,0,0,0,1,0,0,-1,0,0,1,0,0,0
lális,VB,verb,"to pay no heed to, to disobey.",-0.382,Negative,-1,0,-1,-1,0,0,1,-1,1,1,-1,-1,-1,-1,-1,-1,0,-1,0,-1,-1
lámang,CC,conjunction,"but, only, mere, just.",0,Neutral,0,0,0,0,-1,1,1,0,0,1,0,0,0,0,0,0,0,0,0,0,0
lamá’lamá’,VB,verb,"to cut into small pieces as of ribs, to cut meat with bones into thin pieces.",-0.494,Negative,-1,0,-1,-1,0,0,-1,-1,-1,-1,-1,-1,-1,-1,1,-1,-1,-1,-1,-1,0
laḿbat,NN,noun,"net, woven rattan net of native beds.",0,Neutral,0,0,0,0,-1,-1,0,0,0,0,0,0,0,-1,0,0,0,0,0,0,0
lámbut,VB,verb,"to reach, to arrive, to attain.",0.026,Neutral,0,0,1,0,0,0,-1,0,0,0,0,0,1,0,0,0,0,0,0,0,0
lamésa,NN,noun,table.,0,Neutral,0,0,0,0,0,0,0,0,0,0,-1,0,-1,0,0,0,1,0,1,0,0
laḿgud,JJ,adjective,barren.,0,Neutral,0,0,0,0,0,1,-1,0,0,0,1,0,0,0,0,0,0,0,0,0,0
lamíg,NN,noun,coldness.,0,Neutral,0,0,0,0,-1,0,0,0,0,0,0,0,0,0,0,0,1,0,0,0,0
lamíg,JJ,adjective,"cold, cool, low in temperature for weather and liquids.",0.052,Positive,1,0,1,1,0,0,1,1,1,1,1,1,1,1,-1,1,0,1,1,0,1
lamígas,NN,noun,"grain, cereal.",0,Neutral,0,0,0,0,1,1,0,0,0,0,-1,0,0,0,1,0,0,0,0,0,0
lámluk,NN,noun,moth.,0,Neutral,0,0,0,0,0,0,0,0,0,0,0,0,-1,0,0,1,-1,0,0,0,0
lamok,NN,noun,mosquito,0,Neutral,0,0,0,0,0,-1,1,-1,0,0,1,0,1,0,0,0,0,0,0,0,0
lamokon,JJ,adjective,filled with mosquitoes,0,Neutral,0,0,0,0,0,-1,0,0,1,0,0,0,0,0,0,0,0,0,-1,0,0
lamokon,JJ,adjective,related to mosquitoes,0,Neutral,0,0,0,0,1,0,-1,0,-1,0,0,-1,0,0,0,-1,0,0,1,0,-1
lampás,VB,verb,"to surpass, to overtake.",0,Neutral,0,0,0,0,0,0,0,0,0,0,0,0,0,0,0,0,0,0,0,0,0
lampásu,NN,noun,"rag, mop, scrub.",0,Neutral,0,0,0,0,0,-1,0,0,0,0,0,0,0,0,0,0,1,0,0,0,0
lampásu,VB,verb,"to mop, to scrub the floor.",0,Neutral,0,0,0,0,0,0,0,0,0,0,0,0,0,0,1,0,-1,-1,0,0,0
lampín,NN,noun,baby’s diaper.,0,Neutral,0,0,0,0,0,0,0,0,0,0,1,0,0,-1,1,-1,0,0,0,0,1
lampitáw,JJ,adjective,"well-known, famous.",0,Neutral,0,1,0,0,0,0,0,0,-1,0,0,0,0,0,0,0,0,0,0,1,0
lámpus,VB,verb,"to hit someone with something, to strike hard with an instrument.",-0.226,Negative,-1,-1,-1,-1,0,0,0,-1,-1,-1,-1,-1,-1,-1,-1,-1,-1,-1,-1,-1,-1
lampú’as,VB,verb,"to pass, to reach beyond and move on.",0.026,Neutral,0,0,1,0,-1,1,0,0,0,0,0,0,0,0,0,0,0,0,0,0,0
lamúd,VB,verb,"to mix with, to add to.",0,Neutral,0,0,0,0,0,0,0,0,0,0,0,0,0,0,-1,0,0,0,0,0,0
lamúk,NN,noun,mosquito.,0,Neutral,0,0,0,0,-1,0,0,0,0,0,0,0,0,0,-1,0,0,0,0,0,0
lamún,NN,noun,blind.,-0.402,Negative,-1,0,-1,-1,-1,0,-1,-1,-1,-1,-1,-1,-1,-1,-1,-1,-1,-1,-1,-1,-1
lámun,VB,verb,"to eat like an animal, to gulp down food hungrily.",0.361,Positive,1,-1,1,1,-1,-1,0,1,1,1,1,1,1,1,1,1,1,1,-1,1,1
lána,NN,noun,"wool, oil especially coconut oil.",0,Neutral,0,0,0,0,1,1,0,0,1,0,-1,0,0,1,0,0,0,0,0,0,0
landong,NN,noun,shadow synonym: halon,0,Neutral,0,0,0,0,0,0,1,0,0,0,0,0,0,0,0,0,1,0,1,1,0
lándung,NN,noun,"shade, shadow.",0,Neutral,0,0,0,0,0,0,1,-1,0,0,-1,0,0,0,-1,0,0,0,0,-1,0
láng,RP,particle,"only, also, just.",0,Neutral,0,0,0,0,0,0,0,0,0,0,0,0,-1,0,0,0,0,0,0,0,0
lángaw,NN,noun,fly.,0,Neutral,0,0,0,0,1,0,0,1,0,0,0,0,0,0,0,0,0,0,0,0,0
langgaw,NN,noun,vinegar,0,Neutral,0,0,0,0,1,0,-1,0,0,0,0,0,0,0,-1,0,0,0,0,0,0
lánggaw,NN,noun,vinegar.,0,Neutral,0,0,0,0,0,0,0,0,0,0,0,0,-1,0,0,0,1,0,0,0,0
langís,NN,noun,"oil, especially coconut oil.",0,Neutral,0,0,0,0,0,0,0,1,0,0,0,0,0,0,0,0,0,1,0,0,0
langit,NN,noun,"sky , heaven synonym: ginhanan",0.511,Positive,1,0,1,1,0,0,1,0,1,0,1,1,-1,1,1,1,1,1,1,1,1
lángit,NN,noun,"heaven, sky, outer space.",0.511,Positive,1,0,1,1,1,-1,1,1,1,1,0,1,1,1,1,0,1,0,1,1,-1
lángkag,VB,verb,"to worry, to be anxious about.",-0.599,Negative,-1,0,-1,-1,1,1,-1,-1,-1,-1,-1,-1,-1,0,-1,1,-1,-1,-1,-1,-1
lángka’,NN,noun,jackfruit.,0,Neutral,0,0,0,0,0,-1,-1,0,0,0,0,0,-1,0,0,0,0,0,0,1,1
langoy,NN,noun,swim synonym: dangaw,0,Neutral,0,0,0,0,0,-1,-1,0,0,0,0,0,0,0,0,0,0,-1,0,0,0
langúy,VB,verb,to swim.,0,Neutral,0,0,0,0,0,0,0,0,0,0,0,0,0,0,0,0,-1,0,0,0,0
láng’at,NN,noun,"interval, space between.",0,Neutral,0,0,0,0,0,1,0,0,0,0,0,0,1,0,0,0,-1,-1,0,1,0
láng’ug,JJ,adjective,"rotten, foul odor of stagnant water.",-0.511,Negative,-1,0,-1,-1,0,-1,-1,-1,-1,1,-1,-1,-1,-1,-1,-1,-1,-1,-1,-1,1
lanog,NN,noun,"weal ; bruise , black eye",0,Neutral,0,0,0,0,-1,1,0,0,0,0,0,0,0,-1,0,1,0,0,-1,0,0
lanog,JJ,adjective,bruised,0,Neutral,0,0,0,0,0,0,0,0,0,0,0,0,0,0,1,0,0,0,0,1,0
lansang,NN,noun,nail ( spike-shaped metal fastener ),0,Neutral,0,0,0,0,0,0,0,0,0,-1,0,-1,0,0,0,0,1,0,0,0,0
lansang,VB,verb,to nail,0,Neutral,0,0,0,0,-1,-1,0,0,0,0,0,0,0,0,0,0,0,0,0,0,0
lánsang,NN,noun,nail.,0,Neutral,0,0,0,0,0,0,0,0,0,0,0,0,0,-1,-1,-1,0,0,0,0,0
lánsang,VB,verb,to drive a nail.,0,Neutral,0,0,0,0,0,0,0,0,0,0,0,0,0,0,-1,0,0,0,0,0,0
lansítas,NN,noun,pocket knife.,0,Neutral,0,0,0,0,0,-1,0,0,1,0,1,0,0,0,0,0,0,0,0,0,0
lánta,JJ,adjective,"withered, faded as of plants and flowers.",0,Neutral,0,0,0,0,0,0,0,0,1,0,0,0,0,-1,0,0,0,0,0,0,0
lántaw,VB,verb,"to watch, to see, to look out of the window.",0,Neutral,0,0,0,0,0,1,0,-1,0,0,0,1,0,0,0,1,0,0,0,0,0
lántun,NN,noun,"tune, song, music, music sheet.",0,Neutral,0,0,0,0,1,1,1,1,0,-1,0,0,0,0,0,0,0,0,0,0,0
lántun,VB,verb,to play a musical instrument.,0.34,Positive,1,0,1,1,0,0,1,1,1,1,1,1,1,1,1,1,1,1,1,0,1
lanúg,NN,noun,"echo, black and blue mark, rotten portion.",-0.511,Negative,-1,-1,-1,-1,1,1,-1,-1,0,-1,-1,-1,1,-1,-1,-1,1,-1,-1,-1,-1
lányatlányat,NN,noun,membrane.,0,Neutral,0,0,0,0,-1,-1,0,0,0,0,0,0,1,0,-1,0,0,0,-1,0,0
lap-ok,NN,noun,blister,0,Neutral,0,0,0,0,-1,0,0,0,0,0,0,0,0,0,-1,0,0,0,0,0,0
lápad,NN,noun,"width, area, broadness.",0,Neutral,0,0,0,0,0,0,1,0,0,0,1,0,0,0,0,-1,0,0,0,0,0
lápad,JJ,adjective,"wide, broad, extensive.",0,Neutral,0,0,0,0,0,0,0,0,0,0,0,0,0,0,0,0,0,0,0,0,0
lápak,VB,verb,"to trample on, to step on, to treat with pride or contempt.",0.077,Positive,1,0,1,1,0,0,1,1,1,1,1,1,1,1,-1,1,-1,0,1,1,1
lápas,VB,verb,"to violate, to disobey an order.",-0.494,Negative,-1,0,-1,-1,-1,1,1,-1,-1,-1,1,1,-1,1,-1,-1,-1,-1,-1,-1,-1
lapáw,VB,verb,"to be higher than, to exceed, to overflow.",0,Neutral,0,0,0,0,-1,-1,0,0,0,0,0,0,0,0,0,0,-1,0,0,0,0
lapá’lapá’,VB,verb,"to cut into small pieces, to mangle.",-0.273,Negative,-1,0,-1,-1,1,0,-1,-1,-1,-1,-1,-1,-1,-1,-1,-1,1,-1,-1,-1,-1
lápdus,VB,verb,"to hit with a strong force, to beat with intentions to destroy, to hit hard.",-0.153,Negative,-1,0,-1,-1,-1,-1,-1,-1,-1,-1,-1,-1,-1,-1,-1,-1,-1,1,1,-1,1
lápis,NN,noun,pencil.,0,Neutral,0,0,0,0,-1,-1,0,0,0,0,0,0,0,0,0,0,0,0,0,0,0
lapít,JJ,adjective,"near, close, intimate.",0,Neutral,0,0,0,0,0,-1,0,0,0,1,0,0,0,0,0,0,0,0,0,-1,0
lapít,VB,verb,"to approach, to move near, to be close by.",0,Neutral,0,0,0,0,0,0,1,-1,1,0,1,0,0,0,0,0,0,0,0,0,-1
laplap,VB,verb,"cut , slice",-0.273,Negative,-1,0,-1,-1,1,0,0,-1,-1,-1,-1,1,-1,-1,-1,-1,-1,-1,-1,-1,-1
lápnag,VB,verb,"to become extensive, to spread, to propagate.",0,Neutral,0,0,0,0,-1,1,0,0,0,0,0,0,0,0,0,0,0,0,0,0,0
lápsag,NN,noun,"baby of age one to two, infant.",0,Neutral,0,0,0,0,0,0,0,0,0,0,0,0,0,0,0,-1,-1,0,0,0,0
lápsi’,JJ,adjective,"frail, wan, pale, pallid.",0,Neutral,0,0,0,0,0,0,0,0,0,0,0,0,0,0,0,0,0,0,1,0,0
lápta,VB,verb,"to extend, to spread, to scatter.",0.178,Positive,1,0,1,1,0,0,1,1,1,-1,1,1,-1,0,-1,0,1,1,1,1,1
lápus,VB,verb,"to pierce, to penetrate, to go through.",0,Neutral,0,0,0,0,1,1,-1,0,0,0,0,0,-1,0,0,0,0,0,0,0,0
lapuyot,JJ,adjective,"thick , condensed , coagulated",0,Neutral,0,0,0,0,-1,0,0,0,0,0,-1,0,0,0,0,-1,0,-1,1,0,0
lapuyot,VB,verb,"to thicken , condense",0,Neutral,0,0,0,0,0,1,0,0,0,0,-1,0,0,0,0,0,0,1,0,0,0
lapúyut,JJ,adjective,"sticky, thick in texture especially of liquids.",0,Neutral,0,0,0,0,0,0,0,1,0,0,0,0,0,0,0,0,0,0,0,0,0
lápyu,VB,verb,"to tire, to get exhausted.",-0.361,Negative,-1,-1,-1,-1,0,-1,-1,1,0,-1,-1,-1,-1,1,-1,0,-1,-1,-1,-1,-1
laranghíta,NN,noun,nectarine.,0,Neutral,0,0,0,0,-1,-1,0,0,0,0,0,1,0,0,1,0,0,0,0,0,0
laráwan,NN,noun,picture.,0,Neutral,0,0,0,0,0,0,0,0,0,-1,0,0,0,0,0,0,0,0,0,-1,1
larawanan,NN,noun,photographer's studio,0,Neutral,0,0,0,0,0,-1,0,1,0,0,0,0,0,-1,0,0,0,0,0,0,0
lárga,VB,verb,"to travel away on a boat, to sail away.",0,Neutral,0,0,0,0,1,0,0,0,0,-1,0,0,1,0,1,0,0,1,1,1,0
lasáw,NN,noun,molasses.,0,Neutral,0,0,0,0,0,-1,1,0,0,0,0,0,0,0,0,-1,0,-1,0,0,0
lasi,NN,noun,( anatomy ) gum,0,Neutral,0,0,0,0,0,0,0,0,0,0,0,0,1,0,0,0,0,0,0,0,0
lásu,NN,noun,"ribbon, trimming.",0,Neutral,0,0,0,0,0,0,0,-1,0,0,0,0,0,1,0,0,0,0,0,0,0
lás’ay,JJ,adjective,"bland in taste, unsavory.",-0.44,Negative,-1,0,-1,-1,0,0,-1,-1,-1,-1,-1,-1,-1,-1,-1,-1,-1,-1,-1,-1,-1
láta,NN,noun,"tin, can.",0,Neutral,0,0,0,0,0,-1,0,0,0,0,0,0,0,-1,-1,0,0,0,0,-1,0
látag,VB,verb,"to bleach, to put out in the sun.",0,Neutral,0,0,0,0,0,0,0,0,0,0,0,-1,0,-1,-1,0,0,-1,0,0,0
latagon,NN,noun,"valley , a rural area",0,Neutral,0,0,0,0,0,0,0,0,0,0,0,0,0,0,1,0,0,0,0,0,0
látay,VB,verb,"to cross a narrow footbridge without support, to balance oneself on a narrow board.",-0.309,Negative,-1,-1,-1,-1,0,1,-1,-1,-1,-1,-1,-1,-1,-1,-1,-1,-1,-1,1,-1,-1
latayan,NN,noun,a narrow bridge often with no handrail,-0.296,Negative,-1,-1,-1,-1,-1,-1,-1,-1,-1,-1,-1,-1,-1,-1,-1,-1,-1,-1,-1,-1,1
latayan,NN,noun,gangplank,0,Neutral,0,0,0,0,-1,-1,0,0,0,1,0,0,0,0,-1,0,0,0,0,0,0
latá’,JJ,adjective,"rotten, overcooked.",-0.511,Negative,-1,-1,-1,-1,0,0,0,-1,-1,1,-1,1,-1,-1,-1,-1,-1,-1,1,-1,-1
látid,VB,verb,"to line, to mark, to limit, to make a boundary.",0,Neutral,0,0,0,0,-1,-1,0,0,0,0,-1,0,0,0,0,-1,-1,0,0,0,0
latigú,NN,noun,whip.,0,Neutral,0,0,0,0,0,0,0,0,0,0,0,0,1,0,0,0,0,0,0,0,0
latok,NN,noun,table synonym: lamesa,0,Neutral,0,0,0,0,0,0,0,0,0,1,0,0,0,0,0,0,0,-1,0,0,0
latúk,NN,noun,table.,0,Neutral,0,0,0,0,0,0,0,0,0,0,0,0,1,0,0,0,0,0,0,0,0
látum,VB,verb,to penetrate to the innermost part.,0,Neutral,0,0,0,0,0,0,1,0,0,0,0,0,0,0,0,1,0,0,0,1,0
latún,NN,noun,tin can with a volume content of five gallons.,0,Neutral,0,0,0,0,0,0,0,-1,0,1,0,0,0,0,0,-1,0,0,0,0,0
latún,VB,verb,"to infect, to contaminate.",0,Neutral,0,0,0,0,0,1,0,0,0,0,0,0,0,0,0,0,0,0,0,0,0
laum,VB,verb,to hope,0.44,Positive,1,1,1,1,0,0,1,1,1,1,1,1,1,0,1,1,-1,-1,1,1,0
law-ay,JJ,adjective,ugly nag láw-ay ang íya nga pangguyáhon. the expression on his face became ugly .,-0.844,Negative,-1,-1,-1,-1,-1,1,-1,-1,-1,-1,-1,-1,-1,-1,-1,-1,-1,-1,0,-1,-1
law-ay,JJ,adjective,repulsive,0,Neutral,0,0,0,0,-1,0,0,0,0,0,0,0,0,-1,0,0,0,0,0,0,0
law-ay,JJ,adjective,nasty,-0.557,Negative,-1,-1,-1,-1,0,0,-1,1,-1,-1,-1,-1,-1,-1,1,-1,-1,-1,-1,-1,-1
law-ay,JJ,adjective,mean,0,Neutral,0,0,0,0,-1,-1,0,0,0,1,0,0,0,1,0,0,0,0,0,0,0
law-ay,JJ,adjective,hideous,0,Neutral,0,0,0,0,0,0,0,0,0,0,0,-1,0,0,0,0,0,0,0,0,0
law-ay,JJ,adjective,obscene,-0.586,Negative,-1,-1,-1,-1,0,0,0,0,-1,-1,-1,-1,-1,-1,-1,-1,-1,-1,-1,-1,-1
law-ay,VB,verb,"to be or become ugly, repulsive, hideous, forbidding , etc.",-0.735,Negative,-1,-1,-1,-1,-1,-1,-1,-1,-1,-1,-1,0,-1,1,-1,-1,-1,-1,0,0,-1
lawa,NN,noun,spiderweb,0,Neutral,0,0,0,0,-1,-1,1,0,0,0,0,0,0,1,-1,0,0,1,1,0,0
láwag,VB,verb,"to pronounce, to call out.",0,Neutral,0,0,0,0,0,-1,0,1,0,0,0,-1,0,0,0,0,0,0,0,0,0
lawas,NN,noun,( anatomy ) body ; torso,0,Neutral,0,0,0,0,0,0,1,-1,0,1,0,0,0,0,0,-1,0,0,0,0,0
lawas,NN,noun,"cadaver ; corpse ; dead body synonyms: bangkay , patay",-0.84,Negative,-1,-1,-1,-1,0,0,0,-1,-1,-1,-1,1,-1,-1,-1,-1,-1,-1,-1,-1,-1
láwas,NN,noun,"body, human body.;  representative.",0,Neutral,0,0,0,0,-1,-1,0,0,0,0,0,0,0,-1,0,0,0,0,0,0,0
láwa’,NN,noun,spider web.,0,Neutral,0,0,0,0,0,0,0,0,0,0,0,0,0,0,0,-1,0,0,-1,0,0
láwid,NN,noun,"of distance, length.",0,Neutral,0,0,0,0,0,0,-1,0,0,0,0,-1,0,0,0,0,0,0,0,0,0
láwid,JJ,adjective,"of distance, long, long stretch.",0,Neutral,0,0,0,0,0,1,0,0,0,0,0,0,0,0,0,0,-1,0,0,0,0
láwig,JJ,adjective,"lengthy, wide, broad, extensive.",0,Neutral,0,0,0,0,0,0,0,0,0,0,0,-1,0,0,0,0,0,0,0,0,0
láwlaw,JJ,adjective,"loose about the waist, of clothing, loose.",-0.557,Negative,-1,-1,-1,-1,0,0,-1,0,0,-1,-1,-1,-1,1,-1,-1,-1,-1,-1,-1,-1
láw’ay,JJ,adjective,"ugly, offensive, repulsive.",-0.743,Negative,-1,-1,-1,-1,-1,-1,-1,-1,0,-1,-1,-1,0,-1,-1,-1,-1,-1,-1,-1,-1
láya,NN,noun,fish net.,0,Neutral,0,0,0,0,-1,-1,0,0,0,0,0,-1,0,0,0,0,0,0,0,0,0
láyag,NN,noun,sail for a boat.,0,Neutral,0,0,0,0,0,0,0,0,0,0,1,0,0,0,-1,0,0,1,0,0,0
láyas,VB,verb,"to run away, to flee from, to go away without permission, to run away from home.",0,Neutral,0,0,0,0,0,0,0,0,0,0,0,0,0,0,0,0,-1,1,-1,0,0
layát,VB,verb,to sag as of skin.,0,Neutral,0,0,0,0,0,0,0,0,0,1,0,0,1,0,0,0,0,1,0,0,0
láya’,VB,verb,"to wither, to fade, to dry up as of flowers and plants.",0,Neutral,0,0,0,0,0,-1,1,0,0,-1,1,0,0,0,-1,0,0,0,0,0,0
láygay,VB,verb,"to advise, to talk, to lecture, to preach.",0,Neutral,0,0,0,0,0,0,0,0,0,0,0,0,-1,0,0,0,0,-1,0,0,0
layi,NN,noun,adultery synonym: láè,0,Neutral,0,0,0,0,0,0,0,0,0,0,0,1,0,0,0,0,0,0,0,0,0
layi,VB,verb,to commit adultery,0.296,Positive,1,1,1,1,0,0,-1,1,1,-1,1,1,0,1,-1,1,1,1,1,1,1
layí,NN,noun,"law, bill.",0,Neutral,0,0,0,0,1,1,0,1,0,1,0,0,1,0,0,0,0,1,0,1,0
layúng,VB,verb,"to dry up, to wither.",0,Neutral,0,0,0,0,0,1,0,0,1,0,0,0,1,0,0,0,0,-1,0,-1,0
layú’,NN,noun,"of distance, far.",0,Neutral,0,0,0,0,0,0,0,0,0,0,0,0,0,0,0,-1,0,0,0,1,0
layú’,JJ,adjective,"far, distant.",0,Neutral,0,0,0,0,0,0,1,0,0,0,-1,0,0,0,0,0,0,1,0,0,0
layú’,VB,verb,"to go far, to go away, to be far.",0,Neutral,0,0,0,0,0,0,0,0,-1,0,0,0,0,0,0,0,1,0,0,0,0
lá’aw,VB,verb,"to watch, to observe, to look out of the window.",0,Neutral,0,0,0,0,0,0,0,1,0,-1,0,0,0,0,0,0,0,0,0,0,0
lá’ga’,VB,verb,"to boil, to cook in water.",0,Neutral,0,0,0,0,0,0,0,0,0,0,0,0,0,0,0,0,0,0,0,0,0
la’ín,JJ,adjective,"different, changed, dissimilar, various.",0,Neutral,0,0,0,0,1,0,0,0,0,0,0,0,-1,0,0,0,0,0,0,1,0
la’ín,VB,verb,"to change, to be different.",0,Neutral,0,0,0,0,-1,0,0,0,1,0,0,0,0,-1,0,0,0,0,0,-1,0
lá’in,JJ,adjective,"bad, immodest, unfavorable, unjurous.",-0.542,Negative,-1,-1,-1,-1,0,-1,-1,-1,-1,-1,-1,-1,-1,-1,-1,-1,-1,-1,-1,-1,-1
lá’ug,VB,verb,"to roam, to stroll, to walk about.",0,Neutral,0,0,0,0,-1,-1,0,0,0,0,0,1,0,0,0,0,-1,0,0,0,0
lá’um,VB,verb,"to hope, to expect, to trust, to estimate.",0.735,Positive,1,1,1,1,0,0,1,1,1,1,0,1,1,1,0,0,1,1,1,1,-1
la’ún,NN,noun,"old maid, bachelor girl.",0,Neutral,0,0,0,0,1,1,1,0,0,0,0,0,0,0,0,-1,1,0,0,0,0
lá’ut,JJ,adjective,"vile, bad, malicious, wicked.",-0.9,Negative,-1,-1,-1,-1,0,0,1,-1,-1,-1,-1,-1,-1,-1,0,-1,-1,-1,1,-1,-1
leksyón,NN,noun,lesson.,0,Neutral,0,0,0,0,1,-1,0,0,0,0,0,-1,0,0,0,0,0,0,0,0,0
létse,NN,noun,volume measure amounting to one eight-ounce tin can.,0,Neutral,0,0,0,0,0,0,0,0,0,0,0,0,0,1,0,0,0,0,0,0,0
létse,UH,interjection,"damn, damn you.",-0.66,Negative,-1,-1,-1,-1,0,1,-1,-1,-1,1,-1,-1,-1,-1,-1,-1,-1,-1,-1,-1,-1
libák,VB,verb,"to backbite, to deride.",-0.273,Negative,-1,-1,-1,-1,-1,-1,-1,-1,-1,-1,-1,-1,-1,-1,-1,-1,-1,-1,-1,-1,-1
libańg,VB,verb,"to amuse, to entertain, to comfort.",0.758,Positive,1,1,1,1,-1,0,-1,1,1,1,1,1,1,1,1,1,1,1,1,1,1
libát,JJ,adjective,cross-eyed.,0,Neutral,0,0,0,0,1,1,0,0,0,0,0,0,0,0,0,0,0,0,0,0,0
libát,VB,verb,to become cross-eyed.,0,Neutral,0,0,0,0,0,0,0,0,0,0,-1,0,0,0,0,0,0,0,0,0,0
líbra,NN,noun,pound.,0,Neutral,0,0,0,0,0,0,0,-1,0,0,0,0,0,0,0,1,0,0,0,0,1
libre,JJ,adjective,free ; without charge ; gratis,0.486,Positive,1,1,1,1,0,1,1,1,1,1,1,1,1,1,1,1,1,1,1,-1,1
líbre,JJ,adjective,"free, gratis.",0.542,Positive,1,1,1,1,0,0,1,1,1,1,1,1,-1,1,1,1,1,1,1,1,1
libreríya,NN,noun,library.,0,Neutral,0,0,0,0,1,1,-1,0,0,0,0,0,0,0,0,0,0,0,0,0,0
líbro,NN,noun,book.,0,Neutral,0,0,0,0,0,0,0,0,0,0,1,0,-1,1,0,0,1,-1,0,0,0
líbu,CD,numeral,thousand.,0,Neutral,0,0,0,0,0,0,0,0,0,0,0,0,1,0,0,0,0,0,0,0,0
líbud,VB,verb,"to peddle door to door, to go around.",0,Neutral,0,0,0,0,1,0,0,0,0,0,0,0,0,1,1,0,1,0,0,0,0
libúg,NN,noun,"trouble, problem, worry.",-0.807,Negative,-1,-1,-1,-1,0,0,-1,-1,-1,-1,-1,-1,-1,1,-1,-1,-1,0,-1,-1,1
libúg,VB,verb,"to be confused, to be worried, to have a problem.",-0.735,Negative,-1,-1,-1,-1,1,-1,-1,-1,1,-1,1,-1,0,-1,-1,-1,-1,-1,-1,-1,-1
líbug,NN,noun,bumblebee.,0,Neutral,0,0,0,0,-1,-1,0,0,0,0,0,1,0,0,0,0,0,0,0,0,0
libún,NN,noun,"enclosure, fence.",0,Neutral,0,0,0,0,0,0,0,0,0,0,0,0,0,0,0,0,0,0,0,0,0
libún,VB,verb,"to enclose, to surround.",0,Neutral,0,0,0,0,0,0,0,0,0,0,0,0,0,1,0,-1,0,0,0,0,0
líbut,VB,verb,"to walk about, to roam around, to encircle.",0,Neutral,0,0,0,0,0,0,0,0,0,0,-1,0,0,0,0,0,0,1,-1,0,0
líbut,NN,noun,surrounding.,0,Neutral,0,0,0,0,0,0,0,0,1,1,0,0,0,0,0,0,-1,0,0,0,0
lígad,VB,verb,"to pass by, to be part of the past.",0,Neutral,0,0,0,0,0,0,0,0,0,0,0,0,-1,0,0,0,0,0,0,0,0
ligás,NN,noun,"garter, belt.",0,Neutral,0,0,0,0,1,0,-1,0,0,0,0,0,0,0,0,0,0,0,-1,0,0
lígdung,JJ,adjective,"modest, serious, conservative.",-0.077,Negative,-1,-1,-1,-1,0,0,-1,-1,-1,-1,-1,-1,-1,-1,-1,0,-1,-1,-1,-1,-1
lígid,VB,verb,"to whirl, to roll, to turn over and over.",0,Neutral,0,0,0,0,-1,-1,0,0,0,1,0,0,1,0,1,0,0,0,0,0,0
ligís,VB,verb,"to mill, to crush into powder.",-0.153,Negative,-1,-1,-1,-1,0,0,-1,-1,-1,1,-1,-1,0,-1,-1,-1,-1,1,-1,-1,-1
ligúnlígun,VB,verb,"to let melt, to swallow or dissolve in the mouth.",0,Neutral,0,0,0,0,-1,0,1,-1,0,0,0,0,0,0,0,0,0,0,0,1,0
ligúy,JJ,adjective,"negligent, truant.",0,Neutral,0,0,0,0,0,0,0,0,0,0,0,0,0,0,0,0,0,-1,0,-1,-1
ligúy,VB,verb,"to play truant, to be lazy.",-0.026,Neutral,0,-1,-1,0,0,0,0,0,1,0,0,0,0,0,0,0,0,0,0,0,0
lígu’,VB,verb,"to take a bath, to bathe, to swim in the river or the ocean.",0,Neutral,0,0,0,0,-1,-1,0,0,0,1,0,0,0,-1,0,0,0,0,0,0,0
líg’un,JJ,adjective,"steady, stable, strong.",0.67,Positive,1,1,1,1,-1,0,1,1,1,0,1,1,1,-1,1,1,1,1,1,1,0
liháy,VB,verb,"to fall against for support, to lean on.",0.402,Positive,1,1,1,1,1,0,1,1,-1,1,1,1,1,-1,1,1,1,1,1,1,1
lihí’,VB,verb,"to forbid, to disapprove.",-0.318,Negative,-1,-1,-1,-1,0,1,-1,-1,1,-1,-1,-1,1,-1,-1,0,-1,-1,-1,-1,-1
likáw,VB,verb,"to shun, to avoid, to detour.",-0.296,Negative,-1,-1,-1,-1,-1,-1,-1,-1,-1,-1,-1,-1,-1,0,-1,1,-1,1,1,-1,-1
likay,VB,verb,to avoid by moving suddenly out of the way ; to dodge,-0.296,Negative,-1,-1,-1,-1,0,-1,-1,-1,-1,-1,-1,-1,-1,-1,-1,-1,1,-1,-1,-1,-1
likay,VB,verb,to escape ; to slip away ; to evade ; to elude,0.178,Positive,1,1,1,1,-1,-1,1,1,-1,-1,1,-1,1,1,1,1,1,1,0,1,1
likay,VB,verb,to avoid ; to keep away from; to keep clear of; to shun,0.103,Positive,1,1,1,1,1,1,1,-1,1,1,1,0,1,1,1,1,1,-1,1,1,1
líkday,VB,verb,"to step to one side to allow another to pass, to make way, to step aside.",0.226,Positive,1,1,1,1,-1,1,1,1,1,1,1,0,1,1,1,1,1,1,1,1,1
líkido,NN,noun,liquid.,0,Neutral,0,0,0,0,-1,1,0,0,0,-1,0,1,0,0,-1,0,0,0,0,0,0
líki’,VB,verb,"to bound, to spring, to leap with grace.",0.421,Positive,1,1,1,1,0,1,1,1,0,-1,1,0,1,1,1,1,1,1,1,1,1
likod,NN,noun,( anatomy ) back,0,Neutral,0,0,0,0,1,1,-1,0,-1,0,0,0,0,0,0,0,0,-1,0,0,0
líksi,VB,verb,"to jump around, to leap.",0,Neutral,0,0,0,0,0,0,0,0,0,0,-1,0,0,0,0,-1,0,0,0,0,0
likúd,NN,noun,back.,0,Neutral,0,0,0,0,0,0,0,0,0,0,0,0,0,0,0,0,-1,0,0,0,-1
likúm,VB,verb,"to hide a secret, to conceal.",-0.178,Negative,-1,-1,-1,-1,0,0,-1,-1,-1,-1,-1,-1,-1,-1,-1,-1,-1,-1,-1,-1,-1
likú’,VB,verb,"to turn the corner, to turn a street corner.",0,Neutral,0,0,0,0,-1,-1,-1,-1,1,1,1,0,0,0,0,0,0,0,0,0,0
líla,JJ,adjective,"violet, lavender.",0,Neutral,0,0,0,0,0,0,0,0,0,-1,0,0,0,0,0,0,0,0,-1,0,0
limá,CD,numeral,five;  fifth.,0,Neutral,0,0,0,0,-1,0,-1,0,0,1,0,0,0,0,0,0,0,0,0,0,1
límbung,NN,noun,"lie, deceit.",-0.459,Negative,-1,-1,-1,-1,0,0,-1,-1,-1,-1,-1,-1,-1,0,-1,-1,1,-1,-1,-1,-1
límbung,VB,verb,"to cheat, to deceive, to double-cross.",-0.691,Negative,-1,-1,-1,-1,1,-1,-1,-1,-1,-1,-1,-1,-1,-1,-1,-1,-1,-1,-1,-1,1
limitádo,JJ,adjective,limited.,-0.226,Negative,-1,-1,-1,-1,-1,-1,-1,-1,-1,-1,-1,-1,-1,-1,-1,1,-1,-1,-1,-1,-1
limpyabúta,NN,noun,bootblack.,0,Neutral,0,0,0,0,-1,1,0,-1,0,0,0,1,0,0,0,0,0,0,0,0,0
límug,VB,verb,to gargle.,0,Neutral,0,0,0,0,0,-1,0,0,0,0,0,0,-1,0,0,0,0,0,0,1,0
limús,NN,noun,"alm, donation.",0,Neutral,0,0,0,0,0,0,0,0,0,0,0,0,1,0,0,0,0,0,0,0,0
limús,VB,verb,"to give alms, to donate.",0,Neutral,0,0,0,0,0,0,0,0,1,0,0,0,-1,0,-1,0,1,0,0,0,0
límut,VB,verb,to forget.,-0.226,Negative,-1,-1,-1,-1,-1,0,1,-1,-1,-1,-1,0,-1,0,-1,-1,0,-1,0,-1,-1
límyo,JJ,adjective,"clean, spotless, in order.",0.402,Positive,1,1,1,1,-1,0,-1,0,1,0,1,1,1,1,1,1,1,1,1,1,1
límyo,VB,verb,"to clean, to put in order.",0.402,Positive,1,1,1,1,1,1,1,1,1,1,0,1,1,1,1,1,1,1,1,1,1
linábhan,NN,noun,washed clothes.,0,Neutral,0,0,0,0,1,1,0,0,0,0,0,1,0,-1,0,0,0,0,0,-1,0
línas,VB,verb,"to thresh as of rice, to trample upon.",0,Neutral,0,0,0,0,1,0,1,0,0,0,0,0,0,0,0,0,0,0,0,0,0
línas,NN,noun,thresher.,0,Neutral,0,0,0,0,1,-1,0,0,0,0,0,0,1,0,-1,0,0,0,-1,0,0
linaw,NN,noun,lake ; pond synonym: lim-aw,0,Neutral,0,0,0,0,0,0,0,-1,0,0,1,0,0,0,0,1,0,0,0,1,0
linaw,VB,verb,to be calm ; to be peaceful,0.67,Positive,1,1,1,1,0,0,-1,1,1,1,1,0,0,1,1,0,1,-1,1,1,1
línaw,NN,noun,"brook, stream.",0,Neutral,0,0,0,0,1,1,0,0,0,0,0,0,0,0,0,0,0,0,0,0,0
língas,VB,verb,"to distract, to confuse, to upset, to make noise.",-0.691,Negative,-1,-1,-1,-1,-1,1,0,-1,-1,-1,-1,-1,-1,-1,-1,-1,-1,-1,1,-1,1
lingáw,VB,verb,"to distract, to bother, to amuse, to relax.",0.25,Positive,1,1,1,1,1,0,1,1,0,1,1,1,1,1,1,1,0,-1,1,1,1
lingáw,JJ,adjective,"noisy, bothersome, distracting.",-0.637,Negative,-1,-1,-1,-1,1,-1,-1,-1,-1,-1,-1,-1,1,-1,-1,-1,-1,-1,-1,-1,-1
linggánay,NN,noun,bell.,0,Neutral,0,0,0,0,-1,-1,0,0,-1,0,0,0,0,0,0,0,0,0,0,0,0
línghud,JJ,adjective,"of plants, young, new.",0,Neutral,0,0,0,0,0,0,0,0,0,0,0,0,0,0,0,0,0,0,0,-1,0
língin,JJ,adjective,"dizzy, round.",-0.226,Negative,-1,-1,-1,-1,0,0,-1,-1,-1,-1,-1,-1,-1,-1,1,-1,-1,-1,1,-1,-1
língin,VB,verb,"to be dizzy, to have nausea, to feel the head spinning.",-0.226,Negative,-1,-1,-1,-1,-1,-1,-1,-1,-1,-1,-1,-1,-1,-1,-1,-1,-1,1,-1,-1,-1
lingkoranan,NN,noun,chair synonym: siya,0,Neutral,0,0,0,0,-1,0,0,-1,0,0,0,1,0,0,0,0,0,0,0,0,0
língkud,VB,verb,to sit down.,0,Neutral,0,0,0,0,0,0,0,0,0,0,0,0,0,0,1,0,0,-1,0,0,0
língling,VB,verb,"to peep through a small hole, to observe secretly through an aperture.",0,Neutral,0,0,0,0,0,0,0,-1,0,0,0,0,0,0,0,0,0,0,0,0,0
linog,NN,noun,earthquake,0,Neutral,0,0,0,0,0,0,0,0,0,0,0,0,-1,0,1,0,0,0,0,0,0
líntak,VB,verb,to emit a clicking sound.,0,Neutral,0,0,0,0,-1,0,1,-1,0,0,0,0,0,0,0,0,0,0,0,0,0
linti,NN,noun,lightning synonym: kilat,0,Neutral,0,0,0,0,0,0,0,0,0,0,0,0,0,0,0,0,0,0,0,-1,0
líntuk,NN,noun,bran.,0,Neutral,0,0,0,0,0,0,0,0,0,0,0,0,0,0,0,0,0,0,0,0,0
línug,NN,noun,earthquake.,0,Neutral,0,0,0,0,0,0,-1,0,0,0,0,0,0,-1,0,0,0,0,0,0,0
línug,VB,verb,"to have an earthquake, to shake like an earthquake.",0.202,Positive,1,1,1,1,1,0,1,1,1,1,-1,1,-1,1,1,-1,1,1,0,0,1
linúng,JJ,adjective,"calm, silent, peaceful.",0.67,Positive,1,1,1,1,1,1,1,1,1,1,0,0,1,1,1,1,1,1,1,1,1
liog,NN,noun,( anatomy ) neck,0,Neutral,0,0,0,0,1,1,0,0,0,0,0,0,0,0,0,0,0,1,0,0,0
lipák,NN,noun,"stick, small twig.",0,Neutral,0,0,0,0,0,0,0,0,0,0,0,0,1,0,1,0,0,0,0,0,0
lípas,VB,verb,to pass by as of time.,0,Neutral,0,0,0,0,0,0,0,0,0,0,0,0,0,0,0,0,0,0,0,0,0
lipát,VB,verb,"to forget, to lose the memory.",-0.557,Negative,-1,-1,-1,-1,0,0,-1,-1,-1,1,0,-1,1,0,-1,-1,-1,-1,-1,-1,-1
lipay,JJ,adjective,happy ; glad,0.772,Positive,1,1,1,1,1,-1,1,1,1,0,1,1,0,1,1,1,1,1,1,1,1
lipay,VB,verb,to gladden,0,Neutral,0,0,0,0,1,0,0,0,0,0,0,0,0,0,0,0,1,0,0,0,0
lipay,VB,verb,to be happy,0.572,Positive,1,1,1,1,0,0,1,1,1,1,1,0,0,1,1,1,1,1,1,1,1
lípay,NN,noun,"happiness, joy, delight.",0.906,Positive,1,1,1,1,1,0,1,-1,0,1,0,1,0,1,1,1,1,1,1,1,1
lípay,VB,verb,"to be delighted, to feel happy.",0.791,Positive,1,1,1,1,1,1,1,1,1,1,1,0,1,1,1,1,1,1,1,1,0
lípun,VB,verb,"to screen, to conceal, to hide.",-0.178,Negative,-1,-1,-1,-1,1,1,-1,-1,-1,-1,-1,-1,-1,-1,-1,-1,-1,-1,-1,-1,-1
lípung,VB,verb,"to faint, to fall unconscious.",0,Neutral,0,0,0,0,1,-1,0,0,-1,0,0,0,0,0,0,0,0,0,1,0,0
líp’ut,NN,noun,"shortness, brevity.",0,Neutral,0,0,0,0,0,0,-1,0,0,0,0,0,0,0,0,1,-1,1,1,0,0
líp’ut,JJ,adjective,"short, brief, curtailed.",0,Neutral,0,0,0,0,1,0,0,0,0,1,0,0,0,0,0,0,0,0,0,-1,0
lísang,VB,verb,"to be terrified, to be frightened, to be shocked.",-0.848,Negative,-1,-1,-1,-1,0,0,-1,1,-1,-1,-1,-1,-1,-1,-1,-1,-1,-1,-1,-1,-1
lisénsya,NN,noun,"license, permission.",0,Neutral,0,0,0,0,-1,-1,0,0,0,0,0,0,0,0,0,0,0,0,0,0,0
lisénsya,VB,verb,to ask permission.,0,Neutral,0,0,0,0,0,1,0,-1,0,0,0,0,0,0,1,0,0,-1,-1,0,0
lísi,VB,verb,to look about curiously or searchingly.,0,Neutral,0,0,0,0,0,0,0,-1,0,1,0,0,0,0,0,0,-1,0,0,0,0
lisík,VB,verb,to fly like chips of wood.,0.361,Positive,1,1,1,1,1,0,1,1,1,1,1,1,1,1,1,0,1,0,1,1,1
lísngadlísngad,VB,verb,"to linger, to tarry, to delay.",-0.318,Negative,-1,-1,-1,-1,1,1,-1,-1,-1,-1,-1,-1,0,-1,-1,-1,-1,-1,-1,-1,-1
liso,NN,noun,seed synonym: busol,0,Neutral,0,0,0,0,-1,-1,0,0,0,0,0,0,0,0,0,0,0,0,0,0,0
lísta,NN,noun,"list, roll.",0,Neutral,0,0,0,0,0,0,0,0,-1,0,0,-1,0,0,-1,0,0,0,0,0,0
lísta,VB,verb,"to list down, to enlist, to enroll.",0,Neutral,0,0,0,0,0,0,0,0,-1,0,0,0,0,-1,0,0,0,-1,0,0,0
lístun,NN,noun,"ribbon trimming, shoe string.",0,Neutral,0,0,0,0,0,0,1,0,0,0,-1,0,0,0,0,0,0,0,0,0,0
lísu,NN,noun,seed.,0,Neutral,0,0,0,0,0,0,0,0,0,1,0,0,0,0,0,0,1,0,0,0,0
lisúd,JJ,adjective,"hard, difficult.",-0.44,Negative,-1,-1,-1,-1,0,0,-1,-1,1,-1,0,-1,-1,-1,-1,-1,-1,-1,-1,1,-1
lisúd,NN,noun,"distress, hardship, difficulty.",-0.796,Negative,-1,-1,-1,-1,0,-1,-1,-1,-1,-1,-1,-1,0,-1,-1,-1,-1,0,-1,-1,-1
lísu’,VB,verb,"to turn about, to be awry.",0,Neutral,0,0,0,0,-1,-1,0,0,0,0,0,1,-1,1,0,0,0,1,0,0,0
litík,VB,verb,"to crack, to split, to have a flaw.",0,Neutral,0,0,0,0,1,0,0,0,0,0,0,0,0,0,0,0,0,0,0,0,0
lítra,NN,noun,letter of the alphabet.,0,Neutral,0,0,0,0,0,0,0,0,0,0,0,0,1,0,0,0,0,0,0,0,0
lítro,NN,noun,liter measure.,0,Neutral,0,0,0,0,0,0,1,0,0,0,1,0,0,0,0,0,0,0,0,0,0
litsúgas,NN,noun,lettuce.,0,Neutral,0,0,0,0,0,0,0,0,1,0,-1,0,0,0,0,0,0,-1,0,0,0
lítsun,NN,noun,whole pig roasted on live coal pit.,0,Neutral,0,0,0,0,0,0,0,0,-1,0,0,0,0,0,0,1,0,0,0,0,0
lítsun,VB,verb,to roast a whole pig.,0,Neutral,0,0,0,0,0,0,0,0,0,0,0,0,-1,0,0,0,0,0,0,0,0
lítun,VB,verb,"to migrate, to transfer, to move.",0,Neutral,0,0,0,0,0,0,0,0,0,0,0,-1,0,0,1,0,0,0,0,0,0
liwáliwá,VB,verb,"to relax, to take a vacation.",0.44,Positive,1,1,1,1,0,0,-1,0,1,1,1,1,1,1,1,0,1,1,1,1,1
liwán,VB,verb,"to do again, to repeat, to remodel.",0,Neutral,0,0,0,0,1,0,1,0,0,0,0,0,0,0,0,0,0,-1,0,0,0
liwát,RB,adverb,"again, repeatedly.",0,Neutral,0,0,0,0,0,0,0,0,-1,1,0,1,0,0,0,0,-1,1,-1,0,0
liwát,VB,verb,"to do over, to remodel, to repeat.",0,Neutral,0,0,0,0,0,0,0,0,0,0,-1,0,0,0,0,0,0,0,0,1,0
liyón,NN,noun,lion.,0,Neutral,0,0,0,0,0,0,0,0,0,0,0,0,0,0,1,0,0,0,-1,0,0
lí’ug,NN,noun,neck.,0,Neutral,0,0,0,0,0,0,0,0,-1,0,0,1,0,0,0,0,0,1,0,1,0
lóbo,NN,noun,balloon.,0,Neutral,0,0,0,0,0,0,0,0,0,0,1,0,0,0,0,0,0,0,0,-1,0
lólo,NN,noun,grandfather.,0,Neutral,0,0,0,0,0,0,0,0,0,0,1,0,0,0,0,0,0,0,-1,0,0
lomot,NN,noun,moss ( plants of the division bryophyta ),0,Neutral,0,0,0,0,0,0,0,0,0,0,0,0,0,0,0,-1,0,0,0,-1,0
lóte,NN,noun,"piece of land, lot.",0,Neutral,0,0,0,0,0,0,0,0,-1,0,1,0,0,0,0,0,0,0,0,-1,1
luab,NN,noun,collar,0,Neutral,0,0,0,0,0,0,0,0,-1,0,0,0,-1,0,0,0,-1,0,1,0,0
luab,VB,verb,to grasp by the collar,0,Neutral,0,0,0,0,0,0,0,0,0,0,0,0,0,0,0,0,1,0,-1,0,0
lubád,VB,verb,"to solve, to translate, to interpret.",0.202,Positive,1,1,1,1,0,-1,1,0,-1,1,1,1,1,1,1,1,1,1,1,-1,1
lúbag,VB,verb,"to twist, to wring, to twist and pull.",0,Neutral,0,0,0,0,1,1,0,0,0,0,0,1,0,0,0,0,0,-1,-1,0,0
lubhá’,JJ,adjective,"serious, grave.",-0.44,Negative,-1,-1,-1,-1,0,0,1,-1,1,-1,-1,-1,-1,-1,-1,1,-1,-1,-1,-1,0
lubhá’,VB,verb,"to be seriously ill, to get worse.",-0.765,Negative,-1,-1,-1,-1,-1,-1,-1,-1,-1,1,-1,-1,0,-1,1,-1,-1,-1,-1,-1,-1
lúbha’,VB,verb,"to cheat, to betray.",-0.802,Negative,-1,-1,-1,-1,-1,-1,1,0,-1,-1,-1,0,1,-1,-1,-1,-1,-1,-1,-1,1
lubi,NN,noun,coconut,0,Neutral,0,0,0,0,-1,1,0,0,1,-1,0,0,0,0,0,0,0,0,0,0,0
lubí,NN,noun,coconut.,0,Neutral,0,0,0,0,0,0,0,0,1,0,0,0,0,0,0,0,0,1,0,0,0
lúbid,NN,noun,"rope, string.",0,Neutral,0,0,0,0,0,0,0,0,0,0,-1,1,0,0,0,0,0,0,0,0,0
lúbid,VB,verb,"to entwine, to make into a rope or string.",0,Neutral,0,0,0,0,0,0,0,0,0,0,0,1,0,0,-1,0,0,0,1,0,0
lubong,NN,noun,burial,0,Neutral,0,0,0,0,1,0,0,0,0,-1,0,0,0,-1,0,0,0,-1,0,0,0
lubúg,JJ,adjective,"murky, turbid.",0,Neutral,0,0,0,0,0,0,0,0,0,0,0,-1,0,-1,0,0,1,0,0,0,1
lubúg,VB,verb,to become murky.,0,Neutral,0,0,0,0,0,0,1,0,0,0,0,0,0,-1,0,0,0,0,0,1,0
lubúng,NN,noun,"burial, crypt.",0,Neutral,0,0,0,0,0,0,0,0,0,0,0,0,0,0,0,1,0,0,0,0,0
lubúng,VB,verb,"to bury, to inter.",0,Neutral,0,0,0,0,0,1,0,0,0,0,0,0,0,-1,0,-1,0,0,0,0,0
lugár,NN,noun,"place, site, location.",0,Neutral,0,0,0,0,0,0,-1,0,0,0,0,0,0,0,0,0,0,0,0,1,0
lúgdang,VB,verb,"to sink, to disappear under the water.",-0.226,Negative,-1,-1,-1,-1,0,-1,-1,-1,-1,-1,1,-1,-1,1,-1,-1,-1,0,-1,-1,-1
lúgpay,VB,verb,"to mollify, to soothe, to counsel.",0.361,Positive,1,1,1,1,-1,-1,1,1,-1,1,1,1,-1,0,1,-1,1,1,1,1,1
lugpitan,NN,noun,"press , vice , clamp",0,Neutral,0,0,0,0,1,1,0,0,0,-1,0,0,1,0,0,0,-1,0,0,0,1
lugúm,NN,noun,dye.,0,Neutral,0,0,0,0,0,0,0,0,0,1,0,0,0,0,0,0,0,0,0,0,0
lugúm,VB,verb,"to dye, to color with dye.",0,Neutral,0,0,0,0,0,0,1,0,0,0,0,1,0,1,0,-1,0,0,0,0,0
lúgus,VB,verb,"to force to submit, to violate, to grab, to rape.",-0.836,Negative,-1,-1,-1,-1,0,0,-1,-1,-1,-1,-1,-1,-1,-1,0,-1,0,0,-1,-1,-1
luha,NN,noun,tear,0,Neutral,0,0,0,0,-1,-1,0,0,0,0,0,0,0,0,0,0,0,0,0,0,0
lúha’,NN,noun,tear.,0,Neutral,0,0,0,0,0,0,-1,0,1,0,0,0,1,0,0,0,0,0,0,0,0
luhod,VB,verb,to kneel,0,Neutral,0,0,0,0,0,0,0,0,0,0,0,0,0,0,0,0,0,0,0,0,0
lúhu,JJ,adjective,"dressed up, elegant.",0.477,Positive,1,1,1,1,0,0,-1,1,0,1,1,1,1,1,1,1,1,1,0,1,1
luhúd,VB,verb,to kneel down.,0,Neutral,0,0,0,0,1,1,0,0,0,0,0,0,0,0,0,1,0,0,0,0,0
lukát,VB,verb,"to pull or dig out together with the roots, to uproot.",0,Neutral,0,0,0,0,0,0,0,0,0,0,0,0,0,0,0,0,0,-1,0,0,-1
lúksu,VB,verb,"to jump, to leap, to jump over.",0,Neutral,0,0,0,0,0,1,-1,0,0,0,0,0,0,0,0,0,0,0,1,0,0
lukú,VB,verb,"of dogs, to lie down with front legs bent under.",0,Neutral,0,0,0,0,0,0,0,0,0,0,-1,0,-1,0,-1,0,0,0,0,0,0
lúku,VB,verb,"to cheat, to trick.",-0.494,Negative,-1,-1,-1,-1,0,0,-1,-1,-1,-1,-1,-1,1,1,-1,-1,-1,-1,-1,-1,-1
lúkut,VB,verb,"to wind up, to roll, to crumple.",0,Neutral,0,0,0,0,-1,-1,0,0,0,0,0,0,0,0,0,0,0,1,0,0,-1
lulus,VB,verb,unwind,0,Neutral,0,0,0,0,0,-1,0,0,0,0,1,0,0,-1,0,0,0,0,0,0,0
lulú’,JJ,adjective,"gentle, kind, meek, tender.",0.743,Positive,1,1,1,1,-1,0,1,-1,1,0,1,1,1,1,1,1,1,1,1,1,1
lumáy,NN,noun,"love potion, charm.",0.784,Positive,1,1,1,1,1,0,1,1,0,1,1,1,1,1,1,1,1,-1,1,1,1
lumáy,VB,verb,"to entice, to attract strongly, to give a love potion.",0.832,Positive,1,1,1,1,1,1,1,1,1,1,1,1,1,1,1,1,0,1,1,1,1
lúmba’,NN,noun,"race, contest.",0,Neutral,0,0,0,0,1,1,0,0,0,0,0,0,1,0,0,0,0,0,0,0,0
lúmba’,VB,verb,"to have a race, to hold a contest.",0,Neutral,0,0,0,0,-1,-1,0,0,0,0,0,-1,0,0,0,0,1,0,0,0,0
lumilaw,VB,verb,doze,0,Neutral,0,0,0,0,0,0,0,0,0,0,0,0,0,-1,0,0,0,0,0,0,-1
lúming,JJ,adjective,"flabby, feeble, limp.",-0.296,Negative,-1,-1,-1,-1,0,0,-1,-1,-1,-1,-1,-1,-1,-1,-1,-1,-1,-1,-1,0,-1
lúmpag,VB,verb,"to destroy, to demolish.",-0.542,Negative,-1,-1,-1,-1,0,-1,0,-1,-1,-1,-1,-1,-1,-1,-1,-1,-1,-1,-1,-1,-1
lúmpat,VB,verb,"to jump, to leap, to dive down.",0,Neutral,0,0,0,0,-1,0,0,0,0,1,1,1,0,0,0,0,0,0,0,-1,0
lumús,VB,verb,to drown.,-0.572,Negative,-1,-1,-1,-1,1,1,0,-1,-1,0,-1,-1,-1,-1,-1,-1,-1,-1,-1,-1,-1
lúmut,NN,noun,moss.,0,Neutral,0,0,0,0,1,-1,0,0,0,0,0,1,0,1,-1,0,-1,0,0,0,0
lumúy,VB,verb,to put into the mouth and swallow down as of a pill.,0,Neutral,0,0,0,0,0,0,0,-1,0,0,0,0,0,0,0,-1,0,0,0,1,0
lunang,NN,noun,mud,0,Neutral,0,0,0,0,0,0,0,0,0,0,0,1,0,0,0,1,0,0,0,0,0
lunangon,JJ,adjective,muddy,0,Neutral,0,0,0,0,0,0,0,0,0,0,0,0,0,0,0,0,0,0,1,0,0
lúnes,NN,noun,monday.,0,Neutral,0,0,0,0,0,0,0,0,0,0,0,1,0,-1,0,0,0,0,0,0,0
lunggú’,VB,verb,to knock or push against especially the head.,0,Neutral,0,0,0,0,-1,0,0,0,0,0,0,-1,0,0,0,0,0,0,0,0,0
lungíb,NN,noun,cave.,0,Neutral,0,0,0,0,0,0,0,0,0,0,0,0,0,0,-1,0,1,0,0,0,0
lungsod,NN,noun,town synonym: banwa,0,Neutral,0,0,0,0,0,0,-1,0,0,0,0,-1,0,0,0,0,0,0,0,0,0
lungsod,NN,noun,anthill,0,Neutral,0,0,0,0,0,1,0,0,0,0,0,0,0,0,0,0,0,0,0,1,0
lungúlúngu,VB,verb,to shake the head for negation or disapproval.,-0.178,Negative,-1,-1,-1,-1,1,0,-1,-1,-1,-1,-1,-1,1,0,-1,-1,-1,-1,1,-1,-1
lungún,NN,noun,"bier, crypt.",0,Neutral,0,0,0,0,-1,-1,0,0,0,0,0,0,0,-1,0,-1,0,0,0,-1,0
lúnhaw,JJ,adjective,green.,0,Neutral,0,0,0,0,0,-1,0,0,-1,0,0,0,0,0,0,0,0,0,0,0,0
lúnsay,RB,adverb,"steady, stable.",0.296,Positive,1,1,1,1,0,0,1,-1,1,1,1,1,1,1,1,1,1,-1,0,1,1
lúntad,VB,verb,"to live, to reside, to emigrate.",0,Neutral,0,0,0,0,1,1,0,0,0,0,0,0,0,0,0,0,0,0,0,0,0
lúnud,VB,verb,"to be inferior to, to be unbecoming, to sink.",-0.402,Negative,-1,-1,-1,-1,1,0,-1,0,-1,-1,-1,0,-1,-1,-1,-1,-1,-1,-1,-1,-1
lupád,VB,verb,"to fly, to soar in the air.",0,Neutral,0,0,0,0,-1,-1,0,0,0,0,0,0,0,0,0,1,0,0,0,0,0
lúpig,VB,verb,"to oppress, to overpower, to side with.",0,Neutral,0,0,0,0,-1,0,-1,0,0,0,0,0,0,1,0,0,0,0,0,0,0
lupúg,JJ,adjective,crippled.,0,Neutral,0,0,0,0,1,0,0,0,0,0,0,0,0,0,1,0,0,-1,0,0,0
lupúk,VB,verb,"to burst, to blow-out, to erupt.",0,Neutral,0,0,0,0,0,1,0,0,-1,0,1,0,0,0,0,0,1,0,0,0,0
lupút,VB,verb,"to have loose bowel movement, to have diarrhea.",-0.318,Negative,-1,-1,-1,-1,0,0,-1,1,-1,-1,-1,-1,-1,1,-1,-1,-1,-1,0,-1,1
lúpyak,VB,verb,to form a small depression in the ground.,-0.572,Negative,-1,-1,-1,-1,-1,-1,-1,-1,-1,1,-1,0,-1,-1,-1,-1,0,0,-1,-1,-1
lúp’ug,VB,verb,to sit or squat down with legs turned to one side as resting animals.,0,Neutral,0,0,0,0,-1,0,0,0,0,0,0,0,0,0,0,0,0,0,0,0,0
lusád,VB,verb,"to alight, to land, to disembark.",0,Neutral,0,0,0,0,0,0,0,0,0,1,0,0,0,0,0,0,0,0,1,0,0
lúspad,JJ,adjective,"wan, pale in face.",0,Neutral,0,0,0,0,0,-1,0,0,-1,0,0,0,0,0,-1,0,0,0,0,1,0
lúspad,VB,verb,"to be pale or wan, to turn pale.",0,Neutral,0,0,0,0,1,1,0,0,0,0,0,0,0,0,0,0,0,1,1,0,0
lusút,VB,verb,"to emerge, to pass, to go through, to pierce.",0,Neutral,0,0,0,0,-1,0,0,0,0,0,0,0,1,-1,0,0,0,0,0,0,0
lús’aw,JJ,adjective,"faded, discolored.",0,Neutral,0,-1,0,0,0,0,0,-1,0,0,0,0,1,0,0,0,0,0,0,0,0
lús’aw,VB,verb,"to fade, to run in color, especially of cloth.",0,Neutral,0,0,0,0,0,0,0,0,0,0,0,-1,0,0,0,0,0,0,0,0,0
luta,VB,verb,dislocate,0,Neutral,0,-1,0,0,1,1,1,1,0,0,0,1,0,0,0,0,-1,1,0,0,0
luták,NN,noun,clay.,0,Neutral,0,0,0,0,0,0,0,0,0,0,0,0,0,0,0,0,0,0,0,0,0
lutás,VB,verb,"to wean, to detach affection for something longed for.",0.527,Positive,1,0,1,1,1,-1,1,1,1,1,1,1,0,1,1,1,1,1,1,1,1
lutáw,JJ,adjective,"famous, big, afloat, popular.",0.421,Positive,1,0,1,1,1,1,1,1,1,0,1,1,0,-1,1,-1,0,1,1,1,1
lutáw,VB,verb,"to float, to be famous, to be well-known.",0,Neutral,0,1,0,0,0,1,0,0,-1,0,0,0,0,0,0,1,0,0,0,0,0
lúthang,VB,verb,"to shoot to death, to fire a gun.",-0.878,Negative,-1,-1,-1,-1,0,1,-1,-1,-1,-1,-1,-1,-1,-1,-1,-1,-1,-1,-1,-1,-1
lútu,VB,verb,"to mourn, to wear the black mourning attire.",-0.691,Negative,-1,-1,-1,-1,-1,-1,-1,-1,-1,0,-1,-1,-1,-1,1,-1,-1,-1,-1,-1,-1
lútus,VB,verb,"to surpass, to outdo, to run after, to defeat.",-0.459,Negative,-1,-1,-1,-1,0,-1,-1,-1,-1,-1,-1,0,-1,-1,-1,-1,-1,-1,-1,-1,-1
lútu’,NN,noun,"cooked food, prepared food.",0.226,Positive,1,1,1,1,-1,-1,1,1,1,1,1,1,1,1,1,1,-1,1,-1,1,1
lútu’,JJ,adjective,"cooked, ripe.",0,Neutral,0,0,0,0,1,1,0,-1,0,-1,0,0,0,0,0,0,0,0,0,0,0
lútu’,VB,verb,"to cook, to mature, to ripen.",0.421,Positive,1,1,1,1,0,0,1,1,1,-1,1,1,1,1,1,1,1,-1,1,1,1
luwág,NN,noun,"ladle, a native deep-bowled spoon used in cooking made from hard skin of the coconut and long bamboo handle.",-0.103,Negative,-1,-1,-1,-1,-1,1,-1,-1,-1,-1,-1,-1,-1,-1,-1,-1,-1,-1,-1,-1,-1
luwás,CC,conjunction,"aside from, except, outside of.",0,Neutral,0,0,0,0,-1,-1,-1,0,-1,0,0,0,0,0,0,0,0,0,1,0,0
luwás,VB,verb,"to free, to redeem, to save.",0.758,Positive,1,1,1,1,0,0,1,1,1,1,1,-1,0,1,1,1,1,1,1,1,1
luy-a,NN,noun,ginger ( zingiber officinale ),0,Neutral,0,0,0,0,1,1,0,0,0,0,0,0,1,0,0,0,0,0,0,1,0
luy-a,NN,noun,rhizome of this plant,0,Neutral,0,0,0,0,0,0,-1,0,1,0,0,0,0,0,0,0,0,0,0,0,0
lúya,JJ,adjective,"decrepit, weak, frail.",-0.44,Negative,-1,-1,-1,-1,1,0,-1,-1,-1,-1,-1,-1,-1,-1,-1,-1,-1,-1,-1,-1,-1
lúya,VB,verb,"to become weak, to lose strength.",-0.34,Negative,-1,-1,-1,-1,-1,-1,1,-1,-1,-1,0,-1,1,-1,-1,-1,-1,-1,-1,-1,-1
lúyag,VB,verb,"to want, to desire, to like.",0.67,Positive,1,1,1,1,-1,1,1,1,1,1,1,-1,1,0,1,1,1,1,1,1,0
lúyluy,VB,verb,"to hand down, to droop.",0.494,Positive,1,1,1,1,1,1,1,1,1,1,1,1,1,1,1,1,1,1,1,1,1
luyú,RB,adverb,"by, near, beside.",0,Neutral,0,0,0,0,1,1,1,0,0,0,0,0,0,0,-1,0,1,0,0,0,0
lúy’a,NN,noun,ginger.,0,Neutral,0,0,0,0,0,0,0,0,0,0,0,0,-1,0,0,0,0,0,0,0,0
lú’ad,VB,verb,"to spit out, to throw out of the mouth.",0,Neutral,0,0,0,0,-1,0,1,-1,0,0,0,0,-1,0,0,0,0,0,0,0,0
lú’gu’,VB,verb,to shake.,-0.178,Negative,-1,-1,-1,-1,0,0,-1,-1,-1,-1,1,-1,-1,-1,0,-1,0,-1,-1,-1,-1
lú’uy,VB,verb,"to have mercy, to have compassion for.",0.67,Positive,1,1,1,1,-1,1,1,1,1,1,1,-1,1,1,1,1,1,0,1,1,1
ma-…-an,VB,verbal affix,proposed action affix of the  verb for benefactive-locative focus.,0,Neutral,0,0,0,0,-1,1,0,-1,0,0,0,0,0,-1,0,0,0,0,-1,0,0
maagol,JJ,adjective,"lazy , indolent , idle",-0.361,Negative,-1,-1,-1,-1,0,0,-1,-1,-1,-1,-1,-1,-1,-1,1,-1,0,-1,-1,-1,-1
maalam,JJ,adjective,"learned , clever , wise",0.727,Positive,1,1,1,1,-1,-1,-1,0,1,1,1,1,1,1,1,1,1,0,1,1,1
maalam,JJ,adjective,"scholarly , erudite",0,Neutral,0,0,0,0,1,-1,0,0,0,0,0,0,0,0,0,0,0,0,0,0,0
maalwan,JJ,adjective,generous,0.511,Positive,1,1,1,1,0,0,1,1,1,0,1,1,1,1,1,1,1,1,1,-1,1
maalwan,JJ,adjective,"graceful synonyms: mahim-ong , mahinhin",0.459,Positive,1,1,1,1,1,1,1,1,1,1,0,1,0,1,1,1,1,1,1,1,1
maambas,JJ,adjective,expensive or wasteful,0,Neutral,0,0,0,0,1,1,0,0,0,-1,-1,-1,0,1,-1,0,0,0,0,0,0
maambong,JJ,adjective,nice,0.421,Positive,1,1,1,1,0,0,1,1,1,1,1,0,1,1,1,0,1,1,0,1,0
maambong,JJ,adjective,"gorgeous , lovely",0.832,Positive,1,1,1,1,1,0,1,1,1,1,1,-1,-1,1,1,1,1,1,1,1,1
maambong,JJ,adjective,"decent , modest , or proper",0,Neutral,0,0,0,0,1,1,0,0,0,0,0,0,1,0,0,0,0,1,1,0,0
maanghit,JJ,adjective,smelling like a goat,0.361,Positive,1,1,1,1,0,0,1,1,1,1,1,1,-1,1,1,1,1,1,1,1,1
maantod,JJ,adjective,( of food ) burned or scorched ; fetid,0,Neutral,0,0,0,0,1,1,-1,0,0,0,0,0,1,0,0,0,0,0,0,1,0
maanyag,JJ,adjective,"beautiful , seemly , pretty",0.796,Positive,1,1,1,1,0,0,1,0,1,1,1,1,1,1,1,1,1,1,1,1,0
maaslum,JJ,adjective,sour,0,Neutral,0,0,0,0,0,1,0,0,0,0,0,1,0,-1,0,1,0,1,1,0,0
maayo,JJ,adjective,good,0.44,Positive,1,1,1,1,0,0,1,-1,1,1,1,0,1,1,1,0,1,1,1,1,1
maayo-ayo,JJ,adjective,"beautiful , seemly , pretty",0.796,Positive,1,1,1,1,1,-1,1,1,1,1,1,1,1,1,1,1,1,1,1,1,0
maayo-ayo,JJ,adjective,"nice , engaging",0.637,Positive,1,1,1,1,1,1,1,1,1,1,0,-1,0,1,1,-1,1,-1,1,1,1
mabahaw,JJ,adjective,"stale , old",0,Neutral,0,0,0,0,1,1,0,0,-1,1,0,-1,0,0,0,0,1,1,0,0,0
mabalong,VB,verb,to get drunk ; to intoxicate synonym: mahubog,-0.34,Negative,-1,-1,-1,-1,0,0,-1,-1,-1,1,-1,-1,-1,-1,-1,0,-1,-1,-1,-1,-1
mabangis,JJ,adjective,"fierce , ferocious",-0.103,Negative,-1,-1,-1,-1,-1,1,-1,-1,1,-1,0,1,-1,-1,-1,-1,-1,-1,-1,-1,-1
mabangis,JJ,adjective,inhuman,0,Neutral,0,0,0,0,-1,-1,0,0,0,1,0,0,0,0,1,0,0,0,0,0,0
mabangis,JJ,adjective,"brutal , cruel synonym: mapintas",-0.836,Negative,-1,-1,-1,-1,0,0,-1,-1,-1,-1,-1,-1,-1,-1,-1,-1,-1,-1,-1,-1,-1
mabangis,JJ,adjective,violent synonym: makahas,-0.599,Negative,-1,-1,-1,-1,-1,-1,1,-1,-1,1,-1,0,-1,-1,-1,0,-1,-1,-1,-1,-1
mabasa,JJ,adjective,damp ; moist ; dank ; humid,0,Neutral,0,0,0,0,-1,-1,0,0,0,0,0,0,0,1,0,0,0,0,1,1,0
mabaskug,JJ,adjective,loud synonym: magansal,0,Neutral,0,0,0,0,0,0,0,0,0,0,0,0,0,0,0,0,0,0,0,0,0
mabaskug,JJ,adjective,"strong synonyms: mabakud , makusug",0.511,Positive,1,1,1,1,0,0,1,1,1,-1,-1,1,-1,1,0,-1,1,1,1,1,1
mábdus,VB,verb,to be pregnant.,0,Neutral,0,0,0,0,1,1,0,0,0,-1,0,0,-1,0,0,0,0,0,0,0,0
mabinantayon,JJ,adjective,watchful,0,Neutral,0,0,0,0,-1,0,-1,0,0,0,0,0,1,0,0,0,0,0,0,0,0
mabug-at,JJ,adjective,heavy,0,Neutral,0,0,0,0,0,0,0,0,0,1,0,0,0,0,-1,1,-1,0,0,0,0
mabulakon,JJ,adjective,"flowery , to smell of flowers",0,Neutral,0,0,0,0,0,0,0,0,0,0,0,-1,-1,1,0,0,0,0,0,0,0
mabulakon,JJ,adjective,full of flowers,0,Neutral,0,0,0,0,0,0,0,0,0,0,0,0,0,0,1,0,0,0,0,1,0
madali,JJ,adjective,"quick , immediate synonym: madasig",0,Neutral,0,0,0,0,0,0,0,0,0,0,0,-1,0,0,0,0,0,0,0,0,0
madanlog,JJ,adjective,"elusive , or slippery",0,Neutral,0,0,0,0,0,0,0,0,0,0,0,1,0,0,0,0,0,0,0,-1,0
mádre,NN,noun,"nun, catholic nun.",0,Neutral,0,0,0,0,0,-1,0,0,0,0,-1,0,0,0,0,1,0,0,-1,1,0
maduyug,JJ,adjective,attracted,0.421,Positive,1,1,1,1,-1,0,1,0,1,1,1,-1,1,1,1,1,1,1,1,1,1
maduyug,JJ,adjective,"biased , prejudiced , predisposed",-0.612,Negative,-1,-1,-1,-1,1,1,-1,-1,-1,-1,-1,-1,-1,-1,-1,-1,1,-1,-1,-1,-1
maganas,JJ,adjective,"tasteless , insipid antonym: marabó",-0.459,Negative,-1,-1,-1,-1,-1,-1,-1,-1,-1,-1,-1,0,-1,-1,-1,-1,-1,0,-1,-1,-1
magarot,JJ,adjective,"noisy , boisterous",-0.178,Negative,-1,-1,-1,-1,-1,-1,-1,-1,-1,0,1,-1,-1,-1,-1,-1,-1,-1,-1,-1,-1
magarot,JJ,adjective,gabbling,0,Neutral,0,0,0,0,-1,-1,0,1,1,0,0,0,0,0,0,1,0,0,0,0,-1
magarot,JJ,adjective,"dense , crowded",0,Neutral,0,0,0,0,0,-1,0,0,0,0,0,1,0,-1,0,0,0,0,1,0,1
magá’,VB,verbal affix,proposed action affix of the  verb.,0,Neutral,0,0,0,0,0,0,0,0,0,0,0,1,0,0,0,0,1,0,0,0,0
magbukal,VB,verb,"to seethe , to bubble , to produce foam synonym: magbula",0,Neutral,0,0,0,0,0,0,0,0,-1,0,0,0,0,0,0,0,0,0,0,0,1
magbulig,VB,verb,"to aid , to help",0.402,Positive,1,1,1,1,0,0,-1,1,1,1,0,1,1,1,1,0,1,-1,1,1,1
magdamgo,VB,verb,to dream,0.25,Positive,1,1,1,1,1,0,1,1,1,0,1,1,1,1,1,1,1,1,1,0,1
maghatag sing kinahanglan,VB,verb,supply,0,Neutral,0,0,0,0,1,1,0,0,-1,-1,0,0,0,-1,0,0,0,0,0,0,0
mágka-,VB,verbal affix,designating possibility of a reciprocal action to happen.,0,Neutral,0,0,0,0,-1,0,0,0,0,0,-1,0,0,0,0,0,0,0,-1,0,0
mágpa-,VB,verbal affix,designating causation of action by the actor.,0,Neutral,0,0,0,0,0,0,0,-1,0,0,0,0,1,0,0,-1,0,0,1,0,-1
maǵpang-,VB,verbal affix,magpanghilám’-us akú.,0,Neutral,0,0,0,0,0,0,0,0,0,0,0,0,0,0,0,0,0,0,0,0,0
maguláng,NN,noun,"older sibling, older in age.",0,Neutral,0,0,0,0,0,0,0,0,0,0,0,0,0,0,1,0,0,0,0,-1,0
mág’an,JJ,adjective,"light, trivial, cheerful.",0.527,Positive,1,1,1,1,0,0,1,1,1,1,1,1,1,1,1,1,0,-1,1,1,1
mag’asáwa,NN,noun,married couple.,0,Neutral,0,0,0,0,0,1,0,0,0,0,0,0,0,0,-1,0,0,0,0,0,0
mahagup,JJ,adjective,"tame , docile , gentle",0.44,Positive,1,1,1,1,0,0,1,1,1,1,1,1,1,1,1,1,1,-1,1,-1,1
mahál,JJ,adjective,"expensive, dear, cherished.",0.71,Positive,1,1,1,1,0,1,1,1,1,1,-1,-1,1,1,1,0,1,1,1,1,1
mahímo,VB,verb,"to be possible, to be feasible.",0,Neutral,0,0,0,0,1,1,0,0,0,0,0,0,0,0,0,0,0,0,0,-1,0
mahubog,VB,verb,to get drunk ; to intoxicate synonym: mabalong,-0.34,Negative,-1,-1,-1,-1,0,-1,-1,-1,-1,-1,0,-1,1,0,-1,1,-1,1,-1,-1,0
maidlak,JJ,adjective,glittering or sparkling,0.296,Positive,1,1,1,1,-1,-1,-1,1,1,1,1,1,1,1,1,-1,1,1,-1,1,1
maingol,JJ,adjective,"rare , scarce",0,Neutral,0,0,0,0,1,1,0,0,1,0,0,0,0,0,0,0,-1,1,0,1,0
mainit,JJ,adjective,hot antonym: malamig,0,Neutral,0,0,0,0,0,-1,0,0,0,0,0,1,0,0,0,0,0,0,-1,0,0
mainpolon,JJ,adjective,round,0,Neutral,0,0,0,0,0,0,0,0,0,0,0,0,0,0,0,0,0,0,0,0,0
mais,NN,noun,maize ; corn,0,Neutral,0,0,0,0,0,1,0,0,0,0,-1,0,0,0,0,0,0,0,0,0,0
maitum,JJ,adjective,black,0,Neutral,0,0,0,0,0,0,-1,0,0,0,0,0,0,0,0,0,0,0,0,-1,-1
maká-,VB,verbal affix,proposed action affix of the  verb for actor focus.,0,Neutral,0,0,0,0,0,0,0,-1,0,1,0,0,0,1,0,0,-1,0,0,0,0
makakululba,JJ,adjective,"intimidating , disconcerting",-0.44,Negative,-1,-1,-1,-1,0,0,0,0,-1,-1,-1,-1,-1,-1,1,-1,-1,-1,-1,-1,-1
makakululba,JJ,adjective,causing nervousness or shyness,-0.542,Negative,-1,-1,-1,-1,-1,-1,-1,0,-1,-1,-1,-1,-1,1,-1,-1,-1,0,-1,-1,-1
maka’áku’,NN,noun,"god, the almighty.",0.273,Positive,1,1,1,1,-1,-1,1,1,1,1,1,1,1,1,1,1,1,0,1,1,1
makiná,NN,noun,"machine, motor.",0,Neutral,0,0,0,0,0,1,-1,0,-1,0,0,0,0,-1,0,-1,0,0,0,0,1
makinílya,NN,noun,typewriter.,0,Neutral,0,0,0,0,0,0,0,0,-1,0,0,0,0,0,0,0,0,0,1,0,0
makinílya,VB,verb,to type.,0,Neutral,0,0,0,0,0,0,-1,0,0,0,0,0,0,0,0,0,0,0,0,0,0
mákut,VB,verb,"to make a fire, to begin to burn, to start to blaze.",-0.34,Negative,-1,-1,-1,-1,0,0,-1,-1,-1,-1,-1,-1,1,-1,-1,-1,-1,-1,-1,-1,-1
malá,JJ,adjective,dry.,0,Neutral,0,0,0,0,-1,-1,0,0,0,0,0,1,0,0,0,0,0,0,0,0,1
malá,VB,verb,"to become dry, to evaporate.",0,Neutral,0,0,0,0,0,0,-1,0,0,0,0,0,0,0,1,0,0,0,0,-1,-1
maléta,NN,noun,"piece of baggage, luggage.",0,Neutral,0,0,0,0,0,0,0,0,0,0,0,0,0,0,-1,0,-1,1,-1,0,0
malipayon,JJ,adjective,happy,0.572,Positive,1,1,1,1,0,1,1,1,1,1,-1,1,1,1,0,-1,1,1,1,1,1
malolot,JJ,adjective,"affectionate , tender",0.44,Positive,1,1,1,1,-1,-1,1,1,-1,1,1,0,1,-1,1,1,1,0,0,1,1
málu,VB,verb,"to give an alarm, to crow as of cocks.",-0.34,Negative,-1,-1,-1,-1,1,1,1,-1,-1,1,0,1,-1,0,0,-1,-1,-1,-1,-1,-1
mamaw,NN,noun,"elf ; goblin ; sprite ; fairy ; ghost ; etc. synonyms: mamamáhoy , tamáo , tumáo , kamâkamâ",-0.318,Negative,-1,-1,-1,-1,-1,-1,-1,1,-1,-1,-1,-1,-1,-1,-1,-1,-1,-1,-1,1,1
mán,RP,particle,"also, too.",0,Neutral,0,0,0,0,-1,-1,1,-1,0,0,0,0,0,0,0,0,-1,0,0,0,0
man-og,NN,noun,snake,0,Neutral,0,0,0,0,0,0,-1,0,0,0,0,0,0,0,0,0,0,0,1,1,0
mananap,NN,noun,animal synonym: hayop,0,Neutral,0,0,0,0,0,0,0,0,0,0,0,0,0,0,0,0,0,0,1,0,-1
manang,NN,noun,eldest sister,0,Neutral,0,0,0,0,0,0,0,0,-1,0,0,0,0,-1,0,0,-1,0,0,-1,0
manang,NN,noun,elder sister ; big sister,0,Neutral,0,0,0,0,0,1,0,-1,0,1,0,-1,1,0,0,1,0,0,0,0,0
manang,NN,noun,term of address for an elder sister or the eldest sister : big sis,0,Neutral,0,0,0,0,0,0,0,0,0,0,0,1,0,0,0,0,1,0,0,0,0
manang,NN,noun,"term of address for any woman older than the speaker, not necessarily an elderly woman : ma'am",0,Neutral,0,0,0,0,0,0,1,0,0,0,0,0,0,0,0,0,1,0,0,0,0
mánang,NN,noun,respect term for a lady older than the speaker.,0.477,Positive,1,1,1,1,0,0,1,1,-1,1,1,1,0,1,0,1,1,1,1,1,1
manay,NN,noun,( familiar ) eldest sister,0,Neutral,0,0,0,0,1,1,0,0,0,0,0,0,0,0,1,0,0,0,0,0,0
manay,NN,noun,( familiar ) term of address for the eldest sister : big sis,0,Neutral,0,0,0,0,-1,0,-1,0,0,0,0,0,0,0,1,1,0,0,0,1,0
mándo,NN,noun,"command, announcement.",0,Neutral,0,0,0,0,-1,0,-1,0,0,0,0,0,0,-1,1,0,0,0,0,0,0
mándo,VB,verb,"to rule, to lead, to command, to announce.",0,Neutral,0,0,0,0,0,0,0,0,0,0,0,0,0,0,0,0,0,0,0,0,0
maného,VB,verb,"to manipulate, to drive a car.",0,Neutral,0,0,0,0,0,0,0,1,0,0,0,0,0,0,0,0,0,1,0,0,0
mangá,RP,particle,marker.,0,Neutral,0,0,0,0,0,0,0,-1,0,0,0,0,0,0,-1,-1,0,0,0,0,0
mángga,NN,noun,mango.,0,Neutral,0,0,0,0,0,0,0,0,0,0,0,0,0,-1,-1,0,0,0,0,0,0
mánggad,NN,noun,"wealth, property.",0.494,Positive,1,1,1,1,0,0,-1,1,1,1,1,1,1,1,1,1,1,1,1,1,1
mánggad,JJ,adjective,"rich, landed, wealthy.",0.727,Positive,1,1,1,1,1,1,-1,1,1,1,1,1,-1,1,1,0,1,1,1,1,1
mánghud,NN,noun,"younger sibling, term used for people younger in age than the speaker.",0,Neutral,0,0,0,0,1,1,0,0,0,0,-1,0,0,0,0,0,0,0,0,0,0
mangín,VB,verbal affix,"to become, to be like.",0.361,Positive,1,1,1,1,0,0,1,1,1,1,0,1,1,1,1,-1,-1,1,1,1,1
mangingísda’,NN,noun,fisherman.,0,Neutral,0,0,0,0,-1,1,0,0,0,0,0,0,0,0,0,0,1,0,0,0,0
mango,NN,noun,( derogatory ) idiot,-0.511,Negative,-1,-1,-1,-1,0,0,1,-1,-1,1,-1,-1,-1,1,-1,-1,-1,-1,-1,1,-1
mango,JJ,adjective,"stupid , foolish",-0.67,Negative,-1,-1,-1,-1,-1,-1,1,-1,-1,0,-1,0,-1,-1,-1,-1,-1,-1,-1,-1,-1
mangungúma,NN,noun,farmer.,0,Neutral,0,0,0,0,-1,0,0,0,0,0,0,0,-1,0,0,0,0,0,0,0,0
mangú’,JJ,adjective,"unlettered, ignorant.",-0.273,Negative,-1,-1,-1,-1,0,0,-1,-1,-1,-1,0,-1,-1,-1,-1,-1,-1,-1,-1,-1,1
maní,NN,noun,peanut.,0,Neutral,0,0,0,0,-1,-1,0,1,1,0,0,1,0,0,0,0,0,1,0,0,0
manínay,NN,noun,godmother.,0,Neutral,0,0,0,0,0,0,0,0,0,0,0,-1,0,0,0,0,0,0,0,0,0
manipis,JJ,adjective,thin antonym: madamol,0,Neutral,0,0,0,0,0,0,0,-1,0,0,1,0,0,0,0,1,0,-1,0,0,0
manok,NN,noun,chicken,0,Neutral,0,0,0,0,0,0,0,0,0,0,0,0,0,0,0,0,0,0,0,0,0
manol,JJ,adjective,ignorant,-0.273,Negative,-1,-1,-1,-1,0,1,-1,-1,-1,-1,-1,-1,-1,0,-1,-1,0,-1,1,-1,-1
manol,NN,noun,ignoramus,-0.44,Negative,-1,-1,-1,-1,-1,-1,-1,-1,-1,-1,1,-1,-1,-1,-1,1,-1,1,-1,-1,-1
manong,NN,noun,eldest brother,0,Neutral,0,0,0,0,1,-1,0,0,-1,0,0,0,-1,0,0,1,-1,0,0,0,0
manong,NN,noun,term of address for the eldest brother : big bro,0,Neutral,0,0,0,0,0,-1,0,0,0,1,0,1,1,0,0,0,0,0,0,0,0
manoy,NN,noun,( familiar ) eldest brother,0,Neutral,0,0,0,0,0,0,0,0,0,0,0,0,0,0,0,0,0,0,1,0,0
manoy,NN,noun,( familiar ) term of address for the eldest brother : big bro,0,Neutral,0,0,0,0,0,0,0,-1,0,0,0,0,0,0,0,0,0,0,0,0,0
mansánas,NN,noun,apple.,0,Neutral,0,0,0,0,0,0,0,0,0,0,1,0,0,0,0,0,0,0,0,0,1
mantíka’,NN,noun,"cooking oil, shortening.",0,Neutral,0,0,0,0,0,0,1,0,0,0,0,0,1,-1,0,0,0,0,0,-1,0
mantikílya,NN,noun,butter.,0,Neutral,0,0,0,0,0,0,0,0,0,0,0,0,0,0,0,0,0,0,-1,0,0
mántil,NN,noun,tablecloth.,0,Neutral,0,0,0,0,0,0,0,0,0,0,0,0,0,-1,0,0,0,0,0,0,0
mántsa,NN,noun,"stain, spot.",0,Neutral,0,0,0,0,0,0,0,0,-1,0,0,0,1,0,0,0,0,0,0,1,0
mántsa,VB,verb,"to stain, to mark.",0,Neutral,0,0,0,0,0,0,0,1,1,0,0,0,0,1,0,0,1,0,1,0,0
mántu’,NN,noun,veil used by women in church.,0,Neutral,0,0,0,0,0,-1,1,0,1,0,0,0,0,0,0,0,0,0,0,0,0
manúg-,NN,noun formative,noun formative affix designating a type of job or work.,0,Neutral,0,0,0,0,0,0,0,0,-1,1,-1,1,0,-1,0,0,0,0,-1,0,0
manúk,NN,noun,chicken.,0,Neutral,0,0,0,0,0,0,0,0,-1,0,0,0,0,0,1,0,0,0,0,0,0
mánung,NN,noun,respect term for men older than the speaker.,0.477,Positive,1,1,1,1,0,0,1,1,1,1,1,1,1,1,1,1,1,1,1,1,1
manyíka’,NN,noun,doll.,0,Neutral,0,0,0,0,1,1,0,0,-1,0,0,0,0,0,0,0,0,0,0,0,0
mán’ug,NN,noun,"snake, serpent.",0,Neutral,0,0,0,0,0,0,0,0,0,0,0,0,0,0,0,0,0,0,0,0,0
mápa,NN,noun,map.,0,Neutral,0,0,0,0,0,0,1,0,0,0,0,0,0,0,1,0,1,0,0,0,-1
mapait,JJ,adjective,bitter,-0.421,Negative,-1,0,-1,-1,0,0,-1,1,-1,-1,-1,0,-1,-1,-1,-1,-1,1,-1,-1,-1
mapiguson,JJ,adjective,harsh,-0.44,Negative,-1,0,-1,-1,-1,-1,-1,-1,-1,-1,-1,-1,-1,-1,-1,-1,-1,1,-1,0,0
mapinatopatoon,JJ,adjective,"creative , imaginative , inventive",0.44,Positive,1,0,1,1,-1,-1,1,1,1,1,1,-1,1,1,1,1,1,1,1,1,1
mapinatuboon,JJ,adjective,"( of soil ) good , fertile , productive",0.44,Positive,1,0,1,1,-1,1,1,1,1,1,1,1,1,1,-1,1,1,1,1,1,1
marabo,JJ,adjective,"tasty , savoury antonym: maganás",0,Neutral,0,0,0,0,1,1,0,0,0,0,0,0,0,1,0,0,0,0,0,0,0
maragomo,JJ,adjective,short with someone,0,Neutral,0,0,0,0,0,1,1,0,0,0,0,1,-1,0,0,0,0,0,0,0,0
maramig,JJ,adjective,"cold , stiff",0,Neutral,0,0,0,0,0,0,0,0,0,0,0,0,-1,0,0,0,0,0,0,0,0
marásmas,VB,verb,to become wide awake.,0,Neutral,0,0,0,0,0,0,1,0,0,0,1,0,0,0,0,0,0,0,0,0,0
marinéro,NN,noun,sailor.,0,Neutral,0,0,0,0,-1,0,0,0,0,0,0,-1,1,0,0,0,1,1,0,0,0
márka,NN,noun,"brand, mark, label.",0,Neutral,0,0,0,0,0,0,0,0,0,0,0,0,0,1,0,0,0,0,0,0,0
mármul,NN,noun,marble.,0,Neutral,0,0,0,0,-1,0,0,0,0,0,0,0,0,0,0,-1,0,0,0,0,0
márso,NN,noun,march.,0,Neutral,0,0,0,0,0,0,0,0,0,0,0,0,0,0,0,0,0,0,0,0,-1
mártes,NN,noun,tuesday.,0,Neutral,0,0,0,0,0,0,0,0,0,-1,0,0,0,0,0,0,0,0,0,0,1
martílyu,NN,noun,hammer.,0,Neutral,0,0,0,0,-1,0,0,0,0,0,0,0,1,0,0,0,1,0,0,0,-1
martír,NN,noun,martyr.,0,Neutral,0,0,0,0,0,0,-1,0,0,0,0,0,0,0,0,0,0,0,-1,0,-1
mártsa,NN,noun,"march, drill practice.",0,Neutral,0,0,0,0,0,0,0,0,0,0,1,0,0,0,0,-1,0,-1,0,0,0
mártsa,VB,verb,"to march, to drill.",0,Neutral,0,0,0,0,0,1,0,0,0,-1,0,-1,0,0,0,0,0,0,1,0,0
maskará,NN,noun,mask.,0,Neutral,0,0,0,0,0,0,0,0,0,0,-1,0,0,0,1,0,0,0,0,0,0
maskará,VB,verb,to wear a mask.,0,Neutral,0,0,0,0,0,0,0,0,0,0,0,0,-1,0,0,0,-1,0,0,0,0
máskin,CC,conjunction,"even if, even though, as long as.",0,Neutral,0,0,0,0,0,0,0,1,0,0,1,-1,0,1,0,0,1,-1,0,-1,-1
masyádo,RB,adverb,"too much, in excess.",0,Neutral,0,0,0,0,0,0,1,0,0,0,-1,0,0,0,1,0,0,0,0,1,0
mata,NN,noun,eye.,0,Neutral,0,0,0,0,0,0,0,0,-1,0,0,0,0,0,0,0,1,0,0,0,0
mata,VB,verb,to awaken.,0,Neutral,0,0,0,0,0,0,0,0,0,0,0,0,0,0,0,0,0,1,0,0,0
mata,NN,noun,( anatomy ) eye ( organ ),0,Neutral,0,0,0,0,0,1,0,0,0,-1,0,0,0,0,0,0,0,-1,0,-1,0
mataas,JJ,adjective,"elevated , high , lofty , ranking , tall synonyms: matatáas , matangkad",0,Neutral,0,0,0,0,0,0,0,0,0,1,0,0,0,0,0,0,-1,0,0,0,0
matadéro,NN,noun,butcher.,0,Neutral,0,0,0,0,0,0,0,0,0,0,0,0,0,0,0,1,0,0,0,0,0
matahum,JJ,adjective,"beautiful , seemly , pretty",0.796,Positive,1,0,1,1,0,0,1,1,1,1,1,1,1,-1,1,1,1,1,0,1,0
matalaw,JJ,adjective,"cowardly , scared , timid",-0.758,Negative,-1,0,-1,-1,1,1,-1,-1,-1,1,-1,-1,-1,0,-1,-1,-1,0,-1,-1,0
matam-is,JJ,adjective,sweet,0.459,Positive,1,0,1,1,-1,-1,1,1,1,1,1,0,1,1,1,-1,0,1,1,1,1
matápan,NN,noun,"flat , level , plain",0,Neutral,0,0,0,0,1,1,0,0,0,0,0,0,-1,0,0,0,0,0,0,1,-1
matárung,NN,noun,"reason, cause.",0,Neutral,0,0,0,0,0,0,0,0,0,1,0,0,0,0,1,0,0,0,0,0,1
matárung,JJ,adjective,reasonable.,0,Neutral,0,0,0,0,0,0,0,0,0,0,0,0,1,0,0,0,-1,-1,0,0,0
matataas,JJ,adjective,"high , exalted synonym: matáas",0,Neutral,0,0,0,0,-1,1,-1,0,0,0,0,0,0,0,0,0,0,-1,0,0,0
matay,VB,verb,to die,-0.599,Negative,-1,-1,-1,-1,0,1,-1,-1,-1,-1,-1,1,0,-1,-1,0,-1,-1,-1,-1,-1
matáy,VB,verb,"to die, to pass away.",-0.599,Negative,-1,-1,-1,-1,0,-1,-1,-1,-1,-1,-1,-1,0,-1,-1,-1,0,-1,-1,-1,-1
mauswagon,JJ,adjective,progressive ; advanced,0.25,Positive,1,1,1,1,-1,1,1,1,1,1,1,0,1,1,0,1,1,1,1,-1,1
may,VB,verb,"to have, the existence of something, to be in existence.",0,Neutral,0,0,0,0,1,1,0,0,0,0,0,0,0,-1,0,0,0,0,0,0,0
may-,JJ,adjective formative,formative affix designating possession of the quality stated.,0,Neutral,0,0,0,0,0,1,1,0,0,0,0,0,0,0,0,0,0,0,0,0,0
may-,NN,noun formative,si ramóna.,0,Neutral,0,0,0,0,0,0,0,0,-1,0,0,0,0,0,0,0,0,0,0,0,0
máya,NN,noun,wren.,0,Neutral,0,0,0,0,0,0,0,0,0,0,0,0,0,0,0,0,0,0,0,0,0
mayád,JJ,adjective,"good, fine, well.",0.7,Positive,1,0,1,1,0,-1,1,1,-1,1,0,1,1,1,1,-1,1,1,1,1,0
mayád,VB,verb,"to become well, to recover from being sick, to get well, to improve.",0.421,Positive,1,1,1,1,1,1,1,1,1,-1,1,1,0,0,1,1,-1,1,1,1,1
máyo,NN,noun,may.,0,Neutral,0,0,0,0,1,1,0,0,0,0,1,0,0,1,0,0,-1,0,0,0,0
mayór,NN,noun,mayor of a town or city.,0,Neutral,0,0,0,0,0,0,0,0,0,1,0,-1,0,0,0,1,0,0,0,0,0
mayordómo,NN,noun,"butler, official of a ship.",0,Neutral,0,0,0,0,0,1,1,0,0,0,0,0,0,0,0,0,0,0,0,0,0
ma’álwan,JJ,adjective,"rude, mean.",-0.459,Negative,-1,-1,-1,-1,0,0,-1,-1,1,-1,-1,-1,-1,-1,-1,-1,-1,1,-1,-1,-1
ma’áyu,JJ,adjective,"well, good, fine.",0.7,Positive,1,0,1,1,0,-1,1,1,1,1,0,1,1,1,1,1,1,1,1,1,1
ma’éstro,NN,noun,"teacher, instructor.",0,Neutral,0,0,0,0,1,0,0,0,0,0,0,-1,0,0,0,0,0,0,0,0,0
ma’ís,NN,noun,corn.,0,Neutral,0,0,0,0,0,-1,0,0,0,0,0,0,0,0,0,-1,-1,0,0,0,0
ma’úl,JJ,adjective,numb.,-0.34,Negative,-1,0,-1,-1,0,0,-1,-1,-1,-1,-1,0,-1,1,-1,0,-1,-1,-1,-1,-1
ma’úl,VB,verb,to become numb.,-0.34,Negative,-1,0,-1,-1,-1,-1,-1,-1,0,-1,-1,1,-1,-1,-1,0,-1,-1,-1,-1,-1
medálya,NN,noun,medal.,0.477,Positive,1,0,1,1,-1,-1,1,1,1,-1,1,1,1,1,1,1,1,1,1,-1,1
medikó,NN,noun,doctor.,0,Neutral,0,0,0,0,1,1,0,0,0,0,0,0,0,0,0,0,0,0,-1,1,0
médya,NN,noun,half.,0,Neutral,0,0,0,0,0,0,0,0,0,0,0,0,0,0,0,0,0,0,0,0,0
médyas,NN,noun,"socks, stocking.",0,Neutral,0,0,0,0,0,0,1,0,0,-1,0,-1,0,-1,0,0,0,0,0,0,0
mensáhe,NN,noun,message.;  messenger.,0,Neutral,0,0,0,0,0,0,0,0,-1,1,0,0,0,0,0,-1,0,0,0,0,0
merkádo,NN,noun,open market.,0,Neutral,0,0,0,0,0,0,0,0,1,0,1,0,0,0,0,0,0,0,0,-1,0
mestisílya,NN,noun,female half-breed.,0,Neutral,0,0,0,0,0,0,1,0,0,0,0,0,0,1,0,0,0,1,0,0,0
mestíso,NN,noun,"half-breed, male half-breed.",0,Neutral,0,0,0,0,0,0,0,1,0,0,1,0,1,-1,0,0,0,0,0,0,0
métro,NN,noun,meter.,0,Neutral,0,0,0,0,0,-1,1,0,1,0,0,0,0,0,0,0,0,0,0,0,0
mikániko,NN,noun,machinist.,0,Neutral,0,0,0,0,0,0,0,0,0,0,0,0,1,0,0,0,0,0,-1,0,-1
mikróbyo,NN,noun,"germ, microbe.",0,Neutral,0,0,0,0,0,0,-1,0,0,0,-1,0,1,0,0,0,1,0,-1,0,0
míl,CD,numeral,thousand.,0,Neutral,0,0,0,0,0,0,-1,0,0,0,0,0,0,0,0,1,0,0,0,0,0
milágru,NN,noun,miracle.,0.586,Positive,1,1,1,1,0,0,1,1,1,1,1,1,1,1,1,1,1,1,1,1,1
milágru,VB,verb,to perform a miracle.,0.586,Positive,1,1,1,1,1,1,1,1,1,0,1,1,0,1,-1,1,1,1,1,1,1
milok,NN,noun,eyelash,0,Neutral,0,0,0,0,1,1,0,0,0,1,0,1,0,-1,0,0,0,0,0,0,-1
mílya,NN,noun,mile.,0,Neutral,0,0,0,0,0,0,1,0,0,0,0,0,0,0,0,0,0,0,-1,0,0
milyún,CD,numeral,million.,0,Neutral,0,0,0,0,-1,0,0,0,0,0,0,0,-1,0,0,0,0,1,0,0,1
milyún,NN,noun,millionaire.,0,Neutral,0,0,0,0,0,0,0,0,0,0,0,1,0,0,0,0,0,0,0,0,0
mína,NN,noun,"mineral mine, land mine.",0,Neutral,0,0,0,0,0,1,0,0,0,0,0,0,0,0,0,0,1,0,0,0,0
míngaw,NN,noun,"loneliness, anguish.",-0.772,Negative,-1,-1,-1,-1,1,0,-1,-1,-1,-1,0,0,-1,-1,-1,-1,-1,-1,-1,1,-1
míngaw,JJ,adjective,"lonely, cheerless.",-0.637,Negative,-1,-1,-1,-1,-1,1,-1,-1,-1,-1,-1,-1,-1,-1,-1,-1,-1,-1,-1,-1,-1
míngaw,VB,verb,"to feel lonely, to feel distressed, ginmingáw akú kahápun.",-0.649,Negative,-1,-1,-1,-1,-1,-1,0,-1,-1,-1,-1,-1,-1,0,-1,-1,0,-1,0,-1,-1
minístro,NN,noun,"minister, preacher.",0,Neutral,0,0,0,0,-1,-1,0,-1,-1,0,-1,0,0,0,0,0,0,0,0,0,0
mínus,RB,adverb,"before, less, of time.",0,Neutral,0,0,0,0,0,0,0,0,0,0,0,-1,0,0,0,0,0,0,0,0,0
mínus,VB,verb,"to take out, to decrease, to make smaller.",0,Neutral,0,-1,0,0,0,-1,0,1,0,0,0,0,0,1,-1,0,0,0,-1,0,-1
minútu,NN,noun,"of time, minute.",0,Neutral,0,0,0,0,0,0,0,0,0,0,0,0,0,0,0,0,0,0,0,0,0
mísa,NN,noun,roman catholic mass.,0,Neutral,0,0,0,0,0,0,0,-1,0,1,0,0,0,0,0,0,0,-1,0,0,0
mísa,VB,verb,to say mass.,0,Neutral,0,0,0,0,0,0,0,0,0,0,0,0,0,0,0,-1,0,1,0,0,0
misyonéro,NN,noun,missionary.,0,Neutral,0,0,0,0,0,0,0,0,0,0,0,0,0,0,0,0,0,0,0,0,0
mítlang,VB,verb,"to say, to mention.",0,Neutral,0,0,0,0,0,0,0,0,0,0,0,0,0,0,0,0,0,0,0,0,0
miyád,JJ,adjective,"fine, good, well.",0.7,Positive,1,1,1,1,0,0,-1,0,1,1,1,1,1,1,1,1,-1,-1,1,1,1
monyeka,NN,noun,doll,0,Neutral,0,0,0,0,1,-1,0,0,-1,0,0,0,0,0,0,0,0,0,0,0,0
motór,NN,noun,"motor, machine.",0,Neutral,0,0,0,0,0,0,0,0,0,0,-1,0,0,0,0,0,0,0,0,0,-1
motór,JJ,adjective,motorized.,0,Neutral,0,0,0,0,0,0,0,-1,0,-1,0,0,0,0,0,0,1,0,0,0,0
motorsíklo,NN,noun,motorcycle.,0,Neutral,0,0,0,0,0,1,-1,1,0,0,-1,-1,0,0,1,0,0,1,0,0,0
mu,PRP,pronoun,"short form of nímu, second person post-position source pronoun.",0,Neutral,0,0,0,0,0,0,0,0,0,0,0,0,0,0,0,0,-1,-1,0,0,0
mu,RP,particle,particle expressing affirmation of the statement of which it is the last word.,0,Neutral,0,0,0,0,0,0,0,0,0,0,0,0,0,0,0,0,0,0,0,0,0
múda,NN,noun,"mode, fashion.",0,Neutral,0,0,0,0,-1,0,0,0,-1,0,0,1,0,1,0,0,0,0,0,1,0
múda,VB,verb,to become the fashion.,0,Neutral,0,0,0,0,0,0,0,0,0,0,0,0,0,0,0,0,0,1,0,0,0
mugún,VB,verb,"to work for a daily wage, to earn.",0,Neutral,0,0,0,0,-1,0,0,0,0,1,0,0,0,0,0,0,0,0,0,0,0
múg’ut,VB,verb,"to do something with violence, to have a grudge for.",-0.625,Negative,-1,-1,-1,-1,-1,0,-1,-1,-1,-1,-1,-1,-1,-1,-1,-1,-1,-1,-1,-1,-1
múklat,VB,verb,to open one’s eyes in waking.,0,Neutral,0,0,0,0,-1,-1,0,0,0,0,0,0,0,1,0,0,0,0,0,0,0
mulálung,VB,verb,to see or perceive clearly.,0.402,Positive,1,0,1,1,0,0,1,1,1,1,1,1,1,1,1,1,-1,1,0,1,1
muléstya,NN,noun,"bother, trouble.",-0.625,Negative,-1,-1,-1,-1,1,1,-1,-1,-1,-1,1,-1,-1,-1,-1,-1,-1,-1,-1,-1,-1
muléstya,VB,verb,"to bother, to molest, to cause trouble, to request.",-0.802,Negative,-1,-1,-1,-1,-1,1,-1,-1,-1,-1,0,-1,-1,-1,-1,-1,-1,-1,-1,-1,-1
multa,NN,noun,fine ( fee ),0.202,Positive,1,-1,1,1,1,-1,1,1,1,1,1,1,1,1,1,1,1,1,1,1,1
multa,VB,verb,to fine,0.202,Positive,1,-1,1,1,1,1,1,1,1,1,1,1,1,1,1,1,0,1,1,1,1
múlta,NN,noun,"fine, penalty.",-0.296,Negative,-1,-1,-1,-1,1,-1,1,-1,-1,-1,-1,1,0,-1,0,-1,-1,-1,-1,-1,-1
múlta,VB,verb,"to impose a fine, to be fined.",-0.103,Negative,-1,-1,-1,-1,1,-1,0,0,-1,-1,-1,-1,-1,-1,-1,-1,-1,-1,1,0,0
mumho,NN,noun,fallen crumbs of cooked rice on the floor or table,-0.361,Negative,-1,-1,-1,-1,-1,-1,-1,-1,1,-1,-1,-1,-1,-1,-1,-1,-1,-1,-1,-1,0
munga,NN,noun,hen,0,Neutral,0,0,0,0,1,-1,0,0,0,0,0,0,0,0,0,0,0,0,0,0,0
mungá’,NN,noun,"hen, female chicken.",0,Neutral,0,0,0,0,0,0,0,0,0,-1,1,-1,0,0,0,0,0,1,0,0,0
múngha,NN,noun,"monk, isolated nun.",-0.318,Negative,-1,0,-1,-1,0,0,-1,-1,-1,-1,-1,-1,-1,-1,-1,0,0,-1,1,1,-1
munisípyo,NN,noun,"municipal town hall, municipal office building.",0,Neutral,0,0,0,0,0,-1,0,0,0,0,0,0,0,1,0,0,0,0,0,0,0
múnu,CC,conjunction,"said, according to, quoting particle.",0,Neutral,0,0,0,0,0,0,-1,0,0,0,0,0,0,0,0,0,0,0,1,1,0
múnu,VB,verb,"to mention, to murmur, to say.",0,Neutral,0,0,0,0,0,1,1,0,0,0,0,0,0,0,0,1,0,0,0,0,0
murahág,JJ,adjective,"pop-eyed, red-eyed.",0,Neutral,0,0,0,0,0,1,0,0,0,0,0,0,0,0,1,0,0,0,0,0,0
múrto,NN,noun,"ghost, spirit, apparition.",-0.153,Negative,-1,-1,-1,-1,0,0,-1,0,-1,-1,-1,-1,-1,-1,-1,-1,-1,-1,-1,-1,0
musika,NN,noun,music synonym: lanton,0,Neutral,0,0,0,0,-1,-1,-1,0,0,0,0,0,0,0,1,0,-1,0,0,1,-1
músika,NN,noun,music.,0,Neutral,0,0,0,0,0,0,0,0,0,-1,0,0,0,0,0,0,1,0,1,0,0
músing,VB,verb,"to disgrace, to taint.",-0.494,Negative,-1,-1,-1,-1,0,0,-1,-1,-1,-1,-1,1,-1,-1,1,-1,-1,-1,-1,-1,-1
muskitéro,NN,noun,mosquito net.,0,Neutral,0,0,0,0,-1,-1,0,0,0,0,0,1,0,0,0,0,0,0,0,0,0
muskobádo,NN,noun,"unrefined sugar, brown sugar.",0,Neutral,0,0,0,0,0,0,0,0,0,0,0,0,0,0,0,0,1,1,0,0,0
músmus,JJ,adjective,"poor, just, only.",-0.477,Negative,-1,-1,-1,-1,1,0,1,-1,1,-1,1,0,-1,-1,0,-1,-1,-1,-1,-1,-1
mutsátso,NN,noun,"man servant, paid male servant in the house.",0,Neutral,0,0,0,0,-1,-1,0,0,-1,0,0,0,0,-1,0,0,0,1,-1,1,-1
mutún,NN,noun,pulley.,0,Neutral,0,0,0,0,1,0,-1,0,0,0,0,0,1,0,0,0,0,1,0,0,0
mútya’,NN,noun,pearl.,0,Neutral,0,0,0,0,0,1,0,0,0,0,0,-1,0,0,-1,0,0,0,0,0,0
mú’ad,VB,verb,"to augment, to increase, to multiply.",0.318,Positive,1,0,1,1,0,0,1,1,0,1,1,1,1,1,-1,1,1,1,0,1,1
mwéstra,NN,noun,"sample, model.",0,Neutral,0,0,0,0,1,1,0,0,0,0,1,0,0,0,0,0,0,0,-1,0,0
myémbro,NN,noun,member.,0,Neutral,0,0,0,0,-1,0,-1,0,0,0,0,1,0,0,0,1,0,0,0,0,0
myerkolés,NN,noun,wednesday.,0,Neutral,0,0,0,0,1,0,0,0,0,0,0,0,0,0,0,0,0,0,1,-1,1
myerkolés,NN,noun,,0,Neutral,0,0,0,0,0,0,0,1,0,-1,0,-1,0,0,0,0,0,0,0,0,0
na,RP,particle,"already, still, yet.",0,Neutral,0,0,0,0,0,0,0,0,0,0,0,0,1,0,0,0,0,0,0,0,0
na-,VB,verbal affix,variant of ; completed action affix for the /ma-/ verb in optative mode.,0,Neutral,0,0,0,0,0,1,0,0,0,0,0,-1,0,0,0,0,0,-1,0,1,0
na-…-an,VB,verbal affix,conditional completed action affix of the  verb.,0,Neutral,0,0,0,0,0,0,0,0,0,0,1,0,0,0,1,-1,0,0,1,0,0
nábaw,JJ,adjective,shallow.,0,Neutral,0,0,0,0,0,0,1,0,0,0,0,0,0,0,-1,0,0,0,0,0,0
nag-,VB,verbal affix,completed action affix of the  verb.,0,Neutral,0,0,0,0,0,0,0,0,0,0,0,0,0,0,-1,0,0,1,0,0,0
nag-talíwan,NN,noun formative,ang búlan sang febréro.,0,Neutral,0,0,0,0,0,0,0,0,0,0,0,0,-1,0,0,0,0,0,0,0,0
naggúlang,NN,noun formative,ang mangá prútas.,0,Neutral,0,0,0,0,0,0,0,0,-1,0,0,0,-1,0,0,0,0,0,0,0,0
naglígad,NN,noun formative,ang enéro péro walá’ pa matapús ang trabáho ku.,0,Neutral,0,0,0,0,-1,0,0,0,0,-1,0,-1,0,0,0,0,0,0,0,0,1
nagmalá,NN,noun formative,ang pantalún ku.,0,Neutral,0,0,0,0,0,0,0,0,0,0,0,0,0,0,-1,0,0,0,-1,0,0
nagmáyad,NN,noun formative,si carméla.,0,Neutral,0,0,0,0,0,0,0,0,0,0,1,0,0,0,0,0,0,-1,0,0,0
nagsámput,NN,noun formative,silá sa syudád.,0,Neutral,0,0,0,0,0,0,0,0,1,1,0,0,0,0,0,0,1,0,0,1,0
nag’ulí’,NN,noun formative,silá.,0,Neutral,0,0,0,0,0,0,0,1,0,-1,1,1,0,0,0,-1,0,0,0,0,0
naká-,VB,verbal affix,conditional completed action affix of the  verb.,0,Neutral,0,0,0,0,1,-1,-1,0,0,0,0,0,0,0,0,0,0,0,0,0,-1
nákun,PRP,pronoun,"my, mine, (first person singular post-position source pronoun).",0,Neutral,0,0,0,0,0,0,0,0,0,0,0,-1,0,0,0,0,0,0,0,0,0
naláng,RP,particle,"only, just, a limiting particle.",0,Neutral,0,0,0,0,0,0,0,-1,0,0,0,0,0,0,0,0,0,0,0,0,0
namit,NN,noun,"delicacy synonyms: nanam , rimis",0,Neutral,0,0,0,0,-1,0,0,0,-1,-1,1,0,0,0,1,0,0,0,0,0,0
námit,JJ,adjective,delicious.,0.572,Positive,1,1,1,1,0,0,1,1,1,1,1,1,1,1,1,0,1,1,1,0,1
námun,PRP,pronoun,"our, ours (first person plural exclusive post-position pronoun).",0.128,Positive,1,1,1,1,0,1,1,1,0,0,1,-1,-1,-1,0,1,1,1,1,1,1
námun,NN,noun,,0,Neutral,0,0,0,0,1,-1,0,0,0,0,1,0,0,0,-1,0,0,0,0,0,0
nanám,JJ,adjective,"delicious, tasty, spicy.",0.572,Positive,1,1,1,1,0,0,1,1,1,1,1,1,1,1,1,1,1,1,1,1,1
nánay,NN,noun,"mother, respect form for older aunts or older ladies in the family.",0.477,Positive,1,1,1,1,1,1,-1,1,1,1,1,1,1,1,1,1,1,1,1,1,1
nánday,RP,particle,post-position personal name marker.,0,Neutral,0,0,0,0,1,1,0,0,0,0,0,0,0,0,-1,0,1,0,0,0,0
nangín,VB,verbal affix,"became, was in the state of.",0,Neutral,0,0,0,0,0,0,0,0,0,0,0,-1,0,0,0,0,0,1,0,1,1
nánu,PRP,pronoun,variant of anu.,0,Neutral,0,0,0,0,0,0,0,0,0,0,0,0,0,0,-1,0,0,0,0,0,0
napúlu’,CD,numeral,ten.,0,Neutral,0,0,0,0,0,0,0,0,0,0,-1,0,0,0,0,0,0,1,0,0,0
naranghíta,NN,noun,nectarine.,0,Neutral,0,0,0,0,0,0,0,-1,0,0,0,0,0,-1,0,0,0,1,-1,0,0
nárs,NN,noun,nurse.,0,Neutral,0,0,0,0,0,1,0,0,0,0,0,0,0,0,0,0,0,1,1,0,0
naták’an,NN,noun formative,akú magpamáti’ sa íya istórya.,0,Neutral,0,0,0,0,0,0,0,0,0,0,0,0,0,0,0,0,0,0,0,0,0
nátun,PRP,pronoun,"our, ours (first person plural inclusive post-position source pronoun).",0,Neutral,0,0,0,0,0,0,0,0,1,0,0,1,0,1,0,0,0,0,0,-1,1
nawúng,NN,noun,"countenance, face.",0,Neutral,0,0,0,0,-1,-1,0,0,0,0,0,0,0,0,0,0,0,0,0,0,0
nay,NN,noun,variant of nánay.,0,Neutral,0,0,0,0,-1,0,0,0,0,0,0,0,0,0,-1,0,0,0,0,1,0
nayánáya,JJ,adjective,"elegant, well-dressed.",0.477,Positive,1,1,1,1,1,0,1,1,0,1,0,1,1,1,1,1,0,1,1,1,-1
nayún,NN,noun,"of pig, sow.",0,Neutral,0,0,0,0,1,-1,0,0,0,0,0,0,0,0,0,0,-1,0,0,0,0
náyun,RB,adverb,"beyond, over there.",0,Neutral,0,0,0,0,0,0,0,0,0,0,0,1,0,0,0,0,0,0,0,0,0
na’,DT,deictic,"that, from iná’.",0,Neutral,0,0,0,0,-1,0,1,0,0,0,-1,0,-1,0,0,0,0,0,-1,0,0
ná’ug,VB,verb,"to go down, to descend.",0,Neutral,0,0,0,0,-1,0,0,0,0,-1,1,0,0,0,0,0,0,0,0,0,-1
negósyo,NN,noun,"small business, business.;  merchant.",0,Neutral,0,0,0,0,0,0,0,0,1,0,0,0,0,0,0,0,0,0,0,1,1
negósyo,VB,verb,"to do business, to be in business.",0,Neutral,0,0,0,0,1,0,0,0,-1,0,0,0,0,0,0,0,0,0,0,0,0
negrense,NN,noun,native or resident of negros,0,Neutral,0,0,0,0,0,0,-1,0,0,0,0,0,0,1,0,0,0,0,0,0,0
negrense,JJ,adjective,pertaining to negros,0,Neutral,0,0,0,0,0,0,0,0,0,0,1,-1,0,0,0,0,0,1,0,0,0
néne’,NN,noun,endearment term for young girls or the eldest girl in the family.,0,Neutral,0,0,0,0,0,0,0,0,0,0,0,0,0,1,0,0,0,0,1,0,0
nérbyos,NN,noun,"nervousness, anxiety.",-0.44,Negative,-1,-1,-1,-1,0,0,-1,-1,-1,-1,-1,-1,-1,-1,-1,-1,0,0,-1,-1,-1
nérbyos,JJ,adjective,"nervous, edgy, anxious.",-0.477,Negative,-1,-1,-1,-1,-1,-1,-1,-1,-1,0,-1,-1,-1,0,-1,0,-1,-1,-1,-1,-1
nérbyos,VB,verb,"to be anxious, to be nervous.",-0.477,Negative,-1,-1,-1,-1,-1,0,-1,1,0,-1,-1,-1,-1,-1,-1,1,-1,-1,-1,-1,-1
nga,RP,particle,modifier connector.,0,Neutral,0,0,0,0,-1,1,0,-1,0,0,0,0,0,0,0,0,0,-1,-1,0,0
ngaa,RB,adverb,why ngaa indi ka magkadto? why won't you go?,0,Neutral,0,0,0,0,1,0,1,0,0,0,0,0,0,0,1,0,0,0,0,0,1
ngalan,NN,noun,name,0,Neutral,0,0,0,0,0,0,0,0,0,0,0,0,0,0,0,0,-1,0,0,0,1
ngálan,NN,noun,name.,0,Neutral,0,0,0,0,0,0,0,0,0,0,0,1,0,0,-1,0,0,0,0,0,1
ngásal,VB,verb,"to chatter, to talk boisterously.",0,Neutral,0,0,0,0,0,0,0,0,-1,0,-1,0,0,0,0,-1,0,0,0,0,-1
ngáwa,NN,noun,"surprise, apprehension.",-0.25,Negative,-1,-1,-1,-1,-1,0,-1,-1,-1,-1,-1,-1,-1,-1,-1,0,-1,-1,-1,-1,-1
ngáwa,VB,verb,"to be surprised, to shrink from, to be afraid of.",0.226,Positive,1,1,1,1,-1,1,1,1,1,1,-1,1,1,1,1,1,1,-1,1,1,1
ngá’a,RB,adverb,why.,0,Neutral,0,0,0,0,-1,1,0,0,0,0,0,0,-1,0,0,0,0,0,0,-1,0
ngídlis,VB,verb,"to be horrified, to feel uncomfortable with, to be unpleasant or disagreeable.",-0.898,Negative,-1,-1,-1,-1,0,1,-1,-1,-1,1,-1,-1,-1,-1,1,-1,-1,-1,-1,-1,-1
ngíl’ad,VB,verb,"to loathe, to be sickened, to disgust.",-0.891,Negative,-1,-1,-1,-1,1,-1,1,0,-1,-1,-1,-1,-1,-1,-1,-1,0,1,-1,-1,1
ngípun,NN,noun,tooth.,0,Neutral,0,0,0,0,0,1,0,0,0,0,0,1,0,-1,0,0,0,0,0,0,0
ngísi,NN,noun,"grin, giggle.",0.71,Positive,1,1,1,1,0,0,1,1,1,1,1,1,1,1,1,-1,1,1,1,1,1
ngísi,VB,verb,"to grin, to giggle.",0.71,Positive,1,1,1,1,1,1,1,1,-1,1,1,1,1,1,1,1,1,1,1,1,1
ngíslu’,NN,noun,"of the mouth, gum.",0,Neutral,0,0,0,0,1,-1,0,0,0,1,0,0,0,0,0,1,0,0,1,0,-1
ngithil,VB,verb,"to whine , whimper",-0.361,Negative,-1,-1,-1,-1,1,0,-1,-1,-1,-1,-1,0,-1,-1,-1,-1,-1,0,-1,-1,-1
ngúrab,VB,verb,"to murmur, to complain to oneself.",-0.361,Negative,-1,-1,-1,-1,-1,-1,-1,-1,-1,1,-1,-1,-1,-1,-1,-1,1,-1,-1,-1,-1
ngúrub,NN,noun,"frown, roar, growl.",0,Neutral,0,0,0,0,-1,-1,0,0,0,0,0,0,1,0,0,0,0,-1,0,1,-1
ngúrub,VB,verb,"to snarl, to growl, to frown.",0,Neutral,0,0,0,0,0,0,0,0,-1,0,0,0,0,0,0,0,0,0,0,0,-1
ngútngut,VB,verb,"to be painful, to feel a sharp pain, to ache.",-0.832,Negative,-1,-1,-1,-1,-1,0,-1,0,-1,-1,-1,-1,-1,-1,1,1,-1,-1,-1,-1,-1
ni,DT,deictic,"this, from iní.",0,Neutral,0,0,0,0,0,-1,0,0,0,0,0,1,0,0,0,0,0,0,0,0,0
ni,RP,particle,personal name post-position marker.,0,Neutral,0,0,0,0,0,-1,0,-1,0,1,0,0,0,0,0,0,0,0,1,0,0
nígru,NN,noun,"negro, black-complexioned person.",0,Neutral,0,0,0,0,0,1,0,0,0,0,0,0,0,0,-1,0,0,0,0,0,-1
níla,PRP,pronoun,their (third person plural post-position source pronoun).,0,Neutral,0,0,0,0,1,0,0,0,0,0,0,0,-1,0,0,0,0,1,0,-1,0
nílag,VB,verb,"to observe closely, to eavesdrop, to be on the watch surreptitiously.",0,Neutral,0,0,0,0,0,0,0,0,0,0,1,0,0,0,1,0,0,-1,0,0,0
nímu,PRP,pronoun,your (second person singular post-position source pronoun).,0,Neutral,0,0,0,0,-1,0,0,0,0,0,0,0,0,0,0,0,0,0,0,0,0
nínyu,PRP,pronoun,your (second person plural post-position source pronoun).,0,Neutral,0,0,0,0,0,0,0,0,0,0,0,0,0,0,0,0,0,0,0,1,1
nipa,NN,noun,nipa palm,0,Neutral,0,0,0,0,0,0,0,0,0,0,0,1,0,0,0,0,0,0,0,0,0
nípa,NN,noun,"nipa palm, swampy palm.",0,Neutral,0,0,0,0,0,0,-1,0,0,0,0,0,-1,0,1,0,0,0,0,0,0
nipiś,JJ,adjective,"thin, reduced in volume.",0,Neutral,0,0,0,0,0,0,0,0,0,0,0,0,0,0,0,-1,-1,-1,0,1,0
nipiś,NN,noun,,0,Neutral,0,0,0,0,0,0,0,0,0,0,0,0,0,-1,-1,0,1,0,0,0,0
nipiś,VB,verb,"to be thinner, to reduce in volume or thickness.",0,Neutral,0,0,0,0,1,0,0,0,0,0,-1,0,0,0,0,0,0,0,0,-1,0
nipúlun,JJ,adjective,"round, circular, spherical.",0,Neutral,0,0,0,0,0,0,0,0,-1,0,0,0,0,0,1,0,0,0,0,1,0
níwang,JJ,adjective,"lean, thin, of animals and people.",0,Neutral,0,0,0,0,0,0,0,0,0,0,0,0,-1,-1,0,-1,0,0,0,0,-1
níwang,VB,verb,"to reduce in weight, to become thinner.",0,Neutral,0,0,0,0,0,0,0,0,0,0,0,0,0,0,0,0,0,0,0,0,0
níya,PRP,pronoun,"her, his, its (third person singular post-position source pronoun).",0,Neutral,0,0,0,0,0,0,-1,0,0,0,1,1,0,0,0,0,-1,0,0,-1,0
niyúg,NN,noun,coconut.,0,Neutral,0,0,0,0,-1,0,0,1,0,0,0,0,0,0,0,0,0,0,0,0,0
nobéla,NN,noun,novel.,0.318,Positive,1,1,1,1,1,0,1,1,1,1,1,1,1,1,1,1,-1,0,1,1,0
nobyémbre,NN,noun,november.,0,Neutral,0,0,0,0,1,1,0,0,0,-1,0,0,0,0,0,0,0,0,0,1,0
nóbyo,NN,noun,"sweetheart, groom.",0.649,Positive,1,1,1,1,0,1,1,1,-1,1,0,1,1,1,1,1,1,0,-1,1,1
nónong,NN,noun,"endearment term for young boys, especially the second oldest in the family.",0,Neutral,0,0,0,0,1,0,0,0,-1,-1,0,0,0,-1,0,0,0,1,0,0,0
nónoy,NN,noun,"endearment term for young boys, especially the youngest in the family.",0,Neutral,0,0,0,0,0,1,1,-1,0,0,0,0,0,1,0,0,0,0,0,0,0
nú,PRP,pronoun,tag question word from anú.,0,Neutral,0,0,0,0,-1,0,1,0,0,0,-1,0,0,1,0,0,0,-1,0,0,0
nubú’,JJ,adjective,short in height.,0,Neutral,0,0,0,0,0,0,0,0,0,0,0,0,1,0,0,0,0,0,0,0,0
numero,NN,noun,number,0.077,Positive,1,1,1,1,0,0,1,1,1,1,-1,1,1,1,1,1,1,1,1,1,1
número,NN,noun,number.,0.077,Positive,1,1,1,1,1,1,0,1,1,1,-1,1,1,1,1,1,1,-1,1,1,1
núsnus,VB,verb,to rub hard.,-0.103,Negative,-1,-1,-1,-1,-1,1,-1,-1,-1,-1,-1,1,-1,-1,0,-1,0,-1,-1,-1,-1
nwébe,CD,numeral,nine.,0,Neutral,0,0,0,0,-1,-1,0,0,0,0,0,0,0,0,0,-1,0,0,0,0,0
nyébe,NN,noun,snow.,0,Neutral,0,0,0,0,0,0,0,0,0,0,0,0,0,0,0,0,0,1,-1,0,1
o,CC,conjunction,or.,0,Neutral,0,0,0,0,0,1,0,0,0,0,0,0,0,0,0,0,0,0,0,-1,-1
o,RP,particle,"okay, oh.",0.226,Positive,1,1,1,1,-1,0,1,-1,1,1,1,1,-1,1,1,1,1,1,1,0,1
obíspo,NN,noun,bishop.,0,Neutral,0,0,0,0,-1,1,0,0,-1,0,0,0,0,0,0,0,0,0,0,0,0
óbra,NN,noun,"work, job, assignment.",0,Neutral,0,0,0,0,0,0,0,0,0,0,0,0,0,0,0,0,0,0,1,0,0
óbra,VB,verb,"to work, to do a job.",0,Neutral,0,0,0,0,0,0,0,0,0,1,0,1,0,0,1,0,0,0,0,0,-1
okra,NN,noun,okra ( abelmoschus esculentus ),0,Neutral,0,0,0,0,0,0,0,-1,0,0,0,-1,0,1,0,0,0,0,0,0,1
okupádo,JJ,adjective,"busy, occupied.",0,Neutral,0,0,0,0,0,-1,0,0,0,0,0,0,0,0,0,1,0,1,0,0,0
ónse,CD,numeral,eleven.,0,Neutral,0,0,0,0,0,0,0,1,0,-1,0,0,1,0,0,0,0,0,0,0,-1
operá,VB,verb,"to operate, to be operated on.",0,Neutral,0,0,0,0,0,0,0,1,0,0,0,0,0,0,0,0,0,0,0,0,0
opisína,NN,noun,office.,0,Neutral,0,0,0,0,-1,0,0,0,0,0,0,0,0,1,0,0,-1,0,0,0,0
opisyál,NN,noun,official.,0,Neutral,0,0,0,0,-1,0,0,0,0,0,0,0,0,0,0,0,0,1,-1,0,0
óras,NN,noun,"time;  clock, watch, time piece.",0,Neutral,0,0,0,0,1,1,-1,0,0,0,0,0,0,0,0,0,0,1,0,0,0
orasyón,NN,noun,"angelus, toll of bells come six o’clock in the afternoon.",0,Neutral,0,0,0,0,0,0,0,0,0,0,0,0,-1,0,0,0,0,0,0,0,0
órden,NN,noun,cincture of priests on the head.,0,Neutral,0,0,0,0,0,0,0,0,1,0,0,0,0,1,0,0,0,0,0,0,0
órden,VB,verb,"to ordain, to bestow the cincture, so as to become a priest.",0,Neutral,0,0,0,0,0,0,0,0,0,0,0,0,0,0,0,0,0,0,0,0,0
ordináryo,JJ,adjective,"common, ordinary.",0,Neutral,0,0,0,0,1,0,0,0,0,1,0,0,0,-1,0,0,0,0,-1,0,0
órgano,NN,noun,organ.,0,Neutral,0,0,0,0,0,0,0,0,0,0,0,0,0,0,0,0,0,0,0,0,0
ospitál,NN,noun,hospital.,0,Neutral,0,0,0,0,0,0,0,0,0,0,0,1,0,0,0,0,0,0,0,0,0
osyóso,JJ,adjective,"curious, nosy.",0.318,Positive,1,1,1,1,1,0,1,1,1,-1,0,1,1,1,-1,1,1,1,1,1,1
otél,NN,noun,hotel.,0,Neutral,0,0,0,0,1,1,0,0,0,0,0,0,0,-1,-1,0,0,0,0,0,0
otsénta,CD,numeral,eighty.,0,Neutral,0,0,0,0,0,0,0,0,0,0,0,0,0,0,0,0,0,-1,1,0,0
ótso,CD,numeral,eight.,0,Neutral,0,0,0,0,0,0,0,0,1,0,0,0,-1,0,0,0,0,0,0,0,0
pa,RP,particle,"still, yet.",0,Neutral,0,0,0,0,1,0,0,0,0,0,0,0,0,0,0,0,0,0,0,0,0
paa,NN,noun,thigh,0,Neutral,0,0,0,0,0,0,0,0,0,0,0,0,0,0,0,1,0,0,0,0,0
paa,NN,noun,"haunch (of a horse , stag , etc.)",0,Neutral,0,0,0,0,0,0,0,0,0,0,0,-1,0,0,0,0,-1,0,0,0,0
paabat,VB,verb,causative of ábat,0,Neutral,0,0,0,0,-1,0,0,0,0,1,0,-1,0,0,0,0,1,0,0,0,0
paabay,VB,verb,causative of abáy,0,Neutral,0,0,0,0,1,-1,0,0,0,0,0,1,0,0,0,0,0,1,0,0,0
paagaw,VB,verb,causative of ágao,0,Neutral,0,0,0,0,1,0,1,0,0,0,0,0,0,0,-1,0,0,-1,0,0,0
paalam,NN,noun,causative of álam,0,Neutral,0,0,0,0,0,0,0,0,0,0,0,0,1,0,0,0,0,0,0,0,0
paalam,UH,interjection,goodbye paálam na.,0,Neutral,0,0,0,0,0,0,0,0,0,0,0,-1,0,0,0,0,0,0,0,0,0
paalam,VB,verb,to warn or caution,-0.103,Negative,-1,-1,-1,-1,0,0,1,-1,-1,-1,-1,-1,-1,-1,-1,1,-1,-1,-1,-1,-1
paboríto,NN,noun,favorite.,0.459,Positive,1,1,1,1,-1,0,1,-1,1,1,1,1,1,1,1,0,1,-1,1,1,1
paboríto,JJ,adjective,favorite.,0.459,Positive,1,1,1,1,1,1,1,1,1,1,1,0,1,1,1,0,1,1,1,1,1
pabrika,NN,noun,"factory , mill",0,Neutral,0,0,0,0,1,1,0,1,0,0,0,0,0,0,0,0,1,0,0,0,0
pábrika,NN,noun,factory.,0,Neutral,0,0,0,0,0,0,0,0,0,0,0,0,0,0,0,0,0,0,0,0,0
pábu,NN,noun,turkey.,0,Neutral,0,0,0,0,0,0,0,0,0,1,0,-1,0,0,0,0,0,-1,0,0,0
padalá,NN,noun,"thing sent, package sent.",0,Neutral,0,0,0,0,0,0,0,0,0,0,0,0,1,-1,0,0,0,0,0,0,0
padalá,VB,verb,to send.,0,Neutral,0,0,0,0,0,0,0,0,0,0,0,0,0,1,0,0,0,0,0,0,0
padáyun,VB,verb,"to go onward, to continue.",0,Neutral,0,0,0,0,0,0,0,0,0,0,0,0,0,0,0,-1,0,-1,0,0,0
pader,NN,noun,stone or concrete wall or fence,0,Neutral,0,0,0,0,0,1,0,0,0,0,0,-1,0,0,1,0,0,0,0,0,0
padér,NN,noun,concrete wall.,0,Neutral,0,0,0,0,0,0,0,0,0,1,0,0,0,0,0,-1,0,0,0,1,0
padíhut,VB,verb,"to contrive, to perform, to set up, to organize.",0,Neutral,0,0,0,0,0,0,0,0,0,0,0,0,1,0,0,0,0,0,0,0,0
padong,NN,noun,cockscomb ; rooster 's comb,0,Neutral,0,0,0,0,0,0,0,0,1,-1,0,0,0,0,0,0,0,0,0,0,0
padugi,NN,noun,method,0,Neutral,0,0,0,0,0,0,0,0,0,0,0,0,0,-1,0,1,0,0,0,0,0
padúgi’,VB,verb,"to manage, to find a way, to contrive.",0,Neutral,0,0,0,0,-1,0,0,0,0,0,1,0,0,0,-1,0,0,-1,0,0,0
padúlung,VB,verb,"to go to, to go in the direction of, to head for.",0,Neutral,0,0,0,0,0,0,0,0,1,0,0,0,0,0,0,0,1,0,0,0,0
pádya’,NN,noun,"prize, reward.",0.791,Positive,1,1,1,1,0,0,1,1,1,1,1,1,1,1,1,0,1,0,1,1,1
pagáno,NN,noun,"heathen, pagan.",0,Neutral,0,0,0,0,1,1,0,0,0,0,-1,0,0,0,0,0,-1,0,1,0,0
pagká’un,NN,noun,food.,0,Neutral,0,0,0,0,0,0,0,0,0,1,0,0,0,0,0,0,-1,1,-1,0,0
pagkúha’,NN,noun formative,dá’an sang pápel.,0,Neutral,0,0,0,0,0,-1,1,0,0,0,0,0,0,0,0,0,-1,0,0,0,0
paglaum,NN,noun,hope,0.44,Positive,1,1,1,1,0,0,1,1,1,1,1,1,1,1,1,1,-1,1,1,1,1
págsik,JJ,adjective,"brisk, active, enthusiastic.",0.758,Positive,1,1,1,1,1,1,1,1,1,1,1,1,1,-1,1,1,1,1,1,1,-1
págut,VB,verb,"to rave, to be furious, to gnash the teeth while asleep.",-0.572,Negative,-1,-1,-1,-1,1,1,-1,-1,-1,-1,-1,-1,-1,-1,-1,-1,1,-1,-1,-1,-1
pág’un,JJ,adjective,"strong, durable, firm, solid.",0.599,Positive,1,1,1,1,-1,-1,-1,1,1,1,1,-1,1,1,1,1,1,1,1,1,1
páha,NN,noun,"belt, waist band.",0,Neutral,0,0,0,0,1,1,-1,0,0,1,0,0,0,0,0,0,0,0,0,0,0
pahalin,VB,verb,causative of hálin,0,Neutral,0,0,0,0,0,-1,0,0,0,0,0,0,0,0,0,0,-1,0,0,1,-1
pahalin,VB,verb,to depart or leave,-0.052,Negative,-1,-1,-1,-1,0,0,1,1,-1,-1,-1,-1,-1,-1,-1,-1,-1,-1,-1,1,-1
pahalin,VB,verb,to fire or oust,-0.34,Negative,-1,-1,-1,-1,-1,-1,-1,-1,-1,-1,-1,-1,0,-1,-1,0,-1,1,-1,-1,-1
pahat,VB,verb,to share ; to divide,0.296,Positive,1,1,1,1,0,0,1,1,-1,1,1,1,1,1,1,1,-1,1,1,1,1
pahat-pahat,VB,verb,diminutive of páhat,0,Neutral,0,0,0,0,0,1,0,0,0,0,0,0,0,0,0,0,0,-1,-1,0,0
pahat-pahat,VB,verb,frequentative of páhat,0,Neutral,0,0,0,0,1,0,1,0,1,0,1,0,0,0,0,-1,0,0,0,0,0
páhid,VB,verb,"to wipe clean, to wipe away, to dry with a cloth.",0.402,Positive,1,1,1,1,0,0,1,1,1,1,1,1,1,1,1,1,1,1,1,1,1
pahítu’,NN,noun,"technique, procedure, way, means.",0,Neutral,0,0,0,0,1,1,0,0,0,0,0,0,0,0,0,0,1,0,0,0,0
pahítu’,VB,verb,"to do, to find a way, to scheme, to process.",0,Neutral,0,0,0,0,0,1,0,0,0,0,0,0,0,0,0,0,1,0,0,0,0
páhug,VB,verb,"to frighten, to tease.",-0.572,Negative,-1,-1,-1,-1,0,0,-1,-1,-1,-1,-1,-1,0,-1,-1,0,-1,-1,-1,-1,1
pahulám,VB,verb,"to lend, to let.",0,Neutral,0,0,0,0,-1,1,0,0,0,-1,0,0,0,0,0,1,0,-1,0,0,0
pahúway,NN,noun,"rest, relaxation.",0.527,Positive,1,1,1,1,0,0,1,1,1,1,1,-1,1,0,1,1,1,0,1,1,0
pahúway,VB,verb,"to rest, to relax.",0.44,Positive,1,1,1,1,1,1,1,1,1,1,1,1,1,1,1,1,1,1,1,-1,1
páhu’,NN,noun,mango.,0,Neutral,0,0,0,0,1,1,1,0,0,-1,0,0,0,0,0,0,0,0,0,0,0
paka,NN,noun,frog,0,Neutral,0,0,0,0,0,0,0,0,-1,0,0,0,0,0,0,0,0,-1,0,0,0
pakarás,VB,verb,to harrow.,0,Neutral,0,0,0,0,0,0,0,0,0,0,0,0,-1,0,0,0,0,0,0,0,0
pákaw,NN,noun,"hilt, handle.",0,Neutral,0,0,0,0,0,0,0,1,0,-1,0,0,0,0,0,0,-1,0,0,-1,0
paká’,NN,noun,frog.,0,Neutral,0,0,0,0,0,0,0,0,1,0,0,0,0,1,0,0,0,0,1,0,0
paka’isá,NN,noun,first degree cousin.,0,Neutral,0,0,0,0,0,0,0,0,0,0,0,0,0,0,0,0,0,0,0,0,0
pakéte,NN,noun,"pack, package.",0,Neutral,0,0,0,0,0,0,-1,0,0,0,-1,0,0,0,-1,0,0,0,0,0,0
páklang,NN,noun,"stem, branch.",0,Neutral,0,0,0,0,0,0,0,0,0,1,1,0,-1,0,0,0,-1,0,0,0,0
paklay,NN,noun,"a filipino dish made from sautéed sliced bamboo shoots , mixed with meat such as fish or shrimp , ground pork or beef , with some tomatoes , onions , garlic , and other spices , among other ingredients, especially in the cuisine of western visayas nakakáon kamí dídto sing manámit nga páklay . we had there a savoury dish of bamboo-shoots mixed with meat .",0,Neutral,0,0,0,0,0,1,0,0,0,0,0,0,0,1,0,0,0,0,0,1,0
pákpak,NN,noun,"feather, wing.",0,Neutral,0,0,0,0,-1,0,0,0,0,0,0,0,0,0,0,0,0,-1,0,0,0
pákpak,VB,verb,to beat off as to brush off dust or ants from a dress.,0,Neutral,0,0,0,0,0,1,0,0,0,0,0,0,0,0,0,0,0,0,0,0,0
pákris,NN,noun,bruise.,0,Neutral,0,0,0,0,0,0,0,0,0,0,0,0,0,0,0,0,0,0,0,0,0
páksi’,VB,verb,"to tear off from something, to take out from a book, to pluck off a flower.",0,Neutral,0,0,0,0,0,0,0,1,0,-1,0,0,0,0,0,0,0,0,0,0,0
pakút,NN,noun,"guess, venture.",0,Neutral,0,0,0,0,0,0,0,0,0,0,0,0,-1,-1,1,-1,0,0,0,0,-1
pakút,VB,verb,"to venture a guess, to guess.",0,Neutral,0,0,0,0,0,1,1,0,0,0,0,-1,0,1,0,0,0,0,0,-1,0
pakú’,NN,noun,sleeve.,0,Neutral,0,0,0,0,0,0,0,0,0,-1,0,0,0,-1,0,0,0,0,0,1,0
pákyaw,JJ,adjective,"wholesale, in bulk.",0,Neutral,0,0,0,0,0,0,0,0,0,0,0,0,-1,0,0,-1,0,0,0,0,0
pála,NN,noun,"shovel, spade.",0,Neutral,0,0,0,0,0,0,0,0,0,0,0,0,0,0,0,0,0,0,0,0,0
pala-,JJ,adjective formative,formative affix designating habitual state of being or repeated action.,0,Neutral,0,0,0,0,0,0,0,0,0,0,0,-1,0,0,-1,1,0,0,0,0,0
pálad,NN,noun,"fate, palm.",0,Neutral,0,0,0,0,0,0,0,0,1,-1,1,-1,0,-1,-1,0,0,0,0,0,0
palahubog,NN,noun,"drunkard , alcoholic synonym: palabalong",0,Neutral,0,0,0,0,0,0,0,0,1,0,0,0,0,-1,0,0,0,0,1,0,0
palákpak,NN,noun,clapping of the hands.,0,Neutral,0,0,0,0,0,0,0,0,1,0,0,0,0,0,0,0,0,0,0,0,0
palákpak,VB,verb,to clap the hands.,0,Neutral,0,0,0,0,1,0,0,0,0,0,-1,0,0,0,0,0,0,0,0,0,0
palaktakún,NN,noun,"riddle, problem.",-0.402,Negative,-1,-1,-1,-1,1,1,-1,-1,-1,-1,-1,-1,0,1,-1,-1,-1,-1,-1,1,1
palamanúg,VB,verb,"to swell, to have black and blue marks.",0,Neutral,0,0,0,0,-1,-1,0,0,0,0,0,0,0,-1,0,0,0,-1,-1,0,0
palangána,NN,noun,basin.,0,Neutral,0,0,0,0,0,0,0,-1,1,0,0,0,0,0,0,-1,0,0,0,0,0
palángga’,NN,noun,"beloved, sweetheart, favorite.",0.891,Positive,1,1,1,1,0,0,-1,1,1,1,1,1,1,1,-1,1,0,0,1,-1,1
palángga’,VB,verb,"to love, to care for.",0.813,Positive,1,1,1,1,1,1,1,1,1,1,1,-1,1,1,1,-1,1,1,1,1,1
pálapála,NN,noun,trellis.,0,Neutral,0,0,0,0,1,1,0,0,0,1,-1,0,0,0,0,0,0,0,0,0,0
palasárun,NN,noun,"project, plan.",0,Neutral,0,0,0,0,-1,0,0,0,0,0,0,-1,0,0,0,0,1,0,0,0,0
palásyu,NN,noun,palace.,0,Neutral,0,0,0,0,-1,0,0,0,-1,0,0,0,0,0,0,0,0,0,0,0,0
pálay,NN,noun,rice plant.,0,Neutral,0,0,0,0,0,0,0,0,0,1,0,0,0,0,1,0,0,0,0,0,0
paláyas,NN,noun,awning.,0,Neutral,0,0,0,0,0,0,0,0,-1,0,-1,0,0,0,0,0,0,0,-1,0,1
pála’,VB,verb,"to erase with an eraser, to wipe out.",0,Neutral,0,0,0,0,1,-1,1,0,0,0,0,0,0,0,-1,0,0,0,0,0,0
pálhit,VB,verb,"to smear over, to plaster on to.",-0.361,Negative,-1,-1,-1,-1,1,1,-1,-1,-1,-1,-1,-1,-1,-1,-1,-1,-1,0,-1,-1,-1
palíbut,RB,adverb,around.,0,Neutral,0,0,0,0,-1,-1,0,0,0,0,0,0,-1,0,0,0,-1,0,0,0,0
pálid,VB,verb,to be blown away.,0,Neutral,0,0,0,0,0,0,1,-1,0,0,-1,0,0,1,0,0,1,0,0,0,0
paligu’,VB,verb,see ligu’.,0,Neutral,0,0,0,0,0,-1,1,0,0,0,0,0,0,0,1,0,0,-1,0,-1,-1
palíhug,VB,verb,to please.,0.318,Positive,1,1,1,1,0,0,1,1,1,1,1,1,1,1,1,1,0,1,1,1,1
palítu,NN,noun,tooth pick.,0,Neutral,0,0,0,0,0,1,0,0,0,0,1,0,0,0,0,0,0,0,-1,0,0
pálpag,VB,verb,"to strike or hit with something, to drive a nail.",-0.128,Negative,-1,-1,-1,-1,0,0,-1,-1,-1,-1,0,-1,-1,-1,-1,-1,-1,-1,-1,-1,-1
pálsu,VB,verb,"to fail, to disappoint, to be unsuccessful.",-0.827,Negative,-1,-1,-1,-1,-1,1,-1,-1,-1,1,-1,-1,-1,0,-1,-1,-1,-1,-1,-1,-1
pálta,VB,verb,to be absent.,0,Neutral,0,0,0,0,-1,1,0,0,0,0,0,1,1,0,0,0,0,0,0,0,0
paltéra,NN,noun,midwife.,0,Neutral,0,0,0,0,1,0,0,0,0,0,0,1,0,0,0,0,1,0,0,0,0
pálu,NN,noun,masthead of a ship.,0,Neutral,0,0,0,0,1,0,0,0,0,-1,0,0,0,0,0,0,-1,0,0,0,0
pálung,VB,verb,"to put out, to extinguish, to blow out.",0,Neutral,0,0,0,0,0,0,0,0,1,0,0,0,0,1,0,0,0,1,-1,0,0
palús,VB,verb,"to slip off, to free from grip.",0.511,Positive,1,1,1,1,0,0,1,0,1,1,1,1,1,1,1,1,1,1,1,1,0
pamáhaw,NN,noun,"breakfast, snack.",0,Neutral,0,0,0,0,1,1,0,0,1,0,0,0,0,0,0,0,0,1,1,0,0
pamáhaw,VB,verb,"to eat breakfast, to eat a snack.",0,Neutral,0,0,0,0,0,0,0,0,0,0,0,0,0,0,0,0,0,0,0,0,0
pamalándung,VB,verb,"to meditate, to contemplate.",0,Neutral,0,0,0,0,0,0,0,0,0,0,0,1,0,0,0,0,0,0,0,0,-1
pamángkut,NN,noun,question.,0,Neutral,0,0,0,0,-1,0,0,0,0,0,0,0,0,0,0,0,1,0,0,0,-1
pamángkut,VB,verb,to ask a question.,0,Neutral,0,0,0,0,1,0,0,0,0,0,1,0,1,0,0,0,0,0,0,0,0
pamantalá’an,NN,noun,newspaper.,0,Neutral,0,0,0,0,0,0,0,0,0,-1,0,0,0,0,0,0,0,0,0,0,0
pamatán’un,NN,noun,youth.,0,Neutral,0,0,0,0,-1,0,0,0,-1,0,0,0,0,0,0,0,0,0,0,0,0
památbat,VB,verb,"to speak with authority, to lead a group in prayer, to sentence as a judge.",0.153,Positive,1,1,1,1,0,0,1,-1,1,1,1,1,1,1,1,1,1,1,1,1,1
památi’,VB,verb,to listen.,0,Neutral,0,0,0,0,1,1,0,0,0,0,0,0,-1,0,0,0,-1,0,0,0,0
pamugún,VB,verb,"to earn, to work at a job.",0,Neutral,0,0,0,0,0,-1,-1,0,0,-1,0,1,-1,-1,0,0,0,1,1,0,0
pamulúgsu’,VB,verb,to gesticulate wildly and talk angrily.,-0.421,Negative,-1,-1,-1,-1,0,0,-1,-1,-1,1,-1,-1,-1,-1,-1,-1,-1,-1,-1,-1,-1
pamulut,VB,verb,frequentative of púlut,0,Neutral,0,0,0,0,0,-1,0,0,0,0,0,0,0,0,0,1,-1,0,0,0,0
pamús’un,VB,verb,to move the bowels.,0,Neutral,0,0,0,0,1,0,0,0,0,0,0,1,1,0,0,1,0,0,1,1,0
pamuyayaw,VB,verb,frequentative of buyáyaw,0,Neutral,0,0,0,0,-1,0,0,0,0,0,0,0,-1,0,0,0,0,0,0,0,1
pamuyayaw,VB,verb,to curse and swear,-0.572,Negative,-1,-1,-1,-1,0,-1,-1,-1,0,-1,-1,-1,-1,1,-1,-1,-1,-1,-1,-1,-1
panaderíya,NN,noun,bakery.,0,Neutral,0,0,0,0,-1,-1,0,0,0,0,0,0,-1,0,0,0,0,1,0,0,0
panagsarí’,NN,noun,predicate.,0,Neutral,0,0,0,0,0,1,0,0,1,0,-1,0,0,0,0,0,0,0,1,0,-1
panag’íya,VB,verb,"to own, to acquire, to obtain.",0,Neutral,0,0,0,0,0,0,0,0,0,0,0,0,0,0,0,0,0,0,0,0,0
panahún,NN,noun,"weather, climate.",0,Neutral,0,0,0,0,0,0,0,0,0,-1,1,0,0,0,0,0,0,1,0,0,0
panakáyun,VB,verb,"to sail, to take the boat.",0,Neutral,0,0,0,0,0,0,0,0,0,0,0,1,0,0,0,0,0,0,0,0,0
panakot,NN,noun,a spice,0,Neutral,0,0,0,0,-1,0,0,-1,0,0,1,1,0,0,0,0,0,0,0,0,1
panakot,NN,noun,(archaic) ingredient,0,Neutral,0,0,0,0,1,0,0,0,0,0,0,0,-1,0,0,0,-1,0,0,0,0
panakot,NN,noun,"(archaic) medicine, drug",0,Neutral,0,0,0,0,-1,0,0,0,0,0,-1,0,0,0,0,0,0,0,0,1,0
panákut,NN,noun,"ingredients, spice.",0,Neutral,0,0,0,0,0,0,0,0,0,0,0,-1,0,0,0,0,0,0,0,0,0
panálgan,NN,noun,storey.,0,Neutral,0,0,0,0,-1,0,0,0,0,0,0,0,0,0,0,0,0,0,0,0,0
panambítun,VB,verb,"to sigh, to mourn, to cry.",-0.7,Negative,-1,-1,-1,-1,0,0,0,-1,-1,1,1,1,-1,-1,-1,-1,-1,-1,-1,1,-1
panámkun,VB,verb,"to conceive, to crave for something while conceiving.",0,Neutral,0,0,0,0,-1,-1,0,0,0,0,0,0,0,0,0,0,0,0,0,0,0
pananglitan,NN,noun,"an analogy , example , or illustration",0,Neutral,0,0,0,0,0,0,0,0,0,0,0,0,-1,0,0,-1,0,0,1,0,0
pananglítan,CC,conjunction,"supposing, in case, if.",0,Neutral,0,0,0,0,-1,0,0,1,0,0,-1,0,0,0,0,0,1,0,0,0,0
panáptun,NN,noun,cloth.,0,Neutral,0,0,0,0,0,0,0,0,0,0,0,1,0,0,0,1,0,1,0,0,0
pánas,VB,verb,"to rub off, to erase, to wipe out.",0,Neutral,0,0,0,0,1,0,0,1,0,0,1,0,0,0,0,0,0,0,1,1,0
paná’,NN,noun,"arrow, bow.",0,Neutral,0,0,0,0,-1,0,0,0,0,0,0,0,1,0,-1,-1,0,0,0,0,0
paná’ug,VB,verb,"to go down, to go downstairs.",0,Neutral,0,0,0,0,0,0,0,0,0,0,0,0,0,-1,0,0,0,0,0,0,0
pang-…-un,VB,verbal affix,ginpangumústa akú ni presidénte márcos.,0,Neutral,0,0,0,0,0,0,-1,-1,0,0,0,0,0,0,0,1,0,0,0,0,0
pangabáy,VB,verb,"to request, to ask a favor.",0.402,Positive,1,1,1,1,0,1,1,1,1,-1,1,1,1,1,-1,1,-1,1,1,1,1
pangabúdlay,NN,noun,"effort, hard work.",-0.103,Negative,-1,-1,-1,-1,1,1,-1,-1,-1,-1,-1,-1,-1,-1,-1,0,-1,-1,-1,0,-1
pangabúdlay,VB,verb,"to work hard, to try to accomplish, to put effort into.",0.34,Positive,1,1,1,1,-1,-1,1,1,1,0,1,1,1,1,1,1,1,1,1,1,1
pangabúhi’,NN,noun,"life, way of life.",0,Neutral,0,0,0,0,1,1,0,0,0,0,0,0,-1,0,0,0,1,0,0,1,0
pangádyi’,NN,noun,"prayer, meditation.",0,Neutral,0,0,0,0,0,0,0,0,0,0,-1,0,0,0,0,0,0,0,0,0,0
pangádyi’,VB,verb,"to pray, to meditate, to contemplate.",0.318,Positive,1,1,1,1,0,0,1,1,1,1,1,1,1,-1,1,1,0,0,1,1,1
pangáku’,NN,noun,"promise, oath, sworn statement.",0.318,Positive,1,1,1,1,1,-1,1,1,1,1,1,1,1,1,1,1,1,1,1,1,1
pangáku’,VB,verb,"to swear, to promise, to commit.",0.511,Positive,1,1,1,1,1,1,1,-1,1,1,1,1,1,1,-1,1,1,1,1,1,1
pangáku’,NN,noun formative,magliwát.,0,Neutral,0,0,0,0,0,1,1,-1,0,0,0,0,0,0,1,0,0,0,0,-1,0
pangalikog,NN,noun,a probe,0,Neutral,0,0,0,0,-1,0,0,0,0,0,0,0,0,0,0,0,0,-1,0,0,0
pangalikog,VB,verb,frequentative of kalíkog,0,Neutral,0,0,0,0,0,0,0,-1,0,0,0,0,0,0,0,-1,0,0,0,0,0
pangamúyu’,NN,noun,"prayer, supplication.",0,Neutral,0,0,0,0,0,0,0,0,0,0,0,0,-1,0,0,0,0,0,1,1,0
pangamúyu’,VB,verb,"to pray, to supplicate, to entreat god.",0.527,Positive,1,1,1,1,0,0,1,1,1,1,0,1,-1,1,1,0,1,1,1,1,1
panganud,NN,noun,cloud,0,Neutral,0,0,0,0,1,1,0,0,0,1,0,0,0,0,0,0,-1,0,0,0,0
pangánud,NN,noun,cloud.,0,Neutral,0,0,0,0,1,0,0,-1,0,0,1,0,0,0,0,0,0,0,0,0,0
pangáyaw,VB,verb,"to migrate, to transfer to a place temporarily, to move to a new place.",0,Neutral,0,0,0,0,0,0,0,0,0,1,0,1,-1,0,0,0,1,-1,0,0,0
pangáyu’,NN,noun,"request, demand, thing asked for.",-0.128,Negative,-1,-1,-1,-1,0,0,-1,-1,-1,-1,-1,-1,-1,-1,-1,-1,1,-1,-1,-1,-1
pangáyu’,VB,verb,"to ask, to request, to demand.",-0.128,Negative,-1,-1,-1,-1,1,-1,-1,-1,-1,-1,-1,-1,-1,-1,-1,-1,-1,-1,-1,-1,-1
pánggas,VB,verb,"to sow, to plant seeds by hand.",0.494,Positive,1,1,1,1,0,-1,1,1,1,1,1,1,1,1,1,1,1,1,1,1,-1
panginhásun,NN,noun,"sea shell, clam.",0,Neutral,0,0,0,0,-1,1,0,0,0,0,0,0,0,0,-1,0,0,0,0,0,0
pangíta’,NN,noun,"wage, earnings.",0,Neutral,0,0,0,0,0,0,0,-1,0,0,0,0,0,0,0,0,0,0,0,0,1
pangíta’,VB,verb,"to look for, to search.",0,Neutral,0,0,0,0,0,0,0,0,1,0,0,0,0,0,0,-1,0,0,0,1,0
pángpang,NN,noun,"brink, edge, coast, area close to a river or sea.",0,Neutral,0,0,0,0,0,0,0,0,0,0,0,-1,0,0,0,0,0,0,0,0,0
pangúlu,NN,noun,"president, chief, leader.",0,Neutral,0,0,0,0,0,0,0,0,0,0,0,0,0,0,0,-1,0,0,0,0,0
panihúl,NN,noun,whistle.,0,Neutral,0,0,0,0,0,1,-1,0,0,0,0,1,0,0,0,0,0,0,0,0,1
panihúl,VB,verb,"to whistle, to be whistled at.",0,Neutral,0,0,0,0,0,-1,0,0,0,0,0,0,0,0,0,0,0,0,0,-1,0
panílag,VB,verb,"to watch, to scout, to observe surreptitiously.",0,Neutral,0,0,0,0,-1,0,0,0,-1,0,0,1,0,0,1,0,0,0,1,0,0
pánit,NN,noun,"skin, leather, bark.",0,Neutral,0,0,0,0,0,0,0,0,0,0,0,0,0,0,-1,0,0,0,0,0,0
pánit,VB,verb,"to skin, to peel off.",0,Neutral,0,0,0,0,-1,0,0,0,0,0,0,0,0,1,0,-1,0,0,0,-1,1
paní’id,NN,noun,"experience, observation.",0,Neutral,0,0,0,0,0,-1,0,0,0,0,0,1,0,0,0,0,0,-1,0,0,0
paní’id,VB,verb,"to observe, to experience.",0,Neutral,0,0,0,0,-1,0,0,0,0,0,0,-1,0,0,-1,0,1,0,0,1,0
pani’údtu,NN,noun,lunch.,0,Neutral,0,0,0,0,0,0,0,0,0,0,0,0,1,0,0,0,0,0,0,0,0
pani’údtu,VB,verb,to eat lunch.,0,Neutral,0,0,0,0,0,0,0,0,0,1,0,-1,1,0,0,1,0,0,0,0,0
pánsit,NN,noun,cooked noodles with mixed vegetables and dumplings.,-0.077,Negative,-1,-1,-1,-1,0,0,-1,-1,-1,-1,-1,-1,-1,-1,-1,-1,-1,-1,-1,0,-1
pantalón,NN,noun,pair of pants.,0,Neutral,0,0,0,0,-1,-1,0,0,0,0,0,0,0,0,0,0,0,0,0,0,0
pantálya,NN,noun,dummy.,0,Neutral,0,0,0,0,0,0,0,0,0,0,0,0,0,0,0,0,0,0,0,0,-1
panúgyan,NN,noun,"suggestion, recommendation.",0,Neutral,0,0,0,0,0,0,1,1,0,0,0,0,0,0,0,-1,-1,0,0,0,0
panuláy,NN,noun,"evil, devil, temptation.",-0.869,Negative,-1,-1,-1,-1,0,0,-1,-1,-1,-1,-1,0,-1,-1,-1,-1,-1,-1,-1,-1,-1
panyága,NN,noun,lunch.,0,Neutral,0,0,0,0,-1,-1,1,0,0,-1,0,0,0,0,0,1,0,0,0,0,-1
panyága,VB,verb,to eat lunch.,0,Neutral,0,0,0,0,0,0,0,0,0,0,0,0,0,1,0,0,0,0,0,0,0
panyápun,NN,noun,"supper, dinner.",0,Neutral,0,0,0,0,0,0,0,0,0,0,0,0,0,0,0,0,0,0,0,0,0
panyápun,VB,verb,"to eat supper, to dine.",0,Neutral,0,0,0,0,0,0,0,0,0,0,0,0,0,0,0,0,0,0,0,0,0
pányu’,NN,noun,handkerchief.,0,Neutral,0,0,0,0,0,0,0,1,0,0,-1,0,0,0,-1,0,0,0,0,0,0
papá,NN,noun,father.,0,Neutral,0,0,0,0,0,0,0,0,0,0,0,0,0,1,0,0,0,0,0,0,0
pápa,NN,noun,roman catholic pope.,0,Neutral,0,0,0,0,0,0,0,0,0,1,0,1,0,0,0,0,0,0,0,0,1
pápas,VB,verb,"to exterminate, to destroy.",-0.542,Negative,-1,-1,-1,-1,0,0,-1,1,-1,0,1,-1,-1,-1,-1,-1,-1,-1,1,-1,-1
papél,NN,noun,paper.,0,Neutral,0,0,0,0,-1,-1,0,0,0,0,0,0,0,0,0,0,0,0,0,0,0
pára,CC,conjunction,for.,0,Neutral,0,0,0,0,1,0,0,0,0,0,0,0,0,0,0,0,0,0,0,0,0
paráda,NN,noun,"parade, parking.",0,Neutral,0,0,0,0,0,0,0,0,0,0,0,0,1,1,0,0,0,0,-1,0,0
paráda,VB,verb,"to hold a parade, to park a vehicle.",0,Neutral,0,0,0,0,0,0,0,0,-1,0,0,-1,1,0,0,0,0,0,1,0,0
parakáyda,NN,noun,parachute.,0,Neutral,0,0,0,0,0,0,0,0,0,0,0,0,0,0,0,0,0,0,0,0,0
paralísis,NN,noun,"paralysis, loss of sensation on any part of the body.",-0.318,Negative,-1,-1,-1,-1,0,0,-1,-1,1,-1,-1,-1,-1,-1,-1,-1,-1,-1,-1,0,-1
paralítiku,NN,noun,"paralytic, crippled person.",0,Neutral,0,0,0,0,0,-1,0,0,0,0,0,0,0,0,0,0,-1,0,0,0,0
párapu,NN,noun,paragraph.,0,Neutral,0,0,0,0,0,0,0,0,0,0,0,0,0,0,0,0,0,0,0,0,0
para’ísu,NN,noun,paradise.,0.637,Positive,1,1,1,1,0,0,1,1,1,1,1,1,1,1,1,1,1,1,1,1,1
parého,RB,adverb,"same, similarly.",0,Neutral,0,0,0,0,1,1,-1,0,-1,0,0,0,0,0,0,0,0,0,1,0,0
parého,VB,verb,"to be the same, to be similar.",0,Neutral,0,0,0,0,0,-1,0,1,0,1,0,0,0,0,0,0,0,-1,0,0,0
parílya,NN,noun,broiling grill.,0,Neutral,0,0,0,0,0,0,0,0,0,0,0,0,0,0,1,0,0,0,0,-1,0
páris,NN,noun,"pair, look-alike.",0,Neutral,0,0,0,0,-1,0,0,0,0,-1,0,0,0,0,0,0,0,0,-1,0,0
pári’,NN,noun,"priest, minister, preacher.",0,Neutral,0,0,0,0,0,-1,0,1,0,0,0,0,0,1,1,0,0,-1,0,0,0
parmásya,NN,noun,"pharmacy, drug store.",0,Neutral,0,0,0,0,0,0,0,0,0,0,0,0,0,0,0,1,0,0,0,0,0
parmasyotika,NN,noun,pharmacist.,0,Neutral,0,0,0,0,-1,0,0,0,0,0,0,0,0,1,0,0,0,1,0,0,0
párti,NN,noun,"part, division, piece.",0,Neutral,0,0,0,0,0,0,0,-1,-1,0,0,0,0,0,0,0,0,0,0,0,0
párti,RB,adverb,"about, in relation to.",0,Neutral,0,0,0,0,0,0,0,-1,0,0,0,1,0,-1,0,0,-1,-1,0,0,0
partído,NN,noun,political party.,0.402,Positive,1,1,1,1,0,0,1,1,1,1,1,-1,1,1,1,0,1,1,1,1,1
parúl,NN,noun,"lantern, christmas lanterns.",0,Neutral,0,0,0,0,1,1,0,0,0,0,0,-1,0,0,0,0,-1,0,1,0,0
parút,VB,verb,to miss a card in gambling.,-0.153,Negative,-1,-1,-1,-1,0,0,-1,-1,-1,-1,-1,-1,-1,-1,-1,-1,-1,-1,-1,1,-1
paryente,NN,noun,relative synonym: kakiliran,0,Neutral,0,0,0,0,-1,-1,0,0,0,0,0,0,0,0,0,0,1,0,0,0,0
paryénte,NN,noun,"relative, cousin.",0,Neutral,0,0,0,0,1,0,0,0,0,-1,0,0,0,-1,0,0,0,0,0,0,1
pásad,VB,verb,"to establish, to erect, to put up.",0,Neutral,0,0,0,0,0,0,0,0,0,0,0,0,0,0,0,0,0,0,1,1,0
pasagí’,JJ,adjective,simple.,0,Neutral,0,0,0,0,0,0,-1,1,0,0,0,0,0,-1,0,0,0,0,0,0,0
pasáhe,NN,noun,"passage, trip.;  passenger.",0,Neutral,0,0,0,0,0,0,0,0,0,0,0,0,0,1,1,0,0,0,0,0,1
pasahi,JJ,adjective,"extraordinary , exceptional , remarkable",0.597,Positive,1,1,1,1,0,1,1,1,-1,1,1,1,1,1,1,1,0,1,1,1,1
pasahi,JJ,adjective,"uncommon , noteworthy",0,Neutral,0,1,0,0,1,1,0,0,0,0,0,0,0,0,0,0,0,-1,0,0,-1
pasahi,NN,noun,passage,0,Neutral,0,1,0,0,0,0,0,0,0,0,0,0,0,0,0,0,0,0,0,0,0
pasahi,NN,noun,fare or ticket,0,Neutral,0,0,0,0,-1,0,-1,0,0,0,0,0,0,0,0,0,0,0,-1,0,0
pasahi,NN,noun,passage ( of a book ),0,Neutral,0,0,0,0,0,0,0,0,0,0,0,0,0,0,0,0,0,0,-1,0,0
pasahi,NN,noun,anecdote ( of one's own life ),0,Neutral,0,0,0,0,0,0,0,-1,0,0,0,0,0,0,0,0,0,0,0,0,0
pasahi,VB,verb,"the act of being extraordinary , to complete a task in an extraordinary fashion",0,Neutral,0,0,0,0,-1,0,0,0,0,0,0,0,0,-1,0,0,0,-1,-1,0,0
pasák,NN,noun,fern.,0,Neutral,0,0,0,0,-1,0,0,0,1,-1,0,-1,0,0,0,-1,0,0,-1,1,0
pasamáno,NN,noun,window sill.,0,Neutral,0,0,0,0,0,1,0,0,0,0,0,0,0,0,-1,0,-1,0,0,0,0
pasápása,VB,verb,to pass on from one hand to another.,0.494,Positive,1,0,1,1,0,0,1,0,1,-1,1,1,1,1,0,1,1,-1,1,1,1
pasapórte,NN,noun,passport.,0,Neutral,0,0,0,0,1,1,0,0,0,0,0,0,1,0,0,0,0,-1,0,-1,0
pasár,VB,verb,"to pass through, to be over, to go by.",0,Neutral,0,0,0,0,-1,0,0,0,-1,-1,0,0,-1,1,0,0,0,-1,0,0,0
pasáw,NN,noun,croton plant.,0,Neutral,0,0,0,0,1,0,0,0,0,0,0,0,0,0,0,0,0,0,1,0,0
pasáy,VB,verb,to eat the main meat course without rice.,0,Neutral,0,0,0,0,0,0,0,0,0,0,0,0,0,0,1,0,1,0,0,0,0
pasáylu,VB,verb,"to forgive, to excuse.",0.34,Positive,1,1,1,1,0,1,1,0,1,1,1,1,1,1,1,1,1,1,1,1,1
pasénsya,NN,noun,"forgiveness, excuse.",0.34,Positive,1,1,1,1,-1,0,1,-1,1,1,1,1,1,1,-1,1,0,1,-1,1,1
pasénsya,VB,verb,"to forgive, to excuse.",0.34,Positive,1,1,1,1,1,1,1,1,0,1,1,1,1,1,0,-1,1,1,1,1,1
pasílyo,NN,noun,"aisle, corridor.",0,Neutral,0,0,0,0,1,1,0,0,0,0,0,0,0,0,0,0,0,1,0,0,-1
pasimpálad,VB,verb,"to take the risk, to chance it.",-0.026,Neutral,0,1,-1,0,-1,0,0,0,0,0,0,0,0,0,0,1,0,0,0,0,-1
pásis,NN,noun,free pass.,0.511,Positive,1,1,1,1,1,1,1,1,1,1,1,1,-1,1,1,1,1,1,1,1,1
paskíl,NN,noun,"placard, billboard.",0,Neutral,0,0,0,0,1,1,0,0,0,0,0,-1,0,0,0,0,0,0,0,0,1
páskwa,NN,noun,christmas.,0,Neutral,0,0,0,0,0,0,0,1,0,0,0,0,0,0,0,0,0,0,0,-1,0
páslaw,VB,verb,"to be caught red-handed, to fail, to lose.",-0.735,Negative,-1,-1,-1,-1,0,0,1,-1,-1,-1,1,-1,-1,0,-1,-1,-1,-1,-1,-1,-1
páspas,VB,verb,"to cut down as of trees, to fell many trees.",-0.273,Negative,-1,-1,-1,-1,-1,-1,-1,-1,-1,0,-1,-1,0,-1,-1,-1,-1,-1,-1,-1,-1
passinhon,NN,noun,resident or inhabitant of passi,0,Neutral,0,0,0,0,-1,-1,0,-1,0,0,0,0,0,0,0,0,0,0,0,0,-1
passinhon,JJ,adjective,of or pertaining to passi,0,Neutral,0,0,0,0,0,-1,0,0,0,0,0,1,0,0,0,0,0,1,-1,0,0
pásta,NN,noun,"paste, tooth filling.",0,Neutral,0,0,0,0,0,-1,0,0,0,0,0,0,0,0,0,0,0,0,0,0,-1
pásta,VB,verb,"to paste on, to fill a tooth cavity.",0,Neutral,0,0,0,0,0,0,0,0,0,1,0,0,0,1,0,0,0,0,0,0,0
pastór,NN,noun,"shepherd, parish priest.",0,Neutral,0,0,0,0,0,0,0,0,0,0,1,0,0,0,0,0,0,0,0,0,1
pasulábi,VB,verb,"to prefer, to esteem, to give priority.",0,Neutral,0,0,0,0,-1,0,0,0,0,0,0,0,0,0,-1,0,0,0,0,0,0
pásung,NN,noun,native sack of woven palm leaves with the volume content of one cavan.,0,Neutral,0,0,0,0,0,0,-1,0,0,0,0,-1,0,0,0,0,0,-1,-1,0,0
pásu’,NN,noun,"burn, scorch on a person’s skin.",0,Neutral,0,0,0,0,0,1,0,0,0,0,0,0,-1,1,0,0,0,-1,0,0,0
pásu’,VB,verb,"to get burned, to get scorched.",0,Neutral,0,0,0,0,0,0,0,-1,0,0,0,0,0,0,0,0,0,0,0,0,0
pásyar,NN,noun,"stroll, walk.",0,Neutral,0,0,0,0,1,0,0,0,0,0,0,0,0,0,0,0,0,0,0,0,1
pásyar,VB,verb,"to take a walk, to stroll.",0,Neutral,0,0,0,0,0,0,1,0,0,0,0,0,1,0,0,0,0,0,0,0,0
pasyénte,NN,noun,sick patient.,-0.511,Negative,-1,0,-1,-1,0,1,-1,0,0,-1,-1,-1,-1,0,-1,-1,-1,-1,-1,-1,-1
pás’an,VB,verb,"to bear on the shoulder, to carry on the shoulder.",0,Neutral,0,0,0,0,-1,-1,0,0,0,0,0,0,0,0,0,0,0,0,0,1,0
patadyúng,NN,noun,native wrap-around skirt.,0,Neutral,0,0,0,0,0,0,0,1,0,0,-1,0,0,0,0,0,0,0,0,0,0
pátag,JJ,adjective,"of land, plain, even, level.",0,Neutral,0,0,0,0,0,-1,-1,0,0,0,0,0,0,-1,0,0,0,0,0,0,0
patalum,VB,verb,to sharpen or hone a blade,0,Neutral,0,0,0,0,-1,-1,0,0,0,0,0,0,0,1,0,0,0,0,0,0,1
patani,NN,noun,lima beans,0,Neutral,0,0,0,0,-1,0,0,0,0,0,1,0,0,0,0,-1,0,0,0,0,0
patáni’,NN,noun,pea pod.,0,Neutral,0,0,0,0,1,0,0,0,0,0,0,0,0,0,0,0,1,0,1,0,0
patarásak,JJ,adjective,eccentric.,0,Neutral,0,0,0,0,0,-1,0,1,0,0,0,0,0,0,-1,0,0,0,0,0,0
pátas,RB,adverb,"equally, evenly.",0,Neutral,0,0,0,0,0,-1,0,0,-1,0,0,0,0,0,0,0,0,0,0,0,-1
pátas,VB,verb,"to come out equal, to result in a tie.",0,Neutral,0,0,0,0,0,0,0,1,-1,0,0,-1,0,-1,0,0,0,0,0,0,-1
patatas,NN,noun,potato,0,Neutral,0,0,0,0,1,0,0,0,0,0,-1,0,0,0,0,0,1,0,0,0,0
patáwad,NN,noun,"excuse, clemency, pardon.",0.382,Positive,1,1,1,1,0,0,1,1,1,1,1,1,1,1,1,1,1,0,0,-1,1
patáwad,VB,verb,"to give clemency, to pardon, to forgive, to excuse.",0.572,Positive,1,1,1,1,1,0,1,1,0,0,1,1,1,1,1,1,1,1,1,-1,1
patay,JJ,adjective,dead antonym: buhi,-0.649,Negative,-1,-1,-1,-1,1,1,1,-1,-1,1,-1,-1,-1,-1,1,-1,-1,-1,-1,-1,-1
patay,NN,noun,"the dead body of a person; cadaver ; corpse synonyms: lawas , bangkay",-0.84,Negative,-1,-1,-1,-1,-1,-1,-1,-1,-1,-1,-1,-1,-1,-1,-1,-1,-1,-1,-1,-1,-1
patáy,NN,noun,"dead person, dead plant or animal, corpse.;  death.",-0.953,Negative,-1,-1,-1,-1,-1,-1,-1,-1,-1,-1,-1,-1,-1,1,-1,-1,-1,-1,1,0,-1
patáy,VB,verb,"to kill, to put to death.",-0.863,Negative,-1,-1,-1,-1,-1,-1,-1,1,-1,-1,-1,-1,0,-1,-1,1,-1,-1,-1,-1,-1
páti,VB,verb,"to believe, to obey, to be convinced.",0.402,Positive,1,1,1,1,-1,-1,1,1,1,1,1,1,1,1,1,0,1,1,1,1,1
pating,NN,noun,dove ; pigeon,0,Neutral,0,0,0,0,1,1,0,0,0,1,-1,0,0,0,-1,0,0,0,-1,0,1
patíng,NN,noun,"pigeon, dove.",0,Neutral,0,0,0,0,0,0,0,0,0,0,0,1,0,0,0,0,0,0,0,0,0
patís,NN,noun,fish sauce made from marinated shrimps or fish.,0,Neutral,0,0,0,0,0,0,0,0,0,0,0,0,0,0,0,0,0,1,-1,0,1
patí’,RB,adverb,"including, also, with, together with.",0,Neutral,0,0,0,0,0,0,0,1,0,0,1,0,0,0,0,0,0,0,0,0,0
pátpat,VB,verb,"to explain, to interpret, to translate.",0,Neutral,0,0,0,0,0,0,-1,0,0,0,0,0,0,0,0,0,0,0,0,0,0
patron,NN,noun,patron saint,0,Neutral,0,0,0,0,1,0,0,0,0,0,0,0,-1,0,0,0,0,0,0,1,-1
pátu,NN,noun,duck.,0,Neutral,0,0,0,0,0,-1,0,0,-1,0,0,0,0,0,0,0,0,0,1,0,1
patugsíling,NN,noun,"consideration, thoughtfulness.",0.44,Positive,1,1,1,1,0,0,1,1,0,1,1,1,1,1,1,1,-1,1,1,1,1
patugsíling,VB,verb,"to be considerate, to think of other’s feelings.",0.44,Positive,1,1,1,1,1,1,0,1,1,1,1,1,1,1,1,1,1,1,0,1,1
pátuk,VB,verb,"to begin to do, to invent, to create, to start, to organize.",0.273,Positive,1,1,1,1,1,0,1,1,1,1,1,1,1,1,1,1,1,1,1,-1,1
patumbayá’,VB,verb,"to neglect, to abandon.",-0.71,Negative,-1,-1,-1,-1,1,1,-1,-1,-1,-1,-1,-1,1,-1,0,-1,-1,-1,-1,-1,-1
patúnda’,NN,noun,warning.,-0.34,Negative,-1,-1,-1,-1,-1,1,-1,-1,-1,-1,-1,-1,0,-1,-1,-1,-1,-1,1,-1,-1
patúpátu,NN,noun,"fabrication, lie, made-up story.",0,Neutral,0,0,0,0,-1,-1,-1,0,1,0,0,0,0,1,0,0,0,0,0,0,0
patúyang,VB,verb,"to expose extravagantly, to show-off.",-0.153,Negative,-1,-1,-1,-1,0,0,-1,-1,-1,-1,-1,-1,-1,-1,-1,-1,-1,-1,-1,-1,-1
pátyu,NN,noun,"cemetery, tomb.",0,Neutral,0,0,0,0,-1,-1,0,0,-1,-1,0,0,-1,0,0,0,0,0,0,0,0
pát’in,VB,verb,"to sign, to mark, to enter in the list.",0,Neutral,0,0,0,0,0,1,0,0,0,0,0,-1,0,0,0,-1,0,0,0,0,-1
pát’ud,VB,verb,"to be sure, to make sure.",0.557,Positive,1,1,1,1,0,0,1,1,-1,1,1,1,1,1,1,1,0,1,1,1,1
pawíkan,NN,noun,sea turtle.,0,Neutral,0,0,0,0,0,-1,0,0,0,0,0,0,0,-1,0,-1,0,1,1,0,0
payág,NN,noun,"small hut, hovel.",0,Neutral,0,0,0,0,0,0,0,0,0,0,0,0,0,0,-1,0,0,0,0,0,0
paya’ún,JJ,adjective,childish.,-0.296,Negative,-1,-1,-1,-1,0,0,-1,-1,-1,-1,0,-1,-1,1,-1,-1,-1,-1,-1,-1,-1
payong,NN,noun,umbrella,0,Neutral,0,0,0,0,-1,-1,0,0,0,0,0,0,-1,1,0,0,0,0,0,-1,0
páypay,VB,verb,"to fan for air, to beckon to, to call back with a hand gesture.",0.67,Positive,1,1,1,1,0,0,1,1,1,1,1,1,1,1,1,1,1,1,1,1,1
páyung,NN,noun,"umbrella, parasol.",0,Neutral,0,0,0,0,1,1,1,0,0,0,0,0,1,0,0,0,0,0,0,-1,-1
páyung,VB,verb,to wear an umbrella.,0,Neutral,0,0,0,0,0,0,0,0,0,1,0,0,0,0,-1,0,-1,0,0,0,0
pá’a,NN,noun,thigh.,0,Neutral,0,0,0,0,0,0,0,0,0,0,0,0,1,0,0,1,0,0,1,0,0
pa’álam,VB,verb,"to warn, to tell beforehand.",-0.103,Negative,-1,-1,-1,-1,-1,0,-1,-1,-1,-1,-1,-1,-1,-1,1,-1,-1,-1,-1,-1,-1
pa’ánu,RB,adverb,how.,0,Neutral,0,0,0,0,-1,1,0,0,0,0,0,1,0,0,0,0,0,0,0,1,0
pa’ayún,VB,verb,"to go towards, to make for, to point at.",0,Neutral,0,0,0,0,0,0,0,0,0,0,0,0,0,0,0,0,-1,0,0,0,0
pa’ílub,VB,verb,"to bear patiently or humbly, to give way, to give the chance to others.",0.25,Positive,1,1,1,1,-1,0,1,1,1,1,1,1,1,1,1,0,1,1,1,1,1
pa’ínu’ínu,NN,noun,"thought, idea.",0,Neutral,0,0,0,0,-1,1,0,0,0,0,0,1,0,0,0,0,0,0,0,0,0
pa’ínu’ínu,VB,verb,"to think, to have the idea of.",0,Neutral,0,0,0,0,0,1,0,0,0,0,0,0,0,0,0,0,0,0,0,1,0
pa’ít,NN,noun,bitterness.,-0.402,Negative,-1,-1,-1,-1,0,0,-1,-1,-1,-1,-1,-1,-1,-1,-1,0,-1,-1,0,1,-1
pa’ít,JJ,adjective,bitter.,-0.421,Negative,-1,-1,-1,-1,-1,-1,-1,-1,-1,-1,-1,1,1,-1,-1,-1,-1,-1,-1,-1,-1
pa’íway,VB,verb,"to repel, to avoid, to be careful of.",-0.153,Negative,-1,-1,-1,-1,-1,1,-1,0,1,-1,-1,-1,1,1,0,-1,-1,-1,1,-1,-1
pá’pa’,VB,verb,"to hammer, to strike a nail.",-0.128,Negative,-1,-1,-1,-1,-1,-1,-1,-1,0,-1,-1,-1,-1,-1,-1,-1,-1,-1,1,-1,1
pa’úli’,VB,verb,"to go home, to go back to the house.",0,Neutral,0,0,0,0,-1,-1,0,-1,0,-1,0,0,0,0,0,-1,0,0,0,0,0
pa’úmud,VB,verb,"to abstain, to exercise patience.",0,Neutral,0,0,0,0,0,0,-1,0,0,-1,0,0,0,0,0,0,0,0,0,0,0
pa’ún,NN,noun,"bait, decoy.",0,Neutral,0,0,0,0,0,1,0,0,0,-1,0,0,0,0,0,0,0,0,0,0,0
pá’un,VB,verb,"to isolate, to separate, to set aside.",-0.202,Negative,-1,-1,-1,-1,0,0,-1,-1,-1,-1,-1,0,-1,-1,-1,-1,0,-1,-1,-1,-1
pa’úna,VB,verb,"to allow to go ahead, to be first.",0.226,Positive,1,1,1,1,-1,-1,1,1,1,1,1,1,1,1,1,1,1,-1,1,1,1
pelígro,NN,noun,"risk, danger.",-0.67,Negative,-1,-1,-1,-1,1,1,-1,-1,-1,-1,-1,-1,-1,-1,1,1,-1,-1,-1,-1,1
pelikula,NN,noun,pellicle ; film,0,Neutral,0,0,0,0,-1,-1,-1,0,0,0,0,0,0,0,0,0,0,0,0,0,0
pelikula,NN,noun,film ; movie ; motion picture,0,Neutral,0,0,0,0,1,0,0,1,0,0,0,0,0,0,0,0,0,0,0,0,0
pensyón,NN,noun,pension.,0,Neutral,0,0,0,0,0,-1,1,0,-1,-1,1,0,0,0,0,-1,1,-1,1,0,0
pensyón,VB,verb,"to give a pension, to support through a pension.",0.402,Positive,1,1,1,1,0,0,1,1,1,1,1,1,1,1,1,1,1,1,-1,1,1
péras,NN,noun,pear.,0,Neutral,0,0,0,0,-1,1,0,0,0,0,0,0,0,0,0,0,0,0,0,0,0
peregríno,NN,noun,pilgrim.,0,Neutral,0,0,0,0,0,0,0,0,0,0,-1,0,0,0,0,0,1,0,0,0,0
pérlas,NN,noun,pearl.,0,Neutral,0,0,0,0,0,0,0,0,0,0,0,0,0,0,0,0,0,0,0,0,1
péro,CC,conjunction,"but, however.",0,Neutral,0,0,0,0,-1,1,0,0,1,0,0,0,0,0,0,0,0,-1,0,0,0
personál,JJ,adjective,personal.,0,Neutral,0,0,0,0,0,0,-1,0,0,0,0,0,0,0,0,0,0,0,0,-1,0
peryódiko,NN,noun,newspaper.,0,Neutral,0,0,0,0,0,1,0,0,0,0,0,0,0,0,0,0,1,0,0,0,0
pesétas,NN,noun,twenty centavo coin.,0,Neutral,0,0,0,0,-1,0,0,0,-1,0,1,0,0,0,0,0,0,-1,0,0,0
pétsa,NN,noun,"date, day of the week and month of the year.",0,Neutral,0,0,0,0,0,0,0,-1,0,0,0,1,0,0,0,0,0,0,0,0,0
petsay,NN,noun,chinese cabbage ( either napa cabbage or bok choy ),0,Neutral,0,0,0,0,0,1,0,0,0,0,0,0,0,0,1,-1,1,-1,0,0,0
pidáso,NN,noun,"piece, one part, one bite.",0,Neutral,0,0,0,0,0,0,0,0,0,0,1,0,0,0,1,1,0,0,0,0,0
pigaw,JJ,adjective,"frail , weak",-0.44,Negative,-1,-1,-1,-1,0,1,-1,-1,-1,-1,-1,-1,-1,-1,1,-1,0,-1,-1,-1,-1
pígaw,JJ,adjective,"frail, weak.",-0.44,Negative,-1,-1,-1,-1,-1,-1,-1,-1,-1,-1,-1,-1,-1,-1,-1,0,-1,-1,-1,-1,-1
pígaw,VB,verb,"to become weak, to become frail.",-0.44,Negative,-1,-1,-1,-1,-1,-1,-1,-1,-1,-1,-1,0,-1,-1,1,1,-1,-1,-1,0,-1
pigtot,NN,noun,coccyx ; tailbone,0,Neutral,0,0,0,0,-1,-1,0,0,0,0,0,1,0,0,0,-1,0,1,0,1,0
pígus,VB,verb,"to oppress, to exploit.",-0.103,Negative,-1,-1,-1,-1,0,0,-1,-1,-1,-1,-1,-1,-1,-1,-1,-1,-1,1,-1,-1,-1
pihák,NN,noun,"other side, reverse, pair, half.",0,Neutral,0,0,0,0,-1,-1,0,0,0,0,0,0,0,0,0,0,-1,1,0,0,0
pihák,VB,verb,"to cut in two parts, to divide in half.",-0.273,Negative,-1,-1,-1,-1,0,0,-1,-1,-1,-1,-1,-1,0,-1,-1,-1,-1,-1,-1,-1,-1
píhpih,VB,verb,to brush off with the hand.,0.494,Positive,1,1,1,1,-1,0,1,1,0,1,1,1,1,1,-1,1,1,1,0,1,1
pikít,JJ,adjective,"of clothes, tight.",0,Neutral,0,0,0,0,1,-1,-1,0,0,0,0,0,0,0,0,0,0,-1,0,-1,0
pikoy,NN,noun,parrot,0,Neutral,0,0,0,0,-1,0,0,0,0,0,0,-1,0,0,0,0,0,1,0,0,0
píkpik,VB,verb,"to pet, to pat on the back.",0,Neutral,0,0,0,0,0,0,0,0,0,0,0,0,0,0,0,0,0,0,-1,0,-1
pikún,JJ,adjective,"short-tempered, ill-natured.",0,Neutral,0,0,0,0,0,-1,0,-1,0,0,0,0,-1,0,0,0,-1,0,0,0,0
pikúy,NN,noun,parrot.,0,Neutral,0,0,0,0,0,1,0,0,0,0,0,0,0,0,1,0,0,0,0,0,0
pilá,RB,adverb,"how much, how many.",0,Neutral,0,0,0,0,0,0,0,0,0,-1,1,0,0,0,0,0,-1,0,0,0,1
píla,NN,noun,"line, queue.",0,Neutral,0,0,0,0,0,0,0,1,0,0,0,-1,0,0,0,1,0,0,-1,-1,0
píla,VB,verb,to stand in line.,0,Neutral,0,0,0,0,0,0,0,0,0,0,0,-1,0,0,0,0,1,-1,0,0,0
pilak,NN,noun,silver,0,Neutral,0,0,0,0,0,0,0,0,0,0,0,0,-1,0,0,0,0,0,0,-1,1
pilak,VB,verb,to throw,0,Neutral,0,0,0,0,0,-1,0,0,0,1,0,0,0,0,-1,0,0,0,0,0,0
pilák,VB,verb,"to throw, to cast away.",0,Neutral,0,0,0,0,0,-1,0,0,0,1,0,0,0,0,0,0,0,0,0,0,1
pílak,NN,noun,"silver, coin, silver money.",0,Neutral,0,0,0,0,0,0,0,0,0,1,0,0,0,0,0,0,0,0,0,0,0
pilás,NN,noun,"wound, bruise, soreness.",0,Neutral,0,0,0,0,0,0,0,0,1,-1,0,0,0,0,0,0,0,0,0,0,0
pildoras,NN,noun,pill,0,Neutral,0,0,0,0,0,0,0,0,1,0,0,0,0,0,0,0,0,1,0,0,0
pílduras,NN,noun,"medicine tablets, pill.",0,Neutral,0,0,0,0,0,0,0,0,0,1,0,0,1,0,0,0,0,0,0,0,0
píli,NN,noun,choice.,0,Neutral,0,0,0,0,0,0,0,0,0,0,0,0,0,0,0,0,0,-1,0,0,0
píli,VB,verb,"to choose, to select, to elect.",0,Neutral,0,0,0,0,1,0,0,0,0,0,0,0,0,0,0,0,0,0,0,0,1
pílik,VB,verb,"of animals, to quiver, to shake.",-0.178,Negative,-1,-1,-1,-1,0,1,-1,-1,-1,-1,-1,1,1,-1,-1,-1,-1,-1,-1,-1,-1
pilikulá,NN,noun,"movie film, movie show.",0,Neutral,0,0,0,0,-1,-1,0,0,0,0,-1,-1,0,0,0,-1,0,0,0,0,0
pililion,NN,noun,"nominee , one who is worthy or desirable to be chosen",0.637,Positive,1,1,1,1,0,0,1,0,1,1,-1,1,1,1,1,-1,1,1,1,0,0
pilipínas,NN,noun,philippines.,0,Neutral,0,0,0,0,0,0,0,0,0,0,0,0,0,0,0,0,0,0,1,0,0
pilipíno,NN,noun,"filipino, citizen of the philippines.",0,Neutral,0,0,0,0,1,0,0,0,0,0,0,1,0,0,0,0,0,0,0,0,0
pilít,JJ,adjective,"sticky, clammy.",0,Neutral,0,0,0,0,-1,1,0,1,0,0,1,0,0,0,0,1,0,0,0,0,0
pilít,VB,verb,"to stick on, to paste on.",0,Neutral,0,0,0,0,0,0,0,0,0,0,0,0,0,0,-1,0,-1,0,0,0,0
pílit,VB,verb,"to insist, to urge, to force, to compel.",0,Neutral,0,0,0,0,0,0,0,0,0,0,0,0,0,0,0,0,0,0,0,-1,1
pilósopo,NN,noun,"philosopher, smark aleck.",0,Neutral,0,0,0,0,0,0,1,0,0,0,0,0,-1,0,0,0,0,0,0,0,0
pílpil,VB,verb,"to weigh down, to put a weight on top.",0.202,Positive,1,1,1,1,0,0,1,1,1,1,1,-1,1,1,1,1,1,1,1,1,1
pilú’,NN,noun,"fold of the dress, hem.",0,Neutral,0,0,0,0,1,1,0,0,0,0,0,0,-1,0,0,0,0,0,0,0,0
pilú’,VB,verb,"to fold over, to make a fold.",0,Neutral,0,0,0,0,0,0,0,0,0,0,-1,1,0,0,1,0,-1,-1,1,0,0
pimyénta,NN,noun,red or white pepper.,0,Neutral,0,0,0,0,0,-1,0,0,0,0,0,0,0,0,0,0,0,0,0,0,0
pina-,JJ,adjective formative,formative affix designating superlative degree quality.,0,Neutral,0,0,0,0,1,0,-1,0,0,0,1,1,0,0,0,0,0,0,0,0,0
pínggan,NN,noun,"plate, dish.",0,Neutral,0,0,0,0,0,1,0,0,0,0,1,0,0,0,0,0,-1,0,1,0,-1
piníkas,NN,noun,"one piece, sliced piece, cut up pieces.",-0.273,Negative,-1,-1,-1,-1,0,0,-1,-1,1,-1,-1,-1,0,-1,-1,-1,-1,-1,-1,-1,-1
pínsar,NN,noun,"thought, idea.",0,Neutral,0,0,0,0,-1,-1,0,0,0,0,0,0,0,0,0,-1,1,0,0,0,0
pínsar,VB,verb,"to think of, to have the idea that.",0,Neutral,0,0,0,0,0,0,0,0,-1,0,-1,0,0,0,0,1,0,0,0,0,0
pínta,NN,noun,paint.,0,Neutral,0,0,0,0,0,0,0,0,0,0,0,0,0,0,0,0,0,0,0,0,1
pínta,VB,verb,"to paint, to cover with paint.",0,Neutral,0,0,0,0,0,0,0,0,0,0,0,0,0,0,1,0,0,0,0,0,0
píntal,NN,noun,"bar, bolt.",0,Neutral,0,0,0,0,0,0,0,0,0,0,1,0,0,0,0,0,0,0,0,0,0
píntal,VB,verb,"to bolt, to bar an opening.",0,Neutral,0,0,0,0,0,0,0,0,0,0,1,0,0,0,0,0,0,0,0,0,0
píntas,JJ,adjective,"cruel, harsh, brutal.",-0.896,Negative,-1,-1,-1,-1,-1,0,-1,-1,-1,-1,-1,-1,-1,-1,0,-1,-1,-1,-1,-1,-1
pintór,NN,noun,painter.,0,Neutral,0,0,0,0,1,-1,0,0,0,0,-1,0,0,0,0,-1,0,0,0,0,1
píntuk,NN,noun,"dot, blot.",0,Neutral,0,0,0,0,1,0,0,0,0,0,1,0,0,0,0,0,-1,0,0,0,0
pínu,JJ,adjective,"fine, dainty, skilled product.",0.202,Positive,1,1,1,1,0,-1,1,1,1,1,1,1,1,1,1,0,1,1,1,1,1
pínu,VB,verb,"to refine, to produce something of fine workmanship, to smoothen.",0.202,Positive,1,1,1,1,1,1,0,1,1,1,1,1,-1,-1,1,1,1,1,1,1,1
pínya,NN,noun,pineapple.,0,Neutral,0,0,0,0,1,0,0,0,0,0,0,0,0,0,0,0,0,0,0,0,0
pípa,NN,noun,tobacco pipe.,0,Neutral,0,0,0,0,0,0,-1,0,0,0,0,0,0,-1,0,0,0,-1,0,0,0
pípa,VB,verb,to smoke a pipe.,0,Neutral,0,0,0,0,0,0,0,0,0,-1,0,0,0,0,0,-1,0,0,1,0,0
pipínu,NN,noun,cucumber.,0,Neutral,0,0,0,0,-1,0,0,0,0,-1,0,0,1,0,1,0,0,0,1,0,0
pirásu,NN,noun,"piece, one part.",0,Neutral,0,0,0,0,0,0,1,0,0,0,0,0,0,0,0,0,0,0,1,0,0
piríku,NN,noun,parrot.,0,Neutral,0,0,0,0,0,0,0,0,0,0,-1,0,0,0,0,1,0,0,0,0,0
pírma,NN,noun,signature.,0,Neutral,0,0,0,0,0,0,0,0,0,1,0,0,0,0,0,0,1,0,-1,0,0
pírma,VB,verb,"to sign, to put one’s signature to.",0,Neutral,0,0,0,0,0,0,0,0,0,0,0,1,0,0,0,0,0,0,0,0,0
pírme,RB,adverb,"always, constantly.",0,Neutral,0,0,0,0,0,0,0,0,-1,0,0,-1,0,-1,0,0,0,0,0,0,0
pírut,VB,verb,"to wink, to squint the eye.",0,Neutral,0,0,0,0,0,0,-1,0,0,0,0,1,0,0,0,0,0,0,0,0,0
písan,JJ,adjective,"diligent, industrious.",0,Neutral,0,0,0,0,0,0,0,0,0,0,1,0,0,1,0,0,0,0,0,-1,0
pisára,NN,noun,blackboard.,0,Neutral,0,0,0,0,0,0,0,0,-1,0,0,0,0,0,1,0,0,-1,-1,0,0
písga’,VB,verb,"to pinch, to press, to squeeze to extract liquid.",0,Neutral,0,0,0,0,1,0,0,0,-1,0,0,0,0,0,0,0,0,0,0,0,0
pisík,VB,verb,"to fly off or jump off, of shrimps and fish, to make a quick and sudden movement, to flip.",0,Neutral,0,0,0,0,0,0,0,0,0,0,0,0,0,0,0,0,0,0,0,0,0
pisíl,VB,verb,"to compress, to grip, to press, to press with the fingers.",0,Neutral,0,0,0,0,0,0,1,0,0,0,1,0,0,0,0,1,1,0,0,0,0
písi’,NN,noun,"string, cord.",0,Neutral,0,0,0,0,0,0,-1,0,0,0,1,0,0,-1,-1,0,0,0,1,0,0
písngi,NN,noun,cheek.,0,Neutral,0,0,0,0,0,0,0,0,0,0,0,0,0,0,0,0,0,0,0,0,0
písngu’,NN,noun,"sob, sobbing sound.",-0.557,Negative,-1,-1,-1,-1,-1,0,-1,-1,-1,-1,-1,-1,-1,-1,-1,-1,-1,0,-1,-1,-1
písngu’,VB,verb,to sob after weeping.,-0.599,Negative,-1,-1,-1,-1,-1,-1,-1,-1,-1,-1,1,0,0,-1,-1,-1,-1,-1,-1,-1,-1
písos,NN,noun,peso bill.,0,Neutral,0,0,0,0,-1,-1,0,0,0,0,0,0,0,1,0,0,0,0,0,0,1
píspis,NN,noun,bird.,0,Neutral,0,0,0,0,-1,0,0,0,0,0,0,0,0,1,0,0,0,0,0,0,0
písta,NN,noun,"fiesta, religious feast day of a saint, variant of pyésta.",0.477,Positive,1,1,1,1,0,-1,1,0,1,1,1,1,1,1,1,-1,1,1,1,-1,1
písti,NN,noun,"epidemic, pest, plague, drought.",0,Neutral,0,0,0,0,1,1,1,0,0,0,0,0,1,0,1,0,0,-1,0,0,0
pisúk,NN,noun,moment.,0,Neutral,0,0,0,0,0,-1,1,0,0,0,0,0,0,-1,0,1,-1,0,0,0,0
pisúk,VB,verb,to bat an eye.,0,Neutral,0,0,0,0,1,-1,1,0,0,-1,0,0,0,0,0,0,0,0,0,0,0
pisú’,NN,noun,chick.,0,Neutral,0,0,0,0,0,0,0,-1,-1,1,0,0,0,1,0,0,0,0,-1,0,0
pitáka,NN,noun,"purse, handbag.",0,Neutral,0,0,0,0,0,0,0,0,0,0,0,0,0,0,1,0,0,0,0,0,1
pitála’,NN,noun,bolt.,0,Neutral,0,0,0,0,0,0,0,0,0,0,0,0,0,0,0,0,1,0,0,0,0
pitík,NN,noun,"beating, throbbing, flick.",-0.459,Negative,-1,-1,-1,-1,0,-1,-1,-1,-1,-1,-1,-1,-1,-1,-1,-1,-1,0,-1,-1,-1
pitík,VB,verb,to flick another person with a finger.,0,Neutral,0,0,0,0,0,0,0,0,0,-1,0,0,0,-1,0,0,0,0,0,0,0
pítla’,JJ,adjective,gibberish.,0,Neutral,0,0,0,0,0,0,0,0,0,0,0,-1,1,0,0,0,0,0,0,0,0
pítsil,NN,noun,pitcher.,0,Neutral,0,0,0,0,0,1,0,0,0,1,0,0,0,0,0,0,-1,0,0,0,1
pitú,CD,numeral,seven.;  seventh; /napulug-/ seventeen; /ka-…-an/ seventy.,0,Neutral,0,0,0,0,1,0,0,0,0,0,0,-1,0,0,1,0,0,0,0,0,0
pítu,NN,noun,whistle.,0,Neutral,0,0,0,0,-1,0,0,0,0,0,0,0,1,0,0,0,0,0,0,0,0
pítu,VB,verb,"to blow a whistle, to whistle.",0,Neutral,0,0,0,0,0,0,0,0,0,0,0,0,0,0,0,0,0,0,0,-1,0
piyansa,NN,noun,( law ) bail,0,Neutral,0,0,0,0,0,0,0,1,0,0,0,0,0,0,0,0,0,1,1,0,0
piyansa,VB,verb,( law ) to bail ; to post bail,0,Neutral,0,0,0,0,-1,0,-1,-1,0,0,0,0,0,0,1,0,1,0,0,0,0
píyung,VB,verb,"to shut, to close the eye.",0,Neutral,0,0,0,0,0,0,0,0,0,0,0,0,0,0,0,0,0,0,0,0,0
pi’áng,JJ,adjective,"lame, cripple.",-0.421,Negative,-1,-1,-1,-1,0,0,-1,1,0,-1,-1,0,-1,1,-1,-1,-1,-1,-1,-1,-1
pi’áng,VB,verb,"to become lame, to become crippled, to limp.",-0.421,Negative,-1,-1,-1,-1,-1,-1,-1,-1,1,1,-1,-1,-1,-1,-1,-1,-1,-1,-1,-1,-1
pí’pi’,VB,verb,to pat with the hand.,0.494,Positive,1,1,1,1,-1,-1,1,-1,1,0,1,1,1,1,1,-1,-1,1,1,1,1
pí’ud,VB,verb,to fold.,0,Neutral,0,0,0,0,1,1,0,0,0,0,0,0,0,0,0,0,0,0,0,0,0
pí’ut,JJ,adjective,"tight, crowded.",0,Neutral,0,0,0,0,0,0,0,0,0,0,0,0,0,0,0,-1,0,0,0,0,0
pí’ut,VB,verb,"to become tight, to breathe with difficulty.",-0.34,Negative,-1,-1,-1,-1,0,0,-1,-1,-1,-1,-1,-1,0,-1,0,-1,-1,0,-1,-1,-1
pláka,NN,noun,phonograph record.,0,Neutral,0,0,0,0,-1,1,0,0,0,0,0,0,0,0,0,0,0,0,0,0,0
planéta,NN,noun,planet.,0,Neutral,0,0,0,0,0,-1,0,0,0,0,0,0,0,0,0,0,1,0,0,0,0
plántsa,NN,noun,dry iron.,0,Neutral,0,0,0,0,0,0,0,0,0,0,0,0,0,0,0,0,0,0,0,0,0
plántsa,VB,verb,to iron with a dry iron.,0,Neutral,0,0,0,0,-1,-1,0,0,0,0,0,0,0,-1,0,-1,-1,0,0,0,0
plánu,NN,noun,plan.,0,Neutral,0,0,0,0,0,0,0,0,0,0,0,0,0,0,0,0,0,0,0,0,1
plánu,VB,verb,to plan.,0,Neutral,0,0,0,0,1,0,0,0,1,0,0,0,0,0,0,1,0,-1,0,1,0
plása,NN,noun,"park, plaza.",0,Neutral,0,0,0,0,0,0,0,0,0,0,0,0,0,0,0,-1,0,0,0,1,0
pláster,NN,noun,"plaster, band aid.",0,Neutral,0,0,0,0,0,0,0,0,1,0,0,0,0,1,0,0,0,0,0,0,0
platéro,NN,noun,goldsmith.,0,Neutral,0,0,0,0,0,1,0,0,0,0,0,1,0,0,0,0,0,0,0,0,-1
platíto,NN,noun,saucer.,0,Neutral,0,0,0,0,1,0,0,0,0,0,0,0,0,0,-1,0,0,1,0,0,1
pláto,NN,noun,"dinner plate, dish.",0,Neutral,0,0,0,0,0,0,0,0,0,0,0,0,0,0,0,0,0,0,0,0,0
pléte,NN,noun,"fare, ticket for a plane or boat or bus ride.",0,Neutral,0,0,0,0,0,-1,1,0,0,0,0,0,-1,0,1,0,0,0,0,0,0
plúma,NN,noun,fountain pen.,0,Neutral,0,0,0,0,0,0,0,0,0,0,0,0,0,0,0,0,0,0,0,0,0
pluméru,NN,noun,feather duster.,0,Neutral,0,0,0,0,0,-1,0,0,0,0,0,0,0,1,0,0,0,0,0,0,0
pobre,JJ,adjective,poor,-0.477,Negative,-1,-1,-1,-1,0,1,0,-1,-1,-1,0,-1,-1,-1,-1,0,-1,-1,-1,-1,-1
pobre,NN,noun,a beggar ; a mendicant,0,Neutral,0,0,0,0,-1,-1,0,0,0,0,0,0,0,0,0,0,0,0,0,0,1
póbre,JJ,adjective,"poor, humble, unpretentious.",-0.477,Negative,-1,-1,-1,-1,0,0,-1,-1,-1,0,-1,-1,1,-1,-1,0,-1,-1,-1,-1,-1
póbre,NN,noun,poverty.,-0.511,Negative,-1,-1,-1,-1,-1,-1,-1,1,-1,-1,-1,-1,-1,-1,-1,-1,-1,-1,-1,-1,-1
polbora,NN,noun,gunpowder,0,Neutral,0,0,0,0,1,0,0,0,0,1,0,0,0,1,0,0,0,0,-1,0,0
pomáda,NN,noun,"pomade, men’s hair dressing.",0,Neutral,0,0,0,0,0,0,0,0,0,0,0,0,0,0,0,0,0,0,0,0,0
porsyénto,NN,noun,"percentage, interest.",0.459,Positive,1,1,1,1,0,0,1,1,1,1,0,1,1,0,1,1,1,1,1,-1,1
póste,NN,noun,"post, column.",0,Neutral,0,0,0,0,1,0,0,-1,0,1,0,0,-1,0,0,0,0,0,0,0,0
postúŕa,JJ,adjective,"dressed up, elegant, smartly dressed.",0.681,Positive,1,1,1,1,0,0,1,1,1,0,0,1,1,0,1,0,1,1,1,1,1
posturyóso,JJ,adjective,"chic, dressy, elegantly dressed.",0.612,Positive,1,1,1,1,1,-1,1,1,1,-1,1,1,1,1,1,1,1,1,1,1,1
pototanon,NN,noun,resident or inhabitant of pototan,0,Neutral,0,0,0,0,1,1,0,0,0,0,0,0,0,0,0,0,0,-1,0,0,0
pototanon,JJ,adjective,of or pertaining to pototan,0,Neutral,0,0,0,0,0,0,0,0,-1,0,0,0,0,0,0,0,0,0,0,0,0
premyo,NN,noun,prize synonym: padya,0.511,Positive,1,1,1,1,0,0,1,1,-1,1,1,1,1,1,1,1,1,1,1,1,0
prémyo,NN,noun,"prize, reward.",0.791,Positive,1,1,1,1,1,0,1,0,1,1,1,1,1,1,1,1,1,1,1,1,1
prénda,VB,verb,to pawn.,0,Neutral,0,1,0,0,0,1,0,0,0,0,0,0,0,-1,0,0,0,0,0,0,0
préno,NN,noun,"brake of a vehicle, stop.",-0.296,Negative,-1,0,-1,-1,0,0,-1,0,-1,-1,-1,-1,-1,-1,1,-1,-1,0,0,0,-1
préno,VB,verb,"to put on the brakes, to stop.",-0.296,Negative,-1,0,-1,-1,-1,-1,1,-1,-1,-1,-1,0,-1,-1,-1,-1,-1,-1,-1,-1,-1
presentár,VB,verb,"to present oneself, to introduce, to give as a gift.",0.44,Positive,1,0,1,1,-1,-1,1,1,1,1,1,1,1,1,1,1,1,1,-1,1,1
presidénte,NN,noun,president.,0,Neutral,0,0,0,0,1,1,0,0,0,0,0,0,0,0,0,0,0,0,0,-1,0
présyo,NN,noun,"price, cost price, selling price, cost.",0,Neutral,0,0,0,0,0,0,0,-1,0,0,0,0,0,-1,0,0,0,0,0,0,-1
pribádo,JJ,adjective,private.,0,Neutral,0,0,0,0,0,0,0,0,-1,0,0,0,0,0,0,0,0,0,0,-1,0
pribilíhiyu,NN,noun,privilege.,0.361,Positive,1,1,1,1,0,-1,1,1,1,1,1,-1,1,0,1,0,1,1,1,1,1
primabéra,NN,noun,spring.,0,Neutral,0,0,0,0,1,0,0,0,0,0,0,0,0,0,0,0,0,0,0,0,0
primo,NN,noun,male cousin ( of any degree of cousinhood ),0,Neutral,0,0,0,0,0,0,0,0,0,0,0,0,-1,0,1,0,0,0,0,0,0
prímo,NN,noun,cousin.,0,Neutral,0,0,0,0,0,0,0,0,0,-1,0,0,0,0,0,-1,0,0,0,0,0
prinsipál,NN,noun,school principal.,0,Neutral,0,0,0,0,0,0,0,-1,1,0,0,1,0,-1,0,0,0,0,0,0,-1
príso,NN,noun,prisoner.;  prison.,-0.778,Negative,-1,-1,-1,-1,-1,0,-1,-1,-1,-1,-1,-1,0,-1,-1,-1,-1,-1,-1,-1,-1
príso,VB,verb,"to put in prison, to imprison.",-0.511,Negative,-1,-1,-1,-1,1,-1,-1,-1,1,-1,-1,1,-1,-1,-1,-1,-1,-1,-1,-1,-1
príto,JJ,adjective,fried.,0,Neutral,0,0,0,0,-1,-1,1,-1,0,0,0,1,0,0,0,0,0,0,-1,-1,0
príto,VB,verb,"to fry, to cook in oil.",0,Neutral,0,0,0,0,0,0,0,0,0,0,0,0,0,1,0,0,0,0,1,0,0
probár,VB,verb,"to prove, to give proofs.",0,Neutral,0,0,0,0,0,0,0,0,0,-1,0,0,0,0,0,0,-1,0,0,0,0
probinsya,NN,noun,province,0,Neutral,0,0,0,0,0,0,0,0,0,0,0,-1,0,0,0,0,0,0,0,0,0
probínsya,NN,noun,"province, state, political division.",0,Neutral,0,0,0,0,0,0,-1,0,0,-1,0,0,0,0,0,0,0,0,0,0,0
probléma,NN,noun,problem.,-0.402,Negative,-1,-1,-1,-1,0,1,-1,-1,-1,-1,-1,-1,-1,0,-1,1,-1,0,1,-1,-1
prográma,NN,noun,program.,0,Neutral,0,0,0,0,0,1,0,0,0,0,0,-1,0,0,0,0,0,0,1,0,0
propesór,NN,noun,professor.,0,Neutral,0,0,0,0,0,0,0,0,0,0,0,0,0,0,0,0,0,0,0,0,0
propeta,NN,noun,prophet,0,Neutral,0,0,0,0,0,0,0,0,1,0,0,0,0,0,1,0,0,1,0,0,1
protésta,NN,noun,"protest, complain.",-0.542,Negative,-1,-1,-1,-1,0,0,-1,-1,-1,-1,-1,-1,-1,-1,-1,-1,-1,1,1,-1,1
protésta,VB,verb,"to complain, to protest.",-0.542,Negative,-1,-1,-1,-1,-1,-1,-1,-1,-1,-1,0,-1,-1,-1,-1,-1,-1,0,-1,-1,-1
prupíta,NN,noun,prophet.,0,Neutral,0,0,0,0,-1,-1,1,0,0,0,0,0,0,0,0,-1,0,0,0,0,0
prútas,NN,noun,fruit.,0,Neutral,0,0,0,0,1,1,0,0,0,0,0,0,0,0,-1,0,0,0,0,0,0
pruwéba,NN,noun,"proof, evidence.",0,Neutral,0,0,0,0,0,0,1,0,0,0,-1,0,0,0,1,0,0,0,0,0,0
públiku,NN,noun,public.,0,Neutral,0,0,0,0,0,0,0,0,0,0,1,-1,-1,0,0,0,0,0,0,0,0
púdag,VB,verb,to stamp the feet in anger.,-0.572,Negative,-1,-1,-1,-1,-1,0,-1,0,1,1,-1,-1,0,-1,-1,-1,-1,-1,-1,-1,-1
púgad,NN,noun,nest.,0,Neutral,0,0,0,0,-1,-1,0,0,0,0,0,0,-1,0,0,0,0,0,0,0,0
púga’,VB,verb,to squeeze so as to extract liquid.,0,Neutral,0,0,0,0,-1,0,0,0,0,0,0,0,0,0,0,0,0,0,0,0,0
pugún,NN,noun,"stove, native oven made of clay.",0,Neutral,0,0,0,0,0,0,0,0,0,0,0,-1,0,0,-1,0,0,0,1,0,0
pugúng,VB,verb,"to repress, to stop, to control.",-0.557,Negative,-1,0,-1,-1,1,0,-1,-1,-1,-1,-1,-1,-1,-1,1,-1,-1,-1,1,-1,0
púgut,VB,verb,"to cut off the head, to behead.",-0.273,Negative,-1,-1,-1,-1,-1,-1,-1,1,-1,-1,-1,-1,-1,-1,-1,0,-1,-1,1,-1,-1
púhag,VB,verb,"to break open, to release the gate, to disturb one’s peace.",0.202,Positive,1,0,1,1,-1,-1,1,1,1,1,1,1,1,1,1,1,1,1,1,1,1
púhun,VB,verb,"to conspire, to plot.",0,Neutral,0,0,0,0,1,1,0,0,-1,0,0,0,-1,0,0,0,0,0,1,1,0
puká,VB,verb,"to stay up late at night, to have a late night.",0,Neutral,0,0,0,0,0,0,0,0,0,-1,0,0,0,0,0,1,0,0,0,0,0
púkan,VB,verb,to cut a tree down.,-0.273,Negative,-1,0,-1,-1,0,1,1,1,-1,-1,-1,-1,-1,-1,-1,-1,-1,-1,-1,-1,-1
pukatúd,NN,noun,elevation.,0,Neutral,0,0,0,0,-1,-1,-1,0,0,0,0,0,0,-1,-1,-1,0,0,0,1,0
púkaw,VB,verb,"to rouse, to waken.",0,Neutral,0,0,0,0,0,0,1,0,0,0,0,0,0,0,0,0,0,0,0,0,0
púkpuk,VB,verb,"to beat, to hammer down, to hit on the head.",0,Neutral,0,0,0,0,0,0,0,0,0,0,0,0,0,-1,0,0,0,0,0,0,1
púksi’,VB,verb,"to pick flowers, to tear off.",0,Neutral,0,0,0,0,0,0,-1,0,0,0,0,0,0,0,0,0,-1,0,1,0,0
pulá,JJ,adjective,"red, crimson.",0,Neutral,0,0,0,0,0,0,0,0,0,0,0,0,0,1,0,0,0,1,0,0,0
pulá,VB,verb,"to color with red, to turn red, to blush.",0,Neutral,0,0,0,0,-1,0,0,0,1,0,0,1,0,-1,0,0,0,0,0,0,0
púlak,VB,verb,"to fall off the tree or plant, to wither and fall.",0,Neutral,0,0,0,0,0,0,0,0,0,-1,0,-1,1,0,-1,1,0,0,0,0,0
puláw,VB,verb,"to stay awake so as to watch, to have a late night.",0,Neutral,0,0,0,0,-1,0,0,0,0,0,0,0,1,0,0,0,0,0,0,0,-1
púlbura,NN,noun,gun powder.,-0.34,Negative,-1,0,-1,-1,0,0,-1,-1,-1,-1,-1,0,1,-1,-1,-1,-1,-1,-1,-1,-1
púlbus,NN,noun,"powder, face powder, dusting powder.",0,Neutral,0,0,0,0,1,-1,0,0,1,1,0,0,0,-1,0,0,0,1,0,0,0
pulgáda,NN,noun,inch.,0,Neutral,0,0,0,0,0,0,0,0,0,0,0,-1,0,0,0,0,0,-1,0,0,0
púli,VB,verb,"to take sides in a fight, to ally with.",-0.382,Negative,-1,-1,-1,-1,1,0,1,-1,-1,-1,-1,-1,-1,-1,-1,-1,-1,-1,-1,-1,-1
púling,VB,verb,to have a foreign object in the eye.,0,Neutral,0,0,0,0,-1,-1,0,0,0,1,0,0,0,0,0,0,0,1,0,0,0
pulís,NN,noun,"policeman, cop.",0,Neutral,0,0,0,0,1,0,1,0,0,0,0,0,-1,1,0,-1,0,-1,0,0,-1
púlpug,VB,verb,to drive or mash with a hammer.,0,Neutral,0,0,0,0,0,0,0,0,0,0,0,0,1,0,0,0,0,0,1,1,0
pulséras,NN,noun,bracelet.,0,Neutral,0,0,0,0,0,-1,0,0,0,1,0,-1,0,1,0,0,-1,0,0,0,0
púlsu,NN,noun,pulse.,0,Neutral,0,1,0,0,0,0,-1,0,0,0,0,0,0,1,0,0,0,0,0,0,0
pulu,NN,noun,island ; isle ; islet synonym: isla,0,Neutral,0,0,0,0,0,0,1,0,0,0,0,0,0,0,0,0,0,0,0,0,0
púlu,NN,noun,handle of a knife.,0,Neutral,0,0,0,0,0,1,0,0,0,0,0,0,0,0,-1,0,1,0,0,0,0
púlung,NN,noun,"message, word, advice.",0,Neutral,0,0,0,0,0,-1,0,0,0,0,0,0,0,1,0,-1,0,0,-1,0,0
púlung,VB,verb,"to express oneself, to give a speech, to give an advice.",0,Neutral,0,1,0,0,1,0,0,0,-1,0,0,0,0,0,0,0,0,0,0,-1,0
pulús,NN,noun,"usefulness, profit, advantage, benefit.",0.844,Positive,1,1,1,1,1,-1,1,1,1,-1,-1,1,0,1,1,1,1,1,1,1,1
pulut,JJ,adjective,( of rope ) firmly twisted,0,Neutral,0,0,0,0,1,-1,0,0,0,0,0,0,0,0,0,0,0,0,0,0,0
pulut,JJ,adjective,( of liquid ) thick,0,Neutral,0,0,0,0,0,0,0,0,0,-1,0,0,0,0,0,0,0,0,1,0,0
pulut,VB,verb,to thicken,0,Neutral,0,0,0,0,0,0,-1,0,0,0,0,0,0,-1,0,0,0,0,0,1,0
pulut,VB,verb,to pick up from the floor or ground,0,Neutral,0,0,0,0,0,-1,-1,0,1,0,0,0,0,0,0,0,1,0,1,0,0
púlut,VB,verb,to pick up from the ground.,0,Neutral,0,0,0,0,0,-1,0,1,0,0,0,0,0,0,0,0,0,0,0,0,0
púlu’,NN,noun,island.,0,Neutral,0,0,0,0,0,0,0,0,1,0,0,0,0,0,0,0,0,0,0,0,0
púlu’,CD,numeral,variant of napúlu’.,0,Neutral,0,0,0,0,0,1,0,0,0,0,-1,0,-1,0,0,0,0,0,1,0,0
pumpyáng,NN,noun,cymbal.,0,Neutral,0,0,0,0,0,0,-1,1,0,-1,0,0,-1,0,1,0,0,1,0,0,0
púnaw,VB,verb,"to faint, to feel dizzy.",-0.226,Negative,-1,0,-1,-1,0,0,-1,-1,-1,-1,-1,1,1,-1,-1,-1,0,0,0,-1,-1
púna’,NN,noun,net.,0,Neutral,0,0,0,0,-1,1,0,0,0,0,1,0,0,0,0,1,-1,1,0,1,0
púna’,VB,verb,"to trap in a net, to weave a net.",-0.318,Negative,-1,0,-1,-1,0,0,-1,-1,-1,-1,-1,-1,-1,1,1,-1,-1,0,-1,-1,1
púnda,NN,noun,pillow case.,0,Neutral,0,0,0,0,-1,-1,0,0,0,-1,0,0,0,0,0,0,0,0,1,0,0
pungá,JJ,adjective,nasal manner of speech.,0,Neutral,0,0,0,0,0,0,0,0,1,0,0,-1,0,0,0,0,0,0,0,0,0
púnggud,NN,noun,"pimple, blemish.",0,Neutral,0,0,0,0,-1,0,0,0,0,0,0,0,0,0,0,0,0,0,0,1,0
púnggul,VB,verb,"to cut off from the plant, to prune.",-0.273,Negative,-1,0,-1,-1,0,0,-1,-1,-1,-1,-1,-1,-1,-1,1,-1,-1,-1,-1,1,-1
pungko,VB,verb,to sit synonym: lingkod,0,Neutral,0,0,0,0,-1,-1,1,0,0,0,0,1,0,0,0,0,1,0,0,0,0
pungku’,VB,verb,to sit down.,0,Neutral,0,0,0,0,0,-1,0,0,0,0,0,0,0,0,0,0,0,0,0,0,0
púngpung,NN,noun,"bundle, bunch, bouquet of flowers.",0,Neutral,0,0,0,0,0,0,0,0,0,0,0,-1,0,0,0,0,0,0,0,0,0
púngpung,VB,verb,"to bundle, to tie into a bundle.",0,Neutral,0,0,0,0,-1,0,0,0,0,0,0,1,0,0,0,0,0,0,0,1,0
púngsud,NN,noun,"country, nation, community.",0,Neutral,0,0,0,0,1,-1,0,0,0,0,-1,0,0,-1,0,0,0,0,-1,0,0
puní,NN,noun,decoration.,0,Neutral,0,1,0,0,0,0,0,0,0,-1,0,0,-1,0,-1,0,0,0,0,0,0
puní,VB,verb,"to decorate, to deck.",0,Neutral,0,0,0,0,1,0,0,0,0,0,0,-1,0,0,0,-1,0,0,0,0,0
punoan,NN,noun,"( of authorities ) chief , head",0,Neutral,0,0,0,0,0,0,0,0,0,0,0,0,0,0,0,0,0,0,0,0,0
punse,NN,noun,a mixed alcoholic drink,0,Neutral,0,0,0,0,0,0,0,0,0,0,0,0,0,0,0,0,0,0,0,1,0
púnta,NN,noun,"tip, edge, end.",0,Neutral,0,0,0,0,0,0,0,-1,0,-1,0,0,0,0,0,0,0,0,0,0,0
púntus,NN,noun,"score, point.",0,Neutral,0,0,0,0,0,1,-1,0,0,0,0,0,-1,-1,0,0,-1,0,0,0,0
púnung,NN,noun,fishpond.,0,Neutral,0,0,0,0,0,0,0,0,0,0,0,0,0,0,0,0,0,0,-1,0,0
punú’,JJ,adjective,full to capacity.,0,Neutral,0,0,0,0,0,0,0,0,0,0,0,0,0,0,0,0,0,0,0,0,0
punú’,VB,verb,to fill to capacity.,0,Neutral,0,0,0,0,-1,0,0,0,0,0,0,1,0,0,0,0,-1,0,1,0,0
púnu’,NN,noun,"tree trunk, leader, chief.",0,Neutral,0,0,0,0,0,0,0,1,0,0,0,0,0,0,0,0,0,0,0,0,1
punú’an,NN,noun,"beginning, start, authority, leader.",0.077,Positive,1,1,1,1,0,0,1,0,1,1,1,1,1,1,0,1,0,1,1,1,1
púnyus,NN,noun,"wrist, cuff.",0,Neutral,0,0,0,0,1,1,0,1,0,-1,0,0,0,0,0,-1,1,0,1,1,0
puok,NN,noun,"district , territory",0,Neutral,0,0,0,0,0,0,0,0,0,0,1,0,0,0,0,0,0,0,-1,0,0
puok,NN,noun,place,0,Neutral,0,0,0,0,1,0,0,0,0,0,0,0,0,0,0,-1,1,0,0,0,0
puol,NN,noun,snail,0,Neutral,0,0,0,0,1,0,1,-1,0,-1,1,0,1,0,0,0,1,0,0,1,0
púrma,NN,noun,"form, shape.",0,Neutral,0,0,0,0,0,0,0,0,0,0,0,0,0,0,0,0,0,0,0,0,0
púru,RB,adverb,"purely, all.",0,Neutral,0,0,0,0,0,0,0,0,0,1,0,0,0,-1,0,0,0,0,0,0,1
púrung,NN,noun,"crown, veil, head cover.",0,Neutral,0,0,0,0,0,0,0,0,0,0,-1,0,1,1,0,0,0,0,0,0,1
púsad,VB,verb,"to pace up and down angrily, to stamp the feet in anger.",-0.758,Negative,-1,0,-1,-1,0,0,-1,-1,-1,-1,1,-1,-1,-1,-1,-1,1,-1,-1,-1,-1
pusá’,VB,verb,"to break, to crack.",0,Neutral,0,0,0,0,-1,-1,0,-1,1,0,0,0,0,1,0,0,0,0,0,0,1
púsdak,VB,verb,"to throw down, to drop with considerable force.",-0.273,Negative,-1,0,-1,-1,-1,1,-1,-1,-1,-1,-1,-1,-1,-1,-1,-1,-1,-1,0,-1,-1
púsnga,NN,noun,"snort, pant.",0,Neutral,0,0,0,0,-1,-1,0,0,0,0,0,1,0,0,0,0,0,0,1,0,0
púsnga,VB,verb,"to breathe through the nostrils, to snort.",0,Neutral,0,0,0,0,-1,0,0,0,0,0,0,0,1,0,0,0,0,0,0,0,-1
puspurú,NN,noun,"match, match stick.",0,Neutral,0,0,0,0,0,0,0,0,1,0,0,0,0,0,-1,0,0,0,0,0,0
pústa’,NN,noun,"stake, bet.",0,Neutral,0,0,0,0,0,0,-1,0,0,0,0,0,0,-1,0,0,1,0,1,0,0
pústa’,VB,verb,"to bet, to put up as stake.",0,Neutral,0,0,0,0,-1,0,0,0,0,1,0,0,0,0,0,0,0,0,0,0,0
púsud,NN,noun,"navel, belly button.",0,Neutral,0,0,0,0,0,-1,0,0,0,0,0,0,0,0,0,-1,0,0,0,0,0
púsu’,NN,noun,"heart, banana flower.",0.637,Positive,1,0,1,1,-1,0,1,1,1,1,0,0,0,1,0,1,1,1,-1,1,1
púswit,VB,verb,"to burst through a small opening with force, especially of liquids.",0,Neutral,0,0,0,0,1,1,1,0,0,0,0,0,0,0,-1,0,0,0,0,0,-1
pús’ang,VB,verb,"to throw down on the floor, to put down with a bang.",0,Neutral,0,0,0,0,0,0,0,0,0,0,0,0,0,-1,0,0,0,0,0,0,0
pús’un,NN,noun,abdomen.,0,Neutral,0,0,0,0,0,0,0,0,0,0,0,0,0,0,-1,0,0,0,0,0,0
putí’,JJ,adjective,"white, fair in complexion.;  white.",0.318,Positive,1,1,1,1,-1,0,1,0,1,1,1,1,1,1,1,1,1,1,0,1,1
pútul,VB,verb,"to sever, to cut off.",-0.273,Negative,-1,-1,-1,-1,1,1,-1,-1,-1,1,-1,0,-1,-1,-1,-1,-1,1,-1,-1,-1
pútul,JJ,adjective,"severed, cut, broken off.",-0.772,Negative,-1,-1,-1,-1,1,-1,-1,-1,-1,-1,0,1,-1,-1,-1,-1,-1,-1,-1,-1,-1
putús,NN,noun,"wrapper, cover.",0,Neutral,0,0,0,0,-1,-1,0,-1,0,0,0,0,1,-1,0,0,0,1,0,0,0
putús,VB,verb,"to wrap, to tie into a package, to pack.",0,Neutral,0,0,0,0,1,0,0,-1,0,0,0,0,0,0,0,0,1,0,0,0,0
putút,JJ,adjective,"of people, short.",0,Neutral,0,0,0,0,0,0,0,0,0,1,0,0,0,0,-1,0,-1,0,0,0,0
putyúkan,NN,noun,beehive.,0,Neutral,0,0,0,0,0,0,0,0,0,0,0,0,0,1,-1,0,0,0,0,1,0
puyú,NN,noun,"mudfish, freshwater fish.",0,Neutral,0,0,0,0,0,0,0,0,0,0,0,0,0,0,0,0,0,0,0,0,0
púyu,NN,noun,"cloth sack, cloth bag with a drawstring.",0,Neutral,0,0,0,0,0,1,0,0,0,0,0,0,0,0,0,0,0,0,-1,0,0
púyus,VB,verb,"to bind, to wrap up.",0,Neutral,0,0,0,0,0,0,0,0,0,0,0,0,0,0,0,1,0,0,0,0,0
puyú’,VB,verb,"to live, to dwell, to reside.",0.128,Positive,1,1,1,1,-1,0,1,1,1,1,1,1,1,1,1,-1,1,1,1,1,1
pú’as,VB,verb,"to calm, to ease, to become less strong.",0.779,Positive,1,1,1,1,1,1,-1,1,1,1,-1,1,1,1,1,1,1,1,-1,-1,1
pu’ása,NN,noun,fasting.,0,Neutral,0,0,0,0,1,-1,0,0,1,0,0,-1,0,0,0,0,0,1,0,0,0
pu’ása,VB,verb,"to fast, to abstain from eating regular meals for penance.",0,Neutral,0,0,0,0,0,-1,0,0,1,0,-1,-1,0,0,1,0,0,0,-1,0,1
pú’pu’,VB,verb,"to pluck from the plant or tree, to pick, to harvest.",0,Neutral,0,0,0,0,0,0,0,1,0,0,0,0,0,0,0,0,0,1,0,0,0
pu’úd,NN,noun,"country, nation.",0,Neutral,0,0,0,0,-1,0,0,0,0,0,0,0,0,0,0,0,0,0,1,0,0
pu’úk,NN,noun,place.,0,Neutral,0,0,0,0,0,-1,0,0,0,0,1,0,0,0,-1,-1,0,0,0,0,-1
pu’út,VB,verb,"to lie for ambush, to hide, to conceal.",-0.178,Negative,-1,-1,-1,-1,0,0,-1,-1,-1,-1,-1,-1,-1,-1,-1,-1,-1,-1,0,0,-1
pwéde,RB,adverb,"all right, can be, its possible, certainly, yes.",0.625,Positive,1,1,1,1,0,-1,1,1,1,0,1,0,1,1,1,0,0,1,1,1,0
pwérta,NN,noun,"door, gate.",0,Neutral,0,0,0,0,1,1,0,0,0,0,1,0,0,0,0,1,0,0,0,0,0
pwertáhan,NN,noun,door.,0,Neutral,0,0,0,0,1,1,0,0,0,0,0,0,0,1,0,1,0,0,0,0,0
pyáno,NN,noun,piano.,0,Neutral,0,0,0,0,0,0,0,0,0,0,0,0,0,0,0,0,0,0,0,0,0
pyánsa,NN,noun,"bond, bail money.",0,Neutral,0,0,0,0,0,0,0,1,0,0,0,0,0,0,-1,0,0,0,1,0,-1
pyánsa,VB,verb,"to set bail, to bail out, to put a bond.",0,Neutral,0,0,0,0,0,0,0,0,1,0,0,0,-1,0,0,0,-1,0,-1,0,-1
pyé,NN,noun,one foot measure.,0,Neutral,0,0,0,0,-1,-1,-1,-1,0,0,0,0,0,0,0,0,0,-1,0,0,0
pyérde,VB,verb,"to be defeated, to lose, to give up.",-0.7,Negative,-1,-1,-1,-1,1,0,1,-1,1,-1,-1,-1,-1,-1,-1,-1,-1,-1,0,-1,-1
pyésas,NN,noun,spare parts.,0,Neutral,0,0,0,0,-1,1,-1,0,0,0,0,0,0,0,0,0,0,0,0,0,0
pyésta,NN,noun,"fiesta, religious feast of a patron saint which is celebrated with pomp and carnivalistic tradition.",0.778,Positive,1,1,1,1,0,0,1,1,1,1,1,1,1,1,1,1,1,1,1,1,1
ra-ing,JJ,adjective,"dirty , grimy , soiled . sullied",-0.691,Negative,-1,-1,-1,-1,1,1,-1,-1,-1,1,-1,0,-1,-1,-1,-1,-1,-1,-1,-1,-1
ra-ing,NN,noun,"dirt , grime",-0.599,Negative,-1,-1,-1,-1,-1,-1,-1,-1,-1,-1,-1,-1,1,-1,-1,-1,-1,-1,1,-1,-1
rabanús,NN,noun,radish.,0,Neutral,0,0,0,0,-1,-1,0,0,0,0,0,0,0,0,0,0,0,-1,0,0,0
rábrab,VB,verb,"to tear off, to rip.",0,Neutral,0,0,0,0,0,0,0,0,0,0,0,0,0,0,0,0,0,0,0,0,0
rádyo,NN,noun,radio.,0,Neutral,0,0,0,0,0,0,0,0,1,1,1,0,1,0,0,0,0,1,0,-1,0
rámas,VB,verb,"to rub, to scrape off.",0,Neutral,0,0,0,0,1,0,0,1,0,-1,0,0,0,1,0,1,0,0,0,0,0
ramay,NN,noun,rice,0,Neutral,0,0,0,0,0,0,0,0,0,0,1,0,0,0,0,0,0,0,1,0,0
rami,JJ,adjective,"pliable , soft",0,Neutral,0,0,0,0,0,1,0,0,0,0,0,0,-1,0,0,-1,-1,0,0,0,1
ramig,JJ,adjective,cold,0,Neutral,0,0,0,0,1,0,-1,0,0,0,0,0,0,0,-1,0,0,0,0,0,0
rántsu,NN,noun,ranch.,0,Neutral,0,0,0,0,0,0,1,0,-1,-1,0,0,0,0,0,0,0,0,0,0,0
rason,NN,noun,"faculty of thinking , reasoning ( of thought )",0,Neutral,0,0,0,0,0,-1,1,0,0,0,0,0,1,1,0,-1,0,0,-1,0,0
rason,NN,noun,"explanation , account",0,Neutral,0,0,0,0,1,0,0,0,0,0,0,0,0,0,0,0,0,0,0,0,0
rásras,VB,verb,"to slash, of clothing, to slit or to take out the stitching.",-0.273,Negative,-1,-1,-1,-1,1,0,-1,-1,-1,-1,-1,-1,-1,-1,-1,-1,-1,-1,1,-1,-1
ráyna,NN,noun,"queen, empress.",0,Neutral,0,0,0,0,-1,-1,-1,0,0,-1,-1,-1,0,0,0,0,0,0,0,0,0
rebólber,NN,noun,"gun, revolver.",-0.34,Negative,-1,-1,-1,-1,0,0,-1,1,-1,1,-1,-1,-1,-1,-1,-1,0,-1,-1,-1,1
regálo,NN,noun,"gift, present.",0.44,Positive,1,1,1,1,-1,-1,1,1,1,1,1,1,1,1,1,1,1,1,1,1,1
regálo,VB,verb,to give a present.,0,Neutral,0,0,0,0,1,1,0,0,0,-1,0,0,1,0,0,0,0,0,0,1,0
reklámo,NN,noun,"complaint, discontent.",-0.296,Negative,-1,-1,-1,-1,0,0,-1,-1,-1,-1,-1,-1,0,-1,-1,-1,0,-1,-1,-1,-1
reklámo,VB,verb,to complain.,-0.361,Negative,-1,-1,-1,-1,-1,-1,-1,-1,-1,-1,-1,-1,-1,-1,-1,0,-1,-1,0,-1,-1
relihion,NN,noun,religion,0,Neutral,0,0,0,0,-1,-1,0,0,0,0,0,0,0,0,0,0,0,0,0,0,0
reló,NN,noun,"time piece, wrist watch.",0,Neutral,0,0,0,0,0,0,1,-1,0,0,-1,0,0,0,0,0,0,0,0,0,0
relyéno,NN,noun,stuffed chicken or fish.,0,Neutral,0,0,0,0,0,0,0,0,0,0,0,0,-1,0,1,0,0,0,0,0,0
rénda,NN,noun,bridle.,0,Neutral,0,0,0,0,0,0,0,0,0,0,0,-1,0,0,0,0,0,1,0,0,0
rénta,NN,noun,rent.,0,Neutral,0,0,0,0,0,0,0,0,0,0,0,0,0,0,0,0,0,0,0,0,0
rénta,VB,verb,"to rent, to hire.",0,Neutral,0,0,0,0,0,0,0,0,0,0,1,0,0,0,0,0,0,0,0,0,0
repólyo,NN,noun,cabbage.,0,Neutral,0,0,0,0,0,0,0,0,0,0,0,0,0,0,0,1,0,0,1,0,-1
representánte,NN,noun,"representative, congressman.",0,Neutral,0,0,0,0,0,0,0,0,0,0,0,0,0,0,0,0,0,0,-1,0,0
reputasyon,NN,noun,reputation.,0,Neutral,0,0,0,0,0,-1,0,0,0,0,1,0,0,0,-1,0,0,0,0,0,0
resíbo,NN,noun,receipt.,0,Neutral,0,0,0,0,0,0,0,0,0,0,0,0,0,0,0,-1,0,0,1,0,0
resíta,NN,noun,prescription of a doctor.,0,Neutral,0,0,0,0,0,0,0,1,0,0,0,0,0,0,-1,0,0,0,0,0,0
resúlta,NN,noun,"result, conclusion.",0,Neutral,0,0,0,0,0,0,0,0,-1,0,0,0,0,0,0,0,0,0,0,0,-1
retobádo,JJ,adjective,"naughty, impish.",0,Neutral,0,0,0,0,0,1,0,-1,-1,0,0,0,0,-1,0,0,1,0,0,0,0
retráto,NN,noun,"picture, snapshot.",0,Neutral,0,0,0,0,0,0,0,0,0,0,0,0,1,0,0,1,0,0,-1,0,0
réyna,NN,noun,queen.,0,Neutral,0,0,0,0,0,0,0,0,0,0,0,0,0,1,0,0,0,0,1,0,0
rikádo,NN,noun,"seasoning, spice.",0,Neutral,0,0,0,0,0,0,0,0,0,0,0,1,-1,0,0,0,0,0,0,0,0
rílis,NN,noun,"train rail, railroad tracks.",0,Neutral,0,0,0,0,0,0,0,-1,0,0,0,0,0,0,0,0,0,0,0,0,0
rimís,JJ,adjective,"delicious, tasty.",0.572,Positive,1,1,1,1,0,0,1,1,1,1,1,1,1,1,0,1,1,1,1,1,1
rípa,NN,noun,"raffle, lottery.",0,Neutral,0,0,0,0,1,1,0,0,0,0,0,0,0,1,0,0,0,0,0,1,0
ritásu,NN,noun,remnant.,0,Neutral,0,0,0,0,0,0,0,0,0,0,0,0,1,0,0,0,0,0,0,0,-1
románsa,NN,noun,romance.,0.557,Positive,1,1,1,1,1,0,1,1,-1,1,1,1,1,1,1,1,1,1,1,1,1
rósa,JJ,adjective,pink.,0,Neutral,0,0,0,0,-1,1,0,0,0,0,0,-1,0,0,0,0,0,0,0,0,0
rosál,NN,noun,gardenia.,0,Neutral,0,0,0,0,0,1,0,0,-1,0,0,0,-1,0,0,0,0,0,0,0,0
rósas,NN,noun,rose flower.,0,Neutral,0,0,0,0,-1,0,0,0,0,0,0,0,0,0,0,0,0,0,0,0,0
rúmpag,VB,verb,"to destroy, to ruin, to take apart.",-0.807,Negative,-1,-1,-1,-1,0,0,0,-1,-1,1,-1,-1,-1,-1,0,-1,-1,-1,0,1,1
rúsdak,VB,verb,"to collapse, to fall over.",-0.494,Negative,-1,-1,-1,-1,-1,-1,-1,-1,-1,1,-1,-1,-1,-1,-1,-1,-1,-1,-1,-1,0
rwéda,NN,noun,wheel.,0,Neutral,0,0,0,0,-1,-1,0,0,0,0,-1,0,0,0,0,0,-1,0,0,0,0
sa,RB,adverb,"by, on, at, in, relational particle.",0,Neutral,0,0,0,0,0,1,0,0,0,0,0,0,0,0,0,0,0,0,1,0,-1
sábad,JJ,adjective,"noisy, troublesome.",-0.612,Negative,-1,-1,-1,-1,0,0,0,-1,-1,-1,-1,-1,-1,-1,-1,-1,1,-1,-1,-1,-1
sabadó,NN,noun,saturday.,0,Neutral,0,0,0,0,-1,-1,0,0,0,0,0,0,0,0,0,0,0,-1,0,0,-1
sabak,NN,noun,lap,0,Neutral,0,0,0,0,1,0,0,0,0,0,0,0,0,0,0,-1,1,-1,0,0,0
sabak,VB,verb,to sit on one's lap,0,Neutral,0,0,0,0,0,0,0,0,0,0,0,1,0,0,0,0,0,1,0,0,0
sábak,NN,noun,lap.,0,Neutral,0,0,0,0,1,0,0,0,0,1,0,0,0,1,0,0,0,0,0,0,0
sábak,VB,verb,to sit on the lap.,0,Neutral,0,0,0,0,0,0,0,0,0,0,0,0,0,0,0,0,0,0,0,0,1
sabat,NN,noun,answer ; reply,0,Neutral,0,1,0,0,0,0,0,0,1,0,0,0,1,1,0,0,0,0,0,0,0
sabát,NN,noun,"response, answer.",0,Neutral,0,1,0,0,0,0,0,-1,0,0,0,-1,0,0,0,0,0,0,-1,0,0
sabát,VB,verb,"to respond, to answer.",0,Neutral,0,1,0,0,0,0,0,0,-1,0,-1,1,0,0,0,0,0,0,0,0,0
sabáw,NN,noun,"broth, soup.",0,Neutral,0,0,0,0,0,0,0,0,0,0,0,0,0,0,0,0,0,-1,1,0,0
sába’,VB,verb,"to beat double time, to beat violently.",-0.586,Negative,-1,-1,-1,-1,0,0,-1,-1,0,-1,-1,-1,-1,-1,-1,-1,-1,-1,-1,1,-1
sabila,NN,noun,aloe,0,Neutral,0,0,0,0,-1,-1,0,0,0,0,0,0,0,1,0,0,-1,0,0,0,0
sáblag,VB,verb,"to compromise, to meet half way.",0,Neutral,0,0,0,0,0,0,0,0,0,0,0,0,0,0,0,0,0,0,0,0,0
sablay,VB,verb,to hang clothing over a chair,0,Neutral,0,0,0,0,0,0,0,0,0,0,0,0,0,0,0,0,0,0,0,-1,0
sáblay,VB,verb,to hang clothes or cloth.,0,Neutral,0,0,0,0,0,0,0,0,0,0,0,0,0,0,0,-1,0,0,0,0,0
sablayan,NN,noun,clothesline,0,Neutral,0,0,0,0,0,0,0,0,0,0,0,0,0,-1,-1,0,0,0,0,-1,1
sáblig,VB,verb,"to douse with water, to sprinkle water.",0,Neutral,0,0,0,0,0,0,0,0,0,0,0,1,0,0,0,0,0,0,0,-1,0
sábnit,VB,verb,"to snatch, to grab with force.",0,Neutral,0,0,0,0,0,0,-1,0,0,0,0,0,0,0,0,1,0,0,0,0,0
sabtanay,VB,verb,to answer,0,Neutral,0,0,0,0,0,0,-1,0,0,0,0,-1,0,0,0,0,0,0,0,0,0
sabúd,VB,verb,"to scatter, to sow.",0,Neutral,0,0,0,0,0,0,-1,1,0,0,0,0,0,0,0,0,0,0,0,0,0
sábwag,VB,verb,"to scatter, to sow.",0,Neutral,0,0,0,0,0,0,0,0,0,0,0,0,0,0,0,0,0,0,1,0,0
sábya,VB,verb,"to splash with water, to douse with liquid or powder, to throw at something.",0,Neutral,0,0,0,0,-1,0,0,0,0,0,0,0,1,0,0,0,0,0,0,0,0
sáb’it,VB,verb,"to hang to accidentally, to put on.",-0.34,Negative,-1,0,-1,-1,0,0,-1,-1,-1,-1,-1,-1,-1,-1,-1,-1,-1,-1,-1,-1,-1
sáb’ug,VB,verb,"to scatter, to sow.",0,Neutral,0,0,0,0,-1,-1,1,0,1,0,0,0,0,0,0,0,0,0,0,0,0
sadsad,VB,verb,to trip ; to skip ; to dance ; to step nimbly or lightly,0,Neutral,0,0,0,0,1,0,0,0,-1,-1,0,0,0,0,0,0,0,0,0,0,0
sadsad,VB,verb,to step on; to put one's foot upon,0,Neutral,0,0,0,0,0,0,0,0,0,0,1,0,0,0,0,0,0,0,0,-1,0
sadsad,VB,verb,to be supported by; to be founded by,0.318,Positive,1,1,1,1,0,0,1,1,1,-1,1,1,-1,1,1,1,1,0,1,1,1
sádtu,DT,deictic,those (far from both the speaker and the listener).,0,Neutral,0,0,0,0,-1,1,0,0,0,0,0,0,0,0,0,0,0,0,0,0,0
sádtu,RB,adverb,"before, in the past.",0,Neutral,0,0,0,0,0,0,0,0,0,0,0,0,0,0,0,0,0,0,0,0,0
sádya,NN,noun,"happiness, joy, cheer.",0.893,Positive,1,1,1,1,0,0,1,1,-1,1,1,1,1,1,1,-1,1,1,-1,1,0
sádya,JJ,adjective,"happy, cheerful, joyful.",0.902,Positive,1,1,1,1,1,1,1,1,1,1,1,1,1,1,1,1,1,1,1,-1,1
sag-ang,NN,noun,( anatomy ) chin,0,Neutral,0,0,0,0,1,1,0,0,1,0,0,0,0,0,1,0,0,0,0,0,0
sagad,NN,noun,specialist,0,Neutral,0,0,0,0,-1,0,0,0,1,0,0,0,0,0,0,0,-1,0,0,0,0
sagahay,JJ,adjective,overflowing,0,Neutral,0,0,0,0,0,0,0,0,-1,0,0,0,0,0,0,0,0,0,0,0,0
sagáhay,VB,verb,"to overflow, to pour out abundantly.",0,Neutral,0,0,0,0,0,0,0,0,0,0,0,0,0,0,0,0,0,0,0,0,0
sagáng,VB,verb,"to prevent, to protect oneself, to defend.",0.402,Positive,1,1,1,1,-1,0,1,-1,1,1,1,1,1,1,1,0,1,1,1,1,1
sagawák,VB,verb,to burst out suddenly as water through a faucet.,0,Neutral,0,0,0,0,1,1,0,-1,0,0,0,0,0,0,0,0,0,0,0,0,0
sagaynon,NN,noun,resident or inhabitant of sagay,0,Neutral,0,,0,0,0,0,0,0,0,0,0,0,0,0,0,0,0,-1,0,0,0
sagaynon,JJ,adjective,of or pertaining to sagay,0,Neutral,0,0,0,0,0,0,0,-1,0,0,0,0,0,0,-1,1,0,0,0,0,0
ságbut,NN,noun,"rubbish, grass.",0,Neutral,0,0,0,0,0,0,0,0,1,0,1,0,0,0,0,0,0,0,0,0,0
saging,NN,noun,banana ; plantain,0,Neutral,0,0,0,0,0,0,-1,1,1,0,0,0,0,0,0,0,0,0,0,0,0
ságing,NN,noun,banana.,0,Neutral,0,0,0,0,0,0,0,0,0,-1,0,0,0,0,-1,0,0,0,0,0,0
sagír’um,JJ,adjective,"dim, doleful.",0,Neutral,0,0,0,0,-1,0,0,0,0,-1,0,0,1,0,0,0,1,-1,-1,0,-1
ságnuy,VB,verb,"to drag in the water while cruising, to dunk in water.",-0.226,Negative,-1,0,-1,-1,0,0,-1,-1,-1,-1,-1,-1,-1,-1,-1,0,0,-1,-1,-1,-1
sagúd,VB,verb,"to take care of animals, to raise animals.",0.494,Positive,1,1,1,1,-1,-1,1,1,0,1,-1,1,0,-1,1,1,0,1,1,1,-1
sagup,VB,verb,"rescue , save",0.758,Positive,1,1,1,1,0,1,1,0,1,1,1,1,1,1,1,1,0,1,1,1,1
sagúp,VB,verb,"to save, to rescue.",0.758,Positive,1,1,1,1,1,1,1,1,1,-1,1,0,1,1,1,0,0,1,1,1,1
sagupra,JJ,adjective,rough,0,Neutral,0,0,0,0,0,1,0,0,0,0,0,0,0,0,0,0,0,-1,0,0,0
ságyud,VB,verb,"to trail behind as a train, to be too long so as to touch the floor or ground.",0,Neutral,0,0,0,0,0,0,0,0,0,0,0,0,0,1,0,1,0,0,0,0,0
ság’a,VB,verb,"to throw out water, to drain.",0,Neutral,0,0,0,0,-1,0,1,0,0,0,0,-1,0,-1,0,0,0,0,1,0,0
ság’ang,NN,noun,chin.,0,Neutral,0,0,0,0,0,0,0,-1,0,0,1,0,0,0,0,0,0,0,1,-1,0
ság’ub,VB,verb,"to draw water from a well, to fetch water.",0.273,Positive,1,0,1,1,0,1,1,1,1,1,-1,1,1,1,1,-1,1,1,1,0,1
sag’úli’,NN,noun,"loose coins, change in coins.",-0.318,Negative,-1,0,-1,-1,1,1,-1,-1,-1,-1,-1,-1,-1,-1,-1,-1,-1,-1,-1,-1,-1
sag’úli’,VB,verb,"to be reconciled, to give loose change.",-0.318,Negative,-1,0,-1,-1,0,-1,-1,0,0,-1,-1,1,-1,-1,-1,-1,-1,-1,-1,-1,-1
sáha’,NN,noun,"bulb, seedling, young plant grown from the root of the mother plant.",0,Neutral,0,0,0,0,-1,-1,0,0,0,0,0,0,0,0,0,0,0,0,0,0,0
sahí’,JJ,adjective,"special, distinct, distinguished.",0.402,Positive,1,0,1,1,0,0,1,1,-1,1,1,1,0,1,1,1,1,1,1,1,1
sahúg,VB,verb,"to disturb, to interrupt.",-0.625,Negative,-1,-1,-1,-1,0,-1,0,-1,-1,-1,-1,-1,-1,-1,-1,-1,-1,-1,-1,-1,-1
sahú’,VB,verb,"to be accustomed to, to get along well.",0.273,Positive,1,0,1,1,0,-1,1,1,1,1,1,1,1,1,1,1,1,1,1,1,1
sakáda,NN,noun,seasonal worker.,0,Neutral,0,0,0,0,1,1,0,0,0,0,0,0,0,0,1,0,0,0,0,0,0
sakadéro,NN,noun,sugarcane field laborer.,0,Neutral,0,0,0,0,0,0,0,0,0,0,0,0,0,0,0,0,0,1,0,-1,0
sakáy,VB,verb,"to ride, to board.",0,Neutral,0,0,0,0,0,-1,0,0,0,0,0,0,0,0,0,0,0,1,0,0,0
sakayanon,NN,noun,"mariner , sailor , seaman",0,Neutral,0,0,0,0,0,1,0,0,0,0,0,-1,0,0,0,0,-1,0,1,0,0
sáka’,VB,verb,"to enter, to go up, to ascend, to climb.",0,Neutral,0,0,0,0,0,0,0,0,0,0,0,0,0,0,-1,0,0,0,0,0,0
sákdag,VB,verb,"to help, to sustain, to support, to aid.",0.66,Positive,1,1,1,1,0,0,1,1,1,1,-1,0,1,1,1,1,0,1,1,1,1
sakít,NN,noun,"illness, pain, grief, sorrow.",-0.912,Negative,-1,-1,-1,-1,1,0,1,-1,-1,-1,-1,-1,-1,-1,-1,-1,-1,-1,1,-1,-1
sakít,VB,verb,"to be painful, to be hurt, to feel bad about.",-0.869,Negative,-1,-1,-1,-1,0,-1,-1,-1,-1,-1,-1,-1,-1,-1,0,-1,-1,-1,-1,-1,0
sakít,JJ,adjective,"painful, sorrowful.",-0.727,Negative,-1,-1,-1,-1,-1,-1,-1,-1,1,-1,-1,-1,-1,-1,-1,-1,0,0,-1,-1,-1
sáklaw,VB,verb,to feel slighted.,0,Neutral,0,0,0,0,-1,-1,0,-1,0,0,0,0,0,0,0,0,0,0,-1,0,0
sáksak,VB,verb,"to chop, to stab repeatedly, to cut into pieces.",-0.71,Negative,-1,0,-1,-1,0,-1,-1,-1,-1,-1,-1,-1,-1,1,-1,-1,-1,-1,-1,-1,-1
sáksi,NN,noun,witness.,0,Neutral,0,0,0,0,-1,-1,0,0,1,0,0,-1,0,0,0,0,0,0,0,0,0
sáksi,VB,verb,"to testify, to witness.",0,Neutral,0,0,0,0,0,0,0,0,0,0,0,0,0,0,0,0,-1,0,0,0,0
sáku,NN,noun,"burlap bag, sack.",0,Neutral,0,0,0,0,-1,0,0,0,0,0,0,0,0,1,0,0,1,0,0,0,0
sákup,NN,noun,"subjects, members.",0,Neutral,0,0,0,0,1,0,0,-1,0,0,0,0,0,0,0,0,0,0,0,0,0
sákup,VB,verb,"to conquer, to be a member of, to enlist.",0,Neutral,0,0,0,0,-1,0,0,0,0,0,-1,0,0,0,0,0,0,0,0,0,0
sákut,VB,verb,"to mix, to blend, to put together.",0,Neutral,0,0,0,0,0,0,0,0,0,0,0,1,0,0,0,1,0,0,0,0,0
sáku’,NN,noun,"busyness, hurry.",0,Neutral,0,0,0,0,0,0,-1,0,1,0,0,0,0,0,0,0,0,0,0,0,1
sáku’,JJ,adjective,"busy, hurried.",0,Neutral,0,0,0,0,0,0,-1,0,0,0,0,0,0,0,0,0,0,0,0,0,0
sáku’,VB,verb,"to hurry, to keep occupied, to be busy.",0,Neutral,0,0,0,0,-1,0,0,-1,0,1,0,0,0,0,-1,-1,0,0,0,0,0
sal-on,VB,verb,catch,0,Neutral,0,0,0,0,0,0,0,0,0,1,0,0,0,0,0,0,0,0,0,0,0
sála,NN,noun,"livingroom, hall, lounge area.",0,Neutral,0,0,0,0,1,0,0,1,1,0,0,0,1,0,0,0,0,0,0,0,0
salakay,NN,noun,invasion,0,Neutral,0,0,0,0,1,0,0,0,0,0,0,0,0,0,0,0,0,0,0,1,0
salakay,NN,noun,overthrow,0,Neutral,0,0,0,0,0,1,0,0,0,0,0,1,0,0,0,0,-1,0,0,0,0
salakay,NN,noun,attack synonym: atake,-0.477,Negative,-1,-1,-1,-1,0,-1,0,-1,-1,-1,-1,-1,-1,0,0,-1,-1,-1,1,-1,-1
salákay,VB,verb,"to overthrow, to attack.",-0.477,Negative,-1,-1,-1,-1,0,1,1,-1,-1,-1,-1,-1,-1,-1,-1,-1,-1,-1,-1,0,-1
salamángka,NN,noun,magic;  magician.,0,Neutral,0,0,0,0,0,0,0,0,0,0,0,0,0,-1,0,-1,0,0,0,0,0
salaming,NN,noun,mirror synonym: espeho,0,Neutral,0,0,0,0,0,0,0,0,1,0,0,0,0,0,0,0,1,0,1,0,0
salamíng,NN,noun,mirror.,0,Neutral,0,0,0,0,0,0,0,0,0,1,-1,0,0,0,0,0,0,0,0,0,0
salampáti,NN,noun,dove.,0,Neutral,0,0,0,0,0,0,0,0,0,0,0,0,0,0,0,-1,1,0,1,0,0
salamwanan,JJ,adjective,choosy,0,Neutral,0,0,0,0,-1,0,0,0,0,0,0,0,0,0,1,0,0,0,0,0,0
sálap,NN,noun,fish net.,0,Neutral,0,0,0,0,0,0,0,0,1,0,0,0,0,1,0,0,0,0,0,0,0
salapi,NN,noun,"cash , coin",0,Neutral,0,0,0,0,0,0,0,0,0,0,0,0,0,0,-1,0,0,0,0,0,0
salapi,NN,noun,fifty centavos,0,Neutral,0,0,0,0,0,0,0,0,0,0,-1,0,0,0,0,-1,1,0,0,0,0
salápid,NN,noun,braid.,0,Neutral,0,0,0,0,0,0,-1,0,0,0,0,1,-1,0,0,0,0,0,0,0,0
salápid,VB,verb,"to plait, to braid, to twist.",0,Neutral,0,0,0,0,0,0,0,0,0,0,-1,0,-1,0,0,0,0,0,0,0,0
salapí’,NN,noun,fifty centavo piece.,0,Neutral,0,0,0,0,1,0,1,0,0,0,-1,0,0,0,1,0,0,0,0,0,0
salápu’,VB,verb,"to detect, to catch red-handed, to find.",0,Neutral,0,0,0,0,0,0,0,0,0,0,0,0,0,0,0,0,0,0,1,0,0
salawáhan,JJ,adjective,"fickle, unfaithful.",0,Neutral,0,0,0,0,0,0,0,0,0,0,0,0,0,-1,0,0,1,0,0,0,0
saláwsaw,NN,noun,"examination, test.",0,Neutral,0,0,0,0,0,0,-1,1,-1,-1,0,-1,0,0,0,0,0,0,0,0,0
salá’,NN,noun,"mistake, crime, sin, error.",-0.904,Negative,-1,-1,-1,-1,0,0,-1,-1,-1,-1,-1,-1,-1,-1,-1,-1,-1,-1,1,-1,-1
salá’,VB,verb,"to make a mistake, to commit an error.",-0.44,Negative,-1,-1,-1,-1,-1,-1,-1,-1,-1,-1,-1,1,-1,-1,-1,-1,-1,-1,-1,-1,-1
sála’,NN,noun,strainer.,-0.202,Negative,-1,-1,-1,-1,-1,-1,-1,-1,-1,1,1,-1,-1,-1,-1,0,-1,-1,-1,-1,0
sála’,VB,verb,"to strain, to sift.",-0.052,Negative,-1,-1,-1,-1,0,-1,-1,1,-1,1,-1,-1,-1,-1,-1,-1,-1,-1,-1,-1,1
salbabida,NN,noun,life preserver ; life jacket ; life buoy,0,Neutral,0,0,0,0,-1,1,0,0,0,0,0,0,-1,0,1,-1,0,0,0,0,0
salbáhe,JJ,adjective,"haughty, unfaithful, rogue.",0,Neutral,0,0,0,0,0,0,1,0,0,0,0,0,0,0,0,0,1,0,-1,-1,0
salída,NN,noun,"show, movie show.",0,Neutral,0,0,0,0,0,0,0,0,0,0,0,0,0,0,0,0,-1,0,0,0,0
sálig,NN,noun,"trust, confidence.",0.765,Positive,1,1,1,1,0,0,-1,1,0,1,-1,1,1,1,1,1,1,1,1,1,1
sálig,VB,verb,"to trust, to confide in, to depend on.",0.511,Positive,1,1,1,1,1,0,1,1,1,1,1,1,1,1,1,1,1,1,1,1,1
saliká’,VB,verb,"to straddle, to sit astride.",0,Neutral,0,0,0,0,-1,1,0,0,0,0,0,0,0,-1,-1,0,-1,0,-1,0,0
salimpapáw,JJ,adjective,"superficial, hypocrite.",0,Neutral,0,-1,0,0,-1,0,-1,0,0,1,0,0,0,0,0,0,-1,0,0,0,0
salimú’ang,JJ,adjective,delirious.,0,Neutral,0,-1,0,0,0,0,0,0,0,0,0,0,0,-1,0,0,0,0,0,0,0
salimú’ang,VB,verb,"to be delirious, to rave.",0,Neutral,0,-1,0,0,-1,0,0,0,0,0,1,0,0,-1,0,0,-1,0,0,0,1
salín,NN,noun,"remnant, left-over, scrap.",0,Neutral,0,-1,0,0,0,-1,1,0,0,1,0,1,0,0,0,1,0,0,0,1,0
salín,VB,verb,"to leave something behind, to keep, to store for some other time.",-0.052,Negative,-1,-1,-1,-1,0,0,-1,-1,-1,-1,1,-1,-1,0,-1,-1,-1,-1,1,1,-1
salipádpad,VB,verb,"to fling, to throw away.",0,Neutral,0,0,0,0,-1,-1,0,0,0,0,0,0,1,0,1,0,0,0,0,0,0
sálmon,NN,noun,"sardines, salmon.",0,Neutral,0,0,0,0,0,0,0,0,0,0,1,0,0,1,0,-1,0,0,0,0,0
sálmon,JJ,adjective,orange.,0,Neutral,0,0,0,0,0,0,0,0,0,0,0,0,0,0,0,0,0,0,0,0,0
sálsal,VB,verb,"to forge, to hammer.",0,Neutral,0,0,0,0,0,-1,-1,0,0,0,0,1,0,0,0,-1,0,0,0,0,0
salsalon,NN,noun,iron,0,Neutral,0,0,0,0,-1,1,0,0,0,0,0,0,0,-1,0,0,0,0,0,0,0
salsálun,NN,noun,"iron, metal.",0,Neutral,0,0,0,0,0,0,0,0,0,1,0,0,0,0,0,0,0,-1,0,-1,1
salú,VB,verb,to catch.,0,Neutral,0,0,0,0,0,0,0,-1,0,-1,0,0,0,0,0,0,0,-1,0,0,0
sálu,VB,verb,"to eat together, to partake of a meal together.",0,Neutral,0,0,0,0,1,0,0,0,0,0,0,-1,0,0,0,0,0,0,0,0,1
sálud,VB,verb,to catch drops of water so as to gather in a container.,0,Neutral,0,0,0,0,0,1,0,0,-1,0,0,0,0,0,0,0,0,1,-1,0,0
salúdu,NN,noun,"salute, bow.",0,Neutral,0,0,0,0,0,0,0,1,-1,0,-1,0,0,0,0,0,0,0,0,0,-1
salúdu,VB,verb,"to salute, to bow, to show respect.",0.477,Positive,1,1,1,1,-1,0,1,1,1,1,1,1,0,1,1,1,1,1,1,1,-1
salug,NN,noun,floor,0,Neutral,0,0,0,0,1,1,0,0,0,0,0,-1,0,0,0,1,0,0,1,0,0
salúg,NN,noun,floor.,0,Neutral,0,0,0,0,0,0,1,0,0,-1,1,0,0,0,0,0,0,-1,0,0,0
sálug,VB,verb,"to mix, to mingle.",0,Neutral,0,0,0,0,0,-1,0,0,0,0,0,-1,0,1,0,0,0,-1,1,0,0
salúk,VB,verb,to dip or scoop out with the hand or a dipper or ladle.,0.586,Positive,1,1,1,1,0,-1,1,1,1,1,1,1,1,1,1,1,1,1,1,1,1
sálum,VB,verb,"to dive for, to sink in.",0,Neutral,0,0,0,0,1,0,0,0,1,0,0,0,0,0,1,1,0,0,0,0,0
sálup,VB,verb,"to go down, to disappear, to penetrate.",-0.226,Negative,-1,-1,-1,-1,0,-1,-1,0,-1,-1,-1,-1,-1,-1,-1,-1,-1,0,-1,1,-1
salusálu,VB,verb,"to have a feast, to hold a banquet.",0,Neutral,0,0,0,0,0,-1,0,0,1,0,0,-1,0,0,0,-1,0,0,0,0,0
sál’ut,VB,verb,"to insert, to get between.",0,Neutral,0,0,0,0,0,0,0,1,0,0,0,0,0,1,0,0,1,0,0,0,0
samad,NN,noun,wound ; injury ; lesion,-0.421,Negative,-1,-1,-1,-1,0,1,-1,-1,-1,-1,-1,0,-1,-1,-1,0,-1,-1,-1,-1,-1
samad,JJ,adjective,wounded ; hurt ; injured,-0.727,Negative,-1,-1,-1,-1,-1,-1,-1,-1,-1,-1,-1,-1,-1,-1,1,-1,-1,-1,-1,-1,-1
samad,VB,verb,to wound ; to hurt ; to injure,-0.527,Negative,-1,-1,-1,-1,-1,-1,-1,-1,-1,-1,-1,-1,-1,-1,-1,-1,-1,-1,0,-1,-1
samád,NN,noun,"wound, injured part.",-0.402,Negative,-1,-1,-1,-1,-1,0,-1,-1,-1,-1,-1,-1,-1,-1,-1,-1,-1,-1,-1,-1,-1
samád,VB,verb,"to wound, to injure, to destroy.",-0.542,Negative,-1,-1,-1,-1,1,-1,1,-1,-1,-1,-1,-1,-1,-1,-1,-1,-1,-1,-1,-1,1
sámay,JJ,adjective,"striped, lined.",0,Neutral,0,0,0,0,-1,-1,0,0,-1,-1,0,0,0,0,0,0,0,0,0,1,0
sámay,VB,verb,to line with stripes.,0,Neutral,0,0,0,0,0,0,0,0,0,0,0,-1,-1,0,0,0,0,0,-1,0,0
sambag,NN,noun,tamarind ( tamarindus indica ),0,Neutral,0,0,0,0,0,0,0,0,0,0,0,0,0,0,0,0,0,0,1,0,0
sámbag,NN,noun,tamarind.,0,Neutral,0,0,0,0,0,-1,0,0,0,0,0,-1,0,0,0,0,0,0,0,0,0
sámbil,VB,verb,to quirk.,0,Neutral,0,0,0,0,0,0,0,-1,0,-1,0,0,0,0,0,1,0,0,1,0,0
sámbit,VB,verb,"to refer to, to mention.",0,Neutral,0,0,0,0,0,1,0,0,1,0,0,0,0,0,0,0,0,0,0,0,1
sámbud,VB,verb,"to wind, to bind, to roll, to twist, to get entangled.",0,Neutral,0,0,0,0,-1,-1,0,0,0,0,-1,0,0,0,0,0,0,0,0,0,1
samit,VB,verb,taste,0,Neutral,0,0,0,0,0,-1,0,0,0,0,0,0,0,0,0,0,0,0,1,-1,-1
samí’,RB,adverb,"always, regularly.",0,Neutral,0,0,0,0,-1,0,0,0,0,0,0,0,0,0,0,0,0,0,0,0,0
samong,NN,noun,obstacle,-0.361,Negative,-1,-1,-1,-1,0,0,-1,-1,0,-1,-1,-1,-1,1,-1,-1,-1,-1,-1,-1,-1
sampaguíta,NN,noun,native jasmin.,0,Neutral,0,0,0,0,1,-1,0,0,0,0,0,0,0,0,0,0,0,0,0,0,0
sampal,NN,noun,slap on the face,0.153,Positive,1,1,1,1,0,-1,0,1,0,0,1,1,1,1,1,1,1,0,1,0,1
sampátun,NN,noun,"expert, sage.",0,Neutral,0,0,0,0,1,1,0,0,0,0,0,0,0,0,0,0,0,0,0,0,0
sámpuk,VB,verb,"to fight head to head, to fight in man-to-man combat.",-0.765,Negative,-1,-1,-1,-1,0,0,-1,-1,-1,-1,-1,-1,-1,-1,-1,-1,-1,1,1,-1,-1
sámput,VB,verb,"to come to, to reach, to arrive at.",0.026,Neutral,0,0,1,0,-1,-1,0,0,0,0,0,0,0,0,0,0,0,0,0,0,0
sámtang,CC,conjunction,"meanwhile, while, meantime.",0,Neutral,0,0,0,0,0,0,0,0,0,0,0,1,0,0,0,0,0,0,0,0,0
sámuk,NN,noun,"noise, trouble, bother.",-0.625,Negative,-1,-1,-1,-1,0,0,-1,1,-1,-1,-1,-1,-1,-1,-1,1,-1,-1,-1,-1,-1
sámuk,VB,verb,"to bother, to cause trouble, to make noise.",-0.625,Negative,-1,-1,-1,-1,-1,0,-1,-1,-1,-1,-1,-1,-1,-1,-1,-1,-1,-1,-1,-1,-1
sámu’,VB,verb,"to dilute, to mix together.",0,Neutral,0,0,0,0,-1,-1,0,0,0,0,0,-1,0,0,0,0,0,0,1,1,0
sánag,JJ,adjective,"bright, shiny.",0.44,Positive,1,1,1,1,0,1,1,1,1,1,1,1,1,1,0,1,1,1,1,-1,0
sánag,VB,verb,"to be clear, to shine.",0.382,Positive,1,1,1,1,1,1,-1,-1,0,1,1,1,1,-1,1,1,0,1,1,1,1
sándad,VB,verb,"to knock over and fall, to stumble.",0,Neutral,0,0,0,0,1,1,0,0,0,0,-1,0,0,0,0,0,0,0,0,1,0
sánday,RP,particle,personal names nominal marker.,0,Neutral,0,0,0,0,0,-1,0,0,0,0,-1,0,0,0,0,0,1,-1,0,0,0
sándig,VB,verb,to lean on for support.,0.402,Positive,1,1,1,1,0,-1,1,0,-1,1,1,1,1,1,1,1,1,1,0,1,1
sandíya,NN,noun,"watermelon, watermelon seeds.",0,Neutral,0,0,0,0,-1,1,-1,0,0,-1,0,0,-1,0,0,-1,0,-1,0,0,0
sandí’ay,VB,verb,to lean on.,0,Neutral,0,0,0,0,0,0,0,0,0,0,0,0,0,1,0,0,0,0,0,0,0
sánduk,NN,noun,"ladle, big spoon.",0,Neutral,0,0,0,0,0,0,0,1,0,0,0,1,0,0,0,0,0,0,0,0,0
sánduk,VB,verb,to dig or scoop out.,0.153,Positive,1,1,1,1,0,0,1,1,0,1,1,-1,1,1,1,0,1,1,1,-1,1
sáng,RP,particle,indefinite noun marker.,0,Neutral,0,0,0,0,0,1,0,-1,0,0,0,-1,0,0,0,0,0,0,0,0,0
sanga,NN,noun,branch,0,Neutral,0,0,0,0,0,0,0,0,0,-1,0,0,0,0,0,0,0,0,0,0,0
sangá,NN,noun,"branch, bough, twig.",0,Neutral,0,0,0,0,0,0,0,0,0,0,0,0,0,0,1,0,0,0,0,0,0
sanggá,NN,noun,"branch, twig, bough.",0,Neutral,0,0,0,0,1,0,0,0,0,1,0,0,0,0,0,0,0,0,0,0,0
sánghid,VB,verb,"to touch lightly, to sidesweep.",0,Neutral,0,0,0,0,0,0,0,0,1,0,0,0,0,0,0,0,0,0,0,1,0
sángkad,NN,noun,"width, breadth, broadness.",0,Neutral,0,0,0,0,1,0,0,0,-1,0,1,0,0,0,0,1,-1,0,0,0,0
sángkap,JJ,adjective,"well-equipped, complete.",0,Neutral,0,0,0,0,0,0,1,0,0,0,0,0,1,0,1,0,0,0,0,0,0
sángkap,NN,noun,"furniture, devices, things, equipment.",0,Neutral,0,0,0,0,1,-1,0,0,0,0,0,0,-1,0,0,0,0,0,0,0,1
sángkap,VB,verb,"to furnish, to provide with, to equip.",0,Neutral,0,0,0,0,0,0,0,0,0,0,-1,0,0,0,1,0,0,0,0,0,0
sánglit,CC,conjunction,"even if, meanwhile.",0,Neutral,0,0,0,0,0,0,0,0,0,1,0,-1,0,1,0,0,0,0,0,0,0
sánlag,VB,verb,"to fry, to cook in oil.",0,Neutral,0,0,0,0,0,-1,1,0,0,0,-1,0,0,0,0,0,1,0,0,-1,-1
sansaw,NN,noun,grass jelly,0,Neutral,0,0,0,0,0,0,0,0,0,0,1,0,0,0,0,0,0,0,0,0,0
sansaw,NN,noun,grass jelly drink,0,Neutral,0,0,0,0,0,0,0,0,0,0,0,-1,0,0,0,0,0,0,0,0,0
sansaw,NN,noun,light ; easy ; without worry or trouble sánsaw gid ang ákon ólo. i am perfectly at ease. sánsaw na ang íla hunâhúnà. they do not worry any longer.,0.94,Positive,1,1,1,1,0,1,1,1,1,1,1,1,1,1,1,1,1,1,-1,1,1
sánting,JJ,adjective,"of string or ropes, tight.",0,Neutral,0,0,0,0,0,-1,0,0,-1,0,0,1,0,-1,0,0,0,0,0,0,1
sántu,NN,noun,variant of sántus.,0,Neutral,0,0,0,0,0,0,0,0,0,0,0,0,0,1,0,0,0,0,0,0,0
sántus,NN,noun,saint.,0,Neutral,0,0,0,0,0,1,0,1,-1,0,0,0,0,1,0,0,0,0,0,0,0
sántus,JJ,adjective,"saintly, holy.",0,Neutral,0,0,0,0,0,0,0,0,0,0,0,1,0,0,0,0,0,1,0,0,0
sántu’,VB,verb,"to harmonize, to agree, to be of the same opinion.",0.637,Positive,1,1,1,1,0,0,1,1,0,1,1,1,-1,1,1,1,1,-1,0,1,1
sán’u,RB,adverb,when.,0,Neutral,0,0,0,0,1,1,0,0,0,0,0,0,0,0,0,0,0,-1,0,0,0
sapák,VB,verb,"to pay attention to, to mind.",-0.103,Negative,-1,-1,-1,-1,0,0,-1,-1,-1,-1,-1,0,-1,-1,0,-1,-1,-1,1,-1,-1
sápat,NN,noun,insect.,0,Neutral,0,0,0,0,1,-1,0,0,1,0,0,0,0,1,0,0,0,0,0,0,0
sapatéro,NN,noun,shoemaker.,0,Neutral,0,0,0,0,1,0,0,1,0,0,0,-1,0,0,0,0,-1,0,0,0,0
sapatos,NN,noun,shoe,0,Neutral,0,0,0,0,0,-1,0,-1,0,0,0,0,-1,0,0,-1,0,0,0,0,0
sapátus,NN,noun,shoe.,0,Neutral,0,0,0,0,0,0,0,0,0,0,0,0,0,0,0,1,0,-1,0,-1,0
sapá’,NN,noun,"creek, brook, lake.",0,Neutral,0,0,0,0,0,-1,1,0,0,-1,0,-1,0,0,0,0,-1,0,0,0,0
sapá’sápa’,NN,noun,"lagoon, man-made brook or creek.",0,Neutral,0,0,0,0,0,0,0,-1,0,0,0,0,0,-1,0,1,0,0,0,0,0
sapding,VB,verb,"touch , graze , come in contact with",0,Neutral,0,0,0,0,0,-1,0,0,0,0,0,0,0,0,0,0,0,0,0,0,0
sápsap,VB,verb,"to chop so as to make even, to smoothen.",0,Neutral,0,0,0,0,0,1,0,0,-1,0,0,0,1,-1,0,0,0,0,0,0,0
sapú,VB,verb,"to discover, to find out.",0,Neutral,0,0,0,0,0,0,0,0,0,1,0,0,0,0,0,0,0,0,0,0,0
sápul,VB,verb,"to confer, to talk things over.",0,Neutral,0,0,0,0,0,0,1,0,1,0,0,0,0,0,0,0,0,0,0,0,0
sapúpu,VB,verb,to take care of.,0.494,Positive,1,1,1,1,0,0,-1,1,1,1,0,1,1,1,1,-1,1,1,1,0,1
sapút,VB,verb,"to arrive, to reach.",0.026,Neutral,0,0,1,0,1,1,0,-1,0,0,0,0,0,0,0,0,0,0,0,0,0
saramaylo,JJ,adjective,confused,-0.318,Negative,-1,-1,-1,-1,0,0,-1,-1,-1,-1,-1,-1,-1,-1,-1,-1,-1,-1,1,-1,-1
saramaylo,JJ,adjective,"awkward , clumsy , dull , stupid",-0.772,Negative,-1,-1,-1,-1,-1,1,-1,-1,0,-1,0,-1,-1,-1,-1,-1,-1,-1,-1,-1,0
saráng,VB,verb,"to be able, to be possible, to be capable of, to be able to afford.",0.382,Positive,1,1,1,1,-1,-1,1,-1,1,1,1,1,1,1,1,1,1,1,1,1,0
sarí,NN,noun,"class, kind.",0.527,Positive,1,1,1,1,1,1,1,1,1,1,1,1,1,1,1,0,1,1,1,1,1
sárisári,JJ,adjective,"different, of mixed kinds, combined.",0,Neutral,0,0,0,0,1,1,0,0,0,1,0,0,0,-1,0,1,0,0,0,-1,0
sársa,NN,noun,"sauce, gravy.",0,Neutral,0,0,0,0,0,1,0,0,0,0,0,0,0,0,0,-1,0,0,0,0,0
sarsyádo,NN,noun,"meat dish of chicken, pork or meat with a little gravy.",0,Neutral,0,0,0,0,1,0,0,0,0,0,1,0,0,1,0,0,0,1,0,0,0
sarút,NN,noun,"pest, plague, epidemic.",0,Neutral,0,0,0,0,0,0,1,0,0,0,0,0,0,0,0,0,0,0,0,0,1
sástre,NN,noun,tailor.,0,Neutral,0,0,0,0,1,0,0,0,0,0,0,0,0,0,0,0,0,0,0,0,0
sát’um,VB,verb,"to know, to recognize.",0,Neutral,0,0,0,0,-1,1,-1,1,1,0,0,1,0,0,0,0,0,0,0,0,0
sawáy,NN,noun,"brass metal, criticism.",-0.44,Negative,-1,-1,-1,-1,1,0,-1,-1,-1,-1,-1,-1,-1,-1,-1,-1,-1,-1,-1,1,0
sawáy,VB,verb,"to criticize, to correct, to mention so as to correct.",-0.382,Negative,-1,-1,-1,-1,-1,1,-1,-1,-1,-1,-1,1,-1,-1,-1,-1,-1,1,-1,-1,-1
sáwsaw,VB,verb,"to soak, to put into, to dip.",0,Neutral,0,0,0,0,-1,-1,0,0,-1,0,0,0,0,0,0,0,0,0,0,0,-1
sáw’a,JJ,adjective,"immoral, indecent.",-0.459,Negative,-1,-1,-1,-1,1,0,1,1,-1,-1,-1,1,-1,-1,-1,-1,-1,-1,-1,-1,-1
sáya,NN,noun,long skirt of old women.,0,Neutral,0,0,0,0,-1,1,0,0,0,0,0,0,0,0,0,0,-1,1,0,0,0
sayásat,VB,verb,"to investigate, to check, to diagnose.",0,Neutral,0,0,0,0,-1,0,0,0,0,0,0,0,0,0,0,1,0,0,0,1,0
saylo,VB,verb,to go over ; to change place,0,Neutral,0,0,0,0,0,1,0,0,0,0,0,0,0,0,0,0,0,0,-1,0,0
saylo,VB,verb,to pass by,0,Neutral,0,0,0,0,0,0,0,0,1,0,0,0,0,0,0,1,0,0,1,0,0
sáylu,VB,verb,"to transfer, to move over.",0,Neutral,0,0,0,0,0,0,1,0,0,1,0,-1,0,0,0,0,0,0,0,0,0
sáysay,VB,verb,"to relate, to explain, to describe.",0,Neutral,0,0,0,0,0,0,0,0,0,0,0,0,1,0,0,0,0,0,0,0,0
sáysay,NN,noun,"history, story, explanation.",0,Neutral,0,0,0,0,0,0,0,0,0,0,0,0,0,0,0,0,0,-1,0,0,1
sáyud,VB,verb,"to know, to discover, to hear about.",0,Neutral,0,0,0,0,0,0,0,-1,0,0,0,0,0,1,1,0,0,0,0,0,1
sayúp,VB,verb,"to commit an error, to be at fault.",-0.494,Negative,-1,-1,-1,-1,0,0,-1,-1,-1,-1,0,-1,-1,-1,-1,1,-1,-1,-1,-1,-1
sá’ad,NN,noun,"promise, vow.",0.318,Positive,1,1,1,1,-1,-1,1,1,1,1,0,1,1,1,1,1,1,1,1,0,1
sá’ad,VB,verb,"to vow, to promise.",0.318,Positive,1,1,1,1,1,-1,1,1,1,1,1,1,1,1,1,1,1,1,1,1,1
sa’úlu,VB,verb,"to memorize, to remember.",0,Neutral,0,0,0,0,0,1,0,0,0,0,1,1,0,0,0,0,0,0,0,0,0
sa’úlug,VB,verb,to celebrate.,0.572,Positive,1,1,1,1,0,0,1,1,1,1,1,1,1,1,1,-1,1,1,0,1,1
sá’ut,NN,noun,dance.,0,Neutral,0,0,0,0,1,1,0,0,0,0,0,0,0,0,0,0,0,0,0,0,0
sá’ut,VB,verb,to dance.,0,Neutral,0,0,0,0,0,0,-1,-1,1,0,0,0,0,0,0,0,0,0,0,0,0
sebuáno,NN,noun,"language spoken principally in agusan, bohol, bukidnon, cebu, davao, lanao del norte, the eastern half of leyte, misamis occidental, negros, oriental, surigao, zamboanga del norte, zamboanga del sur, and in some towns in cotabato.",0,Neutral,0,0,0,0,0,0,0,-1,0,0,0,0,0,0,0,0,1,0,0,0,-1
séda,NN,noun,silk.,0,Neutral,0,0,0,0,0,0,0,0,1,0,0,-1,0,0,0,-1,0,0,0,0,0
segúro,NN,noun,insurance.,0,Neutral,0,0,0,0,0,-1,0,0,0,0,0,0,0,0,0,0,0,0,0,0,0
sekretaŕya,NN,noun,secretary.,0,Neutral,0,0,0,0,0,0,0,1,0,-1,0,0,0,0,0,0,0,0,0,0,0
sekréto,NN,noun,secret.,0,Neutral,0,0,0,0,0,0,-1,0,0,0,-1,0,0,-1,-1,0,-1,1,0,0,-1
sélyo,NN,noun,"stamp, postage.",0,Neutral,0,0,0,0,0,0,1,0,0,0,0,0,0,1,0,0,0,0,0,0,1
semana,NN,noun,week,0,Neutral,0,0,0,0,0,0,-1,0,0,1,0,0,0,0,0,0,0,0,0,0,0
semána,NN,noun,week.,0,Neutral,0,0,0,0,0,0,0,0,0,0,0,0,0,0,0,0,0,0,0,0,0
seménto,NN,noun,"cement, concrete.",0,Neutral,0,0,0,0,0,0,0,0,0,0,0,0,0,0,0,0,0,0,1,0,0
senádo,NN,noun,senate;  senator.,0,Neutral,0,0,0,0,-1,0,0,0,0,1,0,0,0,0,0,0,0,0,0,0,0
sentábos,NN,noun,"one centavo, one centavo coin.",0,Neutral,0,0,0,0,0,0,0,1,-1,0,0,0,-1,0,0,0,0,0,0,0,0
sentimós,NN,noun,"centavo coin, one centavo, one cent.",0,Neutral,0,0,0,0,0,0,0,-1,0,0,1,0,0,0,1,0,0,0,0,0,0
sentimyento,NN,noun,sentiment,0,Neutral,0,0,0,0,0,0,0,0,0,1,0,0,0,0,0,0,0,0,1,0,0
séntro,NN,noun,"center, middle.",0,Neutral,0,0,0,0,0,0,0,0,0,0,0,0,0,0,0,0,0,0,0,0,0
septyémbre,NN,noun,september.,0,Neutral,0,0,0,0,0,0,0,0,0,0,0,0,0,0,0,0,0,0,0,0,0
serbésa,NN,noun,beer.,0,Neutral,0,0,0,0,0,0,0,0,0,0,0,-1,0,0,0,-1,0,1,0,1,0
serbilyéta,NN,noun,table napkin.,0,Neutral,0,0,0,0,0,0,0,0,0,-1,0,0,0,0,1,0,0,0,0,0,0
seremonya,NN,noun,ceremony,0,Neutral,0,0,0,0,0,1,0,0,0,0,0,0,0,-1,0,0,0,-1,0,0,0
seremónya,NN,noun,ceremony.,0,Neutral,0,0,0,0,0,-1,0,-1,0,0,0,0,0,0,0,0,0,0,0,0,0
seréno,NN,noun,watchman.,0,Neutral,0,0,0,0,0,0,0,0,0,0,1,0,0,0,0,1,0,0,0,0,0
serip,NN,noun,sheriff,0,Neutral,0,0,0,0,1,0,-1,0,0,0,0,0,0,0,0,-1,0,0,0,0,-1
seténta,CD,numeral,seventy.,0,Neutral,0,0,0,0,0,0,0,0,0,0,0,0,0,0,0,0,0,0,0,0,0
séys,CD,numeral,six.,0,Neutral,0,0,0,0,0,0,0,0,0,0,0,-1,0,1,0,0,0,0,0,0,0
seysénta,CD,numeral,sixty.,0,Neutral,0,0,0,0,0,0,0,0,0,0,0,0,0,-1,0,0,0,0,0,0,0
si,RP,particle,personal name marker.,0,Neutral,0,0,0,0,0,0,0,0,0,0,0,0,0,0,0,0,0,1,0,0,0
sibat,NN,noun,spear,0,Neutral,0,0,0,0,0,0,0,0,0,0,0,0,0,0,0,0,-1,0,0,0,1
sibát,NN,noun,"spear, lance.",0,Neutral,0,0,0,0,0,1,0,1,1,0,0,0,0,0,0,0,0,0,0,0,0
sibín,NN,noun,wash cloth.,0,Neutral,0,0,0,0,0,1,0,0,0,0,0,0,1,0,0,0,0,0,0,0,0
sibín,VB,verb,to wipe with a towel or wash cloth.,0,Neutral,0,0,0,0,0,1,0,0,0,1,0,1,0,0,0,0,0,0,0,0,0
sibít,NN,noun,straight pin.,0.226,Positive,1,1,1,1,1,0,1,1,0,0,1,0,1,1,1,1,1,-1,1,1,1
sibít,VB,verb,"to use a pin, to tuck together with a pin, to prick with a pin.",-0.34,Negative,-1,-1,-1,-1,1,1,-1,-1,-1,-1,-1,-1,-1,-1,-1,-1,-1,-1,1,1,-1
síbu,NN,noun,grease.,0,Neutral,0,0,0,0,-1,-1,-1,0,1,0,0,0,0,-1,0,0,1,-1,0,1,0
síbu,VB,verb,"to fit, to be enough.",0.361,Positive,1,1,1,1,0,0,1,1,1,1,1,1,1,1,0,1,-1,1,1,1,1
sibuyas,NN,noun,onion,0,Neutral,0,0,0,0,1,1,0,0,0,0,1,0,1,1,0,0,0,-1,0,0,0
sibúyas,NN,noun,onion.,0,Neutral,0,0,0,0,1,0,0,0,0,0,0,1,0,0,0,0,0,0,0,0,0
síbu’,NN,noun,"zero, nothing.",0,Neutral,0,0,0,0,0,-1,0,0,0,1,0,0,-1,0,0,0,0,0,0,1,0
sid-o,NN,noun,hiccup synonym: sikdo,0,Neutral,0,0,0,0,0,0,-1,0,0,0,0,0,0,-1,0,0,0,0,0,0,0
sid-o,VB,verb,to have a hiccup synonym: sikdo,0,Neutral,0,0,0,0,0,-1,0,0,0,0,0,0,0,0,0,0,0,0,0,1,0
sidlangan,NN,noun,east synonym: mulud-an,0,Neutral,0,0,0,0,0,0,1,0,0,0,-1,0,0,1,0,0,-1,0,0,0,0
sidlangan,JJ,adjective,east ; eastern,0,Neutral,0,0,0,0,0,0,0,0,0,0,0,0,1,0,0,0,0,0,0,0,0
sidlángan,NN,noun,east.,0,Neutral,0,0,0,0,0,0,0,0,0,0,0,-1,0,0,0,0,0,0,0,0,0
síd’ing,VB,verb,"to peep, to look in for a little while.",0,Neutral,0,0,0,0,0,0,0,0,0,-1,0,0,0,1,0,0,0,0,0,0,0
sielo,NN,noun,"heaven , firmament , sky synonym: langit",0.511,Positive,1,1,1,1,0,1,1,1,1,1,0,1,-1,1,1,-1,0,1,1,1,1
síga,NN,noun,"glow, shine.",0,Neutral,0,0,0,0,1,1,-1,-1,0,0,0,0,1,0,0,0,1,0,1,1,0
síga,VB,verb,"to shine, to give a glow.",0,Neutral,0,0,0,0,0,0,0,-1,0,0,0,1,-1,0,0,0,1,0,0,0,0
sigahúm,VB,verb,"to desire, to hanker after.",0.402,Positive,1,1,1,1,0,0,1,1,1,1,1,-1,0,-1,1,1,1,1,-1,1,1
sigarílyo,NN,noun,cigarette.,0,Neutral,0,0,0,0,1,1,0,0,0,0,0,0,0,0,-1,0,0,0,0,0,-1
sígi,RB,adverb,"okay, alright, go ahead.",0.44,Positive,1,1,1,1,1,0,1,1,1,-1,1,1,-1,1,1,1,1,1,1,1,1
sígi,VB,verb,"to go ahead, to go on, to continue.",0,Neutral,0,0,0,0,1,1,0,0,1,0,0,0,0,0,0,0,0,0,0,0,0
sígput,VB,verb,"to take up small particles, to collect the leavings.",0,Neutral,0,0,0,0,0,0,0,0,0,0,0,0,0,1,0,0,0,-1,0,0,0
sígu,VB,verb,"to fit, to join perfectly.",0.836,Positive,1,1,1,1,0,0,1,1,1,1,0,1,1,1,1,0,1,1,1,1,1
sigúro,RB,adverb,"maybe, perhaps.",0,Neutral,0,0,0,0,1,1,0,0,0,1,0,0,0,1,0,1,1,0,0,1,0
sigúro,JJ,adjective,"certain, for sure.",0.527,Positive,1,1,1,1,-1,0,1,1,1,-1,1,1,1,1,1,1,0,-1,1,1,1
siháy,VB,verb,"to be different, to be in contrast, to separate from.",0,Neutral,0,0,0,0,1,0,0,0,0,0,1,0,0,0,0,0,0,0,0,0,1
sihigún,NN,noun,rod.,0,Neutral,0,0,0,0,0,0,0,0,0,0,0,0,0,0,0,0,0,0,0,0,0
síkad,VB,verb,to kick with the foot.,0,Neutral,0,0,0,0,0,0,0,0,0,0,0,-1,0,0,0,0,0,0,1,0,0
sikdo,NN,noun,hiccup synonym: sid-o,0,Neutral,0,0,0,0,0,0,0,0,0,0,1,0,0,0,1,0,0,1,-1,0,0
sikdo,VB,verb,to have a hiccup synonym: sid-o,0,Neutral,0,0,0,0,-1,0,0,0,0,0,-1,-1,0,0,0,0,0,0,0,0,0
siko,NN,noun,elbow,0,Neutral,0,0,0,0,0,0,0,0,0,0,0,0,0,-1,0,0,0,0,-1,0,0
sikréta,NN,noun,detective.,0,Neutral,0,0,0,0,0,-1,0,-1,0,0,0,0,-1,0,-1,0,0,0,0,0,0
síku,NN,noun,elbow.,0,Neutral,0,0,0,0,0,0,0,0,0,0,0,0,0,0,0,0,0,0,0,0,0
síku,VB,verb,"to elbow, to nudge.",0,Neutral,0,0,0,0,-1,0,-1,0,0,0,0,-1,0,0,0,-1,1,0,0,0,0
sikúp,VB,verb,"to catch with the hands, as of fish.",0,Neutral,0,0,0,0,0,0,0,0,0,0,0,0,0,0,0,0,0,0,0,0,-1
síkway,VB,verb,"to reject, to abandon, to jilt, to leave behind, to cast out.",-0.7,Negative,-1,-1,-1,-1,0,0,-1,-1,-1,-1,-1,-1,-1,-1,1,-1,-1,-1,-1,-1,-1
silá,PRP,pronoun,they (third person plural nominal pronoun).,0,Neutral,0,0,0,0,-1,-1,1,0,1,1,0,0,0,0,0,0,0,0,0,0,0
sílak,NN,noun,"rays of the sun, heat of the sun.",0,Neutral,0,0,0,0,0,0,0,0,0,0,0,-1,0,0,0,-1,0,0,0,0,0
sílak,VB,verb,to shine brightly.,0.361,Positive,1,1,1,1,0,0,1,1,-1,1,1,1,1,1,1,1,1,-1,1,-1,1
sílaw,JJ,adjective,"glaring, extremely shiny, blinding.",0,Neutral,0,0,0,0,1,1,0,0,-1,0,0,0,0,1,-1,1,0,0,0,1,0
sílhig,NN,noun,broom.,0,Neutral,0,0,0,0,0,0,1,1,-1,0,0,0,0,0,1,0,0,0,0,0,0
sílhig,VB,verb,to sweep.,0,Neutral,0,0,0,0,0,0,0,0,0,0,0,0,0,0,0,0,0,0,0,-1,0
síli,NN,noun,eel.,0,Neutral,0,0,0,0,0,0,0,0,0,0,0,0,0,0,0,0,-1,0,0,0,0
silíng,NN,noun,"saying, talk, words.",0,Neutral,0,0,0,0,0,0,-1,0,0,0,0,0,0,0,1,0,0,0,0,0,0
silíng,VB,verb,"to talk about, to say, to mention.",0,Neutral,0,0,0,0,-1,0,0,0,0,0,0,0,0,0,-1,1,0,0,1,0,0
síli’,JJ,adjective,"brilliant, smart.",0.758,Positive,1,1,1,1,-1,-1,1,-1,1,1,1,1,1,1,1,1,1,1,1,1,1
sílu,JJ,adjective,square.,0,Neutral,0,0,0,0,1,0,0,0,0,0,0,1,0,0,0,0,0,0,0,0,0
sílung,NN,noun,"basement, shelter.",0,Neutral,0,0,0,0,0,0,0,0,0,0,1,1,0,-1,0,0,0,0,0,0,0
sílung,VB,verb,to take shelter.,0,Neutral,0,0,0,0,0,0,0,0,0,0,0,0,0,1,0,0,0,0,0,1,0
sílut,VB,verb,"to punish, to condemn.",-0.718,Negative,-1,-1,-1,-1,0,0,-1,-1,-1,-1,-1,-1,-1,-1,-1,-1,-1,-1,-1,-1,-1
símba,VB,verb,"to worship, to go to church, to pay homage to.",0.202,Positive,1,1,1,1,-1,-1,-1,0,0,1,0,1,1,1,1,0,1,1,1,1,1
símba,NN,noun,church.,0,Neutral,0,0,0,0,1,1,0,0,0,0,0,1,0,0,0,0,1,0,0,0,1
simbóryo,NN,noun,"dome, belfry.",0,Neutral,0,0,0,0,1,0,0,0,0,0,0,0,0,0,0,0,0,0,0,0,0
símbug,VB,verb,"to mix, to dilute liquids.",0,Neutral,0,0,0,0,0,1,0,0,0,0,1,1,0,0,0,-1,0,0,-1,0,0
símpli,JJ,adjective,"simple, ordinary.",0,Neutral,0,0,0,0,-1,0,0,0,0,0,0,0,0,0,0,0,0,0,0,0,0
símpun,VB,verb,"to join, to be together with.",0.296,Positive,1,1,1,1,0,0,1,1,1,-1,1,1,0,1,1,1,1,1,1,1,1
sín,NN,noun,galvanized iron.,0,Neutral,0,0,0,0,1,1,0,0,0,0,0,0,0,-1,0,1,0,0,0,0,0
siná’,DT,deictic,"those, (far from the speaker).",0,Neutral,0,0,0,0,0,0,1,0,0,0,0,0,0,0,0,0,0,0,1,1,0
síndi,NN,noun,"flame, light.",0,Neutral,0,0,0,0,0,0,0,0,0,0,0,0,0,0,-1,0,-1,0,0,0,0
síndi,VB,verb,"to light, to put a match to.",0,Neutral,0,0,0,0,0,0,0,0,1,0,0,0,0,0,0,0,0,0,0,0,0
sinelas,NN,noun,slipper ; flip-flop,0,Neutral,0,0,0,0,0,0,0,0,1,-1,0,-1,0,0,1,0,0,0,1,0,0
síng,RP,particle,variant of sang.,0,Neutral,0,0,0,0,1,0,0,0,0,0,0,0,0,0,0,0,0,0,0,0,0
sínggit,NN,noun,shout.,0,Neutral,0,0,0,0,1,0,0,0,0,0,0,0,0,0,-1,0,0,0,0,0,1
sínggit,VB,verb,"to shout, to howl.",0,Neutral,0,0,0,0,0,0,0,0,1,0,0,0,0,0,0,0,0,0,0,0,-1
sínghut,NN,noun,"sniff, smell.",0,Neutral,0,0,0,0,1,0,0,1,0,0,0,0,0,0,0,0,0,0,0,0,0
sínghut,VB,verb,"to sniff, to smell closely.",0,Neutral,0,0,0,0,0,0,0,0,0,0,0,1,0,0,0,0,0,0,0,0,0
singíl,NN,noun,"sprout, seedling.",0,Neutral,0,0,0,0,-1,0,0,0,0,-1,0,0,0,1,-1,0,0,0,0,0,0
singíl,VB,verb,"to sprout, to germinate.",0,Neutral,0,0,0,0,0,-1,0,0,-1,0,0,-1,0,0,0,0,0,0,0,0,0
singít,NN,noun,"pole, pole with a hook for gathering fruits.",0,Neutral,0,0,0,0,0,0,0,-1,0,0,0,0,0,0,0,0,0,0,0,0,0
singkamás,NN,noun,turnip.,0,Neutral,0,0,0,0,0,0,0,0,0,0,0,0,1,0,0,0,0,0,0,0,0
síngki’,JJ,adjective,"corny, unaccustomed, unsophisticated.",-0.296,Negative,-1,-1,-1,-1,0,0,-1,-1,-1,-1,-1,-1,1,-1,0,-1,-1,-1,-1,1,-1
síngko,CD,numeral,five.,0,Neutral,0,0,0,0,-1,-1,0,0,0,1,0,0,0,0,0,0,0,0,0,-1,0
síngko,NN,noun,five centavo piece.,0,Neutral,0,0,0,0,0,1,0,0,-1,0,0,0,0,0,0,0,0,0,0,0,0
singkwénta,CD,numeral,fifty.,0,Neutral,0,0,0,0,0,-1,0,0,0,0,0,0,1,0,-1,0,0,0,0,0,0
síngsing,NN,noun,ring.,0,Neutral,0,0,0,0,0,0,0,0,0,0,1,0,0,0,0,0,0,0,0,0,0
siní,DT,deictic,these.,0,Neutral,0,0,0,0,0,0,0,0,1,0,-1,0,0,0,-1,0,0,0,0,0,-1
síni,NN,noun,"movie theatre, movie film.",0,Neutral,0,0,0,0,1,0,0,-1,0,0,1,0,0,0,0,0,1,0,0,0,0
sínsil,NN,noun,chisel.,0,Neutral,0,0,0,0,-1,0,0,0,0,1,0,0,0,-1,0,0,0,0,0,0,1
sinsílyo,NN,noun,"small change, coins.",0,Neutral,0,0,0,0,-1,0,0,0,-1,0,1,0,0,0,0,0,0,0,0,-1,0
síntas,NN,noun,"strip, ribbon of film.",0,Neutral,0,0,0,0,0,0,0,0,1,0,0,0,-1,0,0,-1,0,0,0,0,0
sinú’,VB,verb,to shake so as to feel the sound.,-0.178,Negative,-1,-1,-1,-1,0,0,1,-1,-1,-1,-1,-1,-1,-1,-1,-1,-1,-1,-1,0,-1
sínyal,NN,noun,"sign, symbol, gesture.",0,Neutral,0,0,0,0,-1,1,0,0,0,0,0,0,0,0,0,0,0,0,0,0,1
sínyal,VB,verb,"to make a sign, to gesticulate, to beacon.",0,Neutral,0,0,0,0,0,0,0,0,0,0,-1,0,0,0,0,0,0,0,0,0,0
sínyas,NN,noun,"hint, cue, gesture, sign.",0,Neutral,0,0,0,0,0,0,0,0,-1,0,0,0,0,1,0,0,0,0,0,0,0
sínyas,VB,verb,"to give the cue, to call, to give a hint.",0,Neutral,0,0,0,0,1,0,0,0,0,0,0,0,0,-1,0,0,0,0,0,0,0
sín’u,PRP,pronoun,who.,0,Neutral,0,0,0,0,0,0,0,0,0,1,0,0,0,0,-1,0,0,0,0,0,0
sip-on,NN,noun,wet nasal mucus ; snot,0,Neutral,0,0,0,0,0,0,0,0,0,-1,0,0,0,0,0,1,1,-1,0,0,0
sip-on,NN,noun,"( pathology ) cold synonyms: hilanat , kalentura",0,Neutral,0,0,0,0,0,0,0,0,0,0,0,0,0,-1,-1,0,0,1,0,0,0
sip-onon,NN,noun,sniveler ; sniffler,0,Neutral,0,0,0,0,0,0,0,0,-1,0,0,0,0,0,0,0,-1,0,0,0,0
sip-onon,JJ,adjective,having a runny nose ; snot-nosed,0,Neutral,0,0,0,0,0,0,0,0,0,0,0,0,0,0,-1,0,0,0,0,0,0
sipák,VB,verb,to separate from.,0,Neutral,0,0,0,0,0,0,0,0,0,0,0,0,0,0,0,1,0,-1,0,1,0
sipála,VB,verb,"to insult, to scorn.",-0.718,Negative,-1,-1,-1,-1,1,0,-1,-1,-1,-1,0,-1,0,-1,-1,-1,-1,-1,0,-1,0
sípa’,NN,noun,"kick, filipino game of kick ball.",0,Neutral,0,0,0,0,-1,0,-1,-1,-1,0,0,0,0,0,0,0,0,0,0,0,0
sípa’,VB,verb,to kick.,0,Neutral,0,0,0,0,0,0,0,0,0,-1,0,0,0,0,0,0,-1,0,0,0,0
sipílyo,NN,noun,toothbrush.,0,Neutral,0,0,0,0,0,0,0,0,0,0,0,0,0,0,0,0,0,-1,-1,0,0
sípit,VB,verb,to carry under the arm.,0,Neutral,0,0,0,0,0,0,0,0,0,0,0,0,0,0,0,0,0,0,0,0,1
sipí’,NN,noun,"one piece, one piece of an orange.",0,Neutral,0,0,0,0,0,0,0,0,0,1,0,0,0,0,0,0,0,0,0,0,0
síplat,NN,noun,"glance, stolen glimpse.",-0.494,Negative,-1,-1,-1,-1,0,0,-1,0,-1,-1,0,-1,-1,-1,0,1,-1,-1,-1,-1,-1
síplat,VB,verb,to steal a look at.,-0.494,Negative,-1,-1,-1,-1,-1,-1,-1,-1,-1,-1,-1,-1,-1,-1,-1,-1,-1,-1,-1,-1,-1
síp’un,NN,noun,"cold, running nose.",0,Neutral,0,0,0,0,-1,-1,1,0,0,0,1,0,0,0,0,0,-1,1,0,1,0
sirá,NN,noun,"lock, bar.",0,Neutral,0,0,0,0,0,0,0,0,0,0,0,0,0,0,-1,0,0,0,0,1,-1
sirá,JJ,adjective,"closed, locked.",0,Neutral,0,0,0,0,0,0,0,0,0,0,0,0,0,-1,0,0,0,-1,0,0,0
sirá,VB,verb,"to close, to lock.",0,Neutral,0,0,0,0,0,0,1,0,0,0,0,1,0,0,0,0,0,0,0,0,0
sirgwélas,NN,noun,tropical plum.,0,Neutral,0,0,0,0,-1,1,1,0,0,0,0,0,0,0,0,0,0,0,0,0,0
sirip,NN,noun,sheriff,0,Neutral,0,0,0,0,0,0,-1,0,0,0,0,1,0,1,-1,0,0,0,0,0,0
sirirítan,NN,noun,cricket.,0,Neutral,0,0,0,0,1,0,0,0,-1,0,1,0,0,0,0,0,0,0,1,0,0
sír’um,NN,noun,"dark, dusk.",0,Neutral,0,0,0,0,0,-1,-1,0,1,0,0,1,0,-1,0,0,1,0,1,0,-1
sistéma,NN,noun,system.,0,Neutral,0,0,0,0,-1,-1,0,0,0,0,0,0,0,0,0,0,0,0,0,-1,0
sítsit,VB,verb,"to hiss at, to produce a long hissing sound so as to call attention.",0,Neutral,0,0,0,0,0,0,0,0,0,0,0,0,0,0,0,0,0,0,0,-1,0
sítyu,NN,noun,political and area division smaller than a barrio or village.,0,Neutral,0,0,0,0,0,1,0,1,0,0,0,0,0,0,0,0,0,-1,0,0,0
síwil,NN,noun,"twig, young sprout.",0,Neutral,0,0,0,0,0,0,0,1,0,-1,0,0,0,0,0,0,0,0,0,-1,0
síya,NN,noun,"chair, saddle.",0,Neutral,0,0,0,0,0,0,0,1,0,0,0,0,0,0,0,0,0,0,0,0,0
siyám,CD,numeral,nine.,0,Neutral,0,0,0,0,0,-1,0,-1,0,0,1,0,0,0,0,0,0,0,0,0,0
si’úd,NN,noun,"fish trap, loop.",-0.318,Negative,-1,-1,-1,-1,1,0,-1,-1,-1,-1,-1,1,-1,-1,-1,-1,-1,-1,-1,-1,-1
si’úd,VB,verb,"to trap fish, to gather fish from a si’úd.",-0.318,Negative,-1,-1,-1,-1,-1,-1,-1,-1,-1,-1,-1,-1,-1,-1,-1,1,-1,-1,-1,-1,-1
sóbra,RB,adverb,"over, too much.",0,Neutral,0,0,0,0,-1,-1,0,0,0,0,0,0,0,0,0,0,0,0,0,0,0
sóbra,NN,noun,"lift-over, balance.",0,Neutral,0,0,0,0,0,0,-1,1,0,0,0,0,0,0,0,0,0,0,-1,0,0
sóbra,VB,verb,to be more than necessary.,0,Neutral,0,0,0,0,0,0,0,0,0,0,0,-1,0,0,0,0,0,0,0,0,0
sóbra,VB,verb,"to add together, to get the sum.",0,Neutral,0,0,0,0,0,0,0,0,1,0,0,0,0,0,1,0,-1,0,0,0,0
sobre,NN,noun,envelope,0,Neutral,0,0,0,0,1,0,0,1,0,0,-1,0,0,0,0,0,0,0,0,0,0
sobre,NN,noun,excess,0,Neutral,0,0,0,0,0,0,-1,0,-1,-1,0,0,0,1,0,0,-1,0,0,0,1
sóbre,NN,noun,envelope.,0,Neutral,0,0,0,0,0,0,0,0,0,0,0,0,0,0,0,1,0,0,0,0,0
sokla,NN,noun,silk,0,Neutral,0,0,0,0,0,0,0,0,-1,0,0,0,0,1,0,0,0,0,0,0,0
solang,NN,noun,( anatomy ) chin,0,Neutral,0,0,0,0,1,0,0,0,0,0,0,0,0,0,0,0,-1,0,0,0,0
soldado,NN,noun,soldier,0,Neutral,0,0,0,0,-1,0,0,0,-1,0,1,0,-1,0,0,0,0,0,0,0,0
soldádo,NN,noun,soldier.,0,Neutral,0,0,0,0,1,0,0,0,0,0,-1,-1,0,0,0,0,0,0,0,0,-1
soltéro,NN,noun,single man of age fifteen and up.,0,Neutral,0,0,0,0,0,0,0,0,0,0,1,0,0,0,-1,0,0,0,0,1,0
sopá,NN,noun,"couch, sofa.",0,Neutral,0,0,0,0,0,0,0,0,0,-1,0,-1,0,-1,0,0,0,0,0,0,0
sorbéte,NN,noun,ice cream.,0,Neutral,0,0,0,0,0,0,1,0,0,0,-1,0,0,0,-1,0,0,-1,0,0,0
soríso,NN,noun,sausage.,0,Neutral,0,0,0,0,0,0,1,0,-1,-1,0,0,0,0,0,0,-1,0,0,0,0
suba,NN,noun,river,0,Neutral,0,0,0,0,0,1,0,0,-1,0,0,0,0,0,0,0,0,0,1,0,0
subáng,NN,noun,oldest child.,0,Neutral,0,0,0,0,-1,0,0,0,0,0,0,-1,0,0,0,0,0,0,0,0,0
subay,NN,noun,ant,0,Neutral,0,0,0,0,0,0,0,0,0,0,0,0,0,0,-1,0,0,0,1,-1,0
subáy,NN,noun,"ant, red ant.",0,Neutral,0,0,0,0,0,0,0,0,0,0,0,-1,1,0,0,0,0,0,0,1,0
subá’,NN,noun,river.,0,Neutral,0,0,0,0,0,0,0,0,-1,0,0,0,0,0,0,0,0,0,0,0,-1
súbli’,VB,verb,"to inherit, to be heir to.",0,Neutral,0,0,0,0,0,0,-1,0,0,0,-1,0,0,0,0,0,0,0,0,0,0
súbli’,NN,noun,"legacy, heritage; /mang-/ heir.",0,Neutral,0,0,0,0,1,1,0,-1,0,0,0,0,0,0,0,0,0,0,0,1,0
subong,RB,adverb,now,0,Neutral,0,0,0,0,0,-1,0,0,0,0,0,0,0,-1,0,0,-1,0,0,1,0
súbul,VB,verb,"to cast out, to drive away, to renounce.",0,Neutral,0,0,0,0,0,0,0,0,0,0,0,0,0,0,0,0,0,-1,0,0,0
subúng,RB,adverb,"now, like, similarly.",0.361,Positive,1,0,1,1,1,0,1,1,1,-1,1,1,1,1,1,1,1,1,1,1,1
subú’,NN,noun,"sadness, sorrow, loneliness.",-0.844,Negative,-1,-1,-1,-1,-1,-1,-1,-1,-1,-1,-1,-1,-1,-1,-1,-1,-1,1,-1,-1,-1
subú’,JJ,adjective,"sad, lonely, sorrowful.",-0.832,Negative,-1,-1,-1,-1,-1,-1,-1,-1,-1,-1,-1,-1,-1,-1,-1,-1,-1,-1,1,-1,1
subú’,VB,verb,"to become sad, to feel lonely.",-0.681,Negative,-1,-1,-1,-1,-1,-1,-1,0,1,-1,-1,-1,0,0,-1,-1,1,-1,-1,-1,-1
súd’an,NN,noun,"main course of a meal, viand to go with rice during a meal.",0,Neutral,0,0,0,0,1,-1,0,0,0,1,0,0,0,0,0,0,0,-1,0,-1,0
sugál,NN,noun,"gambling, risk.",-0.273,Negative,-1,-1,-1,-1,1,0,-1,-1,-1,-1,-1,-1,-1,-1,-1,-1,-1,-1,1,-1,-1
sugál,VB,verb,"to gamble, to take the risk.",-0.273,Negative,-1,-1,-1,-1,-1,0,-1,-1,0,-1,-1,-1,-1,0,-1,1,-1,-1,-1,-1,-1
súgat,VB,verb,to fetch people.,0,Neutral,0,0,0,0,-1,-1,0,0,0,0,0,0,0,0,-1,0,0,0,0,1,0
sugatá’,VB,verb,"to encounter, to meet accidentally, to come from different directions.",-0.34,Negative,-1,0,-1,-1,0,0,0,-1,1,1,-1,-1,-1,1,-1,-1,-1,-1,-1,-1,1
sugá’,NN,noun,"light, electric bulb.",0,Neutral,0,0,0,0,-1,-1,0,0,-1,0,0,0,0,0,0,0,0,0,0,0,0
súgba,VB,verb,"to roast, to broil, to broil directly on top of live coal.",0.202,Positive,1,0,1,1,0,1,1,1,1,-1,1,1,0,1,1,1,-1,1,0,1,1
súgbu,VB,verb,"to jump overboard, to dive into.",0,Neutral,0,0,0,0,1,1,0,0,0,-1,0,0,0,-1,0,0,0,0,0,0,0
súghaw,VB,verb,"to glean, to pick after a reaper.",0,Neutral,0,0,0,0,0,0,0,0,0,0,0,0,0,0,0,1,0,0,0,0,-1
súgid,NN,noun,"disclosure, story.",0,Neutral,0,0,0,0,0,0,0,0,0,0,1,0,0,0,0,-1,0,0,-1,0,0
súgid,VB,verb,"to tell, to disclose.",0,Neutral,0,0,0,0,0,0,0,0,0,0,0,0,1,0,1,0,0,0,0,0,0
sugilánun,NN,noun,"story, conversation.",0,Neutral,0,0,0,0,0,0,0,-1,0,-1,0,0,-1,0,0,0,0,0,0,0,0
sugilánun,VB,verb,"to tell a story, to converse with.",0,Neutral,0,0,0,0,0,0,0,1,0,0,-1,-1,0,-1,0,0,0,1,1,0,1
sugod,VB,verb,to begin,0,Neutral,0,0,0,0,0,0,0,0,0,0,0,0,0,0,0,1,0,0,0,0,0
súgpa’,VB,verb,to spit blood.,0,Neutral,0,0,0,0,0,0,0,0,0,0,0,0,-1,0,0,0,0,1,0,0,0
súgpu,NN,noun,lobster.,0,Neutral,0,0,0,0,0,0,1,0,0,0,0,0,0,0,0,0,0,0,1,0,0
súgpun,NN,noun,"connection, adjoining part, continuation.",0,Neutral,0,0,0,0,1,0,0,0,0,0,0,0,0,0,-1,0,0,0,0,1,0
súgpun,VB,verb,"to adjoin, to connect, to continue.",0,Neutral,0,0,0,0,0,0,0,0,0,0,0,0,0,0,0,0,-1,0,0,0,0
súgud,NN,noun,"start, beginning.",0,Neutral,0,0,0,0,0,-1,0,1,-1,0,0,0,0,0,0,0,1,0,0,0,0
súgud,VB,verb,"to start, to begin, to commence.",0,Neutral,0,0,0,0,0,0,0,-1,0,0,-1,0,0,0,0,0,1,-1,0,0,0
sugút,NN,noun,"agreement, contract.",0.494,Positive,1,1,1,1,0,0,1,0,1,1,-1,0,0,1,1,1,-1,1,1,0,1
sugút,VB,verb,"to consent, to agree, to allow, to permit.",0.649,Positive,1,1,1,1,1,1,0,1,-1,1,1,1,1,1,1,1,1,1,1,0,1
súgu’,NN,noun,"command, request.",0,Neutral,0,1,0,0,1,1,0,0,0,0,0,0,0,0,0,0,0,0,0,0,0
súgu’,VB,verb,"to request, to command, to decree.",0,Neutral,0,1,0,0,0,0,0,0,0,0,0,0,0,0,0,-1,0,0,0,0,0
súgyut,VB,verb,"to urge on, to induce, to provoke.",-0.402,Negative,-1,-1,-1,-1,0,0,-1,-1,0,-1,-1,-1,0,-1,-1,-1,-1,-1,-1,-1,-1
súhul,NN,noun,"salary, pay.",-0.103,Negative,-1,0,-1,-1,-1,-1,0,0,-1,-1,-1,-1,-1,-1,-1,-1,1,-1,-1,-1,-1
súhul,VB,verb,"to pay wages, to give salary to.",-0.103,Negative,-1,0,-1,-1,-1,-1,-1,-1,-1,-1,-1,-1,-1,-1,-1,-1,-1,-1,-1,-1,-1
súhut,VB,verb,"to creep through, to go under, to crawl through a narrow passage.",0,Neutral,0,0,0,0,-1,-1,0,0,0,0,0,0,0,-1,0,0,0,0,-1,1,0
súhut,NN,noun,bribe.,-0.202,Negative,-1,-1,-1,-1,0,0,1,-1,-1,-1,-1,0,-1,-1,-1,-1,0,-1,-1,-1,-1
súka,NN,noun,"spew, vomit.",0,Neutral,0,0,0,0,-1,-1,0,0,0,0,0,0,0,0,0,0,0,-1,0,0,0
súka,VB,verb,"to vomit, to throw up.",0,Neutral,0,0,0,0,1,0,0,0,0,0,0,0,0,0,0,0,0,0,0,0,0
súkat,NN,noun,measurement.,0,Neutral,0,0,0,0,0,0,-1,0,0,0,0,0,0,-1,-1,0,0,0,0,0,0
súkat,VB,verb,to measure.,0,Neutral,0,0,0,0,0,0,0,0,0,0,0,1,-1,0,0,0,0,0,1,0,0
súka’,NN,noun,vinegar.,0,Neutral,0,0,0,0,0,0,0,0,1,0,0,0,0,0,0,0,1,0,0,0,0
súki’,NN,noun,"favorite customer, favorite salesman.",0.718,Positive,1,1,1,1,0,0,1,1,-1,0,1,1,0,1,1,1,1,1,1,1,1
súksuk,NN,noun,"apparel, dress, house lizard.",0,Neutral,0,0,0,0,1,-1,0,0,0,0,0,0,0,1,0,0,0,0,1,0,0
súksuk,VB,verb,"to wear a garment, to put on, to don.",0,Neutral,0,0,0,0,1,0,0,0,0,0,0,0,0,0,0,0,0,0,0,0,0
sukúb,VB,verb,to measure the quantity of.,0,Neutral,0,0,0,0,0,0,0,0,-1,0,0,0,1,0,0,0,0,0,0,0,0
sukút,NN,noun,"payment, price, collection.",0,Neutral,0,0,0,0,0,0,0,0,0,0,0,0,-1,0,0,0,0,0,0,0,1
sukút,VB,verb,"to collect, to ask for payment.",0,Neutral,0,0,0,0,0,0,1,0,0,0,0,0,0,0,1,0,-1,0,0,0,0
súk’ay,VB,verb,"to dig up earth, to turn up earth with a hand tool.",0.494,Positive,1,0,1,1,0,0,1,1,1,1,1,1,1,1,1,1,1,1,1,1,1
súlab,NN,noun,blade.,0,Neutral,0,0,0,0,1,1,0,0,1,0,0,0,1,0,0,0,0,0,-1,0,0
sulábi,VB,verb,"to pet, to discriminate, to prefer, to distinguish.",0,Neutral,0,0,0,0,0,0,-1,0,0,-1,0,0,0,1,0,0,0,0,0,0,0
sulát,NN,noun,"handwriting, letter.",0,Neutral,0,0,0,0,1,0,1,0,0,0,0,0,0,0,0,0,-1,0,1,0,0
sulát,VB,verb,to write.,0,Neutral,0,0,0,0,0,0,0,0,0,0,0,0,1,0,-1,-1,0,-1,0,0,0
suláy,VB,verb,"to tempt, to induce, to do otherwise.",0,Neutral,0,0,0,0,0,1,0,1,1,0,0,0,0,-1,0,0,0,0,0,0,0
súlda,VB,verb,to weld together.,0,Neutral,0,0,0,0,0,0,0,0,0,0,0,0,0,0,0,0,0,0,0,0,1
súlhay,JJ,adjective,"comfortable, at ease.",0.7,Positive,1,1,1,1,0,1,1,1,1,1,1,1,1,1,1,1,1,1,-1,1,1
súlhay,NN,noun,"comfort, ease.",0.612,Positive,1,1,1,1,1,1,1,1,1,1,1,1,1,-1,1,-1,-1,1,1,1,1
súlhay,VB,verb,"to become easy, to live in comfort.",0.66,Positive,1,1,1,1,1,1,1,1,1,1,0,1,1,1,1,1,1,1,1,1,1
súlip,VB,verb,"to pass under the house, to dive.",0,Neutral,0,0,0,0,1,1,0,0,0,0,0,0,1,0,0,-1,0,0,0,0,0
súlit,VB,verb,"to test, to repeat, to do again.",0,Neutral,0,0,0,0,0,0,0,0,0,0,-1,0,1,0,0,0,0,0,0,0,0
sulí’,VB,verb,to turn upside down.,0,Neutral,0,0,0,0,0,0,0,0,0,0,1,0,0,0,0,0,0,0,0,-1,0
sulod,NN,noun,alternative form of sulud,0,Neutral,0,0,0,0,0,0,0,-1,0,0,0,0,0,-1,0,0,0,0,0,0,0
sulog,NN,noun,rooster,0,Neutral,0,0,0,0,0,0,0,-1,0,0,0,0,0,0,0,-1,0,0,0,0,0
súlsul,VB,verb,"to press on, to insist.",0,Neutral,0,0,0,0,0,1,0,0,0,0,0,0,0,-1,0,-1,0,0,0,0,0
súlu,RB,adverb,"alone, solely.",-0.25,Negative,-1,0,-1,-1,1,-1,-1,-1,-1,-1,-1,-1,0,-1,-1,-1,-1,-1,-1,-1,-1
sulúd,NN,noun,"inside, room.",0,Neutral,0,0,0,0,-1,-1,0,-1,0,0,0,-1,0,0,0,0,0,0,0,0,0
sulúd,VB,verb,"to enter, to go inside, to put inside.",0,Neutral,0,0,0,0,-1,0,0,0,0,0,0,0,0,0,0,0,0,0,0,0,0
súluk,NN,noun,corner.,0,Neutral,0,0,0,0,0,0,0,0,0,0,0,0,0,0,0,0,0,-1,0,-1,0
súlung,VB,verb,"to inspect, to raid.",0,Neutral,0,0,0,0,0,0,0,0,0,0,1,1,0,0,0,0,0,0,0,0,-1
sulusakayán,NN,noun,"toy boat, paper boat.",0,Neutral,0,0,0,0,0,1,0,0,0,0,0,-1,0,1,0,0,0,-1,0,0,0
sulú’,NN,noun,torch.,0,Neutral,0,0,0,0,0,0,-1,0,0,0,0,0,0,0,1,0,0,1,0,0,0
súl’ub,VB,verb,"to dress, to put on a dress, to wear a garment.",0,Neutral,0,0,0,0,0,0,0,0,0,0,0,0,0,0,-1,0,0,0,0,0,0
súma,NN,noun,"sum, addition.",0,Neutral,0,0,0,0,0,0,0,0,-1,0,0,-1,0,0,0,0,0,0,0,0,0
súma,VB,verb,to add up.,0,Neutral,0,0,0,0,0,0,0,0,0,0,0,0,0,0,0,1,0,0,0,0,0
sumalayhaw,NN,noun,cockerel ; young cock,-0.153,Negative,-1,-1,-1,-1,0,0,-1,-1,-1,-1,-1,-1,-1,-1,-1,-1,1,-1,-1,-1,-1
súman,NN,noun,sticky cooked rice wrapped in banana leaf.,0,Neutral,0,0,0,0,-1,-1,0,0,0,0,0,0,0,0,0,1,0,0,-1,0,0
súmbag,VB,verb,"to box, to hit with the fist.",0,Neutral,0,0,0,0,0,0,0,0,1,-1,1,0,-1,0,0,0,1,0,0,0,0
súmbung,VB,verb,"to denounce, to accuse, to report.",-0.494,Negative,-1,-1,-1,-1,1,0,-1,1,-1,-1,-1,-1,-1,-1,-1,-1,-1,-1,-1,-1,-1
súmpa’,NN,noun,"oath, sworn statement, vow.",0,Neutral,0,0,0,0,-1,1,-1,0,0,0,0,0,0,0,0,0,0,0,0,0,0
súmpa’,VB,verb,"to take an oath, to swear, to make a big promise.",0.273,Positive,1,1,1,1,0,0,1,1,1,1,1,1,1,0,1,-1,1,1,1,1,-1
súmpung,VB,verb,"to oppose, to resist, to fight, to have an argument with.",-0.625,Negative,-1,-1,-1,-1,1,1,1,-1,1,-1,-1,-1,-1,-1,-1,-1,-1,-1,-1,-1,-1
súm’ud,VB,verb,"to loathe, to have more than enough so as to feel boredom, to cloy.",-0.67,Negative,-1,-1,-1,-1,-1,-1,-1,-1,-1,-1,-1,-1,1,-1,-1,1,1,-1,1,-1,-1
sun-adan,NN,noun,fireplace,0,Neutral,0,0,0,0,-1,1,1,0,1,1,0,1,0,0,-1,0,0,0,-1,0,0
sundang,NN,noun,a type of bolo knife,0,Neutral,0,0,0,0,0,0,0,0,0,1,0,-1,0,1,0,0,0,0,0,0,0
sundáyag,VB,verb,"to publish, to display, to explain.",0,Neutral,0,0,0,0,0,0,0,0,0,0,-1,0,-1,-1,0,0,0,1,0,0,-1
sungay,NN,noun,horn,0,Neutral,0,0,0,0,0,0,0,0,0,0,0,0,-1,0,0,0,0,0,0,0,0
súngay,NN,noun,horn.,0,Neutral,0,0,0,0,0,0,0,-1,0,0,1,-1,0,0,0,0,0,0,-1,-1,0
súngay,VB,verb,"to gore, to pierce with a horn.",0,Neutral,0,0,0,0,0,0,0,0,0,-1,0,0,0,0,0,0,0,1,0,0,0
súnggud,VB,verb,"to sulk, to resent, to be disappointed so as to sulk.",-0.586,Negative,-1,-1,-1,-1,0,0,-1,-1,-1,1,-1,-1,-1,-1,-1,-1,-1,-1,-1,-1,-1
súnggu’,VB,verb,"to bump into, to crash against, to knock hard against something.",-0.477,Negative,-1,0,-1,-1,-1,-1,-1,-1,-1,-1,-1,1,-1,-1,-1,1,-1,-1,-1,-1,-1
súngka’,NN,noun,"filipino game of stones, appeal.",0,Neutral,0,0,0,0,-1,1,0,-1,0,0,0,1,0,0,0,0,0,0,0,0,0
súngka’,VB,verb,to appeal a case in the upper court.,0,Neutral,0,0,0,0,0,0,0,0,0,0,0,0,0,0,0,0,-1,0,0,0,0
súngsung,NN,noun,"stopper, cork.",0,Neutral,0,0,0,0,0,-1,0,0,0,0,0,0,0,0,1,0,0,0,0,0,0
súngsung,VB,verb,to close an opening with a stopper or a cork.,0,Neutral,0,0,0,0,0,0,-1,1,0,0,0,0,0,0,0,0,0,0,0,0,0
súngu,NN,noun,antennae of insects.,0,Neutral,0,0,0,0,0,0,0,0,0,0,0,0,0,0,0,0,0,0,0,0,0
sunlog,NN,noun,tease,-0.318,Negative,-1,-1,-1,-1,0,0,-1,-1,-1,-1,-1,-1,-1,1,1,-1,-1,-1,0,-1,-1
súnlug,NN,noun,"teasing, joke.",0.226,Positive,1,1,1,1,-1,-1,1,1,1,1,1,-1,-1,1,1,1,0,1,1,1,1
súnlug,VB,verb,to tease.,-0.318,Negative,-1,-1,-1,-1,1,1,-1,1,-1,-1,0,-1,1,-1,-1,0,-1,1,-1,-1,-1
súnsun,JJ,adjective,"frequent, often.",0,Neutral,0,0,0,0,0,-1,0,0,0,0,0,0,0,0,0,0,0,0,0,0,1
súntuk,VB,verb,"to pierce, to thrust, to go through.",0,Neutral,0,0,0,0,0,0,0,0,0,0,0,0,0,0,0,0,0,0,0,0,1
sunúd,RB,adverb,next.,0,Neutral,0,0,0,0,0,0,0,0,0,1,0,0,0,0,0,0,0,0,0,0,-1
sunúd,VB,verb,"to go after, to follow, to tag along.",0,Neutral,0,0,0,0,-1,0,0,0,0,0,-1,0,0,-1,0,0,0,0,0,1,0
sunúd,NN,noun,"rules, laws, guidelines; /-lu-…-un/ leader, example, model, rules.",0,Neutral,0,0,0,0,0,-1,0,0,0,0,0,0,0,0,0,0,-1,0,0,0,0
sunúdsunúd,RB,adverb,one after another.,0,Neutral,0,0,0,0,-1,0,0,0,-1,0,0,0,0,0,0,1,0,0,0,0,0
sunúdsunúd,VB,verb,"to tail, to tag along, to keep on following after.",0,Neutral,0,0,0,0,0,-1,0,0,0,0,-1,0,0,0,0,0,0,0,0,0,0
súnug,NN,noun,"fire, dest ctive burning.",-0.34,Negative,-1,0,-1,-1,1,0,-1,-1,-1,-1,-1,1,-1,-1,-1,-1,-1,-1,-1,-1,-1
súnug,VB,verb,"to set fire to, to burn, to raze.",-0.34,Negative,-1,0,-1,-1,1,0,1,-1,-1,-1,-1,0,-1,-1,-1,1,-1,-1,-1,-1,-1
sunú’,CC,conjunction,according to.,0,Neutral,0,0,0,0,-1,-1,0,0,0,1,0,0,0,0,0,0,0,-1,0,0,0
súpas,NN,noun,soup.,0,Neutral,0,0,0,0,0,0,0,0,0,0,0,0,0,0,0,0,0,0,0,0,0
superbisór,NN,noun,supervisor.,0,Neutral,0,0,0,0,0,1,0,0,0,0,0,0,0,-1,0,1,0,0,0,1,0
supládu,JJ,adjective,"stubborn, over-bearing.",-0.402,Negative,-1,0,-1,-1,1,-1,-1,0,-1,-1,-1,-1,-1,-1,-1,0,0,-1,-1,-1,-1
súpsup,VB,verb,"to sip in, to suck, to absorb.",-0.44,Negative,-1,0,-1,-1,-1,-1,-1,-1,-1,-1,-1,-1,-1,-1,-1,-1,0,0,-1,1,-1
supúg,JJ,adjective,"rabid, contagious, furious.",-0.727,Negative,-1,-1,-1,-1,0,-1,-1,-1,-1,-1,-1,-1,-1,0,-1,0,-1,0,-1,-1,-1
supúk,VB,verb,"to contradict, to oppose, to fight someone smaller in size or younger in age.",-0.599,Negative,-1,-1,-1,-1,1,-1,-1,-1,-1,-1,-1,-1,-1,-1,1,-1,-1,-1,-1,-1,1
supút,VB,verb,"to gather or collect in small amounts, to be against someone smaller in size.",0,Neutral,0,0,0,0,-1,1,0,0,1,0,0,0,0,1,0,-1,0,-1,0,0,0
súput,NN,noun,paper sack or bag.,0,Neutral,0,0,0,0,0,0,0,0,0,0,0,0,0,-1,-1,-1,0,0,0,0,0
súrsi,NN,noun,"darning, patch.",0,Neutral,0,0,0,0,0,0,1,0,1,0,0,0,0,0,0,0,0,0,-1,0,0
súrsi,VB,verb,"to darn, to patch.",0,Neutral,0,0,0,0,1,0,1,-1,0,0,0,0,0,0,-1,0,0,0,-1,0,0
sús,UH,interjection,"oh, my goodness, wow.",0.778,Positive,1,1,1,1,0,0,1,-1,1,1,1,1,1,1,1,1,1,1,1,-1,1
súsi’,VB,verb,"to investigate, to look into, to try to discover, to research.",0,Neutral,0,0,0,0,1,1,0,0,0,0,0,0,0,0,0,0,0,0,0,0,0
suspendér,VB,verb,"to suspend, to reprieve.",-0.318,Negative,-1,-1,-1,-1,-1,0,-1,1,-1,-1,-1,-1,-1,1,-1,-1,-1,-1,-1,-1,-1
susténto,NN,noun,"sustenance, maintenance.",0,Neutral,0,0,0,0,-1,-1,0,0,0,0,1,0,0,0,0,0,-1,0,-1,0,-1
súsu,NN,noun,"mammary gland, breast.",0,Neutral,0,0,0,0,0,1,0,0,0,0,0,0,0,0,0,0,0,0,0,0,0
súsu,VB,verb,to nurse from the breast or bottle.,0,Neutral,0,0,0,0,0,0,0,0,1,0,0,0,0,0,0,0,0,0,1,0,-1
sutíl,JJ,adjective,"naughty, mischievous.",0,Neutral,0,-1,0,0,0,0,0,0,1,0,0,0,1,0,0,0,0,0,-1,0,0
sútsut,VB,verb,"to prod from below with a very little force, to make a hissing sound to call attention.",0,Neutral,0,0,0,0,-1,0,0,0,0,0,0,0,0,0,0,0,0,0,0,0,0
suyak,NN,noun,thorn,0,Neutral,0,0,0,0,0,0,0,0,0,1,0,0,0,0,0,-1,1,0,0,0,0
súyup,VB,verb,"to absorb, to suck in, to breathe in.",-0.44,Negative,-1,0,-1,-1,0,0,-1,-1,-1,-1,1,-1,-1,-1,-1,1,-1,-1,0,-1,-1
sú’ay,VB,verb,"to debate, to dispute, to disobey.",-0.402,Negative,-1,-1,-1,-1,-1,-1,-1,-1,-1,-1,-1,1,-1,0,-1,-1,-1,-1,-1,-1,-1
sú’ay,JJ,adjective,"disobedient, hostile.",-0.382,Negative,-1,-1,-1,-1,-1,0,-1,-1,-1,-1,-1,-1,-1,0,0,-1,-1,1,0,-1,-1
swélas,NN,noun,"of shoes, sole.",0,Neutral,0,0,0,0,-1,-1,0,0,0,0,0,1,0,0,0,0,-1,0,-1,0,0
swéldo,NN,noun,"salary, pay, wage.",-0.103,Negative,-1,0,-1,-1,0,0,1,-1,-1,-1,-1,-1,-1,-1,-1,-1,0,-1,-1,-1,-1
swéldo,VB,verb,"to pay wages, to receive a salary.",-0.103,Negative,-1,1,-1,-1,-1,-1,-1,-1,-1,-1,-1,-1,-1,1,-1,-1,-1,-1,1,1,-1
swérte,NN,noun,"luck, fate.",0.459,Positive,1,1,1,1,-1,-1,0,-1,1,0,1,-1,1,1,1,1,1,1,1,1,1
swérte,JJ,adjective,lucky.,0.421,Positive,1,1,1,1,1,1,0,1,0,1,-1,1,1,1,1,1,1,1,1,1,1
syá,PRP,pronoun,"he, she, it (third person singular nominal pronoun).",0,Neutral,0,0,0,0,-1,1,-1,0,0,-1,0,0,0,0,0,0,0,0,0,-1,1
syápa,NN,noun,badge.,0,Neutral,0,0,0,0,0,1,0,0,0,0,0,0,0,0,0,0,0,0,0,0,0
syén,CD,numeral,hundred.,0,Neutral,0,0,0,0,0,1,0,0,1,0,-1,0,0,0,0,0,-1,0,0,0,0
syénsya,NN,noun,science.,0,Neutral,0,0,0,0,0,0,0,0,0,0,0,0,0,0,0,0,0,0,0,0,0
syérto,RB,adverb,"certainly, surely.",0.649,Positive,1,0,1,1,0,0,-1,1,1,1,1,1,1,1,1,1,1,1,1,1,-1
syéte,CD,numeral,seven.,0,Neutral,0,0,0,0,1,1,0,-1,-1,0,0,0,0,0,0,0,0,0,0,0,0
syudád,NN,noun,"city, metropolis.",0,Neutral,0,0,0,0,0,0,0,1,0,0,0,0,-1,0,0,0,0,1,0,0,0
ta,PRP,pronoun,short form of nátun.,0,Neutral,0,0,0,0,0,-1,0,0,0,1,0,1,0,0,0,0,1,0,0,0,0
taas,NN,noun,height,0,Neutral,0,0,0,0,1,0,0,0,0,0,1,1,0,1,0,0,0,1,0,0,0
tabáku’,NN,noun,"tobacco, cigar.",0,Neutral,0,0,0,0,0,0,0,0,0,0,0,0,0,0,-1,0,0,0,0,0,0
tabáku’,VB,verb,"to smake a cigar, to chew tobacco.",0,Neutral,0,0,0,0,0,1,0,0,0,0,0,0,-1,0,0,0,0,1,0,0,0
tában,NN,noun,"to run away with, to take away, to elope.",0,Neutral,0,0,0,0,0,0,1,0,0,0,-1,0,0,0,0,1,0,0,0,0,1
tábang,NN,noun,"help, aid, succor.",0.402,Positive,1,0,1,1,0,0,1,1,0,1,0,1,1,1,1,1,1,1,1,1,1
tábang,VB,verb,"to assist, to help.",0.402,Positive,1,0,1,1,1,1,1,1,1,1,1,0,1,1,1,1,1,1,1,1,1
tábas,VB,verb,"to sew, to cut cloth.",-0.273,Negative,-1,0,-1,-1,1,1,-1,-1,-1,-1,1,-1,-1,-1,-1,-1,-1,-1,-1,-1,-1
tába’,VB,verb,to buy land or fields.,0,Neutral,0,0,0,0,1,-1,0,0,0,0,0,0,0,0,-1,0,0,0,0,-1,0
tabíd,VB,verb,"to link together with a rope or string, to attach to.",0,Neutral,0,0,0,0,0,-1,0,0,0,0,0,0,-1,-1,0,-1,0,0,1,0,0
tabínas,NN,noun,embarrassment.,-0.44,Negative,-1,0,-1,-1,0,1,-1,-1,-1,1,-1,-1,-1,-1,-1,-1,-1,-1,-1,-1,-1
tabís,NN,noun,"penalty, fine.",-0.296,Negative,-1,-1,-1,-1,-1,-1,-1,-1,-1,0,-1,-1,-1,-1,-1,-1,-1,-1,-1,-1,-1
tablétas,NN,noun,"medicine tablet, pill.",0,Neutral,0,0,0,0,-1,-1,0,0,0,0,0,0,0,0,0,0,0,1,0,0,0
tábug,VB,verb,"to drive away, using arm gestures.",0,Neutral,0,0,0,0,0,0,0,0,1,0,1,0,0,0,0,0,0,0,0,0,0
tabúk,VB,verb,"to go across, to cross over.",0,Neutral,0,0,0,0,0,0,0,1,0,0,1,0,0,0,0,0,0,0,0,-1,0
tabún,NN,noun,cover.,0,Neutral,0,0,0,0,0,1,0,0,0,0,0,1,0,0,0,0,0,0,0,0,0
tabún,VB,verb,to cover with something.,0,Neutral,0,0,0,0,0,0,0,1,0,0,0,0,0,0,0,1,0,0,0,0,0
tabú’,NN,noun,"dipper, can used to scoop out water;  case, event, happening.",0.153,Positive,1,0,1,1,0,1,1,1,1,1,1,1,1,1,1,-1,1,1,1,1,1
tabú’,VB,verb,"to happen, to occur, to come to pass.",0,Neutral,0,0,0,0,1,1,0,0,0,0,0,0,0,-1,0,0,0,0,0,0,0
tábu’,VB,verb,"to come together, to meet purposely, to fetch from an airport or pier.",0,Neutral,0,0,0,0,1,0,0,-1,0,0,0,0,0,0,-1,-1,0,0,0,0,0
táb’ang,JJ,adjective,"tasteless, of liquid consistency, light, mild.",0,Neutral,0,-1,0,0,0,0,0,0,0,0,0,0,0,0,1,0,1,0,0,0,0
tádlung,JJ,adjective,straight.,0.226,Positive,1,0,1,1,0,0,1,1,1,1,1,1,1,1,1,1,1,1,1,-1,-1
tádlung,VB,verb,to straighten.,0,Neutral,0,0,0,0,0,1,0,0,1,0,0,0,0,0,0,0,0,0,0,0,0
tádtad,VB,verb,"to chop, to mutilate.",0,Neutral,0,0,0,0,0,0,0,0,0,-1,0,0,0,1,0,0,0,0,0,0,0
tádyaw,NN,noun,native clay jar designed to hold water.,0,Neutral,0,0,0,0,0,0,-1,0,0,1,0,0,0,0,1,0,0,0,0,0,0
tag,NN,noun formative,noun formative affix designating type of work done by a person.,0,Neutral,0,0,0,0,0,0,0,0,0,0,0,0,1,0,0,0,0,0,0,1,0
tag,RP,particle,adverbial formative affix designating quantity or value.,0.34,Positive,1,0,1,1,0,0,1,1,1,0,1,1,1,0,1,1,0,-1,1,1,1
tagá,VB,verb,"to be from, to come from, to originate from.",0,Neutral,0,0,0,0,-1,1,0,0,0,0,0,0,1,0,0,0,0,0,0,0,0
tagálog,NN,noun,"language spoken principally in the greater manila area, and in bata’an, bulacan, occidental mindoro, oriental mindoro, quezon and rizal provinces.",0.361,Positive,1,0,1,1,0,0,1,1,1,1,1,1,1,1,1,1,1,1,1,1,1
tagám,VB,verb,"to beware, to be careful of, to take the risk.",-0.128,Negative,-1,0,-1,-1,1,1,-1,-1,-1,-1,-1,-1,-1,-1,-1,-1,-1,-1,-1,-1,-1
tagám,NN,noun,"danger, risk.",-0.67,Negative,-1,0,-1,-1,-1,-1,-1,-1,1,-1,-1,-1,-1,-1,-1,-1,-1,-1,-1,-1,-1
tagasák,VB,verb,"to make a slapping sound, to resound, to make a dripping sound like the rain.",0.361,Positive,1,0,1,1,-1,0,0,1,1,1,1,1,1,1,1,-1,1,-1,1,1,1
tágay,VB,verb,"to put out, to offer.",0,Neutral,0,0,0,0,1,1,0,0,0,0,0,0,0,0,0,0,0,0,0,0,0
tagbaláy,NN,noun,"owner of the house, host, or hostess.",0,Neutral,0,0,0,0,0,0,0,0,0,0,0,0,0,0,0,0,0,0,0,0,0
tágbang,VB,verb,to cast overboard.,0,Neutral,0,0,0,0,0,0,0,0,0,0,0,0,0,0,0,0,0,1,0,0,0
tághul,NN,noun,"howl, dog bark.",0,Neutral,0,0,0,0,0,0,0,0,0,0,0,0,0,0,0,0,-1,0,0,0,0
tághul,VB,verb,"to howl, to bark like a dog.",0.361,Positive,1,0,1,1,0,0,1,1,1,1,1,1,1,-1,1,1,1,1,1,1,0
tághuy,VB,verb,"to wail, to sigh.",0.026,Neutral,0,0,1,0,1,1,0,0,0,0,0,0,0,-1,0,0,0,0,0,0,1
tagiposoon,NN,noun,heart synonym: kasingkasing,0.637,Positive,1,0,1,1,0,0,1,-1,0,1,1,1,1,1,1,1,1,-1,1,1,0
tagíptip,NN,noun,mildew.,0,Neutral,0,0,0,0,1,-1,0,0,0,0,0,0,0,0,0,1,0,0,-1,0,0
tagipusoon,NN,noun,alternative form of tagiposoon,0,Neutral,0,0,0,0,0,0,0,0,0,0,0,0,0,0,1,0,0,0,0,0,1
tagipusuon,NN,noun,alternative form of tagiposoon,0,Neutral,0,0,0,0,0,-1,0,0,0,0,0,1,-1,0,0,0,0,0,0,0,0
tagna,NN,noun,foretell ; forecast,0,Neutral,0,0,0,0,1,-1,0,0,0,0,0,1,0,0,0,1,0,1,0,1,0
tágna’,NN,noun,"guess, prediction, prophecy, forecast.",0,Neutral,0,0,0,0,0,0,1,0,-1,0,0,0,0,0,0,0,0,0,-1,1,0
tágna’,VB,verb,"to foretell, to predict, to guess.",0,Neutral,0,0,0,0,0,1,0,0,0,0,0,0,1,0,0,0,0,0,0,0,0
tagpilá,RB,adverb,how much.,0,Neutral,0,0,0,0,1,0,0,0,0,0,0,0,0,0,-1,0,0,1,0,0,0
tágring,NN,noun,"resonance, ringing sound as of a telephone.",0,Neutral,0,0,0,0,0,0,0,0,0,0,0,0,1,0,1,1,1,0,0,0,0
tágring,VB,verb,"to ring, to resound.",0,Neutral,0,0,0,0,0,0,0,0,0,0,0,0,0,0,-1,0,1,0,0,0,0
tágsa,RB,adverb,"each, each one, per person.",0,Neutral,0,0,0,0,0,0,0,-1,0,0,0,1,0,0,0,0,0,0,0,0,-1
tágsatágsa,NN,noun,"everyone, each one, one by one.",0,Neutral,0,0,0,0,0,0,0,0,0,0,0,-1,1,0,0,0,0,0,0,1,0
tágsing,JJ,adjective,"oxytone, sonorous.",0,Neutral,0,0,0,0,0,0,0,0,0,0,0,0,0,0,0,0,0,0,1,0,0
tágtag,VB,verb,"to distribute, to apportion.",0,Neutral,0,0,0,0,0,0,0,0,0,0,0,0,0,-1,-1,0,1,0,-1,0,-1
tagúb,NN,noun,"sheath, scabbard.",0,Neutral,0,0,0,0,0,0,1,0,0,0,0,0,0,0,0,0,0,0,0,0,0
tagudíli’,VB,verb,"to condemn, to damn.",-0.649,Negative,-1,-1,-1,-1,0,0,-1,1,-1,-1,0,-1,-1,-1,-1,1,-1,-1,-1,0,-1
tagúm,JJ,adjective,blue.,0,Neutral,0,0,0,0,-1,-1,0,0,0,0,0,0,0,0,1,0,0,1,-1,-1,0
tágu’,VB,verb,"to hide, to store away, to conceal.",-0.178,Negative,-1,-1,-1,-1,-1,0,-1,1,-1,0,-1,-1,-1,-1,-1,1,-1,-1,-1,-1,-1
tag’íya,NN,noun,"owner, possessor.",0,Neutral,0,0,0,0,-1,-1,0,0,0,0,0,0,-1,1,0,0,0,0,0,0,0
tahál,VB,verb,to sharpen a pencil.,0,Neutral,0,0,0,0,0,0,0,0,0,0,-1,0,0,0,0,0,-1,0,0,0,0
táhaw,VB,verb,"to become mild, to lose alcohol content, to be flat.",-0.402,Negative,-1,-1,-1,-1,0,0,-1,1,-1,-1,-1,-1,-1,-1,-1,-1,1,-1,-1,1,-1
tahí’,NN,noun,"sewing, stitch.",0,Neutral,0,0,0,0,-1,-1,0,0,-1,1,0,0,-1,0,0,-1,0,0,0,0,0
tahí’,VB,verb,to sew.,0,Neutral,0,0,0,0,0,-1,0,0,0,0,0,0,0,0,0,-1,0,0,0,0,-1
táhud,NN,noun,"respect, honor, courtesy.",0.832,Positive,1,1,1,1,0,0,1,1,1,1,1,1,1,1,1,1,1,0,1,1,1
táhud,VB,verb,to show respect or courtesy.,0.681,Positive,1,1,1,1,0,0,1,1,1,1,1,1,1,1,0,-1,1,1,1,-1,1
tahum,NN,noun,"beauty , prettiness , attractiveness",0.765,Positive,1,1,1,1,1,1,1,1,1,1,1,-1,1,1,1,1,1,1,1,1,1
tahum,JJ,adjective,"beautiful , pretty , attractive , gorgeous , lovely",0.957,Positive,1,1,1,1,1,1,1,1,1,1,1,-1,1,-1,1,1,1,1,1,1,1
tahúm,JJ,adjective,"beautiful, pretty.",0.796,Positive,1,1,1,1,-1,1,1,1,1,1,1,1,1,1,1,1,1,1,1,1,1
tahúm,NN,noun,"beauty, effulgence.",0.586,Positive,1,1,1,1,1,1,-1,1,0,1,1,1,1,1,1,1,-1,1,-1,1,1
tákam,VB,verb,to munch or chew noisily.,0,Neutral,0,0,0,0,-1,0,-1,1,0,0,0,0,0,0,0,0,0,0,0,0,0
tákas,NN,noun,"land, dry land.",0,Neutral,0,0,0,0,0,1,0,1,0,0,0,0,0,0,0,0,-1,0,0,0,0
tákas,VB,verb,"to disembark, to go ashore, to go out of the water.",0,Neutral,0,0,0,0,0,0,0,-1,0,0,0,0,0,0,0,0,0,0,0,0,0
tákdung,VB,verb,to cover the head.,0,Neutral,0,0,0,0,-1,0,0,0,0,0,0,0,0,0,-1,0,0,0,0,0,0
táklad,VB,verb,"to ascend, to climb over an obstacle.",-0.361,Negative,-1,-1,-1,-1,0,0,-1,-1,-1,-1,-1,-1,0,0,0,-1,1,1,1,-1,-1
táklap,VB,verb,"to cover, to put or lay upon.",0,Neutral,0,0,0,0,-1,1,0,0,0,0,0,0,0,0,0,0,0,0,0,0,0
táklas,VB,verb,"to climb up a steep or uncleared path, to climb over an obstacle.",-0.361,Negative,-1,-1,-1,-1,0,0,0,-1,-1,-1,-1,-1,-1,-1,-1,-1,-1,-1,-1,1,-1
táklung,NN,noun,snail.,0,Neutral,0,0,0,0,-1,1,0,0,0,0,0,0,0,0,0,0,0,0,0,0,0
táklus,VB,verb,to hang an object around the hip or waist with a belt.,0,Neutral,0,0,0,0,0,0,1,0,-1,0,0,0,0,0,0,0,0,0,0,1,0
tákna’,NN,noun,"hour, moment.",0,Neutral,0,0,0,0,-1,0,-1,1,0,0,0,0,0,-1,0,0,0,0,-1,0,0
táktak,VB,verb,"of petals or leaves, to fall one by one.",0,Neutral,0,0,0,0,0,0,0,1,0,0,0,0,0,0,0,-1,0,0,1,0,0
takúd,VB,verb,"to put on, to connect, as of electric wire, to install.",0,Neutral,0,0,0,0,0,0,0,0,0,0,0,0,0,0,0,1,1,0,1,0,0
takúp,NN,noun,"cover, stopper.",0,Neutral,0,0,0,0,0,0,0,0,-1,0,0,0,0,0,0,0,0,-1,0,0,0
takúp,VB,verb,"to cover, to put a cover on.",0,Neutral,0,0,0,0,0,-1,-1,0,0,0,0,0,0,0,0,0,0,0,0,0,0
takuri,NN,noun,kettle,0,Neutral,0,0,0,0,0,1,0,0,0,1,0,0,0,0,0,0,-1,0,0,0,0
takús,NN,noun,"fit, measure, dimension.",0.361,Positive,1,1,1,1,0,0,1,1,1,1,1,1,-1,1,1,1,1,-1,1,1,1
tak’an,VB,verb,"to get disgusted with, to get bored, to become weary, to get tired of.",-0.859,Negative,-1,-1,-1,-1,1,1,-1,-1,-1,1,-1,-1,-1,-1,-1,-1,-1,-1,-1,1,1
talágsa,RB,adverb,"rarely, scarcely, seldom.",0,Neutral,0,0,0,0,-1,-1,0,0,0,0,0,0,0,0,0,0,0,0,0,0,0
talámnan,NN,noun,"field, garden.",0,Neutral,0,0,0,0,-1,0,0,0,0,0,0,0,0,0,1,0,0,0,0,0,-1
tálang,VB,verb,"to miss the way, to lose one’s way.",-0.511,Negative,-1,-1,-1,-1,0,0,-1,-1,-1,-1,-1,-1,0,-1,-1,-1,0,-1,-1,-1,-1
talástas,NN,noun,"edict, proclamation.",0,Neutral,0,0,0,0,-1,-1,1,0,0,0,-1,0,0,0,-1,1,0,0,0,1,0
talástas,VB,verb,"to know, to understand, to proclaim.",0,Neutral,0,0,0,0,1,0,0,0,0,1,0,0,0,0,0,-1,0,0,0,0,0
tálaw,JJ,adjective,"chicken-hearted, coward.",-0.459,Negative,-1,-1,-1,-1,0,0,-1,-1,-1,-1,-1,-1,-1,-1,-1,-1,-1,-1,-1,-1,-1
talá’id,RB,adverb,"evenly distributed, evenly done.",0,Neutral,0,0,0,0,-1,0,0,1,0,0,0,0,0,1,0,0,0,0,0,0,0
talikúd,VB,verb,"to turn one’s back upon, to abandon, to desert.",-0.44,Negative,-1,-1,-1,-1,0,-1,-1,-1,-1,1,-1,-1,-1,-1,1,0,-1,-1,-1,-1,-1
talimbabága,NN,noun,centipede.,0,Neutral,0,0,0,0,-1,1,1,0,0,0,0,0,0,0,0,0,0,0,0,0,0
talíthi’,NN,noun,"drizzle, shower.",0,Neutral,0,0,0,0,0,0,0,0,0,0,0,0,0,0,-1,0,0,0,0,0,0
talíwan,VB,verb,"to bypass, to catch up and then leave behind, to overtake.",-0.052,Negative,-1,-1,-1,-1,0,0,-1,-1,-1,-1,0,-1,0,-1,1,-1,0,1,-1,-1,-1
talong,NN,noun,eggplant ( us ) ; aubergine ( uk ),0,Neutral,0,0,0,0,-1,-1,1,0,0,0,0,0,0,0,0,0,-1,0,0,0,0
táltal,VB,verb,to loosen especially with a jackscrew or a hammer.,0,Neutral,0,0,0,0,0,-1,0,0,0,0,0,1,0,0,0,0,0,0,0,0,0
talúdtud,NN,noun,ridge.,0,Neutral,0,0,0,0,0,0,0,0,0,0,0,-1,0,0,0,0,0,0,0,0,0
talúm,JJ,adjective,sharp as of knives and blades.,0,Neutral,0,0,0,0,0,0,-1,0,0,0,1,0,0,1,0,1,0,0,0,0,0
talúm,NN,noun,sharpness.,0,Neutral,0,0,0,0,0,0,0,0,0,0,0,0,-1,-1,0,0,0,0,0,0,0
talúng,NN,noun,eggplant.,0,Neutral,0,0,0,0,1,0,0,0,0,0,0,0,0,1,0,0,0,0,0,0,0
talyér,NN,noun,repair shop for cars.,0,Neutral,0,0,0,0,0,0,-1,0,0,0,0,0,0,0,0,0,0,0,0,1,0
tál’as,VB,verb,to run away.,0,Neutral,0,0,0,0,0,0,0,0,0,1,0,1,-1,0,0,1,0,0,0,0,0
tál’us,VB,verb,"to take another’s place, to substitute for someone.",0,Neutral,0,0,0,0,0,0,0,0,0,0,0,-1,1,0,0,-1,0,1,-1,0,0
tamád,JJ,adjective,"idle, lazy, indolent.",-0.361,Negative,-1,-1,-1,-1,0,0,-1,-1,0,1,-1,-1,-1,1,-1,-1,-1,-1,-1,-1,-1
tamáwu,NN,noun,"dwarf, elf.",0,Neutral,0,0,0,0,-1,0,0,0,0,0,0,0,0,0,0,0,1,0,-1,0,0
tamáy,VB,verb,"to despise, to contempt.",-0.735,Negative,-1,-1,-1,-1,0,0,-1,-1,-1,-1,1,-1,-1,-1,-1,-1,-1,-1,-1,-1,-1
táma’,RB,adverb,"correct, well, extremely, excessively.",0.273,Positive,1,1,1,1,-1,-1,1,1,1,1,1,1,1,1,-1,1,-1,1,1,1,1
táma’,VB,verb,"to be correct, to fit into, to adjust well.",0.557,Positive,1,1,1,1,1,1,1,0,1,1,1,1,1,1,-1,-1,1,1,1,1,1
támbal,NN,noun,"medicine, cure, remedy;  doctor, quack doctor.",0,Neutral,0,0,0,0,1,1,0,0,0,1,0,0,0,0,0,0,0,0,0,0,0
támbal,VB,verb,"to cure, to remedy.",0,Neutral,0,0,0,0,0,0,1,0,0,0,0,0,0,0,0,0,0,0,0,0,0
tambalihán,NN,noun,chameleon.,0,Neutral,0,0,0,0,0,0,0,0,0,0,-1,0,0,0,0,0,1,0,0,0,1
támbi,VB,verb,"of sewing, to sew a small piece to a bigger piece of cloth, to have enough material.",0,Neutral,0,0,0,0,0,0,0,0,0,-1,0,1,0,0,0,-1,0,0,0,0,0
támbuk,NN,noun,"fatness, stoutness.",0,Neutral,0,0,0,0,0,-1,0,0,0,0,0,0,0,0,0,0,1,0,0,0,0
támbuk,JJ,adjective,"fat, stout, obese.",0.178,Positive,1,1,1,1,0,0,0,1,-1,1,-1,-1,1,1,1,1,1,1,1,1,1
támbung,VB,verb,"to attend, to be present.",0,Neutral,0,0,0,0,1,1,0,0,0,0,0,0,0,0,0,0,0,0,0,0,0
támbur,NN,noun,drum.,0,Neutral,0,0,0,0,0,0,0,0,0,0,0,0,0,-1,0,0,0,0,0,0,0
támbu’,NN,noun,bamboo shoot.,-0.34,Negative,-1,-1,-1,-1,0,1,-1,-1,-1,-1,-1,0,-1,-1,-1,-1,0,-1,1,-1,-1
tamíng,NN,noun,"armor, shield.",0,Neutral,0,0,0,0,1,-1,0,1,-1,0,0,0,0,0,0,0,0,0,0,0,0
támpad,JJ,adjective,"frank, candid.",0,Neutral,0,0,0,0,0,1,0,0,0,0,0,-1,0,0,0,0,-1,0,0,0,0
támpad,VB,verb,"to confront, to be frank, to divulge.",-0.178,Negative,-1,-1,-1,-1,0,0,-1,-1,-1,-1,-1,-1,-1,-1,-1,-1,-1,-1,0,-1,1
tampálas,VB,verb,to insult.,-0.511,Negative,-1,-1,-1,-1,-1,-1,-1,-1,-1,1,-1,-1,-1,-1,-1,-1,1,-1,0,0,0
tampálas,JJ,adjective,cruel.,-0.586,Negative,-1,-1,-1,-1,-1,-1,-1,-1,-1,0,-1,-1,1,-1,0,-1,0,0,0,0,-1
támpa’,NN,noun,slap on the face.,0.153,Positive,1,1,1,1,-1,-1,1,1,1,1,1,1,1,1,1,1,0,1,-1,0,1
támpa’,VB,verb,to slap on the face.,0.153,Positive,1,1,1,1,1,1,1,1,1,1,1,0,1,1,1,1,1,1,-1,1,-1
támpi,VB,verb,"to put on an apron, to put something over the dress so as to cover it.",0,Neutral,0,0,0,0,1,1,1,0,0,0,-1,0,-1,0,1,0,0,0,0,-1,0
tampis,NN,noun,"apron , skirt",0,Neutral,0,0,0,0,0,0,0,0,0,0,-1,1,0,0,0,0,0,-1,0,0,1
támpis,NN,noun,"apron, piece of cloth worn over the skirt for decoration.",-0.296,Negative,-1,-1,-1,-1,0,0,-1,-1,-1,-1,-1,0,-1,-1,-1,0,-1,-1,-1,-1,0
tampok,NN,noun,elite,0,Neutral,0,0,0,0,-1,-1,-1,1,0,0,0,0,-1,0,0,0,0,0,0,0,0
támpuk,VB,verb,"to fill up a hole, to cover a hole.",0,Neutral,0,0,0,0,0,0,0,0,0,0,0,0,0,0,0,0,0,0,0,0,0
tampulanga,NN,noun,( botany ) hibiscus,0,Neutral,0,0,0,0,1,0,0,0,0,0,-1,0,0,0,0,0,0,0,0,0,-1
tamúd,VB,verb,to look upon.,0,Neutral,0,0,0,0,0,0,0,0,-1,0,0,-1,0,0,0,0,0,-1,0,0,0
támwa,VB,verb,to peep out of.,0,Neutral,0,0,0,0,1,0,0,0,0,0,0,0,-1,1,0,0,0,0,0,0,0
támyaw,VB,verb,"to greet, to entertain.",0.557,Positive,1,1,1,1,0,0,1,1,1,1,1,1,1,1,-1,1,1,-1,1,1,0
tám’is,NN,noun,sweetness.,0.494,Positive,1,1,1,1,1,0,1,1,-1,1,1,1,1,0,1,1,1,-1,1,1,1
tám’is,JJ,adjective,sweet.,0.459,Positive,1,1,1,1,0,1,1,1,1,1,0,1,1,1,1,1,1,0,1,1,1
tanan,JJ,adjective,all,0,Neutral,0,0,0,0,1,1,0,0,0,0,0,-1,0,0,0,0,0,0,0,0,0
tanán,PRP,pronoun,"all, everybody, everything.",0,Neutral,0,0,0,0,0,0,0,0,0,0,1,0,0,0,-1,0,0,0,0,0,0
tanang,JJ,adjective,"overripe , rotten",-0.511,Negative,-1,-1,-1,-1,0,0,-1,-1,-1,-1,-1,-1,-1,-1,-1,-1,-1,-1,-1,-1,-1
tanáng,JJ,adjective,ripe.,0,Neutral,0,0,0,0,-1,-1,0,0,0,0,0,0,-1,0,1,0,0,-1,0,0,0
tandaan,NN,noun,"sign , signal",0,Neutral,0,0,0,0,0,0,0,0,1,0,0,0,0,0,0,0,0,0,0,0,0
tandaan,NN,noun,"mark , note",0,Neutral,0,0,0,0,1,0,0,0,0,-1,0,1,0,0,0,0,0,1,0,0,0
tánda’,NN,noun,"mark, line, indication.",0,Neutral,0,0,0,0,0,0,0,0,-1,-1,0,0,0,0,0,0,-1,0,-1,0,0
tandog,VB,verb,"feel , touch",0,Neutral,0,0,0,0,0,1,0,0,0,0,-1,0,0,0,0,0,0,0,0,0,0
tándug,VB,verb,"to touch, to move around.",0,Neutral,0,0,0,0,0,0,0,0,-1,-1,0,0,-1,-1,-1,0,0,-1,0,0,0
tándus,JJ,adjective,excellent.,0.572,Positive,1,1,1,1,0,1,-1,1,-1,1,0,0,1,1,1,1,1,1,1,1,1
tangá,NN,noun,cockroach.,0,Neutral,0,0,0,0,1,0,0,0,0,0,0,0,0,-1,0,0,0,0,0,0,0
tangá’,VB,verb,"to look up, to look stupid, to have a blank stare.",-0.527,Negative,-1,-1,-1,-1,0,0,-1,-1,-1,-1,-1,1,-1,-1,-1,-1,-1,-1,-1,-1,-1
tangis,VB,verb,to cry ; to weep ; to lament,-0.869,Negative,-1,-1,-1,-1,-1,-1,-1,-1,1,-1,-1,-1,-1,1,0,-1,-1,-1,-1,-1,-1
tangis,NN,noun,cry ; weep ; lament,-0.869,Negative,-1,-1,-1,-1,0,-1,-1,-1,-1,-1,0,0,1,-1,-1,-1,-1,-1,0,-1,-1
tángis,NN,noun,"cry, lament.",-0.727,Negative,-1,-1,-1,-1,-1,-1,1,-1,-1,0,0,-1,-1,-1,-1,-1,-1,-1,-1,-1,-1
tángis,VB,verb,"to cry, to lament.",-0.727,Negative,-1,-1,-1,-1,-1,-1,-1,-1,0,-1,-1,1,-1,-1,-1,-1,1,1,-1,1,-1
tángki,NN,noun,tank container.,0,Neutral,0,0,0,0,-1,-1,0,1,0,0,0,-1,0,0,0,1,0,0,0,0,0
tangkugo,NN,noun,( anatomy ) nape,0,Neutral,0,0,0,0,1,0,0,0,1,0,0,0,0,0,1,0,0,0,0,-1,-1
tangkugo,VB,verb,to hit at the nape,0,Neutral,0,0,0,0,0,1,0,0,1,0,0,-1,0,0,0,0,0,0,1,0,0
tangkúgu’,NN,noun,nape of the neck.,0,Neutral,0,0,0,0,0,0,1,0,0,0,0,0,0,1,0,0,-1,0,0,0,0
tángla’,VB,verb,to look up.,0,Neutral,0,0,0,0,0,0,1,-1,0,0,0,1,0,0,0,0,0,0,0,0,-1
tangú’,NN,noun,"nod, nodding movement of the head.",0,Neutral,0,0,0,0,1,-1,1,0,0,0,0,0,0,0,0,0,0,0,0,0,0
tangú’,VB,verb,to nod the head for assent.,0,Neutral,0,0,0,0,0,0,0,0,0,0,-1,0,0,0,0,0,0,0,0,0,1
tangú’tángu’,VB,verb,to nod the head repeatedly to show assent.,0,Neutral,0,0,0,0,0,0,0,-1,0,0,1,0,0,0,0,0,0,0,1,0,1
tanhaga,JJ,adjective,"extraordinary , marvelous , wonderful",0.823,Positive,1,1,1,1,1,-1,-1,1,1,1,-1,1,1,1,1,1,1,1,1,1,1
tanhaga,NN,noun,"marvel , wonder",0.421,Positive,1,1,1,1,1,1,1,1,1,1,1,-1,1,1,1,-1,1,1,1,0,1
táni’,RB,adverb,"if possible, perhaps, possibly.",0,Neutral,0,0,0,0,1,1,0,0,0,0,0,-1,-1,0,0,0,0,0,0,0,1
tánsya,NN,noun,"estimate, prediction.",0,Neutral,0,0,0,0,0,-1,-1,0,-1,0,-1,0,0,0,0,0,0,0,0,0,0
tánsya,VB,verb,"to estimate, to predict the quantity.",0,Neutral,0,0,0,0,0,0,0,0,-1,0,0,0,0,1,0,0,1,0,0,0,0
tanúm,NN,noun,plant.,0,Neutral,0,0,0,0,0,0,0,0,0,0,0,0,0,0,0,0,0,0,0,0,0
tanúm,VB,verb,"to plant, to allow to grow.",0.226,Positive,1,1,1,1,0,0,1,1,1,-1,1,1,1,1,1,1,1,-1,1,1,1
tanyag,VB,verb,"offer , proffer",0,Neutral,0,0,0,0,1,1,0,0,0,0,0,1,0,-1,0,0,0,0,0,0,0
tányag,NN,noun,offer.,0,Neutral,0,0,0,0,0,0,0,0,0,-1,0,0,0,0,0,0,0,1,1,1,0
tányag,VB,verb,"to offer as a bonus, to offer.",0.542,Positive,1,1,1,1,0,1,1,1,1,1,1,1,-1,1,1,1,1,1,1,1,1
tán’aw,VB,verb,"to see, to watch, to look at.",0,Neutral,0,0,0,0,1,1,0,1,-1,0,0,0,0,1,0,0,0,0,0,0,-1
tápak,NN,noun,"foot mark, footfall.",0,Neutral,0,0,0,0,0,0,0,-1,0,0,0,0,0,0,1,1,0,0,1,0,0
tápak,VB,verb,"to tread barefooted, to step on.",0,Neutral,0,0,0,0,0,0,0,0,0,0,0,0,0,0,0,-1,0,0,0,0,0
tapan,VB,verb,to level or make even,0,Neutral,0,0,0,0,0,0,-1,-1,0,1,0,1,0,0,0,0,0,0,0,0,0
tápán,JJ,adjective,"flat, plain, level.",0,Neutral,0,0,0,0,0,0,0,0,0,0,-1,0,0,-1,0,0,0,0,0,-1,0
tapás,VB,verb,"to cut down a big plant or tree, to chop down.",-0.273,Negative,-1,-1,-1,-1,0,0,-1,-1,-1,-1,0,-1,-1,-1,0,1,-1,-1,0,-1,-1
tapát,VB,verb,"to resolve, to tell the truth, to be frank.",0.599,Positive,1,1,1,1,1,-1,1,1,1,1,1,0,1,0,1,-1,1,1,1,1,1
tapík,VB,verb,"to transfer to, to stick to, to move over.",0,Neutral,0,0,0,0,1,-1,0,0,0,1,0,0,-1,0,0,0,0,0,0,0,0
tápi’,NN,noun,"wood, board, lumber.",0,Neutral,0,0,0,0,0,0,0,0,0,-1,0,0,0,0,1,0,0,0,0,0,0
táplik,VB,verb,"to flick, to jerk, to flick on the sides.",-0.34,Negative,-1,-1,-1,-1,0,0,-1,-1,-1,0,-1,-1,-1,-1,0,-1,-1,-1,-1,-1,-1
tápnay,VB,verb,"to carry or hold in the arms, to cradle in the arms like a baby.",0.361,Positive,1,1,1,1,0,-1,1,1,-1,1,1,0,1,1,1,1,1,1,-1,1,1
tápna’,VB,verb,to stop.,-0.296,Negative,-1,-1,-1,-1,-1,1,-1,-1,-1,-1,-1,-1,-1,-1,-1,-1,-1,-1,-1,1,-1
tapúk,JJ,adjective,"brittle, delicate, non-durable.",0.052,Positive,1,1,1,1,-1,-1,-1,1,1,1,1,1,1,1,1,1,1,1,1,1,1
tápuk,VB,verb,"to throw away, to cast away to a far off place, to deport.",0,Neutral,0,0,0,0,1,1,0,-1,0,0,0,0,0,0,0,0,0,-1,0,0,0
tapús,JJ,adjective,"finished, completed.",0,Neutral,0,0,0,0,0,-1,0,1,0,0,-1,0,0,0,0,0,0,0,0,0,0
tapús,VB,verb,"to finish, to complete.",0,Neutral,0,0,0,0,0,0,0,0,1,0,0,1,0,0,0,0,-1,0,0,0,0
tapútapú,NN,noun,dust.,0,Neutral,0,0,0,0,0,1,0,0,0,0,-1,0,0,0,0,0,-1,1,0,0,0
tápu’,NN,noun,"association, group, club.",0,Neutral,0,0,0,0,0,0,1,0,0,0,0,0,1,-1,0,0,0,0,0,0,0
tápu’,VB,verb,"to join together as a group, to associate, to group together.",0.296,Positive,1,1,1,1,0,0,1,1,1,1,1,1,0,1,-1,1,1,1,1,1,1
tarasak,JJ,adjective,thoughtless ; careless,-0.67,Negative,-1,-1,-1,-1,-1,0,-1,-1,-1,-1,-1,-1,0,-1,-1,-1,-1,-1,-1,-1,-1
tarasak,JJ,adjective,happy-go-lucky ; nonchalant,0,Neutral,0,0,0,0,-1,-1,1,0,0,0,0,0,0,-1,0,0,-1,0,0,0,0
tarhéta,NN,noun,"card, identification.",0,Neutral,0,0,0,0,0,0,-1,0,0,0,0,0,0,0,0,0,0,1,0,0,0
társo,NN,noun,"clown, joker.",0.128,Positive,1,1,1,1,0,1,1,1,1,1,1,0,1,1,1,0,1,1,1,1,1
tárung,NN,noun,"reason, excuse.",0.077,Positive,1,1,1,1,1,1,1,1,1,1,0,1,1,1,1,0,1,1,1,1,1
tárung,VB,verb,"to behave well, to straighten up.",0.273,Positive,1,1,1,1,1,1,1,1,1,1,1,1,1,1,1,1,1,1,1,-1,1
tása,NN,noun,drinking cup.,0,Neutral,0,0,0,0,0,1,0,0,0,0,0,0,0,0,0,0,0,0,0,0,0
tásak,VB,verb,"to put on one’s foot, to step into.",0,Neutral,0,0,0,0,0,0,-1,0,0,0,0,0,0,0,0,0,0,0,0,0,0
táslaw,JJ,adjective,coward.,-0.459,Negative,-1,-1,-1,-1,0,0,-1,-1,-1,1,-1,-1,-1,-1,-1,-1,0,0,0,-1,1
tástas,VB,verb,"to separate, to take off stitching after sewing, to remove stitching by a blade or any sharp instrument.",0,Neutral,0,0,0,0,-1,-1,0,0,0,0,1,0,-1,0,0,1,0,0,0,0,0
tátap,VB,verb,"to look after, to take care of, to attend to.",0.494,Positive,1,1,1,1,0,0,1,1,1,1,1,1,1,-1,-1,1,0,1,1,1,1
tatay,NN,noun,"father, respect form for older male relatives.",0.477,Positive,1,1,1,1,1,1,1,1,1,1,1,1,-1,1,1,-1,1,1,1,1,1
tátlu,CD,numeral,three;  third; /ka-…-an/ thirty; /napulug-/ thirteen.,0,Neutral,0,0,0,0,0,1,0,0,0,0,0,0,0,0,0,0,0,1,0,0,0
tawág,NN,noun,"call, telephone call, beacon.",0,Neutral,0,0,0,0,0,0,0,0,0,0,0,0,-1,0,-1,0,0,0,0,1,1
tawág,VB,verb,"to call, to beacon.",0,Neutral,0,0,0,0,1,0,0,0,-1,0,-1,0,0,0,0,0,0,0,0,0,1
táwgi,NN,noun,mongo bean sprouts used as vegetable.,0,Neutral,0,0,0,0,-1,0,0,0,0,0,0,1,0,0,0,0,0,0,0,0,-1
táwhay,JJ,adjective,"peaceful, with ease, slow.",0.691,Positive,1,1,1,1,0,0,1,1,-1,0,1,1,1,1,1,1,1,0,1,1,1
tawo,NN,noun,a man ; a person ; a human,0,Neutral,0,0,0,0,1,1,0,1,0,0,0,0,0,0,0,0,0,0,0,0,0
táwtaw,VB,verb,"to drop and pull a fish hook into the water, to cast a hook in the water.",-0.273,Negative,-1,-1,-1,-1,-1,0,-1,-1,-1,-1,0,-1,-1,-1,1,-1,-1,-1,-1,-1,-1
táwu,NN,noun,man.,0,Neutral,0,0,0,0,-1,1,0,0,0,0,0,0,0,0,0,1,1,0,0,0,0
táwu,VB,verb,to be born.,0,Neutral,0,0,0,0,0,1,0,0,0,0,0,0,1,0,0,0,0,0,0,0,0
tay,NN,noun,variant of tátay.,0,Neutral,0,0,0,0,0,0,0,-1,0,0,1,0,0,1,0,0,0,0,0,0,0
taya,NN,noun,"bet , wager",0,Neutral,0,0,0,0,0,1,1,1,0,0,0,0,0,0,0,0,0,0,0,0,-1
taya,VB,verb,to shield,0,Neutral,0,0,0,0,0,0,0,1,0,0,0,0,0,0,0,0,0,0,0,-1,0
taya,VB,verb,to take a defensive position,0.026,Neutral,0,1,1,0,0,0,0,0,0,-1,-1,0,0,0,0,0,0,1,0,-1,0
tayá’,NN,noun,"stake, bet.",0,Neutral,0,0,0,0,1,1,0,0,1,0,0,0,-1,0,0,0,0,0,0,0,0
tayá’,VB,verb,"to bet, to put up as stake.",0,Neutral,0,0,0,0,1,0,0,0,0,0,0,0,0,0,0,0,0,0,-1,0,0
tayobong,NN,noun,"a type of plant, the roots are used for making glue and starch",0,Neutral,0,0,0,0,0,0,0,0,0,-1,0,0,1,0,0,0,0,0,-1,1,-1
tayoyon,JJ,adjective,"continuous , steady , without pause",0,Neutral,0,0,0,0,0,0,0,0,0,0,0,0,0,0,0,0,0,0,0,-1,1
táytay,NN,noun,bridge.,0,Neutral,0,0,0,0,0,0,-1,0,0,0,-1,0,0,1,0,0,1,0,0,0,0
tayúbung,NN,noun,starch.,0,Neutral,0,0,0,0,-1,0,0,0,0,0,-1,0,0,0,0,0,0,0,0,0,-1
táyug,JJ,adjective,high up in the air.,0,Neutral,0,0,0,0,0,-1,0,0,0,0,0,0,0,0,0,0,-1,0,0,0,0
tayún,VB,verb,"to funnel, to fill a bottle with liquid.",0.026,Neutral,0,1,1,0,1,0,0,0,0,0,0,0,0,-1,0,0,0,0,0,0,0
tayuyon,JJ,adjective,alternative spelling of tayóyon,0,Neutral,0,0,0,0,1,1,0,0,0,0,0,0,-1,0,0,0,0,0,0,0,0
tayúyun,JJ,adjective,easy.,0.44,Positive,1,1,1,1,0,0,1,0,1,-1,1,1,1,1,1,1,1,0,1,1,1
táy’ug,VB,verb,"to tremble, to shake.",-0.421,Negative,-1,-1,-1,-1,1,0,-1,-1,-1,-1,0,-1,-1,-1,-1,-1,-1,-1,-1,0,1
tá’as,JJ,adjective,tall.,0,Neutral,0,0,0,0,-1,-1,0,-1,0,0,0,0,0,0,-1,0,0,0,1,0,0
tá’as,VB,verb,"to grow tall, to raise, to increase.",0.318,Positive,1,1,1,1,-1,0,1,1,1,1,1,1,1,1,1,-1,1,1,1,1,1
tá’ub,NN,noun,"tide, high tide.",0,Neutral,0,0,0,0,1,0,0,0,0,-1,1,0,0,0,0,0,0,0,0,0,0
téla,NN,noun,cloth.,0,Neutral,0,0,0,0,0,-1,0,0,0,0,0,-1,1,0,0,0,0,0,0,0,0
telebísyon,NN,noun,television.,0,Neutral,0,0,0,0,0,0,0,0,0,0,0,-1,0,1,0,0,0,0,0,0,0
telegráma,NN,noun,telegram.,0,Neutral,0,0,0,0,0,1,0,0,0,0,0,0,-1,1,0,0,0,0,0,0,0
telegráma,VB,verb,to send a telegram.,0,Neutral,0,0,0,0,0,0,0,0,0,0,0,0,1,0,0,0,0,0,0,-1,0
telepono,NN,noun,telephone,0,Neutral,0,0,0,0,0,0,0,0,0,0,0,-1,0,-1,0,0,0,0,0,0,0
telepono,VB,verb,to call or telephone another person,0,Neutral,0,0,0,0,0,-1,0,1,0,0,0,0,-1,0,0,0,0,0,-1,0,0
teleponó,NN,noun,telephone.,0,Neutral,0,0,0,0,0,0,1,0,-1,0,1,0,0,0,1,0,0,0,0,0,1
teleponó,VB,verb,to call on the telephone.,0,Neutral,0,0,0,0,0,0,0,0,0,-1,0,0,0,0,0,0,0,0,0,0,0
témpla,NN,noun,"flavor, mixture, consistency.",0,Neutral,0,0,0,0,0,0,0,0,1,0,0,0,0,1,0,0,0,1,0,0,0
témpla,VB,verb,"to mix, to tamper for consistency.",0,Neutral,0,0,0,0,0,0,0,-1,0,0,0,0,0,0,-1,0,0,0,0,1,0
tempráno,RB,adverb,early.,0,Neutral,0,0,0,0,0,1,0,0,0,0,0,-1,0,0,0,0,0,0,0,0,0
tenér,VB,verb,"to stay, to live in, to reside.",0,Neutral,0,0,0,0,0,0,1,0,0,0,0,0,1,0,0,0,0,0,0,0,0
tenyénte,NN,noun,lieutenant.,0,Neutral,0,0,0,0,0,0,0,-1,0,0,0,0,0,0,0,0,0,0,0,0,0
teolohia,NN,noun,theology,0,Neutral,0,0,0,0,0,0,0,0,0,-1,0,1,0,0,0,0,0,0,0,0,1
térno,NN,noun,"matching coat and pants for men, matching shoes, handbag and dress for ladies, formal long native costume of filipinas with butterfly sleeves.",0,Neutral,0,0,0,0,0,-1,0,0,0,0,0,0,0,0,0,0,0,0,1,0,-1
tesorero,NN,noun,treasurer,0.128,Positive,1,1,1,1,0,0,-1,1,0,1,1,1,1,1,1,1,1,1,1,1,1
tesoréro,NN,noun,treasurer.,0.128,Positive,1,1,1,1,1,1,1,1,1,1,1,1,1,1,1,1,1,1,1,-1,1
testígo,NN,noun,"witness, testimony.",0,Neutral,0,0,0,0,1,0,0,0,0,0,1,0,0,0,0,0,0,0,0,0,0
testígo,VB,verb,"to witness, to testify.",0,Neutral,0,0,0,0,0,0,0,0,1,0,0,0,0,0,0,0,0,0,0,0,0
tibakla,NN,noun,grasshopper,0,Neutral,0,0,0,0,0,0,0,1,0,1,0,0,0,0,0,0,0,0,0,0,0
tibákla,NN,noun,grasshopper.,0,Neutral,0,0,0,0,0,0,0,0,0,0,0,0,0,1,0,0,0,0,0,0,0
tibáw’as,VB,verb,"to escape, to set free.",0.612,Positive,1,1,1,1,0,0,1,1,1,1,0,1,1,1,1,1,1,1,1,0,1
tíbsuk,VB,verb,to fall down head first.,0,Neutral,0,0,0,0,1,1,0,-1,0,1,0,0,1,0,0,0,0,0,0,0,0
tibunog,JJ,adjective,"fat , plump , stout",0.178,Positive,1,1,1,1,0,0,1,1,1,1,-1,1,1,1,1,1,1,1,1,-1,1
tibúnug,JJ,adjective,"healthy, robust.",0.625,Positive,1,1,1,1,1,0,1,1,1,1,0,1,1,1,-1,0,1,1,1,1,0
tíb’ung,VB,verb,"to raise, to lift.",0,Neutral,0,0,0,0,1,1,0,0,-1,0,0,0,0,0,0,0,0,0,0,0,0
tig,RP,particle,variant of tag.,0,Neutral,0,0,0,0,-1,-1,0,0,0,0,0,0,0,-1,0,0,0,0,0,0,0
tig-…-la-,NN,noun formative,noun formative affix designating season of abundance or plurality.,0,Neutral,0,0,0,0,0,0,0,0,0,0,0,0,-1,0,0,-1,0,0,0,0,-1
tigána,NN,noun,left-overs.,0,Neutral,0,0,0,0,1,0,0,0,0,0,0,1,1,0,0,0,0,0,0,1,1
tigána,VB,verb,"to leave for later, to store away, to stock for later use.",-0.052,Negative,-1,-1,-1,-1,0,-1,0,-1,-1,-1,-1,-1,-1,-1,-1,0,-1,-1,-1,-1,-1
tigayún,VB,verb,"to become a reality, to make possible, to bring about.",0,Neutral,0,0,0,0,-1,-1,1,0,0,0,0,0,0,0,0,0,0,0,-1,1,0
tígbas,VB,verb,to cut off with considerable force so as to make only one stroke.,-0.273,Negative,-1,-1,-1,-1,0,-1,-1,-1,-1,-1,-1,-1,-1,-1,-1,-1,-1,-1,-1,-1,-1
tígdas,JJ,adjective,"severe, rigid, strict.",-0.477,Negative,-1,-1,-1,-1,-1,-1,-1,-1,-1,-1,-1,-1,0,-1,-1,-1,-1,-1,0,-1,-1
tigíb,NN,noun,chisel.,0,Neutral,0,0,0,0,0,1,1,0,0,0,0,1,0,0,0,0,0,1,1,0,-1
tigilinit,NN,noun,summer,0,Neutral,0,0,0,0,1,0,0,0,0,0,-1,0,0,0,0,1,0,0,0,0,-1
tiglawás,NN,noun,"representative, congressman, spokesman.",0,Neutral,0,0,0,0,-1,0,0,0,0,0,0,0,-1,0,0,0,0,-1,-1,0,0
tigre,NN,noun,tiger.,0,Neutral,0,0,0,0,0,-1,0,0,0,0,0,0,0,1,0,0,0,0,0,0,0
tigúlang,JJ,adjective,"of people, old.",0,Neutral,0,0,0,0,0,0,0,0,0,-1,0,0,0,-1,0,0,0,0,0,0,0
tigúlang,VB,verb,"to grow old, to age.",0,Neutral,0,0,0,0,-1,0,-1,1,-1,0,0,0,-1,0,1,0,0,1,0,1,0
tíg’a,JJ,adjective,"hard, solid.",0.052,Positive,1,1,1,1,0,0,1,1,1,1,1,1,1,1,1,1,1,1,1,1,-1
tíg’a,VB,verb,"to become hard, to solidify.",-0.103,Negative,-1,-1,-1,-1,-1,1,-1,-1,-1,-1,-1,1,-1,-1,-1,-1,0,-1,-1,-1,-1
tíg’ang,VB,verb,"to set over the fire to cook, to cook steamed rice.",-0.34,Negative,-1,-1,-1,-1,-1,1,-1,-1,-1,-1,-1,-1,-1,-1,-1,-1,-1,-1,-1,-1,-1
tig’ik,NN,noun,"shriek, choking sound.",-0.459,Negative,-1,-1,-1,-1,-1,-1,0,-1,-1,-1,-1,0,-1,-1,0,-1,0,1,0,-1,-1
tig’ik,VB,verb,to shriek.,0,Neutral,0,0,0,0,-1,-1,0,0,0,0,0,-1,-1,0,0,0,0,0,0,0,0
tig…-li-,NN,noun formative,variant of .,0,Neutral,0,0,0,0,0,0,0,0,0,0,0,0,0,0,0,0,0,0,0,0,0
tihín,VB,verb,to walk on tiptoe.,0,Neutral,0,0,0,0,0,0,0,0,0,0,-1,0,0,0,0,0,0,0,0,0,0
tiil,NN,noun,( anatomy ) foot,0,Neutral,0,0,0,0,0,0,-1,0,0,0,0,0,0,0,0,0,0,0,0,0,0
tiilan,JJ,adjective,the lower part of,-0.296,Negative,-1,-1,-1,-1,0,-1,-1,-1,-1,1,0,-1,-1,-1,-1,-1,-1,-1,-1,1,-1
tiilan,NN,noun,foot,0,Neutral,0,0,0,0,-1,-1,0,0,0,0,0,0,0,0,1,0,0,0,0,0,0
tikáb,VB,verb,to open one’s mouth.,0,Neutral,0,0,0,0,0,1,0,0,0,0,0,0,0,0,0,0,0,1,0,0,1
tíkal,VB,verb,"to talk too much, to prattle.",0,Neutral,0,0,0,0,1,0,0,0,0,0,0,0,0,0,0,0,0,0,0,0,0
tikálun,JJ,adjective,"proud, vainglorious.",0.477,Positive,1,1,1,1,0,0,-1,1,1,1,1,1,1,1,1,1,1,1,1,1,1
tikáng,NN,noun,"step, tread.",0,Neutral,0,0,0,0,-1,1,0,0,0,0,1,0,0,1,0,0,0,-1,0,0,0
tikáng,VB,verb,"to step on, to walk, to tread.",0,Neutral,0,0,0,0,0,0,0,0,0,0,0,0,0,0,0,-1,0,0,0,0,0
tíkas,VB,verb,to steal.,-0.494,Negative,-1,-1,-1,-1,0,0,-1,-1,-1,-1,-1,-1,-1,-1,-1,-1,1,0,-1,-1,-1
tiki,NN,noun,common house gecko,0,Neutral,0,0,0,0,1,-1,0,0,0,1,0,0,0,-1,0,0,0,0,0,0,1
tikling,NN,noun,crane,0,Neutral,0,0,0,0,1,0,1,0,0,0,0,0,0,0,0,0,0,0,0,0,-1
tíklud,VB,verb,"to push away, to push behind.",0,Neutral,0,0,0,0,0,0,0,0,0,0,1,0,0,0,0,1,0,-1,0,0,0
tíklup,VB,verb,to fold over.,0,Neutral,0,0,0,0,0,0,0,-1,0,0,0,0,0,0,0,0,0,0,0,0,0
tíkma’,VB,verb,"to shock, to jolt.",-0.382,Negative,-1,-1,-1,-1,1,1,-1,-1,-1,-1,-1,-1,-1,-1,-1,-1,-1,-1,-1,-1,-1
tikoy,NN,noun,nian gao ( a chinese new year cake made of glutinous rice flour ),0,Neutral,0,0,0,0,-1,-1,0,0,0,1,0,-1,0,0,-1,-1,0,0,0,0,0
tikú’,JJ,adjective,"crooked, bent, curved.",0,Neutral,0,0,0,0,0,0,1,0,0,0,-1,0,0,0,0,0,0,0,0,0,0
tikú’,VB,verb,"to become bent, to make crooked.",0,Neutral,0,0,0,0,0,0,0,0,-1,0,0,0,0,0,1,0,0,0,0,0,0
tiláw,VB,verb,"to taste, to try.",0,Neutral,0,0,0,0,0,0,0,1,0,0,0,0,0,0,0,0,0,0,0,1,-1
tililawan,NN,noun,"test , trial",0,Neutral,0,0,0,0,0,0,0,0,0,0,0,0,0,0,0,0,0,0,0,0,0
tilinguhaon,JJ,adjective,worthwhile,0.34,Positive,1,1,1,1,0,0,0,1,1,1,1,1,1,1,1,1,1,1,0,1,1
timaan,NN,noun,symbol,0,Neutral,0,0,0,0,1,1,0,0,0,-1,0,1,0,0,0,0,1,0,0,-1,0
timawa,NN,noun,a citizen or member of a community,0,Neutral,0,0,0,0,0,0,1,0,1,0,0,0,0,0,0,0,1,0,0,0,0
timawa,VB,verb,to free or liberate,0.511,Positive,1,1,1,1,0,0,1,1,1,1,-1,1,-1,1,0,1,0,1,1,1,1
timáwa’,NN,noun,"mass of poor people, masses, citizenry.",-0.477,Negative,-1,-1,-1,-1,0,1,-1,-1,1,-1,-1,-1,-1,-1,-1,-1,-1,-1,-1,-1,-1
timá’an,NN,noun,"sign, signal, warning.",-0.34,Negative,-1,0,-1,-1,1,1,-1,-1,-1,-1,-1,-1,0,-1,-1,1,-1,0,-1,-1,-1
tímbang,NN,noun,"weight;  scale, balance.",0,Neutral,0,0,0,0,-1,0,-1,0,0,0,-1,0,0,0,0,0,0,0,0,0,0
tímbang,VB,verb,"to weigh, to balance.",0,Neutral,0,0,0,0,0,-1,0,0,0,0,1,0,-1,0,0,0,0,0,0,0,0
timbangan,NN,noun,scale,0,Neutral,0,0,0,0,0,0,0,0,0,0,0,0,0,0,0,0,0,0,0,0,0
timbangan,NN,noun,a constellation of stars,0,Neutral,0,0,0,0,0,1,0,0,1,0,0,0,0,0,0,0,0,0,0,-1,0
tímba’,NN,noun,bucket used to fetch water from a well.,0.273,Positive,1,0,1,1,0,0,1,1,1,1,1,1,1,1,1,1,1,1,0,1,1
tímba’,VB,verb,to draw water from a well.,0.273,Positive,1,0,1,1,1,1,1,1,1,1,1,1,1,1,1,1,1,1,-1,1,1
timbolog,JJ,adjective,"round , spherical",0,Neutral,0,0,0,0,1,-1,0,0,0,1,0,0,1,1,0,0,0,-1,0,0,0
tímbre,NN,noun,"seal, stamp.",0,Neutral,0,0,0,0,1,0,0,0,0,0,0,0,0,0,0,0,0,0,-1,0,0
tímbre,VB,verb,"to seal with a seal, to mark, to earmark.",0,Neutral,0,0,0,0,0,0,-1,1,0,0,0,-1,0,-1,0,0,0,0,0,0,1
timbú’uk,VB,verb,"to whirl upward with speed, to soar.",0,Neutral,0,0,0,0,0,0,0,0,1,0,0,0,0,0,0,-1,0,0,1,0,0
tinápay,NN,noun,"bread, cookie.",0,Neutral,0,0,0,0,0,0,0,0,0,0,0,0,-1,0,0,0,0,0,0,0,0
tindak,NN,noun,kick,0,Neutral,0,0,0,0,-1,0,0,0,0,0,0,0,0,0,0,0,0,0,0,1,0
tindak,VB,verb,to kick,0,Neutral,0,0,0,0,0,0,0,0,1,0,0,0,0,0,0,0,0,0,0,0,-1
tíndak,NN,noun,kick.,0,Neutral,0,0,0,0,1,0,-1,0,0,0,0,0,0,-1,0,-1,0,0,0,0,0
tíndak,VB,verb,to kick.,0,Neutral,0,0,0,0,0,1,0,0,1,0,0,-1,0,0,0,-1,0,0,0,0,0
tínday,NN,noun,calf.,0,Neutral,0,0,0,0,0,0,0,0,0,0,1,0,0,-1,0,0,0,0,1,1,0
tindéro,NN,noun,"vendor, salesman.",0,Neutral,0,0,0,0,0,0,1,0,0,0,0,0,0,0,0,1,0,0,0,0,0
tíndug,NN,noun,"poise, stature.",0,Neutral,0,0,0,0,0,0,0,0,0,0,0,-1,0,0,0,0,0,-1,0,0,0
tíndug,VB,verb,"to stand, to arise.",0,Neutral,0,0,0,0,0,1,0,0,0,0,0,0,0,0,0,0,0,0,0,0,0
tinedór,NN,noun,fork.,0,Neutral,0,0,0,0,0,-1,0,0,0,0,0,0,0,-1,0,0,1,0,0,0,0
ting-,NN,noun formative,noun formative affix designating season.,0,Neutral,0,0,0,0,0,0,0,0,0,0,0,0,0,0,0,-1,1,0,0,0,0
tingádlaw,NN,noun,summer.,0,Neutral,0,0,0,0,1,0,0,-1,0,0,-1,-1,0,0,1,0,1,0,0,0,0
tíngal,VB,verb,to force another’s mouth to open.,0,Neutral,0,0,0,0,0,0,0,0,0,0,0,0,-1,0,0,0,0,1,0,0,1
tingála,NN,noun,"wonder, surprise, amazement.",0.681,Positive,1,1,1,1,0,-1,1,1,0,1,1,1,1,-1,1,1,0,1,1,1,1
tingála,VB,verb,"to wonder, to be astonished, to be surprised.",0.542,Positive,1,1,1,1,-1,1,1,1,1,1,1,0,1,1,1,0,1,1,1,1,1
tingá’,VB,verb,to breathe one’s last.,0,Neutral,0,0,0,0,-1,1,0,0,0,0,0,0,0,0,0,0,0,0,0,0,0
tínggas,JJ,adjective,"fleshy, plump, full.",0,Neutral,0,0,0,0,0,0,0,1,0,0,0,-1,0,0,0,0,0,0,0,0,0
tingkáya’,VB,verb,"to fall flat on one’s back, to slide down and fall on one’s back.",0,Neutral,0,0,0,0,1,0,0,0,0,0,0,0,0,0,1,0,0,1,-1,0,1
tingúb,VB,verb,"to come together, to combine, to put together.",0,Neutral,0,0,0,0,0,0,0,-1,0,0,0,0,0,0,0,1,0,0,0,0,0
tíngug,NN,noun,voice.,0,Neutral,0,0,0,0,0,0,1,0,0,0,0,0,0,0,0,0,0,0,0,0,0
tíngug,VB,verb,"to make a sound, to speak after a stretch of silence.",0,Neutral,0,0,0,0,0,0,0,0,0,0,0,0,0,0,0,0,-1,0,0,1,0
tingúha’,NN,noun,"to attempt, trial.",0,Neutral,0,0,0,0,0,1,0,1,0,0,0,0,0,0,0,0,0,1,0,1,0
tingúha’,VB,verb,"to try, to make great efforts to attain, to attempt.",0.625,Positive,1,0,1,1,1,0,1,1,1,1,1,1,1,1,1,1,1,-1,1,1,1
tingulan,NN,noun,rainy season ; wet season ; monsoon season synonym: dagna,-0.077,Negative,-1,0,-1,-1,0,1,-1,-1,-1,-1,-1,1,-1,-1,-1,-1,-1,1,-1,-1,-1
tiniklíng,NN,noun,filipino dance using bamboo poles.,0,Neutral,0,0,0,0,-1,-1,0,0,0,0,1,0,0,0,0,0,0,0,0,0,0
tínlu’,NN,noun,"cleanness, purity, virginity.",0,Neutral,0,0,0,0,0,0,0,0,0,0,0,0,0,0,0,-1,0,0,0,0,0
tínlu’,JJ,adjective,"clean, pure.",0.402,Positive,1,1,1,1,0,0,1,1,1,1,1,1,1,1,1,1,1,1,0,1,1
tínta’,NN,noun,ink.,0,Neutral,0,0,0,0,1,1,0,0,0,0,0,0,0,0,0,0,0,0,0,-1,0
tíntin,VB,verb,"to canter, to walk carefully.",0.128,Positive,1,0,1,1,0,0,1,0,1,1,1,1,1,1,1,1,1,1,1,0,1
tinúla,NN,noun,vegetable soup.,0,Neutral,0,0,0,0,1,1,0,0,0,0,0,0,0,0,0,0,0,0,0,0,1
tín’ad,VB,verb,to become prosperous.,0.477,Positive,1,0,1,1,1,0,1,1,-1,1,1,1,0,1,1,1,0,0,1,1,1
tín’aw,NN,noun,"of water, clearness.",0,Neutral,0,0,0,0,0,1,0,0,0,0,0,0,0,0,1,0,0,0,0,0,0
tín’aw,JJ,adjective,"of water, clear.",0.382,Positive,1,0,1,1,-1,0,1,1,1,1,0,1,1,1,-1,1,1,1,1,1,1
típdas,NN,noun,measles.,0,Neutral,0,0,0,0,1,0,0,0,0,0,0,0,0,0,0,0,0,0,0,0,0
típhag,NN,noun,landslide.,0,Neutral,0,-1,0,0,-1,0,0,0,0,0,0,0,0,0,0,0,0,-1,0,0,1
típig,VB,verb,"to fold away, to deposit.",0,Neutral,0,0,0,0,0,0,0,0,-1,0,0,0,1,1,0,0,0,0,0,0,0
tipík,NN,noun,"bit, small piece, chip.",0,Neutral,0,0,0,0,0,0,-1,1,0,0,1,0,0,0,0,0,-1,0,0,0,0
tipík,VB,verb,"to break in pieces, to chip off.",0,Neutral,0,0,0,0,0,0,0,0,0,0,0,0,0,1,0,0,1,0,0,0,0
tipolon,JJ,adjective,"round , spherical",0,Neutral,0,0,0,0,0,0,0,-1,0,0,0,0,0,0,0,0,0,0,0,0,0
típu,NN,noun,"poise, character type, personality.",0,Neutral,0,0,0,0,0,1,0,0,0,0,0,1,-1,0,-1,0,0,0,0,0,0
típun,VB,verb,"to gather together, to assemble.",0,Neutral,0,0,0,0,0,0,0,0,0,0,1,-1,0,0,1,0,-1,0,0,0,1
típus,NN,noun,typhoid fever.,0,Neutral,0,0,0,0,-1,0,0,0,0,0,0,1,1,0,0,0,0,0,0,0,0
tíra,VB,verb,"to fight, to box, to kick, to batter.",-0.382,Negative,-1,0,-1,-1,0,0,-1,-1,-1,-1,-1,-1,0,-1,-1,-1,-1,-1,-1,-1,-1
tiránte,NN,noun,pants suspenders.,0,Neutral,0,0,0,0,-1,-1,0,0,1,0,0,0,1,0,-1,0,0,0,0,0,0
tísa’,NN,noun,"chalk, brick.",0,Neutral,0,0,0,0,0,0,0,0,0,0,1,1,0,0,0,0,0,-1,0,-1,0
tískug,JJ,adjective,stiff.,0,Neutral,0,0,0,0,0,0,0,0,0,1,0,-1,0,0,0,0,0,0,0,0,0
tísluk,VB,verb,to prick with a sharp or pointed end.,-0.34,Negative,-1,0,-1,-1,0,0,-1,-1,-1,-1,-1,0,-1,-1,-1,-1,-1,-1,-1,-1,-1
tístis,VB,verb,"to spite another out of envy, to backbite.",-0.67,Negative,-1,-1,-1,-1,1,-1,-1,-1,-1,-1,-1,-1,-1,-1,-1,-1,0,-1,-1,-1,-1
tisúk,VB,verb,to stick into.,0,Neutral,0,0,0,0,-1,-1,1,0,1,0,0,1,0,0,0,0,-1,0,0,1,0
titi,NN,noun,( anatomy ) breast,0,Neutral,0,0,0,0,0,0,0,0,0,0,0,0,0,0,1,0,0,-1,0,0,0
títi’,NN,noun,"nipple, feeding bottle.",0,Neutral,0,0,0,0,0,0,0,1,0,0,0,0,0,0,0,0,0,0,0,0,1
títi’,VB,verb,"to suck the breast, to feed from a bottle.",-0.44,Negative,-1,0,-1,-1,0,0,-1,-1,-1,-1,-1,-1,0,-1,-1,-1,-1,-1,-1,-1,-1
título,NN,noun,"legal title, contract, title of ownership.",0.128,Positive,1,0,1,1,-1,-1,1,1,1,0,1,-1,1,1,1,-1,1,-1,1,1,1
tíya,NN,noun,"aunt, respect term for older females.",0.477,Positive,1,0,1,1,1,1,1,-1,1,1,0,1,1,0,1,1,-1,1,1,1,0
tiyan,NN,noun,( anatomy ) abdomen ; belly ; paunch,0,Neutral,0,0,0,0,1,1,0,0,0,0,0,0,1,0,0,0,0,0,0,0,0
tiyán,NN,noun,"stomach, abdomen.",0,Neutral,0,0,0,0,0,0,0,0,1,0,1,0,0,0,0,0,0,0,0,0,0
tíyo,NN,noun,"uncle, respect form for older male persons.",0.477,Positive,1,1,1,1,1,0,0,1,1,1,1,1,1,1,1,0,-1,1,-1,1,1
tíyug,VB,verb,"to roam around, to turn around.",0,Neutral,0,0,0,0,1,1,0,0,0,0,0,0,0,0,0,0,1,0,0,0,0
tiyúgtiyúg,NN,noun,"tramp, prostitute.",0,Neutral,0,0,0,0,0,0,0,0,0,0,0,1,0,0,0,0,0,0,-1,0,0
tí’,RP,particle,"well…, so, now then, you see, i told you so.",0,Neutral,0,0,0,0,0,-1,0,0,0,0,-1,-1,1,0,0,0,0,0,0,0,0
ti’áw,VB,verb,"to tease, to make a joke of.",-0.026,Neutral,0,-1,-1,0,0,0,-1,0,-1,0,0,0,1,0,0,1,0,1,0,0,0
ti’áwtí’aw,NN,noun,"joke, teasing.",0.226,Positive,1,0,1,1,-1,-1,1,1,1,1,1,1,1,1,1,1,1,1,1,0,1
ti’áyun,VB,verb,"to live together as husband and wife, to get along together, to be compatible in personality.",0,Neutral,0,0,0,0,1,1,0,0,0,1,0,0,0,0,0,0,0,0,0,0,0
tí’id,VB,verb,to tread carefully or stealthily.,0.153,Positive,1,0,1,1,-1,-1,1,1,1,1,1,1,1,1,1,1,1,1,1,0,1
ti’íl,NN,noun,"feet, foot, leg.",0,Neutral,0,0,0,0,0,1,0,0,0,-1,0,0,0,0,1,0,0,0,0,0,0
ti’ún,NN,noun,"moment, a little while.",0,Neutral,0,0,0,0,0,0,0,0,-1,0,0,0,-1,0,0,0,0,-1,0,0,0
tódas,VB,verb,"to win all the tricks, to win the game.",0.796,Positive,1,1,1,1,0,0,1,1,-1,1,1,1,1,1,1,1,1,0,1,1,0
tódo,JJ,adjective,"full speed, fast, full blast.",0,Neutral,0,0,0,0,1,1,0,1,0,0,1,0,0,0,0,0,0,1,-1,0,0
tómo,NN,noun,volume.,0,Neutral,0,0,0,0,0,0,0,0,0,-1,0,0,0,0,0,0,0,0,0,0,0
toneláda,NN,noun,ton.,0,Neutral,0,0,0,0,1,-1,0,0,-1,-1,0,0,0,0,0,0,1,0,0,1,0
too,JJ,adjective,"dexter , right",0,Neutral,0,0,0,0,0,0,0,0,0,1,0,-1,0,0,-1,0,0,0,0,0,0
tóre,NN,noun,"tower, steeple.",0,Neutral,0,0,0,0,0,0,0,0,0,0,0,0,0,0,0,1,0,0,0,0,0
tornilyo,NN,noun,"a screw , specifically propeller screw",-0.202,Negative,-1,0,-1,-1,0,0,-1,-1,1,-1,-1,0,-1,-1,0,-1,-1,-1,-1,-1,-1
toro,NN,noun,"bull , ox",0,Neutral,0,0,0,0,-1,-1,0,0,-1,0,0,0,-1,0,1,-1,0,0,0,0,0
tóro,NN,noun,"ox, bull.",0,Neutral,0,0,0,0,0,-1,0,0,0,-1,0,0,0,0,0,0,0,0,0,0,-1
torpe,JJ,adjective,"slow , dull , or stupid",-0.727,Negative,-1,0,-1,-1,0,0,-1,-1,-1,-1,-1,-1,-1,0,-1,-1,-1,-1,-1,-1,-1
torpe,JJ,adjective,"indecent , lewd",0,Neutral,0,0,0,0,-1,1,1,0,0,0,0,0,0,0,0,0,0,0,0,0,0
tórpe,JJ,adjective,"sheepish, dense, unthinking.",0,Neutral,0,0,0,0,0,0,0,0,0,0,0,0,-1,0,0,0,-1,0,0,1,0
tórpe,UH,interjection,"brat, stupid, dumb.",-0.772,Negative,-1,-1,-1,-1,0,0,-1,-1,-1,-1,0,-1,-1,-1,-1,0,-1,-1,-1,-1,1
totál,NN,noun,"total, sum.",0,Neutral,0,0,0,0,-1,-1,0,-1,0,0,0,0,0,1,-1,0,-1,0,0,0,0
totál,CC,conjunction,"anyhow, anyway.",0,Neutral,0,0,0,0,0,1,0,0,0,1,0,0,0,0,0,-1,-1,0,0,0,0
tóto’,NN,noun,endearment term for the eldest or the youngest boy in the family.,0,Neutral,0,0,0,0,0,0,1,0,0,0,0,0,0,0,0,0,0,0,0,0,0
trabáho,NN,noun,"work, job.",0,Neutral,0,0,0,0,1,-1,0,0,0,0,0,0,1,0,-1,0,0,0,-1,0,0
trabáho,VB,verb,"to work, to do something.",0,Neutral,0,0,0,0,0,0,0,0,0,0,0,0,0,1,0,0,0,0,0,0,0
trák,NN,noun,truck.,0,Neutral,0,0,0,0,1,0,0,-1,0,0,-1,0,-1,0,0,0,0,0,1,0,0
trámbya,NN,noun,trolley.,0,Neutral,0,0,0,0,0,0,0,-1,0,0,0,-1,1,0,-1,0,0,-1,0,0,0
trángka,NN,noun,"lock, bar.",0,Neutral,0,0,0,0,0,0,0,0,0,0,0,0,0,0,0,0,0,0,0,0,0
trángka,VB,verb,"to lock, to fasten securely.",0.34,Positive,1,0,1,1,0,0,1,1,0,1,1,1,1,1,1,1,1,1,0,-1,-1
trangkáso,NN,noun,"flu, influenza.",-0.382,Negative,-1,-1,-1,-1,1,0,-1,-1,-1,-1,-1,1,1,-1,-1,-1,-1,-1,-1,-1,1
trapál,NN,noun,"canvas, tent.",0,Neutral,0,0,0,0,-1,-1,0,0,0,0,0,1,-1,0,0,0,0,0,-1,0,1
trápo,NN,noun,"rag, wiper.",0,Neutral,0,0,0,0,0,0,0,-1,1,0,0,1,0,1,-1,0,0,0,0,0,0
trápo,VB,verb,to wipe with a rag.,0,Neutral,0,0,0,0,0,1,0,0,1,0,0,0,0,0,0,0,0,0,0,0,0
trayángulo,NN,noun,triangle.,0,Neutral,0,0,0,0,0,0,1,0,0,0,-1,0,0,0,0,0,0,0,0,0,0
trén,NN,noun,train.,0,Neutral,0,0,0,0,0,0,1,0,0,0,0,0,0,0,0,0,0,0,0,-1,0
trés,CD,numeral,three.,0,Neutral,0,0,0,0,0,0,0,0,1,0,-1,1,0,0,-1,0,-1,0,0,0,0
trése,CD,numeral,thirteen;  thirteenth.,0,Neutral,0,0,0,0,1,0,0,1,0,1,0,0,0,0,0,0,0,0,0,0,0
tréynta,CD,numeral,thirty;  thirtieth.,0,Neutral,0,0,0,0,0,0,1,0,0,1,0,0,0,0,0,0,0,0,0,-1,0
tróno,NN,noun,throne.,0,Neutral,0,0,0,0,0,-1,0,1,0,-1,0,0,0,0,0,0,0,0,0,0,0
trumpéta,NN,noun,"bugle, trumpet.",0,Neutral,0,0,0,0,0,-1,0,0,0,0,0,0,0,-1,-1,0,0,0,0,0,0
trúmpo,NN,noun,"top, child’s toy.",0.202,Positive,1,0,1,1,1,0,1,1,1,1,1,-1,1,1,1,1,0,1,1,-1,1
trúsu,NN,noun,log.,0,Neutral,0,0,0,0,1,1,-1,0,1,0,0,0,0,0,0,0,0,0,0,0,1
tsá,NN,noun,tea.,0,Neutral,0,0,0,0,0,0,1,0,0,1,0,0,0,0,0,0,0,0,0,1,0
tséke,NN,noun,check.,0,Neutral,0,0,0,0,0,-1,0,0,0,0,0,0,0,0,0,0,0,0,0,0,0
tsinélas,NN,noun,slipper.,0,Neutral,0,0,0,0,0,1,0,0,0,0,0,0,0,1,0,0,1,0,0,0,0
tsokoláte,NN,noun,"chocolate, brown color.",0,Neutral,0,1,0,0,0,0,-1,0,1,0,0,0,0,0,0,0,0,0,1,0,0
tsupér,NN,noun,"chauffer, driver.",0,Neutral,0,0,0,0,0,0,0,-1,0,0,0,0,0,0,0,0,0,0,0,0,0
tú,DT,deictic,"that younder, from atú.",0,Neutral,0,0,0,0,0,0,0,0,0,0,0,1,0,0,-1,-1,0,0,-1,1,0
tubás,VB,verb,"to harvest, to gather mature produce.",0.421,Positive,1,0,1,1,-1,0,1,0,1,1,1,-1,1,-1,0,1,-1,1,1,1,1
tubá’,NN,noun,fermented coconut drink.,0,Neutral,0,0,0,0,1,1,0,-1,0,0,0,-1,0,0,0,0,0,0,1,0,-1
tubá’,VB,verb,"to cut down a banana plant, to gather mature fruits.",0.178,Positive,1,0,1,1,0,1,1,1,1,1,1,1,0,0,1,1,1,1,1,1,1
túbbung,VB,verb,"to go down from a rural area to the town or city, to go to the seashore to buy fish.",0,Neutral,0,0,0,0,1,1,0,1,0,0,0,0,0,1,0,0,0,0,0,0,0
tubig,NN,noun,water,0,Neutral,0,0,0,0,0,1,0,0,0,0,0,0,0,1,0,0,0,0,0,0,0
tubig,VB,verb,to water,0,Neutral,0,0,0,0,0,-1,0,0,0,0,0,0,0,0,0,0,0,1,1,0,0
túbig,NN,noun,"water, liquid.",0,Neutral,0,0,0,0,0,1,0,0,0,1,0,0,0,1,-1,0,0,0,0,0,0
túbi’,NN,noun,variant of túb ig.,0,Neutral,0,0,0,0,0,0,0,0,0,-1,0,0,0,-1,-1,0,0,0,0,0,1
túblag,VB,verb,to disturb.,-0.402,Negative,-1,-1,-1,-1,1,-1,-1,-1,0,-1,-1,1,-1,-1,-1,-1,-1,0,0,-1,-1
túbtub,RB,adverb,until.,0,Neutral,0,0,0,0,-1,-1,0,0,0,1,0,1,0,0,0,1,0,0,0,0,0
tubú,NN,noun,sugarcane.,0,Neutral,0,0,0,0,0,0,0,0,0,0,-1,0,0,0,0,0,0,-1,0,0,0
túbu,NN,noun,"pipe, tube.",0,Neutral,0,0,0,0,0,0,0,0,0,0,0,0,0,0,0,0,0,0,0,0,0
tubúd,NN,noun,"leak, drop, flow.",-0.542,Negative,-1,-1,-1,-1,0,0,-1,-1,-1,-1,-1,-1,-1,-1,-1,0,-1,-1,-1,-1,-1
tubúd,VB,verb,"to leak, to flow in small drops.",-0.34,Negative,-1,-1,-1,-1,-1,-1,-1,-1,-1,-1,-1,-1,-1,0,-1,-1,-1,-1,-1,-1,-1
tubúg,VB,verb,to wallow in a mud hole as a carabao.,0,Neutral,0,1,0,0,-1,-1,0,0,0,0,0,0,0,0,0,0,0,0,0,0,1
tubús,VB,verb,"to save, to redeem, to redeem a pawned item.",0.494,Positive,1,1,1,1,0,0,1,1,1,1,1,-1,1,1,1,-1,1,1,1,-1,1
túbu’,NN,noun,growth.,0.382,Positive,1,1,1,1,1,1,-1,1,1,1,1,1,1,1,1,1,0,1,1,1,1
túbu’,VB,verb,"to grow, to germinate, to sprout.",0,Neutral,0,0,0,0,0,1,0,0,0,0,0,0,0,1,0,0,0,0,0,0,0
túb’uk,VB,verb,"to shoot up, to flare.",-0.34,Negative,-1,0,-1,-1,0,0,-1,-1,-1,-1,-1,-1,-1,-1,-1,-1,-1,-1,-1,-1,-1
tudlo,NN,noun,( anatomy ) finger,0,Neutral,0,0,0,0,-1,-1,0,0,0,0,0,1,0,0,0,0,0,0,0,0,0
tudlo sang dalaga,NN,noun,a type of banana,0,Neutral,0,0,0,0,0,1,0,0,0,0,0,0,0,0,0,0,0,-1,0,1,1
túdlu’,NN,noun,finger;  teaching.,0,Neutral,0,0,0,0,0,0,0,0,0,0,-1,0,0,0,0,0,0,0,0,0,-1
túdlu’,VB,verb,"to point out, to teach.",0,Neutral,0,0,0,0,0,0,0,-1,0,0,0,0,1,0,0,0,0,-1,1,0,-1
tugák,VB,verb,to loosen.,0,Neutral,0,0,0,0,0,0,-1,0,0,1,0,0,1,0,1,0,0,0,0,0,0
tugálbung,VB,verb,to trap.,-0.318,Negative,-1,-1,-1,-1,1,-1,-1,-1,-1,-1,-1,-1,-1,-1,-1,-1,-1,-1,0,-1,-1
túgdang,VB,verb,"to dunk, to immerse, to dump.",-0.382,Negative,-1,-1,-1,-1,-1,-1,-1,-1,-1,-1,-1,-1,0,-1,0,-1,-1,0,-1,-1,-1
túgda’,VB,verb,"to add to the length of the conversation, to enter into a conversation.",0,Neutral,0,0,0,0,-1,-1,0,0,0,0,0,0,0,0,0,-1,0,0,0,0,0
túgmaw,VB,verb,"to immerse, to wet in the water.",0,Neutral,0,0,0,0,0,0,0,-1,0,0,0,1,0,0,0,0,0,0,0,0,1
túgnaw,NN,noun,"coldness, cold.",0,Neutral,0,0,0,0,1,0,-1,0,0,0,0,0,0,0,0,0,0,0,0,0,0
túgnaw,VB,verb,to feel cold.,0,Neutral,0,0,0,0,0,0,0,0,0,0,-1,0,1,1,0,-1,0,-1,0,0,-1
tugot,VB,verb,to allow,0.226,Positive,1,0,1,1,0,0,1,1,0,1,1,1,-1,1,0,0,1,1,1,1,-1
túgpa’,VB,verb,"to land, to alight from the air.",0,Neutral,0,0,0,0,1,1,0,0,1,0,0,0,1,0,0,0,0,0,0,0,0
túgun,VB,verb,"to request to get, to give a message, to ask.",0,Neutral,0,0,0,0,0,0,0,0,0,1,0,0,0,0,0,0,0,0,0,-1,0
túgut,VB,verb,"to permit, to allow, to agree.",0.527,Positive,1,1,1,1,0,1,1,1,1,1,1,1,1,1,1,1,1,-1,1,1,1
túgyan,VB,verb,"to entrust, to bestow.",0,Neutral,0,1,0,0,1,1,0,0,1,0,0,0,1,1,0,0,0,0,0,0,0
túg’an,VB,verb,"to promise, to pledge.",0.318,Positive,1,1,1,1,0,-1,1,1,1,1,0,1,1,1,1,1,1,1,-1,0,0
tuháw,VB,verb,"to emerge, to appear.",0,Neutral,0,1,0,0,1,0,0,0,1,0,0,-1,0,1,0,0,-1,0,0,0,0
túhay,JJ,adjective,"different, distinct.",0,Neutral,0,0,0,0,0,1,-1,0,-1,1,0,0,0,0,1,0,-1,1,1,0,0
túhay,VB,verb,"to become different, to deviate.",0,Neutral,0,0,0,0,0,0,0,0,0,0,0,0,0,0,0,0,0,0,1,0,-1
túhil,VB,verb,to poke with a stick.,0,Neutral,0,0,0,0,0,0,0,0,0,0,0,0,0,1,0,0,0,0,0,1,0
tuhod,NN,noun,( anatomy ) knee,0,Neutral,0,0,0,0,0,0,0,0,0,0,0,0,0,0,1,0,0,0,0,0,0
túhud,NN,noun,knee.,0,Neutral,0,0,0,0,0,0,0,0,0,0,0,0,0,0,0,0,0,0,0,0,0
túhuy,VB,verb,to direct toward.,0,Neutral,0,0,0,0,-1,0,0,0,1,0,0,0,0,1,0,0,-1,0,0,0,0
tuig,NN,noun,year,0,Neutral,0,0,0,0,0,-1,0,0,0,1,0,0,0,0,0,0,0,0,0,-1,0
tuig-tuig,JJ,adjective,"yearly , annual : happening once a year",0,Neutral,0,0,0,0,0,0,0,0,0,0,0,0,0,0,0,0,1,0,0,0,0
túka,VB,verb,to turn.,0,Neutral,0,0,0,0,0,1,0,0,-1,0,0,0,-1,1,0,0,0,0,1,0,0
tukád,VB,verb,"to ascend, to go up.",0,Neutral,0,0,0,0,0,0,0,0,0,0,0,0,0,0,0,1,0,0,1,0,0
tukáp,VB,verb,to patch a hole.,0,Neutral,0,0,0,0,0,0,0,-1,0,0,1,0,0,0,0,0,0,0,0,0,0
tukár,NN,noun,sound of a musical instrument.,0,Neutral,0,0,0,0,0,0,-1,0,0,0,0,0,0,0,0,-1,0,0,0,-1,-1
tukár,VB,verb,to play a musical instrument.,0.34,Positive,1,0,1,1,0,-1,1,1,-1,1,1,1,1,1,0,1,1,1,1,1,1
tukíb,VB,verb,to open a little in order to peep.,0,Neutral,0,0,0,0,1,0,0,0,0,0,1,0,0,0,0,0,0,0,0,0,0
tuko,NN,noun,gecko,0,Neutral,0,0,0,0,0,0,0,0,0,0,0,0,0,0,0,0,0,0,0,-1,0
túksu’,VB,verb,to ask to recite in class.,0,Neutral,0,0,0,0,0,0,0,0,0,-1,-1,0,1,0,0,0,0,0,0,0,0
túktuk,NN,noun,"beak, bill, rust.",0,Neutral,0,0,0,0,0,0,0,0,0,-1,0,0,0,0,0,0,-1,0,0,0,0
túktuk,VB,verb,to get rusty.,0,Neutral,0,0,0,0,0,0,1,-1,0,1,1,0,0,0,0,1,-1,0,0,0,0
tukúb,VB,verb,"of animals, to catch and eat, to take the bait.",0,Neutral,0,0,0,0,0,-1,1,0,0,0,0,0,0,0,0,0,0,0,0,0,0
tukúd,NN,noun,"cane, staff, support.",0.402,Positive,1,0,1,1,0,0,-1,1,1,1,1,1,1,1,1,1,1,1,1,1,1
túkud,VB,verb,"to establish, to build, to put up.",0,Neutral,0,0,0,0,1,1,-1,0,0,0,0,0,0,0,1,0,0,0,0,0,0
tukún,NN,noun,pole used for support.,0.402,Positive,1,1,1,1,-1,0,1,1,1,-1,1,1,1,1,1,-1,1,1,1,1,1
tukús,VB,verb,to bid.,0,Neutral,0,1,0,0,1,1,0,0,0,0,0,0,0,0,0,0,0,0,0,0,1
tul-an,NN,noun,bone,0,Neutral,0,0,0,0,0,0,0,0,0,0,0,0,0,1,0,0,0,0,0,0,0
túlad,RB,adverb,"same, alike.",0,Neutral,0,0,0,0,-1,0,1,0,0,0,0,0,0,0,-1,1,0,0,0,0,0
tulak,VB,verb,to throw ; to pitch,0,Neutral,0,0,0,0,1,0,0,0,0,0,0,0,0,0,0,0,-1,1,0,0,0
tulak,VB,verb,to push away,0,Neutral,0,0,0,0,0,0,0,0,0,0,-1,0,0,1,0,-1,0,0,-1,0,0
tuláy,NN,noun,bridge.,0,Neutral,0,0,0,0,0,0,0,0,0,0,0,0,0,-1,0,0,0,0,0,0,-1
túlda,NN,noun,"tent, canvas cover or roofing.",0,Neutral,0,0,0,0,-1,0,0,1,0,0,-1,-1,0,0,0,0,0,0,0,0,0
túlin,VB,verb,"to order, to command.",0,Neutral,0,0,0,0,1,0,1,0,0,-1,0,0,-1,-1,0,0,1,1,0,0,0
túlis,VB,verb,"to hold up, to steal.",-0.494,Negative,-1,-1,-1,-1,0,-1,-1,-1,-1,-1,0,-1,-1,1,-1,-1,-1,-1,-1,-1,-1
túltug,VB,verb,"to strike, to beat, to pound with considerable force so as to make into powder.",-0.128,Negative,-1,-1,-1,-1,-1,-1,1,-1,1,-1,-1,-1,0,-1,1,-1,-1,-1,-1,-1,-1
túltul,VB,verb,"to know one’s way, to find one’s way.",0,Neutral,0,0,0,0,-1,1,0,0,0,0,0,0,0,0,1,-1,-1,0,-1,0,0
tulúd,VB,verb,to push.,0,Neutral,0,0,0,0,0,0,0,0,0,0,0,0,-1,-1,0,0,0,-1,0,-1,0
tulug,VB,verb,to sleep,0,Neutral,0,0,0,0,1,0,0,0,0,0,0,0,0,0,0,0,-1,0,0,0,0
tulug,NN,noun,sleep,0,Neutral,0,0,0,0,0,0,0,0,1,0,0,0,0,0,0,0,0,0,0,0,0
túlug,NN,noun,"sleep, slumber.",0,Neutral,0,0,0,0,0,0,0,0,0,0,0,0,0,-1,0,0,0,0,0,0,0
túlug,VB,verb,"to go to sleep, to fall asleep.",0,Neutral,0,0,0,0,0,0,0,0,-1,0,1,0,1,0,0,0,0,0,0,0,1
túluk,NN,noun,"glance, look, glimpse.",0,Neutral,0,0,0,0,0,0,0,0,0,0,1,-1,0,0,1,0,0,0,0,1,0
túluk,VB,verb,"to gaze at, to glimpse.",0,Neutral,0,0,0,0,0,0,0,0,0,0,0,0,0,0,0,1,0,0,0,0,0
tulún,VB,verb,"to swallow, to gulp down.",0,Neutral,0,0,0,0,0,0,0,0,0,0,0,0,1,0,0,0,0,-1,-1,0,0
tulún’an,NN,noun,book.,0,Neutral,0,0,0,0,0,0,0,0,0,0,1,-1,0,0,0,0,0,0,0,0,0
túlu’,NN,noun,"one drop, one drip.",-0.273,Negative,-1,0,-1,-1,0,0,-1,-1,-1,-1,-1,1,-1,-1,-1,0,-1,-1,-1,-1,-1
túlu’,VB,verb,"to drip, to leak, to fall in drops.",-0.34,Negative,-1,0,-1,-1,-1,-1,-1,-1,-1,0,-1,-1,-1,-1,-1,-1,-1,1,-1,-1,-1
túl’an,NN,noun,bone.,0,Neutral,0,0,0,0,0,-1,0,0,0,0,0,0,0,0,0,0,0,0,0,0,0
túl’id,VB,verb,to survey.,0,Neutral,0,0,0,0,0,0,0,0,0,0,0,0,1,0,0,-1,0,0,0,0,0
túman,VB,verb,"to obey, to accomplish as requested.",0.421,Positive,1,1,1,1,0,0,1,-1,1,1,1,1,1,1,-1,1,1,1,1,1,1
túmba,VB,verb,"to fall, to stumble.",0,Neutral,0,0,0,0,-1,-1,0,1,0,1,0,0,0,0,0,1,0,0,0,0,0
túmbaktúmbak,NN,noun,dragonfly.,0,Neutral,0,0,0,0,0,0,0,1,1,0,0,1,1,0,0,0,0,0,0,0,0
túmban,VB,verb,"to kick, to stamp on.",0,Neutral,0,0,0,0,0,0,0,0,0,0,0,0,-1,0,0,0,0,0,0,0,0
túmbas,JJ,adjective,"equal to, the same amount.",0,Neutral,0,0,0,0,0,0,0,0,0,-1,0,0,0,0,0,1,0,0,0,0,0
túmbas,VB,verb,"to pay off, to put up an amount equal to what is at stake.",-0.103,Negative,-1,0,-1,-1,1,-1,-1,0,-1,-1,0,-1,-1,-1,-1,-1,-1,-1,1,-1,-1
tumbayá’,VB,verb,"to neglect, to shake off responsibility.",-0.572,Negative,-1,-1,-1,-1,-1,-1,-1,-1,-1,-1,-1,-1,-1,-1,1,-1,-1,0,-1,-1,-1
túmbuk,NN,noun,"dot, period.",0,Neutral,0,0,0,0,1,1,1,0,0,0,0,0,0,0,0,0,0,0,0,0,0
túmbuk,VB,verb,to put a period or a dot.,0,Neutral,0,0,0,0,0,-1,-1,0,0,0,0,1,0,0,0,0,0,0,0,0,0
túmbu’,VB,verb,"to bound, to hop, to play with coins or bottle covers for head-or-tail game.",0.34,Positive,1,0,1,1,0,1,1,1,1,1,1,1,-1,1,0,1,1,1,1,1,-1
túmpi’,VB,verb,"to stack, to pile.",0,Neutral,0,0,0,0,1,1,0,0,0,0,-1,0,0,0,0,0,0,0,0,0,-1
túmpuk,NN,noun,"pile, group.",0,Neutral,0,0,0,0,0,0,0,1,-1,0,0,0,0,0,0,0,1,0,0,0,0
túmpuk,VB,verb,"to pile up, to group together, to put on one pile.",0,Neutral,0,0,0,0,0,0,0,0,0,0,0,0,0,0,0,0,0,0,0,0,0
túmud,VB,verb,to point at.,0,Neutral,0,0,0,0,-1,0,0,0,0,0,0,0,0,0,0,0,0,0,0,0,0
túm’uk,VB,verb,"to press down, to compress.",0,Neutral,0,0,0,0,-1,0,0,0,0,0,0,0,0,0,0,0,0,0,-1,0,-1
túna,VB,verb,"to give rise to, to be the cause of, to be the origin of.",0,Neutral,0,0,0,0,0,0,1,0,0,-1,0,1,0,0,0,0,0,1,0,0,0
túnaw,VB,verb,"to melt, to digest, to dissolve.",0,Neutral,0,0,0,0,0,0,0,0,1,0,0,0,0,0,0,0,0,0,0,0,0
túnay,JJ,adjective,"real, genuine, actual.",0,Neutral,0,1,0,0,0,0,0,-1,0,0,0,0,0,0,0,0,0,-1,0,0,0
túnda’,VB,verb,"to announce, to make public.",0,Neutral,0,0,0,0,0,0,0,0,0,0,0,-1,0,0,0,0,0,0,0,0,0
tungá’,NN,noun,"middle, center, half.",0,Neutral,0,0,0,0,0,0,0,0,0,0,0,0,0,0,0,1,0,1,0,0,0
tungá’,RB,adverb,between.,0,Neutral,0,0,0,0,1,0,0,1,0,0,0,0,0,0,0,0,0,0,0,1,0
tungá’,VB,verb,to divide in two.,0,Neutral,0,0,0,0,0,0,-1,1,0,0,0,0,0,0,0,0,0,0,0,0,0
tungá’túnga’,NN,noun,"bullseye, center, central figure.",0,Neutral,0,0,0,0,-1,0,-1,0,0,0,0,0,0,0,0,0,0,0,0,0,1
túnghul,VB,verb,"to hand over, to deliver personally.",0.494,Positive,1,1,1,1,0,1,1,1,1,1,1,0,1,1,1,1,1,1,1,0,1
túngtung,VB,verb,"to put on top, to place upon.",0.202,Positive,1,1,1,1,1,1,1,0,1,0,1,1,1,-1,1,1,1,1,1,1,1
tungúd,RB,adverb,"about, concerning, because.",0,Neutral,0,0,0,0,1,1,0,0,0,0,0,1,0,0,0,-1,0,0,0,0,0
tungúd,VB,verb,"to concern, to refer to.",0,Neutral,0,0,0,0,0,0,0,0,0,0,1,0,0,0,0,0,0,-1,0,0,0
tunok,NN,noun,thorn,0,Neutral,0,0,0,0,0,0,0,0,-1,0,0,0,0,-1,0,0,1,0,0,0,0
túntu,JJ,adjective,"stupid, ignorant, unsophisticated.",-0.772,Negative,-1,-1,-1,-1,1,1,-1,-1,-1,-1,-1,-1,-1,-1,-1,-1,-1,-1,-1,-1,-1
túntu,UH,interjection,"you idiot, stupid.",-0.772,Negative,-1,-1,-1,-1,1,0,-1,1,-1,-1,-1,1,-1,-1,-1,-1,-1,-1,-1,1,-1
túntun,VB,verb,"to lower down, to dangle.",-0.296,Negative,-1,-1,-1,-1,-1,1,-1,-1,0,-1,-1,-1,-1,-1,-1,-1,-1,-1,-1,-1,0
túnu,NN,noun,musical tune.,0,Neutral,0,0,0,0,-1,-1,-1,0,1,0,0,0,1,0,-1,0,0,0,0,0,-1
túnud,VB,verb,"to disappear, to sink.",-0.226,Negative,-1,-1,-1,-1,0,0,0,0,-1,-1,-1,-1,-1,-1,-1,-1,1,1,0,-1,-1
tunúg,NN,noun,"sound, tone.",0,Neutral,0,0,0,0,-1,-1,0,0,0,0,0,0,0,0,0,0,0,0,0,0,0
tunúg,VB,verb,"to make a sound, to sound.",0,Neutral,0,0,0,0,0,0,0,0,0,0,0,0,0,0,0,1,0,0,0,0,0
tunúk,NN,noun,"thorn, splinter.",0,Neutral,0,0,0,0,0,0,0,0,-1,0,-1,0,1,0,-1,0,0,0,0,0,0
tunúk,VB,verb,to be pricked with a thorn or splinter.,-0.153,Negative,-1,-1,-1,-1,0,0,-1,-1,-1,1,-1,-1,-1,1,-1,-1,-1,0,-1,-1,-1
tún’ug,NN,noun,dew.,0,Neutral,0,0,0,0,-1,-1,0,0,0,0,0,0,0,0,0,-1,0,-1,0,0,1
tuo,VB,verb,to believe,0,Neutral,0,0,0,0,0,0,0,0,0,0,0,0,0,0,0,0,0,0,0,0,0
tuô,JJ,adjective,right ( as in a direction ),0,Neutral,0,0,0,0,0,0,0,0,0,0,0,0,0,0,0,0,0,0,1,0,0
túpad,VB,verb,"to be at the side of, to sit beside someone.",0,Neutral,0,0,0,0,0,0,0,0,0,0,0,0,0,0,0,0,0,0,0,0,0
tupá’,VB,verb,to fall down upon.,0,Neutral,0,0,0,0,0,-1,0,0,0,0,0,0,0,1,0,0,0,0,0,0,0
túpung,RB,adverb,equal in length.,0,Neutral,0,0,0,0,0,0,0,0,-1,0,0,0,0,0,0,0,0,0,0,0,0
túpung,VB,verb,to make equal in length.,0,Neutral,0,0,0,0,1,-1,0,0,0,0,1,0,0,0,0,0,0,0,0,0,0
tusíno,NN,noun,"homemade bacon, salted pork.",0,Neutral,0,0,0,0,0,1,0,0,0,0,0,0,0,0,0,0,0,0,0,0,0
túsluk,VB,verb,"to pierce, to prick with a pointed end, to inject.",-0.34,Negative,-1,0,-1,-1,1,0,1,-1,-1,-1,-1,-1,-1,-1,-1,-1,-1,1,-1,-1,-1
túsngaw,VB,verb,"to blast, to burst.",0,Neutral,0,0,0,0,-1,-1,0,0,0,-1,0,0,0,0,0,0,0,0,0,0,0
tústa,NN,noun,"toast, toasted bread or food.",0,Neutral,0,0,0,0,0,0,0,-1,0,0,0,0,0,1,1,0,0,0,0,0,0
tústa,VB,verb,"to toast, to make brown.",0,Neutral,0,0,0,0,0,1,0,0,0,0,0,0,0,0,0,0,0,0,0,0,-1
túsu,JJ,adjective,"cunning, sly, shrewd.",0,Neutral,0,0,0,0,0,0,1,0,0,0,0,0,0,0,0,0,0,0,0,0,0
tús’un,VB,verb,to carry on the head.,0,Neutral,0,0,0,0,0,0,0,0,0,0,0,0,0,0,0,0,1,0,0,0,0
tutál,NN,noun,total.,0,Neutral,0,0,0,0,0,0,0,1,0,0,0,0,0,0,1,0,0,0,0,0,0
tutál,RB,adverb,"anyhow, anyway.",0,Neutral,0,0,0,0,0,0,0,0,-1,0,0,0,0,0,0,0,0,0,0,0,0
tútud,VB,verb,to set fire to.,-0.34,Negative,-1,0,-1,-1,0,0,-1,-1,-1,-1,-1,-1,-1,-1,-1,-1,-1,-1,0,1,-1
tútum,VB,verb,to become reliable.,0,Neutral,0,0,0,0,-1,-1,0,0,0,1,0,0,0,0,0,1,0,-1,0,0,0
tutúnlan,NN,noun,throat.,0,Neutral,0,0,0,0,0,0,0,0,0,1,-1,0,0,0,1,0,0,0,0,0,-1
túwang,VB,verb,"to help each other, to carry the load by sharing it with some others.",0.67,Positive,1,1,1,1,0,0,-1,1,1,1,0,1,1,1,1,-1,1,1,1,1,1
túwang,NN,noun,"shareholder, partner.",0,Neutral,0,0,0,0,1,1,1,0,0,0,0,0,0,0,0,0,1,0,0,0,0
tuwáy,NN,noun,clam.,0,Neutral,0,0,0,0,0,0,0,0,0,0,0,0,0,0,0,0,0,0,0,-1,0
túytuy,VB,verb,"to guide, to lead.",0,Neutral,0,0,0,0,0,0,0,0,0,0,0,1,0,0,0,0,0,0,0,0,0
tuyú,VB,verb,"to feel sleepy, to be drowsy.",0,Neutral,0,0,0,0,0,0,0,0,0,0,0,0,0,0,0,0,0,0,0,0,0
túyub,VB,verb,to whirl around.,0,Neutral,0,0,0,0,0,0,0,0,0,-1,0,1,0,0,-1,0,0,0,0,0,0
tuyu’,NN,noun,"intention, purpose, aim.",0,Neutral,0,0,0,0,0,0,0,0,0,0,0,0,0,1,0,0,0,0,1,0,-1
tuyu’,VB,verb,"to do intentionally, to plan for.",0,Neutral,0,0,0,0,0,0,1,0,1,1,0,0,0,0,0,0,0,1,0,0,1
túyu’,NN,noun,soy sauce.,0,Neutral,0,0,0,0,0,0,0,0,0,0,0,0,0,0,0,0,0,0,0,0,0
tú’ad,VB,verb,to accept one’s fault or error.,-0.421,Negative,-1,1,-1,-1,1,0,-1,0,-1,-1,-1,-1,-1,-1,-1,-1,-1,1,-1,-1,-1
tu’álya,NN,noun,towel.,0,Neutral,0,0,0,0,0,-1,1,0,0,0,0,0,0,0,0,0,0,0,0,0,1
tú’aw,VB,verb,"to cry out, to exclaim.",-0.477,Negative,-1,-1,-1,-1,0,1,-1,0,-1,0,-1,-1,-1,-1,-1,-1,-1,-1,-1,-1,-1
tú’ig,NN,noun,year.,0,Neutral,0,0,0,0,-1,-1,0,0,0,0,0,0,0,0,0,0,0,0,0,0,0
tú’igtú’ig,RB,adverb,"annually, yearly.",0,Neutral,0,0,0,0,-1,0,0,0,1,0,0,0,0,0,-1,0,0,0,0,0,0
tú’tu’,VB,verb,to reproach.,0,Neutral,0,0,0,0,1,0,0,0,-1,-1,0,0,0,0,0,0,0,0,1,0,0
tu’ú,NN,noun,right side.,0,Neutral,0,0,0,0,0,0,1,0,0,0,0,0,0,-1,1,0,0,0,0,0,0
tú’u,NN,noun,"belief, devotion.",0.459,Positive,1,1,1,1,0,0,1,0,1,1,1,1,1,1,1,1,1,1,0,0,1
tú’u,VB,verb,"to believe, to have the conviction.",0,Neutral,0,1,0,0,1,0,1,0,0,0,0,0,0,1,0,0,0,-1,0,1,0
tú’ud,JJ,adjective,"true, certain.",0.599,Positive,1,1,1,1,0,1,1,1,1,1,0,1,1,-1,1,1,1,0,0,1,1
tu’ún,NN,noun,"studies, learning, school work.",0,Neutral,0,1,0,0,1,1,0,0,0,-1,0,0,0,0,0,0,1,0,0,0,0
tu’ún,VB,verb,"to study, to learn.",0,Neutral,0,1,0,0,0,1,0,0,0,0,-1,0,0,0,0,0,0,0,0,0,0
tyábaw,NN,noun,"yell, scream, outburst.",-0.402,Negative,-1,-1,-1,-1,0,0,-1,-1,-1,-1,-1,-1,-1,-1,-1,-1,1,-1,-1,0,-1
tyábaw,VB,verb,"to shriek, to scream.",-0.402,Negative,-1,-1,-1,-1,-1,-1,-1,-1,-1,-1,-1,-1,-1,-1,0,-1,-1,-1,-1,1,-1
tyánggi,NN,noun,small corner store which carries a little bit of everything.,0,Neutral,0,0,0,0,-1,-1,0,0,0,1,0,0,0,0,-1,0,-1,0,0,0,0
tyémpo,NN,noun,"weather, climate, time.",0,Neutral,0,0,0,0,0,0,0,0,0,0,0,0,0,0,1,0,0,1,0,0,0
tyénda,NN,noun,"open market, supermarket which carries every possible item.",0,Neutral,0,0,0,0,0,0,0,0,0,0,0,0,0,0,0,0,-1,0,0,0,0
úba,VB,verb,"to take off, especially clothing, to denude.",0,Neutral,0,0,0,0,0,0,0,0,1,0,0,-1,0,-1,0,0,1,0,0,0,0
úbas,NN,noun,grape.,0,Neutral,0,0,0,0,0,1,0,0,0,0,0,0,0,0,0,0,0,0,-1,0,1
ubáy,VB,verb,"to guide, to direct.",0,Neutral,0,0,0,0,0,0,0,0,0,0,0,0,0,1,0,0,0,-1,0,1,0
úbi,NN,noun,violet yam.,0,Neutral,0,0,0,0,0,1,1,0,0,0,0,0,0,0,0,0,0,-1,0,0,0
ubú,NN,noun,cough.,0,Neutral,0,0,0,0,-1,0,0,0,0,0,0,0,0,0,0,0,0,0,1,0,0
ubú,VB,verb,"to cough, to have a cough.",0,Neutral,0,0,0,0,0,0,0,0,0,0,-1,0,0,0,-1,0,0,0,0,0,0
úbug,VB,verb,"to wade, to walk in water.",0,Neutral,0,0,0,0,0,0,0,0,0,0,0,0,0,0,0,1,0,0,0,0,0
ubús,RB,adverb,"below, under, beneath.",0,Neutral,0,0,0,0,0,-1,0,0,0,1,1,0,0,0,0,0,0,0,1,0,0
úbus,VB,verb,"to finish, to consume, to take the last bit.",0,Neutral,0,0,0,0,0,-1,1,0,0,0,0,0,0,0,0,0,1,0,0,1,0
údtu,NN,noun,noon.,0,Neutral,0,0,0,0,0,0,0,0,0,0,0,0,1,0,0,0,0,0,-1,0,-1
ugá,JJ,adjective,dry.,0,Neutral,0,0,0,0,0,0,0,0,0,-1,0,0,-1,0,0,0,0,0,0,0,0
ugá,VB,verb,"to dry, to get dry from heat.",0,Neutral,0,0,0,0,0,0,0,0,0,0,0,0,0,0,0,0,0,0,0,0,0
ugáling,CC,conjunction,"maybe, perhaps, but.",0,Neutral,0,0,0,0,0,0,0,0,0,1,0,0,0,0,0,0,0,0,0,0,0
ugáli’,NN,noun,"conduct, habit, behavior.",0,Neutral,0,0,0,0,-1,1,0,0,0,0,-1,0,0,-1,0,0,0,0,0,0,1
ugangan,NN,noun,parent-in-law,0,Neutral,0,0,0,0,1,0,-1,-1,0,0,0,-1,0,0,0,0,1,1,0,0,0
ugángan,NN,noun,father or mother-in-law.,0,Neutral,0,0,0,0,0,0,0,0,0,0,0,0,0,0,0,0,-1,0,-1,0,1
uganút,JJ,adjective,tough.,-0.128,Negative,-1,-1,-1,-1,0,0,-1,-1,-1,-1,-1,-1,-1,1,-1,-1,-1,-1,1,-1,-1
ugát,NN,noun,vein.,0,Neutral,0,0,0,0,1,0,0,0,0,0,0,0,0,0,0,-1,0,0,0,0,0
ugayúng,NN,noun,"drawl, groan, moan.",-0.153,Negative,-1,-1,-1,-1,0,0,-1,-1,-1,-1,-1,-1,-1,-1,-1,-1,1,-1,-1,-1,-1
úgbus,NN,noun,"of plants, bud.",0,Neutral,0,0,0,0,-1,-1,0,0,0,0,0,-1,0,0,0,0,0,0,0,0,0
ugís,JJ,adjective,"faded, worn out in appearance.",-0.296,Negative,-1,-1,-1,-1,0,0,-1,-1,-1,-1,-1,-1,-1,-1,0,-1,-1,-1,-1,-1,-1
ugís,VB,verb,"to fade in color, to look over used.",0,Neutral,0,0,0,0,-1,-1,0,-1,0,0,0,0,0,0,0,0,0,0,0,0,0
ugtu,NN,noun,noon,0,Neutral,0,0,0,0,0,0,1,-1,0,0,1,0,0,0,1,0,0,0,1,0,0
úgtu,NN,noun,variant of údtu.,0,Neutral,0,0,0,0,0,0,1,0,0,0,0,0,0,0,0,-1,0,0,1,0,0
ugút,NN,noun,"irritation, chagrin, madness.",-0.844,Negative,-1,-1,-1,-1,0,0,-1,-1,-1,-1,-1,-1,-1,-1,-1,-1,-1,-1,1,-1,1
ugút,VB,verb,"to feel chagrined, to be irritated.",-0.66,Negative,-1,-1,-1,-1,-1,-1,-1,-1,-1,-1,1,-1,-1,1,-1,-1,-1,0,1,0,-1
úguy’úguy,NN,noun,humming sound.,0,Neutral,0,0,0,0,0,-1,0,1,0,0,0,0,0,0,0,0,1,0,0,0,-1
uhaw,NN,noun,thirst,0,Neutral,0,0,0,0,0,0,0,0,0,0,0,0,0,0,0,0,0,0,0,0,0
úhaw,NN,noun,thirst.,0,Neutral,0,0,0,0,0,0,0,1,0,0,-1,0,0,0,0,-1,0,0,0,0,0
úhaw,VB,verb,to feel thirsty.,0,Neutral,0,0,0,0,0,1,0,0,0,0,1,0,0,0,0,0,0,-1,0,0,0
uhú,UH,interjection,"see, look.",0,Neutral,0,0,0,0,0,-1,-1,-1,0,0,0,0,0,0,0,0,0,0,0,0,0
úkbung,NN,noun,"tip, extreme end.",0,Neutral,0,0,0,0,0,0,-1,0,0,0,0,0,0,0,0,0,0,0,0,0,-1
úklab,VB,verb,"to separate from, to tear off from the surface, to detach.",0,Neutral,0,0,0,0,0,0,-1,0,0,0,0,0,1,0,0,0,0,0,1,0,0
ukún,CC,conjunction,or else.,0,Neutral,0,0,0,0,0,0,0,0,0,0,0,0,0,0,0,0,0,0,0,0,0
uláklub,NN,noun,eyelid.,0,Neutral,0,0,0,0,0,0,0,0,0,0,0,-1,0,0,0,0,1,0,0,0,0
ulan,NN,noun,rain,0,Neutral,0,0,0,0,0,0,0,0,0,0,0,0,1,0,0,0,0,0,1,0,0
ulán,NN,noun,rain;  rainy season.,-0.077,Negative,-1,-1,-1,-1,0,0,-1,-1,-1,-1,-1,-1,-1,1,-1,-1,-1,1,-1,-1,-1
uláng,NN,noun,"lobster, fresh water shrimp.",0.318,Positive,1,1,1,1,-1,1,1,1,-1,1,1,-1,1,0,1,-1,1,1,1,1,1
úlay,JJ,adjective,"chaste, virgin, pure.",0,Neutral,0,0,0,0,0,-1,0,0,0,0,0,0,0,0,0,0,-1,0,0,0,0
úla’,VB,verb,"to spill out, to pour out.",0,Neutral,0,0,0,0,0,0,0,0,0,0,0,0,0,0,0,1,0,0,0,0,1
úlhut,VB,verb,to pop out suddenly without warning.,0.258,Positive,1,1,1,1,-1,0,1,1,1,1,1,1,1,1,1,0,1,-1,-1,1,1
ulihí,RB,adverb,late.,0,Neutral,0,0,0,0,0,1,0,0,0,0,-1,0,0,0,0,0,-1,0,0,0,0
ulípun,NN,noun,"poor man, servant.",-0.477,Negative,-1,-1,-1,-1,0,0,1,-1,-1,-1,-1,-1,-1,-1,-1,-1,1,1,-1,-1,-1
ulípun,JJ,adjective,poor.,-0.477,Negative,-1,-1,-1,-1,-1,-1,-1,-1,-1,-1,-1,0,-1,-1,-1,1,-1,-1,-1,-1,-1
ulí’,VB,verb,"to go home, to go back to the house.",0,Neutral,0,0,0,0,1,-1,0,1,0,0,0,0,0,0,0,0,0,0,0,0,0
úli’,VB,verb,"to return, to give back.",0,Neutral,0,0,0,0,0,0,0,0,0,0,0,0,0,0,0,0,0,0,0,0,0
úli’,NN,noun formative,"ang ímu líbro, ha.",0,Neutral,0,0,0,0,0,0,0,0,0,0,0,0,0,0,0,0,0,0,0,-1,0
ulo,NN,noun,( anatomy ) head,0,Neutral,0,0,0,0,1,0,-1,0,0,0,1,0,0,0,0,0,0,0,0,0,0
ulod,NN,noun,worm,0,Neutral,0,0,0,0,0,1,0,0,0,0,-1,0,0,0,0,0,0,1,0,0,1
úlu,NN,noun,head.,0,Neutral,0,0,0,0,0,-1,0,0,0,0,0,0,0,0,0,0,0,0,0,0,0
úlu,VB,verb,"to head, to be master of, to chairman.",0,Neutral,0,0,0,0,0,-1,0,0,0,0,0,0,0,0,0,0,0,0,0,0,1
úlud,NN,noun,worm.,0,Neutral,0,0,0,0,0,0,-1,0,0,0,0,0,0,0,1,0,0,0,0,0,0
ulúnan,NN,noun,pillow.,0,Neutral,0,0,0,0,0,0,0,0,0,1,0,0,0,0,0,0,0,0,0,0,0
ulús,NN,noun,"cloth, fabric.",0,Neutral,0,0,0,0,0,0,0,0,0,0,0,0,0,0,0,0,-1,1,0,0,-1
ulú’úlu’,VB,verb,"to comfort, to win over, to talk kindly so as to win the favor of.",0.946,Positive,1,1,1,1,0,1,1,1,1,1,1,-1,1,1,1,-1,1,1,1,1,1
umá,NN,noun,"farm, cultivated field.",0,Neutral,0,0,0,0,1,1,0,0,0,0,0,0,0,0,-1,0,0,0,0,0,0
umágad,NN,noun,"daughter-in-law, son-in-law.",0,Neutral,0,0,0,0,0,0,1,1,0,0,0,0,0,0,0,0,0,0,0,0,0
umál,JJ,adjective,blunt.,0,Neutral,0,0,0,0,0,1,0,-1,0,0,0,0,0,0,0,0,0,0,0,0,0
umpisá,NN,noun,"beginning, start.",0,Neutral,0,0,0,0,0,1,0,0,0,0,0,0,0,0,0,0,0,0,0,1,1
umpisá,VB,verb,"to commence, to start.",0,Neutral,0,0,0,0,-1,-1,0,-1,0,0,-1,0,0,0,0,0,0,0,-1,0,0
úna,CD,numeral,one;  first.,0,Neutral,0,0,0,0,0,0,0,0,-1,0,-1,0,0,0,1,0,0,0,0,0,0
úna,VB,verb,"to go ahead, to overtake.",0,Neutral,0,0,0,0,0,0,0,-1,0,0,0,0,0,0,0,0,0,0,0,0,0
úna,NN,noun formative,kamí kay kadúgay sa íla.,0,Neutral,0,0,0,0,0,0,0,0,0,0,0,0,0,0,0,0,1,0,0,0,0
únat,JJ,adjective,"ductile, stretchable.",0,Neutral,0,0,0,0,0,0,0,0,0,1,0,0,0,0,0,-1,1,0,1,0,0
únat,VB,verb,to stretch.,0,Neutral,0,0,0,0,0,0,0,0,0,0,0,0,0,1,0,1,0,0,0,1,0
unáy,JJ,adjective,"constant, stationary, permanent.",0,Neutral,0,0,0,0,0,-1,0,0,0,1,0,0,0,0,0,0,0,0,0,0,0
unáy,VB,verb,to become permanent.,0,Neutral,0,0,0,0,0,0,0,0,0,0,0,0,0,0,0,1,0,0,0,-1,0
úndang,VB,verb,"to finish, to stop.",-0.296,Negative,-1,-1,-1,-1,0,1,-1,-1,-1,-1,-1,-1,-1,-1,0,-1,-1,-1,-1,1,1
ungál,NN,noun,"drawl, howl.",0,Neutral,0,0,0,0,-1,-1,0,0,1,0,-1,0,0,-1,0,1,0,0,0,0,-1
unsa,NN,noun,ounce,0,Neutral,0,0,0,0,0,0,0,-1,1,0,0,0,0,0,0,0,0,0,1,0,0
úntat,VB,verb,"to stop, to interrupt, to disrupt.",-0.557,Negative,-1,-1,-1,-1,1,0,-1,-1,-1,-1,1,-1,-1,-1,1,-1,-1,-1,-1,-1,-1
unúd,NN,noun,"flesh, meat, insides, contents.",0,Neutral,0,0,0,0,-1,-1,0,-1,0,-1,0,0,1,0,0,0,1,0,-1,0,0
únung,VB,verb,"to help out, to contribute towards the good end.",0.681,Positive,1,1,1,1,0,0,1,1,1,1,1,0,1,1,1,0,1,1,1,1,1
unús,NN,noun,storm.,0,Neutral,0,0,0,0,1,1,0,-1,0,0,0,0,0,0,0,0,1,1,0,0,0
upá,NN,noun,"bran, chaff.",0,Neutral,0,0,0,0,0,0,-1,0,1,0,0,0,0,0,0,-1,0,0,0,0,0
úpak,NN,noun,"peeling, skin of fruits.",0,Neutral,0,0,0,0,0,0,0,0,0,0,0,1,0,0,0,-1,0,0,0,0,-1
úpak,VB,verb,"to take the skin off, to peel.",0,Neutral,0,0,0,0,-1,1,0,0,0,0,0,0,0,0,0,0,0,0,0,0,0
upod,VB,verb,"to go with, to accompany",0,Neutral,0,0,0,0,1,0,0,0,1,1,0,0,0,0,0,0,0,0,-1,0,0
upod,VB,verb,to be with,0,Neutral,0,0,0,0,0,0,0,0,0,0,0,0,0,0,0,0,0,0,0,0,0
upod,VB,verb,to get along with,0,Neutral,0,0,0,0,1,0,1,0,1,0,0,0,0,0,0,0,0,0,0,0,0
upod,RB,adverb,"too , also , as well as",0.273,Positive,1,1,1,1,0,0,1,1,1,1,1,1,1,1,-1,1,1,1,1,1,1
upod,RB,adverb,again,0,Neutral,0,0,0,0,-1,1,0,0,0,0,1,0,0,1,0,0,0,0,1,0,0
upod,NN,noun,companion synonym: kaupod,0,Neutral,0,0,0,0,-1,0,0,0,0,0,0,0,0,0,-1,0,0,0,0,0,0
upúd,NN,noun,"companion, associate.",0,Neutral,0,0,0,0,1,0,0,0,0,0,0,0,0,0,0,0,0,0,0,0,0
upúd,VB,verb,"to go along with, to tag along.",0,Neutral,0,0,0,0,0,0,0,0,0,0,0,0,0,0,0,0,0,0,1,0,0
urang,NN,noun,shrimp ; prawn,0,Neutral,0,0,0,0,1,0,0,0,0,0,0,-1,1,0,0,0,0,0,0,0,0
urok,NN,noun,young pig ; piglet,0,Neutral,0,0,0,0,0,0,0,0,0,0,-1,1,0,0,0,0,0,0,-1,0,0
úrung,VB,verb,"to stop in surprise, or admiration.",0.527,Positive,1,1,1,1,-1,0,1,1,1,1,1,1,-1,1,1,1,-1,1,1,1,1
úrung,NN,noun formative,’urungán si mário pagkakíta’ niya kay mára.,0,Neutral,0,0,0,0,1,1,0,0,0,-1,0,1,0,0,0,0,0,1,0,0,0
usa,NN,noun,deer,0,Neutral,0,0,0,0,0,-1,1,1,0,0,1,0,0,0,0,0,0,0,0,0,0
usá,NN,noun,deer.,0,Neutral,0,0,0,0,0,0,0,0,-1,0,0,0,0,0,0,0,0,0,0,0,0
úsang,VB,verb,"to snarl, to fight like dogs, to chew like a dog.",0.34,Positive,1,1,1,1,0,0,1,1,1,1,1,-1,1,1,1,1,1,1,1,0,1
usár,VB,verb,to use.,0,Neutral,0,0,0,0,1,1,0,0,-1,0,0,0,0,0,1,0,0,0,0,1,0
úsbung,VB,verb,"to exhale, to give off steam or an odorous smell.",0,Neutral,0,0,0,0,0,-1,0,0,0,0,0,-1,0,0,1,0,0,0,0,0,0
úsik,VB,verb,"to waste, to make something into a waste for trivial reasons.",-0.691,Negative,-1,-1,-1,-1,0,0,-1,-1,-1,-1,-1,-1,-1,-1,-1,1,-1,-1,-1,-1,-1
usísa’,NN,noun,"inquiry, investigation.",0,Neutral,0,0,0,0,-1,-1,0,0,0,0,0,0,0,0,0,0,0,0,0,0,0
usísa’,VB,verb,"to inquire, to investigate, to check.",0,Neutral,0,0,0,0,1,-1,0,0,0,0,0,1,0,0,-1,0,0,-1,0,0,0
ústya,NN,noun,communion host used in roman catholic masses.,0,Neutral,0,0,0,0,-1,0,0,0,0,0,0,0,-1,0,0,0,0,0,1,0,-1
úsu,NN,noun,"fashion, fad, vogue.",0.226,Positive,1,1,1,1,0,0,1,1,1,1,1,1,1,1,0,1,1,1,1,1,1
uswag,VB,verb,to step back ; to make room ; to give way,0,Neutral,0,0,0,0,1,1,0,0,0,0,0,0,0,1,-1,-1,0,-1,0,0,0
uswag,VB,verb,to postpone,-0.226,Negative,-1,-1,-1,-1,1,0,-1,-1,-1,0,-1,-1,-1,0,0,-1,-1,-1,-1,-1,-1
uswag,VB,verb,to prosper ; to advance ; to progress,0.421,Positive,1,1,1,1,-1,1,1,1,1,1,1,1,1,1,-1,1,-1,1,1,1,-1
úswag,NN,noun,"prosperity, success, progress.",0.758,Positive,1,1,1,1,1,1,1,-1,1,1,1,1,0,1,1,1,1,-1,1,1,1
úswag,VB,verb,"to be successful, to progress, to develop.",0.765,Positive,1,1,1,1,-1,1,1,1,1,1,1,1,1,0,1,1,0,1,0,1,1
utak,NN,noun,knife synonym: kutsilyo,0,Neutral,0,0,0,0,0,1,0,0,0,-1,0,1,0,0,1,1,0,0,0,1,1
utak,NN,noun,bolo synonym: binangon,0,Neutral,0,0,0,0,0,0,0,0,1,1,0,0,0,0,0,0,0,0,0,0,-1
útan,NN,noun,vegetable.,0,Neutral,0,0,0,0,0,0,1,0,0,0,0,0,0,0,0,0,0,0,0,0,0
utang,NN,noun,debt,-0.361,Negative,-1,-1,-1,-1,0,0,-1,-1,-1,-1,-1,-1,-1,-1,-1,-1,-1,-1,-1,-1,-1
utang,NN,noun,credit,0.382,Positive,1,1,1,1,-1,1,1,1,-1,1,1,1,1,1,1,1,1,1,1,1,1
utang,VB,verb,to have a debt ; to owe,-0.361,Negative,-1,-1,-1,-1,1,1,-1,-1,-1,-1,-1,-1,-1,-1,-1,-1,-1,-1,-1,1,-1
utang,VB,verb,to borrow in credit,0.382,Positive,1,1,1,1,-1,-1,-1,-1,1,1,1,1,1,1,1,-1,-1,1,1,1,1
útang,NN,noun,"debt, credit.",0.026,Neutral,0,1,1,0,1,1,0,0,0,0,0,0,0,0,-1,0,0,0,0,0,0
utod,NN,noun,sibling,0,Neutral,0,0,0,0,1,1,1,0,0,0,0,0,1,0,0,0,0,0,0,0,0
utok,NN,noun,( anatomy ) brain ( organ ),0,Neutral,0,0,0,0,0,0,0,0,0,1,0,0,0,0,0,0,0,1,1,0,-1
utud,NN,noun,something cut off or broken off,-0.637,Negative,-1,-1,-1,-1,0,0,-1,-1,0,1,-1,-1,-1,-1,-1,-1,-1,0,-1,-1,-1
utud,NN,noun,sibling,0,Neutral,0,0,0,0,0,-1,0,0,0,0,0,0,0,0,1,-1,0,0,0,0,0
utud,JJ,adjective,severed ; cut off synonym: putol,-0.557,Negative,-1,-1,-1,-1,-1,0,-1,-1,-1,-1,-1,0,-1,-1,1,-1,-1,-1,-1,-1,-1
utud,VB,verb,to cut off ; to sever,-0.273,Negative,-1,-1,-1,-1,-1,-1,0,-1,-1,-1,-1,-1,-1,-1,-1,1,-1,-1,-1,-1,1
utud,VB,verb,to interrupt something ( such as a conversation ),-0.34,Negative,-1,-1,-1,-1,-1,-1,-1,0,-1,-1,-1,-1,-1,-1,-1,-1,-1,0,0,-1,-1
utud,VB,verb,to make someone one's sibling,0,Neutral,0,0,0,0,-1,0,0,0,0,0,0,0,0,0,0,0,0,0,0,0,0
utúd,VB,verb,"to sever, to cut off, to break off.",-0.273,Negative,-1,-1,-1,-1,0,0,-1,-1,-1,-1,-1,-1,1,-1,-1,-1,-1,-1,-1,-1,-1
útud,NN,noun,"sibling, brother, sister.",0,Neutral,0,0,0,0,-1,-1,0,1,0,0,0,0,0,0,-1,0,0,0,0,0,0
utud-utud,VB,verb,diminutive of utúd : to cut something off,-0.273,Negative,-1,-1,-1,-1,0,0,-1,-1,-1,-1,-1,-1,-1,-1,-1,-1,1,-1,0,-1,-1
útuk,NN,noun,brain.,0,Neutral,0,0,0,0,-1,-1,0,0,0,0,-1,0,0,0,0,0,0,0,0,1,0
uwák,NN,noun,"crow, raven.",0,Neutral,0,0,0,0,0,0,1,0,1,1,0,0,0,0,0,0,0,0,0,-1,1
úwang,VB,verb,"to howl loudly, to yelp like a helpless dog.",-0.128,Negative,-1,-1,-1,-1,0,0,-1,-1,-1,-1,1,-1,-1,-1,-1,-1,-1,-1,0,-1,0
uwáy,NN,noun,rattan.,0,Neutral,0,0,0,0,-1,-1,0,0,0,0,0,-1,0,0,0,0,0,0,0,0,0
úy,UH,interjection,"hey, oh.",0,Neutral,0,0,0,0,1,0,0,0,0,0,0,0,0,0,-1,0,0,0,0,1,0
uyang,NN,noun,grandmother,0,Neutral,0,0,0,0,0,0,0,0,0,1,0,0,-1,0,0,0,1,1,0,0,0
uyáng,NN,noun,food which fell off from the plate during meal time; wasted item.,-0.494,Negative,-1,-1,-1,-1,1,-1,-1,-1,-1,-1,-1,-1,1,-1,-1,-1,-1,-1,-1,-1,-1
uyáng,VB,verb,"to waste away, to be clumsy so as to drop food from a service plate.",-0.633,Negative,-1,-1,-1,-1,-1,-1,-1,0,-1,-1,-1,0,-1,-1,-1,0,-1,-1,-1,-1,-1
uyapús,NN,noun,"boil, swollen area in the skin.",0,Neutral,0,0,0,0,1,-1,0,0,-1,0,0,0,0,0,0,0,0,0,0,-1,0
úyat,VB,verb,"to hold, to grasp.",0,Neutral,0,0,0,0,0,0,1,0,0,0,0,0,-1,0,0,0,0,0,0,0,0
uyayá’,JJ,adjective,"careless, neglectful of personal appearance.",-0.67,Negative,-1,-1,-1,-1,0,0,-1,0,-1,-1,-1,-1,-1,-1,-1,-1,-1,-1,-1,-1,-1
uyon,VB,verb,to agree,0.361,Positive,1,1,1,1,0,-1,1,1,1,1,1,1,1,-1,1,1,1,1,1,1,1
úyug,VB,verb,to shake as of a tree.,-0.178,Negative,-1,-1,-1,-1,1,1,1,-1,-1,-1,-1,-1,-1,-1,-1,-1,-1,-1,-1,-1,-1
úyun,VB,verb,"to take a liking to, to be pleased with.",0.681,Positive,1,1,1,1,-1,1,1,1,1,1,1,1,1,1,1,1,0,1,1,-1,1
úy’uy,VB,verb,"to collapse, to weaken and fall.",-0.718,Negative,-1,-1,-1,-1,1,1,-1,-1,0,-1,0,-1,-1,-1,-1,-1,-1,-1,-1,0,0
waay,JJ,adjective,without,0,Neutral,0,0,0,0,-1,-1,0,0,-1,0,0,0,0,0,-1,0,0,0,0,0,0
wágkus,NN,noun,"belt, sash, waist band.",0,Neutral,0,0,0,0,0,0,0,0,0,0,0,0,-1,-1,0,0,0,0,0,0,0
wágwag,VB,verb,to scatter accidentally.,-0.34,Negative,-1,-1,-1,-1,-1,0,-1,-1,-1,-1,-1,-1,-1,-1,0,-1,-1,-1,-1,-1,1
walá,NN,noun,left side.,0,Neutral,0,0,0,0,0,1,0,0,0,0,0,0,0,0,1,0,0,0,0,-1,0
walá’,RB,adverb,"none, no.",0,Neutral,0,0,0,0,0,0,0,0,0,0,0,0,0,0,0,0,0,0,0,0,0
wáli,NN,noun,"sermon, preaching.",0,Neutral,0,0,0,0,-1,-1,-1,0,0,0,0,0,0,0,0,0,0,0,1,0,0
wáli,VB,verb,"to preach, to give a lecture or sermon.",0,Neutral,0,0,0,0,0,0,0,0,0,0,0,0,0,0,0,0,0,0,-1,0,0
walís,JJ,adjective,"ambidextrous, left-handed.",0,Neutral,0,0,0,0,1,0,0,0,0,1,0,0,0,-1,0,0,0,0,0,0,0
walú,CD,numeral,eight.,0,Neutral,0,0,0,0,0,0,-1,-1,0,0,0,0,1,-1,1,0,0,0,0,0,0
waráwag,NN,noun,"announcement, broadcast.",0,Neutral,0,0,0,0,0,0,0,0,0,0,0,0,0,0,0,0,0,0,0,1,0
waráwag,VB,verb,"to announce over the radio, to publish, to broadcast.",0,Neutral,0,0,0,0,0,1,0,0,0,0,0,0,0,0,0,0,0,0,1,0,-1
wasák,JJ,adjective,"destroyed, demolished.",-0.494,Negative,-1,-1,-1,-1,0,0,-1,-1,-1,-1,-1,-1,-1,-1,-1,-1,1,1,0,-1,1
wasák,VB,verb,"to destroy, to demolish, to take apart.",-0.542,Negative,-1,-1,-1,-1,1,-1,-1,-1,-1,-1,0,-1,0,1,-1,-1,-1,-1,-1,-1,-1
wasay,NN,noun,axe,-0.103,Negative,-1,-1,-1,-1,-1,-1,-1,1,-1,0,-1,-1,-1,-1,-1,-1,-1,-1,-1,-1,-1
wásay,NN,noun,"ax, hatchet.",0,Neutral,0,0,0,0,-1,1,0,0,0,-1,0,0,-1,0,0,0,0,-1,0,0,0
wásdak,VB,verb,"to crumble to pieces, to fall into pieces, to fall by accident.",-0.477,Negative,-1,-1,-1,-1,0,-1,-1,-1,-1,-1,-1,-1,-1,-1,-1,1,-1,-1,-1,-1,-1
wáslik,VB,verb,to shake off from the hand with considerable force.,0.361,Positive,1,1,1,1,-1,-1,1,1,1,1,1,1,1,1,1,1,1,1,1,1,1
wáswas,VB,verb,to shake out clothes.,-0.178,Negative,-1,-1,-1,-1,0,1,-1,-1,-1,-1,-1,-1,-1,0,-1,-1,-1,0,-1,-1,-1
wás’ag,VB,verb,"to scatter, to spread after being broken.",-0.477,Negative,-1,-1,-1,-1,-1,-1,-1,0,-1,-1,-1,-1,-1,-1,-1,0,-1,-1,-1,-1,-1
wayang,NN,noun,"open plain , extensive grounds in a broad valley , or the like",0.361,Positive,1,1,1,1,-1,-1,1,1,1,-1,1,1,1,1,1,1,1,1,0,1,1
wíli,VB,verb,"to be amused, to entertain.",0.625,Positive,1,1,1,1,1,1,1,1,1,1,1,1,1,1,1,1,1,1,1,1,1
wisík,VB,verb,"to sprinkle with the hand, to spray with the hand.",0.751,Positive,1,1,1,1,1,1,1,1,0,1,1,-1,1,1,1,1,1,1,1,-1,1
y,CC,conjunction,"and, for time.",0,Neutral,0,0,0,0,-1,1,0,0,0,1,0,0,0,0,0,0,0,0,0,0,0
yábi,NN,noun,key.,0,Neutral,0,0,0,0,0,0,0,0,0,-1,0,0,0,0,-1,0,0,0,0,-1,0
yáb’uk,NN,noun,"dust, dirt.",-0.34,Negative,-1,-1,-1,-1,0,0,-1,-1,-1,-1,-1,-1,1,-1,-1,-1,-1,1,-1,-1,-1
yádtu,DT,deictic,"objective demonstrative meaning there, far from both the speaker and the listener.",0,Neutral,0,0,0,0,-1,-1,0,0,0,0,0,0,0,-1,0,0,0,0,-1,0,0
yágpis,JJ,adjective,"lanky, thin.",0,Neutral,0,0,0,0,1,-1,0,1,0,0,0,0,0,0,0,0,0,0,-1,1,-1
yahong,NN,noun,bowl,0,Neutral,0,0,0,0,0,-1,0,0,0,1,-1,-1,-1,0,0,0,1,0,0,0,0
yahúng,NN,noun,"bowl, bowl container for food.",0,Neutral,0,0,0,0,0,0,0,0,0,1,0,0,0,0,0,1,0,0,-1,1,0
yámu’,VB,verb,to complain.,-0.361,Negative,-1,-1,-1,-1,0,-1,-1,-1,-1,-1,-1,-1,-1,0,-1,-1,-1,-1,-1,-1,-1
yánghag,VB,verb,to stare at.,0,Neutral,0,0,0,0,0,-1,0,0,0,0,0,1,0,0,0,0,0,0,-1,0,0
yángkutyángkut,NN,noun,miscellaneous.,0,Neutral,0,0,0,0,0,0,0,0,0,0,0,0,0,0,1,0,0,0,1,0,0
yaníb,VB,verb,to surrender.,0,Neutral,0,0,0,0,0,0,0,0,0,1,-1,1,0,0,0,0,0,0,0,-1,0
yánu,JJ,adjective,"plain, simple, solid in color.",0.153,Positive,1,1,1,1,0,0,0,1,1,0,1,1,1,1,1,1,1,1,1,1,1
yára’,DT,deictic,"objective demonstrative meaning there, far from the speaker.",0,Neutral,0,0,0,0,1,1,0,0,0,0,0,1,0,0,0,0,0,0,-1,0,0
yárda,NN,noun,"yardstick, yard.",0,Neutral,0,0,0,0,1,0,0,1,0,0,-1,0,0,0,-1,0,0,0,0,0,0
yári,DT,deictic,"objective demonstrative meaning here, near the speaker.",0,Neutral,0,0,0,0,1,0,0,0,0,0,0,0,0,0,0,0,0,0,-1,0,0
yawa,NN,noun,devil ; evil spirit ; demon,-0.844,Negative,-1,-1,-1,-1,0,0,-1,-1,1,-1,-1,-1,-1,-1,-1,-1,-1,0,-1,-1,1
yawa,UH,interjection,( vulgar ) term of abuse,-0.637,Negative,-1,-1,-1,-1,-1,-1,-1,1,-1,1,-1,-1,0,-1,1,-1,-1,-1,-1,-1,0
yáwa’,NN,noun,devil.,-0.66,Negative,-1,-1,-1,-1,0,-1,-1,-1,-1,-1,-1,-1,-1,-1,-1,-1,-1,-1,-1,-1,-1
yáwyaw,VB,verb,"to scold, to quarrel on top of one’s voice.",-0.226,Negative,-1,-1,-1,-1,-1,0,-1,-1,-1,-1,-1,-1,-1,0,-1,-1,-1,-1,-1,-1,0
yáyung,VB,verb,"to bear, to carry something between two people, to transport a heavy object by having two people carry it on each end.",0,Neutral,0,0,0,0,0,-1,0,0,0,0,0,0,0,0,0,0,0,0,0,0,0
ya’úb,VB,verb,"to kneel down and bend one’s face until it touches the ground, to capitulate.",0,Neutral,0,0,0,0,-1,0,0,0,0,0,0,0,0,0,0,-1,0,-1,1,0,0
yélo,NN,noun,ice.,0,Neutral,0,0,0,0,1,0,0,0,-1,0,0,0,0,0,0,0,0,0,0,0,0
yúbit,VB,verb,"to tease, to make fun of, to ridicule.",-0.25,Negative,-1,-1,-1,-1,0,0,-1,-1,-1,-1,-1,-1,-1,1,-1,-1,-1,-1,1,-1,0
yúdu,NN,noun,iodine.,0,Neutral,0,0,0,0,1,-1,-1,0,0,1,0,0,0,0,1,0,0,0,0,0,0
yúdyud,VB,verb,"to pull, to drag on the ground.",-0.226,Negative,-1,-1,-1,-1,1,0,-1,-1,-1,1,-1,1,-1,1,-1,1,-1,-1,-1,-1,0
yuhúm,NN,noun,"smile, grin.",0.681,Positive,1,1,1,1,-1,-1,1,1,1,1,1,1,1,1,1,1,1,1,1,1,1
yukút,JJ,adjective,"crumpled, wrinkled.",0,Neutral,0,0,0,0,1,1,0,0,0,0,0,0,0,0,0,0,0,1,0,0,0
yukút,VB,verb,"to crumple, to make wrinkles on.",0,Neutral,0,0,0,0,0,0,0,0,0,0,0,-1,-1,0,-1,0,0,0,0,0,0
yupúk,NN,noun,dimple.,0,Neutral,0,0,0,0,1,0,0,0,0,0,0,0,0,1,0,0,1,0,1,1,0
yurópa,NN,noun,europe.,0,Neutral,0,0,0,0,1,0,0,0,0,0,0,0,0,0,-1,1,0,0,0,0,0