word,pos_symbol,pos_word,meaning
a,pt,particle,"oh, well, hesitating filler."
-a,va,verbal affix,affix.
abakáda,n,noun,alphabet.
abága,n,noun,shoulder.
abalóryo,n,noun,"rosary beads, strung beads, necklace."
ábay,n,noun,"of weddings, witness."
abáw,intj,interjection,"oh, wow, really."
aberíya,v,verb,"to have engine trouble, to stop."
abí’,pt,particle,"let me see, would you please, hey, excuse please."
ábi’ábi,v,verb,"to greet, to shake hands with."
ábi’ábi,adj,adjective,"kind, friendly, civil."
abogádo,n,noun,"lawyer, attorney-at-law."
abóso,n,noun,abuse.
abóso,v,verb,"to abuse, to take advantage of."
ábri,v,verb,"to unlock, to unfasten, to open."
abríl,n,noun,april.
ábtik,adj,adjective,"active, brisk, lively."
abú,n,noun,ash.
abúnu,n,noun,fertilizer.
abúnu,v,verb,to fertilize.
abút,v,verb,"to arrive, to reach, to come to."
abút,adj,adjective,"cranky, irritable, moody."
alabútun,na,noun formative,ang tigúlang.
ábyan,n,noun,"friend, buddy."
ákig,n,noun,"anger, hatred."
ákig,v,verb,"to be angry, to scold."
akú,pr,pronoun,"i, me (first person singular nominal pronoun)."
áku’,v,verb,"to own, to claim, to promise, to swear, to admit."
ákun,pr,pronoun,"my, mine (first person singular pre-possessive pronoun)."
ádlaw,n,noun,"day, birthday, anniversary."
ádlaw’ádlaw,adv,adverb,"daily, everyday."
-ado,aa,adjective formative,formative affix designating conditions or state of being.
ága,n,noun,morning.
agálun,n,noun,"master, boss."
ágaw,v,verb,"to grab, to seize, to take by force, to usurp."
ágay,v,verb,"to flow slowly, to drip in small drops."
ágbay,v,verb,to put one’s arm on or about the shoulder of another person.
ágda,v,verb,"to ask, to invite."
ági,n,noun,"handwriting;  way, means."
ági,v,verb,"to pass by for something, to pass through."
agí’,n,noun,hermaphrodite.
agí’,adj,adjective,"effeminate, sissy."
agósto,n,noun,august.
agrimensór,n,noun,surveyor.
ágsa,v,verb,to work another’s field for part of the produce.
ágsa,n,noun,tenant.
ágsik,v,verb,"to fly off, to scatter, to spray."
ágtang,n,noun,forehead.
agúd,con,conjunction,so that.
águm,v,verb,"to obtain, to attain, to achieve, to possess."
águm,n,noun,"possessions, things."
ágwa,n,noun,"perfume, cologne."
agwánta,v,verb,"to bear, to tolerate, to suffer."
ahá’,v,verb,"to insist, to ask fervently."
ahénsya,n,noun,pawnshop.
ahénte,n,noun,agent.
áhos,n,noun,garlic.
alabá’ab,adj,adjective,"of liquid, lukewarm."
álak,n,noun,"hard drink, liquor."
alágad,n,noun,adopted person.
alágad,v,verb,"to adopt, to take care of someone."
aláhas,n,noun,jewelry.
álam,n,noun,"wisdom, knowledge."
álam,adj,adjective,"bright, smart, brilliant."
álam,v,verb,"to become smart, to become brilliant."
alámbre,n,noun,wire.
alangá’ang,n,noun,slight fever.
alangá’ang,adj,adjective,"feverish, having a slight temperature."
álang’álang,adj,adjective,"doubtful, immature."
álang’álang,v,verb,to hesitate.
alangáy,adj,adjective,"equal, the same."
alás,pt,particle,time particle used with time-telling from dos until dose.
álat,n,noun,saltiness.
álat,adj,adjective,salty.
alát,n,noun,native basket made of woven bamboo strips.
álay,v,verb,to be still through constant tension of the muscles.
aláy’ay,v,verb,"to cradle, to support, to hold arms under some person or thing so as to support."
alkálde,n,noun,mayor.
alkánse,n,noun,loss in terms of money.
alkánse,v,verb,"to lose some amount due to mismanagement in selling, to fail to gain."
alkánse,na,noun formative,’alkánse akú sa pagbalígya’.
alkansíya,n,noun,"coin bank, empty coconut shell used as a coin bank."
alkítran,n,noun,"tar, asphalt."
alibángbang,n,noun,butterfly.
aligútgut,n,noun,"rage, wrath."
alimángu,n,noun,crab.
alipúlus,n,noun,"cyclone, eddy."
alíntun,v,verb,"to transfer, to hand down."
alísto,adj,adjective,"alert, ready, prompt."
almasín,n,noun,"store, small market."
almidól,n,noun,starch.
almiránte,n,noun,"of the navy, admiral."
alpabéto,n,noun,alphabet.
alpómbra,n,noun,"carpet, rug."
álsa,v,verb,"to raise, to lift, to elevate slightly."
alúm,n,noun,mole.
alúng’ung,n,noun,"opinion, idea, thought, knowledge."
áman,v,verb,to prepare.
amargóso,n,noun,bitter melon.
amát’amát,adv,adverb,"gradually, little by little."
amát’amát,v,verb,"to start slowly, to gain speed, to leave one by one."
amáy,n,noun,father.
ámba,n,noun,"prayer, chant, song."
ámba,v,verb,"to sing, to pray, to adore."
ámbit,v,verb,"to participate, to share in."
ámbung,n,noun,"radiance, beauty."
ámbung,adj,adjective,"radiant, effulgent, beautiful."
ámbut,id,idiom,i don’t know.
amérika,n,noun,america.
amerikána,n,noun,"formal coat for men, female american citizen."
amerikáno,n,noun,american citizen.
amidúl,n,noun,variant of almidúl.
amígo,n,noun,"friend, buddy."
amimíluk,n,noun,eyelash.
amínhan,n,noun,north.
ámlig,v,verb,"to handle with care, to be, careful."
ámpu’,n,noun,"prayer, pleading."
ámpu’,v,verb,"to pray, to beseech, to beg, to plead."
ámu,n,noun,"boss, employer, master."
amú,pr,pronoun,"it, that."
amú,adv,adverb,similarly.
amú’,n,noun,monkey.
amúma,v,verb,"to be hospitable, to entertain."
ámun,pr,pronoun,"our, ours (first person exclusive plural pre-possessive pronoun)."
ámut,n,noun,"subscription, donation, contribution."
ámut,v,verb,"to contribute, to help by giving something."
ámyun,adj,adjective,fragrant.
1-an,va,verbal affix,"infinitive, benefactive-locative focus affix."
2-an,va,verbal affix,designating reciprocity of action.
3-an,na,noun formative,noun formative affix designating a container or a place where an action occurs.
anák,n,noun,child.
anák,v,verb,"to bear a child, to give birth, to be godparent to a child during baptism or confirmation."
1-anan,na,noun formative,noun formative affix denoting reciprocal action.
2-anan,va,verbal affix,designating reciprocity of action.
anád,adj,adjective,"usual, sophisticated, accustomed to."
anád,v,verb,"to be accustomed to, to make familiar through experience."
ánay,pt,particle,"please, wait a minute."
ánay,n,noun,termite.
-ánay,na,noun formative,variant of -ánan.
ánaw,n,noun,"deluge, great flood."
ándam,v,verb,"to be cautious, to be careful, to beware, to be prepared."
andámyu,n,noun,gangplank.
ándar,v,verb,"to function, to work."
anhíng,adj,adjective,"late, departed, living comparatively recently."
áni,n,noun,"harvest, produce."
áni,v,verb,"to harvest, to reap."
aningál,v,verb,to have the delusion of hearing a familiar sound.
ántes,adv,adverb,"earlier, before, in advance, previously."
antígu,v,verb,"to know, to be knowledgeable."
ánting’ánting,n,noun,"amulet, talisman."
antipatikú,adj,adjective,"unsympathetic, settled aversion."
ántud,adj,adjective,"fetid, of odor, burnt."
ántus,v,verb,"to bear, to suffer, to endure."
antyúhus,n,noun,"spectacles, eyeglasses."
anu,pr,pronoun,what.
anu,v,verb,"to become, to do with."
ánud,v,verb,"to drift, to flow with the current."
ánum,num,numeral,six.
1-ánun,aa,adjective formative,formative affix attached to nouns to designate abundance in possession.
2-anun,na,noun formative,noun formative affix designating state of being.
anúnsyo,n,noun,"announcement, broadcast."
anúnsyo,v,verb,"to announce, to broadcast, to make public."
ányag,adj,adjective,"beautiful, pretty."
ányo,n,noun,year.
áng,pt,particle,definite noun marker.
ángay,adj,adjective,"appropriate, becoming."
ángay,v,verb,"to be well matched, to be equal, to look becoming, to fit."
ángkab,v,verb,"of animals, to snap, to bite, to seize with teeth so as to grip or bite."
ángkla,n,noun,anchor.
ángkun,v,verb,"to acquire, to attain, to possess."
ángga’,n,noun,"nickname, pet name."
ángga’,v,verb,"to fondle, to caress, to pet, to care for very much."
ánggid,adj,adjective,"alike, similar."
ánggid,v,verb,"to be alike, to compare."
angút,v,verb,"to join together, to tie together, to fasten together."
ápa,n,noun,cone.
apá’,n,noun,"mute, dumb."
ápang,con,conjunction,"but, however."
aparadór,n,noun,"closet, cabinet."
ápas,v,verb,"to follow, to go after."
ápat,num,numeral,four;  forty; /ika-/ fourth; /napulug-/ fourteen.
ápdu,n,noun,gall bladder.
apelyédo,n,noun,"surname, last name."
ápin,v,verb,"to support, to side with, to be an ally to, to defend."
apínas,adj,adjective,scarce.
aplá’ag,v,verb,"to spread, to break and scatter."
apú,n,noun,grandchild.
ápuk,v,verb,"to throw, to be blown aside."
ápug,n,noun,lime.
apurá,v,verb,"to make haste, to hasten."
ára’,d,deictic,there (short form to mean far from the speaker).
arádu,n,noun,plow.
arádu,v,verb,"to plow, to use a plow to break up or turn the soil."
árko,n,noun,arch.
aresgádo,adj,adjective,"adventurous, daring, foolhardy."
ári,d,deictic,here (short form to mean near the speaker).
arí’arí,adj,adjective,stunted in growth.
aritmétika,n,noun,arithmetic.
arítus,n,noun,earring.
ármas,n,noun,"weapon, arms."
árte,n,noun,"art, design, decoration;  actor, actress."
árte,adj,adjective,"creative, artistic, vain."
artíkulo,n,noun,article.
arúy,intj,interjection,ouch.
-aryo,na,noun formative,noun formative affix designating state of being.
ásab,adj,adjective,"voracious, gluttonous, ravenous."
asál,v,verb,to roast particularly on a pit.
ásang,n,noun,fish gill.
asáwa,n,noun,wife.
asáwa,v,verb,"to take a wife, to marry."
aséro,n,noun,steel.
asílo,n,noun,"sanctuary, institution of relief or care for the destitute or afflicted."
asikáso,v,verb,"to take care of, to attend to."
asín,n,noun,salt.
asín,adj,adjective,salty.
áslum,n,noun,sourness.
áslum,adj,adjective,sour.
asú,n,noun,smoke.
asú,v,verb,to smoke.
asúkar,n,noun,refined sugar.
asúgi,n,noun,"mercury, quicksilver."
asúl,adj,adjective,blue.
asúntu,n,noun,"lawsuit, a case before a court."
áswang,n,noun,"witch, sorceress."
asyendéro,n,noun,"big landowner, sugar magnate."
atataró,n,noun,caterpillar.
atáke,v,verb,"to attack, to assault, to fall upon."
atáy,n,noun,liver.
atendér,v,verb,"to attend to, to look after."
aténsyon,n,noun,attention.
áthag,adj,adjective,"clear, distinct."
atí,n,noun,"to rob, to plunder, to steal, to sack."
atipán,v,verb,"to take care of, to attend to."
atipuyúng,v,verb,"to be dizzy, to feel faint."
átras,v,verb,"to go behind, to move back."
atráso,adj,adjective,"late, delayed."
atsára,n,noun,pickled green papaya.
atú,d,deictic,"that (short form to mean yonder, far from both the speaker and the listener)."
atúbang,v,verb,"to face, to confront, to stand before."
atúbang,adv,adverb,in front of.
átun,pr,pronoun,"our, ours (first person inclusive pre-possessive pronoun)."
atúp,n,noun,roof.
atutúli,n,noun,earwax.
áwa’,n,noun,"mercy, compassion, pity."
áwa’,v,verb,to have compassion for.
áwas,v,verb,to overflow.
awát,v,verb,"to annoy, to waste another person’s time, to delay."
áway,n,noun,"combat, fight, assault.;  opponent."
áway,v,verb,"to fight, to go to war."
áwto,n,noun,"car, automobile."
áy,intj,interjection,"oh, ouch, oh no."
-ay,va,verbal affix,variant of -an.
ayág,v,verb,"to sift, to screen, to strain."
ayám,v,verb,to hunt.
ayáp,v,verb,"to adopt, to be willing to accept something new, to take up and practice as one’s own."
ayáw,v,verb,"to have more than enough, to be satiated, to be abundantly fed."
ayáw,na,noun formative,’ayáwan si pédro sang pagká’un.
áyhan,con,conjunction,"perhaps, therefore."
áyu,v,verb,"to become well, to fix something to make it work, to become good."
áyu,adj,adjective,"fine, good, well."
áyu’,n,noun,"bargain, discount."
áyu’,v,verb,"to bargain, to ask for a discount."
bá’bá,n,noun,mouth.
babáyi,n,noun,"female, woman."
bábuy,n,noun,"pig, pork."
báka,n,noun,"cow, beef."
baká’,adj,adjective,"bow-legged, walking as if under a strain."
baká’,v,verb,to walk under weight.
bakág,v,verb,"to get annoyed, to lose one’s patience."
bakál,v,verb,"to buy, to purchase."
bakasyón,n,noun,"vacation, leisure trip."
bakasyón,v,verb,"to take a vacation, to go on a trip."
bákbak,v,verb,to strip off.
bákhaw,n,noun,mangrove.
bákhu’,v,verb,"to sigh, to moan, to lament."
báknal,adj,adjective,"burdensome, onerous, bulky."
báknit,v,verb,"to nudge, to pinch, to pluck."
bákud,adj,adjective,"strong, stiff."
bákud,v,verb,"to become strong, to stiffen."
bákul,v,verb,to beat or baffle with blows using a piece of wood or a piece of metal.
bakúlud,n,noun,"slope, hill."
bakúna,n,noun,vaccination.
bakúna,v,verb,to vaccinate.
bádlu’,n,noun,phlegm.
bádlung,v,verb,"to point out a fault or mistake, to correct by telling a person."
bága,n,noun,"ember, live coal."
bagáhe,n,noun,"luggage, piece of baggage, cargo."
bagáng,v,verb,"to heat, to make red hot."
baganíhan,n,noun,hero.
bagásu,n,noun,bagasse.
bagátnan,n,noun,south.
bágay,n,noun,"thing, idea, notion, effects."
bágid,v,verb,"to rub together, to strike together."
bágid,adj,adjective,"of fruits, unripe, nearly ripe."
bágrung,n,noun,"roaring sound, thunderous sound."
bágrung,v,verb,"to roar, to thunder, to make a deafening sound."
bágrut,v,verb,to gnash or grind one’s teeth.
bágsak,n,noun,bedbug.
bágting,v,verb,"to ring a bell, to toll."
bágtung,v,verb,to wrap in a bundle especially with a woven cloth.
bágu,adv,adverb,before.
bág’u,adj,adjective,"new, recent, unfamiliar, novel."
bág’u,v,verb,"to make new, to change, to renew."
bagúl,n,noun,hard shell of the coconut.
bágyu,n,noun,"rainstorm, typhoon, hurricane."
bágyu,v,verb,"to be stormy, to be forceful."
bahá’,n,noun,flood.
bahá’,v,verb,to cover with a flood.
bahála’,v,verb,to be responsible for.
báhin,n,noun,"part, chapter, share."
báhin,v,verb,"to divide, to deal with‚ to make small parts of."
báhit,v,verb,to take something out from the fire.
báhu,n,noun,"of music, bass."
báhu’,n,noun,"smell, odor, stink."
báhu’,adj,adjective,"odorous, pungent, acrid smelling, stinking."
bahúg,n,noun,food for pigs.
bahúg,v,verb,"of animals, to feed swine, or any animal; of people, to eat mixed foods simultaneously."
bahúl,adj,adjective,"coarse, loose or rough texture."
bahún,n,noun,sneeze.
bahún,v,verb,to sneeze.
bá’id,v,verb,"to sharpen, to rub against a stone so as to sharpen."
bá’is,v,verb,"to argue, to dispute, to debate."
bála,n,noun,bullet.
balá,pt,particle,question particle to express doubt or uncertainty; tag question particle.
balá’an,adj,adjective,"divine, godlike, heavenly."
balábag,v,verb,"to frustrate, to block, to lay across as of a log."
baláka,v,verb,"to feel concerned about something or somebody, to worry."
bál’ag,v,verb,"to file, to rub and make smooth with a file."
balágun,n,noun,"vine, climbing plant."
balahíbu,n,noun,"of animals, fur; of people, skin hair."
balának,n,noun,mullet.
balánse,v,verb,"to balance, to shift, to bring to a state of equipoise or stability."
balangáw,n,noun,rainbow.
balás,n,noun,sand.
balása,v,verb,"to shuffle, to mix up as of cards."
balasúbas,adj,adjective,"rowdy, rude, good-for-nothing, inconsiderate."
balatí’an,n,noun,"disease, illness, feeling, physical condition."
balatí’an,v,verb,"to suffer from a disease, to be sick."
baláy,n,noun,"house, home, dwelling, building."
baláy,v,verb,"to build a house, to put up a house or building."
bálaybálay,n,noun,playhouse.
bálaybálay,v,verb,to go from one house to another.
baláybay,n,noun,"verse, recitation, rhyme, poetry."
balbolá,n,noun,valve.
bálda,n,noun,"pain, sickness, ache, soreness."
bálda,adj,adjective,"paralytic, sickly, low resistance against illness."
báldi,n,noun,"bucket, pail."
baldúsa,n,noun,"concrete pavement, cemented floor."
bále,v,verb,"to be about, to amount to, to equal to."
bálhas,n,noun,"perspiration, sweat, condensation."
bálhas,v,verb,"to perspire, to sweat."
bálhin,v,verb,"to change, to exchange."
balí’,n,noun,"fracture, break."
balí’,adj,adjective,"broken, fractured."
balí’,v,verb,"to break, to fracture, to rapture."
balíbad,n,noun,"excuse, reason, refusal."
balíbad,v,verb,"to find an excuse, to give a reason, to refuse."
balík,v,verb,"to come back, to return, to retrace one’s steps."
balikawáng,n,noun,hip.
balikíd,v,verb,"to turn one’s head to look back, to turn over to the other side in a lying position."
balígya’,n,noun,goods for sale.
balígya’,v,verb,"to sell, to dispose of by sale."
balískad,v,verb,"to turn upside down, to invert, to turn over."
balíswa’,v,verb,"to turn over, to turn upside down, to invert."
balíta’,n,noun,"news, report."
balíta’,v,verb,"to inform, to tell the news, to report."
bálu,n,noun,"widow, widower."
balú’,n,noun,"knot, loop, bow."
balú’,v,verb,"to entwine, to knot, to tie in a loop or bow."
balúd,n,noun,ocean wave.
balúd,adj,adjective,"rough seas, wavy."
bálun,n,noun,"provisions, a stock of needed materials or supplies collected beforehand."
bálun,v,verb,"to take provisions along, to bring money or food on a trip."
balúta,n,noun,ballot.
bálsa,n,noun,"raft, ferry, a native raft made of tied bamboo trunks."
bálus,n,noun,"answer, reply, revenge, reprisal, reward, vendetta."
bálus,v,verb,"to answer, to reply, to strike back, to take revenge on."
balúskay,v,verb,"to rummage, to make a thorough search."
balút,n,noun,"unhatched embryo of duck or chicken, boiled and eaten as a delicacy."
balyéna,n,noun,whale.
bána,n,noun,husband.
baná’ag,n,noun,"dawn, early morning, rays of the sun."
banás,n,noun,"path, a footpath through uncleared areas."
bánda,n,noun,"cord or strip of material serving chiefly for decoration, a music band or group of musicians organized for playing together."
bandehádo,n,noun,platter.
bandéra,n,noun,flag.
bándo,n,noun,"announcement, broadcast, declaration."
bándo,v,verb,"to announce, to make public, to inform the public, to declare."
bánhaw,v,verb,"to resurrect, to rise from the dead."
baníg,n,noun,native mat made from strips of palm leaves woven together.
baníhut,adj,adjective,"stubborn, obstinate, persistent, unyielding."
bansúli’,v,verb,"to tumble, to be together in a confused mass."
bánta’,n,noun,"guess, opinion, supposition, estimate."
bánta’,v,verb,"to guess, to opine, to suppose, to estimate."
bántal,v,verb,to bundle or wrap together with a piece of cloth or clothing.
bantála’,n,noun,"announcement, advertisement, broadcast."
bantála’,v,verb,"to announce or broadcast over the air, to advertise."
bántay,n,noun,"watchman, watcher, guard, observer."
bántay,v,verb,"to watch over, to guard, to observe."
bánting,v,verb,to brace or tie together with a rope.
bántug,adj,adjective,"renowned, famous, eminent, distinguished, noted."
bántug,v,verb,"to be rumored, to be considered a hearsay, to become well-known."
bánwa,n,noun,"town, community, a compactly settled area usually larger than a village but smaller than a city;  citizen."
bányo,n,noun,bathroom.
bangá’,n,noun,native earthen jar used as water container.
bángkay,n,noun,"corpse, dead body."
bangkéta,n,noun,"sidewalk, concrete pavement."
bangkéte,n,noun,"banquet, ceremonious meal."
bángko,n,noun,bank.
bángku’,n,noun,wooden bench long enough for two or more people to sit on.
bangdánan,n,noun,"reason, cause, motive for refusal."
bángday,v,verb,to lean against as for support.
bángga’,v,verb,"to collide, to bump against."
bángig,v,verb,"to quarrel, to start a fight."
bangís,adj,adjective,"brutal, cruel, inhuman, ferocious, fierce."
bangúd,con,conjunction,"regarding, concerning, relating to, because of, therefore."
bángun,v,verb,"to arise, to get up from bed, to get up from a lying position."
bapór,n,noun,"boat, ship."
bará,v,verb,"to clog, to impede with extraneous matter."
bára,n,noun,"bar, a long straight piece of wood or metal, crowbar."
baráha,n,noun,"deck of playing cards, card."
barandílya,n,noun,"railing made of iron serving as a guard or support, iron guard rail."
baratílyo,n,noun,bargain sale.
baráto,adj,adjective,"cheap, inexpensive."
baráto,v,verb,"to make cheap, to reduce in price."
bárbas,n,noun,beard.
bárbas,v,verb,to shave the beard off.
barbéro,n,noun,barber.
barílis,n,noun,barrel.
barína,n,noun,awl.
barína,v,verb,"to drill, to bore a hole with an awl."
barukán,n,noun,urinary bladder.
barútu,n,noun,"canoe, a native canoe made from carved trunks of trees."
báryu,n,noun,a unit of local government and area division having the status of a village.
bása,v,verb,to read.
basá’,adj,adjective,"wet, soaked."
basá’,v,verb,"to wet, to soak with liquid."
baság,adj,adjective,"of sound, hoarse, dull, broken."
básbas,v,verb,"of plants and trees, to cut, to trim."
báskit,n,noun,basket.
báskug,adj,adjective,"of sound, loud; of force, strong."
bási’,v,verb,"may, may be, might."
báso,n,noun,drinking glass.
básta,con,conjunction,"because, provided, as long as, if, just, i said so."
básta,pt,particle,"i said so, it has been agreed upon."
bástun,n,noun,"walking stick, cane."
bástus,adj,adjective,"rude, uncouth, offensive in manner or action, lacking in social refinement."
básul,v,verb,"to scold, to chide, to blame, to regret, to repent, to reproach."
basúra,n,noun,"garbage, trash, litter."
básya,v,verb,"of water, to pour out with force, to throw out."
báta,n,noun,"a loose garment usually worn in bed, nightgown."
báta’,n,noun,"child, baby, young girl or boy usually below the age of ten years old."
báta’,adj,adjective,"young, immature."
báta’,v,verb,"to deliver a child, to bear a child."
batá’batá’,adj,adjective,"younger, childish."
bátak,v,verb,"to pull upward, to raise."
batás,v,verb,"to bear, to suffer, to endure."
batás,n,noun,endurance.
batásan,n,noun,"manner, character, custom, behavior."
batí,v,verb,"of liquid and powder, to beat together, to mix together."
batí’,v,verb,"to hear, to be able to hear."
báti’,n,noun,feelings.
batí’batí’,v,verb,to eavesdrop.
batíd,adj,adjective,"clever, cunning, ingenious."
batí’is,n,noun,"leg, shin."
batinggílan,adj,adjective,"flirt, loose in morality."
bátsi,n,noun,hole on the road.
batú,n,noun,"rock, stone, pebble."
bátu’,v,verb,"to resist, to oppose, to fight, to challenge."
batúbaláni’,n,noun,magnet.
batúbatú,v,verb,"to spell, to count one by one."
bátuk,v,verb,"to resist, to oppose to compete, to debate."
bátug,n,noun,egg yolk.
bátun,v,verb,"to receive, to accept, to take."
batúta,n,noun,"police club, wooden club."
bátya’,n,noun,native wide wooden tub or basin.
bátyag,n,noun,"feeling, sense."
bátyag,v,verb,"to feel, to have a sensation."
ba’ú,n,noun,land turtle.
ba’úg,adj,adjective,"of egg, rotten, sterile."
báw’as,adj,adjective,"of people, sterile, barren, childless."
báwi’,v,verb,"to redeem, to take back, to reclaim."
bawtisár,v,verb,"to baptize, to pour water on the head as in baptism."
báya’,v,verb,"to leave, to quit, to abandon."
bayábas,n,noun,guava.
báyad,n,noun,payment.
báyad,v,verb,"to pay, to settle an account, to spend."
bayáw,n,noun,"sister-in-law, brother-in-law."
báyaw,v,verb,"to elevate, to lift, to raise as a host during roman catholic mass service."
báybay,n,noun,"beach, coast, shore."
baylíhan,n,noun,dancehall.
báylu,v,verb,"to exchange, to substitute, to swap."
bayú,v,verb,"to box, to maul, to pound."
báyu’,n,noun,"dress, clothing, apparel."
bayú’ung,n,noun,bag made of woven palm leaves.
bentáha’,n,noun,"advantage, edge."
bérde,adj,adjective,green.
bersíkulu,n,noun,verse.
beteráno,n,noun,veteran.
béynte,num,numeral,twenty;  twentieth.
bíbi,n,noun,duck.
bibíg,n,noun,lip.
bíbliya,n,noun,bible.
bikoláno,n,noun,"language spoken principally in albay, camarines sur, catanduanes, sorsogon, the southern half of camarines norte, and in some towns of masbate."
biktíma,n,noun,victim.
bigúti,n,noun,moustache.
bíhag,n,noun,"captive, hostage."
bíhag,adj,adjective,"captivating, attractive."
bíhag,v,verb,"to capture, to abduct, to kidnap, to attract, to bait."
bílang,v,verb,"to consider, to esteem as."
bilánggu,n,noun,prisoner.
bilánggu,v,verb,"to capture, to imprison."
bilás,n,noun,the affinal relation of husbands or wives of siblings.
bilí,n,noun,"cost, amount, price."
bilí,v,verb,"to be worth, to cost, to be the price of."
bilíd,v,verb,"to hold with the hands so as to inspect closely, especially clothes."
bílin,n,noun,"request, last words."
bílin,v,verb,"to enjoin, to leave behind."
bilín,n,noun,"balance account, remainder, left over."
bílug,n,noun,"piece, part."
bilúg,adj,adjective,"round, circle."
bílyar,n,noun,"billiard, pool."
bilyéte,n,noun,ticket.
binágbinág,v,verb,"to consider, to ponder, to apportion."
binágun,n,noun,native machete.
bínhi’,n,noun,"seedling, plant grown from seed."
bíno,n,noun,wine.
bintána’,n,noun,window.
bingáw,adj,adjective,"of teeth, missing, jagged."
bingáw,v,verb,"of teeth, to lose a tooth, to knock out a tooth, to jag or notch accidentally."
bíngkal,v,verb,"to break in a door, to force an entrance."
bírhen,n,noun,"virgin, mary, the mother of jesus christ."
bís’ak,v,verb,"of wood, to cleave, to split."
bisán,con,conjunction,"even if, although, in spite of."
bisáya’,adj,adjective,"visayan, of visayan origin."
bísi,n,noun,"vice, substitute."
bisikléta,n,noun,bicycle.
bisikléta,v,verb,to ride a bicycle.
bísi,n,noun,vice-president.
bisíta,n,noun,"visitor, guest."
bisíta,v,verb,"to visit, to call upon, to pay a visit."
bísta,n,noun,"view, panorama, scene."
bísyu,n,noun,"vice, fault."
bísyu,v,verb,"to be naughty, to be wicked, to disobey, to fuss."
bítad,v,verb,"to open, to unfold, to spread out so as to see closely."
bitamína,n,noun,"vitamin, nutrient."
bítay,v,verb,"to hang, to string up, to suspend."
bítbit,v,verb,"to bring along, to carry."
bitík,n,noun,"flea, tick."
bitín,n,noun,snake.
bitú’un,n,noun,star.
bíya’,v,verb,"to leave behind, to abandon."
blángko,adj,adjective,"expressionless, blank, empty."
blángko,n,noun,empty space provided on a piece of paper.
blósa,n,noun,"blouse, top."
bokabuláryo,n,noun,vocabulary.
bodéga,n,noun,"warehouse, storage, cellar."
bóla,n,noun,"ball, round object."
bómba,n,noun,"bomb, hand pump for water."
bombéro,n,noun,fireman.
bombílya,n,noun,electric bulb.
bómbo,n,noun,drum.
boradór,n,noun,eraser.
bórda,n,noun,"embroidery, design."
bórda,v,verb,to embroider.
botélya,n,noun,bottle.
botíka,n,noun,"medicine store, drug store."
bóto,n,noun,vote.
bóto,v,verb,"to vote, to cast a vote."
bú’ang,adj,adjective,"fool, stupid, crazy."
bú’ang,n,noun,"fool, simpleton, idiot."
bu’áya,n,noun,"alligator, crocodile."
búbu,v,verb,"to baptize, to pour water into a container."
bubún,n,noun,well.
bubungán,n,noun,roof.
buká’,n,noun,"opening, crack."
buká’,adj,adjective,"open, cut, split, cracked."
buká’,v,verb,"to cut open, to crack."
búkad,v,verb,"to open, to unfold, to bloom, to undo a package."
bukál,n,noun,"bubble, froth."
bukál,v,verb,"to boil, to bubble."
bukás,adj,adjective,"opened, candid."
bukás,v,verb,"to open, to unfold, to begin."
búkaw,n,noun,owl.
búkbuk,n,noun,weevil.
búkbuk,v,verb,"to crash, to grind, to make into powder."
búkid,n,noun,"hill, mountain."
bukú,n,noun,"node, joint."
búku’,n,noun,"plan, proposal, intention, proposition."
búku’,v,verb,"to say, to plan, to think of, to intent to."
bukúbukú,n,noun,"joint, ankle."
búktut,n,noun,hunchback.
búkud,adj,adjective,"secure, strong."
bukúl,n,noun,"lump, swelling, protuberance; of plants, bud."
búkut,v,verb,"to confine, to isolate, to pen or coop up."
búdhi’,n,noun,"conscience, inner self."
búdhi’,v,verb,"to betray, to be faithless, to be disloyal."
búdlay,adj,adjective,"difficult, hard."
búdlay,v,verb,"to feel the difficulty, to tire."
bugá,v,verb,"to belch forth, to spit out as a volcano."
bugál,n,noun,"pride, haughtiness."
bugál,v,verb,"to be proud, to show off."
bugál,adj,adjective,"plentiful, abundant."
bugál,v,verb,"to be plentiful, to progress."
bugás,n,noun,unhusked rice grains.
búg’at,adj,adjective,"heavy, burdensome, cumbersome."
bugáy,n,noun,"grace, bounty, blessing."
bugáy,v,verb,"to shower with blessings, to give grace."
búgkus,n,noun,"bundle, string used to tie a package."
búgkus,v,verb,"to bundle together, to tie with a string."
búgnu’,v,verb,"to greet, to speak to, to interact with."
búgras,v,verb,"of string, to break off, to snap off."
búgsay,n,noun,oar.
búgsay,v,verb,"to row, to strike the water with an oar."
búgsuk,v,verb,"to erect by driving into the soil, to thrust through with force to make it stand."
búgtaw,v,verb,"to waken, to awake."
búgtu’,v,verb,"to snap, to break off."
búgtung,adj,adjective,"alone, one and only."
búgtung,n,noun,only-child.
búg’us,adj,adjective,"entire, complete, whole-hearted."
buhahá’,adj,adjective,"lavish, extravagant, spend-thrift."
búhat,v,verb,"to do, to make, to perform."
buháwi’,n,noun,tornado.
buhí’,adj,adjective,alive.
búhi’,v,verb,"to set free, to unhand, to ignite as of fire-crackers."
búhin,v,verb,"to subtract, to deduct, to decrease, to lessen."
buhís,n,noun,"tax, levy."
buhís,v,verb,to levy tax.
búhu’,n,noun,"hole, crevice, aperture."
búhu’,v,verb,to bore or drill a hole.
buhúk,n,noun,hair on the head.
bulá’,n,noun,"bubble, froth, foam."
bulá’,v,verb,"to bubble, to foam, to spume at the mouth."
búlak,n,noun,"flower, blossom, cotton fibers."
búlak,v,verb,"to bloom, to flower."
bulákwit,v,verb,"to snatch, to seize."
bulád,v,verb,"to spread out, to dry in the sun."
buladúr,n,noun,kite.
búlag,v,verb,"to divorce, to sever, to separate, to depart."
bulág,n,noun,"blind, beggar."
bulág,adj,adjective,"depravity in eyesight, blind."
buláhan,adj,adjective,"fortunate, lucky."
búlan,n,noun,"month, moon."
búlanbulan,adv,adverb,"monthly, every month."
búlang,v,verb,to participate in a cockfight.
búlaw,v,verb,"to oversleep, to wake up later than usual, to waken late in the day."
buláwan,n,noun,"gold, raw gold metal."
búlbug,v,verb,"to strike repeatedly, to beat against."
bolkán,n,noun,volcano.
bulgár,adj,adjective,"vulgar, gaudy."
bulí’,n,noun,"anus, buttocks, rear."
bulídbulíd,v,verb,"to crumble, to roll over and over down a slope."
búlig,n,noun,"bunch of banana fruits intact on the trunk, help;  to help, to assist, to aid."
bulíng,n,noun,soot.
búltu,n,noun,"bulk, big bundle."
bulúng,n,noun,"medicine, drug, cure."
bulúng,v,verb,"to cure, to doctor."
búnak,v,verb,"to wet, to dampen."
búnak,adj,adjective,wet.
bún’ag,v,verb,to dry in the sun.
bunál,n,noun,"whip, lash."
bunál,v,verb,"to trash, to strike with a whip."
bunáyag,adj,adjective,"cordial, gracious."
búndul,adj,adjective,"slow, tardy."
bunít,n,noun,"fish hook, angle."
bunít,v,verb,"to hook, to fish, to angle."
búnlaw,v,verb,"to rinse, to finish washing with clean water."
búntul,v,verb,"to throw to the ground, to attack with force so as to offset the balance."
bunú’,v,verb,"to stab with a sharp instrument, to pierce."
búnuk,n,noun,"heavy rain, downpour."
búnuk,v,verb,to rain heavily.
bunút,n,noun,"coconut husk, scrub made from coconut husk."
bunút,v,verb,"to remove the husk from a coconut, to scrub the floor with a coconut husk."
búnyag,n,noun,baptism.
búnyag,v,verb,"to sprinkle, to water plants‚ to baptize."
búnga,n,noun,"fruit, consequence, result."
búnga,v,verb,"to bear fruit, to result in."
bungát,v,verb,"to speak out, to utter."
búngkag,v,verb,"to demolish, to take apart, to destroy, to dismantle."
búnggu’,v,verb,"to bump against, to push against something with force."
búnghay,n,noun,"part, division."
búnghay,v,verb,"to form a part of, to become divided."
búngtud,n,noun,"low elevation of the ground, an elevation lower than a hill, slope."
bungúl,n,noun,deaf.
búngut,n,noun,"beard, whiskers, moustache."
burará’,adj,adjective,"extravagant, lavish."
búrhut,v,verb,"to fizz out, to puff."
bus,n,noun,"bus, public vehicle."
busá’ag,v,verb,"to scatter into different directions, to break into pieces and scatter, to burst."
bús’ak,v,verb,"to chop wood, to chop wood for firewood."
busál,n,noun,"of dogs, mouth cover to prevent biting."
busáy,n,noun,"waterfall, spring."
búsbus,v,verb,"to cut open, to perform a caesarian operation."
búskad,v,verb,"to spread open as in a flower, to unfold."
búsdik,v,verb,to split or burst open.
busisí’,adj,adjective,"scrupulous, meticulous."
búslut,v,verb,"to have a rent, to have a hole through the bottom."
busúg,adj,adjective,"satiated, full, satisfied with food."
búsul,n,noun,seed.
busún,n,noun,mailbox.
busúng,adj,adjective,"pregnant, with child."
busúng,v,verb,to be pregnant.
búswang,v,verb,to break or burst and discharge pus.
butáng,n,noun,"thing, object."
butáng,v,verb,"to put down, to lay on a place."
butángbútang,n,noun,"rumor, false accusation."
butángbútang,v,verb,"to slander, to backbite, to spread false rumors."
bútkun,n,noun,arm.
búthu’,v,verb,"to go to school, to study, to learn."
butí,n,noun,small pox.
butí’,v,verb,to pop like a corn or rice.
butíg,n,noun,"lie, falsehood."
butíg,adj,adjective,"liar, sly."
butíg,v,verb,"to tell a lie, to make a false statement."
bútlak,v,verb,"of the sun, to rise."
butónes,n,noun,button.
butúd,adj,adjective,"bloated, distended."
butúd,v,verb,"to become bloated, to suffer from the wind."
bútung,v,verb,"to pull, to drag."
bútyag,v,verb,"to tell others, to disclose, to let out a secret."
bu’úl,n,noun,heel.
bú’ung,v,verb,"to break into small pieces, to scatter into fragments."
bú’ut,adj,adjective,"kind, amiable, considerate."
bu’út,n,noun,"will, wants, desire, wish."
bu’út,v,verb,"to will, to desire, to wish, to do as one pleases."
búya,n,noun,"bribe, fix."
búya,v,verb,"to bribe, to buy like a person in marriage, to offer a dowry."
buyáyag,v,verb,"to show up, to expose, to disclose a confidential matter."
buyánbuyań,adj,adjective,"ne’er do well, neglectful."
buyánbuyań,v,verb,"to neglect, to be nonchalant, to be unconcerned."
buyáyaw,v,verb,"to abuse in strong language, to curse, to scold, to use swear words."
búylug,v,verb,"to accompany, to join, to group together."
búyuk,v,verb,"to bend, to curve, to incline, to persuade."
buyúg,n,noun,bumblebee.
búyut,v,verb,"to grasp firmly, to hold onto."
bwás,adv,adverb,"tomorrow, next day."
byáhe,n,noun,"trip, journey, voyage."
byérnes,n,noun,friday.
byólin,n,noun,violin.
bwélta,v,verb,"to return, to come back, to retrace steps."
1-ka,pr,pronoun,you (short form of ikáw).
2-ka,pt,particle,designates quantity or amount.
1-ka-,va,verbal affix,variant of naká-.
2-ka-,na,noun formative,noun formative affix used with verbs designating reciprocal relationship.
3-ka-,aa,adjective formative,formative affix designating comparative and superlative degrees of comparison.
ka’agánhun,n,noun,"dawn, early morning."
1-ka-…-an,na,noun formative,noun formative affix.
ka-…-anan,na,noun formative,noun formative affix designating abstract plurality.
ka’áway,n,noun,"enemy, opponent, foe."
kabalyéro,n,noun,"knight, gentleman."
kabán,n,noun,"chest, a native basket holding a quantity of approximately one cavan or 25 liters."
kabatá’an,n,noun,children.
kabáy,pt,particle,"hope so, in all probability, god willing."
kabáy,v,verb,"to wish for, to desire, to request."
kabáyu’,n,noun,horse.
kabáyu’,v,verb,to ride on horseback.
kabeséra,n,noun,"head of the table, chairman, leader."
kábig,v,verb,"to consider, to hold or take for, to look upon as."
kabít,id,idiom,mistress.
kabít,v,verb,to hand up.
kábu,n,noun,"foreman, overseer."
kabú’,n,noun,can or container used for pouring water over the body when taking a bath.
kabúg,n,noun,bat.
kabúgaw,n,noun,"native grapefruit, which is big and sweet."
kabús,adv,adverb,"not fit, not enough, hapless."
kakás,v,verb,"to wash away, to take out, to dissolve."
kakí,adj,adjective,"brown, tan."
káda,adj,adjective,"every, each."
kádaw,v,verb,to wade in the water.
kádena,n,noun,chain.
kádlaw,n,noun,laughter.
kádlaw,v,verb,to laugh.
kádtu,v,verb,"to go to, to depart."
kafé,n,noun,coffee.
kág,con,conjunction,"and, furthermore."
kagáb’i,adv,adverb,"last night, the night preceding."
kagát,v,verb,"to bite, to snap, to catch between the teeth."
kágaw,n,noun,"germ, microbe."
kag’ína,adv,adverb,variant of ka’ína.
kagúla’,n,noun,"noise, excitement."
kagúla’,v,verb,"to be noisy, to be excited."
kagulángan,n,noun,"forest, uncleared land."
kagús,v,verb,to scrape off.
káha,n,noun,"jewel box, safe."
kahápun,adv,adverb,yesterday.
káhas,adj,adjective,"violent, daring."
káhas,v,verb,"to dare, to make a challenge, to be violent."
kahéro,n,noun,cashier.
káhig,v,verb,"to rake, to shovel."
kahigayúnan,n,noun,chance.
kahíl,n,noun,nectarine.
kahimtángan,n,noun,"situation, condition, position."
kahulugán,n,noun,meaning.
kahún,n,noun,box.
káhuy,n,noun,"tree, wood, timber."
ka’ína,adv,adverb,"earlier, a while ago."
ka’íngin,n,noun,"uphill land, land cleared by burning."
ka’íngin,v,verb,to clear a piece of land by burning.
kalabánan,adv,adverb,"mostly, for the greater part."
kalabánan,n,noun,majority.
kalabása,n,noun,yellow squash.
kalabéra,n,noun,"skeleton, framework."
kalág,n,noun,"ghost, soul, spirit."
kaláha’,n,noun,frying pan.
kalám,adj,adjective,"sensitive to tickling, uncomfortable."
kalám,v,verb,to become ticklish.
kalamánsi’,n,noun,"lime, lemon."
kalámay,n,noun,refined sugar.
kalámbre,v,verb,"to chill, to tremble, to shiver."
kalamidád,n,noun,calamity.
ka-…-la…-an,na,noun formative,noun formative affix designating abstract plurality.
kalán,n,noun,"native stove usually made of wrought iron elevated on three thin legs, fire pit made of three stones to hold the pot."
kálas,v,verb,to rustle like dry leaves.
kalaykáy,n,noun,rake.
kálkal,v,verb,"of bones from a niche, to dig out."
kaldéro,n,noun,kettle made of wrought iron.
kalendáryo,n,noun,calendar.
kalésa,n,noun,"buggy, cart pulled by a horse."
káli,v,verb,to dig up.
kalibútan,n,noun,"universe, earth, world."
kalimutáw,n,noun,eyeball.
kalís,v,verb,to skim the top so as to make even.
kalít,v,verb,to take the opportunity.
kálu’,n,noun,"hat, cap."
ka-…-lu-…,na,noun formative,noun formative affix designating abstract plurality of state of being.
kálut,v,verb,"to scratch gently, to ease an itchy feeling."
kalú’uy,n,noun,"mercy, pity, clemency."
kálye,n,noun,"street, road, avenue."
káma,n,noun,bed.
kamálig,n,noun,barn.
kamánsi,n,noun,breadfruit.
kámang,v,verb,"to creep, to crawl, to walk on all fours."
kamángyan,n,noun,incense.
kamaróte,n,noun,"of a ship, cabin."
kamásun,n,noun,claw.
kamatáyan,n,noun,death.
kamátis,n,noun,tomato.
kámbang,adj,adjective,"spotted, mixed, of two shades or colors."
kámbyu,v,verb,"to exchange, to barter, to swap."
kamí,pr,pronoun,we (exclusive first person plural nominal pronoun).
kamisadéntro,n,noun,men’s shirt.
kamiséta,n,noun,undershirt.
kamisún,n,noun,"ladies’ full slip, chemise."
kámlut,v,verb,"to paw, to touch."
kampanáryu,n,noun,belfry.
kampánya,n,noun,campaign.
kampánya,v,verb,to campaign.
kámpi,v,verb,"to side with, to be an ally to."
kámpo,n,noun,camp.
kampyón,n,noun,champion.
kamú,pr,pronoun,you (plural second person nominal pronoun).
kamumú’u,n,noun,claw.
kamústa,id,idiom,how are you.
kamústa,v,verb,"to greet, to shake hands with, to inquire of one’s health."
kamút,n,noun,hand.
kamúti,n,noun,sweet potato.
kamútingkáhuy,n,noun,cassava.
kanál,n,noun,"canal, ditch, drainage."
kánay,v,verb,"to subside as of winds and waves, to become less intense, to abate."
kandádu,n,noun,padlock.
kandádu,v,verb,to lock with a padlock.
kánday,pt,particle,personal name marker.
kandidáto,n,noun,candidate.
kandíla’,n,noun,candle.
kánding,n,noun,goat.
kándus,v,verb,"to scoop out, to serve on a dish from a pot."
kánta,n,noun,"song, tune."
kánta,v,verb,"to sing, to chant, to warble."
kantéro,n,noun,mason.
kantidád,n,noun,"quantity, amount."
kánto,n,noun,street corner.
kanú’,n,noun,american.
kán’un,n,noun,cooked steamed rice.
kányon,n,noun,cannon.
kapákapá,v,verb,"to flutter, to be confused, to be excited so as not able to settle down."
kapampángan,n,noun,"language spoken principally in pampanga, some four towns in tarlac, and two towns in bata’an."
kapatás,n,noun,foreman.
kapáyas,n,noun,papaya.
kápkap,v,verb,"to grope about, to feel one’s way like a blind man."
kápid,n,noun,"twin, double."
kapílya,n,noun,small chapel.
kapín,adv,adverb,"more than, moreover, in addition."
kapitál,n,noun,capital.
kapitán,n,noun,captain.
kapitérya,n,noun,"cafeteria, canteen."
kapitólyo,n,noun,"capitol, provincial capitol."
kapituló,n,noun,chapter.
kaprítsu,n,noun,"mood, vices, wiles."
kaprítsu,adj,adjective,"flighty, vain‚ wily."
kapún,v,verb,"of pigs or animals, to circumcise."
kapuslánan,n,noun,"usefulness, advantage."
kapút,v,verb,"to hold onto, to grasp, to clutch."
kapúti,n,noun,raincoat.
kápuy,n,noun,"tiredness, exhaustion."
kápuy,v,verb,"to be tired, to be exhausted."
kápyut,v,verb,"to hang onto for support, to grasp for support."
karábkab,v,verb,"to inflame, to ignite, to burst into flame."
kárbaw,n,noun,"carabao, water buffalo."
karéra,n,noun,"race, contest."
karéra,v,verb,"to run a race, to race."
kárga,n,noun,"cargo, load."
kárga,v,verb,"to load, to carry a heavy load."
karí,v,verb,"to approach, to come near the speaker."
karidád,n,noun,charity.
karitéla,n,noun,horse and buggy.
karitún,n,noun,wheel.
kárne,n,noun,meat.
karnéro,n,noun,sheep.
karpentéro,n,noun,carpenter.
karsáda,n,noun,"road, street."
kartéro,n,noun,mailman.
kárton,n,noun,"box, carton."
karún,adv,adverb,later.
karús,v,verb,"to scratch, to claw."
karúskarús,adj,adjective,"written hurriedly, non-legible."
kasákit,n,noun,"suffering, hurt, sorrow."
kasál,n,noun,"marriage, wedding."
kasál,v,verb,"to perform a marriage, to officiate a wedding."
kasán’u,adv,adverb,"a while ago, a little time passed."
kasangkápan,n,noun,"furniture, devices, materials."
kaséra,n,noun,"boarder, person who pays room and board."
kaséra,v,verb,to pay room and board.
kaseróla,n,noun,cooking pot.
kasilíngan,n,noun,neighbor.
kasílyas,n,noun,toilet.
kasimánwa,n,noun,folks from the same town or place of origin.
káso,n,noun,"legal case, lawsuit."
kasualidád,intj,interjection,impossible.
kasúdlan,n,noun,"bowel, intestines."
kasugtánan,n,noun,"agreement, contract."
kasugu’án,n,noun,"order, command, rule, law."
katá’katá’,v,verb,"to talk idly, to gossip."
katalágman,n,noun,"danger, hazard, harm, damage."
katalanghága’,adj,adjective,"unbelievable, incredible."
katápu’,n,noun,"member, a person who is in something as a member."
katáru,n,noun,"cold, running nose."
katáru,v,verb,to have a cold.
katáw,n,noun,"nymph, mermaid."
katolikó,n,noun,"catholic, a member of the roman catholic church."
katórse,num,numeral,fourteen.
kátre,n,noun,bed.
katsíla’,n,noun,spaniard.
katúl,adj,adjective,itchy.
katúl,v,verb,to be itchy.
katúmbal,n,noun,pepper plant and fruit.
katúndan,n,noun,west.
katungdánan,n,noun,"duty, responsibility, obligation."
ka’ugalíngun,n,noun,"own self, one’s own."
ka’ún,v,verb,"to eat, to devour."
ka-…-un,na,noun formative,"noun formative affix designating state, quality, degree."
káwat,n,noun,"burglar, thief, robber."
káwat,adj,adjective,"thief, robber."
káwat,v,verb,"to steal, to rob."
káway,v,verb,"to dangle, to wave a hand, to wave in the wind."
kawáyan,n,noun,bamboo.
káw’it,n,noun,hook.
káw’it,v,verb,"to hook in, to take hold of by a hook."
1-kay,con,conjunction,"because, for."
2-kay,pt,particle,personal name pre-possessive marker.
kayába,v,verb,to hurry up.
kayumánggi’,adj,adjective,"dark brown in complexion, tan."
kemiká,n,noun,chemistry.
kemikó,n,noun,chemist.
kerída,n,noun,"mistress, a woman with whom a man cohabitates without the advantage of marriage."
késo,n,noun,cheese.
kibú’,v,verb,"to throb, to pound continuously like a heart."
kíbul,n,noun,corn on the feet.
kíbul,v,verb,to become calloused.
kibún,v,verb,"to surround, to besiege."
kibút,v,verb,"to surprise, to jolt, to startle."
kidkid,v,verb,"to cut in thin slices, to slice very thinly."
-kig-,va,verbal affix,social reciprocal actor focus affix.
kigás,n,noun,dryness.
kigás,adj,adjective,"dry, blight."
kíhad,v,verb,"to slice, with a knife."
kílag,v,verb,to look about curiously.
kilála,n,noun,"acquaintance, person with whom one has a facial acquaintance."
kilát,n,noun,lightning.
kílay,n,noun,eyebrow.
kílid,adv,adverb,"beside, on the brink."
kílo,n,noun,kilogram.
kilométro,n,noun,"kilometer, unit of distance measure which is equal to approximately 0.62 miles."
kímpit,n,noun,"pincer, prong, hair clip."
kímpit,v,verb,"to pick with a pincer, to pin hair together."
kina’ádman,n,noun,science.
kina-…-an,na,noun formative,noun formative affix designating plurality.
kinabúhi’,n,noun,"life, life cycle."
kinahánglan,v,verb,"to have need of, to demand."
kinánglan,v,verb,variant of kinahánglan.
kínse,num,numeral,"fifteen.;  bimonthly, fortnightly."
kíntsay,n,noun,celery.
kínut,adj,adjective,"thrifty, economical, frugal."
kíngki,n,noun,native oil or kerosene lamp made usually of an empty bottle with coconut oil or kerosene and a wick.
kíput,v,verb,"to shut, to close."
kiráb,v,verb,"to flash, to spark."
kisáp,v,verb,"to blink, to twinkle, to open and shut the eyes rapidly."
kískis,v,verb,"to scrape with a sharp instrument, to rub with something sharp."
kitá,pr,pronoun,we (inclusive first person plural nominal pronoun).
kíta’,v,verb,to see each other.
kitíd,adj,adjective,"slim, narrow."
kí’um,v,verb,to close lips together.
kláse,n,noun,class.
klásiko,adj,adjective,classic.
kliniká,n,noun,clinic.
kóbra,v,verb,to collect money.
kóbra,n,noun,collector.
kobrekáma,n,noun,bedspread.
kodák,n,noun,"camera, picture."
kolékta,n,noun,money collection in church.
kolékta,v,verb,"to collect, to gather together."
koléhiyo,n,noun,"college, especially a religious-order-managed school."
kolerá,n,noun,"cholera, dysentery."
kolíntas,n,noun,necklace.
kolór,n,noun,color.
komersyánte,n,noun,small-time businessman who peddles his wares moving from one town to another during market days.
komidór,n,noun,diningroom.
kompányar,v,verb,"to accompany with a piano, to join in."
kondisyón,n,noun,"condition, mood, good physical condition."
koného,n,noun,"rabbit, hare."
konsehál,n,noun,"municipal councilman, councilman."
konsého,n,noun,"municipal council, body of elected councilmen."
konsyérto,n,noun,orchestra concert.
kóntra,n,noun,"opponent, enemy."
kóntra,v,verb,"to oppose, to resist, to counteract."
kontráto,n,noun,"agreement, legal contract."
kongkréta,n,noun,"concrete, cement."
kongresísta,n,noun,"congressman, representative to congress."
kongréso,n,noun,"congress, legislature."
kópya,n,noun,"copy, duplicate."
kópya,v,verb,"to copy, to duplicate."
kordéro,n,noun,lamb.
koréo,n,noun,"mail, post office."
kóro,n,noun,"choir, chorus, place where the choir stays in church."
koróna,n,noun,crown.
korpínyo,n,noun,corset.
kórte,n,noun,"shape, design, judicial court."
kortesíya,n,noun,"courtesy, politeness."
kortína,n,noun,"curtain, drape."
koryénte,n,noun,"electric wire, electric current."
koryénte,v,verb,to get electrocuted.
kostúra,v,verb,to sew a dress.
kostúra,n,noun,dressmaker.
kótse,n,noun,"car, automobile."
krayóla,n,noun,crayon.
kriminál,n,noun,"criminal, convict."
kristál,n,noun,"crystal, glass."
krísto,n,noun,jesus christ.
kristyáno,n,noun,christian.
ku,pr,pronoun,"i, me."
kúbay,v,verb,"to line up, to fall in line."
kubús,adj,adjective,"poor, destitute."
kukú,n,noun,finger or toe nail.
kú’ku’,v,verb,to stoop.
kudál,n,noun,"fence, enclosure."
kúdkud,v,verb,to grate with a grater.
kudkurán,n,noun,"grater, native grater of jagged iron spoon-like shape nailed to a wooden seat."
kúdlit,n,noun,"line, mark."
kúdlit,v,verb,"to line, to mark, to draw with a pencil."
kugá’,v,verb,"to throttle, to strangle, to choke."
kúgmat,n,noun,"terror, dread."
kúgmat,v,verb,"to be terrified, to be frightened, to be scared."
kúgus,v,verb,"to bear, to hug, to cradle like a baby, to carry a baby in the arms."
kúha’,v,verb,"to take, to get, to take away, to procure."
kúhit,v,verb,"to touch slightly to draw attention, to nudge."
kulá,n,noun,"glue, paste."
kulákig,adj,adjective,"sickly, emaciated."
kulámug,n,noun,dried mucus in the nose.
kúlang,adj,adjective,"lacking, incomplete, inadequate, short of."
kúlang,v,verb,"to fall short of, to be inadequate."
kúlba’,n,noun,"anxiety, nervousness."
kúlba’,v,verb,"to be nervous, to be afraid."
kúli’,adj,adjective,"slow, weak."
kulíhut,adv,adverb,"last, hindmost."
kulú,n,noun,breadfruit.
kulúb,adj,adjective,"inverted, upset, turned over."
kulúb,v,verb,"to invert, to turn over a deep container so that the bottom is up."
kúlun,n,noun,clay cooking pot.
kulúng,v,verb,"to cage, to imprison."
kulyápis,adj,adjective,emaciated.
kumalágku’,n,noun,"thumb, big toe."
kumbúya,n,noun,partner.
kumbuyahán,n,noun,"company, partnership."
kumpaníya,n,noun,"company, business enterprise."
kumpáre,n,noun,"comrade, relationship between the godfather and parents of the godchild."
kumpisár,n,noun,confession.
kumpisár,v,verb,"to confess, to tell the truth."
kúmud,v,verb,"to grumble, to murmur, to sulk."
kún,con,conjunction,"if, possibly if, provided that."
kúndi’,con,conjunction,"although, but, well, therefore, might as well."
kundíman,n,noun,"filipino song which depicts mood changes of the people, usually written in the native languages and composed by filipinos."
kuntáni’,pt,particle,"maybe, if possible, i hope."
kunú,pt,particle,"according to, he or she said."
kunúl,adj,adjective,"interrupted, shrank, dry (like a river)."
kunúl,v,verb,"to cease, to stop flowing, to run dry as a river."
kunúp,n,noun,"cloak, coat, overcoat."
kunút,adj,adjective,wrinkled.
kunút,v,verb,"to wrinkle, to crumple."
kúnyag,n,noun,"chill, cold chill."
kúnyag,v,verb,"to shake with chills, to shiver."
kúpkup,n,noun,"embrace, hug."
kúpkup,v,verb,"to embrace, to hug."
kupú’,v,verb,"to hang onto tightly, to embrace tightly, to cling to, to stick to like a lizard."
kúra,n,noun,"pastor of a parish, minister in charge of a certain area."
kúrba,n,noun,curve.
kúrba,v,verb,"to twist, to bend, to turn, to curve."
kurbáda,n,noun,"street corner, street curve."
kurbáta,n,noun,necktie.
kúri’,adj,adjective,"slow, weak."
kúri’,v,verb,"to be slow, to have difficulty."
kuribúng,v,verb,to isolate in a quiet room.
kurinút,adj,adjective,"creased, wrinkled."
kurinút,n,noun,"crease, fold, wrinkle."
kurinút,v,verb,"to fold, to crease, to wrinkle."
kuríng,n,noun,cat.
kurisúng,n,noun,frown.
kurisúng,v,verb,to frown.
kúrit,n,noun,"line, mark, pencil mark."
kúrit,v,verb,"to make a line, to draw on paper with a pencil, to mark with a pencil."
kúrug,v,verb,"to shiver, to tremble, to shake."
kusámkusám,v,verb,"to taste, to partake of a little food."
kúskus,v,verb,to scrape with a sharp instrument or with a scraper.
kúsi’,n,noun,"pinch, small piece."
kúsi’,v,verb,"to press or nip with fingernails, to pinch."
kusína,n,noun,kitchen.
kusinéro,n,noun,cook.
kusípad,v,verb,"to thumb through, to pick with the fingers like corn from the cob."
kusúg,adj,adjective,"strong, energetic, healthy."
kusúg,n,noun,"energy, strength."
kusúg,v,verb,"to become strong, to be energetic."
kúta’,n,noun,"prison, fort."
kutáwkutáw,v,verb,"to dilute, to mix with water."
kútkut,n,noun,hole in the ground.
kútkut,v,verb,"to excavate, to dig, to scoop out dirt from the ground so as to make a hole."
kutíng,n,noun,kitten.
kutíngkúting,v,verb,"to pluck or strum a guitar, to pluck a string instrument."
kútis,n,noun,"skin complexion, facial complexion."
kutsára,n,noun,tablespoon.
kutsaríta,n,noun,teaspoon.
kutséro,n,noun,"coachman, rig driver, man who drives a kalésa."
kutsílyo,n,noun,knife.
kútsukútsu,n,noun,"rumor, hearsay."
kútsukútsu,v,verb,"to chitchat, to gossip, to be rumored."
kutsún,n,noun,"cushion, bed mattress."
kútub,adv,adverb,until.
kutúl,v,verb,"to pick, to pluck from a plant, to gather flowers."
kútut,v,verb,to sting as a bee or a wasp.
kú’ub,v,verb,"to bow, to bend the head as if in hiding."
kú’ut,v,verb,"to feel for, to fish out with the hand, to put one’s hand or arm in a hole."
kuyámpad,v,verb,"to run, to scamper off."
kúymi,n,noun,cashier.
kwadérno,n,noun,notebook.
kwádra,n,noun,stable.
kwádro,n,noun,"frame, picture frame."
kwáku,n,noun,"pipe, tobacco pipe."
kwán,pt,particle,whatchamacallit.
kwarénta,num,numeral,forty.
kwárta,n,noun,"money, cold cash."
kwártakwárta,n,noun,play money.
kwárto,n,noun,"room, enclosed area, bedroom."
kwátro,num,numeral,four.
kwéba,n,noun,cave.
kwélyo,n,noun,"collar, back of the neck."
kwénta,n,noun,"account, balance account."
kwénta,v,verb,"to account, to solve, to balance."
kwérdas,n,noun,string for a string instrument.
kwítis,n,noun,fireworks.
dá’an,adj,adjective,"old, used, worn out."
dá’an,pt,particle,"beforehand, first of all, right away."
pagkúha’,na,noun formative,dá’an sang pápel.
dabádabá,n,noun,"blaze, flame."
dabádabá,v,verb,"to flare up, to blaze, to be on fire."
dábdab,n,noun,"flare, flame, blaze."
dábdab,v,verb,"to flare up, to blaze, to be on fire."
dábuk,v,verb,"to kindle a fire, to build a fire, to ignite."
dabúdabú,n,noun,"shower, drizzle."
dakbánwa,n,noun,city.
dakú’,adj,adjective,"big, bulky, huge, great."
dakú’,v,verb,"to become big, to make big."
dakúp,v,verb,"to catch, to trap, to snare, to capture, to arrest."
dagámi,n,noun,"hay, straw."
dágat,n,noun,"sea, ocean."
dagát,n,noun,"seasickness, nausea."
dagát,v,verb,"to be seasick, to be nauseated."
dagáya’,adj,adjective,"many, plentiful, teeming, swarming."
dágdag,n,noun,"addition, native term for extra pieces given of items purchased."
dágdag,v,verb,"to let fall, to drop, to add something extra to a purchase."
dagpi’,n,noun,"rap, tap, pat."
dagpi’,v,verb,"to rap, to tap, to pat."
dagsa’,v,verb,"to transfer, to be washed ashore, to flow with the current."
dágta’,n,noun,"sap, stain, sticky sap of plants, mark."
dágta’,v,verb,"to stain, to blot, to mar."
dagum,n,noun,"sewing needle, injection needle."
dagusu’,v,verb,"to swarm, to move in a crowd."
dagu’ub,n,noun,thunder.
dagu’ub,v,verb,to thunder.
dágway,n,noun,"facial expression, shape, posture."
dahú’,v,verb,"to receive, to accept, to take form."
dahúm,n,noun,"expectations, anticipation."
dahúm,v,verb,walá’ akú nagdahúm nga ma’abút ka.
dáhun,n,noun,leaf.
da’ígun,n,noun,christmas carol.
da’ígun,v,verb,to sing christmas carols.
dalá,v,verb,"to bring, to carry, to transmit."
dalá,n,noun,"packages, things being carried, load."
dalág,adj,adjective,yellow.
dalága,n,noun,"unmarried girl, between the age of about fifteen to thirty."
dalágan,v,verb,"to run, to dash, to dart, to scamper."
dalagíta,n,noun,young girl between the age of ten years old to about fifteen years old.
dalámhak,adj,adjective,"wayward, disobedient, untoward."
dálan,n,noun,"street, road, path, cleared path."
dalándan,v,verb,"to descend quickly, to hurry down the stairs, to slide down the bannister."
dálangdálang,v,verb,"to lose oneself, to lose one’s way."
daláwat,v,verb,"to buy cereal, especially rice or corn."
dáldal,v,verb,"to backbite, to spread false malicious talk, to talk against."
dalí’,adv,adverb,"immediately, hurriedly, quickly."
dalí’,adj,adjective,"quick, immediate."
dalí’,v,verb,"to be quick, to hurry, to hasten."
dalísay,adj,adjective,"pure, immaculate, untainted."
dalú’,v,verb,"to caress, to fondle."
dalúk,adj,adjective,"selfish, greedy, glutton."
dalúdo,v,verb,"to swell, to rise, to become flooded."
dálum,adj,adjective,deep.
dálum,v,verb,"to deepen, to become deep."
dalúndun,v,verb,"to carry, to push along, to use water or slimy substance to push an object or food down the throat."
damán,n,noun,nightmare.
damán,v,verb,to have a nightmare.
damáng,n,noun,spider.
dámgu,n,noun,dream.
dámgu,v,verb,"to dream, to have a dream."
dámhag,v,verb,"to fall headlong, to fall on one’s face."
dámpig,v,verb,"to help, to aid, to side with."
dámu’,adj,adjective,"many, plenty."
dámu’,v,verb,"to be many, to augment in number, to increase."
damúg,n,noun,"of pigs, food."
damuhál,adj,adjective,"rude, unrefined in social manners."
dámul,adj,adjective,"thick, dense, bulky."
dánlug,v,verb,"to slide, to slip."
dángat,v,verb,"to reach, to acquire, to get at, to secure, to take hold of."
dangúp,v,verb,"to take refuge, to cover, to shelter, to appeal."
dapádapá,n,noun,sole of the feet.
dápat,v,verb,"to be necessary, to be fit, to apply, to use."
dápaw,n,noun,chicken flea.
dapáy,n,noun,hawk.
dapít,adj,adjective,near.
dáplus,v,verb,"to slide off, to stray."
dápu’,v,verb,"to alight, to attack, to gather around as of birds."
dapúg,n,noun,"stove, fireplace, fire pit."
dáp’ung,n,noun,bonfire.
dáp’ung,v,verb,"to build a bonfire, to put on fire."
dápyus,v,verb,"to slide, to stray."
dásig,adv,adverb,"quickly, faster."
dásig,adj,adjective,"fast, quick."
dásig,v,verb,"to do something with speed and promptness, to hasten."
dás’il,v,verb,"to injure, to lacerate, to throw against."
dasúk,v,verb,"to fill, to crowd."
dasú’dasú’,adj,adjective,"impulsive, temperamental, risky."
dasú’dasú’,v,verb,"to risk, to rush into without thought of consequences."
dasún,adv,adverb,next.
dasún,adj,adjective,"later, next, to come after."
da’úg,n,noun,"gain, winnings."
da’úg,v,verb,"to win, to be superior, to overcome, to overthrow."
dá’ut,v,verb,"to injure, to hurt, to harm, to damage."
dáya’,n,noun,"deceit, trick, dishonesty."
dáya’,adj,adjective,"cheat, dishonest."
dáya’,v,verb,"to trick, to cheat, to deceive."
dayán,v,verb,"to walk or stroll about, to promenade."
dáyaw,v,verb,"to praise, to commend, to appreciate, to extol."
dayáw,adj,adjective,"capricious, vain."
dáyun,v,verb,"to continue, to come in, to spend some time on."
de,pt,particle,"of, with."
debóto,adj,adjective,"devout, fervent."
dekolór,adj,adjective,"multi-colored, colored."
dekorá,v,verb,"to decorate, to put on ornaments."
de’ílo,n,noun,"linen cloth, white linen pair of pants."
delárgo,n,noun,long pants for men.
demokrásya,n,noun,democracy.
demónyo,n,noun,"devil, satan."
dentísta,n,noun,dentist.
desgrásya,n,noun,"disaster, accident, disgrace."
desgrásya,v,verb,"to have an accident, to have an unfortunate experience."
desisyón,n,noun,decision.
desisyón,v,verb,"to make a decision, to decide."
destíno,n,noun,"destination, assignment for place of work."
desyémbre,n,noun,december.
dí,d,deictic,short form of dirí.
debúhu,n,noun,"design, embroidery."
diksyonáryo,n,noun,dictionary.
díkta,v,verb,"to dictate, nagdíkta ang ma’éstra sa kláse."
didál,n,noun,thimble.
dídtu,d,deictic,over there.
di’ín,adv,adverb,where.
díla’,n,noun,tongue.
dilántu,v,verb,"to expand in business, to improve in the family standard of living, to progress."
dílap,v,verb,"to lick, to lap, to drawl the tongue like a dog."
díli’,v,verb,"to forbid, to prohibit."
dimát,v,verb,"to attract, to draw attention to, to allure."
díngding,n,noun,wall of a building.
dingút,adj,adjective,"stingy, miserly, selfish."
dirá’,d,deictic,"there (near the listener, but far from the speaker)."
direktór,n,noun,director.
diri,d,deictic,here.
diskúrso,n,noun,"speech, talk."
diskúrso,v,verb,"to give a speech, to talk formally."
disgústo,v,verb,"to be disgusted, to have a misunderstanding, to bear ill-feelings."
disimulár,v,verb,"to overlook, to let pass, to make unnoticeable, to cover up."
disiplína,n,noun,discipline.
disprás,n,noun,masquerade.
dís’ug,v,verb,"to push, to jostle, to shove."
diwál,adj,adjective,lapping tongue.
diwál,v,verb,"to let the tongue hang out like a dog, to stick the tongue out."
diwáta’,n,noun,"idol, fairy."
díyas,n,noun,birthday.
dóble,adj,adjective,"double, twin."
doktór,n,noun,doctor.
dódong,n,noun,young boy from about age one to fifteen.
domínggo,n,noun,sunday.
-dor,na,noun formative,noun formative affix.
dormitóryo,n,noun,dormitory.
dós,num,numeral,two.
dóse,num,numeral,twelve.
doséna,n,noun,dozen.
du’ág,n,noun,"color, hue."
dú’aw,v,verb,"to drop in, to look in, to visit."
duká’,v,verb,to nod with drowsiness.
dúkduk,v,verb,"to pound, to grind."
dukú’,v,verb,"to bow, to stoop down."
dukuménto,n,noun,document.
dukút,v,verb,"to stick to, to paste on."
dúda,n,noun,"doubt, suspicion."
dúda,v,verb,"to doubt, to distrust, to suspect."
dúga’,n,noun,"sap, juice."
dúgang,n,noun,addition.
dúgang,v,verb,"to increase, to add, to augment."
dúgay,adv,adverb,"of time, long."
dúgay,v,verb,"to tarry, to take a long time."
dugáydugáy,adv,adverb,"in a little while, frequently."
dúgkal,v,verb,"to thrust, to stick, to stab."
dúghan,n,noun,"bosom, chest."
dúgmuk,v,verb,"to crush, to break by pressure."
dugú’,n,noun,blood.
dugú’,v,verb,to bleed.
dúguk,v,verb,"to join, to take part in."
dugús,n,noun,honey.
dúgwak,n,noun,swan.
dúhadúha,v,verb,"to doubt, to hesitate, to waver."
duhá,num,numeral,two.
dúhul,v,verb,"to give personally, to hand."
dúla’,v,verb,"to lose, to miss, to mislay."
dúlang,n,noun,"mine, mineral mine."
dúlhug,v,verb,"to descend down a slope, to slide down an inclined plane or a slope."
dúlingdúling,v,verb,"to walk unsteadily, to stagger, to take irregular steps."
dúlug,v,verb,"to halt, to stop, to stand."
dulúm,adj,adjective,"dark, dim."
dulúm,v,verb,"to darken, to get dusky, to become gloomy."
dulúnan,n,noun,"boundary, border, confine, demarcation."
dúlung,v,verb,"to approach, to come near, to draw near, to go in the direction of."
dúl’ung,v,verb,"to transport, to bring, to deliver, to conduct."
dulúnggan,n,noun,ear.
dúlut,n,noun,"offering, gift."
dúlut,v,verb,"to make a gift, to make an offering."
dúlsi,n,noun,"candy, pastry."
dumála,v,verb,"to manage, to lead, to conduct, to direct, to govern, to supervise."
dúmdum,v,verb,"to think, to recollect, to remember, to bear in mind, to recall."
dumíli’,v,verb,"to interdict, to ban, to forbid, to prohibit."
dúmug,v,verb,"to scuffle, to wrestle, to struggle."
dumulú’ung,n,noun,"alien, stranger, foreigner."
dumút,v,verb,"to abominate, to detest, to begrudge."
dunút,adj,adjective,"rotten, spoiled."
dunút,v,verb,"to be rotten, to crush."
dúngan,adv,adverb,"together, simultaneously."
dúngan,v,verb,"to be or do together, to be simultaneous."
dúngka’,v,verb,"to land, to arrive as a boat, to dock in port."
dúnglay,v,verb,to incline to the side.
dungúk,v,verb,"to look down, to incline one’s head forward, to bend the head."
dungúg,n,noun,"honor, fame, reputation."
dúpla’,v,verb,"to spit on, to spit."
dúsdus,v,verb,"to push, to shove, to mix."
dúsmu’,v,verb,to stumble.
dusú’,v,verb,"to push against, to shove, to thrust."
dúta’,n,noun,"land, soil, earth."
dú’ug,n,noun,"location, site, place."
dú’ul,n,noun,cork.
dúyan,n,noun,"swing, cradle, crib, hammock."
dúyan,v,verb,"to rock a cradle, to swing."
dúyu,adj,adjective,"dejected, sad."
dwénde,n,noun,"dwarf, elf, leprechaun."
dyés,num,numeral,ten.
dyíp,n,noun,"jeepney, renovated war surplus jeeps used as public transportation."
dyús,n,noun,"god, the almighty."
dyútay,adj,adjective,"tiny, small, little."
ebanghélyo,n,noun,"gospel, epistle."
eklípsi,n,noun,eclipse.
eksámin,n,noun,"examination, test."
eksámin,v,verb,to give or take an examination.
edád,n,noun,age.
eh,pt,particle,"filler which can mean, oh…, no…."
eleksyón,n,noun,election.
eleksyón,v,verb,to hold an election.
elementárya,n,noun,elementary.
embahadór,n,noun,ambassador.
embalsamár,v,verb,to embalm.
empanáda,n,noun,native pie of meat baked with pastry crust.
empleyádo,n,noun,employee.
empýene,n,noun,ringworm.
enéro,n,noun,january.
enhenyéro,n,noun,engineer.
ensaláda,n,noun,salad.
entabládo,n,noun,"platform, stage."
éntra,v,verb,"to go in, to enter, to share in, to interfere, to participate."
entyénde,v,verb,"to understand, to grasp, to comprehend, to realize."
englatéra,n,noun,england.
epektíbo,adj,adjective,effective.
-ero,na,noun formative,noun formative affix designating type of work done.
eropláno,n,noun,airplane.
eskándalo,n,noun,scandal.
eskándalo,adj,adjective,"rude, scandalous, lack in social refinement."
eskándalo,v,verb,to create a scandal.
eskiníta,n,noun,"aisle, alleyway."
eskóba,n,noun,"of shoes, brush."
eskultór,n,noun,sculptor.
eskwéla,n,noun,"student, pupil."
eskwelahán,n,noun,"school house, school."
eséna,n,noun,"screen, movie screen."
espáda,n,noun,"sword, spade."
espánya,n,noun,spain.
espanyól,n,noun,"spanish, spaniard."
espíritu,n,noun,"soul, spirit, ghost."
espíya,n,noun,"agent, spy."
espíya,v,verb,to spy.
espóngha,n,noun,"powder puff, sponge."
estádo,n,noun,"state, province."
estádos,n,noun,united states.
estánte,n,noun,"shelf, bookcase."
estár,v,verb,"to inhabit, to stay, to live, to reside."
estasyón,n,noun,station.
estátwa,n,noun,statue.
estranghéro,n,noun,"foreigner, stranger."
estudyánte,n,noun,"learner, student."
fálda,n,noun,ladies skirt.
famílya,n,noun,"family, home."
febréro,n,noun,february.
floréra,n,noun,flower vase.
fránsya,n,noun,france.
gábi,n,noun,taro.
gáb’i,n,noun,"night, evening."
gabinéte,n,noun,"cabinet, an advisory body to the president of the country."
gabúk,adj,adjective,"rotten, decayed."
gabúk,v,verb,"to be rotten, to decay."
gábut,v,verb,"to pull out, to weed, to extract, to uproot."
gáhit,v,verb,to clear the way by cutting off grass.
gáhud,adj,adjective,"noisy, bothersome."
gáhud,n,noun,"noise, clatter."
gáhud,v,verb,"to be noisy, to make noise."
gahúm,n,noun,"power, authority, precedence."
gá’id,v,verb,"to bind, to secure, to tie to, to hitch on to."
gálab,v,verb,"to cut with a sickle, to gather rice grains with a sickle."
galánte,adj,adjective,"gallant, chivalrous, extravagant."
galapún,n,noun,bottle.
galatúng,n,noun,"firewood, chopped wood used for firewood."
galí’,pt,particle,"really, is that so, indeed, oh."
gáling,v,verb,"to mill, to grind."
galingán,n,noun,"grinder, mill."
galón,n,noun,gallon.
gál’um,n,noun,"rain cloud, gray cloud."
gál’um,adj,adjective,cloudy.
gál’um,v,verb,to become cloudy.
galyétas,n,noun,"crackers, cookie."
gamáy,adj,adjective,"small, little."
gámhun,n,noun,fog.
gámhun,adj,adjective,foggy.
gámit,v,verb,"to use, to devise."
gamósa,adj,adjective,velvety.
gamú,n,noun,"disturbance, conflict, confusion."
gamú,v,verb,"to cause a disturbance, to throw into confusion, to take away peace."
gamút,n,noun,root.
gána,n,noun,appetite.
gána,v,verb,to have appetite for.
ganánsya,n,noun,"winnings, gain."
gáni’,con,conjunction,"in fact, as a matter of fact."
gánit,v,verb,"to pinch, to twist, to pull one’s hair."
gántang,n,noun,ganta.
gantángan,n,noun,wooden measuring box with a volume content of approximately one ganta or three liters.
gánsa,n,noun,goose.
gansál,adj,adjective,"loud, deafening."
gansál,n,noun,"noise, racket."
gansál,v,verb,"to be noisy, to set up a racket."
gánuy,v,verb,"to drag behind, to draw."
ganghá’an,n,noun,"gate, entrance, door."
gápas,v,verb,"to cut down, to fell."
gápus,v,verb,"to bind, to tie together, to tie the hands together."
gárab,v,verb,"to cut rice, to gather rice grains, grass or any dicot plant with a sharp instrument."
gárab,n,noun,"reaper, small sharp blade in the palm used to cut rice grains from the stalk."
gará’,v,verb,"to allure, to entice, to persuade, to prevail upon."
garáhi,n,noun,garage.
garantíya,n,noun,guarantee.
garúk,adj,adjective,"corrupt, depraved."
garúk,v,verb,to corrupt.
garút,adj,adjective,"tough, rowdy."
gástos,n,noun,"expense, disbursement."
gástos,v,verb,"to spend, to expend, to disburse."
gástos,adj,adjective,"extravagant, spendthrift."
gatá’,n,noun,"juice, coconut milk."
gátas,n,noun,"milk, sap."
gatúmbal,n,noun,pepper.
gátung,v,verb,to burn as firewood.
gatús,num,numeral,hundred.
ga’úd,n,noun,"paddle, oar."
ga’úd,v,verb,"to row, to paddle, to propel by means of an oar."
gáwa,v,verb,to look out the window.
gáwad,v,verb,"to get at a price, to recover, to redeem a pawned item."
gáwgaw,n,noun,starch.
gayún,adj,adjective,"gorgeous, dressy."
géra,n,noun,"war, battle."
géra,v,verb,to declare or fight a war.
gíkan,v,verb,"to come from, to originate, to be derived from."
gíd,pt,particle,"very, extremely, most, intensifier."
gihápun,adv,adverb,always.
gíhu’,v,verb,"to move, to stir, to budge."
gilayún,adv,adverb,"soon, immediately, later."
gín-,va,verbal affix,general completed -un affix.
giná’,va,verbal affix,general durative -un affix.
giná…-an,va,verbal affix,general durative -an affix.
gín-…-an,va,verbal affix,general completed -an affix.
ginamús,n,noun,native fish sauce made out of marinated fish.
ginháwa,n,noun,"breath, respiration."
ginháwa,v,verb,"to breathe, to take in air."
ginikánan,n,noun,parent.
gín’ut,adj,adjective,"of climate, warm, hot."
ginú’u,n,noun,"sir, mister."
ginú’u,n,noun,god.
gisá,v,verb,"to fry with fat, to saute."
gisántes,n,noun,pea.
gísi’,v,verb,"to tear, to slit with a sharp instrument, to split, to break asunder."
gíray,v,verb,to tear or cut in strips.
gitára,n,noun,guitar.
gitára,v,verb,to play a guitar.
governadór,n,noun,governor.
grábe,adj,adjective,"grave, serious."
grádo,n,noun,grade.
grádwar,v,verb,to graduate.
gramátika,n,noun,grammar.
grása,n,noun,grease.
grásya,n,noun,"grace, blessing."
grátis,n,noun,"gratis, free."
grípo,n,noun,faucet.
gruméte,n,noun,crew.
grúpu,n,noun,group.
gubá’,v,verb,"to demolish, to destroy, to undo."
gubán,n,noun,"group, brigade, caravan."
gúbat,n,noun,war.
gúbat,v,verb,"to wage a war, to declare war."
gúgma,n,noun,"love, adoration, affection."
gúhab,v,verb,to break in or through.
gúlang,n,noun,"age, maturity."
gúlang,v,verb,"to be old, to become mature, to ripen."
naggúlang,na,noun formative,ang mangá prútas.
gúlgul,v,verb,"to saw off, to cut off."
gúlub,v,verb,"to cut, to trim, to crop closely."
gulút,v,verb,to cut with a knife or scissors.
gúma,n,noun,"rubber, tire."
gúmuk,v,verb,to squeeze or compress so as to crush.
gumulúwa’,n,noun,"cast, mold."
gúmun,v,verb,"to muddle, to disorganize, to entangle, especially string or yarn, or thread."
gúnting,n,noun,"scissors, haircut."
gúnting,v,verb,to cut with a scissors.
gúra,n,noun,"cap, hat."
guráb,v,verb,"to grasp and to pull out grass, to weed."
guráyguráy,adj,adjective,"lined, striped."
gurípat,v,verb,"to twist the ears, to box the ears."
gústo,n,noun,"wants, desire, likes."
gústo,v,verb,"to care for, to want, to desire, to like."
gúsuk,n,noun,rib.
gúlpi,v,verb,"to shock, to jolt."
gúlu’,v,verb,"to thrust, to put a stick or finger through a hole, to insert something through a crack."
gútrab,v,verb,to chop or cut off with a knife or a pair of scissors.
gutúk,adj,adjective,"of clothes, tight."
gutúk,v,verb,to be tight.
gútum,n,noun,"hunger, craving."
gútum,v,verb,"to crave for, to hunger for."
gúyud,v,verb,"to tug along, to drag along, to pull, to trail along the ground."
gwá’,adv,adverb,outside.
gwá’,v,verb,"to go or come outside, to appear, to make one’s appearance on stage."
gwápo,adj,adjective,"handsome, beautiful, pretty."
háblug,v,verb,"to swing, to dangle, to rock to and fro."
hábnus,v,verb,"to snatch, to pull with force, to draw away suddenly."
hábuk,v,verb,"to inflate, to blow up, to swell."
hábug,v,verb,"to swing, to rock back and forth."
hábul,n,noun,thick blanket.
habúl,adj,adjective,"of edged or pointed tools, dull, blunt."
habúl,v,verb,to weave.
habón,n,noun,washing soap.
habúy,v,verb,"to throw out, to cast, to shoot, to toss, to pitch."
hábyug,v,verb,"to swing, hurl, to rock, especially to a far distance."
hakáb,adj,adjective,"ravenous, greedy."
háklu’,v,verb,"to breathe in, to draw in, to inhale."
hákruy,v,verb,"to complain, to moan, to sigh."
hakú’hakú’,adv,adverb,"hastily, hurriedly."
hákup,n,noun,"handful, fistful."
hákup,v,verb,"to take one handful, to scoop out using the hands."
hakús,n,noun,"embrace, hug."
hakús,v,verb,"to hug, to embrace, to clasp in one’s arms."
hákut,v,verb,"to carry to another place, to bring in successive loads, to transport."
hákwat,v,verb,"to lift, to carry light load."
hádluk,n,noun,"fear, apprehension."
hádluk,adj,adjective,"fearful, diabolic, dreadful."
hádluk,v,verb,"to be afraid, to fear, to be apprehensive."
hágad,v,verb,"to persuade, to induce, to invite, to ask to come."
hágbas,v,verb,"to cut, to mow down grass, to cut down grass or weeds with a sickle or a reaper."
haǵdan,n,noun,"stairs, ladder."
hágis,v,verb,"to trim, to cut off thorns."
hágmak,v,verb,to fall headlong.
hagúp,adj,adjective,"domesticated, meek, tame, docile."
hagúp,v,verb,"to be tame, to domesticate, to break in."
háguphágup,v,verb,"to caress, to pet, to rub down."
halá,pt,particle,"watch out, see there, whoops."
hálab,v,verb,"to feed like animals on grass, to pasture, to graze."
halákhak,n,noun,"laughter, boisterous laugh."
halákhak,v,verb,to laugh loudly.
hálad,n,noun,"offer, dedication, gift."
hálad,v,verb,"to offer, to sacrifice, to bestow, to donate."
haláy,v,verb,"to drape, to hang to dry."
hál’id,v,verb,"to litter, to throw in an inconspicuous way, to put away in disorder."
halígi,n,noun,"post, pillar."
halimbáwa’,n,noun,example.
halín,v,verb,"to leave, to depart, to come from someplace."
hálin,v,verb,to transfer to another place.
halíntang,n,noun,"grade, step, degree."
hálit,v,verb,"to damage, to injure, to impair."
halíya,n,noun,jelly made from coconut milk and brown sugar.
hál’u,n,noun,"mortar, pestle."
hálu’,v,verb,"to mix together, to beat together."
halu’án,n,noun,fresh water fish.
halúk,n,noun,"kiss, peck on the cheek."
halúk,v,verb,to give a kiss.
halúg,adj,adjective,loose.
halúnhun,v,verb,"to swallow a big chunk of food without chewing, to gulp down the throat."
hálung,v,verb,"to handle with care, to treat tenderly, to cherish."
hálus,adv,adverb,"almost, somewhat, very close to."
hámak,v,verb,"to scorn, to hate."
hámbal,n,noun,"speech, conversation, talk."
hámbal,adj,adjective,"talkative, conversant."
hámbal,v,verb,"to talk, to say, to tell, to speak."
hámbug,adj,adjective,"boastful, haughty, proud, hambug."
hámbug,v,verb,"to be boastful, to be proud."
hámbuy,v,verb,"to put, to place, to rest one’s arm upon."
hámpak,v,verb,"to beat, to whip, to whack."
hámpang,v,verb,"to play, to clown around, to gamble."
hámpang,n,noun,"game, play, stake."
hampángan,n,noun,toy.
hámpul,n,noun,"plaster, cover over a wound."
hámtang,v,verb,"to put, to place."
hámtung,n,noun,"maturity, manhood, womanhood."
hamún,n,noun,"ham, cured meat."
hamút,adj,adjective,"sweet smelling, fragrant, odorous."
hamút,v,verb,"to smell sweet, to be fragrant."
hamú’uk,adv,adverb,deep sleep.
hamú’ut,v,verb,"to be pleased, to be gratified."
hámyang,v,verb,"to lie on one’s back, to lie in state as of a corpse."
hánas,v,verb,"to drill, to train, to practice, to rehearse."
hánda’,v,verb,"to prepare, to make ready."
hándum,n,noun,"wish, desire, ambition.;  souvenir, memory."
hándum,v,verb,"to long for, to wish for, to crave for."
hándung,n,noun,"shade, unlighted area."
handuráwan,n,noun,daydream.
hándus,v,verb,"to spear, to split, to bore or thrust through."
haníg,v,verb,to line the bottom of a pan with leaves or the like to prevent the food from sticking.
haníp,adv,adverb,"even, uniform, of equal distance."
hantál,v,verb,"to stack, to pile."
hántup,v,verb,"to understand, to comprehend, to know, to conceive."
hánut,n,noun,"whip, lash."
hánut,v,verb,"to strike with a whip or cane, to flog, to beat."
hanú’ut,adj,adjective,"sincere, wholehearted."
hangád,v,verb,"to look up to, to honor, to admire, to raise one’s eyes to."
hangánhangán,adv,adverb,"easily, lazily, taking it easy."
hángbas,v,verb,to cut grass.
hángkat,n,noun,"challenge, dare, provocation."
hángkat,v,verb,"to defy, to challenge, to dare."
hángdu’,v,verb,"to consent, to give a nod, to approve, to accept a proposal."
hángin,n,noun,wind.
hangúp,v,verb,"to understand, to comprehend."
hángus,v,verb,"to gasp for breath, to pant, to breathe fast and with difficulty."
hapá’,v,verb,to prostrate oneself with arms outstretched.
hápaw,v,verb,"to skim, to make a sweeping motion over the top of a container to make even the contents."
hápay,v,verb,"to bend low, to lean onto for support."
hápdi’,adj,adjective,"painful, smart pain."
hápdi’,n,noun,"pain, sting."
hápdi’,v,verb,"to smart, to cause a sharp pain, to be painful."
hapi’n,n,noun,"diaper, lining, cover."
hápit,v,verb,"to drop in, to pass by, to visit, to call upon."
háplak,v,verb,"to fall flat on the ground, to lay flat."
háplas,v,verb,"to rub with ointment, to smear, to dab."
háplay,v,verb,"to hang on to, to let hang."
háplik,v,verb,"to give a side stroke, to side sweep, to flick away."
háplit,v,verb,"to blow, to strike, to hit."
háplus,v,verb,"to rub with ointment, to smear."
hápu’,v,verb,"to be tired, to be exhausted."
hapún,n,noun,"japanese, japan."
hápun,n,noun,afternoon.
hápun,v,verb,"to alight, to perch, to turn dark in the late afternoon."
hapús,adj,adjective,"easy, manageable."
hára,n,noun,"queen, empress."
harákhak,n,noun,"guffaw, laughter."
harákhak,v,verb,"to guffaw, to laugh loudly."
harána,n,noun,serenade.
harána,v,verb,"to serenade, to sing to a lady with intentions of courtship."
haranísta,n,noun,serenaders.
harásharás,adj,adjective,"harsh in manner, lacking in social refinement."
hardín,n,noun,garden.;  gardener.
hári’,n,noun,"king, emperor."
hári’,v,verb,"to be king, to rule as a king, to reign."
harína,n,noun,flour.
harúput,n,noun,breeze.
harúthut,v,verb,"to sew in big stitches, to patch."
hásta,adv,adverb,until.
hátag,n,noun,"gift, donation."
hátag,v,verb,"to give, to make a gift, to bestow, to assign, to award."
hatúkhatúk,v,verb,"to prick, to hurt, to chop, to make several cuts with a sharp instrument."
hatúd,v,verb,"to deliver personally, to carry a message."
háwa’,v,verb,"to make way, to leave an open space, to open a passage."
háwak,n,noun,waistline.
háwan,v,verb,"to clear, to clean from obstruction, to clear a crowded area."
háw’as,v,verb,"to take out of, to remove from inside, to deliver from a container."
hawáthawát,v,verb,"to crave badly, to eat little by little."
háwid,v,verb,"to retain, to stay, to keep possession of."
háya’,v,verb,to lay out a corpse.
háyag,adj,adjective,"bright, shiny."
háyag,v,verb,to become bright.
hayáhay,n,noun,"flag, banner."
hayángháyang,v,verb,to lie down lazily.
hayát,adj,adjective,"slender, thin, lean."
hayáw,v,verb,"to make as if to strike, to threaten to strike, to raise the hand as if to strike."
háyhay,v,verb,"to sigh, to moan, to utter a plaint or wail."
háylu,v,verb,"to convince, to induce."
hayú’,n,noun,"pet name, nickname."
háyup,n,noun,animal.
héfe,n,noun,chief.
henerál,n,noun,"general, army officer with the rank of general."
heneró,n,noun,"cloth, bale of cloth."
heringílya,n,noun,syringe.
hibalú,v,verb,"to know, to be aware of, to understand, to comprehend."
hibí’,v,verb,"to cry, to weep, to whimper."
hibubún’ut,v,verb,"to sob, sigh convulsively."
híkap,v,verb,"to touch with the hand, to feel, to handle."
híkaw,n,noun,"envy, jealousy."
híkaw,v,verb,"to envy, to be jealous of."
híkay,v,verb,"to find fault, to ridicule, to despise."
híkut,n,noun,cooked food.
híkut,v,verb,"to get ready, to bring on, to cook, to prepare in the kitchen."
hidá’it,n,noun,"peace, tranquility."
hidá’it,adj,adjective,"peaceful, tranquil."
hídlaw,n,noun,"longing, homesickness."
hídlaw,v,verb,"to long for, to yearn for, to be homesick, to wish to see personally."
higád,adv,adverb,"alongside, beside, on the edge."
higánte,n,noun,giant.
higayún,pt,particle,"in the event that, in the circumstance that."
hígku’,n,noun,"rubbish, dirt, dust, blemish, blot."
hígku’,adj,adjective,"dirty, dusty."
hígku’,v,verb,"to be dirty, to soil, to defile, to litter."
hígda’,v,verb,to lie down.
higúgma,n,noun,"love, affection."
higúgma,v,verb,"to love, to have affection for, to adore."
hígup,v,verb,"to sip, to suck up, to slurp, as a soup."
higút,n,noun,"rope, string."
higút,v,verb,"to bind, to tie, to secure, to fasten with a string or a rope."
hilabút,v,verb,"to interfere, to meddle."
hílak,v,verb,"to cherish, to hesitate to spend or give away because of sentimental or monetary value, to have high regard for."
hilamún,n,noun,"grass, weed."
hilám’us,v,verb,to wash the face.
hilánat,n,noun,fever.
hilánat,v,verb,"to have a fever, to be feverish."
hílap,v,verb,to cut into thin slices with an extremely sharp knife.
hilapít,adv,adverb,"near, in the vicinity of."
hiláw,adj,adjective,"raw, unripe, fresh."
hiláy,v,verb,"to lean, to incline, to slant."
hilayú’,adv,adverb,"far away, remote."
hílu,n,noun,thread.
hilú’,n,noun,poison.
hilú’,v,verb,"to poison, to give poison to."
híl’ub,v,verb,"to complete, to finish, to terminate planting or tilling the soil."
híl’um,v,verb,"to guess, to sense, to suspect."
hílut,n,noun,midwife.
hílut,v,verb,"to massage, to rub."
hílway,adj,adjective,"free, independent, safe."
hílway,n,noun,"freedom, independence."
himáya’,n,noun,"happiness, glory, bliss."
hímbis,n,noun,fish scales.
hímpit,adj,adjective,"perfect, faultless."
hímu,v,verb,"to make, to do, to perform."
himúd’us,n,noun,effort.
himúd’us,v,verb,"to exert oneself, to make great effort."
himúlat,v,verb,"to strive to obtain, to be earnest."
himúlbul,v,verb,to pluck clean of feathers or fur.
himulús,v,verb,"to be of use, to make serviceable, to take advantage of."
himúnung,adj,adjective,"quiet, silent."
himúnung,v,verb,"to become quiet, to become noiseless."
hím’ung,adj,adjective,"modest, refined, demure, graceful."
hímus,v,verb,"to arrange, to put away in an orderly manner."
himútad,v,verb,"to scrutinize, to look at closely."
himutígun,n,noun,"denial, refusal."
hináblus,n,noun,"niece, nephew."
hinákay,v,verb,"to hire, to pay for rent."
hináli’,adv,adverb,"abruptly, suddenly."
hinámbit,v,verb,"to mention, to refer to, to allude."
hinámput,v,verb,"to draw near, to approach, to move in the direction of the speaker."
hináw,v,verb,to wash hands or face.
hínay,adv,adverb,"slowly, gently."
hínay,adj,adjective,"slow, weak, tender."
hínay,v,verb,"to do slowly, to be weak or gentle."
hínhin,adj,adjective,"graceful, demure, dainty."
híning,adj,adjective,"shiny, polished."
hínis,v,verb,"to rub, to polish, to clean."
hínlu’,adj,adjective,"smooth, elegant, dainty."
hinúlsul,n,noun,"repentance, regret, remorse."
hinúlsul,v,verb,"to be sorry for, to repent, to regret."
hinun’ánun,v,verb,"to exchange views on a subject, to apeak about, to discuss."
hingabút,v,verb,"to draw, to try to reach, to persecute, to molest, to seek to obtain."
hingagáw,v,verb,"to reach the goal, to complete, to finish."
hingálan,v,verb,"to name, to call by name."
hingamú,v,verb,"to covet, to desire, to strive to obtain."
hinganíban,n,noun,weapon.
hingapús,v,verb,"to end, to finish, to complete, to terminate."
hingí’ki’,v,verb,to clean the teeth of tartar.
hingukú,v,verb,"to cut the nails, to trim and clean the fingernails."
hingúyang,n,noun,food preparation.
hingúyang,v,verb,"to hesitate to spend, to waste, to spend unwisely."
híngyu’,v,verb,"to think, to plan, to have the intention, to deliberate."
hípag,n,noun,"sister-in-law, brother-in-law."
hípid,adj,adjective,"neat, orderly, dressy."
hípus,adj,adjective,"quiet, silent, still."
hípus,n,noun,"stillness, silence, quietness."
hípus,v,verb,"to be silent, to keep quiet, to keep still."
hírup,adj,adjective,"intimate, tender."
hírup,n,noun,"comrade, friend, close friend."
hísa,n,noun,"envy, jealousy."
hísa,adj,adjective,"envious, jealous, selfish."
hisáyud,v,verb,"to ask for an explanation, to request information."
híta’,n,noun,"thigh, crotch."
hítad,v,verb,"to stretch, to open and smooth out as of cloth or paper."
híwa’,n,noun,"chunck, sliced piece, one slice."
híwa’,v,verb,"to slice, to carve, to cut to pieces."
híwat,v,verb,"to celebrate, to hold a feast."
hiyás,n,noun,"precious stone, gem."
híyud,v,verb,to stretch out.
hornál,n,noun,"laborer, workman."
hu’ád,adj,adjective,counterfeit.
hu’ád,n,noun,"copy, duplicate."
hu’ád,v,verb,to copy.
húbad,v,verb,"to loosen, to untie, to solve, to translate."
hubág,n,noun,"swelling, boil."
hubág,adj,adjective,"swollen, bulging."
hubág,v,verb,"to swell, to bulge."
hubás,v,verb,"to evaporate, to dry up."
húben,adj,adjective,young.
húblag,n,noun,"social compatibility, social movement, organization with revolutionary functions and aims."
húblas,adj,adjective,naked.
húblas,v,verb,"to strip off, to take off."
húbu’,adj,adjective,"naked, unclad."
húbu’,v,verb,"to unclad, to take off."
hubúg,n,noun,drunk;  drunkard.
hubúg,v,verb,"to become drunk, to drink to excess."
hubún,n,noun,group.
húk’ab,v,verb,to loosen and fall off.
húkas,v,verb,"to remove, to detach, to take off."
hukúm,n,noun,judge.
hukúm,v,verb,"to pass judgement, to try a court case."
hudéyu,n,noun,jew.
hugák,adj,adjective,loose.
hugák,v,verb,"to untie, to loosen."
hugakúm,v,verb,"to clasp in the fist, to grab, to grasp, to usurp."
húgas,v,verb,to wash hands and other objects except clothes.
húgpa’,v,verb,"to land, to perch, to come to rest especially of flying objects."
húgpung,n,noun,"bundle, bouquet."
húgpung,v,verb,"to make a bundle, to join together as a group."
hugút,adj,adjective,tight.
húgyaw,n,noun,"noisy laughter, enjoyment."
húgyaw,v,verb,"to be joyful, to cheer."
húlag,n,noun,"movement, action."
húlag,v,verb,"to move, to stir, to get busy."
hulám,v,verb,to borrow.
húlas,n,noun,"perspiration, moisture."
húlas,v,verb,to perspire.
hulát,n,noun,"waiting, expectations."
hulát,v,verb,"to wait, to expect, to be ready for."
hulík,v,verb,to snap at or to swallow the bait.
húlid,v,verb,"to lie alongside, to lie together."
húlip,v,verb,"to fill in strips, to patch a hole in a mat."
húlug,v,verb,"to fall down, to tumble."
hulúnan,n,noun,"roost, place for resting."
hulúnan,v,verb,"to roost, to settle down for rest or sleep as with fowls."
húlyo,n,noun,july.
humán,adj,adjective,"finished, completed, terminated."
humán,v,verb,"to terminate, to accomplish, to finish."
humáy,n,noun,rice plant.
húmlad,v,verb,"to spread out, to open, to unfold."
húmuk,adj,adjective,"soft, feathery."
húmuk,v,verb,"to become soft, to become tender."
humút,n,noun,"smell, odor.;  cologne, perfume, essence."
humút,adj,adjective,"fragrant, sweet smelling, odorous."
huná’,adj,adjective,"fragile, frail."
huná’huná’,n,noun,"thoughts, ideas, opinion."
huná’huná’,v,verb,"to think, to have the idea, to consider."
hunás,n,noun,low tide.;  beach.
hunás,v,verb,to have low tide.
huní,n,noun,"sound, chirp, whine."
huní,v,verb,"of birds and insects, to hum, to chirp, to whistle."
húnit,adj,adjective,"durable, lasting."
hún’ug,n,noun,"dew, moisture on the ground."
húnung,v,verb,"to stop, to cease, to detain."
hunús,n,noun,"shelf, drawer."
húnus,v,verb,"to draw out, to pull out as a drawer."
hunúsbu’,adj,adjective,"fretful, whimpering."
húnyo,n,noun,june.
hungúd,adj,adjective,intentional.
hungúd,v,verb,"to do intentionally, to act voluntarily."
hupay,n,noun,nightmare.
hupút,v,verb,"to keep, to hold, to have."
huragúk,n,noun,snore.
huragúk,v,verb,to snore.
huramúl,adj,adjective,damp.
hurínghúring,n,noun,"rumor, news."
hurínghúring,v,verb,"to be rumored, to be spread as news."
húrma,n,noun,"mold, cast."
húrma,v,verb,"to mold, to fit into a cast."
húrno,n,noun,oven.
húrno,v,verb,to bake in an oven.
hurubatún,n,noun,"maxim, saying."
hurúng,n,noun,"bad guy, goon."
huruśhurus,adj,adjective,"cad, rude, without gentlemanly instincts."
húsay,n,noun,"comb, settlement, solution."
húsay,v,verb,"to comb one’s hair, to settle, to arrange, to set in order."
húslu’,v,verb,"to unsheathe, to draw out by accident, to drop off its container."
hústu,adv,adverb,"enough, adequate, correct, fit, just right."
hutík,n,noun,whisper.
hutík,v,verb,to speak in a whisper.
hú’u,adv,adverb,"yes, affirmative particle."
hu’úl,n,noun,"sadness, woe."
hu’út,adj,adjective,tight.
hu’út,n,noun,tightness.
huwád,v,verb,"to copy, to duplicate."
huwés,n,noun,judge.
húy,intj,interjection,"hey, oh."
huyá’,n,noun,"shame, disgrace."
huyá’,adj,adjective,"disgraceful, shameful."
huyá’,v,verb,"to be ashamed, to feel reproach."
húyab,v,verb,to run away suddenly with great speed.
húy’ab,n,noun,yawn.
húy’ab,v,verb,to yawn.
huyá’huyá’,n,noun,sensitive plant.
húyang,adj,adjective,"rickety, shaky."
húyang,v,verb,"to shake, to be rickety."
huyúp,n,noun,"blast, blow, breath."
huyúp,v,verb,"to blow, to breathe upon, to expel breath."
hwébes,n,noun,thursday.
1-i-,va,verbal affix,general proposed action instrumental affix.
2-i-,va,verbal affix,goal focus affix.
-i,va,verbal affix,benefactive-locative focus affix.
ibábaw,adv,adverb,"on top of, on the surface."
ibábaw,v,verb,"to be on top of, to put on top."
ibán,n,noun,"other, some other."
íbid’íbid,v,verb,"to chaperon, to tag along, to tail along."
íbug,v,verb,"to have a passion for, to crave for."
íbug,na,noun formative,’íbug akú sang páhu’.
íbug,na,noun formative,si gabriel.
2-ika-,va,verbal affix,designating possibility of an action to happen.
ikáw,pr,pronoun,you (singular second person nominal pronoun).
íkit,adj,adjective,"close together, dense, least possible space between the elements."
íkug,n,noun,tail.
ikúg’íkug,v,verb,"to tail along, to tag along, to wag the tail as a dog."
idálum,adv,adverb,"underneath, below, at the bottom."
idálum,v,verb,"to put under, to demote, to descend."
ídas,n,noun,"furrow, line."
ídas,v,verb,"to line, to furrow."
idík,n,noun,"pigling, piglet."
ídlab,v,verb,"to catch fire, to burst into flame."
idú’,n,noun,dog.
iga,va,verbal affix,designating proposed action for instrumental focus.
ígham,v,verb,"to cough slightly, to clear the throat so as to attract attention."
iglésya,n,noun,church.
ígpat,v,verb,"to spark, to flicker, to twinkle as of stars."
igsú’un,n,noun,relation between godchild and children of godparents.
igú’,v,verb,"to fit, to accommodate."
ígut,v,verb,"to creak, to emit a grating sound by friction."
íhaw,v,verb,"to broil, to roast over live coal."
íhi,n,noun,axle bar.
íhi’,n,noun,urine.
íhi’,v,verb,"to urinate, to pass water."
íla,pr,pronoun,"their, theirs (third person plural pre-position source pronoun)."
ilá,adj,adjective,"elusive, untamed, undomesticated."
íla’,v,verb,"to like, to admire, to appreciate, to wish for."
ilagá’,n,noun,"rodent, rat, mouse."
ilayá,n,noun,"hinterland, remote area."
ílig,n,noun,"flow, current.;  ditch, drainage."
ílig,v,verb,"to flow, to run through."
ilímnun,n,noun,"drink, beverage, liquor."
ílis,v,verb,"to change, to alter, to vary, to replace, to exchange."
ílu,n,noun,orphan.
ílu,v,verb,"to become an orphan, to be orphaned."
íluk,n,noun,armpit.
ílug,v,verb,"to follow, to imitate, to copy, to forge."
ilúng,n,noun,nose.
ilúy,n,noun,mother.
imbénto,n,noun,"invention, creation."
imbénto,v,verb,"to invent, to devise."
imbestigár,v,verb,"to investigate, to censure."
imbitasyón,n,noun,invitation.
imprénta,n,noun,printing press.
imprénta,v,verb,"to print, to put in paper through a printing press."
ímpun,v,verb,"to join together, to conglomerate, to associate, to pull talents together."
impúntu,adv,adverb,"of time, sharp, on the dot."
ímu,pr,pronoun,"your, yours (second person singular pre-position source pronoun)."
ímul,adj,adjective,"poor, impoverized."
ímul,v,verb,"to become poor, to lose money or wealth."
ímun,n,noun,"jealousy, envy."
ímun,v,verb,to feel jealous.
impyérno,n,noun,"hell, nether world."
1-in-,na,noun formative,noun formative affix.
2-in-,aa,adjective formative,formative affix to designate manner or state of being.
3-in-,va,verbal affix,designating manner of performance or state of being.
iná’,d,deictic,that (far from the speaker).
1-in-…-an,na,noun formative,noun formative affix.
2-in-…-an,va,verbal affix,completed action transitive verb affix.
inánu,n,noun,"dwarfish man, man of dwarfish proportions."
índay,n,noun,"younger girls of age one to fifteen, address term for girls chronologically younger than the speaker, address term for unfamiliar non-acquainted informal relationship."
índi’,adv,adverb,"negative particle, no."
índis’índis,n,noun,"contest, competition."
índis’índis,v,verb,"to hold a contest, to compete."
ineksyón,n,noun,"injection, syringe."
ineksyón,v,verb,"to inject, to prick with a needle."
iní,d,deictic,this (near the speaker).
ínit,n,noun,"heat, temperature, heat of the sun, anger."
ínit,adj,adjective,"warm, hot, in rage, passionate."
ínit,v,verb,"to heat, to boil, to make angry, to enrage, to boil with passion or rage."
inítan,n,noun,sunshine.
inosénte,adj,adjective,innocent.
insúltu,n,noun,"insult, ridicule."
insúltu,v,verb,"to insult, to ridicule, to affront."
interés,n,noun,"interest, raise."
interés,v,verb,"to be interested in, to covet."
intsík,n,noun,chinese.
íntu’,n,noun,flattery.
íntu’,v,verb,"to convince with good graces, to play ball with emotions, to flatter."
inúg-,na,noun formative,instrumental noun formative affix.
inúm,n,noun,"drink, beverage, liquor;  beverage, liquor."
inúm,v,verb,"to drink, to take in."
inúmul,n,noun,"fist, clinched fist."
ínut,adj,adjective,"frugal, stingy, thrifty."
inútil,adj,adjective,"useless, decrepit, disabled."
ínyu,pr,pronoun,"your, yours (second person plural pre-position source pronoun)."
ingkáhi,n,noun,"lace, trimming for a dress."
ingkántu,n,noun,"fairy, evil spirit."
ingkántu,adj,adjective,enchanted.
inínglis,n,noun,english language.
ingít,adj,adjective,"irritable, angry, in bad temper."
ingít,v,verb,"to be in a bad mood, to be irritated."
íngud,v,verb,"to be close by, to move closer, to be intimate with, be beside of."
íngus,v,verb,"to sniffle, to draw air audibly."
ípa-,va,verbal affix,designating causation of action by the actor.
íping,v,verb,"to seat next to, to be at the side of, to adjoin."
ípit,v,verb,"to compress, to squeeze, to press between."
íput,n,noun,"feces, animal waste matter;  anus."
íput,v,verb,to move the bowel.
irás,v,verb,"to feel uncomfortable with, to have a low regard for."
isá,num,numeral,one;  first.
ísda’,n,noun,fish.
ísda’,v,verb,"to catch fish, to go out to the sea to catch fish."
ísi’ísi,v,verb,"to walk unsteadily, to stagger, to be unsteady in walking."
ísip,n,noun,"number, count."
ísip,v,verb,"to count, to reckon, to enumerate."
ispíya,n,noun,"spy, fifth column."
ispíya,v,verb,"to spy, to watch closely."
-ista,na,noun formative,noun formative affix denoting profession or type of job.
istórya,n,noun,"conversation, story."
istórya,v,verb,"to tell a story, to converse."
ísu,n,noun,chalk.
ísug,n,noun,"courage, boldness, bravery."
ísug,adj,adjective,"bold, brave, courageous."
ísug,v,verb,"to become courageous, to make one’s self brave to face adversities."
ísul,v,verb,"to retreat, to move back, to step back so as to make way."
íswag,v,verb,"to move over, to extend, to move away, to make room."
ítik,n,noun,duckling.
ítik,v,verb,to tickle.
itikíta,n,noun,"trademark, label."
ítlug,n,noun,egg.
ítlug,v,verb,to lay an egg.
itúm,adj,adjective,"black, dark, dark in complexion."
itúm,v,verb,"to become black, to get a tan."
íwag,n,noun,"light, illumination."
íwat,adj,adjective,"grave, seriously ill."
íya,pr,pronoun,"his, her, hers, its (third person singular pre-position source pronoun)."
iyá,pt,particle,"specifier distinguishing particle used before or after a deictic, noun or pronoun chosen to be emphasized."
1-la-,va,verbal affix,"or group action affix, used together with general aspect affixes."
2-la-,na,noun formative,noun formative affix when combined with .
3-la-,aa,adjective formative,adjective formative affix.
-la-…-an,na,noun formative,noun formative affix designating repetitive or social action occurring in a place.
lá’aw,v,verb,"to watch, to observe, to look out of the window."
labá,v,verb,"of clothes, to wash."
labá,n,noun,laundrywoman.
lába’,n,noun,"length, duration, extent."
lába’,adj,adjective,"long, extending for a considerable distance."
labábu,n,noun,"lavabo, washbasin."
lábag,v,verb,"to be against, to violate."
labáha,n,noun,"razor blade, razor."
labán,con,conjunction,"besides, except, moreover, furthermore."
labatíba,n,noun,enema.
labatíba,v,verb,to give or apply an enema.
láb’as,adj,adjective,"raw, fresh as of fruits and vegetables."
labáw,adv,adverb,"aside from, besides, more than."
labáw,v,verb,"to surpass, to exceed."
labáy,v,verb,"to go through, to pass by."
labí,adv,adverb,"more than, exceedingly."
labí,v,verb,"to exceed, to surpass."
labú’,v,verb,"to strike with a machete or an ax, to smite with great force."
láb’uk,v,verb,"to sip, to take a draught."
labúgay,v,verb,"to stir, to mix especially liquids."
lábut,n,noun,"business, concern."
lábyug,v,verb,"to hurl, to fling, to throw to a far distance."
laká’,adj,adjective,"scarce, rare, sometimes."
lák’ang,n,noun,"big step, step which is as far as the legs can extend."
lák’ang,v,verb,"to step over, to make a big step."
lakát,n,noun,"trip, walk, business trip."
lakát,v,verb,"to walk, to go, to leave."
lákbang,v,verb,"to stride, to make a big step."
lakíp,v,verb,"to include, to enclose, to insert."
láklak,v,verb,to lap with the tongue.
láktaw,v,verb,"to pass over, to miss, to skip."
láktud,v,verb,to take a short cut.
ládlad,v,verb,"to open, to spread, to unfold."
lá’ga’,v,verb,"to boil, to cook in water."
lagabúng,v,verb,"to fall to the ground with a flop, to rumble."
lagári’,n,noun,"saw, carpenter’s tool."
lagári’,v,verb,to cut with a saw.
lagás,v,verb,"to pursue, to run after, to chase."
lagátik,n,noun,"snap, clicking sound."
lagatúk,n,noun,"snap, dull thud, dull sound."
lágawlágaw,v,verb,"to wander about, to roam around, to stroll."
lágda’,n,noun,"mark, sign, signature."
lági,adv,adverb,"frequently, often."
lágpit,n,noun,rat trap.
lágtum,adj,adjective,"black, dark."
lagú,n,noun,earthworm.
lagú’,n,noun,"soiled clothes, laundry."
lagwérta,n,noun,"lawn, yard, orchard."
lágyu’,adv,adverb,"far, at a distance."
lágyu’,v,verb,"to run away, to flee, to go to a far off place."
lahúg,n,noun,"joke, teasing."
lahúgláhug,n,noun,"joke, teasing."
lahúgláhug,v,verb,"to joke, to make fun, to quip."
lá’in,adj,adjective,"bad, immodest, unfavorable, unjurous."
la’ín,adj,adjective,"different, changed, dissimilar, various."
la’ín,v,verb,"to change, to be different."
lála,v,verb,"to weave, to weave together."
lalá’,v,verb,"to become seriously ill, to become severe."
laláki,n,noun,"male, man, boy, male illicit lover."
laláw,v,verb,"to be in black mourning dress, to wear mourning clothes."
lalím,n,noun,flavor.
lális,v,verb,"to pay no heed to, to disobey."
lamá’lamá’,v,verb,"to cut into small pieces as of ribs, to cut meat with bones into thin pieces."
lámang,con,conjunction,"but, only, mere, just."
laḿbat,n,noun,"net, woven rattan net of native beds."
lámbut,v,verb,"to reach, to arrive, to attain."
lamésa,n,noun,table.
laḿgud,adj,adjective,barren.
lamíg,n,noun,coldness.
lamíg,adj,adjective,"cold, cool, low in temperature for weather and liquids."
lamígas,n,noun,"grain, cereal."
lámluk,n,noun,moth.
lampás,v,verb,"to surpass, to overtake."
lampásu,n,noun,"rag, mop, scrub."
lampásu,v,verb,"to mop, to scrub the floor."
lampín,n,noun,baby’s diaper.
lampitáw,adj,adjective,"well-known, famous."
lampú’as,v,verb,"to pass, to reach beyond and move on."
lámpus,v,verb,"to hit someone with something, to strike hard with an instrument."
lamúk,n,noun,mosquito.
lamúd,v,verb,"to mix with, to add to."
lamún,n,noun,blind.
lámun,v,verb,"to eat like an animal, to gulp down food hungrily."
lána,n,noun,"wool, oil especially coconut oil."
lándung,n,noun,"shade, shadow."
lánsang,n,noun,nail.
lánsang,v,verb,to drive a nail.
lansítas,n,noun,pocket knife.
lánta,adj,adjective,"withered, faded as of plants and flowers."
lántaw,v,verb,"to watch, to see, to look out of the window."
lántun,n,noun,"tune, song, music, music sheet."
lántun,v,verb,to play a musical instrument.
lanúg,n,noun,"echo, black and blue mark, rotten portion."
lányatlányat,n,noun,membrane.
láng,pt,particle,"only, also, just."
láng’at,n,noun,"interval, space between."
lángaw,n,noun,fly.
lángka’,n,noun,jackfruit.
lángkag,v,verb,"to worry, to be anxious about."
lánggaw,n,noun,vinegar.
langís,n,noun,"oil, especially coconut oil."
lángit,n,noun,"heaven, sky, outer space."
láng’ug,adj,adjective,"rotten, foul odor of stagnant water."
langúy,v,verb,to swim.
lápak,v,verb,"to trample on, to step on, to treat with pride or contempt."
lápad,n,noun,"width, area, broadness."
lápad,adj,adjective,"wide, broad, extensive."
lapá’lapá’,v,verb,"to cut into small pieces, to mangle."
lápas,v,verb,"to violate, to disobey an order."
lapáw,v,verb,"to be higher than, to exceed, to overflow."
lápdus,v,verb,"to hit with a strong force, to beat with intentions to destroy, to hit hard."
lápis,n,noun,pencil.
lapít,adj,adjective,"near, close, intimate."
lapít,v,verb,"to approach, to move near, to be close by."
lápnag,v,verb,"to become extensive, to spread, to propagate."
lápsag,n,noun,"baby of age one to two, infant."
lápsi’,adj,adjective,"frail, wan, pale, pallid."
lápta,v,verb,"to extend, to spread, to scatter."
lápus,v,verb,"to pierce, to penetrate, to go through."
lapúyut,adj,adjective,"sticky, thick in texture especially of liquids."
lápyu,v,verb,"to tire, to get exhausted."
laranghíta,n,noun,nectarine.
laráwan,n,noun,picture.
lárga,v,verb,"to travel away on a boat, to sail away."
lasáw,n,noun,molasses.
lás’ay,adj,adjective,"bland in taste, unsavory."
lásu,n,noun,"ribbon, trimming."
láta,n,noun,"tin, can."
latá’,adj,adjective,"rotten, overcooked."
látag,v,verb,"to bleach, to put out in the sun."
látay,v,verb,"to cross a narrow footbridge without support, to balance oneself on a narrow board."
látid,v,verb,"to line, to mark, to limit, to make a boundary."
latigú,n,noun,whip.
latúk,n,noun,table.
látum,v,verb,to penetrate to the innermost part.
latún,n,noun,tin can with a volume content of five gallons.
latún,v,verb,"to infect, to contaminate."
lá’ug,v,verb,"to roam, to stroll, to walk about."
lá’um,v,verb,"to hope, to expect, to trust, to estimate."
la’ún,n,noun,"old maid, bachelor girl."
-la-…-un,na,noun formative,noun formative affix designating an action to be performed to the object or person referred to.
lá’ut,adj,adjective,"vile, bad, malicious, wicked."
láwa’,n,noun,spider web.
láwag,v,verb,"to pronounce, to call out."
láwas,n,noun,"body, human body.;  representative."
láw’ay,adj,adjective,"ugly, offensive, repulsive."
láwid,n,noun,"of distance, length."
láwid,adj,adjective,"of distance, long, long stretch."
láwig,adj,adjective,"lengthy, wide, broad, extensive."
láwlaw,adj,adjective,"loose about the waist, of clothing, loose."
láya,n,noun,fish net.
láya’,v,verb,"to wither, to fade, to dry up as of flowers and plants."
láyag,n,noun,sail for a boat.
láyas,v,verb,"to run away, to flee from, to go away without permission, to run away from home."
layát,v,verb,to sag as of skin.
láygay,v,verb,"to advise, to talk, to lecture, to preach."
layí,n,noun,"law, bill."
layú’,n,noun,"of distance, far."
layú’,adj,adjective,"far, distant."
layú’,v,verb,"to go far, to go away, to be far."
layúng,v,verb,"to dry up, to wither."
leksyón,n,noun,lesson.
létse,n,noun,volume measure amounting to one eight-ounce tin can.
létse,intj,interjection,"damn, damn you."
-li-,va,verbal affix,variant of -la-.
libák,v,verb,"to backbite, to deride."
libańg,v,verb,"to amuse, to entertain, to comfort."
libát,adj,adjective,cross-eyed.
libát,v,verb,to become cross-eyed.
líbra,n,noun,pound.
líbre,adj,adjective,"free, gratis."
libreríya,n,noun,library.
líbro,n,noun,book.
líbu,num,numeral,thousand.
líbud,v,verb,"to peddle door to door, to go around."
líbug,n,noun,bumblebee.
libúg,n,noun,"trouble, problem, worry."
libúg,v,verb,"to be confused, to be worried, to have a problem."
libún,n,noun,"enclosure, fence."
libún,v,verb,"to enclose, to surround."
líbut,v,verb,"to walk about, to roam around, to encircle."
líbut,n,noun,surrounding.
likáw,v,verb,"to shun, to avoid, to detour."
líkday,v,verb,"to step to one side to allow another to pass, to make way, to step aside."
líkido,n,noun,liquid.
líki’,v,verb,"to bound, to spring, to leap with grace."
líksi,v,verb,"to jump around, to leap."
likú’,v,verb,"to turn the corner, to turn a street corner."
likúd,n,noun,back.
likúm,v,verb,"to hide a secret, to conceal."
lígad,v,verb,"to pass by, to be part of the past."
naglígad,na,noun formative,ang enéro péro walá’ pa matapús ang trabáho ku.
ligás,n,noun,"garter, belt."
lígdung,adj,adjective,"modest, serious, conservative."
lígid,v,verb,"to whirl, to roll, to turn over and over."
ligís,v,verb,"to mill, to crush into powder."
lígu’,v,verb,"to take a bath, to bathe, to swim in the river or the ocean."
líg’un,adj,adjective,"steady, stable, strong."
ligúnlígun,v,verb,"to let melt, to swallow or dissolve in the mouth."
ligúy,adj,adjective,"negligent, truant."
ligúy,v,verb,"to play truant, to be lazy."
liháy,v,verb,"to fall against for support, to lean on."
lihí’,v,verb,"to forbid, to disapprove."
líla,adj,adjective,"violet, lavender."
limá,num,numeral,five;  fifth.
límbung,n,noun,"lie, deceit."
límbung,v,verb,"to cheat, to deceive, to double-cross."
limitádo,adj,adjective,limited.
limpyabúta,n,noun,bootblack.
límyo,adj,adjective,"clean, spotless, in order."
límyo,v,verb,"to clean, to put in order."
límug,v,verb,to gargle.
limús,n,noun,"alm, donation."
limús,v,verb,"to give alms, to donate."
límut,v,verb,to forget.
linábhan,n,noun,washed clothes.
línas,v,verb,"to thresh as of rice, to trample upon."
línas,n,noun,thresher.
línaw,n,noun,"brook, stream."
líntak,v,verb,to emit a clicking sound.
líntuk,n,noun,bran.
línug,n,noun,earthquake.
línug,v,verb,"to have an earthquake, to shake like an earthquake."
linúng,adj,adjective,"calm, silent, peaceful."
língas,v,verb,"to distract, to confuse, to upset, to make noise."
lingáw,v,verb,"to distract, to bother, to amuse, to relax."
lingáw,adj,adjective,"noisy, bothersome, distracting."
língkud,v,verb,to sit down.
linggánay,n,noun,bell.
línghud,adj,adjective,"of plants, young, new."
língin,adj,adjective,"dizzy, round."
língin,v,verb,"to be dizzy, to have nausea, to feel the head spinning."
língling,v,verb,"to peep through a small hole, to observe secretly through an aperture."
lipák,n,noun,"stick, small twig."
lípas,v,verb,to pass by as of time.
lipát,v,verb,"to forget, to lose the memory."
lípay,n,noun,"happiness, joy, delight."
lípay,v,verb,"to be delighted, to feel happy."
lípun,v,verb,"to screen, to conceal, to hide."
lípung,v,verb,"to faint, to fall unconscious."
líp’ut,n,noun,"shortness, brevity."
líp’ut,adj,adjective,"short, brief, curtailed."
lísang,v,verb,"to be terrified, to be frightened, to be shocked."
lisénsya,n,noun,"license, permission."
lisénsya,v,verb,to ask permission.
lísi,v,verb,to look about curiously or searchingly.
lisík,v,verb,to fly like chips of wood.
lísngadlísngad,v,verb,"to linger, to tarry, to delay."
lísta,n,noun,"list, roll."
lísta,v,verb,"to list down, to enlist, to enroll."
lístun,n,noun,"ribbon trimming, shoe string."
lísu,n,noun,seed.
lísu’,v,verb,"to turn about, to be awry."
lisúd,adj,adjective,"hard, difficult."
lisúd,n,noun,"distress, hardship, difficulty."
litík,v,verb,"to crack, to split, to have a flaw."
lítra,n,noun,letter of the alphabet.
lítro,n,noun,liter measure.
litsúgas,n,noun,lettuce.
lítsun,n,noun,whole pig roasted on live coal pit.
lítsun,v,verb,to roast a whole pig.
lítun,v,verb,"to migrate, to transfer, to move."
lí’ug,n,noun,neck.
liwáliwá,v,verb,"to relax, to take a vacation."
liwán,v,verb,"to do again, to repeat, to remodel."
liwát,adv,adverb,"again, repeatedly."
liwát,v,verb,"to do over, to remodel, to repeat."
liyón,n,noun,lion.
lóbo,n,noun,balloon.
lólo,n,noun,grandfather.
lóte,n,noun,"piece of land, lot."
-lu-,va,verbal affix,variant of -la-.
lú’ad,v,verb,"to spit out, to throw out of the mouth."
lubád,v,verb,"to solve, to translate, to interpret."
lúbag,v,verb,"to twist, to wring, to twist and pull."
lúbha’,v,verb,"to cheat, to betray."
lubhá’,adj,adjective,"serious, grave."
lubhá’,v,verb,"to be seriously ill, to get worse."
lubí,n,noun,coconut.
lúbid,n,noun,"rope, string."
lúbid,v,verb,"to entwine, to make into a rope or string."
lubúg,adj,adjective,"murky, turbid."
lubúg,v,verb,to become murky.
lubúng,n,noun,"burial, crypt."
lubúng,v,verb,"to bury, to inter."
lukát,v,verb,"to pull or dig out together with the roots, to uproot."
lúku,v,verb,"to cheat, to trick."
lukú,v,verb,"of dogs, to lie down with front legs bent under."
lúksu,v,verb,"to jump, to leap, to jump over."
lúkut,v,verb,"to wind up, to roll, to crumple."
lugár,n,noun,"place, site, location."
lúgdang,v,verb,"to sink, to disappear under the water."
lúgpay,v,verb,"to mollify, to soothe, to counsel."
lú’gu’,v,verb,to shake.
lugúm,n,noun,dye.
lugúm,v,verb,"to dye, to color with dye."
lúgus,v,verb,"to force to submit, to violate, to grab, to rape."
lúha’,n,noun,tear.
lúhu,adj,adjective,"dressed up, elegant."
luhúd,v,verb,to kneel down.
lulú’,adj,adjective,"gentle, kind, meek, tender."
lumáy,n,noun,"love potion, charm."
lumáy,v,verb,"to entice, to attract strongly, to give a love potion."
lúmba’,n,noun,"race, contest."
lúmba’,v,verb,"to have a race, to hold a contest."
lúming,adj,adjective,"flabby, feeble, limp."
lúmpag,v,verb,"to destroy, to demolish."
lúmpat,v,verb,"to jump, to leap, to dive down."
lumús,v,verb,to drown.
lúmut,n,noun,moss.
lumúy,v,verb,to put into the mouth and swallow down as of a pill.
lúnes,n,noun,monday.
lúnhaw,adj,adjective,green.
lúntad,v,verb,"to live, to reside, to emigrate."
lúnsay,adv,adverb,"steady, stable."
lúnud,v,verb,"to be inferior to, to be unbecoming, to sink."
lungíb,n,noun,cave.
lungún,n,noun,"bier, crypt."
lunggú’,v,verb,to knock or push against especially the head.
lungúlúngu,v,verb,to shake the head for negation or disapproval.
lupád,v,verb,"to fly, to soar in the air."
lúpig,v,verb,"to oppress, to overpower, to side with."
lupúk,v,verb,"to burst, to blow-out, to erupt."
lupúg,adj,adjective,crippled.
lúp’ug,v,verb,to sit or squat down with legs turned to one side as resting animals.
lupút,v,verb,"to have loose bowel movement, to have diarrhea."
lúpyak,v,verb,to form a small depression in the ground.
lusád,v,verb,"to alight, to land, to disembark."
lús’aw,adj,adjective,"faded, discolored."
lús’aw,v,verb,"to fade, to run in color, especially of cloth."
lúspad,adj,adjective,"wan, pale in face."
lúspad,v,verb,"to be pale or wan, to turn pale."
lusút,v,verb,"to emerge, to pass, to go through, to pierce."
luták,n,noun,clay.
lutás,v,verb,"to wean, to detach affection for something longed for."
lutáw,adj,adjective,"famous, big, afloat, popular."
lutáw,v,verb,"to float, to be famous, to be well-known."
lúthang,v,verb,"to shoot to death, to fire a gun."
lútu,v,verb,"to mourn, to wear the black mourning attire."
lútu’,n,noun,"cooked food, prepared food."
lútu’,adj,adjective,"cooked, ripe."
lútu’,v,verb,"to cook, to mature, to ripen."
lútus,v,verb,"to surpass, to outdo, to run after, to defeat."
lú’uy,v,verb,"to have mercy, to have compassion for."
luwág,n,noun,"ladle, a native deep-bowled spoon used in cooking made from hard skin of the coconut and long bamboo handle."
luwás,con,conjunction,"aside from, except, outside of."
luwás,v,verb,"to free, to redeem, to save."
lúya,adj,adjective,"decrepit, weak, frail."
lúya,v,verb,"to become weak, to lose strength."
lúy’a,n,noun,ginger.
lúyag,v,verb,"to want, to desire, to like."
lúyluy,v,verb,"to hand down, to droop."
luyú,adv,adverb,"by, near, beside."
1-ma-,va,verbal affix,proposed action affix of the  verb.
2-ma-,aa,adjective formative,"formative affix attached to nouns, verb or adjective roots."
ma-…-an,va,verbal affix,proposed action affix of the  verb for benefactive-locative focus.
ma’álwan,adj,adjective,"rude, mean."
ma’áyu,adj,adjective,"well, good, fine."
1-ma-…-un,na,noun formative,noun formative affix designating a state of being as described by the adjective root.
2-ma-…-un,aa,adjective formative,formative affix designating state of being.
mábdus,v,verb,to be pregnant.
maká-,va,verbal affix,proposed action affix of the  verb for actor focus.
maka’áku’,n,noun,"god, the almighty."
makiná,n,noun,"machine, motor."
makinílya,n,noun,typewriter.
makinílya,v,verb,to type.
mákut,v,verb,"to make a fire, to begin to burn, to start to blaze."
mádre,n,noun,"nun, catholic nun."
ma’éstro,n,noun,"teacher, instructor."
1-mag-,va,verbal affix,infinitive actor focus affix.
2-mag-,na,noun formative,noun formative affix designating reciprocal relationship.
magá’,va,verbal affix,proposed action affix of the  verb.
mág’an,adj,adjective,"light, trivial, cheerful."
mag’asáwa,n,noun,married couple.
mágka-,va,verbal affix,designating possibility of a reciprocal action to happen.
mágpa-,va,verbal affix,designating causation of action by the actor.
maǵpang-,va,verbal affix,magpanghilám’-us akú.
maguláng,n,noun,"older sibling, older in age."
mahál,adj,adjective,"expensive, dear, cherished."
mahímo,v,verb,"to be possible, to be feasible."
ma’ís,n,noun,corn.
malá,adj,adjective,dry.
malá,v,verb,"to become dry, to evaporate."
nagmalá,na,noun formative,ang pantalún ku.
maléta,n,noun,"piece of baggage, luggage."
málu,v,verb,"to give an alarm, to crow as of cocks."
mán,pt,particle,"also, too."
mánang,n,noun,respect term for a lady older than the speaker.
mándo,n,noun,"command, announcement."
mándo,v,verb,"to rule, to lead, to command, to announce."
maného,v,verb,"to manipulate, to drive a car."
maní,n,noun,peanut.
manínay,n,noun,godmother.
mansánas,n,noun,apple.
mantíka’,n,noun,"cooking oil, shortening."
mantikílya,n,noun,butter.
mántil,n,noun,tablecloth.
mántsa,n,noun,"stain, spot."
mántsa,v,verb,"to stain, to mark."
mántu’,n,noun,veil used by women in church.
manúk,n,noun,chicken.
manúg-,na,noun formative,noun formative affix designating a type of job or work.
mán’ug,n,noun,"snake, serpent."
mánung,n,noun,respect term for men older than the speaker.
manyíka’,n,noun,doll.
1-mang-,va,verbal affix,active action affix usually designating plural or repeated action.
2-mang-,na,noun formative,noun formative affix designating type of job or profession.
mangá,pt,particle,marker.
mángga,n,noun,mango.
mánggad,n,noun,"wealth, property."
mánggad,adj,adjective,"rich, landed, wealthy."
mánghud,n,noun,"younger sibling, term used for people younger in age than the speaker."
mangín,va,verbal affix,"to become, to be like."
mangingísda’,n,noun,fisherman.
mangú’,adj,adjective,"unlettered, ignorant."
mangungúma,n,noun,farmer.
mápa,n,noun,map.
marásmas,v,verb,to become wide awake.
márka,n,noun,"brand, mark, label."
marinéro,n,noun,sailor.
mármul,n,noun,marble.
márso,n,noun,march.
mártes,n,noun,tuesday.
martílyu,n,noun,hammer.
martír,n,noun,martyr.
mártsa,n,noun,"march, drill practice."
mártsa,v,verb,"to march, to drill."
maskará,n,noun,mask.
maskará,v,verb,to wear a mask.
máskin,con,conjunction,"even if, even though, as long as."
masyádo,adv,adverb,"too much, in excess."
mata,n,noun,eye.
mata,v,verb,to awaken.
matadéro,n,noun,butcher.
matárung,n,noun,"reason, cause."
matárung,adj,adjective,reasonable.
matáy,v,verb,"to die, to pass away."
ma’úl,adj,adjective,numb.
ma’úl,v,verb,to become numb.
may-,aa,adjective formative,formative affix designating possession of the quality stated.
may-,na,noun formative,si ramóna.
may,v,verb,"to have, the existence of something, to be in existence."
máya,n,noun,wren.
mayád,adj,adjective,"good, fine, well."
mayád,v,verb,"to become well, to recover from being sick, to get well, to improve."
nagmáyad,na,noun formative,si carméla.
máyo,n,noun,may.
mayór,n,noun,mayor of a town or city.
mayordómo,n,noun,"butler, official of a ship."
medálya,n,noun,medal.
medikó,n,noun,doctor.
médya,n,noun,half.
médyas,n,noun,"socks, stocking."
mensáhe,n,noun,message.;  messenger.
merkádo,n,noun,open market.
mestisílya,n,noun,female half-breed.
mestíso,n,noun,"half-breed, male half-breed."
métro,n,noun,meter.
mikániko,n,noun,machinist.
mikróbyo,n,noun,"germ, microbe."
míl,num,numeral,thousand.
milágru,n,noun,miracle.
milágru,v,verb,to perform a miracle.
mílya,n,noun,mile.
milyún,num,numeral,million.
milyún,n,noun,millionaire.
mína,n,noun,"mineral mine, land mine."
minístro,n,noun,"minister, preacher."
mínus,adv,adverb,"before, less, of time."
mínus,v,verb,"to take out, to decrease, to make smaller."
minútu,n,noun,"of time, minute."
míngaw,n,noun,"loneliness, anguish."
míngaw,adj,adjective,"lonely, cheerless."
míngaw,v,verb,"to feel lonely, to feel distressed, ginmingáw akú kahápun."
mísa,n,noun,roman catholic mass.
mísa,v,verb,to say mass.
misyonéro,n,noun,missionary.
mítlang,v,verb,"to say, to mention."
miyád,adj,adjective,"fine, good, well."
motór,n,noun,"motor, machine."
motór,adj,adjective,motorized.
motorsíklo,n,noun,motorcycle.
mu,pr,pronoun,"short form of nímu, second person post-position source pronoun."
mu,pt,particle,particle expressing affirmation of the statement of which it is the last word.
mú’ad,v,verb,"to augment, to increase, to multiply."
múklat,v,verb,to open one’s eyes in waking.
múda,n,noun,"mode, fashion."
múda,v,verb,to become the fashion.
mugún,v,verb,"to work for a daily wage, to earn."
múg’ut,v,verb,"to do something with violence, to have a grudge for."
mulálung,v,verb,to see or perceive clearly.
muléstya,n,noun,"bother, trouble."
muléstya,v,verb,"to bother, to molest, to cause trouble, to request."
múlta,n,noun,"fine, penalty."
múlta,v,verb,"to impose a fine, to be fined."
munisípyo,n,noun,"municipal town hall, municipal office building."
múnu,con,conjunction,"said, according to, quoting particle."
múnu,v,verb,"to mention, to murmur, to say."
mungá’,n,noun,"hen, female chicken."
múngha,n,noun,"monk, isolated nun."
murahág,adj,adjective,"pop-eyed, red-eyed."
múrto,n,noun,"ghost, spirit, apparition."
muskitéro,n,noun,mosquito net.
muskobádo,n,noun,"unrefined sugar, brown sugar."
músika,n,noun,music.
músing,v,verb,"to disgrace, to taint."
músmus,adj,adjective,"poor, just, only."
mutsátso,n,noun,"man servant, paid male servant in the house."
mutún,n,noun,pulley.
mútya’,n,noun,pearl.
mwéstra,n,noun,"sample, model."
myémbro,n,noun,member.
myerkolés,n,noun,wednesday.
na,pt,particle,"already, still, yet."
na-,va,verbal affix,variant of ; completed action affix for the /ma-/ verb in optative mode.
na’,d,deictic,"that, from iná’."
na-…-an,va,verbal affix,conditional completed action affix of the  verb.
nábaw,adj,adjective,shallow.
naká-,va,verbal affix,conditional completed action affix of the  verb.
nákun,pr,pronoun,"my, mine, (first person singular post-position source pronoun)."
nag-,va,verbal affix,completed action affix of the  verb.
naláng,pt,particle,"only, just, a limiting particle."
námit,adj,adjective,delicious.
námun,pr,pronoun,"our, ours (first person plural exclusive post-position pronoun)."
nanám,adj,adjective,"delicious, tasty, spicy."
nánay,n,noun,"mother, respect form for older aunts or older ladies in the family."
nánday,pt,particle,post-position personal name marker.
nánu,pr,pronoun,variant of anu.
nangín,va,verbal affix,"became, was in the state of."
napúlu’,num,numeral,ten.
naranghíta,n,noun,nectarine.
nárs,n,noun,nurse.
nátun,pr,pronoun,"our, ours (first person plural inclusive post-position source pronoun)."
ná’ug,v,verb,"to go down, to descend."
nawúng,n,noun,"countenance, face."
nay,n,noun,variant of nánay.
nayánáya,adj,adjective,"elegant, well-dressed."
náyun,adv,adverb,"beyond, over there."
nayún,n,noun,"of pig, sow."
negósyo,n,noun,"small business, business.;  merchant."
negósyo,v,verb,"to do business, to be in business."
néne’,n,noun,endearment term for young girls or the eldest girl in the family.
nérbyos,n,noun,"nervousness, anxiety."
nérbyos,adj,adjective,"nervous, edgy, anxious."
nérbyos,v,verb,"to be anxious, to be nervous."
ni,d,deictic,"this, from iní."
ni,pt,particle,personal name post-position marker.
nígru,n,noun,"negro, black-complexioned person."
níla,pr,pronoun,their (third person plural post-position source pronoun).
nílag,v,verb,"to observe closely, to eavesdrop, to be on the watch surreptitiously."
nímu,pr,pronoun,your (second person singular post-position source pronoun).
nínyu,pr,pronoun,your (second person plural post-position source pronoun).
nípa,n,noun,"nipa palm, swampy palm."
nipiś,adj,adjective,"thin, reduced in volume."
nipiś,v,verb,"to be thinner, to reduce in volume or thickness."
nipúlun,adj,adjective,"round, circular, spherical."
níwang,adj,adjective,"lean, thin, of animals and people."
níwang,v,verb,"to reduce in weight, to become thinner."
níya,pr,pronoun,"her, his, its (third person singular post-position source pronoun)."
niyúg,n,noun,coconut.
nobéla,n,noun,novel.
nobyémbre,n,noun,november.
nóbyo,n,noun,"sweetheart, groom."
nónong,n,noun,"endearment term for young boys, especially the second oldest in the family."
nónoy,n,noun,"endearment term for young boys, especially the youngest in the family."
nú,pr,pronoun,tag question word from anú.
nubú’,adj,adjective,short in height.
número,n,noun,number.
núsnus,v,verb,to rub hard.
nwébe,num,numeral,nine.
nyébe,n,noun,snow.
nga,pt,particle,modifier connector.
ngá’a,adv,adverb,why.
ngálan,n,noun,name.
ngásal,v,verb,"to chatter, to talk boisterously."
ngáwa,n,noun,"surprise, apprehension."
ngáwa,v,verb,"to be surprised, to shrink from, to be afraid of."
ngídlis,v,verb,"to be horrified, to feel uncomfortable with, to be unpleasant or disagreeable."
ngíl’ad,v,verb,"to loathe, to be sickened, to disgust."
ngípun,n,noun,tooth.
ngísi,n,noun,"grin, giggle."
ngísi,v,verb,"to grin, to giggle."
ngíslu’,n,noun,"of the mouth, gum."
ngúrab,v,verb,"to murmur, to complain to oneself."
ngúrub,n,noun,"frown, roar, growl."
ngúrub,v,verb,"to snarl, to growl, to frown."
ngútngut,v,verb,"to be painful, to feel a sharp pain, to ache."
o,con,conjunction,or.
o,pt,particle,"okay, oh."
obíspo,n,noun,bishop.
okupádo,adj,adjective,"busy, occupied."
ónse,num,numeral,eleven.
operá,v,verb,"to operate, to be operated on."
opisína,n,noun,office.
opisyál,n,noun,official.
óras,n,noun,"time;  clock, watch, time piece."
orasyón,n,noun,"angelus, toll of bells come six o’clock in the afternoon."
órden,n,noun,cincture of priests on the head.
órden,v,verb,"to ordain, to bestow the cincture, so as to become a priest."
ordináryo,adj,adjective,"common, ordinary."
órgano,n,noun,organ.
ospitál,n,noun,hospital.
osyóso,adj,adjective,"curious, nosy."
otél,n,noun,hotel.
otsénta,num,numeral,eighty.
ótso,num,numeral,eight.
óbra,n,noun,"work, job, assignment."
óbra,v,verb,"to work, to do a job."
pa,pt,particle,"still, yet."
1-pa-,va,verbal affix,to move in the direction of.
2-pa-,na,noun formative,noun formative affix used with verbs.
-pa-,va,verbal affix,"designating causation of action, meaning to allow to happen, to make possible, to happen."
pá’a,n,noun,thigh.
pa’álam,v,verb,"to warn, to tell beforehand."
pa’ánu,adv,adverb,how.
pa’ayún,v,verb,"to go towards, to make for, to point at."
paboríto,n,noun,favorite.
paboríto,adj,adjective,favorite.
pábrika,n,noun,factory.
pábu,n,noun,turkey.
paká’,n,noun,frog.
paka’isá,n,noun,first degree cousin.
pakarás,v,verb,to harrow.
pákaw,n,noun,"hilt, handle."
pakéte,n,noun,"pack, package."
páklang,n,noun,"stem, branch."
pákpak,n,noun,"feather, wing."
pákpak,v,verb,to beat off as to brush off dust or ants from a dress.
pákris,n,noun,bruise.
páksi’,v,verb,"to tear off from something, to take out from a book, to pluck off a flower."
pakú’,n,noun,sleeve.
pakút,n,noun,"guess, venture."
pakút,v,verb,"to venture a guess, to guess."
pákyaw,adj,adjective,"wholesale, in bulk."
padalá,n,noun,"thing sent, package sent."
padalá,v,verb,to send.
padáyun,v,verb,"to go onward, to continue."
padér,n,noun,concrete wall.
padíhut,v,verb,"to contrive, to perform, to set up, to organize."
padúgi’,v,verb,"to manage, to find a way, to contrive."
padúlung,v,verb,"to go to, to go in the direction of, to head for."
pádya’,n,noun,"prize, reward."
1-pag-,va,verbal affix,actor focus affix.
2-pag-,na,noun formative,noun formative affix when used with verbs.
pagáno,n,noun,"heathen, pagan."
1-pagka-,va,verbal affix,"immediately after, following, verbal affix designating action completed before another action."
2-pagka-,na,noun formative,"noun formative affix designating state of being, manner of being."
pagká’un,n,noun,food.
págsik,adj,adjective,"brisk, active, enthusiastic."
pág’un,adj,adjective,"strong, durable, firm, solid."
págut,v,verb,"to rave, to be furious, to gnash the teeth while asleep."
páha,n,noun,"belt, waist band."
páhid,v,verb,"to wipe clean, to wipe away, to dry with a cloth."
pahítu’,n,noun,"technique, procedure, way, means."
pahítu’,v,verb,"to do, to find a way, to scheme, to process."
páhu’,n,noun,mango.
páhug,v,verb,"to frighten, to tease."
pahulám,v,verb,"to lend, to let."
pahúway,n,noun,"rest, relaxation."
pahúway,v,verb,"to rest, to relax."
pa’ílub,v,verb,"to bear patiently or humbly, to give way, to give the chance to others."
pa’ínu’ínu,n,noun,"thought, idea."
pa’ínu’ínu,v,verb,"to think, to have the idea of."
pa’ít,n,noun,bitterness.
pa’ít,adj,adjective,bitter.
pa’íway,v,verb,"to repel, to avoid, to be careful of."
pála,n,noun,"shovel, spade."
pála’,v,verb,"to erase with an eraser, to wipe out."
pala-,aa,adjective formative,formative affix designating habitual state of being or repeated action.
palákpak,n,noun,clapping of the hands.
palákpak,v,verb,to clap the hands.
palaktakún,n,noun,"riddle, problem."
pálad,n,noun,"fate, palm."
palamanúg,v,verb,"to swell, to have black and blue marks."
palangána,n,noun,basin.
palángga’,n,noun,"beloved, sweetheart, favorite."
palángga’,v,verb,"to love, to care for."
pálapála,n,noun,trellis.
palasárun,n,noun,"project, plan."
palásyu,n,noun,palace.
pálay,n,noun,rice plant.
paláyas,n,noun,awning.
pálhit,v,verb,"to smear over, to plaster on to."
palíbut,adv,adverb,around.
pálid,v,verb,to be blown away.
paligu’,v,verb,see ligu’.
palíhug,v,verb,to please.
palítu,n,noun,tooth pick.
pálpag,v,verb,"to strike or hit with something, to drive a nail."
pálsu,v,verb,"to fail, to disappoint, to be unsuccessful."
pálta,v,verb,to be absent.
paltéra,n,noun,midwife.
pálu,n,noun,masthead of a ship.
pálung,v,verb,"to put out, to extinguish, to blow out."
palús,v,verb,"to slip off, to free from grip."
pamáhaw,n,noun,"breakfast, snack."
pamáhaw,v,verb,"to eat breakfast, to eat a snack."
pamalándung,v,verb,"to meditate, to contemplate."
pamantalá’an,n,noun,newspaper.
pamángkut,n,noun,question.
pamángkut,v,verb,to ask a question.
pamatán’un,n,noun,youth.
památbat,v,verb,"to speak with authority, to lead a group in prayer, to sentence as a judge."
památi’,v,verb,to listen.
pamugún,v,verb,"to earn, to work at a job."
pamulúgsu’,v,verb,to gesticulate wildly and talk angrily.
pamús’un,v,verb,to move the bowels.
paná’,n,noun,"arrow, bow."
panákut,n,noun,"ingredients, spice."
panakáyun,v,verb,"to sail, to take the boat."
panaderíya,n,noun,bakery.
panag’íya,v,verb,"to own, to acquire, to obtain."
panagsarí’,n,noun,predicate.
panahún,n,noun,"weather, climate."
panálgan,n,noun,storey.
panambítun,v,verb,"to sigh, to mourn, to cry."
panámkun,v,verb,"to conceive, to crave for something while conceiving."
pananglítan,con,conjunction,"supposing, in case, if."
panáptun,n,noun,cloth.
pánas,v,verb,"to rub off, to erase, to wipe out."
paná’ug,v,verb,"to go down, to go downstairs."
panihúl,n,noun,whistle.
panihúl,v,verb,"to whistle, to be whistled at."
paní’id,n,noun,"experience, observation."
paní’id,v,verb,"to observe, to experience."
panílag,v,verb,"to watch, to scout, to observe surreptitiously."
pánit,n,noun,"skin, leather, bark."
pánit,v,verb,"to skin, to peel off."
pani’údtu,n,noun,lunch.
pani’údtu,v,verb,to eat lunch.
pánsit,n,noun,cooked noodles with mixed vegetables and dumplings.
pantalón,n,noun,pair of pants.
pantálya,n,noun,dummy.
panúgyan,n,noun,"suggestion, recommendation."
panuláy,n,noun,"evil, devil, temptation."
panyága,n,noun,lunch.
panyága,v,verb,to eat lunch.
panyápun,n,noun,"supper, dinner."
panyápun,v,verb,"to eat supper, to dine."
pányu’,n,noun,handkerchief.
1-pang-,va,verbal affix,frequent or repeated action affix of goal focus imperative mode.
2-pang-,na,noun formative,noun formative affix used to designate something used repeatedly.
-pang-,va,verbal affix,action affix.
pang-…-un,va,verbal affix,ginpangumústa akú ni presidénte márcos.
pangabáy,v,verb,"to request, to ask a favor."
pangabúdlay,n,noun,"effort, hard work."
pangabúdlay,v,verb,"to work hard, to try to accomplish, to put effort into."
pangabúhi’,n,noun,"life, way of life."
pangáku’,n,noun,"promise, oath, sworn statement."
pangáku’,v,verb,"to swear, to promise, to commit."
pangáku’,na,noun formative,magliwát.
pangádyi’,n,noun,"prayer, meditation."
pangádyi’,v,verb,"to pray, to meditate, to contemplate."
pangamúyu’,n,noun,"prayer, supplication."
pangamúyu’,v,verb,"to pray, to supplicate, to entreat god."
pangánud,n,noun,cloud.
pangáyaw,v,verb,"to migrate, to transfer to a place temporarily, to move to a new place."
pangáyu’,n,noun,"request, demand, thing asked for."
pangáyu’,v,verb,"to ask, to request, to demand."
pánggas,v,verb,"to sow, to plant seeds by hand."
panginhásun,n,noun,"sea shell, clam."
pangíta’,n,noun,"wage, earnings."
pangíta’,v,verb,"to look for, to search."
pángpang,n,noun,"brink, edge, coast, area close to a river or sea."
pangúlu,n,noun,"president, chief, leader."
pápa,n,noun,roman catholic pope.
papá,n,noun,father.
pá’pa’,v,verb,"to hammer, to strike a nail."
pápas,v,verb,"to exterminate, to destroy."
papél,n,noun,paper.
pára,con,conjunction,for.
parakáyda,n,noun,parachute.
paráda,n,noun,"parade, parking."
paráda,v,verb,"to hold a parade, to park a vehicle."
para’ísu,n,noun,paradise.
paralísis,n,noun,"paralysis, loss of sensation on any part of the body."
paralítiku,n,noun,"paralytic, crippled person."
párapu,n,noun,paragraph.
parého,adv,adverb,"same, similarly."
parého,v,verb,"to be the same, to be similar."
pári’,n,noun,"priest, minister, preacher."
parílya,n,noun,broiling grill.
páris,n,noun,"pair, look-alike."
parmásya,n,noun,"pharmacy, drug store."
parmasyotika,n,noun,pharmacist.
párti,n,noun,"part, division, piece."
párti,adv,adverb,"about, in relation to."
partído,n,noun,political party.
parúl,n,noun,"lantern, christmas lanterns."
parút,v,verb,to miss a card in gambling.
paryénte,n,noun,"relative, cousin."
pasák,n,noun,fern.
pásad,v,verb,"to establish, to erect, to put up."
pasagí’,adj,adjective,simple.
pasáhe,n,noun,"passage, trip.;  passenger."
pasamáno,n,noun,window sill.
pás’an,v,verb,"to bear on the shoulder, to carry on the shoulder."
pasápása,v,verb,to pass on from one hand to another.
pasapórte,n,noun,passport.
pasár,v,verb,"to pass through, to be over, to go by."
pasáw,n,noun,croton plant.
pasáy,v,verb,to eat the main meat course without rice.
pasáylu,v,verb,"to forgive, to excuse."
paskíl,n,noun,"placard, billboard."
páskwa,n,noun,christmas.
pasénsya,n,noun,"forgiveness, excuse."
pasénsya,v,verb,"to forgive, to excuse."
pasílyo,n,noun,"aisle, corridor."
pasimpálad,v,verb,"to take the risk, to chance it."
pásis,n,noun,free pass.
páslaw,v,verb,"to be caught red-handed, to fail, to lose."
páspas,v,verb,"to cut down as of trees, to fell many trees."
pásta,n,noun,"paste, tooth filling."
pásta,v,verb,"to paste on, to fill a tooth cavity."
pastór,n,noun,"shepherd, parish priest."
pásu’,n,noun,"burn, scorch on a person’s skin."
pásu’,v,verb,"to get burned, to get scorched."
pasulábi,v,verb,"to prefer, to esteem, to give priority."
pásung,n,noun,native sack of woven palm leaves with the volume content of one cavan.
pásyar,n,noun,"stroll, walk."
pásyar,v,verb,"to take a walk, to stroll."
pasyénte,n,noun,sick patient.
patadyúng,n,noun,native wrap-around skirt.
pátag,adj,adjective,"of land, plain, even, level."
patáni’,n,noun,pea pod.
patarásak,adj,adjective,eccentric.
pátas,adv,adverb,"equally, evenly."
pátas,v,verb,"to come out equal, to result in a tie."
patáwad,n,noun,"excuse, clemency, pardon."
patáwad,v,verb,"to give clemency, to pardon, to forgive, to excuse."
patáy,n,noun,"dead person, dead plant or animal, corpse.;  death."
patáy,v,verb,"to kill, to put to death."
páti,v,verb,"to believe, to obey, to be convinced."
patí’,adv,adverb,"including, also, with, together with."
pát’in,v,verb,"to sign, to mark, to enter in the list."
patíng,n,noun,"pigeon, dove."
patís,n,noun,fish sauce made from marinated shrimps or fish.
pátpat,v,verb,"to explain, to interpret, to translate."
pátu,n,noun,duck.
pátuk,v,verb,"to begin to do, to invent, to create, to start, to organize."
pát’ud,v,verb,"to be sure, to make sure."
patugsíling,n,noun,"consideration, thoughtfulness."
patugsíling,v,verb,"to be considerate, to think of other’s feelings."
patumbayá’,v,verb,"to neglect, to abandon."
patúnda’,n,noun,warning.
patúpátu,n,noun,"fabrication, lie, made-up story."
patúyang,v,verb,"to expose extravagantly, to show-off."
pátyu,n,noun,"cemetery, tomb."
pa’úli’,v,verb,"to go home, to go back to the house."
pa’úmud,v,verb,"to abstain, to exercise patience."
pa’ún,n,noun,"bait, decoy."
pá’un,v,verb,"to isolate, to separate, to set aside."
-pa-…-un,va,verbal affix,designating causation of action by the acor in the construction.
pa’úna,v,verb,"to allow to go ahead, to be first."
pawíkan,n,noun,sea turtle.
paya’ún,adj,adjective,childish.
payág,n,noun,"small hut, hovel."
páypay,v,verb,"to fan for air, to beckon to, to call back with a hand gesture."
páyung,n,noun,"umbrella, parasol."
páyung,v,verb,to wear an umbrella.
pelígro,n,noun,"risk, danger."
pensyón,n,noun,pension.
pensyón,v,verb,"to give a pension, to support through a pension."
péras,n,noun,pear.
peregríno,n,noun,pilgrim.
pérlas,n,noun,pearl.
péro,con,conjunction,"but, however."
personál,adj,adjective,personal.
peryódiko,n,noun,newspaper.
pesétas,n,noun,twenty centavo coin.
pétsa,n,noun,"date, day of the week and month of the year."
pi’áng,adj,adjective,"lame, cripple."
pi’áng,v,verb,"to become lame, to become crippled, to limp."
pikít,adj,adjective,"of clothes, tight."
píkpik,v,verb,"to pet, to pat on the back."
pikún,adj,adjective,"short-tempered, ill-natured."
pikúy,n,noun,parrot.
pidáso,n,noun,"piece, one part, one bite."
pígaw,adj,adjective,"frail, weak."
pígaw,v,verb,"to become weak, to become frail."
pígus,v,verb,"to oppress, to exploit."
pihák,n,noun,"other side, reverse, pair, half."
pihák,v,verb,"to cut in two parts, to divide in half."
pilá,adv,adverb,"how much, how many."
píla,n,noun,"line, queue."
píla,v,verb,to stand in line.
pílak,n,noun,"silver, coin, silver money."
pilák,v,verb,"to throw, to cast away."
pilás,n,noun,"wound, bruise, soreness."
pílduras,n,noun,"medicine tablets, pill."
píli,n,noun,choice.
píli,v,verb,"to choose, to select, to elect."
pílik,v,verb,"of animals, to quiver, to shake."
pilikulá,n,noun,"movie film, movie show."
pilipínas,n,noun,philippines.
pilipíno,n,noun,"filipino, citizen of the philippines."
pílit,v,verb,"to insist, to urge, to force, to compel."
pilít,adj,adjective,"sticky, clammy."
pilít,v,verb,"to stick on, to paste on."
pilósopo,n,noun,"philosopher, smark aleck."
pílpil,v,verb,"to weigh down, to put a weight on top."
pilú’,n,noun,"fold of the dress, hem."
pilú’,v,verb,"to fold over, to make a fold."
pimyénta,n,noun,red or white pepper.
pina-,aa,adjective formative,formative affix designating superlative degree quality.
piníkas,n,noun,"one piece, sliced piece, cut up pieces."
pínsar,n,noun,"thought, idea."
pínsar,v,verb,"to think of, to have the idea that."
pínta,n,noun,paint.
pínta,v,verb,"to paint, to cover with paint."
píntal,n,noun,"bar, bolt."
píntal,v,verb,"to bolt, to bar an opening."
píntas,adj,adjective,"cruel, harsh, brutal."
pintór,n,noun,painter.
píntuk,n,noun,"dot, blot."
pínu,adj,adjective,"fine, dainty, skilled product."
pínu,v,verb,"to refine, to produce something of fine workmanship, to smoothen."
pínya,n,noun,pineapple.
pínggan,n,noun,"plate, dish."
píhpih,v,verb,to brush off with the hand.
pípa,n,noun,tobacco pipe.
pípa,v,verb,to smoke a pipe.
pí’pi’,v,verb,to pat with the hand.
pipínu,n,noun,cucumber.
pirásu,n,noun,"piece, one part."
piríku,n,noun,parrot.
pírma,n,noun,signature.
pírma,v,verb,"to sign, to put one’s signature to."
pírme,adv,adverb,"always, constantly."
pírut,v,verb,"to wink, to squint the eye."
písan,adj,adjective,"diligent, industrious."
pisára,n,noun,blackboard.
písga’,v,verb,"to pinch, to press, to squeeze to extract liquid."
písi’,n,noun,"string, cord."
pisík,v,verb,"to fly off or jump off, of shrimps and fish, to make a quick and sudden movement, to flip."
pisíl,v,verb,"to compress, to grip, to press, to press with the fingers."
písngi,n,noun,cheek.
písngu’,n,noun,"sob, sobbing sound."
písngu’,v,verb,to sob after weeping.
písos,n,noun,peso bill.
píspis,n,noun,bird.
písta,n,noun,"fiesta, religious feast day of a saint, variant of pyésta."
písti,n,noun,"epidemic, pest, plague, drought."
pisú’,n,noun,chick.
pisúk,n,noun,moment.
pisúk,v,verb,to bat an eye.
pitáka,n,noun,"purse, handbag."
pitála’,n,noun,bolt.
pitík,n,noun,"beating, throbbing, flick."
pitík,v,verb,to flick another person with a finger.
pítla’,adj,adjective,gibberish.
pítsil,n,noun,pitcher.
pitú,num,numeral,seven.;  seventh; /napulug-/ seventeen; /ka-…-an/ seventy.
pítu,n,noun,whistle.
pítu,v,verb,"to blow a whistle, to whistle."
pí’ud,v,verb,to fold.
pí’ut,adj,adjective,"tight, crowded."
pí’ut,v,verb,"to become tight, to breathe with difficulty."
píyung,v,verb,"to shut, to close the eye."
pláka,n,noun,phonograph record.
planéta,n,noun,planet.
plántsa,n,noun,dry iron.
plántsa,v,verb,to iron with a dry iron.
plánu,n,noun,plan.
plánu,v,verb,to plan.
plása,n,noun,"park, plaza."
pláster,n,noun,"plaster, band aid."
platéro,n,noun,goldsmith.
platíto,n,noun,saucer.
pláto,n,noun,"dinner plate, dish."
pléte,n,noun,"fare, ticket for a plane or boat or bus ride."
plúma,n,noun,fountain pen.
pluméru,n,noun,feather duster.
póbre,adj,adjective,"poor, humble, unpretentious."
póbre,n,noun,poverty.
pomáda,n,noun,"pomade, men’s hair dressing."
porsyénto,n,noun,"percentage, interest."
póste,n,noun,"post, column."
postúŕa,adj,adjective,"dressed up, elegant, smartly dressed."
posturyóso,adj,adjective,"chic, dressy, elegantly dressed."
prémyo,n,noun,"prize, reward."
prénda,v,verb,to pawn.
préno,n,noun,"brake of a vehicle, stop."
préno,v,verb,"to put on the brakes, to stop."
presentár,v,verb,"to present oneself, to introduce, to give as a gift."
presidénte,n,noun,president.
présyo,n,noun,"price, cost price, selling price, cost."
pribádo,adj,adjective,private.
pribilíhiyu,n,noun,privilege.
primabéra,n,noun,spring.
prímo,n,noun,cousin.
prinsipál,n,noun,school principal.
príso,n,noun,prisoner.;  prison.
príso,v,verb,"to put in prison, to imprison."
príto,adj,adjective,fried.
príto,v,verb,"to fry, to cook in oil."
probár,v,verb,"to prove, to give proofs."
probínsya,n,noun,"province, state, political division."
probléma,n,noun,problem.
prográma,n,noun,program.
propesór,n,noun,professor.
protésta,n,noun,"protest, complain."
protésta,v,verb,"to complain, to protest."
prupíta,n,noun,prophet.
prútas,n,noun,fruit.
pruwéba,n,noun,"proof, evidence."
pú’as,v,verb,"to calm, to ease, to become less strong."
pu’ása,n,noun,fasting.
pu’ása,v,verb,"to fast, to abstain from eating regular meals for penance."
públiku,n,noun,public.
puká,v,verb,"to stay up late at night, to have a late night."
púkan,v,verb,to cut a tree down.
pukatúd,n,noun,elevation.
púkaw,v,verb,"to rouse, to waken."
púkpuk,v,verb,"to beat, to hammer down, to hit on the head."
púksi’,v,verb,"to pick flowers, to tear off."
púdag,v,verb,to stamp the feet in anger.
púga’,v,verb,to squeeze so as to extract liquid.
púgad,n,noun,nest.
pugún,n,noun,"stove, native oven made of clay."
pugúng,v,verb,"to repress, to stop, to control."
púgut,v,verb,"to cut off the head, to behead."
púhag,v,verb,"to break open, to release the gate, to disturb one’s peace."
púhun,v,verb,"to conspire, to plot."
pulá,adj,adjective,"red, crimson."
pulá,v,verb,"to color with red, to turn red, to blush."
púlak,v,verb,"to fall off the tree or plant, to wither and fall."
puláw,v,verb,"to stay awake so as to watch, to have a late night."
púlbura,n,noun,gun powder.
púlbus,n,noun,"powder, face powder, dusting powder."
pulgáda,n,noun,inch.
púli,v,verb,"to take sides in a fight, to ally with."
púling,v,verb,to have a foreign object in the eye.
pulís,n,noun,"policeman, cop."
púlpug,v,verb,to drive or mash with a hammer.
pulséras,n,noun,bracelet.
púlsu,n,noun,pulse.
púlu,n,noun,handle of a knife.
púlu’,n,noun,island.
púlu’,num,numeral,variant of napúlu’.
púlung,n,noun,"message, word, advice."
púlung,v,verb,"to express oneself, to give a speech, to give an advice."
pulús,n,noun,"usefulness, profit, advantage, benefit."
púlut,v,verb,to pick up from the ground.
pumpyáng,n,noun,cymbal.
púna’,n,noun,net.
púna’,v,verb,"to trap in a net, to weave a net."
púnaw,v,verb,"to faint, to feel dizzy."
púnda,n,noun,pillow case.
puní,n,noun,decoration.
puní,v,verb,"to decorate, to deck."
púnu’,n,noun,"tree trunk, leader, chief."
punú’,adj,adjective,full to capacity.
punú’,v,verb,to fill to capacity.
punú’an,n,noun,"beginning, start, authority, leader."
púnung,n,noun,fishpond.
púnta,n,noun,"tip, edge, end."
púntus,n,noun,"score, point."
púnyus,n,noun,"wrist, cuff."
pungá,adj,adjective,nasal manner of speech.
pungku’,v,verb,to sit down.
púnggud,n,noun,"pimple, blemish."
púnggul,v,verb,"to cut off from the plant, to prune."
púngpung,n,noun,"bundle, bunch, bouquet of flowers."
púngpung,v,verb,"to bundle, to tie into a bundle."
púngsud,n,noun,"country, nation, community."
pú’pu’,v,verb,"to pluck from the plant or tree, to pick, to harvest."
púrma,n,noun,"form, shape."
púru,adv,adverb,"purely, all."
púrung,n,noun,"crown, veil, head cover."
pusá’,v,verb,"to break, to crack."
púsad,v,verb,"to pace up and down angrily, to stamp the feet in anger."
pús’ang,v,verb,"to throw down on the floor, to put down with a bang."
púsdak,v,verb,"to throw down, to drop with considerable force."
púsnga,n,noun,"snort, pant."
púsnga,v,verb,"to breathe through the nostrils, to snort."
puspurú,n,noun,"match, match stick."
pústa’,n,noun,"stake, bet."
pústa’,v,verb,"to bet, to put up as stake."
púsu’,n,noun,"heart, banana flower."
púsud,n,noun,"navel, belly button."
pús’un,n,noun,abdomen.
púswit,v,verb,"to burst through a small opening with force, especially of liquids."
putí’,adj,adjective,"white, fair in complexion.;  white."
pútul,v,verb,"to sever, to cut off."
pútul,adj,adjective,"severed, cut, broken off."
putús,n,noun,"wrapper, cover."
putús,v,verb,"to wrap, to tie into a package, to pack."
putút,adj,adjective,"of people, short."
putyúkan,n,noun,beehive.
pu’úk,n,noun,place.
pu’úd,n,noun,"country, nation."
pu’út,v,verb,"to lie for ambush, to hide, to conceal."
púyu,n,noun,"cloth sack, cloth bag with a drawstring."
puyú,n,noun,"mudfish, freshwater fish."
puyú’,v,verb,"to live, to dwell, to reside."
púyus,v,verb,"to bind, to wrap up."
pwéde,adv,adverb,"all right, can be, its possible, certainly, yes."
pwérta,n,noun,"door, gate."
pwertáhan,n,noun,door.
pyáno,n,noun,piano.
pyánsa,n,noun,"bond, bail money."
pyánsa,v,verb,"to set bail, to bail out, to put a bond."
pyé,n,noun,one foot measure.
pyérde,v,verb,"to be defeated, to lose, to give up."
pyésas,n,noun,spare parts.
pyésta,n,noun,"fiesta, religious feast of a patron saint which is celebrated with pomp and carnivalistic tradition."
rabanús,n,noun,radish.
rábrab,v,verb,"to tear off, to rip."
rádyo,n,noun,radio.
rámas,v,verb,"to rub, to scrape off."
rántsu,n,noun,ranch.
rásras,v,verb,"to slash, of clothing, to slit or to take out the stitching."
ráyna,n,noun,"queen, empress."
rebólber,n,noun,"gun, revolver."
reklámo,n,noun,"complaint, discontent."
reklámo,v,verb,to complain.
regálo,n,noun,"gift, present."
regálo,v,verb,to give a present.
reló,n,noun,"time piece, wrist watch."
relyéno,n,noun,stuffed chicken or fish.
rénda,n,noun,bridle.
rénta,n,noun,rent.
rénta,v,verb,"to rent, to hire."
repólyo,n,noun,cabbage.
representánte,n,noun,"representative, congressman."
reputasyon,n,noun,reputation.
resíbo,n,noun,receipt.
resíta,n,noun,prescription of a doctor.
resúlta,n,noun,"result, conclusion."
retobádo,adj,adjective,"naughty, impish."
retráto,n,noun,"picture, snapshot."
réyna,n,noun,queen.
rikádo,n,noun,"seasoning, spice."
rílis,n,noun,"train rail, railroad tracks."
rimís,adj,adjective,"delicious, tasty."
rípa,n,noun,"raffle, lottery."
ritásu,n,noun,remnant.
románsa,n,noun,romance.
rósa,adj,adjective,pink.
rosál,n,noun,gardenia.
rósas,n,noun,rose flower.
rúmpag,v,verb,"to destroy, to ruin, to take apart."
rúsdak,v,verb,"to collapse, to fall over."
rwéda,n,noun,wheel.
sa,adv,adverb,"by, on, at, in, relational particle."
sá’ad,n,noun,"promise, vow."
sá’ad,v,verb,"to vow, to promise."
sába’,v,verb,"to beat double time, to beat violently."
sábak,n,noun,lap.
sábak,v,verb,to sit on the lap.
sábad,adj,adjective,"noisy, troublesome."
sabadó,n,noun,saturday.
sabát,n,noun,"response, answer."
sabát,v,verb,"to respond, to answer."
sabáw,n,noun,"broth, soup."
sáb’it,v,verb,"to hang to accidentally, to put on."
sáblag,v,verb,"to compromise, to meet half way."
sáblay,v,verb,to hang clothes or cloth.
sáblig,v,verb,"to douse with water, to sprinkle water."
sábnit,v,verb,"to snatch, to grab with force."
sabúd,v,verb,"to scatter, to sow."
sáb’ug,v,verb,"to scatter, to sow."
sábwag,v,verb,"to scatter, to sow."
sábya,v,verb,"to splash with water, to douse with liquid or powder, to throw at something."
sáka’,v,verb,"to enter, to go up, to ascend, to climb."
sakáda,n,noun,seasonal worker.
sakadéro,n,noun,sugarcane field laborer.
sakáy,v,verb,"to ride, to board."
sákdag,v,verb,"to help, to sustain, to support, to aid."
sakít,n,noun,"illness, pain, grief, sorrow."
sakít,v,verb,"to be painful, to be hurt, to feel bad about."
sakít,adj,adjective,"painful, sorrowful."
sáklaw,v,verb,to feel slighted.
sáksak,v,verb,"to chop, to stab repeatedly, to cut into pieces."
sáksi,n,noun,witness.
sáksi,v,verb,"to testify, to witness."
sáku,n,noun,"burlap bag, sack."
sáku’,n,noun,"busyness, hurry."
sáku’,adj,adjective,"busy, hurried."
sáku’,v,verb,"to hurry, to keep occupied, to be busy."
sákup,n,noun,"subjects, members."
sákup,v,verb,"to conquer, to be a member of, to enlist."
sákut,v,verb,"to mix, to blend, to put together."
sádtu,d,deictic,those (far from both the speaker and the listener).
sádtu,adv,adverb,"before, in the past."
sádya,n,noun,"happiness, joy, cheer."
sádya,adj,adjective,"happy, cheerful, joyful."
ság’a,v,verb,"to throw out water, to drain."
sagáhay,v,verb,"to overflow, to pour out abundantly."
sagáng,v,verb,"to prevent, to protect oneself, to defend."
ság’ang,n,noun,chin.
sagawák,v,verb,to burst out suddenly as water through a faucet.
ságbut,n,noun,"rubbish, grass."
ságing,n,noun,banana.
sagír’um,adj,adjective,"dim, doleful."
ságnuy,v,verb,"to drag in the water while cruising, to dunk in water."
ság’ub,v,verb,"to draw water from a well, to fetch water."
sagúd,v,verb,"to take care of animals, to raise animals."
sag’úli’,n,noun,"loose coins, change in coins."
sag’úli’,v,verb,"to be reconciled, to give loose change."
sagúp,v,verb,"to save, to rescue."
ságyud,v,verb,"to trail behind as a train, to be too long so as to touch the floor or ground."
sáha’,n,noun,"bulb, seedling, young plant grown from the root of the mother plant."
sahí’,adj,adjective,"special, distinct, distinguished."
sahú’,v,verb,"to be accustomed to, to get along well."
sahúg,v,verb,"to disturb, to interrupt."
sála,n,noun,"livingroom, hall, lounge area."
sála’,n,noun,strainer.
sála’,v,verb,"to strain, to sift."
salá’,n,noun,"mistake, crime, sin, error."
salá’,v,verb,"to make a mistake, to commit an error."
salákay,v,verb,"to overthrow, to attack."
salamángka,n,noun,magic;  magician.
salámat,id,idiom,thank you.
salamíng,n,noun,mirror.
salampáti,n,noun,dove.
salapí’,n,noun,fifty centavo piece.
salápid,n,noun,braid.
salápid,v,verb,"to plait, to braid, to twist."
sálap,n,noun,fish net.
salápu’,v,verb,"to detect, to catch red-handed, to find."
salawáhan,adj,adjective,"fickle, unfaithful."
saláwsaw,n,noun,"examination, test."
salbáhe,adj,adjective,"haughty, unfaithful, rogue."
saliká’,v,verb,"to straddle, to sit astride."
salída,n,noun,"show, movie show."
sálig,n,noun,"trust, confidence."
sálig,v,verb,"to trust, to confide in, to depend on."
salimpapáw,adj,adjective,"superficial, hypocrite."
salimú’ang,adj,adjective,delirious.
salimú’ang,v,verb,"to be delirious, to rave."
salín,n,noun,"remnant, left-over, scrap."
salín,v,verb,"to leave something behind, to keep, to store for some other time."
salipádpad,v,verb,"to fling, to throw away."
sálmon,n,noun,"sardines, salmon."
sálmon,adj,adjective,orange.
sálsal,v,verb,"to forge, to hammer."
salsálun,n,noun,"iron, metal."
salú,v,verb,to catch.
sálu,v,verb,"to eat together, to partake of a meal together."
salúk,v,verb,to dip or scoop out with the hand or a dipper or ladle.
sálud,v,verb,to catch drops of water so as to gather in a container.
salúdu,n,noun,"salute, bow."
salúdu,v,verb,"to salute, to bow, to show respect."
salúg,n,noun,floor.
sálug,v,verb,"to mix, to mingle."
sálum,v,verb,"to dive for, to sink in."
sálup,v,verb,"to go down, to disappear, to penetrate."
salusálu,v,verb,"to have a feast, to hold a banquet."
sál’ut,v,verb,"to insert, to get between."
samád,n,noun,"wound, injured part."
samád,v,verb,"to wound, to injure, to destroy."
sámay,adj,adjective,"striped, lined."
sámay,v,verb,to line with stripes.
sámbag,n,noun,tamarind.
sámbil,v,verb,to quirk.
sámbit,v,verb,"to refer to, to mention."
sámbud,v,verb,"to wind, to bind, to roll, to twist, to get entangled."
samí’,adv,adverb,"always, regularly."
sampaguíta,n,noun,native jasmin.
sampátun,n,noun,"expert, sage."
sámpuk,v,verb,"to fight head to head, to fight in man-to-man combat."
sámput,v,verb,"to come to, to reach, to arrive at."
nagsámput,na,noun formative,silá sa syudád.
sámtang,con,conjunction,"meanwhile, while, meantime."
sámu’,v,verb,"to dilute, to mix together."
sámuk,n,noun,"noise, trouble, bother."
sámuk,v,verb,"to bother, to cause trouble, to make noise."
sánag,adj,adjective,"bright, shiny."
sánag,v,verb,"to be clear, to shine."
sándad,v,verb,"to knock over and fall, to stumble."
sánday,pt,particle,personal names nominal marker.
sandí’ay,v,verb,to lean on.
sándig,v,verb,to lean on for support.
sandíya,n,noun,"watermelon, watermelon seeds."
sánduk,n,noun,"ladle, big spoon."
sánduk,v,verb,to dig or scoop out.
sánlag,v,verb,"to fry, to cook in oil."
sánting,adj,adjective,"of string or ropes, tight."
sántu,n,noun,variant of sántus.
sántu’,v,verb,"to harmonize, to agree, to be of the same opinion."
sántus,n,noun,saint.
sántus,adj,adjective,"saintly, holy."
sán’u,adv,adverb,when.
sáng,pt,particle,indefinite noun marker.
sangá,n,noun,"branch, bough, twig."
sángkad,n,noun,"width, breadth, broadness."
sángkap,adj,adjective,"well-equipped, complete."
sángkap,n,noun,"furniture, devices, things, equipment."
sángkap,v,verb,"to furnish, to provide with, to equip."
sanggá,n,noun,"branch, twig, bough."
sánghid,v,verb,"to touch lightly, to sidesweep."
sánglit,con,conjunction,"even if, meanwhile."
sapá’,n,noun,"creek, brook, lake."
sapák,v,verb,"to pay attention to, to mind."
sapá’sápa’,n,noun,"lagoon, man-made brook or creek."
sápat,n,noun,insect.
sapatéro,n,noun,shoemaker.
sapátus,n,noun,shoe.
sápsap,v,verb,"to chop so as to make even, to smoothen."
sapú,v,verb,"to discover, to find out."
sápul,v,verb,"to confer, to talk things over."
sapúpu,v,verb,to take care of.
sapút,v,verb,"to arrive, to reach."
saráng,v,verb,"to be able, to be possible, to be capable of, to be able to afford."
sarí,n,noun,"class, kind."
sárisári,adj,adjective,"different, of mixed kinds, combined."
sársa,n,noun,"sauce, gravy."
sarsyádo,n,noun,"meat dish of chicken, pork or meat with a little gravy."
sarút,n,noun,"pest, plague, epidemic."
sástre,n,noun,tailor.
sát’um,v,verb,"to know, to recognize."
sa’úlu,v,verb,"to memorize, to remember."
sa’úlug,v,verb,to celebrate.
sá’ut,n,noun,dance.
sá’ut,v,verb,to dance.
sáw’a,adj,adjective,"immoral, indecent."
sawáy,n,noun,"brass metal, criticism."
sawáy,v,verb,"to criticize, to correct, to mention so as to correct."
sáwsaw,v,verb,"to soak, to put into, to dip."
sáya,n,noun,long skirt of old women.
sayásat,v,verb,"to investigate, to check, to diagnose."
sáylu,v,verb,"to transfer, to move over."
sáysay,v,verb,"to relate, to explain, to describe."
sáysay,n,noun,"history, story, explanation."
sáyud,v,verb,"to know, to discover, to hear about."
sayúp,v,verb,"to commit an error, to be at fault."
sebuáno,n,noun,"language spoken principally in agusan, bohol, bukidnon, cebu, davao, lanao del norte, the eastern half of leyte, misamis occidental, negros, oriental, surigao, zamboanga del norte, zamboanga del sur, and in some towns in cotabato."
sekretaŕya,n,noun,secretary.
sekréto,n,noun,secret.
séda,n,noun,silk.
segúro,n,noun,insurance.
sélyo,n,noun,"stamp, postage."
semána,n,noun,week.
seménto,n,noun,"cement, concrete."
senádo,n,noun,senate;  senator.
sentábos,n,noun,"one centavo, one centavo coin."
sentimós,n,noun,"centavo coin, one centavo, one cent."
séntro,n,noun,"center, middle."
septyémbre,n,noun,september.
serbésa,n,noun,beer.
serbilyéta,n,noun,table napkin.
seremónya,n,noun,ceremony.
seréno,n,noun,watchman.
seténta,num,numeral,seventy.
séys,num,numeral,six.
seysénta,num,numeral,sixty.
si,pt,particle,personal name marker.
sibát,n,noun,"spear, lance."
sibín,n,noun,wash cloth.
sibín,v,verb,to wipe with a towel or wash cloth.
sibít,n,noun,straight pin.
sibít,v,verb,"to use a pin, to tuck together with a pin, to prick with a pin."
síbu,n,noun,grease.
síbu,v,verb,"to fit, to be enough."
síbu’,n,noun,"zero, nothing."
sibúyas,n,noun,onion.
síkad,v,verb,to kick with the foot.
sikréta,n,noun,detective.
síku,n,noun,elbow.
síku,v,verb,"to elbow, to nudge."
sikúp,v,verb,"to catch with the hands, as of fish."
síkway,v,verb,"to reject, to abandon, to jilt, to leave behind, to cast out."
síd’ing,v,verb,"to peep, to look in for a little while."
sidlángan,n,noun,east.
síga,n,noun,"glow, shine."
síga,v,verb,"to shine, to give a glow."
sigahúm,v,verb,"to desire, to hanker after."
sigarílyo,n,noun,cigarette.
sígi,adv,adverb,"okay, alright, go ahead."
sígi,v,verb,"to go ahead, to go on, to continue."
sígput,v,verb,"to take up small particles, to collect the leavings."
sígu,v,verb,"to fit, to join perfectly."
sigúro,adv,adverb,"maybe, perhaps."
sigúro,adj,adjective,"certain, for sure."
siháy,v,verb,"to be different, to be in contrast, to separate from."
sihigún,n,noun,rod.
silá,pr,pronoun,they (third person plural nominal pronoun).
sílak,n,noun,"rays of the sun, heat of the sun."
sílak,v,verb,to shine brightly.
sílaw,adj,adjective,"glaring, extremely shiny, blinding."
sílhig,n,noun,broom.
sílhig,v,verb,to sweep.
síli,n,noun,eel.
síli’,adj,adjective,"brilliant, smart."
silíng,n,noun,"saying, talk, words."
silíng,v,verb,"to talk about, to say, to mention."
sílu,adj,adjective,square.
sílung,n,noun,"basement, shelter."
sílung,v,verb,to take shelter.
sílut,v,verb,"to punish, to condemn."
símba,v,verb,"to worship, to go to church, to pay homage to."
símba,n,noun,church.
simbóryo,n,noun,"dome, belfry."
símbug,v,verb,"to mix, to dilute liquids."
símpli,adj,adjective,"simple, ordinary."
símpun,v,verb,"to join, to be together with."
sín,n,noun,galvanized iron.
siná’,d,deictic,"those, (far from the speaker)."
síndi,n,noun,"flame, light."
síndi,v,verb,"to light, to put a match to."
siní,d,deictic,these.
síni,n,noun,"movie theatre, movie film."
sínsil,n,noun,chisel.
sinsílyo,n,noun,"small change, coins."
síntas,n,noun,"strip, ribbon of film."
sinú’,v,verb,to shake so as to feel the sound.
sín’u,pr,pronoun,who.
sínyal,n,noun,"sign, symbol, gesture."
sínyal,v,verb,"to make a sign, to gesticulate, to beacon."
sínyas,n,noun,"hint, cue, gesture, sign."
sínyas,v,verb,"to give the cue, to call, to give a hint."
síng,pt,particle,variant of sang.
singkamás,n,noun,turnip.
síngki’,adj,adjective,"corny, unaccustomed, unsophisticated."
síngko,num,numeral,five.
síngko,n,noun,five centavo piece.
singkwénta,num,numeral,fifty.
sínggit,n,noun,shout.
sínggit,v,verb,"to shout, to howl."
sínghut,n,noun,"sniff, smell."
sínghut,v,verb,"to sniff, to smell closely."
singíl,n,noun,"sprout, seedling."
singíl,v,verb,"to sprout, to germinate."
singít,n,noun,"pole, pole with a hook for gathering fruits."
síngsing,n,noun,ring.
sípa’,n,noun,"kick, filipino game of kick ball."
sípa’,v,verb,to kick.
sipák,v,verb,to separate from.
sipála,v,verb,"to insult, to scorn."
sipí’,n,noun,"one piece, one piece of an orange."
sipílyo,n,noun,toothbrush.
sípit,v,verb,to carry under the arm.
síplat,n,noun,"glance, stolen glimpse."
síplat,v,verb,to steal a look at.
síp’un,n,noun,"cold, running nose."
sirá,n,noun,"lock, bar."
sirá,adj,adjective,"closed, locked."
sirá,v,verb,"to close, to lock."
sirgwélas,n,noun,tropical plum.
sirirítan,n,noun,cricket.
sír’um,n,noun,"dark, dusk."
sistéma,n,noun,system.
sítsit,v,verb,"to hiss at, to produce a long hissing sound so as to call attention."
sítyu,n,noun,political and area division smaller than a barrio or village.
si’úd,n,noun,"fish trap, loop."
si’úd,v,verb,"to trap fish, to gather fish from a si’úd."
síwil,n,noun,"twig, young sprout."
síya,n,noun,"chair, saddle."
siyám,num,numeral,nine.
sóbra,adv,adverb,"over, too much."
sóbra,n,noun,"lift-over, balance."
sóbra,v,verb,to be more than necessary.
sóbra,v,verb,"to add together, to get the sum."
sóbre,n,noun,envelope.
soldádo,n,noun,soldier.
soltéro,n,noun,single man of age fifteen and up.
sopá,n,noun,"couch, sofa."
sorbéte,n,noun,ice cream.
soríso,n,noun,sausage.
sú’ay,v,verb,"to debate, to dispute, to disobey."
sú’ay,adj,adjective,"disobedient, hostile."
subá’,n,noun,river.
subáng,n,noun,oldest child.
subáy,n,noun,"ant, red ant."
súbli’,v,verb,"to inherit, to be heir to."
súbli’,n,noun,"legacy, heritage; /mang-/ heir."
subú’,n,noun,"sadness, sorrow, loneliness."
subú’,adj,adjective,"sad, lonely, sorrowful."
subú’,v,verb,"to become sad, to feel lonely."
súbul,v,verb,"to cast out, to drive away, to renounce."
subúng,adv,adverb,"now, like, similarly."
súka,n,noun,"spew, vomit."
súka,v,verb,"to vomit, to throw up."
súka’,n,noun,vinegar.
súkat,n,noun,measurement.
súkat,v,verb,to measure.
súk’ay,v,verb,"to dig up earth, to turn up earth with a hand tool."
súki’,n,noun,"favorite customer, favorite salesman."
súl’ub,v,verb,"to dress, to put on a dress, to wear a garment."
súksuk,n,noun,"apparel, dress, house lizard."
súksuk,v,verb,"to wear a garment, to put on, to don."
sukúb,v,verb,to measure the quantity of.
sukút,n,noun,"payment, price, collection."
sukút,v,verb,"to collect, to ask for payment."
súd’an,n,noun,"main course of a meal, viand to go with rice during a meal."
sugá’,n,noun,"light, electric bulb."
sugál,n,noun,"gambling, risk."
sugál,v,verb,"to gamble, to take the risk."
súgat,v,verb,to fetch people.
sugatá’,v,verb,"to encounter, to meet accidentally, to come from different directions."
súgba,v,verb,"to roast, to broil, to broil directly on top of live coal."
súgbu,v,verb,"to jump overboard, to dive into."
súghaw,v,verb,"to glean, to pick after a reaper."
súgid,n,noun,"disclosure, story."
súgid,v,verb,"to tell, to disclose."
sugilánun,n,noun,"story, conversation."
sugilánun,v,verb,"to tell a story, to converse with."
súgpa’,v,verb,to spit blood.
súgpu,n,noun,lobster.
súgpun,n,noun,"connection, adjoining part, continuation."
súgpun,v,verb,"to adjoin, to connect, to continue."
súgu’,n,noun,"command, request."
súgu’,v,verb,"to request, to command, to decree."
súgud,n,noun,"start, beginning."
súgud,v,verb,"to start, to begin, to commence."
sugút,n,noun,"agreement, contract."
sugút,v,verb,"to consent, to agree, to allow, to permit."
súgyut,v,verb,"to urge on, to induce, to provoke."
súhul,n,noun,"salary, pay."
súhul,v,verb,"to pay wages, to give salary to."
súhut,v,verb,"to creep through, to go under, to crawl through a narrow passage."
súhut,n,noun,bribe.
súlab,n,noun,blade.
sulábi,v,verb,"to pet, to discriminate, to prefer, to distinguish."
sulát,n,noun,"handwriting, letter."
sulát,v,verb,to write.
suláy,v,verb,"to tempt, to induce, to do otherwise."
súlda,v,verb,to weld together.
súlhay,adj,adjective,"comfortable, at ease."
súlhay,n,noun,"comfort, ease."
súlhay,v,verb,"to become easy, to live in comfort."
sulí’,v,verb,to turn upside down.
súlip,v,verb,"to pass under the house, to dive."
súlit,v,verb,"to test, to repeat, to do again."
súlu,adv,adverb,"alone, solely."
sulú’,n,noun,torch.
súluk,n,noun,corner.
sulúd,id,idiom,"come in, enter."
sulúd,n,noun,"inside, room."
sulúd,v,verb,"to enter, to go inside, to put inside."
súlsul,v,verb,"to press on, to insist."
súlung,v,verb,"to inspect, to raid."
sulusakayán,n,noun,"toy boat, paper boat."
súma,n,noun,"sum, addition."
súma,v,verb,to add up.
súman,n,noun,sticky cooked rice wrapped in banana leaf.
súmbag,v,verb,"to box, to hit with the fist."
súmbung,v,verb,"to denounce, to accuse, to report."
súm’ud,v,verb,"to loathe, to have more than enough so as to feel boredom, to cloy."
súmpa’,n,noun,"oath, sworn statement, vow."
súmpa’,v,verb,"to take an oath, to swear, to make a big promise."
súmpung,v,verb,"to oppose, to resist, to fight, to have an argument with."
sundáyag,v,verb,"to publish, to display, to explain."
súnlug,n,noun,"teasing, joke."
súnlug,v,verb,to tease.
súnsun,adj,adjective,"frequent, often."
súntuk,v,verb,"to pierce, to thrust, to go through."
sunú’,con,conjunction,according to.
sunúd,adv,adverb,next.
sunúd,v,verb,"to go after, to follow, to tag along."
sunúd,n,noun,"rules, laws, guidelines; /-lu-…-un/ leader, example, model, rules."
sunúdsunúd,adv,adverb,one after another.
sunúdsunúd,v,verb,"to tail, to tag along, to keep on following after."
súnug,n,noun,"fire, dest ctive burning."
súnug,v,verb,"to set fire to, to burn, to raze."
súngay,n,noun,horn.
súngay,v,verb,"to gore, to pierce with a horn."
súngka’,n,noun,"filipino game of stones, appeal."
súngka’,v,verb,to appeal a case in the upper court.
súnggu’,v,verb,"to bump into, to crash against, to knock hard against something."
súnggud,v,verb,"to sulk, to resent, to be disappointed so as to sulk."
súngsung,n,noun,"stopper, cork."
súngsung,v,verb,to close an opening with a stopper or a cork.
súngu,n,noun,antennae of insects.
súpas,n,noun,soup.
superbisór,n,noun,supervisor.
supládu,adj,adjective,"stubborn, over-bearing."
súpsup,v,verb,"to sip in, to suck, to absorb."
supúk,v,verb,"to contradict, to oppose, to fight someone smaller in size or younger in age."
supúg,adj,adjective,"rabid, contagious, furious."
súput,n,noun,paper sack or bag.
supút,v,verb,"to gather or collect in small amounts, to be against someone smaller in size."
súrsi,n,noun,"darning, patch."
súrsi,v,verb,"to darn, to patch."
sús,intj,interjection,"oh, my goodness, wow."
súsi’,v,verb,"to investigate, to look into, to try to discover, to research."
suspendér,v,verb,"to suspend, to reprieve."
susténto,n,noun,"sustenance, maintenance."
súsu,n,noun,"mammary gland, breast."
súsu,v,verb,to nurse from the breast or bottle.
sutíl,adj,adjective,"naughty, mischievous."
sútsut,v,verb,"to prod from below with a very little force, to make a hissing sound to call attention."
súyup,v,verb,"to absorb, to suck in, to breathe in."
swélas,n,noun,"of shoes, sole."
swéldo,n,noun,"salary, pay, wage."
swéldo,v,verb,"to pay wages, to receive a salary."
swérte,n,noun,"luck, fate."
swérte,adj,adjective,lucky.
syá,pr,pronoun,"he, she, it (third person singular nominal pronoun)."
syápa,n,noun,badge.
syémpre,id,idiom,"of course, certainly, yes."
syén,num,numeral,hundred.
syénsya,n,noun,science.
syérto,adv,adverb,"certainly, surely."
syéte,num,numeral,seven.
syudád,n,noun,"city, metropolis."
ta,pr,pronoun,short form of nátun.
tá’as,adj,adjective,tall.
tá’as,v,verb,"to grow tall, to raise, to increase."
tába’,v,verb,to buy land or fields.
tabáku’,n,noun,"tobacco, cigar."
tabáku’,v,verb,"to smake a cigar, to chew tobacco."
tában,n,noun,"to run away with, to take away, to elope."
tábang,n,noun,"help, aid, succor."
tábang,v,verb,"to assist, to help."
táb’ang,adj,adjective,"tasteless, of liquid consistency, light, mild."
tábas,v,verb,"to sew, to cut cloth."
tabíd,v,verb,"to link together with a rope or string, to attach to."
tabínas,n,noun,embarrassment.
tabís,n,noun,"penalty, fine."
tablétas,n,noun,"medicine tablet, pill."
tabú’,n,noun,"dipper, can used to scoop out water;  case, event, happening."
tabú’,v,verb,"to happen, to occur, to come to pass."
tábu’,v,verb,"to come together, to meet purposely, to fetch from an airport or pier."
tabúk,v,verb,"to go across, to cross over."
tábug,v,verb,"to drive away, using arm gestures."
tabún,n,noun,cover.
tabún,v,verb,to cover with something.
tak’an,v,verb,"to get disgusted with, to get bored, to become weary, to get tired of."
naták’an,na,noun formative,akú magpamáti’ sa íya istórya.
tákam,v,verb,to munch or chew noisily.
tákas,n,noun,"land, dry land."
tákas,v,verb,"to disembark, to go ashore, to go out of the water."
tákdung,v,verb,to cover the head.
táklad,v,verb,"to ascend, to climb over an obstacle."
táklap,v,verb,"to cover, to put or lay upon."
táklas,v,verb,"to climb up a steep or uncleared path, to climb over an obstacle."
táklung,n,noun,snail.
táklus,v,verb,to hang an object around the hip or waist with a belt.
tákna’,n,noun,"hour, moment."
táktak,v,verb,"of petals or leaves, to fall one by one."
takúd,v,verb,"to put on, to connect, as of electric wire, to install."
takúp,n,noun,"cover, stopper."
takúp,v,verb,"to cover, to put a cover on."
takús,n,noun,"fit, measure, dimension."
tádlung,adj,adjective,straight.
tádlung,v,verb,to straighten.
tádtad,v,verb,"to chop, to mutilate."
tádyaw,n,noun,native clay jar designed to hold water.
tag,na,noun formative,noun formative affix designating type of work done by a person.
tag,pt,particle,adverbial formative affix designating quantity or value.
tagá,v,verb,"to be from, to come from, to originate from."
tagálog,n,noun,"language spoken principally in the greater manila area, and in bata’an, bulacan, occidental mindoro, oriental mindoro, quezon and rizal provinces."
tagám,v,verb,"to beware, to be careful of, to take the risk."
tagám,n,noun,"danger, risk."
tagasák,v,verb,"to make a slapping sound, to resound, to make a dripping sound like the rain."
tágay,v,verb,"to put out, to offer."
tagbaláy,n,noun,"owner of the house, host, or hostess."
tagbaláy,id,idiom,hello (anybody home).
tágbang,v,verb,to cast overboard.
tághul,n,noun,"howl, dog bark."
tághul,v,verb,"to howl, to bark like a dog."
tághuy,v,verb,"to wail, to sigh."
tagíptip,n,noun,mildew.
tag’íya,n,noun,"owner, possessor."
tágna’,n,noun,"guess, prediction, prophecy, forecast."
tágna’,v,verb,"to foretell, to predict, to guess."
tagpilá,adv,adverb,how much.
tágring,n,noun,"resonance, ringing sound as of a telephone."
tágring,v,verb,"to ring, to resound."
tágsa,adv,adverb,"each, each one, per person."
tágsatágsa,n,noun,"everyone, each one, one by one."
tágsing,adj,adjective,"oxytone, sonorous."
tágtag,v,verb,"to distribute, to apportion."
tágu’,v,verb,"to hide, to store away, to conceal."
tagúb,n,noun,"sheath, scabbard."
tagudíli’,v,verb,"to condemn, to damn."
tagúm,adj,adjective,blue.
tahál,v,verb,to sharpen a pencil.
táhaw,v,verb,"to become mild, to lose alcohol content, to be flat."
tahí’,n,noun,"sewing, stitch."
tahí’,v,verb,to sew.
táhud,n,noun,"respect, honor, courtesy."
táhud,v,verb,to show respect or courtesy.
tahúm,adj,adjective,"beautiful, pretty."
tahúm,n,noun,"beauty, effulgence."
talágsa,adv,adverb,"rarely, scarcely, seldom."
talá’id,adv,adverb,"evenly distributed, evenly done."
talámnan,n,noun,"field, garden."
tálang,v,verb,"to miss the way, to lose one’s way."
tál’as,v,verb,to run away.
talástas,n,noun,"edict, proclamation."
talástas,v,verb,"to know, to understand, to proclaim."
tálaw,adj,adjective,"chicken-hearted, coward."
talikúd,v,verb,"to turn one’s back upon, to abandon, to desert."
talimbabága,n,noun,centipede.
talíthi’,n,noun,"drizzle, shower."
talíwan,v,verb,"to bypass, to catch up and then leave behind, to overtake."
nag-talíwan,na,noun formative,ang búlan sang febréro.
táltal,v,verb,to loosen especially with a jackscrew or a hammer.
talúdtud,n,noun,ridge.
talúm,adj,adjective,sharp as of knives and blades.
talúm,n,noun,sharpness.
talúng,n,noun,eggplant.
tál’us,v,verb,"to take another’s place, to substitute for someone."
talyér,n,noun,repair shop for cars.
táma’,adv,adverb,"correct, well, extremely, excessively."
táma’,v,verb,"to be correct, to fit into, to adjust well."
tamád,adj,adjective,"idle, lazy, indolent."
tamáwu,n,noun,"dwarf, elf."
tamáy,v,verb,"to despise, to contempt."
támbal,n,noun,"medicine, cure, remedy;  doctor, quack doctor."
támbal,v,verb,"to cure, to remedy."
tambalihán,n,noun,chameleon.
támbi,v,verb,"of sewing, to sew a small piece to a bigger piece of cloth, to have enough material."
támbu’,n,noun,bamboo shoot.
támbuk,n,noun,"fatness, stoutness."
támbuk,adj,adjective,"fat, stout, obese."
támbung,v,verb,"to attend, to be present."
támbur,n,noun,drum.
tamíng,n,noun,"armor, shield."
tám’is,n,noun,sweetness.
tám’is,adj,adjective,sweet.
támpa’,n,noun,slap on the face.
támpa’,v,verb,to slap on the face.
támpad,adj,adjective,"frank, candid."
támpad,v,verb,"to confront, to be frank, to divulge."
tampálas,v,verb,to insult.
tampálas,adj,adjective,cruel.
támpi,v,verb,"to put on an apron, to put something over the dress so as to cover it."
támpis,n,noun,"apron, piece of cloth worn over the skirt for decoration."
támpuk,v,verb,"to fill up a hole, to cover a hole."
tamúd,v,verb,to look upon.
támwa,v,verb,to peep out of.
támyaw,v,verb,"to greet, to entertain."
tanán,pr,pronoun,"all, everybody, everything."
tanáng,adj,adjective,ripe.
tán’aw,v,verb,"to see, to watch, to look at."
tánda’,n,noun,"mark, line, indication."
tándug,v,verb,"to touch, to move around."
tándus,adj,adjective,excellent.
táni’,adv,adverb,"if possible, perhaps, possibly."
tánsya,n,noun,"estimate, prediction."
tánsya,v,verb,"to estimate, to predict the quantity."
tanúm,n,noun,plant.
tanúm,v,verb,"to plant, to allow to grow."
tányag,n,noun,offer.
tányag,v,verb,"to offer as a bonus, to offer."
tangá,n,noun,cockroach.
tangá’,v,verb,"to look up, to look stupid, to have a blank stare."
tángki,n,noun,tank container.
tangkúgu’,n,noun,nape of the neck.
tángis,n,noun,"cry, lament."
tángis,v,verb,"to cry, to lament."
tángla’,v,verb,to look up.
tangú’,n,noun,"nod, nodding movement of the head."
tangú’,v,verb,to nod the head for assent.
tangú’tángu’,v,verb,to nod the head repeatedly to show assent.
tápak,n,noun,"foot mark, footfall."
tápak,v,verb,"to tread barefooted, to step on."
tápán,adj,adjective,"flat, plain, level."
tapás,v,verb,"to cut down a big plant or tree, to chop down."
tapát,v,verb,"to resolve, to tell the truth, to be frank."
tápi’,n,noun,"wood, board, lumber."
tapík,v,verb,"to transfer to, to stick to, to move over."
táplik,v,verb,"to flick, to jerk, to flick on the sides."
tápna’,v,verb,to stop.
tápnay,v,verb,"to carry or hold in the arms, to cradle in the arms like a baby."
tápu’,n,noun,"association, group, club."
tápu’,v,verb,"to join together as a group, to associate, to group together."
tapúk,adj,adjective,"brittle, delicate, non-durable."
tápuk,v,verb,"to throw away, to cast away to a far off place, to deport."
tapús,adj,adjective,"finished, completed."
tapús,v,verb,"to finish, to complete."
tapútapú,n,noun,dust.
tarhéta,n,noun,"card, identification."
társo,n,noun,"clown, joker."
tárung,n,noun,"reason, excuse."
tárung,v,verb,"to behave well, to straighten up."
tása,n,noun,drinking cup.
tásak,v,verb,"to put on one’s foot, to step into."
táslaw,adj,adjective,coward.
tástas,v,verb,"to separate, to take off stitching after sewing, to remove stitching by a blade or any sharp instrument."
tátap,v,verb,"to look after, to take care of, to attend to."
tatay,n,noun,"father, respect form for older male relatives."
tátlu,num,numeral,three;  third; /ka-…-an/ thirty; /napulug-/ thirteen.
tá’ub,n,noun,"tide, high tide."
tawág,n,noun,"call, telephone call, beacon."
tawág,v,verb,"to call, to beacon."
táwgi,n,noun,mongo bean sprouts used as vegetable.
táwhay,adj,adjective,"peaceful, with ease, slow."
táwtaw,v,verb,"to drop and pull a fish hook into the water, to cast a hook in the water."
táwu,n,noun,man.
táwu,v,verb,to be born.
tay,n,noun,variant of tátay.
tayá’,n,noun,"stake, bet."
tayá’,v,verb,"to bet, to put up as stake."
táytay,n,noun,bridge.
tayúbung,n,noun,starch.
táyug,adj,adjective,high up in the air.
táy’ug,v,verb,"to tremble, to shake."
tayún,v,verb,"to funnel, to fill a bottle with liquid."
tayúyun,adj,adjective,easy.
téla,n,noun,cloth.
telebísyon,n,noun,television.
telegráma,n,noun,telegram.
telegráma,v,verb,to send a telegram.
teleponó,n,noun,telephone.
teleponó,v,verb,to call on the telephone.
témpla,n,noun,"flavor, mixture, consistency."
témpla,v,verb,"to mix, to tamper for consistency."
tempráno,adv,adverb,early.
tenér,v,verb,"to stay, to live in, to reside."
tenyénte,n,noun,lieutenant.
térno,n,noun,"matching coat and pants for men, matching shoes, handbag and dress for ladies, formal long native costume of filipinas with butterfly sleeves."
tesoréro,n,noun,treasurer.
testígo,n,noun,"witness, testimony."
testígo,v,verb,"to witness, to testify."
tí’,pt,particle,"well…, so, now then, you see, i told you so."
ti’áw,v,verb,"to tease, to make a joke of."
ti’áwtí’aw,n,noun,"joke, teasing."
ti’áyun,v,verb,"to live together as husband and wife, to get along together, to be compatible in personality."
tibákla,n,noun,grasshopper.
tibáw’as,v,verb,"to escape, to set free."
tibúnug,adj,adjective,"healthy, robust."
tíb’ung,v,verb,"to raise, to lift."
tíbsuk,v,verb,to fall down head first.
tikáb,v,verb,to open one’s mouth.
tíkal,v,verb,"to talk too much, to prattle."
tikálun,adj,adjective,"proud, vainglorious."
tikáng,n,noun,"step, tread."
tikáng,v,verb,"to step on, to walk, to tread."
tíkas,v,verb,to steal.
tíklud,v,verb,"to push away, to push behind."
tíklup,v,verb,to fold over.
tíkma’,v,verb,"to shock, to jolt."
tikú’,adj,adjective,"crooked, bent, curved."
tikú’,v,verb,"to become bent, to make crooked."
tig,pt,particle,variant of tag.
tig-…-la-,na,noun formative,noun formative affix designating season of abundance or plurality.
tig…-li-,na,noun formative,variant of .
tíg’a,adj,adjective,"hard, solid."
tíg’a,v,verb,"to become hard, to solidify."
tigána,n,noun,left-overs.
tigána,v,verb,"to leave for later, to store away, to stock for later use."
tíg’ang,v,verb,"to set over the fire to cook, to cook steamed rice."
tigayún,v,verb,"to become a reality, to make possible, to bring about."
tígbas,v,verb,to cut off with considerable force so as to make only one stroke.
tígdas,adj,adjective,"severe, rigid, strict."
tigíb,n,noun,chisel.
tig’ik,n,noun,"shriek, choking sound."
tig’ik,v,verb,to shriek.
tiglawás,n,noun,"representative, congressman, spokesman."
tigre,n,noun,tiger.
tigúlang,adj,adjective,"of people, old."
tigúlang,v,verb,"to grow old, to age."
tihín,v,verb,to walk on tiptoe.
tí’id,v,verb,to tread carefully or stealthily.
ti’íl,n,noun,"feet, foot, leg."
tiláw,v,verb,"to taste, to try."
timá’an,n,noun,"sign, signal, warning."
timáwa’,n,noun,"mass of poor people, masses, citizenry."
tímba’,n,noun,bucket used to fetch water from a well.
tímba’,v,verb,to draw water from a well.
tímbang,n,noun,"weight;  scale, balance."
tímbang,v,verb,"to weigh, to balance."
tímbre,n,noun,"seal, stamp."
tímbre,v,verb,"to seal with a seal, to mark, to earmark."
timbú’uk,v,verb,"to whirl upward with speed, to soar."
tín’ad,v,verb,to become prosperous.
tinápay,n,noun,"bread, cookie."
tín’aw,n,noun,"of water, clearness."
tín’aw,adj,adjective,"of water, clear."
tíndak,n,noun,kick.
tíndak,v,verb,to kick.
tínday,n,noun,calf.
tindéro,n,noun,"vendor, salesman."
tíndug,n,noun,"poise, stature."
tíndug,v,verb,"to stand, to arise."
tinedór,n,noun,fork.
tiniklíng,n,noun,filipino dance using bamboo poles.
tínlu’,n,noun,"cleanness, purity, virginity."
tínlu’,adj,adjective,"clean, pure."
tínta’,n,noun,ink.
tíntin,v,verb,"to canter, to walk carefully."
tinúla,n,noun,vegetable soup.
ting-,na,noun formative,noun formative affix designating season.
tingá’,v,verb,to breathe one’s last.
tingádlaw,n,noun,summer.
tíngal,v,verb,to force another’s mouth to open.
tingála,n,noun,"wonder, surprise, amazement."
tingála,v,verb,"to wonder, to be astonished, to be surprised."
tingkáya’,v,verb,"to fall flat on one’s back, to slide down and fall on one’s back."
tínggas,adj,adjective,"fleshy, plump, full."
tingúb,v,verb,"to come together, to combine, to put together."
tíngug,n,noun,voice.
tíngug,v,verb,"to make a sound, to speak after a stretch of silence."
tingúha’,n,noun,"to attempt, trial."
tingúha’,v,verb,"to try, to make great efforts to attain, to attempt."
típdas,n,noun,measles.
típhag,n,noun,landslide.
tipík,n,noun,"bit, small piece, chip."
tipík,v,verb,"to break in pieces, to chip off."
típig,v,verb,"to fold away, to deposit."
típu,n,noun,"poise, character type, personality."
típun,v,verb,"to gather together, to assemble."
típus,n,noun,typhoid fever.
tíra,v,verb,"to fight, to box, to kick, to batter."
tiránte,n,noun,pants suspenders.
tísa’,n,noun,"chalk, brick."
tískug,adj,adjective,stiff.
tísluk,v,verb,to prick with a sharp or pointed end.
tisúk,v,verb,to stick into.
tístis,v,verb,"to spite another out of envy, to backbite."
títi’,n,noun,"nipple, feeding bottle."
títi’,v,verb,"to suck the breast, to feed from a bottle."
título,n,noun,"legal title, contract, title of ownership."
ti’ún,n,noun,"moment, a little while."
tíya,n,noun,"aunt, respect term for older females."
tiyán,n,noun,"stomach, abdomen."
tíyo,n,noun,"uncle, respect form for older male persons."
tíyug,v,verb,"to roam around, to turn around."
tiyúgtiyúg,n,noun,"tramp, prostitute."
tódas,v,verb,"to win all the tricks, to win the game."
tódo,adj,adjective,"full speed, fast, full blast."
tómo,n,noun,volume.
toneláda,n,noun,ton.
tóre,n,noun,"tower, steeple."
tóro,n,noun,"ox, bull."
tórpe,adj,adjective,"sheepish, dense, unthinking."
tórpe,intj,interjection,"brat, stupid, dumb."
totál,n,noun,"total, sum."
totál,con,conjunction,"anyhow, anyway."
tóto’,n,noun,endearment term for the eldest or the youngest boy in the family.
trabáho,n,noun,"work, job."
trabáho,v,verb,"to work, to do something."
trák,n,noun,truck.
trámbya,n,noun,trolley.
trángka,n,noun,"lock, bar."
trángka,v,verb,"to lock, to fasten securely."
trangkáso,n,noun,"flu, influenza."
trapál,n,noun,"canvas, tent."
trápo,n,noun,"rag, wiper."
trápo,v,verb,to wipe with a rag.
trayángulo,n,noun,triangle.
trén,n,noun,train.
trés,num,numeral,three.
trése,num,numeral,thirteen;  thirteenth.
tréynta,num,numeral,thirty;  thirtieth.
tróno,n,noun,throne.
trumpéta,n,noun,"bugle, trumpet."
trúmpo,n,noun,"top, child’s toy."
trúsu,n,noun,log.
tsá,n,noun,tea.
tséke,n,noun,check.
tsinélas,n,noun,slipper.
tsokoláte,n,noun,"chocolate, brown color."
tsupér,n,noun,"chauffer, driver."
tú,d,deictic,"that younder, from atú."
tú’ad,v,verb,to accept one’s fault or error.
tu’álya,n,noun,towel.
tú’aw,v,verb,"to cry out, to exclaim."
tubá’,n,noun,fermented coconut drink.
tubá’,v,verb,"to cut down a banana plant, to gather mature fruits."
tubás,v,verb,"to harvest, to gather mature produce."
túbi’,n,noun,variant of túb ig.
túbig,n,noun,"water, liquid."
túblag,v,verb,to disturb.
túbtub,adv,adverb,until.
tubú,n,noun,sugarcane.
túbu,n,noun,"pipe, tube."
túbu’,n,noun,growth.
túbu’,v,verb,"to grow, to germinate, to sprout."
túb’uk,v,verb,"to shoot up, to flare."
tubúd,n,noun,"leak, drop, flow."
tubúd,v,verb,"to leak, to flow in small drops."
tubúg,v,verb,to wallow in a mud hole as a carabao.
tubús,v,verb,"to save, to redeem, to redeem a pawned item."
túka,v,verb,to turn.
tukád,v,verb,"to ascend, to go up."
tukáp,v,verb,to patch a hole.
tukár,n,noun,sound of a musical instrument.
tukár,v,verb,to play a musical instrument.
tukíb,v,verb,to open a little in order to peep.
túksu’,v,verb,to ask to recite in class.
túktuk,n,noun,"beak, bill, rust."
túktuk,v,verb,to get rusty.
tukúb,v,verb,"of animals, to catch and eat, to take the bait."
tukúd,n,noun,"cane, staff, support."
túkud,v,verb,"to establish, to build, to put up."
tukún,n,noun,pole used for support.
tukús,v,verb,to bid.
túdlu’,n,noun,finger;  teaching.
túdlu’,v,verb,"to point out, to teach."
tugák,v,verb,to loosen.
tugálbung,v,verb,to trap.
túg’an,v,verb,"to promise, to pledge."
túbbung,v,verb,"to go down from a rural area to the town or city, to go to the seashore to buy fish."
túgda’,v,verb,"to add to the length of the conversation, to enter into a conversation."
túgdang,v,verb,"to dunk, to immerse, to dump."
túgmaw,v,verb,"to immerse, to wet in the water."
túgnaw,n,noun,"coldness, cold."
túgnaw,v,verb,to feel cold.
túgpa’,v,verb,"to land, to alight from the air."
túgun,v,verb,"to request to get, to give a message, to ask."
túgut,v,verb,"to permit, to allow, to agree."
túgyan,v,verb,"to entrust, to bestow."
tuháw,v,verb,"to emerge, to appear."
túhay,adj,adjective,"different, distinct."
túhay,v,verb,"to become different, to deviate."
túhil,v,verb,to poke with a stick.
túhud,n,noun,knee.
túhuy,v,verb,to direct toward.
tú’ig,n,noun,year.
tú’igtú’ig,adv,adverb,"annually, yearly."
túlad,adv,adverb,"same, alike."
túl’an,n,noun,bone.
tuláy,n,noun,bridge.
túlda,n,noun,"tent, canvas cover or roofing."
túl’id,v,verb,to survey.
túlin,v,verb,"to order, to command."
túlis,v,verb,"to hold up, to steal."
túltug,v,verb,"to strike, to beat, to pound with considerable force so as to make into powder."
túltul,v,verb,"to know one’s way, to find one’s way."
túlu’,n,noun,"one drop, one drip."
túlu’,v,verb,"to drip, to leak, to fall in drops."
túluk,n,noun,"glance, look, glimpse."
túluk,v,verb,"to gaze at, to glimpse."
tulúd,v,verb,to push.
túlug,n,noun,"sleep, slumber."
túlug,v,verb,"to go to sleep, to fall asleep."
tulún,v,verb,"to swallow, to gulp down."
tulún’an,n,noun,book.
túman,v,verb,"to obey, to accomplish as requested."
túmba,v,verb,"to fall, to stumble."
túmbaktúmbak,n,noun,dragonfly.
túmban,v,verb,"to kick, to stamp on."
túmbas,adj,adjective,"equal to, the same amount."
túmbas,v,verb,"to pay off, to put up an amount equal to what is at stake."
tumbayá’,v,verb,"to neglect, to shake off responsibility."
túmbu’,v,verb,"to bound, to hop, to play with coins or bottle covers for head-or-tail game."
túmbuk,n,noun,"dot, period."
túmbuk,v,verb,to put a period or a dot.
túmpi’,v,verb,"to stack, to pile."
túmpuk,n,noun,"pile, group."
túmpuk,v,verb,"to pile up, to group together, to put on one pile."
túm’uk,v,verb,"to press down, to compress."
túmud,v,verb,to point at.
túna,v,verb,"to give rise to, to be the cause of, to be the origin of."
túnaw,v,verb,"to melt, to digest, to dissolve."
túnay,adj,adjective,"real, genuine, actual."
túnda’,v,verb,"to announce, to make public."
túntu,adj,adjective,"stupid, ignorant, unsophisticated."
túntu,intj,interjection,"you idiot, stupid."
túntun,v,verb,"to lower down, to dangle."
túnu,n,noun,musical tune.
tunúk,n,noun,"thorn, splinter."
tunúk,v,verb,to be pricked with a thorn or splinter.
túnud,v,verb,"to disappear, to sink."
tunúg,n,noun,"sound, tone."
tunúg,v,verb,"to make a sound, to sound."
tún’ug,n,noun,dew.
tungá’,n,noun,"middle, center, half."
tungá’,adv,adverb,between.
tungá’,v,verb,to divide in two.
tungá’túnga’,n,noun,"bullseye, center, central figure."
túnghul,v,verb,"to hand over, to deliver personally."
túngtung,v,verb,"to put on top, to place upon."
tungúd,adv,adverb,"about, concerning, because."
tungúd,v,verb,"to concern, to refer to."
tupá’,v,verb,to fall down upon.
túpad,v,verb,"to be at the side of, to sit beside someone."
túpung,adv,adverb,equal in length.
túpung,v,verb,to make equal in length.
tusíno,n,noun,"homemade bacon, salted pork."
túsluk,v,verb,"to pierce, to prick with a pointed end, to inject."
túsngaw,v,verb,"to blast, to burst."
tústa,n,noun,"toast, toasted bread or food."
tústa,v,verb,"to toast, to make brown."
túsu,adj,adjective,"cunning, sly, shrewd."
tús’un,v,verb,to carry on the head.
tutál,n,noun,total.
tutál,adv,adverb,"anyhow, anyway."
tú’tu’,v,verb,to reproach.
tútud,v,verb,to set fire to.
tútum,v,verb,to become reliable.
tutúnlan,n,noun,throat.
tú’u,n,noun,"belief, devotion."
tú’u,v,verb,"to believe, to have the conviction."
tu’ú,n,noun,right side.
tú’ud,adj,adjective,"true, certain."
tu’ún,n,noun,"studies, learning, school work."
tu’ún,v,verb,"to study, to learn."
túwang,v,verb,"to help each other, to carry the load by sharing it with some others."
túwang,n,noun,"shareholder, partner."
tuwáy,n,noun,clam.
túytuy,v,verb,"to guide, to lead."
túyu’,n,noun,soy sauce.
tuyu’,n,noun,"intention, purpose, aim."
tuyu’,v,verb,"to do intentionally, to plan for."
tuyú,v,verb,"to feel sleepy, to be drowsy."
túyub,v,verb,to whirl around.
tyábaw,n,noun,"yell, scream, outburst."
tyábaw,v,verb,"to shriek, to scream."
tyánggi,n,noun,small corner store which carries a little bit of everything.
tyémpo,n,noun,"weather, climate, time."
tyénda,n,noun,"open market, supermarket which carries every possible item."
úba,v,verb,"to take off, especially clothing, to denude."
úbas,n,noun,grape.
ubáy,v,verb,"to guide, to direct."
úbi,n,noun,violet yam.
ubú,n,noun,cough.
ubú,v,verb,"to cough, to have a cough."
úbug,v,verb,"to wade, to walk in water."
úbus,v,verb,"to finish, to consume, to take the last bit."
ubús,adv,adverb,"below, under, beneath."
úkbung,n,noun,"tip, extreme end."
úklab,v,verb,"to separate from, to tear off from the surface, to detach."
ukún,con,conjunction,or else.
údtu,n,noun,noon.
ugá,adj,adjective,dry.
ugá,v,verb,"to dry, to get dry from heat."
ugáli’,n,noun,"conduct, habit, behavior."
ugáling,con,conjunction,"maybe, perhaps, but."
uganút,adj,adjective,tough.
ugángan,n,noun,father or mother-in-law.
ugát,n,noun,vein.
ugayúng,n,noun,"drawl, groan, moan."
úgbus,n,noun,"of plants, bud."
ugís,adj,adjective,"faded, worn out in appearance."
ugís,v,verb,"to fade in color, to look over used."
úgtu,n,noun,variant of údtu.
ugút,n,noun,"irritation, chagrin, madness."
ugút,v,verb,"to feel chagrined, to be irritated."
úguy’úguy,n,noun,humming sound.
úhaw,n,noun,thirst.
úhaw,v,verb,to feel thirsty.
uhú,intj,interjection,"see, look."
úla’,v,verb,"to spill out, to pour out."
uláklub,n,noun,eyelid.
ulán,n,noun,rain;  rainy season.
uláng,n,noun,"lobster, fresh water shrimp."
úlay,adj,adjective,"chaste, virgin, pure."
úlhut,v,verb,to pop out suddenly without warning.
úli’,v,verb,"to return, to give back."
úli’,na,noun formative,"ang ímu líbro, ha."
ulí’,v,verb,"to go home, to go back to the house."
nag’ulí’,na,noun formative,silá.
ulihí,adv,adverb,late.
ulípun,n,noun,"poor man, servant."
ulípun,adj,adjective,poor.
úlu,n,noun,head.
úlu,v,verb,"to head, to be master of, to chairman."
ulú’úlu’,v,verb,"to comfort, to win over, to talk kindly so as to win the favor of."
úlud,n,noun,worm.
ulúnan,n,noun,pillow.
ulús,n,noun,"cloth, fabric."
-um-,va,verbal affix,designating completed action.
umá,n,noun,"farm, cultivated field."
umágad,n,noun,"daughter-in-law, son-in-law."
umál,adj,adjective,blunt.
umpisá,n,noun,"beginning, start."
umpisá,v,verb,"to commence, to start."
-un,va,verbal affix,infinitive goal focus affix.
úna,num,numeral,one;  first.
úna,v,verb,"to go ahead, to overtake."
úna,na,noun formative,kamí kay kadúgay sa íla.
únat,adj,adjective,"ductile, stretchable."
únat,v,verb,to stretch.
unáy,adj,adjective,"constant, stationary, permanent."
unáy,v,verb,to become permanent.
úndang,v,verb,"to finish, to stop."
úntat,v,verb,"to stop, to interrupt, to disrupt."
unúd,n,noun,"flesh, meat, insides, contents."
únung,v,verb,"to help out, to contribute towards the good end."
unús,n,noun,storm.
ungál,n,noun,"drawl, howl."
upá,n,noun,"bran, chaff."
úpak,n,noun,"peeling, skin of fruits."
úpak,v,verb,"to take the skin off, to peel."
upúd,n,noun,"companion, associate."
upúd,v,verb,"to go along with, to tag along."
úrung,v,verb,"to stop in surprise, or admiration."
úrung,na,noun formative,’urungán si mário pagkakíta’ niya kay mára.
usá,n,noun,deer.
úsang,v,verb,"to snarl, to fight like dogs, to chew like a dog."
usár,v,verb,to use.
úsbung,v,verb,"to exhale, to give off steam or an odorous smell."
úsik,v,verb,"to waste, to make something into a waste for trivial reasons."
usísa’,n,noun,"inquiry, investigation."
usísa’,v,verb,"to inquire, to investigate, to check."
-uso,aa,adjective formative,"formative affix designating condition, quality or state of being."
ústya,n,noun,communion host used in roman catholic masses.
úsu,n,noun,"fashion, fad, vogue."
úswag,n,noun,"prosperity, success, progress."
úswag,v,verb,"to be successful, to progress, to develop."
útan,n,noun,vegetable.
útang,n,noun,"debt, credit."
útuk,n,noun,brain.
útud,n,noun,"sibling, brother, sister."
utúd,v,verb,"to sever, to cut off, to break off."
uwák,n,noun,"crow, raven."
úwang,v,verb,"to howl loudly, to yelp like a helpless dog."
uwáy,n,noun,rattan.
úy,intj,interjection,"hey, oh."
uyáng,n,noun,food which fell off from the plate during meal time; wasted item.
uyáng,v,verb,"to waste away, to be clumsy so as to drop food from a service plate."
uyapús,n,noun,"boil, swollen area in the skin."
úyat,v,verb,"to hold, to grasp."
uyayá’,adj,adjective,"careless, neglectful of personal appearance."
úyug,v,verb,to shake as of a tree.
úyun,v,verb,"to take a liking to, to be pleased with."
úy’uy,v,verb,"to collapse, to weaken and fall."
wágkus,n,noun,"belt, sash, waist band."
wágwag,v,verb,to scatter accidentally.
walá,n,noun,left side.
walá’,adv,adverb,"none, no."
wáli,n,noun,"sermon, preaching."
wáli,v,verb,"to preach, to give a lecture or sermon."
walís,adj,adjective,"ambidextrous, left-handed."
walú,num,numeral,eight.
waráwag,n,noun,"announcement, broadcast."
waráwag,v,verb,"to announce over the radio, to publish, to broadcast."
wasák,adj,adjective,"destroyed, demolished."
wasák,v,verb,"to destroy, to demolish, to take apart."
wás’ag,v,verb,"to scatter, to spread after being broken."
wásay,n,noun,"ax, hatchet."
wásdak,v,verb,"to crumble to pieces, to fall into pieces, to fall by accident."
wáslik,v,verb,to shake off from the hand with considerable force.
wáswas,v,verb,to shake out clothes.
wíli,v,verb,"to be amused, to entertain."
wisík,v,verb,"to sprinkle with the hand, to spray with the hand."
y,con,conjunction,"and, for time."
yábi,n,noun,key.
yáb’uk,n,noun,"dust, dirt."
yádtu,d,deictic,"objective demonstrative meaning there, far from both the speaker and the listener."
yágpis,adj,adjective,"lanky, thin."
yahúng,n,noun,"bowl, bowl container for food."
yámu’,v,verb,to complain.
yaníb,v,verb,to surrender.
yánu,adj,adjective,"plain, simple, solid in color."
yángkutyángkut,n,noun,miscellaneous.
yánghag,v,verb,to stare at.
yára’,d,deictic,"objective demonstrative meaning there, far from the speaker."
yárda,n,noun,"yardstick, yard."
yári,d,deictic,"objective demonstrative meaning here, near the speaker."
ya’úb,v,verb,"to kneel down and bend one’s face until it touches the ground, to capitulate."
yáwa’,n,noun,devil.
yáwyaw,v,verb,"to scold, to quarrel on top of one’s voice."
yáyung,v,verb,"to bear, to carry something between two people, to transport a heavy object by having two people carry it on each end."
yélo,n,noun,ice.
yúbit,v,verb,"to tease, to make fun of, to ridicule."
yukút,adj,adjective,"crumpled, wrinkled."
yukút,v,verb,"to crumple, to make wrinkles on."
yúdu,n,noun,iodine.
yúdyud,v,verb,"to pull, to drag on the ground."
yuhúm,n,noun,"smile, grin."
yupúk,n,noun,dimple.
yurópa,n,noun,europe.
abaganhan,adj,adjective,broad-shouldered
abansada,adj,adjective,exposed to the wind
abang,adj,adjective,window (opening for light and air)
abayan,adj,adjective,(anatomy) waist
abelyana,adj,adjective,"brown, hazel"
abierto,adj,adjective,neuter of abiertu
ablaw,adj,adjective,"friendly, sociable"
abo,adj,adjective,(international standards) iso 639-3 language code for abon.
abo-abo,adj,adjective,"the color of ash, ashen"
abo-abohon,adj,adjective,"ashen, ash-colored, grey, pale"
abohon,adj,adjective,the color grey
abong,adj,adjective,(anatomy) top of head
aborido,adj,adjective,"disturbed, uneasy, upset, worried"
aboy,adj,adjective,"spouse
synonyms: asawa, abuyan
kang aboy ― my spouse"
absuelto,adj,adjective,absolved
abunda,adj,adjective,"inflection of abundar:
third-person singular present indicative
second-person singular imperative"
abyerto,adj,adjective,open; not closed
adelantado,adj,adjective,"(historical) a title bestowed by the king on certain nobles in the 15th-17th centuries, who granted them governorship of a province or charged them with conquering a foreign territory
1838, william h[ickling] prescott, history of the reign of ferdinand and isabella, the catholic. […], volume (please specify |volume=i to iii), boston, mass.: american stationers’ company; john b. russell, →oclc:the grand master […] communicated it to the principal chiefs on the borders ; among others , to don pedro henriquez , adelantado of andalusia , don juan de silva , count of cifuentes , don alonso de aguilar , and the marquis of cadiz ."
aga-aga,adj,adjective,diminutive of ága: every morning
agdayan,adj,adjective,lazy
agi,adj,adjective,(international standards) iso 639-3 language code for agariya.
agi-agi,adj,adjective,"story
synonym: istoriya"
alabuton,adj,adjective,"cranky, eccentric"
alan,adj,adjective,alternative form of alaunt.
alang-alang,adj,adjective,"immature, inappropriate, inconvenient, unsuitable"
alasoyon,adj,adjective,stately
alom,adj,adjective,"a tree, melanolepsis multiglandulosa"
alunga-og,adj,adjective,"(of water) flat, insipid, stagnant, stale, vapid"
amat,adj,adjective,definite nominative/accusative plural of amë
amaynon,adj,adjective,paternal
aminhan,adj,adjective,"north
synonym: norte"
amog,adj,adjective,(obsolete) to run amok
anad,adj,adjective,"accustomed to; skilled at; expert in
synonym: antigo
anad yi kami sa kainda pag buhay.we are already accustomed to this way of life."
ananay,adj,adjective,"gentle, mild, soft, slow, noiseless, quiet, tranquil, quietly"
andam,adj,adjective,"prepared; ready
synonyms: preparado, puwesto, handa"
anhing,adj,adjective,dead; deceased; late
antipatiko,adj,adjective,"repugnant, repulsive"
antiyado,adj,adjective,buff (color)
anyil,adj,adjective,laundry blue
anggid,adj,adjective,similar
anggid-anggid,adj,adjective,"diminutive of anggid: nearly alike, similar"
apa,adj,adjective,(international standards) iso 639-2 & iso 639-5 language code for southern athabaskan languages.
apinas,adj,adjective,"difficult, scarce, trying"
arisgado,adj,adjective,"daring
synonym: mapangahas"
asoy,adj,adjective,useful
atatayog,adj,adjective,useless; up to no good
athag,adj,adjective,"clear, distinct"
atrasado sa pagbayad,adj,adjective,delinquent
ba-og,adj,adjective,"gray, grey"
baak,adj,adjective,crevice
baba-an,adj,adjective,glib; talkative
babayen-on,adj,adjective,effeminate
bacolodnon,adj,adjective,resident or inhabitant of bacolod
bag-o,adj,adjective,new
bagnas,adj,adjective,unripe
bahaw,adj,adjective,"cold (for food once served hot)
synonym: malipot"
bahol,adj,adjective,"odor, smell, stink"
bakyas,adj,adjective,"(of soil) rocky, stony, barren"
balaan,adj,adjective,sacred; holy
balaanon,adj,adjective,"(religion) saintly, blessed, holy"
balanion,adj,adjective,magnetic
balason,adj,adjective,sandy
balasubas,adj,adjective,one who avoids meeting his obligations
balaynon,adj,adjective,"domestic, homely"
baldado,adj,adjective,"crippled, handicapped, maimed"
balhag,adj,adjective,"printed, published"
bali,adj,adjective,offering
balong,adj,adjective,"drunk; intoxicated
synonym: hubog"
balotanog,adj,adjective,"insufficient, unsatisfactory"
balung,adj,adjective,bone
bantog,adj,adjective,fame
bangud sa,adj,adjective,concerning
baog,adj,adjective,sterile
barato,adj,adjective,neuter of baratu
basa,adj,adjective,"the catfish pangasius bocourti.
synonyms: (britain) cobbler, river cobbler"
basa-basa,adj,adjective,to leaf through; to peruse; to skim
basag,adj,adjective,characteristic of the sound of a blown speaker
basag-ulo,adj,adjective,"brainless, stupid, silly"
basta,adj,adjective,"(obsolete outside spanish/portuguese/italian contexts) (that's) enough; stop!
c. 1590–1592 (date written), william shakespeare, “the taming of the shrew”, in mr. william shakespeares comedies, histories, & tragedies […] (first folio), london:  […]  isaac iaggard, and ed[ward] blount, published 1623, →oclc, [act i, scene i], page 212, column 1:baſta, content thee: for i haue it full."
bastos,adj,adjective,plural of basto
bat-ol,adj,adjective,"dull, stupid, or obstinate"
batan-on,adj,adjective,young
bataon,adj,adjective,"(naga, informal) to court
synonyms: ilusiyonan, pidayan"
batid,adj,adjective,"(formal) to know
synonym: aram"
batohon,adj,adjective,"rocky, rugged, stone, stony"
batok sa kasugoan,adj,adjective,"unconstitutional, unlawful"
baug,adj,adjective,barren
baw-as,adj,adjective,"(usually said of women) barren, childless"
baw-ing,adj,adjective,"(places) deserted, desolate, isolated, far away, lonely, secluded"
bawod,adj,adjective,"(metro cebu, bohol, leyte) alternative form of balod (“wave”)"
bayud,adj,adjective,"unsteady, shaky, unstable
synonyms: bawod, mahuyang"
berde,adj,adjective,"a stringed instrument (chordophone) of bosnian origin, a large guitar-shaped instrument that is played upright, using a plectrum."
bilog,adj,adjective,"round; circular; spherical
synonyms: lidong, matalimon"
binabaye,adj,adjective,a rooster with hen feathering
binaboy,adj,adjective,"hoggish, piggish"
binata,adj,adjective,"juvenile, immature, puerile, childish"
binisaya,adj,adjective,visayan
binulan,adj,adjective,monthly
bingaw,adj,adjective,broken
birhin,adj,adjective,virgin
bisaya,adj,adjective,an indigenous people of borneo.
bitas,adj,adjective,to rip; to tear apart
bitayan,adj,adjective,gallows; gibbet; scaffold
bokhon,adj,adjective,hairy
bug-at,adj,adjective,"heavy
antonym: gaan"
bug-os,adj,adjective,"complete, whole"
bugal,adj,adjective,arrogant
buggaitan,adj,adjective,"prominent, famous, outstanding, excelling, excellent, surpassing others in skill, the best of its kind"
bugnaw,adj,adjective,"cold, cool"
buhaha,adj,adjective,"heedless, lavish, prodigal, wasteful"
buhat,adj,adjective,"raise; lift; act of picking up something heavy
synonyms: alsa, tuon"
buhi,adj,adjective,"to live
nabuhi si hesukristo sa dominggo sa pagkabanhawjesus rose again on easter sunday"
bukas,adj,adjective,plural of buka
bukidnon,adj,adjective,rural
bulag,adj,adjective,to separate; to cause (things or people) to be separate
bulahan,adj,adjective,lucky; fortunate; blessed
bunayag makig-atubang,adj,adjective,genial
bunayag sing kabubut-on,adj,adjective,cordial
bundul,adj,adjective,"slow, dull, deliberate in action"
bungul,adj,adjective,stupid
bus-og,adj,adjective,"pure, unadulterated,"
busgon,adj,adjective,satiated
busong,adj,adjective,"pregnant
synonym: mabdos"
busug,adj,adjective,"satiated, satisfied"
busung,adj,adjective,alternative spelling of busong (“pregnant”)
buta,adj,adjective,alternative form of boteh.
butad,adj,adjective,to pull
butok-butok,adj,adjective,diligent
buung,adj,adjective,"broken, smashed"
daan,adj,adjective,"(now rare) old (already used)
synonyms: luma, antigo
antonym: bago"
dagaang,adj,adjective,"red, scarlet"
dagangdang,adj,adjective,"red, scarlet"
daginit,adj,adjective,"(of wind) gentle, soft, mild, tender, warm"
dagway nga makahuhuya,adj,adjective,shabby
daku,adj,adjective,(anatomy) back
daku kaayo,adj,adjective,very big
daku-daku,adj,adjective,diminutive of daku
dalag,adj,adjective,mudfish
dalagku,adj,adjective,"big, large"
dalamhak,adj,adjective,wayward
dalang-dalang,adj,adjective,astray
dalayawon,adj,adjective,"great, praiseworthy, laudable"
dalisay,adj,adjective,pure
dalitan,adj,adjective,"poisonous, venomous"
dalok,adj,adjective,"greedy, gluttonous"
dalum,adj,adjective,(of depth) deep
damak,adj,adjective,"dirty, slovenly, untidy"
dapit,adj,adjective,"regarding; about
synonym: manunungod"
dasig,adj,adjective,"(austria, switzerland, possibly dated) confused, intimidated
(the addition of quotations indicative of this usage is being sought:)"
delana,adj,adjective,woolen
dimaisip,adj,adjective,"countless, innumerable"
dimalas,adj,adjective,unlucky; unfortunate
dimasaysay,adj,adjective,"inexplicable, mysterious"
dimatarung,adj,adjective,dishonest
dimatungkad,adj,adjective,"bottomless, inscrutable, unfathomable"
dingot,adj,adjective,nominative plural of dingo
diosnon,adj,adjective,devout
diosnon,adj,adjective,"divine, godly, godlike, pious"
dipaha,adj,adjective,made of straw
diyotay,adj,adjective,"little, small
synonym: gamay"
diyutay,adj,adjective,"deprecated, pre-2014 spelling of diyotay."
dorado,adj,adjective,"a mahi-mahi or dolphinfish (coryphaena hippurus), fish with a dorsal fin that runs the length of the body, also known for iridescent coloration."
dugoon,adj,adjective,"bloody, gory"
dugus,adj,adjective,the best part of a thing
dumaan,adj,adjective,old
dunot,adj,adjective,decayed; rotten
dupak,adj,adjective,"dirty, foul, obscene, smutty"
dutan-on,adj,adjective,"earthly, worldly"
enkantado,adj,adjective,magical
gabuk,adj,adjective,"rotten, decayed, decomposed"
gago,adj,adjective,jerk; bastard
gamay,adj,adjective,alternative letter-case form of gamay.
gambal,adj,adjective,bulky
garot,adj,adjective,dense
gastado,adj,adjective,past participle of gastar
ginsugoran,adj,adjective,elementary
gipak,adj,adjective,broken
gulang,adj,adjective,"mature (fruits)
antonym: linghod"
gutok,adj,adjective,"(of a container, clothing, etc.) filled to the point tightness"
gutom,adj,adjective,"hungry; famished
synonym: punaw
coordinate term: paha
gutom na an bisita.the visitor is already hungry."
habal,adj,adjective,"to mate; to copulate
synonyms: iyot, kayat, hilawas, jerjer, torjak"
halampangan,adj,adjective,trifling
halandumon,adj,adjective,desirable
halang,adj,adjective,hot; pungent; spicy
halog,adj,adjective,ample
handa,adj,adjective,"prepared
synonyms: andam, preparado, puwesto"
hanlug,adj,adjective,slippery
hanluk,adj,adjective,alternative spelling of hánlug
hangaway,adj,adjective,"martial, warlike"
hanginan,adj,adjective,well-ventilated
haway,adj,adjective,(wearside) alternative spelling of howay.
hinali,adj,adjective,sudden
hinlo,adj,adjective,"smooth, level"
hipos,adj,adjective,"to clean up; to collect, to gather"
hubog,adj,adjective,"drunk; inebriated
synonyms: burat, buyong, nakainom, lango"
hubu,adj,adjective,accusative singular of huba
hubug,adj,adjective,alternative spelling of hubog (“drunk; intoxicated”)
hugot,adj,adjective,"suicide (usually by a hangman's noose around one's neck)
synonym: pakagadan"
hugut,adj,adjective,tight
ignorante,adj,adjective,"ignorant
synonym: mangmang"
isa,adj,adjective,(international standards) iso 639-3 language code for isabi.
isa pa,adj,adjective,"likewise, plus"
itom,adj,adjective,black (color/colour)
kabanyagaan,adj,adjective,"mean, malicious, vile, wicked"
kabangis,adj,adjective,"fierceness, ferocity"
kabataon,adj,adjective,young
kadam-an,adj,adjective,many
kadiotay,adj,adjective,small
kapid,adj,adjective,nominative plural of kapp
katalaka,adj,adjective,"annoying, bothersome"
katsila,adj,adjective,"spanish
synonym: espanyol"
laba,adj,adjective,"length (measurement)
synonym: lawig
antonym: lipot"
lamokon,adj,adjective,filled with mosquitoes
lanog,adj,adjective,"weal; bruise, black eye"
lapuyot,adj,adjective,"thick, condensed, coagulated"
law-ay,adj,adjective,vulgar; debased
lipay,adj,adjective,"(naga) caterpillar
synonym: atitiras"
lunangon,adj,adjective,muddy
maagol,adj,adjective,"lazy, indolent, idle"
maalam,adj,adjective,"learned, clever, wise"
maalwan,adj,adjective,generous
maambas,adj,adjective,expensive or wasteful
maambong,adj,adjective,nice
maantod,adj,adjective,alternative form of maangtod (“burned”)
maanyag,adj,adjective,"attractive; pretty; good-looking
synonyms: nindot, tahom"
maanghit,adj,adjective,smelling like a goat
maaslum,adj,adjective,sour
maayo,adj,adjective,"good, nice
maayo kaayo ― very good
responsible
skillful, competent
beneficial
satisfying, pleasant
healthful"
maayo-ayo,adj,adjective,"beautiful, seemly, pretty"
mabahaw,adj,adjective,"stale, old"
mabangis,adj,adjective,"ferocious; wild; cruel; mean
synonyms: maisog, makuri, maringis"
mabasa,adj,adjective,"(naga) to get wet; to get covered or impregnated with any liquid
synonym: madumog"
mabaskug,adj,adjective,"loud
synonym: magansal"
mabinantayon,adj,adjective,watchful
mabug-at,adj,adjective,heavy
mabulakon,adj,adjective,abounding in flowers
madali,adj,adjective,"quickly; hurriedly; rushingly
madali siyang naghali sa trabaho para magduman sa saiyang aki na nasa ospital.s/he quickly left from work to go to the hospital where her child is confined."
madanlog,adj,adjective,"elusive, or slippery"
maduyug,adj,adjective,attracted
maganas,adj,adjective,"tasteless, insipid
antonym: marabó"
magarot,adj,adjective,"noisy, boisterous"
mahagup,adj,adjective,"tame, docile, gentle"
maidlak,adj,adjective,glittering or sparkling
mainit,adj,adjective,"hot, sweltering
antonym: malipot"
mainpolon,adj,adjective,round
maingol,adj,adjective,"rare, scarce"
maitum,adj,adjective,black
makakululba,adj,adjective,"intimidating, disconcerting"
malipayon,adj,adjective,"happy
antonym: subo"
malolot,adj,adjective,"affectionate, tender"
manipis,adj,adjective,thin
mango,adj,adjective,"a tropical asian fruit tree, mangifera indica.
1980, bruce chatwin, the viceroy of ouidah, page 146:on the hot days, he would lie in the shade of a mango and let little eugenia clamber over his belly and tug at his beard."
mapait,adj,adjective,bitter
mapiguson,adj,adjective,harsh
mapinatopatoon,adj,adjective,"creative, imaginative, inventive"
mapinatuboon,adj,adjective,"(of soil) good, fertile, productive"
marabo,adj,adjective,"tasty, savoury
antonym: maganás"
maramig,adj,adjective,cold
mataas,adj,adjective,"high, tall"
matahum,adj,adjective,"beautiful, seemly, pretty"
matalaw,adj,adjective,"cowardly
synonyms: matalsot, kobarde"
matam-is,adj,adjective,sweet
matataas,adj,adjective,"high, exalted
synonym: matáas"
mauswagon,adj,adjective,"progressive; advanced
usa ka mauswagong lungsoda progressive town"
negrense,adj,adjective,a native or inhabitant of the philippine island of negros
passinhon,adj,adjective,resident or inhabitant of passi
patay,adj,adjective,to kill
pigaw,adj,adjective,"frail, weak"
pobre,adj,adjective,"poor; impoverished
synonym: mahidap
antonym: mayaman
pobre sana kami.we're just poor"
pototanon,adj,adjective,resident or inhabitant of pototan
pulut,adj,adjective,nominative plural of pulu
rami,adj,adjective,plural of ramus
ramig,adj,adjective,cold
sagahay,adj,adjective,overflowing
sagaynon,adj,adjective,resident or inhabitant of sagay
sagupra,adj,adjective,rough
salamwanan,adj,adjective,choosy
samad,adj,adjective,cut
saramaylo,adj,adjective,confused
sidlangan,adj,adjective,"east
synonym: mulud-an"
sip-onon,adj,adjective,sniveler; sniffler
sulud,adj,adjective,nominative plural of sulg
tahum,adj,adjective,"beauty, prettiness, attractiveness"
tanan,adj,adjective,"everyone, everything, everybody"
tanang,adj,adjective,"overripe, rotten"
tanhaga,adj,adjective,"extraordinary, marvelous, wonderful"
tarasak,adj,adjective,thoughtless; careless
tayoyon,adj,adjective,"continuous, steady, without pause"
tayuyon,adj,adjective,alternative spelling of tayóyon
tibunog,adj,adjective,"fat, plump, stout"
tiilan,adj,adjective,the lower part of
tilinguhaon,adj,adjective,worthwhile
timbolog,adj,adjective,"round, spherical"
tipolon,adj,adjective,accusative singular of tipolo
too,adj,adjective,(international standards) iso 639-3 language code for xicotepec de juárez totonac.
torpe,adj,adjective,"dull, silly, slow
synonyms: charro, parvo, paspán"
tuig-tuig,adj,adjective,"yearly, annual: happening once a year"
tuô,adj,adjective,right (as in a direction)
utud,adj,adjective,something cut off or broken off
waay,adj,adjective,without
wala,adj,adjective,alternative spelling of wallah.
abi,adj,adjective,(international standards) iso 639-3 language code for abidji.
amat-amat,adj,adjective,"gradually; slowly
synonym: malway-malway"
asunto,adj,adjective,"home, residence; unit, housing unit, dwelling unit; dwelling, domicile, habitation (any place for living, especially one constructed for that purpose)
synonym: asumus
near-synonym: koti"
basi,adj,adjective,stale
bisan,adj,adjective,"although; though; even though; even if
synonym: maskin"
buas,adj,adjective,tomorrow
busa,adj,adjective,"consequently; hence; as a result; therefore, for this reason; ergo"
dali,adj,adjective,"a timber tree (genus myristica) of guiana, whose wood is used for staves etc."
diin,adj,adjective,"your (singular)
1903, robert walser, der teich:aber chani de wüsse, was i dim härz isch?but can i really know what's in your heart?"
dira,adj,adjective,"the arabian cubit, whose value varied by place, time, and item from about 25–75 cm (10 in–2 ft 5½ in).
1888, w.m.f. petrie, encyclopaedia britannica, 9th ed., vol. xxiv, ""weights and measures"", p. 490:
13·3—this measure does not seem to belong to very early times, and it may probably have originated in asia minor... and it may well be the origin of the dirá‘ stambuli of 26·6, twice 13·3."
dungan,adj,adjective,"simultaneous; coinciding
synonym: sabay-sabay"
gihapon,adj,adjective,"always, as, always, usually"
gilayon,adj,adjective,"again
synonym: liwat"
indi,adj,adjective,"now
nə vaxt gedək yanına? i̇ndi yoxsa sonra?when shall we go visit him/her? now or later?"
karon,adj,adjective,"now
antonym: unya"
ngaa,adj,adjective,cloud
subong,adj,adjective,now
upod,adj,adjective,"too, also, as well as
synonyms: pud, usab, sab, sad"
apang,adj,adjective,but
buot,adj,adjective,to rub
kag,adj,adjective,(international standards) iso 639-3 language code for kajaman.
iya,det,determiner,(international standards) iso 639-3 language code for iyayu.
a-a,det,determiner,"alternative form of aa.
1883, clarence e. dutton, fourth annual report of the united states geological survey:
the second form of the lavas is called by the natives a-a, and its contrast with pahoehoe is about the greatest imaginable. it consists mainly of clinkers sometimes detached, sometimes partially agglutinated together with a bristling array of sharp, jagged, angular fragments."
aba,det,determiner,(international standards) iso 639-3 language code for abé.
aba-a,det,determiner,oh
abaa,det,determiner,"(archaic, british slang) contemptible; vile; silly."
abao,det,determiner,"(biscayan) honeycomb
synonym: abaraska"
abo,det,determiner,(international standards) iso 639-3 language code for abon.
adios,det,determiner,"(in spanish contexts) goodbye
synonyms: addio, adieu, aloha, arrivederci, auf wiedersehen, au revoir, bye, bye-bye, cheerio, cheers, ciao, farewell, good-by, good-bye, goodbye, good day, sayonara, shalom, ayubowan, so long, do svidanya"
ahay,det,determiner,"an expression of anger, annoyance, disbelief, and/or displeasure, sometimes equivalent to the english come on and oh man"
hinugay,det,determiner,stop
indi,det,determiner,"now
nə vaxt gedək yanına? i̇ndi yoxsa sonra?when shall we go visit him/her? now or later?"
itot,det,determiner,to have sexual intercourse with someone
maayong aga,det,determiner,good morning!
maayong hapon,det,determiner,good afternoon! (from 1pm to 5:59pm)
paalam,det,determiner,causative of álam
salamat gid,det,determiner,thank you very much!
uy,det,determiner,expression of surprise
yawa,det,determiner,"(theology) devil
synonym: diyablo"
alaypan hayop,ph,phrase,zoo
amay namon,ph,phrase,(christianity) lord's prayer
amba sang pispis,ph,phrase,warbler
anak nga babae,ph,phrase,daughter
apo nga babae,ph,phrase,granddaughter
apo nga lalaki,ph,phrase,grandson
asawa sang hari,ph,phrase,queen
asugi nga buhi,ph,phrase,quicksilver
atrasado sa pagbayad,ph,phrase,delinquent
bag-ong tuig,ph,phrase,new year's day
balahibo sang hayop,ph,phrase,"fur, sable"
balayan sang sinulatan ukon dinalan,ph,phrase,syntax
banas sa higad sang suba,ph,phrase,"riverside
nagaistar ako banas sa higad sang suba.i live by the riverside."
bangud sa,ph,phrase,concerning
baston ni san hose,ph,phrase,hollyhock
batok sa kasugoan,ph,phrase,"unconstitutional, unlawful"
bawod sang mga tudlo,ph,phrase,"wave (literally, bent fingers)"
belada sa eskwelahan,ph,phrase,commencement
bisan diin,ph,phrase,"everywhere, somewhere, wherever"
bisan sin-o,ph,phrase,"anybody, whoever"
bunayag makig-atubang,ph,phrase,genial
bunayag sing kabubut-on,ph,phrase,cordial
dagway nga makahuhuya,ph,phrase,shabby
daku kaayo,ph,phrase,very big
de la cruz,ph,phrase,a common surname from spanish of religious origin
de la torre,ph,phrase,"a surname from spanish, equivalent to spanish de la torre, more widely spelled as dela torre. generally concentrated in negros occidental"
de los reyes,ph,phrase,"a surname from spanish of religious origin, largely displaced by the spelling delos reyes"
dela cruz,ph,phrase,a common christian surname from spanish
dela torre,ph,phrase,a surname from spanish
dunang manggad,ph,phrase,natural resources
dutang panublion,ph,phrase,patrimony
espiritu santo,ph,phrase,the largest island of vanuatu.
isa pa,ph,phrase,"likewise, plus"
maayong aga,ph,phrase,good morning!
maayong gab-i,ph,phrase,good evening; good night
maayong hapon,ph,phrase,good afternoon! (from 1pm to 5:59pm)
maghatag sing kinahanglan,ph,phrase,supply
napulo'g anum,ph,phrase,sixteen
napulo'g apat,ph,phrase,fourteen
napulo'g duha,ph,phrase,"deprecated, pre-2014 spelling of napulog duha."
napulo'g isa,ph,phrase,eleven
napulo'g lima,ph,phrase,"deprecated, pre-2014 spelling of napulog lima."
napulo'g pito,ph,phrase,"deprecated, pre-2014 spelling of napulog pito."
napulo'g siyam,ph,phrase,"deprecated, pre-2014 spelling of napulog siyam."
napulo'g tatlo,ph,phrase,thirteen
napulo'g walo,ph,phrase,"deprecated, pre-2014 spelling of napulog walo."
palangga ta ka,ph,phrase,"i love you
synonym: ginahigugma ko ikaw"
salamat gid,ph,phrase,thank you very much!
sofronio española,ph,phrase,"a municipality of palawan, philippines.
meronyms: abo-abo, iraray, isumbo, labog, panitian, pulot center, pulot interior, pulot shore, punang — barangays of sofronio española
coordinate terms: aborlan, agutaya, araceli, balabac, bataraza, brooke's point, busuanga, cagayancillo, coron, culion, cuyo, dumaran, el nido, kalayaan, linapacan, magsaysay, narra, quezon, rizal, roxas, san vicente, sofronio española, taytay — cities and municipalities of palawan"
tudlo sang dalaga,ph,phrase,a type of banana
aba,n,noun,(international standards) iso 639-3 language code for abé.
abad,n,noun,"well-furnished, well-equipped, well-organized, comfortable"
abadesa,n,noun,abbess
abadia,n,noun,"abbey
synonym: abade-etxe"
abaga,n,noun,(anatomy) shoulder
abaka,n,noun,alternative spelling of abaca.
abakahan,n,noun,someone or something abundant in abaca plants
abakan,n,noun,a small fish of a reddish color
abaniko,n,noun,"hand fan
synonyms: kayab, kabkab, pamaypay, yapyap"
abano,n,noun,a havana cigar
abas,n,noun,a cutaneous disease; the scald-head. porrigo
abelyana,n,noun,"brown, hazel"
abi-abi,n,noun,greeting; salutation
abian,n,noun,"underway, running"
abilay,n,noun,beef jerky
abilidad,n,noun,ability; capability
abiogan,n,noun,archaic spelling of abyogan
abir,n,noun,"(india) an aromatic red powder that is used during the holi festival.[1]
synonym: gulal"
abiso,n,noun,"advisory; announcement; notice; warning
synonym: pahibalo"
ablang,n,noun,"breadth, width"
ablaw,n,noun,"friendly, sociable"
ablay,n,noun,shawl
abo,n,noun,(international standards) iso 639-3 language code for abon.
abogado,n,noun,counsel; advisor; councilor; barrister.
abohan,n,noun,a dirty kitchen
abokado,n,noun,avocado
abono,n,noun,second-person singular imperative of abonoj
abongho,n,noun,"anger, exasperation"
aborto,n,noun,"abortion, miscarriage"
aboy-aboy,n,noun,diminutive of abóy
abrigana,n,noun,apéritif
abrigo,n,noun,"(southern) overcoat
synonym: beroki"
abrilatas,n,noun,can opener
absolusyon,n,noun,(law) acquittal
absurdo,n,noun,"absurd
synonym: zentzugabe"
abtik,n,noun,a quick movement of feet or hands; a flourish (dramatic gesture)
abu,n,noun,(international standards) iso 639-3 language code for abure.
abud,n,noun,"(rare) budding
1923, julie m. lippmann, dreamland:[…]  he began to whistle merrily, and in an instant the whole world about him was bright of hue and joyous again, and looking, he saw, to his amazement, that the bare branches were abud."
abuela,n,noun,"a hispanic grandmother.
2022 february 17, diane scholfield, “letters to the editor: is ‘gringo’ offensive? that’s up to the person being called one”, in los angeles times‎[1], los angeles, calif.: los angeles times communications, →issn, →oclc, archived from the original on 17 february 2022:i, an abuela-aged woman of northern european ancestry, have lived within 50 miles of the mexican border most of my life. mexican culture is part of my life as much as any of my dna cultures, if not more, and i love it all.
2022 june 22, mia moretti, as told to margaret rhodes, “mia moretti’s weekend of wine and baja clams in valle de guadalupe”, in the strategist‎[2], new york, n.y.: new york media, →issn, →oclc, archived from the original on 22 june 2022:8 a.m. wake up early for breakfast at an abuela’s house
2022 july 14, mike gonzalez, “democrats are in denial about why they are losing hispanic voters”, in new york post‎[3], new york, n.y.: news corp, →issn, →oclc, archived from the original on 14 july 2022:[l]ook no further than this week’s surreal exchange between sen. josh hawley and a berkeley law professor insisting that men can and do get pregnant. yes, that happened, in a senate hearing. you say that to an abuela, and the most likely response will be “que?” followed by a quick “adios!”
2024 april 3, frank rojas, “‘carefluencers’ are helping older loved ones, and posting about it”, in the new york times‎[4], new york, n.y.: the new york times company, →issn, →oclc, archived from the original on 3 april 2024:on the east side of san jose, calif., there is an abuela who seems to have more grandchildren than she can count."
abuelo,n,noun,"(zamboangueño) grandfather
synonyms: (caviteño) lolo, (ternateño) agüelo"
abusar,n,noun,"(intransitive, abusar de) to abuse (use improperly)"
abuso,n,noun,abuse
abyan,n,noun,"companion
synonym: kauban"
abyasion,n,noun,aviation
abyogan,n,noun,swing (hanging seat)
ad-adan,n,noun,"slicer, a frame knife"
ada,n,noun,(international standards) iso 639-2 & iso 639-3 language code for adangme.
adelpa,n,noun,nerium oleander; the only species in the genus nerium; an evergreen shrub or small tree in the dogbane family apocynaceae
adgaw,n,noun,"a small hairy tree, premna odorata"
adikdik,n,noun,dandruff
adiong,n,noun,a large ship or ark
adlaw,n,noun,sun
adlawon,n,noun,full daylight after sunrise is over
administrasyon,n,noun,"administration, management"
adobi,n,noun,"inflection of adobar:
first/third-person singular present subjunctive
third-person singular imperative"
adorasyon,n,noun,worship
adorno,n,noun,"a clay ornament attached to a piece of pottery, usually at the rim.
1999, clarence bloomfield moore, jeffrey m. mitchem, the west and central florida expeditions of clarence bloomfield moore, page 25:willey (1949:324) suggested that this mound probably dates to late weeden island times, though the bird head rim adorno (luer 1992a:54, figure id; moore 1903:figure 63) might indicate a safety harbor component."
adtang,n,noun,the forehead
aduana,n,noun,"inflection of aduanar:
third-person singular present indicative
second-person singular imperative"
adudulay,n,noun,a large earthworm
aga,n,noun,(international standards) iso 639-3 language code for aguano.
agalon,n,noun,(dated) a person who oversees and directs the work of others; a boss; a supervisor; a manager
aghon,n,noun,h-system spelling of aĝon
agi,n,noun,(international standards) iso 639-3 language code for agariya.
agigising,n,noun,"(anatomy) temple
the fine hairs on the temple
synonyms: dungandungan, tampihak"
agila,n,noun,eagle
aginaldo,n,noun,christmas present
agogoling,n,noun,bumblebee
agtang,n,noun,the forehead; the part of the face above the eyebrows and below the hairline
agwa,n,noun,"water (only used in set expressions)
synonym: tubig"
agwatato,n,noun,pimp
ahedres,n,noun,"(dated) chess
synonym: tses"
ahensya,n,noun,alternative form of ahensiya
ahiti,n,noun,leek
ahos,n,noun,"garlic (allium sativum); a plant related to the onion, having a pungent bulb much used in cooking
synonym: lasuna"
aihada,n,noun,goddaughter
aihado,n,noun,godson
akasya,n,noun,acacia tree
ala-asawa,n,noun,"concubine, mistress"
alabri,n,noun,"a key, anything used for the purposes of opening something that is closed"
alagad,n,noun,"but; however; yet
synonyms: pero, ugaring"
alagaran,n,noun,third-person plural pluperfect indicative of alagar
alam,n,noun,"inferior, something or someone that is of a lower standing"
alanyon,n,noun,crop
alang-ang,n,noun,trivial cold; slight fever
alasohan,n,noun,chimney
alat,n,noun,nonstandard form of halat
alaypan,n,noun,"asylum, nursery"
alaypan hayop,n,noun,zoo
algodon,n,noun,"cotton
synonym: gapas"
alhebra,n,noun,algebra
alibakaw,n,noun,betel nut
alibangbang,n,noun,"(naga) dragonfly
synonym: atibagros"
aligi,n,noun,crab fat
alimokon,n,noun,pigeon
alimosan,n,noun,mudskipper
alimpulos,n,noun,a whirlwind; a tornado; a dust devil; a waterspout
aliwatan,n,noun,wrist
alkansiya,n,noun,piggy bank
alkitran,n,noun,pitch
almanaki,n,noun,"almanac, calendar"
almidon,n,noun,starch
almohada,n,noun,"cushion, pillow"
almohadon,n,noun,a large cushion or pillow
almon,n,noun,nowhere
almoranas,n,noun,(pathology) hemorrhoid
alom,n,noun,"a tree, melanolepsis multiglandulosa"
aloy,n,noun,termite
alpombra,n,noun,"carpet
synonym: karpet"
alugbati,n,noun,the malabar spinach (basella alba)
aluntaga,n,noun,the rung or step of a ladder
amapola,n,noun,a poppy; any plant of the genus papaver
amay,n,noun,"(transitive and intransitive, obsolete) to dismay; confound; be dismayed"
amba sang pispis,n,noun,warbler
ambahan,n,noun,"chanted verse, characterized by the use of seven-foot lines; by conspicuous lack of loanwords (from spanish, tagalog, or hiligaynon); by many archaic hanunoo terms; and by being sung always without instrumental accompaniment"
ambulansya,n,noun,ambulance
ami,n,noun,(international standards) iso 639-3 language code for amis.
amidol,n,noun,"the hydrochloride of the amino-phenol 2,4-diaminophenol, used as a photographic developer."
amihan,n,noun,"north
synonym: norte"
aminhan,n,noun,"north
synonym: norte"
amlig,n,noun,"care, caution"
amo,n,noun,(international standards) iso 639-3 language code for amo.
amorokpok,n,noun,"meteorite, shooting star"
amoy,n,noun,small monkey
ampis,n,noun,the front part of a bahag
ampo,n,noun,a javan snack food consisting of thin sticks of baked earth.
amumuklid,n,noun,toadstool
amyon,n,noun,"fragrance, scent, smell"
anak,n,noun,"marks the topic of the clause, sentence, or conversation.
1905, john bachelor, an ainu-english-japanese dictionary (including a grammar of the ainu language):meko anak ne chikap ehopiye, ""the cat sprang upon the bird."""
anak nga babae,n,noun,daughter
anak-anak,n,noun,an adoptee; an adopted son or daughter
anay,n,noun,bandicoot
andamio,n,noun,"scaffold
synonym: estada"
anekdota,n,noun,joke
anhel,n,noun,"yearning, desire
synonyms: deler, desig"
anila,n,noun,beehive
aninipot,n,noun,firefly
ankla,n,noun,anchor
anting-anting,n,noun,(philippines) a filipino amulet or talisman.
antipara,n,noun,"eyeglasses, glasses, spectacles
synonyms: antiohos, tagosilang"
anghel,n,noun,angel
anghit,n,noun,smell or odor of a goat
angkod,n,noun,incisor; front teeth
angso,n,noun,odor or stench of urine
apan,n,noun,"(fandom slang) a member of an amateur press association.
1990 august, guy lillian, “'tis the season”, in mimosa‎[1], number 8, page 4:the greatest apan of all time lives on a quiet old street rising above hagerstown, maryland.
1998 october 3, brown, rich [dr gafia], “fan terms (1)”, in rec.arts.sf.fandom‎[2] (usenet), retrieved 13 june 2018, message-id <19981003020622.14181.00000964@ng52.aol.com>:most of the participants in the mundane apas are hobby printers—-and the disdain with which our fandom once viewed xeroxing of fanzines is but a pale reflection of the way mundane apans have looked upon the mimeo and the ditto as a means of publishing ""papers"" (as they call their amateur publications).
2006 may, arnie katz, “the thin veneer”, in confuson‎[3], volume 1, number 4:i immediately began a cutback. i remained an enthusiastic apan, but by the time i gafiated around 1976, i was in only one, fapa."
aparador,n,noun,cupboard
apdo,n,noun,gall; bile
apendisitis,n,noun,appendicitis
apian,n,noun,"relating to bees.
1904, harper's new monthly magazine, volume 108, page 559:in fact, apian, formican, vespal, and termital government is not a monarchy, but a pure democracy. the queens of ants, bees, wasps, and termites wear the crown of maternity — no other."
apitong,n,noun,the medium hardwood tree dipterocarpus grandiflorus.
apo,n,noun,(international standards) iso 639-3 language code for ambul.
apo nga babae,n,noun,granddaughter
apo nga lalaki,n,noun,grandson
apog,n,noun,"(chemistry) lime
synonym: puti"
apok,n,noun,ergative indefinite of apo
ara,n,noun,(international standards) iso 639-2 & iso 639-3 language code for arabic.
arina,n,noun,flour
aritmetika,n,noun,arithmetic
aritos,n,noun,earring
arnibal,n,noun,syrup
aro,n,noun,(international standards) iso 639-3 language code for araona.
aroro,n,noun,arrowroot
aros,n,noun,plural of aro
arpa,n,noun,harp (musical instrument)
arte,n,noun,indefinite nominative/accusative plural of art
asawa sang hari,n,noun,queen
asero,n,noun,steel
asibar,n,noun,aloe vera
asilo,n,noun,"asylum, protection, shelter, refuge"
asin,n,noun,salt
asinan,n,noun,third-person plural present indicative of asinar
aslang,n,noun,chin
aslum,n,noun,sourness
aso,n,noun,(international standards) iso 639-3 language code for dano.
asog,n,noun,"(historical) in pre-colonial bicol;  an effeminate man, who functions as a village priestess or medium"
asoy,n,noun,useful
aspalto,n,noun,asphalt
asugi,n,noun,mercury
asugi nga buhi,n,noun,quicksilver
asukar,n,noun,sugar
asunto,n,noun,"home, residence; unit, housing unit, dwelling unit; dwelling, domicile, habitation (any place for living, especially one constructed for that purpose)
synonym: asumus
near-synonym: koti"
asupre,n,noun,sulfur
aswang,n,noun,a shapeshifting evil creature in philippine mythology
atake,n,noun,"attack
synonyms: salakay, sakyada, surong"
atatalo,n,noun,caterpillar
atay,n,noun,(anatomy) liver
atipalo,n,noun,earwig
atis,n,noun,sugar apple (annona squamosa)
atog,n,noun,(anatomy) glans penis
atomo,n,noun,(physics) atom
atop,n,noun,"on the top of.
he sat atop the mountain, waiting for the end of the world.
1960 november, david morgan, “""piggyback""—u.s. success story”, in trains illustrated, page 684:for example, when trailers containing new automobiles were first piggybacked two areas of potential damage became evident: (1) diesel locomotive exhaust left a film of oil on the new autos; and (2) auto windshields could be scarred or cracked by the metal-tipped ""tell-tales"" which warn men atop trains of oncoming bridges or tunnels.
1966, the minnesota review, volume 6, page 242:a virtue is made out of a necessity, with the child feeling far more atop and master of his oddness, his behavior now deliberate or even clever.
2006, dewey lambdin, the gun ketch, page 48:""and other things,"" she echoed, nodding slowly and resting her body a little more atop him again.
2014, paul salopek, blessed. cursed. claimed., national geographic (december 2014)[1]
“monotheism was born here,” goren tells me atop a cliff overlooking the sheet of iron-colored water.
2025 april 24, anna silman, “now comes the ‘womanosphere’: the anti-feminist media telling women to be thin, fertile and republican”, in the guardian‎[2], →issn:the leading voices of the womanosphere are using a similar strategy. as brittany hugoboom put it in an op–ed for the rightwing outlet quillette: “conservatives will never win if they imagine themselves as combatants atop defensive battlements, hurling abuse on the mass media. we need to involve ourselves in the creation of pop culture.”"
atsara,n,noun,alternative spelling of atchara (“filipino pickle”).
awa,n,noun,(international standards) iso 639-2 & iso 639-3 language code for awadhi.
awtopsiya,n,noun,autopsy
ayagan,n,noun,sieve
ayam-ayam,n,noun,ant
ayi,n,noun,(international standards) iso 639-3 language code for leyigha.
ayo,n,noun,"(slang) a greeting.
synonyms: hey, hi, yo
2004, michael daniel baptiste, cracked dreams, page 73:""ayo, red. it's the homie spits on the jack for you, blood."" ""ayo, homeboy,"" said red as he excitedly picked up the telephone receiver. ""what's up, fool?""
2007, reginald l. hall, in love with a thug, page 38:“ayo, wassup, girl,” he said to keisha as he continued to walk toward the back area where i stood.  […]  “ayo, wassup, playa?
2007, tony j. ward, jr., i've got to make it to heaven for going through hell: part 1, page 39:ayo toine, you think they'd put me down?
2007, nikki turner, christmas in the hood, page 289:""ayo, fam, you a'ight down there?"" victorious's cell mate asked.
2008, treasure hernandez, resurrection, page 106:""ayo, ma, where you going?"" a dude asked her as she walked by him.
2008, ashley jaquavis, the trophy wife, page 103:""ayo, kalil!"" a man's voice said from amidst the crowd. kalil looked up and saw his lil' man, peanut, distributing packets of heroin and taking money from the fiends.
2010, r green damon, somethin' to think about, page 197:""ayo, cee, listen to this shit here,"" said matt, passing him his cell."
aypon,n,noun,protege
ayuda,n,noun,"help, aid
synonym: aida"
babae,n,noun,"dame, maid, mistress, girl"
babana,n,noun,essive singular of baba
babaye,n,noun,woman or girl; female
babayi,n,noun,woman
babaylan,n,noun,a philippine shaman.
babha,n,noun,"wound, gash"
baboy,n,noun,pig
bacolodnon,n,noun,resident or inhabitant of bacolod
badlu,n,noun,phlegm
bag-ohan,n,noun,"(daet, partido, sorsogon) alternative form of bagohan (“novice”)"
baga,n,noun,(anatomy) lung
bagani,n,noun,"(historical) the class of warrior-leaders of various lumad ethnic groups of the island of mindanao, philippines."
baganihan,n,noun,hero
bagat-bagat,n,noun,centipede
bagatnan,n,noun,"south
synonym: habagatnan"
bagis,n,noun,plural of bagi
bagol,n,noun,numb; insensible
bagon,n,noun,(rail transport) railroad car (us); railway carriage (uk)
bagoong,n,noun,a philippine condiment made from fermented fish or shrimps.
bagrong,n,noun,a roaring sound
bagsat,n,noun,bedbug
bagting,n,noun,sound of a bell; chime
bagtis,n,noun,mudfish
bagyo,n,noun,"typhoon, tropical cyclone, storm"
baha,n,noun,"(dated) value, price, cost
bunlar nəyin bahasına nail oldu? ― at what cost was this achieved?
nəyin bahasına olursa olsun ― no matter what it takes"
bahaw,n,noun,"cold (for food once served hot)
synonym: malipot"
bahawbahaw,n,noun,ant
bahoy,n,noun,"witch, sorceress"
bairan,n,noun,a whetstone
baka,n,noun,"(voodoo) an evil spirit in haitian belief, often in the form of an animal.
1953, maya daren, the divine horsemen, mcpherson & company, published 2004, page 113:under his sign the malevolent bocor may take the shape of an animal, and men may be transformed into terrible bakas.
1969, milo rigaud, secrets of voodoo, page 83:a person has only to serve the baka incorrectly to have it turn against its owner and do him irremediable harm by reason of the very duality of its composition.
2001, jennie marcelle smith, when the hands are many, page 77:because a baka can destroy a family's (or even a whole neighborhood's) well-being, there is great interest in catching and destroying them."
bakalaw,n,noun,codfish
bakolod,n,noun,hill; hillock; mound; slope
bakud,n,noun,"strength
synonyms: baskug, bukud, kusug, pag-un"
bakyas,n,noun,"(of soil) rocky, stony, barren"
bal-ag,n,noun,a metal file
balaba,n,noun,rattan
balabag,n,noun,impediment
balabaw,n,noun,"mouse; rat
synonyms: ambaw, ilaga"
balagon,n,noun,vine
balahibo,n,noun,body hair
balahibo sang hayop,n,noun,"fur, sable"
balaklon,n,noun,"commodities, goods, wares"
balaligya,n,noun,"commodities, goods, merchandise"
balanak,n,noun,(a kind of fish) mullet
balani,n,noun,plural of balanus
balangaw,n,noun,"rainbow
synonyms: hablondawani, dawani"
balangitaw,n,noun,"(animal) alligator, crocodile"
balaod,n,noun,law (body of rules established in a community by its authorities)
balas,n,noun,"(archaic, now chiefly attributive) a type of rose-coloured spinel once thought to be a form of ruby."
balataan,n,noun,"(anatomy) uterus, womb"
balatas,n,noun,plural of balata
balatian,n,noun,feeling; sensitivity
balatong,n,noun,"(naga) yardlong bean
synonyms: hantak, sitaw"
balaw,n,noun,shrimp (small)
balay,n,noun,"(archaic except sorsogon) house; home
synonym: harong"
balayan sang sinulatan ukon dinalan,n,noun,syntax
balde,n,noun,"bucket, pail"
balhas,n,noun,sweat
balidha,n,noun,law; legislation
baligya,n,noun,"goods, merchandise"
balihawog,n,noun,"bolt, latch"
balikawang,n,noun,(anatomy) haunch
baliko,n,noun,bent
balingon,n,noun,anchovy
balisbisan,n,noun,eaves
balising,n,noun,to relocate; to move something from one place to another
baliskag,n,noun,vertebra; spine
balita,n,noun,news
balitadhan,n,noun,honeysuckle
balo,n,noun,"ruining, spoiling, destruction"
balod,n,noun,"(sorsogon) wave; undulation
synonyms: alon, hukol"
balota,n,noun,third-person singular past historic of baloter
balsamo,n,noun,mexican logwood (haematoxylum brasiletto)
balunggay,n,noun,"a type of tree, the malunggay or horseradish tree, moringa oleifera"
baluyot,n,noun,sack; bag; pouch; wallet
bana,n,noun,"(intransitive, mpakwithi) to climb"
banaag,n,noun,beam of light
banag-banag,n,noun,"dawn, daybreak"
banas,n,noun,present of bani
banas sa higad sang suba,n,noun,"riverside
nagaistar ako banas sa higad sang suba.i live by the riverside."
banda,n,noun,"(uncountable) a style of mexican brass band music, emerged in the 19th century.
2007 january 13, seth kugel, “the sounds of mexico hit new york airwaves”, in the new york times‎[3], archived from the original on 25 january 2021:with very little fanfare, wzaa had become the first fm station in new york offering a format known as mexican regiona, which includes genres like ranchera, banda and norteña music."
bandeha,n,noun,"platter, plate"
bandehado,n,noun,platter
bandera,n,noun,flag
banhay,n,noun,a moderate slope or incline
banig,n,noun,"mat
synonym: hamak"
banka,n,noun,bank (financial institution)
banlas,n,noun,desert
bansag,n,noun,"nickname
synonyms: gaha, lulo"
banta,n,noun,to warn someone not to do something
bantay,n,noun,attendant
bantayan,n,noun,"guard-house, lookout station"
bantolinaw,n,noun,ebony
banwa,n,noun,"town
synonym: barangay"
banwahanon,n,noun,"related to towns, municipalities or their government; civic"
banyo,n,noun,bath (the act of bathing)
banga,n,noun,five
bangdan,n,noun,"cause, reason, motive"
bangis,n,noun,"violence; cruelty
synonyms: isog, kuri, ringis"
bangka,n,noun,a canoe; an outrigger canoe or dugout
bangkaw,n,noun,"spear; harpoon (for hunting, killing animals)"
bangkay,n,noun,"cadaver; corpse; remains
synonyms: hawak, lawas, gadan"
bangkil,n,noun,"(zoology) fang
synonym: tango"
bangko,n,noun,bank
banglid,n,noun,"elevation, hill"
bangon,n,noun,to get up
bao,n,noun,(international standards) iso 639-3 language code for waimaha.
bapor,n,noun,"any craft designed for transportation on water, such as a ship or boat"
baraha,n,noun,playing card
barahan,n,noun,yardstick
barandilya,n,noun,"rail, railing"
barangay,n,noun,"the smallest local government unit in the philippines, a subdivision of a city or municipality.
synonym: barrio
near-synonyms: (rural) village, (urban) neighborhood, quarter, (urban) city block
1987, marcelo m. orense, nelia r. marquez, philippine yearbook, page 77:because of this active involvement of the civilian and other auxiliary units (e.g. barangay tanod), the police are able to devote their time and resources to the control and prevention of serious crimes.
1991 october 28, “miscellaneous and final provisions”, in official gazette: republic of the philippines, volume 87, number 43, page 263:the government service insurance system (gsis) shall establish and administer an appropriate system under which the punong barangay, the members of the sangguniang barangay, the barangay secretary, the barangay treasurer, and the members of the brangay tanod shall enjoy insurance coverage as provided in this code and other pertinent laws .
2021, deogenes nambayan agellon, criminal law case digests:the victim is always addressed as the ""datu"" or rich man of their barangay and enjoyed an economic ascendancy over marcelino, a mere barangay tanod."
barbero,n,noun,"barber; hairdresser
synonyms: parabulog, paratusar, paragunting, paragupit"
barina,n,noun,"awl, drill"
bario,n,noun,barium
barnis,n,noun,lacquer; varnish
barong,n,noun,"a cutting weapon similar to a cleaver, with a thick back and thin razor-like edge, used by the moros of the philippines."
baroto,n,noun,"(philippines, nautical) a small dugout canoe boat from the philippines, which normally lacks outriggers and is usually used in calm waters."
barukan,n,noun,(anatomy) bladder
basi,n,noun,stale
basin,n,noun,"a wide bowl for washing, sometimes affixed to a wall.
c. 1590–1592 (date written), william shakespeare, “the taming of the shrew”, in mr. william shakespeares comedies, histories, & tragedies […] (first folio), london:  […]  isaac iaggard, and ed[ward] blount, published 1623, →oclc, [act ii, scene i]:first, as you know, my house within the cityis richly furnished with plate and gold,basins and ewers to lave her dainty hands;
1611, the holy bible, […] (king james version), london:  […]  robert barker, […], →oclc, john 13:5:after that he poureth water into a bason, and began to wash the disciples’ feet, and to wipe them with the towel wherewith he was girded.
1766, t[obias] smollett, “letter v”, in travels through france and italy. […], volume (please specify |volume=i or ii), london:  […]  r[oberts] baldwin, […], →oclc:what then, you will say, must a man sit with his chops and fingers up to the ears and knuckles in grease? no; let those who cannot eat without defiling themselves, step into another room, provided with basons and towels: but i think it would be better to institute schools, where youth may learn to eat their victuals, without daubing themselves, or giving offence to the eyes of one another.
1923, willa cather, one of ours‎[1], book one, chapter 1:everybody had washed before going to bed, apparently, and the bowls were ringed with a dark sediment which the hard, alkaline water had not dissolved. shutting the door on this disorder, he turned back to the kitchen, took mahailey’s tin basin, doused his face and head in cold water, and began to plaster down his wet hair.
synonym: sink"
baskug,n,noun,"loudness (of noise)
synonym: gansal"
baso,n,noun,"(slang) abbreviation of basically.
i mean yeah it's baso the same tbh"
basol,n,noun,"blame; reproach
synonym: sudya"
baston,n,noun,(heraldry) obsolete form of baton.
baston ni san hose,n,noun,hollyhock
basura,n,noun,"garbage; waste; rubbish; trash
synonym: ramog"
bata,n,noun,"a ceremonial double-headed drum played in triplet in the religion of santería, especially in cuba and puerto rico, originally from the yoruba of nigeria.
1990 october 28, paul simon, “the rhythm of the saints”, in the coast, warner bros.:two guitars, bata, bass drum and tambourine.
2019, marlon james, black leopard, red wolf, hamish hamilton, page 283:five drummers in front setting the dance—three beating barrel drums, a fourth beating a double-skin bata, and the fifth beating four small bata tied together."
batad,n,noun,sorghum
batakan,n,noun,measuring rod; ruler
batasan,n,noun,manners; etiquette
bati-bati,n,noun,"diminutive of batî; gossip, hearsay, rumor"
batidor,n,noun,whisk
batiis,n,noun,(anatomy) leg
batiya,n,noun,"wood-carved basin; washbowl
synonym: dulang"
bato,n,noun,stone
batobalani,n,noun,a lodestone
batobato,n,noun,the blue sea chub (kyphosus cinerascens)
batog,n,noun,(historical) a rod or cane used for corporal punishment in russia.
batok,n,noun,bark (loud utterance by a dog)
batongmaidlak,n,noun,diamond
batota,n,noun,singular future passive participle of bati
batungdaan,n,noun,"monument (literally, old stone)"
batuta,n,noun,baton (stick used by conductors)
bawod,n,noun,"(metro cebu, bohol, leyte) alternative form of balod (“wave”)"
bawod sang mga tudlo,n,noun,"wave (literally, bent fingers)"
bay-ad,n,noun,(especially of a corpse) supine; lying on its back; reclined
bayabas,n,noun,guava (tree and fruit)
bayad,n,noun,to pay
bayaw,n,noun,"brother-in-law
synonym: kunyado"
baybay,n,noun,"sand, finely ground rock
synonym: basod"
baybayon,n,noun,"beach; coast; shore
synonym: tampi"
bayhon,n,noun,"form, figure, shape
synonym: porma"
bayo,n,noun,(childish) a horse
bayo-bayo,n,noun,pulse
bayoon,n,noun,"fabric, textile"
beberon,n,noun,third-person plural preterite indicative of beber
beka,n,noun,"an ancient biblical unit of weight, half a shekel"
belada sa eskwelahan,n,noun,commencement
belasyon,n,noun,"vigil, wake"
bendisyon,n,noun,"benediction, blessing"
bendita,n,noun,holy water
bentana,n,noun,"window
synonym: dungawan"
berde,n,noun,"a stringed instrument (chordophone) of bosnian origin, a large guitar-shaped instrument that is played upright, using a plectrum."
berso,n,noun,verse (a poetic form or composition)
bibi,n,noun,(india) a grandmother.
bibig,n,noun,(anatomy) lip
bibingka,n,noun,"a rice cake made using rice flour, sugar and coconut milk and wrapped in banana leaves.
2025 january 25, michael klein, “long-awaited filipino destination finally has an opening date”, in the philadelphia inquirer, volume 195, number 239, philadelphia, pa., →issn, →oclc, page b9, columns 1 and 4:nearly two years after starting work on their century-old building on girard avenue  […]  the lechon sisig bowls, ensaymada, and bibingka are expected to roll out of the kitchen starting feb. 8.  […]  besides house-made pastries such as calamansi doughnuts, ensaymada, bibingka, and ube handpies, breakfast options will include the rich tita with pork longganisa (a sausage similar to chorizo), egg, and cooper sharp cheese;  […]"
bidyiw,n,noun,"harpoon, spear"
bigki,n,noun,edge; rim; bank (of a river)
bigote,n,noun,moustache (hair on upper lip)
bihag,n,noun,captive (one who has been captured)
bilad,n,noun,"(of a book) display, unfold, open"
bilanggoan,n,noun,"prison
synonym: prisohan"
bilas,n,noun,co-sibling-in-law
bilat,n,noun,"(informal) a bilateral meeting.
2004, harvey j. langholtz, chris e. stout, the psychology of diplomacy, page 12:the bilats will often be no more than a few minutes, long enough to say hello and snap some photos […]
2009 july 8, peter baker, “family night for obamas miffs some in moscow”, in new york times‎[1]:the club is “a place to see and be seen,” as its web site says — that is, unless you are a visiting president who after a day and a half of blinis, beluga and bilats (the diplo term for “bilateral meetings”) just wants to hang out with the clan.
2024 september 24, jennifer peltz, “your short glossary to un general assembly meeting lingo”, in pbs newshour‎[2], pbs, retrieved 25 september 2024:bilateral (or “bilat,” for short): private meetings between leaders of one country and another. some argue the real value of unga lies in these tête-à-têtes and other personal, off-camera encounters among decision-makers."
bilin,n,noun,(biochemistry) any of various biological pigments formed in many organisms as a metabolic product of certain porphyrins.
biling,n,noun,present participle and gerund of bile
bilog-bilog,n,noun,diminutive of bilóg
bilogon,n,noun,a cane or cudgel
bilugon,n,noun,alternative spelling of bilogón
binabaye,n,noun,a rooster with hen feathering
binangon,n,noun,to rise
binhi,n,noun,seed
binilanggo,n,noun,"prisoner; inmate; convict
synonyms: piniriso, priso"
bino,n,noun,(physics) the superpartner of the gauge boson corresponding to weak hypercharge. the w and z bosons are electroweakinos: winos and binos.
binudngan,n,noun,"a handspun cloth, fabric, or textile"
binuhatan,n,noun,"work, deed"
bioleta,n,noun,violet (color)
bisan diin,n,noun,"everywhere, somewhere, wherever"
bisan sin-o,n,noun,"anybody, whoever"
bisikleta,n,noun,bicycle
bisita,n,noun,visit
biskwit,n,noun,alternative form of biskuwit
bisyo,n,noun,"bad, wicked, naughty, disobedient"
bitas,n,noun,to rip; to tear apart
bitik,n,noun,flea
bitin,n,noun,"a snake; a legless reptile of the sub-order serpentes with a long, thin body and a fork-shaped tongue"
bitok,n,noun,"any of the parasitic hookworms, roundworms, tapeworms and whipworms in humans and animals"
bitoon,n,noun,misspelling of bituon
biyernes,n,noun,friday
bobo,n,noun,"a materialistic person who affects an anti-materialistic persona.
2000, david brooks, bobos in paradise […] , simon & schuster, →isbn, page 207:the small things—an olive grove or a small chapel—take on greater meaning to a bobo on vacation.
2011 april 12, alex lobrano, “bobo heaven in paris”, in t magazine‎[1], retrieved 26 june 2019:peruse the paris papers these days and you'll notice an obsession with bobos: no, they're not a team of cheerleaders or a troupe of clowns, but rich, artsy types known as  bourgeois bohemians,  who are now pretty much the tip of parisian tastemakers. so when friends who were recently staying in saint germain des pres asked me where to go to people watch, i told them to head for the ninth arrondissement  citadel of bobo cool."
bodega,n,noun,"a storehouse for maturing wine, a winery."
bohawi,n,noun,"cyclone, whirlwind"
bohok,n,noun,hair
bokabularyo,n,noun,vocabulary
bokbok,n,noun,a type of boring insect
boko-boko,n,noun,ankle
bokol,n,noun,plural of bakál
bola,n,noun,a throwing weapon made of weights on the ends of a cord.
bolkan,n,noun,volcano
botones,n,noun,plural of botón
budhi,n,noun,to betray
budiong,n,noun,trumpet; horn
budyong,n,noun,a marine gastropod of the family strombidae which lives in its own spiral shell
bug-at,n,noun,"heavy
antonym: gaan"
bugas,n,noun,"milled rice, white rice"
bugay,n,noun,to give
bugkos,n,noun,"bundle, parcel"
bugsay,n,noun,"oar, paddle"
buhaha,n,noun,"heedless, lavish, prodigal, wasteful"
buhat,n,noun,"raise; lift; act of picking up something heavy
synonyms: alsa, tuon"
buhin,n,noun,subtraction
buhis,n,noun,alternative form of buwis
buho,n,noun,"crevice, hole, opening, perforation, pit, vent"
buho-buho,n,noun,"diminutive of búhò: a small hole, perforation, or pore"
buhok,n,noun,hair (on head)
bukad,n,noun,to expand
bukal,n,noun,"spring (body of water)
synonym: burabod"
bukana,n,noun,mouth (of a river)
bukaw,n,noun,"the philippine hawk-owl; a species complex of owls, in the family strigidae, endemic to the philippines"
bukid,n,noun,mountain
bukidnon,n,noun,rural
bulador,n,noun,kite
bulak,n,noun,an indian nose ring usually worn by married women.
bulak-bulak,n,noun,diminutive of búlak
bulakbol,n,noun,"truancy
synonyms: lakuwatsa, luok"
bulalakaw,n,noun,"(astronomy) meteorite, shooting star"
bulan,n,noun,moon
bulang,n,noun,"cockfight
synonyms: topada, sabong"
bulangan,n,noun,cockpit (enclosure for cockfights)
bulawan,n,noun,"gold (element)
synonym: oro"
bulawanon,n,noun,"made of, or relating to, gold"
bulbul,n,noun,"any of several passerine songbirds, of the family pycnonotidae (currently, 27 genera recognized), native to africa and eurasia."
buli,n,noun,(botany) fluttering elm (ulmus laevis)
bulig,n,noun,a bunch or stem of bananas
buling,n,noun,"dirt, soot, stain"
bulinga,n,noun,the ovary; the lower part of a pistil or carpel that bears ovules and ripens into fruit
bulto,n,noun,bale
buluadan,n,noun,where animals are bred
buluhatan,n,noun,workshop
buluhaton,n,noun,errand; task
bulukutan,n,noun,"enclosure, pen"
bululngan,n,noun,"clinic, hospital, medical center"
bululngon,n,noun,sick person
bulunakan,n,noun,"laundry, laundry room, wash"
bulung,n,noun,"drug, medicine"
bulungan,n,noun,"spindle, spinning wheel"
bulus,n,noun,the beginning of a flood in a flooded river
bulutangan,n,noun,"holder, rack"
buluthoan,n,noun,"place of reunion, meetinghouse"
bumulutho,n,noun,"schoolboy, schoolgirl, student"
bun-ag,n,noun,birth
bunang,n,noun,"thread, yarn"
bunit,n,noun,"(fishing): angle, hook"
buntug,n,noun,stye
bunyag,n,noun,"baptism
synonym: bawtismo"
bungalon,n,noun,the indian mangrove (avicennia officinalis)
bungansiso,n,noun,whale
bunghay,n,noun,a party or group of people
bungil,n,noun,harelip
bungot,n,noun,"facial hair, especially the moustache"
bungul,n,noun,stupid
burangos,n,noun,beard
burus,n,noun,toothbrush
busal,n,noun,(maasina) thigh
busay,n,noun,waterfall
busilak,n,noun,"limestone, marble"
buslot,n,noun,a hole; an opening
busol,n,noun,"push
synonyms: tulod, tuldang, ugsod"
buta,n,noun,alternative form of boteh.
butakal,n,noun,"a male pig; a boar kept for breeding purposes
antonym: dulag"
butang,n,noun,"that which is considered to exist as a separate entity, object, quality or concept"
butang-butang,n,noun,"calumny, libel, or slander"
buti,n,noun,"barrel, cask"
butig,n,noun,wart
butigon,n,noun,"misleading, sly"
butiti,n,noun,pufferfish
butkon,n,noun,"(anatomy) arm
synonym: braso"
buto,n,noun,"(anatomy) penis
synonyms: pikoy, pisot"
butwas,n,noun,raise something to the surface
buyog,n,noun,a bumblebee
buyug,n,noun,wasp
daay,n,noun,a lump of earth
dabudabu,n,noun,shower
dado,n,noun,(architecture) the section of a pedestal above the base.
dag-on,n,noun,year
daga,n,noun,dagger
dagami,n,noun,straw
dagangbulan,n,noun,march
dagas,n,noun,"lunge
synonym: dagsang"
dagat,n,noun,sea
dagaya,n,noun,abundance
dagotdot,n,noun,debris or refuse on a beach
dagta,n,noun,alternative form of digta (“stain”)
dagum,n,noun,sewing needle
daguob,n,noun,thunder
dagutdut,n,noun,alternative spelling of dagótdot
dagway,n,noun,"face
synonym: nawong"
dahog,n,noun,"shoot, tendril"
dahon,n,noun,leaf
dahon-dahon,n,noun,"mantis, praying mantis"
dakbanwa,n,noun,"city
synonym: siyudad"
dakhari,n,noun,"emperor
synonym: emperador
coordinate term: dakhara"
dakpulu,n,noun,"continent
synonym: kontinente"
daku,n,noun,(anatomy) back
dal-ok,n,noun,"blister, pustule"
dalaga,n,noun,(philippines) a young woman who has passed puberty but is not yet married; an eligible young woman.
dalagita,n,noun,young lady
dalakpon,n,noun,"malefactor, outlaw"
dalamgohanon,n,noun,"dream, reverie"
dalan,n,noun,road; path
dalanawan,n,noun,swamp
dalasaon,n,noun,"assail, crash"
dalaw,n,noun,"visit, visitation
synonyms: pagbisita, rukat, pagsungko, sunglog"
dalayap,n,noun,key lime
dalimuos,n,noun,(of wind)gust
dalo,n,noun,"greedy, selfish
synonyms: hakog, hangol"
dalok,n,noun,"greedy, gluttonous"
dalunggan,n,noun,(anatomy) ear
damang,n,noun,"spider
synonyms: kaka, tambayawan"
damgo,n,noun,a dream; imaginary events seen in the mind while sleeping
damol,n,noun,"(metrology) symbol for decamole, an si unit of amount of substance equal to 101 moles."
damot,n,noun,(anatomy) hand; arm
danaw,n,noun,lake
danlug,n,noun,slipperiness or greasiness
dangaw,n,noun,"a handspan (the distance measured by a human hand, from the tip of the thumb to the tip of the little finger)"
dangog,n,noun,"hearing, listening (sensation)
synonym: himati"
dapa-dapa,n,noun,sole
dapat,n,noun,"necessary
synonym: kaipohan"
dapaw,n,noun,the itchiness or skin irritation resulting from playing or walking in grass
dapay,n,noun,"hawk, bird of prey"
dapig,n,noun,"companion, partner"
daroos,n,noun,a severe cough
datilis,n,noun,the calabur tree (muntingia calabura)
dawdawan,n,noun,"machine, mill"
daya,n,noun,(anatomy) blood
dayan,n,noun,"a rabbinic judge
1996, macy nulman, the encyclopedia of jewish prayer, page 375:a medieval hymn composed by the dayyan (""judge"") daniel b. yehudah of fourteenth-century rome, recited in the daily morning preliminary service, and by some, at the close of the arvit and musaf services on shabbat and festivals.
2024, david golinkin, “does jewish law require yeshivah students to be drafted at age 18?”, in responsa in a moment, volume 4, page 66:there is a famous story about rabbi yisrael salanter who ate on the bimah in vilna at the end of the yom kippur morning service in 1848 during a cholera epidemic, together with two other dayyanim, to persuade the congregation to eat during the epidemic."
dayok,n,noun,a fermented filipino condiment made from fish entrails (usually from yellowfin tuna) and salt.
debosyon,n,noun,devotion or piety
dedal,n,noun,(us) alternative spelling of daedal.
delargo,n,noun,"pants, trousers"
depekto,n,noun,"defect, flaw"
dibuho,n,noun,"design, draft"
digamohan,n,noun,"fireplace, hearth, kitchen"
dinalan,n,noun,"sentence, word. verse"
dinamita,n,noun,dynamite (class of explosives)
dinuagan,n,noun,"painting, picture"
dioktok,n,noun,seashells
dipaha,n,noun,made of straw
diperensya,n,noun,difference
diruskas,n,noun,screw
disgrasya,n,noun,"accident, mishap"
diskurso,n,noun,speech
diskusyon,n,noun,"debate, discussion"
distansya,n,noun,"distance, remoteness"
distrito,n,noun,a congressional district
ditil,n,noun,clitoris
diwal,n,noun,"sticking the tongue out
synonym: walwal"
diwata,n,noun,"(mythology, folklore) in filipino folklore, a fairy, spirit, usually a lesser god or goddess, believed to guard natural features such as forests."
doble,n,noun,first/third-person singular present subjunctive of doblar
dogwak,n,noun,"(animals): crane, heron"
dokumento,n,noun,document
dool,n,noun,"inflection of dolen:
first-person singular present indicative
(in case of inversion) second-person singular present indicative
imperative"
dorado,n,noun,"a mahi-mahi or dolphinfish (coryphaena hippurus), fish with a dorsal fin that runs the length of the body, also known for iridescent coloration."
dosena,n,noun,"dozen
year unknown, cecile motus, hiligaynon lessons, рипол классик (→isbn), page 214
nagapatindug sang taytay ang manga tawu sang kinahanglan sang enhenyero  kwarenta y singko ka bilug nga kahuy para sa ang dosena sang bulak tag po.60.  presyong pl.15 ang duha ka dosena. imelda sang apat ka dosena. mabakal ..."
dosis,n,noun,dose
dotol,n,noun,(animals): tick
dotol-dotol,n,noun,diminutive of dotól: anything resembling a tick
duag,n,noun,stave
duaw,n,noun,"to visit
synonym: bisita"
dugang,n,noun,"(formal) addition; act of adding something
synonym: dagdag"
dughan,n,noun,(anatomy) the chest; the breast; the thorax; the bosom
dugo,n,noun,blood
dugos,n,noun,"honeycomb
synonym: anira"
dugus,n,noun,the best part of a thing
dugwak,n,noun,the purple heron (ardea purpurea)
duha-duha,n,noun,by pairs; two by two; two at a time
duko,n,noun,"stoop, act of bending over"
dul-ay,n,noun,a lump of earth or dirt
dulang,n,noun,"wood-carved basin; washbowl
synonym: batya"
dulangan,n,noun,mine
dulat,n,noun,"awl, brad"
dulis,n,noun,meteorite
dulog,n,noun,to sleep with; to cosleep
dulogan,n,noun,stationary
dulonan,n,noun,"border, boundary, demarcation"
dulongan,n,noun,parking
dulot,n,noun,"gift, present
synonyms: regalo, premiyo, atang"
dulud,n,noun,shin
dulugokan,n,noun,attraction
dulukdokan,n,noun,grinder
dulum,n,noun,darkness; gloom
dulunggan,n,noun,ear
dulus,n,noun,"potter
synonym: dulusçu
dulus dəzgahı/çarxı ― potter's wheel
dulus kürəsi ― pottery kiln"
dumalagan,n,noun,runaway
dumalagsa,n,noun,emigrant
dumalahan,n,noun,"engineer, executive"
dumot,n,noun,"hatred, indignation, rage"
dumuluaw,n,noun,"guest, visitor"
dumulugok,n,noun,audience
dumuluong,n,noun,"alien, foreigner, stranger"
dunang manggad,n,noun,natural resources
dunkul,n,noun,firewood
dungan,n,noun,"simultaneous; coinciding
synonym: sabay-sabay"
dungandungan,n,noun,temple
dungdung,n,noun,(idiomatic) to rain cats and dogs
dungganon,n,noun,"bigwig, celebrity, noble, royal"
dungkaan,n,noun,"harbor; haven; port, wharf
synonyms: dulungkaan, dulungan"
dungkul,n,noun,"firewood, log"
dungog,n,noun,to hear
duog,n,noun,"place, site
synonym: lugar"
dupak,n,noun,"dirty, foul, obscene, smutty"
dupla,n,noun,a form of bell used in some medieval clocks.[1][2]
duplikado,n,noun,duplicate
dupoy,n,noun,breeze
duta,n,noun,clipping of dutasteride
dutang panublion,n,noun,patrimony
duyan,n,noun,cradle
duyog,n,noun,to provide musical accompaniment
duyong,n,noun,a dugong
dyanitor,n,noun,janitor
ebanhelyo,n,noun,archaic form of ebanghelyo
ebanghelyo,n,noun,gospel
edad,n,noun,"age
ano na an edad mo? ― how old are you now? (what is your age now?)"
edukasyon,n,noun,"education
synonyms: nanudan, naukdan"
ehemplo,n,noun,"example
synonym: halimbawa"
ehersisyo,n,noun,an exercise; a physical activity intended to improve strength and fitness
eklipse,n,noun,"(astronomy) eclipse
synonyms: kulop, pagkulop"
eksamen,n,noun,"examination, exam (formal test)"
eleksyon,n,noun,"election
synonym: piniliay"
elektrisidad,n,noun,"electricity
synonym: koriyente"
elepante,n,noun,"elephant
synonym: gadya"
embahada,n,noun,embassy
embahador,n,noun,ambassador
embudo,n,noun,funnel
empeine,n,noun,herpes
emperador,n,noun,emperor (ruler of an empire)
enpermera,n,noun,attendant
entablado,n,noun,(theater) stage
esensya,n,noun,"essence; extract, tincture"
eskandalo,n,noun,scandal
eskoba,n,noun,brush
eskultor,n,noun,sculptor
eskuwela,n,noun,school; learning institute
eskwala,n,noun,(carpentry) square
espanya,n,noun,"spain (a country in southern europe, including most of the iberian peninsula)"
espeho,n,noun,"(dated or dialectal) mirror
synonym: salming"
espiritu,n,noun,spirit
estudyante,n,noun,alternative spelling of estudiyante
frankiyo,n,noun,postage
fresa,n,noun,strawberry (fruit)
fuersa,n,noun,"force, strength, vigor"
gab-e,n,noun,night
gab-i,n,noun,evening; night
gabi,n,noun,"colocasia esculenta, raised as a food primarily for its corm, which distantly resembles potato."
gabon,n,noun,good night
gahud,n,noun,"clatter, noise"
gal-um,n,noun,raincloud
galab,n,noun,body
galingan,n,noun,grinder
galyetas,n,noun,"cracker, hardtack, biscuit"
gamhon,n,noun,(botany) weed
gamo,n,noun,spoiled
gamosa,n,noun,"a rectangular cloth, typically of red and white, used in a variety of ritual actions in assamese culture.
2011, arupa patangia kalita, translated by deepika phukan, the story of felanee:mamoni's father was suggesting that both houses should fly an assamese gamosa like a flag and moni's father wouldn't hear of it."
gamot,n,noun,root
gana,n,noun,"inflection of ganar:
third-person singular present indicative
second-person singular imperative"
ganhaan,n,noun,door
gansa,n,noun,alternative form of ganza (“kind of wild goose”).
gansilyo,n,noun,alternative form of gantsilyo
ganso,n,noun,"goose
synonym: gangsa"
garahe,n,noun,garage
garapata,n,noun,"(us) a kind of wood tick.
1873, united states. navy department, annual reports of the navy department, page 188:[…]  principally among the former were the garapatas, a vicious species of wood-tick, which swarm almost every leaf and plant growing near the ground  […]
1890, thomas wallace knox, the boy travellers in mexico, page 508:one of the worst annoyances of their visit to uxmal was that whenever they moved about they became covered with garapatas. the garapata is a tick so small that it is hardly perceptible to the naked eye, but it is capable of making a bite or sting like that of a red ant or a hot needle."
garbanso,n,noun,"chickpea, garbanzo"
garuk,n,noun,filth
gasolina,n,noun,"gasoline, petrol (motor fuel)"
gata,n,noun,a kind of pastry in armenia and some neighboring countries.
gatas,n,noun,plural of gata
gatong,n,noun,firewood; fuel
gawahan,n,noun,window
gawgaw,n,noun,starch
gawi,n,noun,female
gesantes,n,noun,"snow pea, sugar snap pea"
gia,n,noun,(international standards) iso 639-3 language code for kitja.
gibungan,n,noun,the junction of two or more rivers
gibwangan,n,noun,the junction of two or more rivers
gikan,n,noun,"(formal) from
synonym: hali"
ginagihan,n,noun,incidents and events that happen to a person during their life
ginharian,n,noun,"domain; empire; kingdom; monarchy; realm; sovereignty
synonym: dakhari"
ginhawa,n,noun,to breathe
ginhawaan,n,noun,"trachea, windpipe"
ginikanan,n,noun,"(formal) origin
synonym: pinanghalian"
ginoo,n,noun,deity; god
ginsakpan,n,noun,"realm, dominion"
gintung-an,n,noun,"center, middle, midpoint"
ginuo,n,noun,sir
ginutlan,n,noun,"interlude, interval"
ginggon,n,noun,gingham
gingikanan,n,noun,"beginning, commencement, lineage, origin, root, source, start"
gisi,n,noun,my brother
giwa-os,n,noun,"dearth of food, famine, misery"
giwaos,n,noun,alternative spelling of giwá-os
gora,n,noun,(south asia) pertaining to a fair-skinned or european person. [from 19th c.]
grasya,n,noun,alternative spelling of grasiya
gratipikasyon,n,noun,"gratuity, reward, tip, (gratuity, reward)"
gripo,n,noun,faucet; tap; spigot
grumete,n,noun,crew
guban,n,noun,"brigade, group, throng"
gulang,n,noun,"mature (fruits)
antonym: linghod"
guluwaan,n,noun,"exit, escape, egress"
gumulua,n,noun,cast
gunting,n,noun,scissors
guray,n,noun,"streak, stripe"
guray-guray,n,noun,stripe
gusok,n,noun,(anatomy) rib
gutom,n,noun,"hungry; famished
synonym: punaw
coordinate term: paha
gutom na an bisita.the visitor is already hungry."
guya,n,noun,"allegedly, supposedly; as if
niyə soruşursan? guya cavabını özün bilmirsən.why are you asking? as if you don't know the answer yourself.
sevmədiyi bir nəfər öləndə, yalandan ağladı, guya qanı qaralmışdı.when someone s/he didn't like died, s/he fake-cried, as if s/he were sad."
guyum,n,noun,"ant, (various, species)"
gwantes,n,noun,gloves
gwardya,n,noun,alternative form of guwardiya
habagat,n,noun,"south
synonym: sur"
habol,n,noun,weave of cloth
habon,n,noun,soap
habul,n,noun,blanket
habyog,n,noun,a sweet cloudy drink made from fermented sugar palm sap
hadlok,n,noun,"to fear, to dread"
hagdanan,n,noun,"(dialectal, daet) alternative form of hagyanan"
hagna,n,noun,"motion, proposal"
hagunghung,n,noun,a rumbling sound
hagurot,n,noun,flash
haklu,n,noun,breathe
hakuhaku,n,noun,haste
hal-o,n,noun,pestle
hal-u,n,noun,pestle
halalban,n,noun,"meadow, pasture"
halalongan,n,noun,"delicate, precaution"
halaran,n,noun,third-person plural future indicative of halar
halas,n,noun,plural of hala
halea,n,noun,jelly
haligi,n,noun,column; pillar; post
halimbawa,n,noun,"for example; for instance
synonym: por ehemplo"
halintang,n,noun,"degree, grade"
haloan,n,noun,a mudfish
halon,n,noun,"(organic chemistry) a hydrocarbon (more precisely haloalkane) in which one or more hydrogen atoms have been replaced by halogens
synonym: haloalkane
2009 february 12, azadeh ensha, “a cellphone that is made with the environment in mind”, in new york times‎[1]:the renew is also free of polyvinyl chloride, asbestos, chlorofluorocarbons and halons."
haluk,n,noun,kiss
hamon,n,noun,"a wavy line found on steel products that have been hardened differentially, with soft and hard steel sections, where the tempered steel is separated from the softer parts by the hamon."
hamot,n,noun,"aroma; fragrance
antonyms: bata, bangog"
hampang,n,noun,"opposite
synonym: timbang"
hampangan,n,noun,"instance of being across from, opposite of one another"
hanluk,n,noun,alternative spelling of hánlug
hangaway,n,noun,"martial, warlike"
hangga,n,noun,(pathology) chickenpox; varicella
hangin,n,noun,wind (movement of air)
hanginero,n,noun,"windbag; braggart
synonym: hanginon"
hapon,n,noun,afternoon
haroan,n,noun,a mudfish
harupot,n,noun,"breeze
synonym: huyuhoy"
hawak,n,noun,"(anatomy) body; torso
synonym: lawas"
hikab,n,noun,"(pathology) asthma
synonym: usang"
hilanat,n,noun,"fever
synonym: kalentura"
hima,n,noun,clam
himatayon,n,noun,"dying; about to die
synonym: himalatyon"
himaya,n,noun,glory; worship or praise
hinablos,n,noun,nephew ; niece
hinakay,n,noun,"a charge, fare, or fee"
hinalabuab,n,noun,offspring
hinambalan,n,noun,promise
hinugyaw,n,noun,excitement
hingabot,n,noun,lust
hinganiban,n,noun,"(obsolete) any weapon, defensive or offensive
synonyms: hinagiban, armas"
hingudto,n,noun,the sun's zenith; midday
hinguyang,n,noun,expense
hiphip,n,noun,bribe
hiwit,n,noun,"a bewitchment, charm, or spell"
hiyas,n,noun,jewel
hoyohoy,n,noun,alternative spelling of huyuhoy
huad,n,noun,something that is counterfeit or facsimile
huaran,n,noun,example
hulip,n,noun,to replace; to take the place of; to supply the want of; to fulfill the end or office of
hulonan,n,noun,roost
hulugpaan,n,noun,"airport
hulugpaan sang roxas
roxas airport"
hulusayon,n,noun,question
humbak,n,noun,wake; the path left behind a ship on the surface of the water
hupa,n,noun,quickly diminishing
husay,n,noun,"neat, well-arranged
synonym: pakarhay"
hutik,n,noun,whisper
huyuhoy,n,noun,"(uncommon) breeze
synonyms: hayahay, paros"
idalum,n,noun,underneath; beneath; below
ignorante,n,noun,"ignorant
synonym: mangmang"
ihi,n,noun,(international standards) iso 639-3 language code for ihievbe.
ikog,n,noun,tail
ilaga,n,noun,rat (medium-sized rodent of genus rattus)
ilisan,n,noun,dressing room where someone changes clothing
ilo,n,noun,(international standards) iso 639-2 & iso 639-3 language code for ilocano.
ilok,n,noun,(anatomy) armpit
ilong,n,noun,nose
init,n,noun,"(computing) clipping of initialization.
after the sixth successive system init he had to concede that the database was corrupt."
inpierno,n,noun,hell
ingol,n,noun,"scarcity, dearth"
ipot-ipot,n,noun,firefly
isa,n,noun,(international standards) iso 639-3 language code for isabi.
isda,n,noun,"(daet) fish
synonym: sira"
itom,n,noun,black (color/colour)
iyot,n,noun,"(vulgar) coitus; sexual intercourse
synonyms: habal, kayat, hilawas, jerjer, torjak"
kaagahon,n,noun,dawn
kaambong,n,noun,handsomeness
kaaway,n,noun,enemy; foe
kabakahan,n,noun,cattle
kabalyero,n,noun,peacock flower (caesalpinia pulcherrima)
kabanyagaan,n,noun,"mean, malicious, vile, wicked"
kabangisan,n,noun,"violence; cruelty; wickedness
synonyms: kaisogan, kakurihan, karingisan"
kabayo,n,noun,horse
kabesera,n,noun,head of the table
kabuang,n,noun,madness; insanity
kabugaw,n,noun,the kaffir lime (citrus hystrix)
kabuhi,n,noun,"an illness characterized by dizziness, nausea, chills and symptoms similar to hyperacidity, gripes, heartburn and gastroesophageal reflux disease"
kabulig,n,noun,"assistant, helper
synonym: katabang"
kadak-an,n,noun,hall
kadalag-an,n,noun,success
kadang,n,noun,"stilts
nagalakát silá sa kádang.they are walking on stilts."
kadugay,n,noun,duration
kadumot,n,noun,"hatred, grudge
antonym: higugma"
kadumut,n,noun,alternative spelling of kadumot
kagab-i,n,noun,last night
kagagmayan,n,noun,the poor or uninfluential members of a community
kagaw,n,noun,scratching (relief for an itch)
kagayonan,n,noun,"beauty; splendor
synonym: kadahoman"
kagulangan,n,noun,old-growth forest
kahas,n,noun,daringness
kahikaw,n,noun,"envy, spite"
kahilwayan,n,noun,"freedom; liberty
synonym: kaluasan"
kahinguyangan,n,noun,"expenditure, waste"
kahoy,n,noun,tree; wood
kahubug,n,noun,drunkenness; intoxication; inebriation
kaisug,n,noun,courage
kalabasa,n,noun,squash
kaladlawan,n,noun,comic
kalag,n,noun,"a ghost; a spirit; a soul
synonyms: espiritu, multo"
kalagday,n,noun,"gentleness, tenderness"
kalaglagan,n,noun,"destruction, perdition, ruin"
kalamunding,n,noun,calamondin
kalan-on,n,noun,"food, especially rice"
kalayo,n,noun,"fire; flame
synonym: laad"
kaldera,n,noun,caldera
kalibutan,n,noun,world
kalipay,n,noun,happiness
kalis,n,noun,a filipino sword akin to the kris.
kalisang,n,noun,"horror, terror"
kalooy,n,noun,"mercy
synonym: awa"
kalsada,n,noun,"road; street
synonym: dalan"
kamalig,n,noun,"hut
synonyms: payag-payag, lungalong, balayan"
kamatayon,n,noun,"death
antonym: kinabuhi"
kamatis,n,noun,tomato
kamatuoran,n,noun,truth; veracity
kampana,n,noun,"large bell
synonym: bagtingan"
kan-on,n,noun,boiled rice; cooked rice
kanding,n,noun,goat
kapanganuran,n,noun,the clouds
kapatid,n,noun,sibling
kapatol,n,noun,"strength, determination"
kapaul,n,noun,"fatigue, weariness"
kapay,n,noun,"crazy; insane
synonyms: bua, loko, rungaw, lapong, lado, kablas"
kape,n,noun,(obsolete) pronunciation spelling of keep.
kapid,n,noun,nominative plural of kapp
kapilya,n,noun,chapel
karabaw,n,noun,carabao; water buffalo
karnabal,n,noun,"carnival; fair traveling amusement park
synonym: perya"
karwahe,n,noun,four-wheeled horse-drawn carriage
kasag,n,noun,crab (saltwater)
kasing,n,noun,"a top or spinning top, made of wood and spun by a string"
kasingkasing,n,noun,"(anatomy) heart
synonym: korason"
kasirum,n,noun,evening
kasisit-an,n,noun,"difficulties, troubles"
kasulya,n,noun,(christianity) chasuble
katig,n,noun,outrigger
katsila,n,noun,"spanish
synonym: espanyol"
katulundan,n,noun,sunset
kauswagan,n,noun,"advancement; improvement
synonym: kalamboan"
kawa,n,noun,alternative form of kava.
kawatan,n,noun,"a toy
an paborito kong kawatan.my favorite toy."
kawayan,n,noun,"bamboo
synonyms: kalap, butong"
kawayanan,n,noun,bamboo grove or plantation
kawing,n,noun,present participle and gerund of kaw
kawit,n,noun,"hook
synonym: gantso"
kawkus,n,noun,caucus
kilat,n,noun,lightning (flash of light)
kilay,n,noun,(anatomy) eyebrow; brow
kinataohan,n,noun,birthday
kolera,n,noun,"anger, rage
synonym: amorru"
kolintas,n,noun,rosary
koltson,n,noun,mattress
kompanyero,n,noun,"companion
synonyms: kaibahan, kabohan"
konbensyon,n,noun,"convention, meeting"
korason,n,noun,"(anatomy) heart
synonym: kasingkasing"
kubrekama,n,noun,bedsheet; bedspread
kudyapi,n,noun,a boat-shaped lute
kulantro,n,noun,cilantro (us); coriander (uk)
kuning,n,noun,yellow
kuring,n,noun,cat
kusina,n,noun,kitchen
kutkut,n,noun,alternative spelling of kutkot
kuto,n,noun,louse
kutsara,n,noun,spoon
kutsarita,n,noun,teaspoon
kutsilyo,n,noun,(cutlery) kitchen knife
kutud,n,noun,"boundary, line"
kuul,n,noun,"ball, especially a heavy one"
kwadra,n,noun,shed
kwarentenas,n,noun,quarantine
labaha,n,noun,"razor
synonym: pang-ahit"
lae,n,noun,(international standards) iso 639-3 language code for pattani.
lag-it,n,noun,"cheat, imposter, sneak, swindler, trickster"
lagari,n,noun,saw (tool)
lagwerta,n,noun,alternative form of laguwerta
lagwertero,n,noun,gardener
lala,n,noun,alternative form of ilala.
lalaki,n,noun,"a man; a male human
coordinate term: babayi"
lamok,n,noun,mosquito
landong,n,noun,"shadow
synonym: halon"
lanog,n,noun,"weal; bruise, black eye"
lansang,n,noun,nail (metal pin)
langgaw,n,noun,vinegar
langit,n,noun,sky
langoy,n,noun,"swim, swimming"
lap-ok,n,noun,blister
larawanan,n,noun,photographer's studio
lasi,n,noun,"to leave
1905, l. l. zamenhof, fundamento de esperanto, antaŭparolo:mi permesis al mi nur korekti la preserarojn; sed se ia vorto estis erare aŭ nelerte tradukita, mi ĝin lasis en tiu ĉi libro tute senŝanĝei allowed myself only to correct the printing errors; but if any word was erroneously or unskillfully translated, i left it in this book entirely unchanged"
latagon,n,noun,"valley, a rural area"
latayan,n,noun,a narrow bridge often with no handrail
latok,n,noun,(dated) small table
lawa,n,noun,spider
lawas,n,noun,old
layi,n,noun,"adultery
synonym: láè"
libre,n,noun,"(obsolete, rare) especially of the will: free, independent, unconstrained.
1599, alexander hume, “of gods benefites bestowed vpon man”, in hymnes, or sacred songs, […], edinburgh: printed by robert walde-graue, […], →oclc; republished as john gardiner kinnear, editor, hymns and sacred songs, […] (bannatyne club publications; 41), edinburgh: printed by ballantyne and co. [for the bannatyne club], 1832, →oclc, page 10:he [god] adame lent a libre will to follow what he liſt, / and with his holy ſpirit, and grace his choſen dois aſſiſt: [...]"
likod,n,noun,(anatomy) back
lima,n,noun,alternative letter-case form of lima of the icao/nato radiotelephony alphabet.
linaw,n,noun,"clarity, clearness
synonym: liwanag
antonyms: libog, labog"
linog,n,noun,earthquake
linti,n,noun,"lentils
synonym: pãpudã"
lingkoranan,n,noun,"a seat; a chair
synonym: siya"
liog,n,noun,(anatomy) neck
liso,n,noun,"seed
synonym: binhi"
lomot,n,noun,moss (plants of the division bryophyta)
luab,n,noun,collar
lubi,n,noun,"(mythology) a mythological figure of albanian folklore imagined as a spiteful multiheaded serpentine dragon woman (also imagined as a serpent or demon), not dissimilar to a lernean hydra in ancient greek folklore. the number of heads varies from 7 to 100, and when one is cut off another grows in its place.
synonym: kuçedër"
lubong,n,noun,"burial (act of burying)
synonym: talbong"
lugpitan,n,noun,"press, vice, clamp"
luha,n,noun,tear
lunang,n,noun,mud
lungsod,n,noun,"city
synonym: siyudad"
luy-a,n,noun,ginger (zingiber officinale)
mais,n,noun,maize; corn
mamaw,n,noun,"(uk, dialect, scottish lowlands) one's mother."
man-og,n,noun,snake
mananap,n,noun,"any animal
coordinate terms: hayop, ihalas"
manang,n,noun,elder sister; big sister
manay,n,noun,"male
ca kading manay ― a male goat"
manok,n,noun,"chicken, poultry, fowl"
manol,n,noun,the arabian jasmine (jasminum sambac)
manong,n,noun,elder brother; big brother
manoy,n,noun,"elder brother; big brother
nagtatabang si manoy sa samuyang mga magurang sa mga gibohon sa harong.our big brother helps our parents do housework."
mangga,n,noun,mango
mango,n,noun,"a tropical asian fruit tree, mangifera indica.
1980, bruce chatwin, the viceroy of ouidah, page 146:on the hot days, he would lie in the shade of a mango and let little eugenia clamber over his belly and tug at his beard."
maragomo,n,noun,short with someone
mata,n,noun,"a respectful title for a female spiritual leader or for a wife, mother, or grandmother of a male spiritual leader."
matápan,n,noun,"flat, level, plain"
milok,n,noun,eyelash
monyeka,n,noun,alternative spelling of munyeka
multa,n,noun,fine
mumho,n,noun,fallen crumbs of cooked rice on the floor or table
munga,n,noun,(obsolete) the bonnet monkey.
musika,n,noun,music
namit,n,noun,"taste, flavor
synonyms: tana, lasa
ano an namit kaiyan?what's the taste of it?"
negrense,n,noun,a native or inhabitant of the philippine island of negros
nipa,n,noun,a palm tree of the species nypa fruticans.
numero,n,noun,the sign ⟨ № ⟩.
ngalan,n,noun,name
okra,n,noun,"the edible immature mucilaginous seed pod (properly, capsule) of the abelmoschus esculentus.
1679, thomas trapham, a discourse of the state of health in the island of jamaica..., pages 59–60:...as a food easy of digestion may well be admitted likewise the young ocra an agreeable food as well for the species as individual, dressed variously according to pleasure...
1940, farmers' bulletin, number 232, page 7:select young okra, wash thoroughly, remove the stems, and wipe the okra dry.
1997, lisette verlander et al., the cookin' cajun cooking school cookbook, page 25:wash and dry okra, remove stems, and slice in one-inch rounds. (if using frozen okra, do not wash.) heat two tablespoons oil in a heavy saucepan other than black iron. saute okra in oil and vinegar, stirring often until ropiness is gone.
2006, francis n. wiltz, in the kitchen with papa wiltz, page 1:i hated cooking okra because it was so slimy when you first start."
paa,n,noun,(international standards) iso 639-2 & iso 639-5 language code for papuan languages.
paalam,n,noun,causative of álam
pabrika,n,noun,factory
pader,n,noun,stone or concrete wall or fence
padong,n,noun,umbrella
padugi,n,noun,method
paglaum,n,noun,hope
paka,n,noun,frog
paklay,n,noun,"a filipino dish made from various pork, goat, or beef tripe or offal (internal organs), with sautéed spices, such as julienned ginger, chilis (siling mahaba), bamboo shoots (labong), carrots, bell pepper, tomatoes, garlic, onions, and black pepper, among other ingredients, especially in the cuisine of central visayas and mindanao"
palahubog,n,noun,"drunkard, alcoholic
synonyms: palainom, hinginom"
panakot,n,noun,a spice
pananglitan,n,noun,"an analogy, example, or illustration"
pangalikog,n,noun,a probe
panganud,n,noun,cloud
paryente,n,noun,"a relative
synonyms: relasyon, erensya"
pasahi,n,noun,"extraordinary, exceptional, remarkable"
passinhon,n,noun,resident or inhabitant of passi
patani,n,noun,lima beans
patatas,n,noun,a potato
patay,n,noun,to kill
pating,n,noun,shark
patron,n,noun,"one who protects or supports; a defender or advocate.
c. 1590–1592 (date written), william shakespeare, “the taming of the shrew”, in mr. william shakespeares comedies, histories, & tragedies […] (first folio), london:  […]  isaac iaggard, and ed[ward] blount, published 1623, →oclc, [act iv, scene ii]:patron of my life and liberty
1590, edmund spenser, “book i, canto i”, in the faerie queene. […], london:  […]  [john wolfe] for william ponsonbie, →oclc:the patron of true holiness
1834–1838 (date written), thomas babington macaulay, “virginia”, in lays of ancient rome, london: longman, brown, green, and longmans, […], published 1842, →oclc, page 154:let him who works the client wrong beware the patron’s ire!
a guardian or intercessor; synonym of patron saint.
st. joseph is the patron of many different places."
payong,n,noun,(historical) a parasol used as a javanese emblem of rank.
pelikula,n,noun,(photography) film (medium used to capture images)
petsay,n,noun,chinese cabbage (either napa cabbage or bok choy)
pigtot,n,noun,coccyx; tailbone
pikoy,n,noun,"(anatomy, humorous) the penis
synonyms: buto, pisot"
pilak,n,noun,silver
pildoras,n,noun,pill
pililion,n,noun,"nominee, one who is worthy or desirable to be chosen"
pito,n,noun,a type of beer made from fermented millet or sorghum in parts of west africa.
piyansa,n,noun,(law) bail
pobre,n,noun,"poor; impoverished
synonym: mahidap
antonym: mayaman
pobre sana kami.we're just poor"
polbora,n,noun,"gunpowder
synonym: ubat"
pototanon,n,noun,resident or inhabitant of pototan
premyo,n,noun,alternative form of premiyo
primo,n,noun,(music) the principal part of a duet.
probinsya,n,noun,alternative spelling of probinsiya
propeta,n,noun,prophet
pulu,n,noun,"a silky material obtained from the fibres of cibotium glaucum, a tree fern of hawaii."
punoan,n,noun,"base, foot (of trees)"
punse,n,noun,a mixed alcoholic drink
puok,n,noun,too short
puol,n,noun,"monotonous; tedious, repetitious or lacking in variety"
ra-ing,n,noun,"dirty, grimy, soiled. sullied"
ramay,n,noun,rice
rason,n,noun,"reason; excuse
synonym: dahilan"
relihion,n,noun,religion
sabado,n,noun,saturday
sabak,n,noun,alternative form of sabat
sabat,n,noun,"(architecture) a roofing structure with the street beneath it in mediterranean and middle eastern architecture, serving to support buildings or to cool pedestrians by maximizing daytime shade and accelerating breezes."
sabila,n,noun,aloe
sablayan,n,noun,"clothesline
synonyms: halayhayan, balaybayan"
sag-ang,n,noun,(anatomy) chin
sagad,n,noun,commonly; usually
sagaynon,n,noun,resident or inhabitant of sagay
saging,n,noun,banana
sakayanon,n,noun,a seafarer; a sailor or mariner
salakay,n,noun,"attack; assail
synonyms: atake, sakyada, surong"
salaming,n,noun,present participle and gerund of salam
salapi,n,noun,money
salbabida,n,noun,life preserver; life jacket
salsalon,n,noun,iron
salug,n,noun,floor
samad,n,noun,cut
sambag,n,noun,"tamarind (tamarindus indica)
synonym: tamarindo"
samong,n,noun,a species of top snail (trochus niloticus)
sampal,n,noun,slap on the face
sansaw,n,noun,grass jelly
sanga,n,noun,"(australia, colloquial) sandwich."
sapatos,n,noun,shoe
semana,n,noun,week
sentimyento,n,noun,alternative form of sentimiyento
seremonya,n,noun,"ceremony
synonym: seremonyas"
serip,n,noun,sheriff
sibat,n,noun,"to run away
synonyms: dulag, layas, rabas"
sibuyas,n,noun,onion
sid-o,n,noun,"hiccup
synonym: sikdo"
sidlangan,n,noun,"east
synonym: mulud-an"
sidra,n,noun,cider
sielo,n,noun,"heaven, firmament, sky
synonym: langit"
sikdo,n,noun,"hiccup
synonym: sid-o"
siko,n,noun,elbow
sinelas,n,noun,alternative form of tsinelas
sip-on,n,noun,"(partido, sorsogon) alternative form of sìpon (“common cold”)"
sip-onon,n,noun,sniveler; sniffler
sirip,n,noun,sheriff
siya,n,noun,alternative form of siella
sobre,n,noun,envelope
sokla,n,noun,silk
solang,n,noun,synonym of solange
soldado,n,noun,"a soldier, in spanish-speaking contexts."
suba,n,noun,(kasar) already
subay,n,noun,"bachelor, bachelorette; unmarried person. (mostly of men)
bütün subaylara qismət olsun.may [this] be the destiny for all bachelors. [usage 1]"
sulod,n,noun,inside
sulog,n,noun,"rooster (young)
synonym: lalong"
sulud,n,noun,nominative plural of sulg
sumalayhaw,n,noun,cockerel; young cock
sun-adan,n,noun,fireplace
sundang,n,noun,(philippines) a kind of dagger or short machete.
sunlog,n,noun,tease
sungay,n,noun,horn
suyak,n,noun,slashed tire
taas,n,noun,plural of taa
tagiposoon,n,noun,"heart
synonym: kasingkasing"
tagipusoon,n,noun,alternative form of tagiposoon
tagipusuon,n,noun,(anatomy) heart
tagna,n,noun,guess; predict
tahum,n,noun,"beauty, prettiness, attractiveness"
takuri,n,noun,kettle; teapot
talong,n,noun,"eggplant, aubergine"
tampis,n,noun,"apron, skirt"
tampok,n,noun,elite
tampulanga,n,noun,(botany) hibiscus
tandaan,n,noun,"sign, signal"
tanhaga,n,noun,"extraordinary, marvelous, wonderful"
tanga,n,noun,"(historical) any of various former asian coins, including: a coin of portuguese india worth one tenth of a rupee; a gold coin of india issued by various muslim rulers; a silver coin of india, also issued by muslim rulers; and a former silver coin of tibet.
1810, richard haklvyt, hakluyt's collection of the early voyages, travels, and discoveries of the english nation- volume 2, page 410:the larines are woorth by just value basaruchies 93 and 3 fourth parts, and 4 larines make a seraphine of siluer, which is 5 tangas of good money, and these also haue serafagion of 6, 7, 8, 10, vntil 16, by the 100, for when the ships depart for the north, to say, for chaul, diu, cambaia, or bassaim, all cary of the same, because it is money more currant then any other.
1841, the literary gazette and journal of the belles lettres, page 136:the first and largest item is, the purchase of a wife, 25 rupees. culinary and other utensils.--bedding, 6 rupees; antimony for the lady's eyes, 3 tangas : an iron boiler, 2 rupees; a wooden bowl and spoons, 3 tangas; ....
1875, report of a mission to yarkund in 1873, under command of sir t[homas] d. forsyth, page 73:the prices range from 120 tangas = rupees 25 to 400 tangas = rupees 80.
1996, jonathan l. lee, the ""ancient supremacy"":, →isbn:three-sevenths, or 300,000 tangas (100,000 kabul rupees) were remitted to the amir as tribute, whilst the remaining sum, 400,000 tangas (rs. 133,333), was retained by the wali for his own expenses.
2003, ahmad hasan dani, vadim mikhaĭlovich masson, history of civilizations of central asia, →isbn:the samarkand tangas were initially 916 carats, and then rose to 960 carats. lower-carat tangas were issued in balkh (875 carats, 916 carats) and in tashkent. nevertheless, even the tangas issued under iskandar khan are referred to in documentary sources as 'pure'."
tangis,n,noun,plural of tangi
tangkugo,n,noun,(anatomy) nape
tao,n,noun,(international standards) iso 639-3 language code for yami.
tawo,n,noun,man; person; human being
taya,n,noun,"bet; wager
synonyms: pusta, usod"
tayobong,n,noun,starch
telepono,n,noun,telephone
teolohia,n,noun,theology
tesorero,n,noun,treasurer
tibakla,n,noun,grasshopper
tigilinit,n,noun,summer
tiil,n,noun,"a foot, in its senses as
(anatomy) a human foot
(zoology) any equivalent body part of an animal"
tiilan,n,noun,the lower part of
tiki,n,noun,"carved talisman in humanoid form, common to the cultures of the pacific ocean."
tikling,n,noun,a rail; any member of the family rallidae
tikoy,n,noun,nian gao (a chinese new year cake made of glutinous rice flour)
tililawan,n,noun,"test, trial"
timaan,n,noun,symbol
timawa,n,noun,impoverished
timbangan,n,noun,"scale (device used to measure mass or weight)
synonyms: pesaran, baskula"
tindak,n,noun,"kick
synonym: sipa"
tingulan,n,noun,"rainy season; wet season; monsoon season
synonym: dagna"
tiyan,n,noun,"(anatomy) belly, abdomen"
toktok,n,noun,to knock
tornilyo,n,noun,"screw, bolt
synonym: tuwerka"
toro,n,noun,a traditional japanese lantern.
tubig,n,noun,water
tudlo,n,noun,(anatomy) finger
tudlo sang dalaga,n,noun,a type of banana
tuhod,n,noun,(anatomy) knee
tuig,n,noun,year
tuko,n,noun,gecko
tul-an,n,noun,bone
tulug,n,noun,to sleep
tunok,n,noun,(botany) thorn
ugangan,n,noun,parent-in-law
ugtu,n,noun,noon
uhaw,n,noun,"thirsty
coordinate term: gutom"
ulan,n,noun,alternative form of uhlan.
ulo,n,noun,(anatomy) head
ulod,n,noun,"worm
synonym: halod"
unsa,n,noun,"(interrogative) what
nag-unsa ka? ― what are you doing?
unsa ang imong kinahanglan? ― what do you need?"
upod,n,noun,"too, also, as well as
synonyms: pud, usab, sab, sad"
urang,n,noun,rain
urok,n,noun,"dimple
synonyms: pilok, lusot"
usa,n,noun,(international standards) iso 639-3 language code for usarufa.
utak,n,noun,"(anatomy) brain
synonym: hutok"
utang,n,noun,debt
utod,n,noun,to cut
utok,n,noun,brain
utud,n,noun,something cut off or broken off
uyang,n,noun,grandmother
wala,n,noun,alternative spelling of wallah.
wasay,n,noun,an axe
wayang,n,noun,"traditional indonesian arts performance (shadow puppetry, theatrical, dance, etc.) originating from java island."
yahong,n,noun,a soup bowl
yawa,n,noun,"(theology) devil
synonym: diyablo"
anum,n,noun,(twi) five
apat,n,noun,"four
synonym: kuwatro"
duha,n,noun,"two
synonym: dos"
gatus,n,noun,hundred
kalim-an,n,noun,"fifty
synonym: singkuwenta"
kaluhaan,n,noun,"twenty
synonym: baynte"
kan-uman,n,noun,"sixty
synonym: saisenta"
kap-atan,n,noun,"forty
synonym: kuwarenta"
kasiyaman,n,noun,"ninety
synonym: nobenta"
libo,n,noun,thousand
napulo,n,noun,"ten; 10
synonym: diyes"
napulo'g anum,n,noun,sixteen
napulo'g apat,n,noun,fourteen
napulo'g duha,n,noun,"deprecated, pre-2014 spelling of napulog duha."
napulo'g isa,n,noun,eleven
napulo'g lima,n,noun,"deprecated, pre-2014 spelling of napulog lima."
napulo'g pito,n,noun,"deprecated, pre-2014 spelling of napulog pito."
napulo'g siyam,n,noun,"deprecated, pre-2014 spelling of napulog siyam."
napulo'g tatlo,n,noun,thirteen
napulo'g walo,n,noun,"deprecated, pre-2014 spelling of napulog walo."
siyam,n,noun,nine
tatlo,n,noun,three
walo,n,noun,eight
halong,pb,phrasebook,"to handle with care
synonym: amlig"
maayong gab-i,pb,phrasebook,good evening; good night
palangga ta ka,pb,phrasebook,"i love you
synonym: ginahigugma ko ikaw"
bago,pb,phrasebook,"new (recently made or introduced)
antonyms: luma, daan"
buot,pb,phrasebook,to rub
sulud,pb,phrasebook,nominative plural of sulg
adto,pr,pronoun,to go there (to a place far from both the speaker and listener)
ako,pr,pronoun,(international standards) iso 639-3 language code for akurio.
aton,pr,pronoun,us
daya,pr,pronoun,(anatomy) blood
ikaw,pr,pronoun,you
ini,pr,pronoun,"(balakan, qakh, sheki, zaqatala) husband's brother
synonym: qayın"
iya,pr,pronoun,(international standards) iso 639-3 language code for iyayu.
kami,pr,pronoun,"(religion, shinto) an animistic god or spirit in the shinto religion of japan.
2000, ree soesbee, “armies on the march”, in the crane (legend of the five rings), renton, wash.: wizards of the coast, →isbn, page 96:chanting the mantra of the fire kami, they called to the blaze, summoning the heart of each flickering flame to life.
2021, marie brennan [pseudonym; bryn neuenschwander], chapter 18, in the night parade of 100 demons (legend of the five rings), nottingham, nottinghamshire: aconyte books, →isbn, page 211:but ryōtora had definitely moved a shintai during the makeshift festival – and it must have been saiun-nushi’s, because sekken couldn’t imagine the shugenja could call a kami into a foreign vessel without noticing."
kamo,pr,pronoun,(in the plural) you
kita,pr,pronoun,we (inclusive)
sila,pr,pronoun,cross-legged seating position
sin-o,pr,pronoun,who
siya,pr,pronoun,alternative form of siella
yari,pr,pronoun,(weaponry) any of various sizes of spear used in japanese martial arts.
ab-ab,v,verb,to eat
aba,v,verb,(international standards) iso 639-3 language code for abé.
abaga,v,verb,(anatomy) shoulder
abak,v,verb,abacus
abak-abak,v,verb,diminutive of ábak
aban,v,verb,one
abaniko,v,verb,"hand fan
synonyms: kayab, kabkab, pamaypay, yapyap"
abang,v,verb,window (opening for light and air)
abang-abang,v,verb,"midnight horror (oroxylum indicum, a tree where its leaves are used as a plaster in treating boils and other swollen body parts)"
abat,v,verb,abbot (superior of an abbey)
abat-abat,v,verb,diminutive of ábat
abay,v,verb,(obsolete) barking or baying of dogs at their prey. [attested from around (1150 to 1350) until the late 17th century.][1]
abay-abay,v,verb,diminutive of abáy
abi,v,verb,(international standards) iso 639-3 language code for abidji.
abi-abi,v,verb,greeting; salutation
abian,v,verb,"underway, running"
abiar,v,verb,to invite
abibar,v,verb,"to urge, encourage, rouse"
abiog,v,verb,"to move to and fro, to swing or rock"
abisar,v,verb,"to advise, inform, notify"
abiso,v,verb,"advisory; announcement; notice; warning
synonym: pahibalo"
ablang,v,verb,"breadth, width"
ablay,v,verb,shawl
abo,v,verb,(international standards) iso 639-3 language code for abon.
abo-abo,v,verb,"the color of ash, ashen"
abonar,v,verb,"to accredit, to make (someone) appear good"
aboy,v,verb,"spouse
synonyms: asawa, abuyan
kang aboy ― my spouse"
abrasita,v,verb,hug
abraso,v,verb,first-person singular present indicative of abrasar
abri,v,verb,(geology) a shelter; a cavity in a hillside; a shelter on the side of hill with an overhung rock as its roof[1] [first attested in the early 19th century.][2]
abrisita,v,verb,alternative spelling of abrasíta
abtan,v,verb,arrive
abud,v,verb,"(rare) budding
1923, julie m. lippmann, dreamland:[…]  he began to whistle merrily, and in an instant the whole world about him was bright of hue and joyous again, and looking, he saw, to his amazement, that the bare branches were abud."
abukay,v,verb,red-vented cockatoo (cacatua haematuropygia)
abung,v,verb,to intercept; to stop; to catch
abusar,v,verb,"(intransitive, abusar de) to abuse (use improperly)"
abuso,v,verb,abuse
abut,v,verb,"(intransitive) to touch by means of a mutual border, edge or end; to border on; to lie adjacent (to); to be contiguous (said of an area of land) [first attested around 1350 to 1470.][3]
it was a time when germany still abutted upon russia.
his land abuts on the road."
abut-abut,v,verb,frequentative of abút
abwa,v,verb,make
abyog,v,verb,"to swing, oscillate"
adorno,v,verb,"a clay ornament attached to a piece of pottery, usually at the rim.
1999, clarence bloomfield moore, jeffrey m. mitchem, the west and central florida expeditions of clarence bloomfield moore, page 25:willey (1949:324) suggested that this mound probably dates to late weeden island times, though the bird head rim adorno (luer 1992a:54, figure id; moore 1903:figure 63) might indicate a safety harbor component."
agao,v,verb,to seize or take by force
agda,v,verb,"to invite
synonyms: alok, imbitar, kombida"
agi,v,verb,(international standards) iso 639-3 language code for agariya.
agwanta,v,verb,to endure; to put up with; to tolerate
akal-akal,v,verb,to bubble or seethe
alagad,v,verb,"but; however; yet
synonyms: pero, ugaring"
alamilaw,v,verb,to doze
alinga,v,verb,"to watch; to see over; to supervise
synonym: anila"
alipasa,v,verb,"hurry, rush"
almoranas,v,verb,(pathology) hemorrhoid
amba,v,verb,"a characteristic landform in ethiopia: a steep-sided, flat-topped mountain, often the site of a settlement."
amoma,v,verb,"regale, treat with food and drink"
ampo,v,verb,a javan snack food consisting of thin sticks of baked earth.
anad,v,verb,"accustomed to; skilled at; expert in
synonym: antigo
anad yi kami sa kainda pag buhay.we are already accustomed to this way of life."
anila,v,verb,beehive
aninaw,v,verb,to observe carefully
ankla,v,verb,anchor
angkab,v,verb,a take a bite
arado,v,verb,plow/plough
asin,v,verb,salt
aslum,v,verb,sourness
aso,v,verb,(international standards) iso 639-3 language code for dano.
aspalto,v,verb,asphalt
athag,v,verb,"clear, distinct"
atubang,v,verb,"manner of facing on a position
synonym: hampang"
awat,v,verb,manila hemp (fiber of an abaca)
ayag,v,verb,sift
ayo,v,verb,"(slang) a greeting.
synonyms: hey, hi, yo
2004, michael daniel baptiste, cracked dreams, page 73:""ayo, red. it's the homie spits on the jack for you, blood."" ""ayo, homeboy,"" said red as he excitedly picked up the telephone receiver. ""what's up, fool?""
2007, reginald l. hall, in love with a thug, page 38:“ayo, wassup, girl,” he said to keisha as he continued to walk toward the back area where i stood.  […]  “ayo, wassup, playa?
2007, tony j. ward, jr., i've got to make it to heaven for going through hell: part 1, page 39:ayo toine, you think they'd put me down?
2007, nikki turner, christmas in the hood, page 289:""ayo, fam, you a'ight down there?"" victorious's cell mate asked.
2008, treasure hernandez, resurrection, page 106:""ayo, ma, where you going?"" a dude asked her as she walked by him.
2008, ashley jaquavis, the trophy wife, page 103:""ayo, kalil!"" a man's voice said from amidst the crowd. kalil looked up and saw his lil' man, peanut, distributing packets of heroin and taking money from the fiends.
2010, r green damon, somethin' to think about, page 197:""ayo, cee, listen to this shit here,"" said matt, passing him his cell."
baak,v,verb,crevice
baas,v,verb,"(south africa) an employer, a boss (frequently used as a form of address).
1979, andré brink, a dry white season, vintage, published 1998, page 40:‘that's not what i'm complaining about, baas,’ said gordon.
1932, george bernard shaw, the adventures of the black girl in her search for god, hesperus press limited, published 1961, page 11:‘excuse me, baas,’ she said, 'you have knowing eyes.'"
badlak,v,verb,"beam, dazzle, sparkle"
bahon,v,verb,"sneeze
synonym: hatsing"
bahoy,v,verb,"witch, sorceress"
bailo,v,verb,"(historical) title of the venetian envoy to particularly the sublime porte
1886, the journal of hellenic studies, volume 7, page 328:venice engaged to restore to the triarchs all property which the baili had conferred in fief since 1255.
2010, gábor ágoston, encyclopedia of the ottoman empire, page 73:in 1670 the bailo was considered responsible for all the venetian consuls in the ottoman empire."
bais,v,verb,plural of bai
bakal,v,verb,male kid (baby goat)
balatian,v,verb,feeling; sensitivity
baleu,v,verb,to change; to transform; to transmogrify
balhag,v,verb,"printed, published"
balhas,v,verb,sweat
balhin,v,verb,"alter, change, transform"
bali,v,verb,offering
balibad,v,verb,to refuse
baligya,v,verb,"goods, merchandise"
balita,v,verb,news
balo,v,verb,"ruining, spoiling, destruction"
banta,v,verb,to warn someone not to do something
bantay,v,verb,attendant
banga,v,verb,five
bangis,v,verb,"violence; cruelty
synonyms: isog, kuri, ringis"
bangon,v,verb,to get up
bangot,v,verb,"bind, tie"
barit,v,verb,to sharpen
bas-on,v,verb,"to be damp, or wet"
basa,v,verb,"the catfish pangasius bocourti.
synonyms: (britain) cobbler, river cobbler"
basa-basa,v,verb,to leaf through; to peruse; to skim
basol,v,verb,"blame; reproach
synonym: sudya"
bata,v,verb,"a ceremonial double-headed drum played in triplet in the religion of santería, especially in cuba and puerto rico, originally from the yoruba of nigeria.
1990 october 28, paul simon, “the rhythm of the saints”, in the coast, warner bros.:two guitars, bata, bass drum and tambourine.
2019, marlon james, black leopard, red wolf, hamish hamilton, page 283:five drummers in front setting the dance—three beating barrel drums, a fourth beating a double-skin bata, and the fifth beating four small bata tied together."
bati,v,verb,"alternative form of batty (“buttocks, anus; homosexual man”)."
bato,v,verb,stone
batok,v,verb,bark (loud utterance by a dog)
baton,v,verb,"a staff or truncheon, used for various purposes."
bawi,v,verb,woman
bayaw,v,verb,"brother-in-law
synonym: kunyado"
baylo,v,verb,"change, exchange, replace"
bendisyon,v,verb,"benediction, blessing"
bendita,v,verb,holy water
bihag,v,verb,captive (one who has been captured)
bika,v,verb,to spread one's legs
bilanggo,v,verb,to imprison; to jail
bilid,v,verb,mountain
bilin,v,verb,(biochemistry) any of various biological pigments formed in many organisms as a metabolic product of certain porphyrins.
bilwa,v,verb,alternative form of vilwa.
bino,v,verb,(physics) the superpartner of the gauge boson corresponding to weak hypercharge. the w and z bosons are electroweakinos: winos and binos.
bisyo,v,verb,"bad, wicked, naughty, disobedient"
bitas,v,verb,to rip; to tear apart
bitay,v,verb,"to hang
to be or remain suspended
to cause (something) to be suspended, as from a hook, hanger, or the like
to execute (someone) by suspension from the neck
to be executed by suspension by one's neck from a gallows, a tree, or other raised bar, attached by a rope tied into a noose
to decorate (something) with hanging objects
(computing) to stop responding to manual input devices such as keyboard and mouse
(computing) to cause (a program or computer) to stop responding"
bitin,v,verb,"a snake; a legless reptile of the sub-order serpentes with a long, thin body and a fork-shaped tongue"
bobo,v,verb,"a materialistic person who affects an anti-materialistic persona.
2000, david brooks, bobos in paradise […] , simon & schuster, →isbn, page 207:the small things—an olive grove or a small chapel—take on greater meaning to a bobo on vacation.
2011 april 12, alex lobrano, “bobo heaven in paris”, in t magazine‎[1], retrieved 26 june 2019:peruse the paris papers these days and you'll notice an obsession with bobos: no, they're not a team of cheerleaders or a troupe of clowns, but rich, artsy types known as  bourgeois bohemians,  who are now pretty much the tip of parisian tastemakers. so when friends who were recently staying in saint germain des pres asked me where to go to people watch, i told them to head for the ninth arrondissement  citadel of bobo cool."
bokbok,v,verb,a type of boring insect
budhi,v,verb,to betray
bug-os,v,verb,"complete, whole"
bugalon,v,verb,to be or become proud
bugas,v,verb,"milled rice, white rice"
bugay,v,verb,to give
bugkos,v,verb,"bundle, parcel"
bugsay,v,verb,"oar, paddle"
bugto,v,verb,to snap; to fracture or break apart suddenly
buhat,v,verb,"raise; lift; act of picking up something heavy
synonyms: alsa, tuon"
buhin,v,verb,subtraction
buk-on,v,verb,to cut or open
bukad,v,verb,to expand
bukadkad,v,verb,to bloom
buksan,v,verb,open
bulag,v,verb,to separate; to cause (things or people) to be separate
bulak,v,verb,an indian nose ring usually worn by married women.
bulakbol,v,verb,"truancy
synonyms: lakuwatsa, luok"
bulang,v,verb,"cockfight
synonyms: topada, sabong"
buli,v,verb,(botany) fluttering elm (ulmus laevis)
buligan,v,verb,third-person plural present indicative of buligar
buling,v,verb,"dirt, soot, stain"
bulung,v,verb,"drug, medicine"
bulus,v,verb,the beginning of a flood in a flooded river
bunit,v,verb,"(fishing): angle, hook"
buntug,v,verb,stye
bunggo,v,verb,alternative form of bangga
burnil,v,verb,to polish; to shine
buta,v,verb,alternative form of boteh.
butho,v,verb,to arrive suddenly and unannounced; to plump in
buti,v,verb,"barrel, cask"
butok,v,verb,to make or force an animal to lie down on its side
butok-butok,v,verb,diligent
buung,v,verb,"broken, smashed"
buy-an,v,verb,"escape, to let to get away"
buyagyag,v,verb,"betray, expose, make public, tell"
buyayaw,v,verb,to curse; to swear
buylog,v,verb,accompany
buyot,v,verb,a woven bag
dab-ot,v,verb,to reach out
dabadaba,v,verb,kindling
dabdab,v,verb,"kindle, light"
dag-on,v,verb,year
dagas,v,verb,"lunge
synonym: dagsang"
dagat,v,verb,sea
dagsang,v,verb,"lunge
synonym: dagas"
dagumak,v,verb,to wear out from frequent use
dagyang,v,verb,"enjoy oneself, frolic"
dahog,v,verb,"shoot, tendril"
dakup,v,verb,"to catch, to apprehend, to arrest, to capture"
dala,v,verb,"(historical) the currency of hawaii between 1847 and 1898, equal to the united states dollar.
2018, todd a. watkins, introduction to microfinance:my mother kept a dollar bill in hawaiian currency—a dala—given to her as a souvenir of her brother's service in the army."
dalang-dalang,v,verb,astray
dalaw,v,verb,"visit, visitation
synonyms: pagbisita, rukat, pagsungko, sunglog"
daldal,v,verb,"loquacity, talkativeness
synonym: tabil"
dalhon,v,verb,to bring; to carry
dalin-as,v,verb,"skid, slip, slide
synonym: dakin-as"
dalok,v,verb,"greedy, gluttonous"
dalum,v,verb,(of depth) deep
daman,v,verb,the rock hyrax.
damgohon,v,verb,to dream
damo,v,verb,"(chess, card games) queen
1908, henri vallienne, ĉu li?, ch. 3:la junulo miksis la kartojn kaj prenis unu el ili. ĝi estis la kera damo.the youth shuffled the cards and drew one of them. it was the queen of hearts.
1910, e. l. kearney (translator), la aventuroj de alicio en mirlando, translation of alice's adventures in wonderland by carroll, lewis, ch. 11:la kera damo bakis tortojn / en iu somertago!the queen of hearts, she made some tarts, / all on a summer day."
dampig,v,verb,"aid, help, support"
dangat,v,verb,"(naga) love; affection; endearment
synonyms: daba, muot, mahal"
dangaw,v,verb,"a handspan (the distance measured by a human hand, from the tip of the thumb to the tip of the little finger)"
danggot,v,verb,wean
dapig,v,verb,"companion, partner"
dapit,v,verb,"regarding; about
synonym: manunungod"
daplos,v,verb,"(legazpi, sorsogon) sweat, perspiration
synonyms: ganot, hinang"
daroos,v,verb,a severe cough
daskon,v,verb,cram
daug,v,verb,romanization of 𐌳𐌰𐌿𐌲
daut,v,verb,nonstandard spelling of daot
dawat,v,verb,to receive
dawdaw,v,verb,"turn, spin"
dawhat,v,verb,receive
deskarga,v,verb,unloading
dikta,v,verb,dictate
dingot,v,verb,nominative plural of dingo
dis-og,v,verb,"jostle, push"
dogsing,v,verb,"to nudge or stroke, often flirtatiously"
dohol,v,verb,"a type of percussion instrument used in iran, afghanistan and kurdistan."
dool,v,verb,"inflection of dolen:
first-person singular present indicative
(in case of inversion) second-person singular present indicative
imperative"
duag,v,verb,stave
dugang,v,verb,"(formal) addition; act of adding something
synonym: dagdag"
dugmok,v,verb,"to break by applying pressure or weight, to crush"
dugus,v,verb,the best part of a thing
duha,v,verb,"two
synonym: dos"
duha-duha,v,verb,by pairs; two by two; two at a time
duko,v,verb,"stoop, act of bending over"
dula,v,verb,game
dulum,v,verb,darkness; gloom
dulumugan,v,verb,swarm
dumaay,v,verb,fade
dumagaya,v,verb,flourish
dumagsa,v,verb,the northeast monsoon
dumar,v,verb,"tame, train"
dumayon,v,verb,enter
dumdum,v,verb,"a soft-nosed bullet that expands on impact to cause a gaping wound.
march 1920, alice ballantine kirjassoff, “formosa the beautiful”, in national geographic magazine‎[1], page 267:he related to us how the savages make bullets from the heart of a very hard wood cured by a special process. these bullets are only effectual when fired from a short range, and when they lodge in the flesh they explode like dumdum bullets.(he here refers to tim soan, a taiwanese aboriginal person)"
dumili,v,verb,prohibit
dumugo,v,verb,bleed
dumugok,v,verb,attend
dumukot,v,verb,to stick
dumulog,v,verb,pause
dumungka,v,verb,"harbor, land"
dunoton,v,verb,crush
dupak,v,verb,"dirty, foul, obscene, smutty"
duyanon,v,verb,swing
eksamen,v,verb,"examination, exam (formal test)"
eskuwela,v,verb,school; learning institute
fuersa,v,verb,"force, strength, vigor"
gaang,v,verb,"to heat, warm"
gabuk,v,verb,"rotten, decayed, decomposed"
gabut,v,verb,"to pull out, to extract, to uproot"
galing,v,verb,present participle and gerund of gale
gamit,v,verb,to use
ganyat,v,verb,past participle of ganyar
gapas,v,verb,sickle
garuk,v,verb,filth
gasolina,v,verb,"gasoline, petrol (motor fuel)"
gatasan,v,verb,the spotfin lionfish (pterois antennata)
gatong,v,verb,firewood; fuel
gaway,v,verb,tentacle
gikas,v,verb,to cut off or diminish
gisa,v,verb,"way, manner
synonyms: modu, molde"
gision,v,verb,"to rip, to tear
synonym: rabrabon"
giyan,v,verb,"desire, inclination, liking for"
godgod,v,verb,"follow up, look for, search for"
gub-on,v,verb,disrupt
guyod,v,verb,"a drag
synonyms: gudgod, sidsid"
habok,v,verb,to swell
haboy,v,verb,"fling, hurl"
hagad,v,verb,to ask for something
hagmak,v,verb,fall down
hagna,v,verb,"motion, proposal"
haguk,v,verb,grasshopper (generic term)
hagumhum,v,verb,to hum or coo
hagunung,v,verb,boom
hagung,v,verb,"to hum, coo"
hagunghung,v,verb,a rumbling sound
hagup,v,verb,to be tame
halab,v,verb,graze
halay,v,verb,hang
halin,v,verb,to transfer
halit,v,verb,"(transitive, poetic) to cover
synonyms: zakrývat, přikrývat"
halokhok,v,verb,grunt
halong,v,verb,"to handle with care
synonym: amlig"
halunhun,v,verb,"gulp down, swallow"
hambadan,v,verb,scorn
handa,v,verb,"prepared
synonyms: andam, preparado, puwesto"
hikog,v,verb,to hang oneself
hiliugyon,v,verb,to unite
hinlo,v,verb,"smooth, level"
hingap-us,v,verb,to commit suicide by hanging
hiphip,v,verb,bribe
hubu,v,verb,accusative singular of huba
hukson,v,verb,"detach, dismount"
hutik,v,verb,whisper
huyop,v,verb,to blow
ikog,v,verb,tail
ilig,v,verb,tooth
isa,v,verb,(international standards) iso 639-3 language code for isabi.
itot,v,verb,to have sexual intercourse with someone
iyot,v,verb,"(vulgar) coitus; sexual intercourse
synonyms: habal, kayat, hilawas, jerjer, torjak"
kadton,v,verb,bite
kalikog,v,verb,to clean; to probe
kalis,v,verb,a filipino sword akin to the kris.
kamao,v,verb,"an extinct bird of hawaii, myadestes myadestinus."
kaon,v,verb,"(particle physics) any of four unstable subatomic particles, mesons, they are a combination of a strange quark or antiquark and either an up or down quark or antiquark
k0: strange quark + down antiquark
k0* (antiparticle of k0): down quark + strange antiquark
k+: strange quark + up antiquark
k- (antiparticle of k+): up quark + strange antiquark"
kapay,v,verb,"crazy; insane
synonyms: bua, loko, rungaw, lapong, lado, kablas"
kasal,v,verb,charcoal
kasla,v,verb,imperative passive of kasál
kaulangan,v,verb,"handicap
synonym: kaninan"
kawing,v,verb,present participle and gerund of kaw
kinam,v,verb,taste
kinaw,v,verb,"glisten, shine, sparkle"
kinot,v,verb,nominative plural of kino
kita,v,verb,we (inclusive)
lag-it,v,verb,"cheat, imposter, sneak, swindler, trickster"
laham,v,verb,"to touch, feel"
lakon,v,verb,genitive singular of lakko
lakum,v,verb,"to deceive; to cheat; to swindle
synonym: lakon"
lala,v,verb,alternative form of ilala.
lala-lala,v,verb,diminutive of lála
lansang,v,verb,nail (metal pin)
laplap,v,verb,to drive out; to chase away; to drive
lapuyot,v,verb,"thick, condensed, coagulated"
laum,v,verb,alternative form of laom
law-ay,v,verb,vulgar; debased
layi,v,verb,"adultery
synonym: láè"
likay,v,verb,avoidance of danger by moving suddenly out of the way
lima,v,verb,alternative letter-case form of lima of the icao/nato radiotelephony alphabet.
linaw,v,verb,"clarity, clearness
synonym: liwanag
antonyms: libog, labog"
lipay,v,verb,"(naga) caterpillar
synonym: atitiras"
luab,v,verb,collar
luhod,v,verb,kneeling
lulus,v,verb,plural of lulu
lumilaw,v,verb,doze
luta,v,verb,first-person singular aorist of lut
mabalong,v,verb,"to get drunk; to intoxicate
synonym: mahubog"
magbukal,v,verb,"to seethe, to bubble, to produce foam
synonym: magbula"
magbulig,v,verb,"to aid, to help"
magdamgo,v,verb,to dream
maghatag sing kinahanglan,v,verb,supply
mahubog,v,verb,"(sorsogon) to get drunk
synonyms: maburat, mabuyong"
matay,v,verb,to die
multa,v,verb,fine
ngithil,v,verb,"to whine, whimper"
paabat,v,verb,causative of ábat
paabay,v,verb,causative of abáy
paagaw,v,verb,causative of ágao
paalam,v,verb,causative of álam
pahalin,v,verb,causative of hálin
pahat,v,verb,"a share; a portion of something, especially a portion given or allotted to someone"
pahat-pahat,v,verb,diminutive of páhat
pamulut,v,verb,frequentative of púlut
pamuyayaw,v,verb,frequentative of buyáyaw
pangalikog,v,verb,a probe
pasahi,v,verb,"extraordinary, exceptional, remarkable"
patalum,v,verb,to sharpen or hone a blade
pilak,v,verb,silver
piyansa,v,verb,(law) bail
pulut,v,verb,nominative plural of pulu
pungko,v,verb,"to squat; to crouch
synonyms: gak-ang, iskwat, puk-ong, tuk-ong, tungko"
sabak,v,verb,alternative form of sabat
sablay,v,verb,"hanging of clothes
synonyms: halayhay, balaybay"
sabtanay,v,verb,to answer
sadsad,v,verb,to dance
sagup,v,verb,"rescue, save"
sal-on,v,verb,catch
samad,v,verb,cut
samit,v,verb,"(phonetics) consonant
cingiltili samitlər ― voiced consonants
kar samitlər ― voiceless consonants"
sapding,v,verb,"touch, graze, come in contact with"
saylo,v,verb,to overshoot; to go past something; to go too far
sid-o,v,verb,"hiccup
synonym: sikdo"
sikdo,v,verb,"hiccup
synonym: sid-o"
sugod,v,verb,"sting (of a bee, wasp, etc.)
synonyms: lanit, haldat"
sulud,v,verb,nominative plural of sulg
tandog,v,verb,"feel, touch"
tanyag,v,verb,"offer, proffer"
tanga,v,verb,"(historical) any of various former asian coins, including: a coin of portuguese india worth one tenth of a rupee; a gold coin of india issued by various muslim rulers; a silver coin of india, also issued by muslim rulers; and a former silver coin of tibet.
1810, richard haklvyt, hakluyt's collection of the early voyages, travels, and discoveries of the english nation- volume 2, page 410:the larines are woorth by just value basaruchies 93 and 3 fourth parts, and 4 larines make a seraphine of siluer, which is 5 tangas of good money, and these also haue serafagion of 6, 7, 8, 10, vntil 16, by the 100, for when the ships depart for the north, to say, for chaul, diu, cambaia, or bassaim, all cary of the same, because it is money more currant then any other.
1841, the literary gazette and journal of the belles lettres, page 136:the first and largest item is, the purchase of a wife, 25 rupees. culinary and other utensils.--bedding, 6 rupees; antimony for the lady's eyes, 3 tangas : an iron boiler, 2 rupees; a wooden bowl and spoons, 3 tangas; ....
1875, report of a mission to yarkund in 1873, under command of sir t[homas] d. forsyth, page 73:the prices range from 120 tangas = rupees 25 to 400 tangas = rupees 80.
1996, jonathan l. lee, the ""ancient supremacy"":, →isbn:three-sevenths, or 300,000 tangas (100,000 kabul rupees) were remitted to the amir as tribute, whilst the remaining sum, 400,000 tangas (rs. 133,333), was retained by the wali for his own expenses.
2003, ahmad hasan dani, vadim mikhaĭlovich masson, history of civilizations of central asia, →isbn:the samarkand tangas were initially 916 carats, and then rose to 960 carats. lower-carat tangas were issued in balkh (875 carats, 916 carats) and in tashkent. nevertheless, even the tangas issued under iskandar khan are referred to in documentary sources as 'pure'."
tangis,v,verb,plural of tangi
tangkugo,v,verb,(anatomy) nape
tao,v,verb,(international standards) iso 639-3 language code for yami.
tapan,v,verb,alternative form of tupan (“kind of drum”).
taya,v,verb,"bet; wager
synonyms: pusta, usod"
telepono,v,verb,telephone
timawa,v,verb,impoverished
tindak,v,verb,"kick
synonym: sipa"
toktok,v,verb,to knock
tubig,v,verb,water
tugot,v,verb,"to allow; to permit
synonym: permitir"
tulak,v,verb,to go
tulug,v,verb,to sleep
tuo,v,verb,(international standards) iso 639-3 language code for tucano.
upod,v,verb,"too, also, as well as
synonyms: pud, usab, sab, sad"
uswag,v,verb,to progress; to develop; to advance
utang,v,verb,debt
utud,v,verb,something cut off or broken off
utud-utud,v,verb,diminutive of utúd: to cut something off
uyon,v,verb,"act of agreeing
synonyms: payag, kasundo"
wala,v,verb,alternative spelling of wallah.
