word,pos_symbol,pos_word,meaning,sentiment score,sentiment
-a,VB,verbal affix,affix.,0.0,Neutral
-ado,JJ,adjective formative,formative affix designating conditions or state of being.,0.0,Neutral
-ánay,NN,noun formative,variant of -ánan.,0.0,Neutral
-aryo,NN,noun formative,noun formative affix designating state of being.,0.0,Neutral
-ay,VB,verbal affix,variant of -an.,0.0,Neutral
-dor,NN,noun formative,noun formative affix.,0.0,Neutral
-ero,NN,noun formative,noun formative affix designating type of work done.,0.0,Neutral
-i,VB,verbal affix,benefactive-locative focus affix.,0.0,Neutral
-ista,NN,noun formative,noun formative affix denoting profession or type of job.,0.0,Neutral
-kig-,VB,verbal affix,social reciprocal actor focus affix.,0.0,Neutral
-la-…-an,NN,noun formative,noun formative affix designating repetitive or social action occurring in a place.,-0.25,Negative
-la-…-un,NN,noun formative,noun formative affix designating an action to be performed to the object or person referred to.,0.0,Neutral
-li-,VB,verbal affix,variant of -la-.,0.0,Neutral
-lu-,VB,verbal affix,variant of -la-.,0.0,Neutral
-pa-,VB,verbal affix,"designating causation of action, meaning to allow to happen, to make possible, to happen.",0.226,Positive
-pa-…-un,VB,verbal affix,designating causation of action by the acor in the construction.,0.0,Neutral
-pang-,VB,verbal affix,action affix.,0.0,Neutral
-um-,VB,verbal affix,designating completed action.,0.0,Neutral
-un,VB,verbal affix,infinitive goal focus affix.,0.0,Neutral
-uso,JJ,adjective formative,"formative affix designating condition, quality or state of being.",0.0,Neutral
1-an,VB,verbal affix,"infinitive, benefactive-locative focus affix.",0.0,Neutral
1-anan,NN,noun formative,noun formative affix denoting reciprocal action.,0.0,Neutral
1-ánun,JJ,adjective formative,formative affix attached to nouns to designate abundance in possession.,0.0,Neutral
1-i-,VB,verbal affix,general proposed action instrumental affix.,0.0,Neutral
1-in-,NN,noun formative,noun formative affix.,0.0,Neutral
1-in-…-an,NN,noun formative,noun formative affix.,0.0,Neutral
1-ka,PRP,pronoun,you (short form of ikáw).,0.0,Neutral
1-ka-,VB,verbal affix,variant of naká-.,0.0,Neutral
1-ka-…-an,NN,noun formative,noun formative affix.,0.0,Neutral
1-kay,CC,conjunction,"because, for.",0.0,Neutral
1-la-,VB,verbal affix,"or group action affix, used together with general aspect affixes.",0.0,Neutral
1-ma-,VB,verbal affix,proposed action affix of the  verb.,0.0,Neutral
1-ma-…-un,NN,noun formative,noun formative affix designating a state of being as described by the adjective root.,0.0,Neutral
1-mag-,VB,verbal affix,infinitive actor focus affix.,0.0,Neutral
1-mang-,VB,verbal affix,active action affix usually designating plural or repeated action.,0.402,Positive
1-pa-,VB,verbal affix,to move in the direction of.,0.0,Neutral
1-pag-,VB,verbal affix,actor focus affix.,0.0,Neutral
1-pagka-,VB,verbal affix,"immediately after, following, verbal affix designating action completed before another action.",0.0,Neutral
1-pang-,VB,verbal affix,frequent or repeated action affix of goal focus imperative mode.,0.0,Neutral
2-an,VB,verbal affix,designating reciprocity of action.,0.0,Neutral
2-anan,VB,verbal affix,designating reciprocity of action.,0.0,Neutral
2-anun,NN,noun formative,noun formative affix designating state of being.,0.0,Neutral
2-i-,VB,verbal affix,goal focus affix.,0.0,Neutral
2-ika-,VB,verbal affix,designating possibility of an action to happen.,0.0,Neutral
2-in-,JJ,adjective formative,formative affix to designate manner or state of being.,0.0,Neutral
2-in-…-an,VB,verbal affix,completed action transitive verb affix.,0.0,Neutral
2-ka,RP,particle,designates quantity or amount.,0.0,Neutral
2-ka-,NN,noun formative,noun formative affix used with verbs designating reciprocal relationship.,0.0,Neutral
2-kay,RP,particle,personal name pre-possessive marker.,0.0,Neutral
2-la-,NN,noun formative,noun formative affix when combined with .,0.0,Neutral
2-ma-,JJ,adjective formative,"formative affix attached to nouns, verb or adjective roots.",0.0,Neutral
2-ma-…-un,JJ,adjective formative,formative affix designating state of being.,0.0,Neutral
2-mag-,NN,noun formative,noun formative affix designating reciprocal relationship.,0.0,Neutral
2-mang-,NN,noun formative,noun formative affix designating type of job or profession.,0.0,Neutral
2-pa-,NN,noun formative,noun formative affix used with verbs.,0.0,Neutral
2-pag-,NN,noun formative,noun formative affix when used with verbs.,0.0,Neutral
2-pagka-,NN,noun formative,"noun formative affix designating state of being, manner of being.",0.0,Neutral
2-pang-,NN,noun formative,noun formative affix used to designate something used repeatedly.,0.0,Neutral
3-an,NN,noun formative,noun formative affix designating a container or a place where an action occurs.,0.0,Neutral
3-in-,VB,verbal affix,designating manner of performance or state of being.,0.0,Neutral
3-ka-,JJ,adjective formative,formative affix designating comparative and superlative degrees of comparison.,0.0,Neutral
3-la-,JJ,adjective formative,adjective formative affix.,0.0,Neutral
a,RP,particle,"oh, well, hesitating filler.",-0.077,Negative
ab-ab,VB,verb,to eat,0.0,Neutral
ab-ab,VB,verb,to undermine,-0.296,Negative
ab-ab,VB,verb,to wash away,0.0,Neutral
abad,NN,noun,abbot,0.0,Neutral
abadesa,NN,noun,abbess,0.0,Neutral
abadia,NN,noun,abbey,0.0,Neutral
abaga,NN,noun,( anatomy ) shoulder,0.0,Neutral
abaga,VB,verb,to shoulder something,0.0,Neutral
abága,NN,noun,shoulder.,0.0,Neutral
abaganhan,JJ,adjective,broad - shouldered,0.0,Neutral
abak,VB,verb,to follow in quick succession,0.202,Positive
abak-abak,VB,verb,diminutive of ábak,0.0,Neutral
abak-abak,VB,verb,frequentative of ábak,0.0,Neutral
abaka,NN,noun,"manila hemp , abaca",0.0,Neutral
abakáda,NN,noun,alphabet.,0.0,Neutral
abakahan,NN,noun,someone or something abundant in abaca plants,0.0,Neutral
abakan,NN,noun,a small fish of a reddish color,0.0,Neutral
abalóryo,NN,noun,"rosary beads, strung beads, necklace.",0.0,Neutral
aban,VB,verb,to finish,0.0,Neutral
aban,VB,verb,( of a loom ) to take off,-0.226,Negative
abang,NN,noun,"avarice , greediness",-0.402,Negative
abang,VB,verb,to be within range of a fire,-0.34,Negative
abang-abang,VB,verb,to help or assist,0.402,Positive
abaniko,NN,noun,"folding fan synonyms: kuyab , kuluyab , kuruyab , paypay",0.318,Positive
abaniko,VB,verb,to fan ( cool oneself with a fan ),0.71,Positive
abano,NN,noun,a cigar made by machinery,0.0,Neutral
abansada,JJ,adjective,exposed to the wind,-0.077,Negative
abas,NN,noun,a type of bean,0.0,Neutral
abat,VB,verb,to follow after,0.0,Neutral
abat-abat,VB,verb,diminutive of ábat,0.0,Neutral
abat-abat,VB,verb,frequentative of ábat,0.0,Neutral
abat-abat,VB,verb,to follow closely,0.0,Neutral
abat-abat,VB,verb,living from hand to mouth,0.494,Positive
abáw,UH,interjection,"oh, wow, really.",0.586,Positive
abay,VB,verb,to enter ; join,0.296,Positive
abay,VB,verb,to associate ; mingle,0.0,Neutral
ábay,NN,noun,"of weddings, witness.",0.0,Neutral
abay-abay,VB,verb,diminutive of abáy,0.0,Neutral
abay-abay,VB,verb,frequentative of abáy,0.0,Neutral
abay-abay,VB,verb,to interfere or meddle,0.0,Neutral
abayan,JJ,adjective,( superstition ) liable to fall under an evil spell or magic,-0.66,Negative
abelyana,JJ,adjective,"brown , hazel",0.0,Neutral
abelyana,NN,noun,hazelnut,0.0,Neutral
aberíya,VB,verb,"to have engine trouble, to stop.",-0.599,Negative
abi,RB,adverb,for instance,0.0,Neutral
abi,VB,verb,imagine,0.0,Neutral
abi,VB,verb,think,0.0,Neutral
abi,VB,verb,say aloud,0.0,Neutral
abi-abi,NN,noun,greeting ; salutation,0.382,Positive
abi-abi,VB,verb,to greet ; to salute,0.318,Positive
abian,NN,noun,alternative form of abyan,0.0,Neutral
abian,VB,verb,alternative form of abyan,0.0,Neutral
abiar,VB,verb,to invite,0.153,Positive
abiar,VB,verb,to provision for a journey,0.0,Neutral
abibar,VB,verb,"to urge , encourage , rouse",0.511,Positive
abierto,JJ,adjective,open,0.0,Neutral
abierto,JJ,adjective,accessible,0.0,Neutral
abilay,NN,noun,shawl,0.0,Neutral
abilidad,NN,noun,"ability , capacity",0.318,Positive
abilidad,NN,noun,"talent , mastery",0.421,Positive
abilidad,NN,noun,knowledge,0.0,Neutral
abilidad,NN,noun,dexterity,0.0,Neutral
abiog,VB,verb,"to move to and fro, to swing or rock",0.0,Neutral
abiogan,NN,noun,archaic spelling of abyogan,0.0,Neutral
abir,NN,noun,"assets , property",0.178,Positive
abisar,VB,verb,"to advise , inform , notify",0.0,Neutral
abiso,NN,noun,"notice , information",0.0,Neutral
abiso,VB,verb,"notify , inform",0.0,Neutral
abí’,RP,particle,"let me see, would you please, hey, excuse please.",0.599,Positive
ábi’ábi,VB,verb,"to greet, to shake hands with.",0.153,Positive
ábi’ábi,JJ,adjective,"kind, friendly, civil.",0.765,Positive
ablang,NN,noun,"breadth , width",0.0,Neutral
ablang,VB,verb,"broaden , widen",0.0,Neutral
ablaw,JJ,adjective,"friendly , sociable",0.727,Positive
ablaw,NN,noun,friendliness,0.459,Positive
ablay,NN,noun,shawl,0.0,Neutral
ablay,VB,verb,lean,0.0,Neutral
abo-abo,JJ,adjective,"the color of ash , ashen",0.0,Neutral
abo-abo,VB,verb,diminutive of abó,0.0,Neutral
abo-abohon,JJ,adjective,"ashen , ash -colored, grey , pale",0.052,Positive
abogado,NN,noun,lawyer,0.0,Neutral
abogádo,NN,noun,"lawyer, attorney-at-law.",0.0,Neutral
abohan,NN,noun,fireplace ; hearth,0.0,Neutral
abohan,NN,noun,kitchen synonym: kosina,0.0,Neutral
abohon,JJ,adjective,"ash , grey",0.052,Positive
abohon,JJ,adjective,"ashy , gray",0.0,Neutral
abokado,NN,noun,avocado,0.0,Neutral
abonar,VB,verb,"advance , loan",0.0,Neutral
abong,JJ,adjective,windward,0.0,Neutral
abongho,NN,noun,"anger , exasperation",-0.572,Negative
abongho,NN,noun,angry,-0.511,Negative
abono,NN,noun,"dung , fertilizer , manure",0.0,Neutral
abono,NN,noun,payment for another in advance,0.0,Neutral
aborido,JJ,adjective,"disturbed , uneasy , upset , worried",-0.84,Negative
aborto,NN,noun,abortion,0.0,Neutral
aborto,NN,noun,miscarriage,0.0,Neutral
aborto,NN,noun,monster,0.0,Neutral
aborto,NN,noun,act of stopping,-0.153,Negative
abóso,NN,noun,abuse.,-0.637,Negative
abóso,VB,verb,"to abuse, to take advantage of.",-0.494,Negative
aboy,JJ,adjective,bent ; curved ; warped,0.0,Neutral
aboy,VB,verb,to bend,0.0,Neutral
aboy-aboy,NN,noun,diminutive of abóy,0.0,Neutral
aboy-aboy,NN,noun,"cradle , hammock , swing",0.0,Neutral
abrasita,VB,verb,hug,0.477,Positive
abraso,VB,verb,"hug , embrace",0.66,Positive
abri,VB,verb,"to open (as a window), unlock (as a gate), or turn on (as a stove)",0.0,Neutral
abri,VB,verb,"to begin , commence synonyms: sugod , umpisa",0.0,Neutral
ábri,VB,verb,"to unlock, to unfasten, to open.",0.0,Neutral
abrigana,NN,noun,apéritif,0.0,Neutral
abrigana,NN,noun,appetizer,0.0,Neutral
abrigana,NN,noun,hors d'oeuvre,0.0,Neutral
abrigo,NN,noun,shawl,0.0,Neutral
abríl,NN,noun,april.,0.0,Neutral
abrilatas,NN,noun,can opener,0.0,Neutral
abrisita,VB,verb,alternative spelling of abrasíta,0.0,Neutral
absolusyon,NN,noun,"absolution , acquittal",0.0,Neutral
absuelto,JJ,adjective,absolved,0.361,Positive
absurdo,NN,noun,"absurdity , nonsense",-0.402,Negative
abtan,VB,verb,arrive,0.0,Neutral
abtik,NN,noun,"dexterity , skill",0.0,Neutral
ábtik,JJ,adjective,"active, brisk, lively.",0.735,Positive
abu,NN,noun,ash,0.0,Neutral
abú,NN,noun,ash.,0.0,Neutral
abud,NN,noun,hem,0.0,Neutral
abud,NN,noun,edge,0.0,Neutral
abud,VB,verb,to hem,0.0,Neutral
abuela,NN,noun,grandmother,0.0,Neutral
abuelo,NN,noun,grandfather,0.0,Neutral
abukay,VB,verb,"to rummage , to disturb the surface of",-0.402,Negative
abunda,JJ,adjective,"abundant , plentiful",0.0,Neutral
abung,VB,verb,to intercept ; to stop ; to catch,-0.296,Negative
abúnu,NN,noun,fertilizer.,0.0,Neutral
abúnu,VB,verb,to fertilize.,0.0,Neutral
abusar,NN,noun,"misuse , abuse",-0.637,Negative
abusar,VB,verb,"to misuse or abuse , to take advantage of",-0.494,Negative
abuso,NN,noun,"abuse , impropriety",-0.637,Negative
abuso,VB,verb,"to abuse , beguile , cheat , misuse",-0.802,Negative
abut,VB,verb,to arrive at a place,0.0,Neutral
abut,VB,verb,to catch up with or overtake,0.0,Neutral
abút,VB,verb,"to arrive, to reach, to come to.",0.026,Neutral
abút,JJ,adjective,"cranky, irritable, moody.",-0.681,Negative
abut-abut,VB,verb,frequentative of abút,0.0,Neutral
abut-abut,VB,verb,following in quick succession,0.202,Positive
abut-abut,VB,verb,frequentative of ábut : to come and go,0.0,Neutral
abwa,VB,verb,make,0.0,Neutral
abwa,VB,verb,"gather , collect",0.0,Neutral
abyan,NN,noun,friend ; buddy synonym: amigo,0.494,Positive
abyan,NN,noun,comrade synonym: kahirop,0.0,Neutral
ábyan,NN,noun,"friend, buddy.",0.494,Positive
abyasion,NN,noun,aviation,0.0,Neutral
abyerto,JJ,adjective,alternative form of abiérto,0.0,Neutral
abyog,VB,verb,alternative spelling of ábiog,0.0,Neutral
abyogan,NN,noun,swing ( hanging seat ),0.0,Neutral
ad-adan,NN,noun,"slicer , a frame knife",0.0,Neutral
ada,NN,noun,fairy,0.0,Neutral
adelantado,JJ,adjective,"advanced , modern",0.25,Positive
adelantado,JJ,adjective,progressive,0.0,Neutral
adelpa,NN,noun,oleander,0.0,Neutral
adgaw,NN,noun,a type of tree,0.0,Neutral
adikdik,NN,noun,dandruff,0.0,Neutral
adiong,NN,noun,a large ship or ark,0.0,Neutral
adlaw,NN,noun,( astronomy ) sun,0.0,Neutral
adlaw,NN,noun,( astronomy ) day,0.0,Neutral
adlaw,NN,noun,( time ) daytime antonym: gab-i,0.0,Neutral
ádlaw,NN,noun,"day, birthday, anniversary.",0.0,Neutral
adlawon,NN,noun,full daylight after sunrise is over,0.0,Neutral
ádlaw’ádlaw,RB,adverb,"daily, everyday.",0.0,Neutral
administrasyon,NN,noun,"administration , management",0.0,Neutral
adobi,NN,noun,adobe,0.0,Neutral
adorasyon,NN,noun,worship,0.296,Positive
adorno,NN,noun,"adornment , decoration , embellishment , ornamentation",0.318,Positive
adorno,VB,verb,"to adorn , decorate , embellish , or ornament",0.226,Positive
adtang,NN,noun,the forehead,0.0,Neutral
aduana,NN,noun,customs ( office that taxes imported goods ),0.0,Neutral
aduana,NN,noun,"tax , toll",0.0,Neutral
adudulay,NN,noun,a large earthworm,0.0,Neutral
aga,NN,noun,morning,0.0,Neutral
ága,NN,noun,morning.,0.0,Neutral
aga-aga,JJ,adjective,diminutive of ága : every morning,0.0,Neutral
agalon,NN,noun,"boss , employer , lord , master",0.0,Neutral
agálun,NN,noun,"master, boss.",0.0,Neutral
agao,VB,verb,to seize or take by force,0.0,Neutral
ágaw,VB,verb,"to grab, to seize, to take by force, to usurp.",0.0,Neutral
ágay,VB,verb,"to flow slowly, to drip in small drops.",0.0,Neutral
ágbay,VB,verb,to put one’s arm on or about the shoulder of another person.,0.0,Neutral
agda,VB,verb,to invite,0.153,Positive
ágda,VB,verb,"to ask, to invite.",0.153,Positive
agdayan,JJ,adjective,lazy,-0.361,Negative
agdayan,JJ,adjective,"dull , slow , stupid",-0.727,Negative
aghon,NN,noun,"compass , more specifically a mariner 's compass",0.0,Neutral
ági,NN,noun,"handwriting;  way, means.",0.0,Neutral
ági,VB,verb,"to pass by for something, to pass through.",0.0,Neutral
agi-agi,JJ,adjective,diminutive of agî,0.0,Neutral
agi-agi,JJ,adjective,diminutive of ági,0.0,Neutral
agi-agi,JJ,adjective,"transient , transitory , or passing",0.0,Neutral
agigising,NN,noun,( anatomy ) temple,0.0,Neutral
agila,NN,noun,eagle,0.0,Neutral
aginaldo,NN,noun,christmas present,0.0,Neutral
agí’,NN,noun,hermaphrodite.,0.0,Neutral
agí’,JJ,adjective,"effeminate, sissy.",0.0,Neutral
agogoling,NN,noun,bumblebee,0.0,Neutral
agósto,NN,noun,august.,0.0,Neutral
agrimensór,NN,noun,surveyor.,0.0,Neutral
ágsa,VB,verb,to work another’s field for part of the produce.,0.0,Neutral
ágsa,NN,noun,tenant.,0.0,Neutral
ágsik,VB,verb,"to fly off, to scatter, to spray.",0.0,Neutral
agtang,NN,noun,( anatomy ) forehead,0.0,Neutral
ágtang,NN,noun,forehead.,0.0,Neutral
agúd,CC,conjunction,so that.,0.0,Neutral
águm,VB,verb,"to obtain, to attain, to achieve, to possess.",0.0,Neutral
águm,NN,noun,"possessions, things.",0.0,Neutral
agwa,NN,noun,water synonym: tubig,0.0,Neutral
agwa,NN,noun,"perfume , scent synonym: pahumot",0.0,Neutral
ágwa,NN,noun,"perfume, cologne.",0.0,Neutral
agwanta,VB,verb,"bear , tolerate",0.0,Neutral
agwánta,VB,verb,"to bear, to tolerate, to suffer.",-0.542,Negative
agwatato,NN,noun,pimp,0.0,Neutral
agwatato,NN,noun,procurer ( someone who arranges for prostitution ),0.0,Neutral
ahá’,VB,verb,"to insist, to ask fervently.",0.0,Neutral
ahedres,NN,noun,chess,0.0,Neutral
ahensya,NN,noun,agency,0.0,Neutral
ahensya,NN,noun,pawnshop,0.0,Neutral
ahénsya,NN,noun,pawnshop.,0.0,Neutral
ahénte,NN,noun,agent.,0.0,Neutral
ahiti,NN,noun,leek,0.0,Neutral
ahos,NN,noun,garlic ( allium sativum ),0.0,Neutral
áhos,NN,noun,garlic.,0.0,Neutral
aihada,NN,noun,goddaughter,0.0,Neutral
aihado,NN,noun,godson,0.0,Neutral
akal-akal,VB,verb,to bubble or seethe,0.0,Neutral
akasya,NN,noun,acacia tree,0.0,Neutral
ákig,NN,noun,"anger, hatred.",-0.836,Negative
ákig,VB,verb,"to be angry, to scold.",-0.718,Negative
akú,PRP,pronoun,"i, me (first person singular nominal pronoun).",0.0,Neutral
ákun,PRP,pronoun,"my, mine (first person singular pre-possessive pronoun).",0.0,Neutral
áku’,VB,verb,"to own, to claim, to promise, to swear, to admit.",0.44,Positive
ala-asawa,NN,noun,"concubine , mistress",0.0,Neutral
alabá’ab,JJ,adjective,"of liquid, lukewarm.",0.0,Neutral
alabri,NN,noun,"a key , anything used for the purposes of opening something that is closed",0.0,Neutral
alabuton,JJ,adjective,"cranky , eccentric",0.0,Neutral
alabútun,NN,noun formative,ang tigúlang.,0.0,Neutral
alagad,NN,noun,employee ; follower ; servant,0.0,Neutral
alagad,VB,verb,to wait for someone,0.0,Neutral
alagad,VB,verb,to serve,0.0,Neutral
alágad,NN,noun,adopted person.,0.0,Neutral
alágad,VB,verb,"to adopt, to take care of someone.",0.599,Positive
alagaran,NN,noun,"work , place of employment",0.0,Neutral
aláhas,NN,noun,jewelry.,0.0,Neutral
álak,NN,noun,"hard drink, liquor.",-0.103,Negative
alam,NN,noun,"knowledge , learning",0.0,Neutral
álam,NN,noun,"wisdom, knowledge.",0.527,Positive
álam,JJ,adjective,"bright, smart, brilliant.",0.856,Positive
álam,VB,verb,"to become smart, to become brilliant.",0.758,Positive
alámbre,NN,noun,wire.,0.0,Neutral
alamilaw,VB,verb,to doze,0.0,Neutral
alan,JJ,adjective,rancid,-0.542,Negative
alang-alang,JJ,adjective,"immature , inappropriate , inconvenient , unsuitable",-0.34,Negative
alang-ang,NN,noun,trivial cold ; slight fever,-0.026,Neutral
alangáy,JJ,adjective,"equal, the same.",0.0,Neutral
alangá’ang,NN,noun,slight fever.,0.0,Neutral
alangá’ang,JJ,adjective,"feverish, having a slight temperature.",0.0,Neutral
álang’álang,JJ,adjective,"doubtful, immature.",-0.34,Negative
álang’álang,VB,verb,to hesitate.,-0.273,Negative
alanyon,NN,noun,crop,0.0,Neutral
alás,RP,particle,time particle used with time-telling from dos until dose.,0.0,Neutral
alasohan,NN,noun,chimney,0.0,Neutral
alasoyon,JJ,adjective,stately,0.0,Neutral
alasoyon,JJ,adjective,explainable,0.0,Neutral
alat,NN,noun,basket,0.0,Neutral
alát,NN,noun,native basket made of woven bamboo strips.,0.0,Neutral
álat,NN,noun,saltiness.,0.0,Neutral
álat,JJ,adjective,salty.,0.0,Neutral
álay,VB,verb,to be still through constant tension of the muscles.,-0.318,Negative
alaypan,NN,noun,"asylum , nursery",0.0,Neutral
alaypan hayop,NN,noun,zoo,0.0,Neutral
aláy’ay,VB,verb,"to cradle, to support, to hold arms under some person or thing so as to support.",0.687,Positive
algodon,NN,noun,cotton,0.0,Neutral
alhebra,NN,noun,algebra,0.0,Neutral
alibakaw,NN,noun,betel nut,0.0,Neutral
alibangbang,NN,noun,butterfly,0.0,Neutral
alibángbang,NN,noun,butterfly.,0.0,Neutral
aligi,NN,noun,crab fat,0.0,Neutral
aligútgut,NN,noun,"rage, wrath.",-0.557,Negative
alimángu,NN,noun,crab.,0.0,Neutral
alimokon,NN,noun,pigeon,0.0,Neutral
alimosan,NN,noun,mudskipper,0.0,Neutral
alimpulos,NN,noun,the top of the head,0.202,Positive
alimpulos,NN,noun,"cyclone , eddy",0.0,Neutral
alinga,VB,verb,to watch ; to see over ; to supervise synonym: anila,0.0,Neutral
alíntun,VB,verb,"to transfer, to hand down.",0.494,Positive
alipasa,VB,verb,"hurry , rush",0.0,Neutral
alipúlus,NN,noun,"cyclone, eddy.",0.0,Neutral
alísto,JJ,adjective,"alert, ready, prompt.",0.572,Positive
aliwatan,NN,noun,wrist,0.0,Neutral
alkálde,NN,noun,mayor.,0.0,Neutral
alkánse,NN,noun,loss in terms of money.,-0.318,Negative
alkánse,VB,verb,"to lose some amount due to mismanagement in selling, to fail to gain.",-0.421,Negative
alkánse,NN,noun formative,’alkánse akú sa pagbalígya’.,0.0,Neutral
alkansiya,NN,noun,"money box , piggy bank",0.0,Neutral
alkansíya,NN,noun,"coin bank, empty coconut shell used as a coin bank.",-0.202,Negative
alkitran,NN,noun,"pitch , tar",0.0,Neutral
alkítran,NN,noun,"tar, asphalt.",0.0,Neutral
almanaki,NN,noun,"almanac , calendar",0.0,Neutral
almasín,NN,noun,"store, small market.",0.0,Neutral
almidól,NN,noun,starch.,0.0,Neutral
almidon,NN,noun,starch,0.0,Neutral
almiránte,NN,noun,"of the navy, admiral.",0.318,Positive
almohada,NN,noun,"cushion , pillow",0.0,Neutral
almohadon,NN,noun,a large cushion or pillow,0.0,Neutral
almon,NN,noun,tree,0.0,Neutral
almoranas,NN,noun,( pathology ) hemorrhoid,0.0,Neutral
almoranas,VB,verb,to be afflicted with hemorrhoids,-0.361,Negative
alom,JJ,adjective,"dark , dim",0.0,Neutral
alom,NN,noun,( skin ) a mole,0.0,Neutral
aloy,NN,noun,feign sickness; malinger,0.0,Neutral
alpabéto,NN,noun,alphabet.,0.0,Neutral
alpombra,NN,noun,carpet ; rug,0.0,Neutral
alpómbra,NN,noun,"carpet, rug.",0.0,Neutral
álsa,VB,verb,"to raise, to lift, to elevate slightly.",0.0,Neutral
alugbati,NN,noun,the malabar spinach ( basella alba ),0.0,Neutral
alúm,NN,noun,mole.,0.0,Neutral
alunga-og,JJ,adjective,"( of water ) flat , insipid , stagnant , stale , vapid",-0.459,Negative
alunga-og,JJ,adjective,"( of work ) insufficient , careless , or negligent",-0.361,Negative
alúng’ung,NN,noun,"opinion, idea, thought, knowledge.",0.0,Neutral
aluntaga,NN,noun,the rung or step of a ladder,0.0,Neutral
áman,VB,verb,to prepare.,0.0,Neutral
amapola,NN,noun,poppy,0.0,Neutral
amargóso,NN,noun,bitter melon.,-0.421,Negative
amat,JJ,adjective,"gradual , step-by-step , slow",0.0,Neutral
amat-amat,RB,adverb,"gradually , slowly",0.0,Neutral
amát’amát,RB,adverb,"gradually, little by little.",0.0,Neutral
amát’amát,VB,verb,"to start slowly, to gain speed, to leave one by one.",0.494,Positive
amay,NN,noun,father antonym: iloy,0.0,Neutral
amáy,NN,noun,father.,0.0,Neutral
amaynon,JJ,adjective,paternal,0.0,Neutral
amba,VB,verb,"chant , sing",0.0,Neutral
ámba,NN,noun,"prayer, chant, song.",0.0,Neutral
ámba,VB,verb,"to sing, to pray, to adore.",0.71,Positive
amba sang pispis,NN,noun,warbler,0.0,Neutral
ambahan,NN,noun,"canticle , chant , hymn , song",0.0,Neutral
ámbit,VB,verb,"to participate, to share in.",0.296,Positive
ambulansya,NN,noun,ambulance,0.0,Neutral
ámbung,NN,noun,"radiance, beauty.",0.735,Positive
ámbung,JJ,adjective,"radiant, effulgent, beautiful.",0.791,Positive
amérika,NN,noun,america.,0.0,Neutral
amerikána,NN,noun,"formal coat for men, female american citizen.",0.0,Neutral
amerikáno,NN,noun,american citizen.,0.0,Neutral
ami,NN,noun,second harvest,0.0,Neutral
amidol,NN,noun,starch,0.0,Neutral
amidúl,NN,noun,variant of almidúl.,0.0,Neutral
amígo,NN,noun,"friend, buddy.",0.494,Positive
amihan,NN,noun,north wind,0.0,Neutral
amimíluk,NN,noun,eyelash.,0.0,Neutral
aminhan,NN,noun,north synonym: norte,0.0,Neutral
aminhan,JJ,adjective,northern,0.0,Neutral
aminhan,JJ,adjective,northerly,0.0,Neutral
amínhan,NN,noun,north.,0.0,Neutral
amlig,NN,noun,"care , caution",0.494,Positive
ámlig,VB,verb,"to handle with care, to be, careful.",0.586,Positive
amo,NN,noun,monkey,0.0,Neutral
amog,JJ,adjective,"oversensitive , sensitive , touchy amog nga bata. a very touchy child.",0.0,Neutral
amoma,VB,verb,"regale , treat with food and drink",0.402,Positive
amorokpok,NN,noun,"meteorite , shooting star",0.0,Neutral
amorokpok,NN,noun,bird of prey,0.0,Neutral
amoy,NN,noun,holy man,0.0,Neutral
ampis,NN,noun,skirt,0.0,Neutral
ampo,NN,noun,"prayer , request",0.0,Neutral
ampo,VB,verb,"ask , beseech , beg , petition , pray , request",0.318,Positive
ámpu’,NN,noun,"prayer, pleading.",0.0,Neutral
ámpu’,VB,verb,"to pray, to beseech, to beg, to plead.",0.318,Positive
amú,PRP,pronoun,"it, that.",0.0,Neutral
amú,RB,adverb,similarly.,0.0,Neutral
ámu,NN,noun,"boss, employer, master.",0.0,Neutral
amúma,VB,verb,"to be hospitable, to entertain.",0.318,Positive
amumuklid,NN,noun,toadstool,0.0,Neutral
ámun,PRP,pronoun,"our, ours (first person exclusive plural pre-possessive pronoun).",0.128,Positive
ámut,NN,noun,"subscription, donation, contribution.",0.0,Neutral
ámut,VB,verb,"to contribute, to help by giving something.",0.625,Positive
amú’,NN,noun,monkey.,0.0,Neutral
amyon,NN,noun,"fragrance , scent , smell",0.0,Neutral
ámyun,JJ,adjective,fragrant.,0.0,Neutral
anad,JJ,adjective,usual ; sophisticated ; used to,0.557,Positive
anad,VB,verb,"practice , train",0.0,Neutral
anád,JJ,adjective,"usual, sophisticated, accustomed to.",0.557,Positive
anád,VB,verb,"to be accustomed to, to make familiar through experience.",0.0,Neutral
anak,NN,noun,"child ( a female or male child, a daughter or son ) synonym: bata",0.0,Neutral
anák,NN,noun,child.,0.0,Neutral
anák,VB,verb,"to bear a child, to give birth, to be godparent to a child during baptism or confirmation.",0.0,Neutral
anak nga babae,NN,noun,daughter,0.0,Neutral
anak-anak,NN,noun,"adopted child , foster child",0.0,Neutral
ananay,JJ,adjective,"gentle , mild , soft , slow , noiseless , quiet , tranquil , quietly",0.477,Positive
ánaw,NN,noun,"deluge, great flood.",0.625,Positive
anay,NN,noun,termite,0.0,Neutral
ánay,RP,particle,"please, wait a minute.",0.318,Positive
ánay,NN,noun,termite.,0.0,Neutral
andam,JJ,adjective,"careful , cautious , wary synonyms: tagam , paiway",0.052,Positive
ándam,VB,verb,"to be cautious, to be careful, to beware, to be prepared.",0.273,Positive
andamio,NN,noun,gangplank,0.0,Neutral
andámyu,NN,noun,gangplank.,0.0,Neutral
ándar,VB,verb,"to function, to work.",0.0,Neutral
anekdota,NN,noun,anecdote,0.0,Neutral
áng,RP,particle,definite noun marker.,0.273,Positive
ángay,JJ,adjective,"appropriate, becoming.",0.0,Neutral
ángay,VB,verb,"to be well matched, to be equal, to look becoming, to fit.",0.557,Positive
ángga’,NN,noun,"nickname, pet name.",0.0,Neutral
ángga’,VB,verb,"to fondle, to caress, to pet, to care for very much.",0.494,Positive
anggid,JJ,adjective,similar,0.0,Neutral
ánggid,JJ,adjective,"alike, similar.",0.0,Neutral
ánggid,VB,verb,"to be alike, to compare.",0.0,Neutral
anggid-anggid,JJ,adjective,"diminutive of anggid : nearly alike, similar",0.0,Neutral
anghel,NN,noun,angel,0.0,Neutral
anghel,NN,noun,young child who dies before the age of reason,0.0,Neutral
anghit,NN,noun,smell of a goat synonym: angrus,0.0,Neutral
angkab,VB,verb,bite,0.0,Neutral
ángkab,VB,verb,"of animals, to snap, to bite, to seize with teeth so as to grip or bite.",0.0,Neutral
ángkla,NN,noun,anchor.,0.0,Neutral
angkod,NN,noun,incisor ; front teeth,0.0,Neutral
ángkun,VB,verb,"to acquire, to attain, to possess.",0.0,Neutral
angso,NN,noun,smell of urine synonym: pangsot,0.0,Neutral
angút,VB,verb,"to join together, to tie together, to fasten together.",0.296,Positive
anhel,NN,noun,archaic form of anghel,0.0,Neutral
anhing,JJ,adjective,"dead , deceased , late",-0.649,Negative
anhíng,JJ,adjective,"late, departed, living comparatively recently.",0.0,Neutral
áni,NN,noun,"harvest, produce.",0.0,Neutral
áni,VB,verb,"to harvest, to reap.",0.0,Neutral
anila,NN,noun,beehive,0.0,Neutral
anila,VB,verb,"supervise , watch",0.0,Neutral
aninaw,VB,verb,"to imitate , to model synonyms: ilog , ehemplo , huaran , espeho , gia , huluaran",0.0,Neutral
aningál,VB,verb,to have the delusion of hearing a familiar sound.,0.0,Neutral
aninipot,NN,noun,firefly,0.0,Neutral
ankla,NN,noun,anchor,0.0,Neutral
ankla,VB,verb,anchor,0.0,Neutral
ántes,RB,adverb,"earlier, before, in advance, previously.",0.0,Neutral
antígu,VB,verb,"to know, to be knowledgeable.",0.0,Neutral
anting-anting,NN,noun,"amulet , talisman",0.0,Neutral
ánting’ánting,NN,noun,"amulet, talisman.",0.0,Neutral
antipara,NN,noun,"eyeglasses , glasses , spectacles synonyms: antiohos , tagosilang",0.0,Neutral
antipatiko,JJ,adjective,"repugnant , repulsive",0.0,Neutral
antipatikú,JJ,adjective,"unsympathetic, settled aversion.",-0.44,Negative
antiyado,JJ,adjective,buff ( color ),0.0,Neutral
ántud,JJ,adjective,"fetid, of odor, burnt.",0.0,Neutral
ántus,VB,verb,"to bear, to suffer, to endure.",-0.542,Negative
antyúhus,NN,noun,"spectacles, eyeglasses.",0.0,Neutral
anu,PRP,pronoun,what.,0.0,Neutral
anu,VB,verb,"to become, to do with.",0.0,Neutral
ánud,VB,verb,"to drift, to flow with the current.",0.0,Neutral
ánum,CD,numeral,six.,0.0,Neutral
anúnsyo,NN,noun,"announcement, broadcast.",0.0,Neutral
anúnsyo,VB,verb,"to announce, to broadcast, to make public.",0.0,Neutral
ányag,JJ,adjective,"beautiful, pretty.",0.796,Positive
anyil,JJ,adjective,indigo,0.0,Neutral
ányo,NN,noun,year.,0.0,Neutral
apa,JJ,adjective,"dumb , mute , tongue-tied",-0.511,Negative
ápa,NN,noun,cone.,0.0,Neutral
apan,NN,noun,an adult locust,0.0,Neutral
ápang,CC,conjunction,"but, however.",0.0,Neutral
aparador,NN,noun,"cupboard , dresser , sideboard",0.0,Neutral
aparadór,NN,noun,"closet, cabinet.",0.0,Neutral
ápas,VB,verb,"to follow, to go after.",0.0,Neutral
ápat,CD,numeral,four;  forty; /ika-/ fourth; /napulug-/ fourteen.,0.0,Neutral
apá’,NN,noun,"mute, dumb.",-0.511,Negative
apdo,NN,noun,"bile , gall",0.0,Neutral
apdo,NN,noun,( anatomy ) gall bladder,0.0,Neutral
ápdu,NN,noun,gall bladder.,0.0,Neutral
apelyédo,NN,noun,"surname, last name.",0.0,Neutral
apendisitis,NN,noun,appendicitis,0.0,Neutral
apian,NN,noun,opium,0.0,Neutral
ápin,VB,verb,"to support, to side with, to be an ally to, to defend.",0.402,Positive
apinas,JJ,adjective,"difficult , scarce , trying",-0.361,Negative
apínas,JJ,adjective,scarce.,0.0,Neutral
apitong,NN,noun,tree,0.0,Neutral
aplá’ag,VB,verb,"to spread, to break and scatter.",0.0,Neutral
apo,NN,noun,grandchild,0.0,Neutral
apo,NN,noun,grandfather,0.0,Neutral
apo nga babae,NN,noun,granddaughter,0.0,Neutral
apo nga lalaki,NN,noun,grandson,0.0,Neutral
apog,NN,noun,( chemistry ) limestone,0.0,Neutral
apok,NN,noun,eczema,0.0,Neutral
apú,NN,noun,grandchild.,0.0,Neutral
ápug,NN,noun,lime.,0.0,Neutral
ápuk,VB,verb,"to throw, to be blown aside.",0.0,Neutral
apurá,VB,verb,"to make haste, to hasten.",0.0,Neutral
ara,NN,noun,altar stone in a catholic church,0.0,Neutral
arado,VB,verb,plough,0.0,Neutral
arádu,NN,noun,plow.,0.0,Neutral
arádu,VB,verb,"to plow, to use a plow to break up or turn the soil.",0.0,Neutral
ára’,DT,deictic,there (short form to mean far from the speaker).,0.0,Neutral
aresgádo,JJ,adjective,"adventurous, daring, foolhardy.",0.361,Positive
ári,DT,deictic,here (short form to mean near the speaker).,0.0,Neutral
arisgado,JJ,adjective,"avid , adventurous",0.557,Positive
arisgado,JJ,adjective,"daring , risky synonym: makahas",0.178,Positive
aritmetika,NN,noun,arithmetic,0.0,Neutral
aritmétika,NN,noun,arithmetic.,0.0,Neutral
aritos,NN,noun,earring,0.0,Neutral
arítus,NN,noun,earring.,0.0,Neutral
arí’arí,JJ,adjective,stunted in growth.,0.382,Positive
árko,NN,noun,arch.,0.0,Neutral
ármas,NN,noun,"weapon, arms.",-0.296,Negative
arnibal,NN,noun,syrup,0.0,Neutral
arnibal,NN,noun,"caramel , coconut caramel ( latík )",0.0,Neutral
arnibal,NN,noun,molasses,0.0,Neutral
arnibal,NN,noun,sweetener,0.0,Neutral
aro,NN,noun,leprosy,0.0,Neutral
aroro,NN,noun,arrowroot,0.0,Neutral
aros,NN,noun,rice,0.0,Neutral
arpa,NN,noun,"harp , lyre",0.0,Neutral
arte,NN,noun,"art , skill",0.0,Neutral
arte,NN,noun,artifice,0.0,Neutral
árte,NN,noun,"art, design, decoration;  actor, actress.",0.0,Neutral
árte,JJ,adjective,"creative, artistic, vain.",0.026,Neutral
artikulo,NN,noun,article,0.0,Neutral
artíkulo,NN,noun,article.,0.0,Neutral
arúy,UH,interjection,ouch.,0.0,Neutral
ásab,JJ,adjective,"voracious, gluttonous, ravenous.",0.0,Neutral
asál,VB,verb,to roast particularly on a pit.,0.0,Neutral
ásang,NN,noun,fish gill.,0.0,Neutral
asáwa,NN,noun,wife.,0.0,Neutral
asáwa,VB,verb,"to take a wife, to marry.",0.0,Neutral
asawa sang hari,NN,noun,queen,0.0,Neutral
asero,NN,noun,steel,0.0,Neutral
aséro,NN,noun,steel.,0.0,Neutral
asibar,NN,noun,aloe vera,0.0,Neutral
asikáso,VB,verb,"to take care of, to attend to.",0.494,Positive
asilo,NN,noun,"asylum , protection , shelter , refuge",0.0,Neutral
asílo,NN,noun,"sanctuary, institution of relief or care for the destitute or afflicted.",0.586,Positive
asin,NN,noun,salt ( sodium chloride ),0.0,Neutral
asin,VB,verb,to salt ( add salt to ),0.0,Neutral
asín,NN,noun,salt.,0.0,Neutral
asín,JJ,adjective,salty.,0.0,Neutral
asinan,NN,noun,salt mine,0.0,Neutral
aslang,NN,noun,chin,0.0,Neutral
aslum,NN,noun,sourness,0.0,Neutral
aslum,NN,noun,acidity,0.0,Neutral
aslum,VB,verb,to sour,0.0,Neutral
áslum,NN,noun,sourness.,0.0,Neutral
áslum,JJ,adjective,sour.,0.0,Neutral
aso,NN,noun,smoke,0.0,Neutral
aso,VB,verb,to fumigate,0.0,Neutral
asog,NN,noun,( historical ) an effeminate man who functions as a babaylan,0.0,Neutral
asog,NN,noun,a barren woman,0.0,Neutral
asoy,JJ,adjective,useful,0.44,Positive
asoy,NN,noun,"declaration , explanation ; a clear statement",0.382,Positive
asoy,NN,noun,"result , use",0.0,Neutral
aspalto,NN,noun,asphalt,0.0,Neutral
aspalto,VB,verb,to asphalt,0.0,Neutral
asú,NN,noun,smoke.,0.0,Neutral
asú,VB,verb,to smoke.,0.0,Neutral
asugi,NN,noun,mercury,0.0,Neutral
asúgi,NN,noun,"mercury, quicksilver.",0.0,Neutral
asugi nga buhi,NN,noun,quicksilver,0.0,Neutral
asukar,NN,noun,sugar,0.0,Neutral
asúkar,NN,noun,refined sugar.,0.0,Neutral
asúl,JJ,adjective,blue.,0.0,Neutral
asunto,RB,adverb,"concerning , with regard to",0.0,Neutral
asunto,NN,noun,lawsuit,-0.226,Negative
asúntu,NN,noun,"lawsuit, a case before a court.",-0.226,Negative
asupre,NN,noun,sulphur,0.0,Neutral
aswang,NN,noun,"( folklore , mythology ) aswang ( shapeshifting evil creature in philippine mythology )",-0.66,Negative
áswang,NN,noun,"witch, sorceress.",-0.361,Negative
asyendéro,NN,noun,"big landowner, sugar magnate.",0.0,Neutral
atake,NN,noun,attack synonym: salakay,-0.477,Negative
atáke,VB,verb,"to attack, to assault, to fall upon.",-0.784,Negative
atatalo,NN,noun,caterpillar,0.0,Neutral
atataró,NN,noun,caterpillar.,0.0,Neutral
atatayog,JJ,adjective,useless ; up to no good,-0.638,Negative
atay,NN,noun,( anatomy ) liver,0.0,Neutral
atáy,NN,noun,liver.,0.0,Neutral
atendér,VB,verb,"to attend to, to look after.",0.0,Neutral
aténsyon,NN,noun,attention.,0.0,Neutral
athag,JJ,adjective,"clear , distinct",0.382,Positive
athag,VB,verb,clarify,0.0,Neutral
áthag,JJ,adjective,"clear, distinct.",0.382,Positive
atí,NN,noun,"to rob, to plunder, to steal, to sack.",-0.778,Negative
atipalo,NN,noun,earwig,0.0,Neutral
atipán,VB,verb,"to take care of, to attend to.",0.494,Positive
atipuyúng,VB,verb,"to be dizzy, to feel faint.",-0.226,Negative
atis,NN,noun,sugar apple ( annona squamosa ),0.0,Neutral
atog,NN,noun,( anatomy ) glans penis,0.0,Neutral
atomo,NN,noun,( physics ) atom,0.0,Neutral
atop,NN,noun,roof synonym: bubongan,0.0,Neutral
átras,VB,verb,"to go behind, to move back.",0.0,Neutral
atrasado sa pagbayad,JJ,adjective,delinquent,0.0,Neutral
atráso,JJ,adjective,"late, delayed.",-0.226,Negative
atsara,NN,noun,pickles,0.0,Neutral
atsára,NN,noun,pickled green papaya.,0.0,Neutral
atú,DT,deictic,"that (short form to mean yonder, far from both the speaker and the listener).",0.0,Neutral
atubang,VB,verb,to confront ; to face,-0.178,Negative
atúbang,VB,verb,"to face, to confront, to stand before.",-0.178,Negative
atúbang,RB,adverb,in front of.,0.0,Neutral
átun,PRP,pronoun,"our, ours (first person inclusive pre-possessive pronoun).",0.0,Neutral
atúp,NN,noun,roof.,0.0,Neutral
atutúli,NN,noun,earwax.,0.0,Neutral
awa,NN,noun,"compassion , mercy , pity",0.511,Positive
áwas,VB,verb,to overflow.,0.0,Neutral
awat,VB,verb,to annoy,-0.44,Negative
awat,VB,verb,to delay or waste someone's time,-0.625,Negative
awát,VB,verb,"to annoy, to waste another person’s time, to delay.",-0.791,Negative
áway,NN,noun,"combat, fight, assault.;  opponent.",-0.832,Negative
áway,VB,verb,"to fight, to go to war.",-0.758,Negative
áwa’,NN,noun,"mercy, compassion, pity.",0.511,Positive
áwa’,VB,verb,to have compassion for.,0.459,Positive
áwto,NN,noun,"car, automobile.",0.0,Neutral
awtopsiya,NN,noun,autopsy,0.0,Neutral
áy,UH,interjection,"oh, ouch, oh no.",0.0,Neutral
ayag,VB,verb,sift,0.0,Neutral
ayág,VB,verb,"to sift, to screen, to strain.",-0.052,Negative
ayagan,NN,noun,sieve,0.0,Neutral
ayám,VB,verb,to hunt.,0.0,Neutral
ayam-ayam,NN,noun,ant,0.0,Neutral
ayáp,VB,verb,"to adopt, to be willing to accept something new, to take up and practice as one’s own.",0.511,Positive
ayáw,VB,verb,"to have more than enough, to be satiated, to be abundantly fed.",0.0,Neutral
ayáw,NN,noun formative,’ayáwan si pédro sang pagká’un.,0.0,Neutral
áyhan,CC,conjunction,"perhaps, therefore.",0.0,Neutral
ayi,NN,noun,spleen,0.0,Neutral
ayo,NN,noun,a pet name,0.0,Neutral
ayo,NN,noun,"bargain , discount",0.202,Positive
ayo,VB,verb,to ask or request,0.0,Neutral
aypon,NN,noun,protege,0.0,Neutral
áyu,VB,verb,"to become well, to fix something to make it work, to become good.",0.612,Positive
áyu,JJ,adjective,"fine, good, well.",0.7,Positive
ayuda,NN,noun,"aid , help synonym: bulig",0.402,Positive
áyu’,NN,noun,"bargain, discount.",0.202,Positive
áyu’,VB,verb,"to bargain, to ask for a discount.",0.202,Positive
ba-og,JJ,adjective,"gray , grey",0.052,Positive
baak,JJ,adjective,"crushed , broken",-0.71,Negative
baak,VB,verb,"to crush , to squeeze",-0.153,Negative
baas,VB,verb,"diminish , lessen",0.0,Neutral
baba,NN,noun,mouth,0.0,Neutral
baba-an,JJ,adjective,glib ; talkative,0.0,Neutral
babae,NN,noun,"dame , maid , mistress , girl",0.0,Neutral
babana,NN,noun,soursop,0.0,Neutral
babaye,NN,noun,female ; woman or girl coordinate term: lalake,0.0,Neutral
babayen-on,JJ,adjective,effeminate,0.0,Neutral
babayi,NN,noun,alternative form of babaye,0.0,Neutral
babáyi,NN,noun,"female, woman.",0.0,Neutral
babaylan,NN,noun,"healer , shaman",0.0,Neutral
babha,NN,noun,"wound , gash",0.0,Neutral
baboy,NN,noun,pig ( mammal of genus sus ) ; swine,0.0,Neutral
bábuy,NN,noun,"pig, pork.",0.0,Neutral
bacolodnon,NN,noun,resident or inhabitant of bacolod,0.0,Neutral
bacolodnon,JJ,adjective,of or pertaining to bacolod,0.0,Neutral
badlak,VB,verb,"beam , dazzle , sparkle",0.421,Positive
badlu,NN,noun,phlegm,0.0,Neutral
bádlung,VB,verb,"to point out a fault or mistake, to correct by telling a person.",-0.625,Negative
bádlu’,NN,noun,phlegm.,0.0,Neutral
bag-o,JJ,adjective,"new , fresh antonym: daan",0.318,Positive
bag-ohan,NN,noun,beginner,0.0,Neutral
baga,NN,noun,"charcoal , cinder , coal , light",0.0,Neutral
bága,NN,noun,"ember, live coal.",0.0,Neutral
bagáhe,NN,noun,"luggage, piece of baggage, cargo.",0.0,Neutral
bagáng,VB,verb,"to heat, to make red hot.",0.0,Neutral
bagani,NN,noun,act of heroism,0.586,Positive
baganihan,NN,noun,hero,0.557,Positive
baganíhan,NN,noun,hero.,0.557,Positive
bagásu,NN,noun,bagasse.,0.0,Neutral
bagat-bagat,NN,noun,centipede,0.0,Neutral
bagatnan,NN,noun,south synonym: habagatnan,0.0,Neutral
bagátnan,NN,noun,south.,0.0,Neutral
bágay,NN,noun,"thing, idea, notion, effects.",0.0,Neutral
bágid,VB,verb,"to rub together, to strike together.",-0.128,Negative
bágid,JJ,adjective,"of fruits, unripe, nearly ripe.",0.0,Neutral
bagis,NN,noun,shark,0.0,Neutral
bagnas,JJ,adjective,unripe,0.0,Neutral
bagol,NN,noun,( anatomy ) skull synonym: yubon,0.0,Neutral
bagol,NN,noun,"any skull -like vessel , such as a rough coconut shell cut in half and used for cleaning",0.103,Positive
bagol,NN,noun,( figuratively ) brain ; mind synonym: utok,0.0,Neutral
bagon,NN,noun,wagon,0.0,Neutral
bagoong,NN,noun,shrimp paste,0.0,Neutral
bagrong,NN,noun,sound,0.0,Neutral
bágrung,NN,noun,"roaring sound, thunderous sound.",0.0,Neutral
bágrung,VB,verb,"to roar, to thunder, to make a deafening sound.",-0.296,Negative
bágrut,VB,verb,to gnash or grind one’s teeth.,0.0,Neutral
bágsak,NN,noun,bedbug.,0.0,Neutral
bagsat,NN,noun,bedbug,0.0,Neutral
bagting,NN,noun,"chime , ring , toll",0.0,Neutral
bágting,VB,verb,"to ring a bell, to toll.",0.0,Neutral
bagtis,NN,noun,mudfish,0.0,Neutral
bágtung,VB,verb,to wrap in a bundle especially with a woven cloth.,0.0,Neutral
bágu,RB,adverb,before.,0.0,Neutral
bagúl,NN,noun,hard shell of the coconut.,-0.103,Negative
bagyo,NN,noun,tropical cyclone,0.0,Neutral
bagyo,NN,noun,typhoon,0.0,Neutral
bagyo,NN,noun,storm,0.0,Neutral
bágyu,NN,noun,"rainstorm, typhoon, hurricane.",0.0,Neutral
bágyu,VB,verb,"to be stormy, to be forceful.",0.0,Neutral
bág’u,JJ,adjective,"new, recent, unfamiliar, novel.",0.318,Positive
bág’u,VB,verb,"to make new, to change, to renew.",0.0,Neutral
baha,NN,noun,flood,0.0,Neutral
bahála’,VB,verb,to be responsible for.,0.318,Positive
bahaw,JJ,adjective,( of food ) cold,0.0,Neutral
bahaw,NN,noun,cold rice,0.0,Neutral
bahawbahaw,NN,noun,ant,0.0,Neutral
bahá’,NN,noun,flood.,0.0,Neutral
bahá’,VB,verb,to cover with a flood.,0.0,Neutral
báhin,NN,noun,"part, chapter, share.",0.296,Positive
báhin,VB,verb,"to divide, to deal with‚ to make small parts of.",0.0,Neutral
báhit,VB,verb,to take something out from the fire.,-0.34,Negative
bahol,JJ,adjective,"odor , smell , stink",-0.402,Negative
bahon,VB,verb,to sneeze,0.0,Neutral
bahoy,NN,noun,"witch , sorceress",-0.361,Negative
bahoy,VB,verb,to enchant or cast a spell upon someone,0.0,Neutral
báhu,NN,noun,"of music, bass.",0.0,Neutral
bahúg,NN,noun,food for pigs.,0.0,Neutral
bahúg,VB,verb,"of animals, to feed swine, or any animal; of people, to eat mixed foods simultaneously.",0.0,Neutral
bahúl,JJ,adjective,"coarse, loose or rough texture.",-0.318,Negative
bahún,NN,noun,sneeze.,0.0,Neutral
bahún,VB,verb,to sneeze.,0.0,Neutral
báhu’,NN,noun,"smell, odor, stink.",-0.402,Negative
báhu’,JJ,adjective,"odorous, pungent, acrid smelling, stinking.",-0.527,Negative
bailo,VB,verb,"change , barter , swap",0.0,Neutral
bairan,NN,noun,whetstone,0.0,Neutral
bais,VB,verb,sharpen,0.0,Neutral
baka,NN,noun,"cow , bull , ox",0.0,Neutral
báka,NN,noun,"cow, beef.",0.0,Neutral
bakág,VB,verb,"to get annoyed, to lose one’s patience.",-0.649,Negative
bakal,VB,verb,to buy ; to purchase ; to shop,0.0,Neutral
bakál,VB,verb,"to buy, to purchase.",0.0,Neutral
bakalaw,NN,noun,codfish,0.0,Neutral
bakasyón,NN,noun,"vacation, leisure trip.",0.0,Neutral
bakasyón,VB,verb,"to take a vacation, to go on a trip.",0.0,Neutral
baká’,JJ,adjective,"bow-legged, walking as if under a strain.",-0.052,Negative
baká’,VB,verb,to walk under weight.,0.0,Neutral
bákbak,VB,verb,to strip off.,0.0,Neutral
bákhaw,NN,noun,mangrove.,0.0,Neutral
bákhu’,VB,verb,"to sigh, to moan, to lament.",-0.542,Negative
báknal,JJ,adjective,"burdensome, onerous, bulky.",-0.421,Negative
báknit,VB,verb,"to nudge, to pinch, to pluck.",0.0,Neutral
bakolod,NN,noun,hill ; hillock ; mound ; slope,0.0,Neutral
bakud,NN,noun,"strength synonyms: baskug , bukud , kusug , pag-un",0.494,Positive
bakud,NN,noun,stiffness synonym: tiskug,0.0,Neutral
bákud,JJ,adjective,"strong, stiff.",0.511,Positive
bákud,VB,verb,"to become strong, to stiffen.",0.511,Positive
bákul,VB,verb,to beat or baffle with blows using a piece of wood or a piece of metal.,0.0,Neutral
bakúlud,NN,noun,"slope, hill.",0.0,Neutral
bakúna,NN,noun,vaccination.,0.0,Neutral
bakúna,VB,verb,to vaccinate.,0.0,Neutral
bakyas,JJ,adjective,"( of soil ) rocky , stony , barren",0.0,Neutral
bakyas,NN,noun,"stone , rock",0.0,Neutral
bal-ag,NN,noun,a metal file,0.0,Neutral
balá,RP,particle,question particle to express doubt or uncertainty; tag question particle.,-0.599,Negative
bála,NN,noun,bullet.,0.0,Neutral
balaan,JJ,adjective,"divine , holy , pious , upright , virtuous",0.791,Positive
balaanon,JJ,adjective,"( religion ) saintly , blessed , holy",0.599,Positive
balaanon,JJ,adjective,"happy , beatific",0.758,Positive
balaba,NN,noun,rattan,0.0,Neutral
balabag,NN,noun,impediment,0.0,Neutral
balábag,VB,verb,"to frustrate, to block, to lay across as of a log.",-0.71,Negative
balabaw,NN,noun,"mouse ; rat synonyms: ambaw , ilaga",0.0,Neutral
balagon,NN,noun,vine,0.0,Neutral
balágun,NN,noun,"vine, climbing plant.",0.0,Neutral
balahibo,NN,noun,body hair,0.0,Neutral
balahibo,NN,noun,fur,0.0,Neutral
balahibo,NN,noun,feathers synonym: balukag,0.0,Neutral
balahibo sang hayop,NN,noun,"fur , sable",0.0,Neutral
balahíbu,NN,noun,"of animals, fur; of people, skin hair.",0.0,Neutral
baláka,VB,verb,"to feel concerned about something or somebody, to worry.",-0.44,Negative
balaklon,NN,noun,"commodities , goods , wares",0.0,Neutral
balaligya,NN,noun,"commodities , goods , merchandise",0.0,Neutral
balanak,NN,noun,( a kind of fish ) mullet,0.0,Neutral
balának,NN,noun,mullet.,0.0,Neutral
balangaw,NN,noun,rainbow,0.0,Neutral
balangáw,NN,noun,rainbow.,0.0,Neutral
balangitaw,NN,noun,"( animal ) alligator , crocodile",0.0,Neutral
balani,NN,noun,"magnet , magnetism",0.0,Neutral
balanion,JJ,adjective,magnetic,0.0,Neutral
balánse,VB,verb,"to balance, to shift, to bring to a state of equipoise or stability.",0.0,Neutral
balaod,NN,noun,dysentery,0.0,Neutral
balas,NN,noun,sand,0.0,Neutral
balás,NN,noun,sand.,0.0,Neutral
balása,VB,verb,"to shuffle, to mix up as of cards.",0.0,Neutral
balason,JJ,adjective,sandy,0.0,Neutral
balasubas,JJ,adjective,"( money ) broke , short of cash",-0.421,Negative
balasubas,JJ,adjective,"( of manual work ) careless , botched",-0.361,Negative
balasúbas,JJ,adjective,"rowdy, rude, good-for-nothing, inconsiderate.",-0.71,Negative
balataan,NN,noun,"( anatomy ) uterus , womb",0.0,Neutral
balatas,NN,noun,galaxy,0.0,Neutral
balatian,NN,noun,"disease , illness , sickness",-0.402,Negative
balatian,VB,verb,"to have a disease , to be ill",-0.421,Negative
balatí’an,NN,noun,"disease, illness, feeling, physical condition.",-0.296,Negative
balatí’an,VB,verb,"to suffer from a disease, to be sick.",-0.778,Negative
balatong,NN,noun,yardlong bean,0.0,Neutral
balatong,NN,noun,vegetables synonym: utan,0.0,Neutral
balaw,NN,noun,"asphalt , pitch , resin , tar",0.0,Neutral
balaw,RP,particle,"( interrogative ) questions listener's thoughts or opinions, often in a conditional sense",0.0,Neutral
balay,NN,noun,"home , house",0.0,Neutral
balay,NN,noun,building,0.0,Neutral
baláy,NN,noun,"house, home, dwelling, building.",0.026,Neutral
baláy,VB,verb,"to build a house, to put up a house or building.",0.0,Neutral
balayan sang sinulatan ukon dinalan,NN,noun,syntax,0.0,Neutral
bálaybálay,NN,noun,playhouse.,0.0,Neutral
bálaybálay,VB,verb,to go from one house to another.,0.0,Neutral
baláybay,NN,noun,"verse, recitation, rhyme, poetry.",0.0,Neutral
balaynon,JJ,adjective,"domestic , homely",0.0,Neutral
balá’an,JJ,adjective,"divine, godlike, heavenly.",0.823,Positive
balbolá,NN,noun,valve.,0.0,Neutral
bálda,NN,noun,"pain, sickness, ache, soreness.",-0.71,Negative
bálda,JJ,adjective,"paralytic, sickly, low resistance against illness.",-0.586,Negative
baldado,JJ,adjective,"crippled , handicapped , maimed",0.0,Neutral
balde,NN,noun,"bucket , pail",0.0,Neutral
báldi,NN,noun,"bucket, pail.",0.0,Neutral
baldúsa,NN,noun,"concrete pavement, cemented floor.",0.0,Neutral
bále,VB,verb,"to be about, to amount to, to equal to.",0.0,Neutral
baleu,VB,verb,to change ; to transform ; to transmogrify,0.0,Neutral
balhag,JJ,adjective,"printed , published",0.0,Neutral
balhag,VB,verb,"print , publish",0.0,Neutral
balhas,NN,noun,sweat,0.0,Neutral
balhas,VB,verb,to sweat,0.0,Neutral
bálhas,NN,noun,"perspiration, sweat, condensation.",0.0,Neutral
bálhas,VB,verb,"to perspire, to sweat.",0.0,Neutral
balhin,VB,verb,"alter , change , transform",0.0,Neutral
bálhin,VB,verb,"to change, to exchange.",0.0,Neutral
bali,JJ,adjective,broken,-0.477,Negative
bali,VB,verb,break,0.0,Neutral
balibad,NN,noun,"excuse , pretext",0.077,Positive
balíbad,NN,noun,"excuse, reason, refusal.",0.077,Positive
balíbad,VB,verb,"to find an excuse, to give a reason, to refuse.",-0.226,Negative
balidha,NN,noun,law ; legislation,0.0,Neutral
baligya,NN,noun,sale,0.0,Neutral
baligya,VB,verb,sell,0.0,Neutral
balígya’,NN,noun,goods for sale.,0.0,Neutral
balígya’,VB,verb,"to sell, to dispose of by sale.",0.0,Neutral
balihawog,NN,noun,"bolt , latch",0.0,Neutral
balík,VB,verb,"to come back, to return, to retrace one’s steps.",0.0,Neutral
balikawang,NN,noun,"haunch , hip , loins",0.0,Neutral
balikawáng,NN,noun,hip.,0.0,Neutral
balikíd,VB,verb,"to turn one’s head to look back, to turn over to the other side in a lying position.",-0.527,Negative
baliko,NN,noun,arch,0.0,Neutral
baliko,NN,noun,shape of an arch,0.0,Neutral
balingon,NN,noun,anchovy,0.0,Neutral
balingon,NN,noun,fish dried in the sun,0.0,Neutral
balisbisan,NN,noun,eaves,0.0,Neutral
balising,NN,noun,cross-eyed squint,0.0,Neutral
balískad,VB,verb,"to turn upside down, to invert, to turn over.",0.0,Neutral
baliskag,NN,noun,vertebra ; spine,0.0,Neutral
balíswa’,VB,verb,"to turn over, to turn upside down, to invert.",0.0,Neutral
balita,NN,noun,"information , news",0.0,Neutral
balita,VB,verb,"to inform , proclaim",0.0,Neutral
balitadhan,NN,noun,honeysuckle,0.0,Neutral
balíta’,NN,noun,"news, report.",0.0,Neutral
balíta’,VB,verb,"to inform, to tell the news, to report.",0.0,Neutral
balí’,NN,noun,"fracture, break.",0.0,Neutral
balí’,JJ,adjective,"broken, fractured.",-0.477,Negative
balí’,VB,verb,"to break, to fracture, to rapture.",0.153,Positive
balod,NN,noun,wave,0.0,Neutral
balong,JJ,adjective,drunk ; intoxicated synonym: hubog,-0.34,Negative
balota,NN,noun,ballot,0.0,Neutral
balotanog,JJ,adjective,"insufficient , unsatisfactory",0.0,Neutral
balotanog,JJ,adjective,"parboiled , underdone , undercooked",0.0,Neutral
bálsa,NN,noun,"raft, ferry, a native raft made of tied bamboo trunks.",0.0,Neutral
balsamo,NN,noun,"balm , balsam (clarification of this definition is needed)",0.0,Neutral
bálu,NN,noun,"widow, widower.",0.0,Neutral
balúd,NN,noun,ocean wave.,0.0,Neutral
balúd,JJ,adjective,"rough seas, wavy.",0.0,Neutral
bálun,NN,noun,"provisions, a stock of needed materials or supplies collected beforehand.",0.0,Neutral
bálun,VB,verb,"to take provisions along, to bring money or food on a trip.",0.0,Neutral
balung,JJ,adjective,alternative spelling of balong ( “ drunk; intoxicated ” ),-0.34,Negative
balunggay,NN,noun,"a type of tree , the malunggay or horseradish tree , moringa oleifera",0.0,Neutral
bálus,NN,noun,"answer, reply, revenge, reprisal, reward, vendetta.",0.077,Positive
bálus,VB,verb,"to answer, to reply, to strike back, to take revenge on.",-0.599,Negative
balúskay,VB,verb,"to rummage, to make a thorough search.",0.0,Neutral
balút,NN,noun,"unhatched embryo of duck or chicken, boiled and eaten as a delicacy.",0.0,Neutral
balúta,NN,noun,ballot.,0.0,Neutral
baluyot,NN,noun,sack ; bag ; pouch ; wallet,0.0,Neutral
balú’,NN,noun,"knot, loop, bow.",0.0,Neutral
balú’,VB,verb,"to entwine, to knot, to tie in a loop or bow.",0.0,Neutral
balyéna,NN,noun,whale.,0.0,Neutral
bál’ag,VB,verb,"to file, to rub and make smooth with a file.",0.0,Neutral
bana,NN,noun,husband,0.0,Neutral
bana,NN,noun,"opinion , guess , thought",0.0,Neutral
bána,NN,noun,husband.,0.0,Neutral
banaag,NN,noun,gleam,0.0,Neutral
banaag,NN,noun,daybreak,0.0,Neutral
banag-banag,NN,noun,"dawn , daybreak",0.0,Neutral
banag-banag,NN,noun,morning (obsolete),-0.296,Negative
banas,NN,noun,path ; trail ; lane synonym: dalan,0.0,Neutral
banás,NN,noun,"path, a footpath through uncleared areas.",0.0,Neutral
banas sa higad sang suba,NN,noun,riverside nagaistar ako banas sa higad sang suba . i live by the riverside.,0.0,Neutral
baná’ag,NN,noun,"dawn, early morning, rays of the sun.",0.0,Neutral
banda,NN,noun,strap,0.0,Neutral
bánda,NN,noun,"cord or strip of material serving chiefly for decoration, a music band or group of musicians organized for playing together.",0.202,Positive
bandeha,NN,noun,"platter , plate",0.0,Neutral
bandehado,NN,noun,platter,0.0,Neutral
bandehádo,NN,noun,platter.,0.0,Neutral
bandera,NN,noun,flag,0.0,Neutral
bandéra,NN,noun,flag.,0.0,Neutral
bándo,NN,noun,"announcement, broadcast, declaration.",0.0,Neutral
bándo,VB,verb,"to announce, to make public, to inform the public, to declare.",0.0,Neutral
banga,NN,noun,water jar,0.0,Neutral
banga,NN,noun,"idiot , fool , simpleton",-0.735,Negative
banga,VB,verb,"like , enjoy",0.691,Positive
bangá’,NN,noun,native earthen jar used as water container.,0.0,Neutral
bangdan,NN,noun,"cause , reason , motive",0.0,Neutral
bangdánan,NN,noun,"reason, cause, motive for refusal.",0.0,Neutral
bángday,VB,verb,to lean against as for support.,0.402,Positive
bángga’,VB,verb,"to collide, to bump against.",-0.077,Negative
bángig,VB,verb,"to quarrel, to start a fight.",-0.382,Negative
bangis,NN,noun,"brutality , cruelty synonym: pintas",-0.836,Negative
bangis,NN,noun,violence synonym: kahas,-0.625,Negative
bangis,VB,verb,"to be or become brutal , cruel , inhuman , or violent",-0.915,Negative
bangís,JJ,adjective,"brutal, cruel, inhuman, ferocious, fierce.",-0.852,Negative
bangka,NN,noun,surfeit,0.0,Neutral
bangka,NN,noun,boat,0.0,Neutral
bangkaw,NN,noun,lance ; spear,0.0,Neutral
bangkay,NN,noun,"cadaver ; corpse synonyms: lawas , patay",-0.572,Negative
bángkay,NN,noun,"corpse, dead body.",-0.84,Negative
bangkéta,NN,noun,"sidewalk, concrete pavement.",0.0,Neutral
bangkéte,NN,noun,"banquet, ceremonious meal.",0.0,Neutral
bangkil,NN,noun,tusk,0.0,Neutral
bangko,NN,noun,bench,0.0,Neutral
bangko,NN,noun,bank,0.0,Neutral
bángko,NN,noun,bank.,0.0,Neutral
bángku’,NN,noun,wooden bench long enough for two or more people to sit on.,0.0,Neutral
banglid,NN,noun,"elevation , hill",0.0,Neutral
bangon,NN,noun,the right and left epigastric artery,0.0,Neutral
bangon,VB,verb,to rise from a lying position,-0.527,Negative
bangot,VB,verb,"bind , tie",0.0,Neutral
bangúd,CC,conjunction,"regarding, concerning, relating to, because of, therefore.",0.0,Neutral
bangud sa,JJ,adjective,concerning,0.0,Neutral
bángun,VB,verb,"to arise, to get up from bed, to get up from a lying position.",-0.527,Negative
bánhaw,VB,verb,"to resurrect, to rise from the dead.",-0.649,Negative
banhay,NN,noun,a moderate slope or incline,0.0,Neutral
banig,NN,noun,"carpet , mat , mattress",0.0,Neutral
baníg,NN,noun,native mat made from strips of palm leaves woven together.,0.0,Neutral
baníhut,JJ,adjective,"stubborn, obstinate, persistent, unyielding.",-0.599,Negative
banka,NN,noun,boat,0.0,Neutral
banlas,NN,noun,desert,0.0,Neutral
bansag,NN,noun,nickname,0.0,Neutral
bansúli’,VB,verb,"to tumble, to be together in a confused mass.",-0.318,Negative
banta,NN,noun,opinion,0.0,Neutral
banta,VB,verb,"guess , conjecture",0.0,Neutral
bántal,VB,verb,to bundle or wrap together with a piece of cloth or clothing.,0.0,Neutral
bantála’,NN,noun,"announcement, advertisement, broadcast.",0.0,Neutral
bantála’,VB,verb,"to announce or broadcast over the air, to advertise.",0.0,Neutral
bantay,NN,noun,"watchman , watcher",0.0,Neutral
bantay,NN,noun,observer,0.0,Neutral
bantay,NN,noun,guard synonym: gwardya,0.0,Neutral
bantay,VB,verb,to watch ; to see over ; to supervise,0.0,Neutral
bántay,NN,noun,"watchman, watcher, guard, observer.",0.0,Neutral
bántay,VB,verb,"to watch over, to guard, to observe.",0.0,Neutral
bantayan,NN,noun,"guard - house , lookout station",0.0,Neutral
bánta’,NN,noun,"guess, opinion, supposition, estimate.",0.0,Neutral
bánta’,VB,verb,"to guess, to opine, to suppose, to estimate.",0.0,Neutral
bánting,VB,verb,to brace or tie together with a rope.,0.0,Neutral
bantog,JJ,adjective,"eminent , famous , prominent",0.318,Positive
bantolinaw,NN,noun,ebony,0.0,Neutral
bántug,JJ,adjective,"renowned, famous, eminent, distinguished, noted.",0.0,Neutral
bántug,VB,verb,"to be rumored, to be considered a hearsay, to become well-known.",0.0,Neutral
banwa,NN,noun,town ; city ; municipality ; state ; commonwealth,0.0,Neutral
banwa,NN,noun,citizenry ; inhabitant,0.0,Neutral
bánwa,NN,noun,"town, community, a compactly settled area usually larger than a village but smaller than a city;  citizen.",0.0,Neutral
banwahanon,JJ,adjective,"related to towns , municipalities or their government ; civic",0.0,Neutral
banwahanon,NN,noun,citizen ; person ; public,0.0,Neutral
banyo,NN,noun,bathroom,0.0,Neutral
banyo,NN,noun,shower,0.0,Neutral
bányo,NN,noun,bathroom.,0.0,Neutral
bao,NN,noun,"tortoise , turtle",0.0,Neutral
bao,NN,noun,"( vehicles , automotive , slang ) volkswagen beetle",0.0,Neutral
baog,JJ,adjective,"grey , old",0.052,Positive
bapor,NN,noun,"boat , ship",0.0,Neutral
bapór,NN,noun,"boat, ship.",0.0,Neutral
bara,NN,noun,crowbar,0.0,Neutral
bara,NN,noun,yardstick,0.0,Neutral
bará,VB,verb,"to clog, to impede with extraneous matter.",0.026,Neutral
bára,NN,noun,"bar, a long straight piece of wood or metal, crowbar.",0.226,Positive
baraha,NN,noun,cards,0.0,Neutral
baráha,NN,noun,"deck of playing cards, card.",0.202,Positive
barahan,NN,noun,yardstick,0.0,Neutral
barandilya,NN,noun,"rail , railing",0.0,Neutral
barandílya,NN,noun,"railing made of iron serving as a guard or support, iron guard rail.",0.402,Positive
barangay,NN,noun,"the smallest local government unit in the philippines , a subdivision of a city or municipality",0.0,Neutral
baratílyo,NN,noun,bargain sale.,0.202,Positive
barato,JJ,adjective,cheap ; inexpensive antonym: mahal,0.0,Neutral
baráto,JJ,adjective,"cheap, inexpensive.",0.0,Neutral
baráto,VB,verb,"to make cheap, to reduce in price.",0.0,Neutral
bárbas,NN,noun,beard.,0.0,Neutral
bárbas,VB,verb,to shave the beard off.,0.0,Neutral
barbero,NN,noun,"barber , haircutter synonym: manuggunting",0.0,Neutral
barbéro,NN,noun,barber.,0.0,Neutral
barílis,NN,noun,barrel.,0.0,Neutral
barina,NN,noun,"awl , drill",0.0,Neutral
barína,NN,noun,awl.,0.0,Neutral
barína,VB,verb,"to drill, to bore a hole with an awl.",-0.25,Negative
bario,NN,noun,"community , hamlet",0.0,Neutral
barit,VB,verb,to sharpen,0.0,Neutral
barnis,NN,noun,"lacquer , varnish",0.0,Neutral
barong,NN,noun,shirt,0.0,Neutral
baroto,NN,noun,dugout ; canoe,0.0,Neutral
barukan,NN,noun,( anatomy ) bladder,0.0,Neutral
barukán,NN,noun,urinary bladder.,0.0,Neutral
barútu,NN,noun,"canoe, a native canoe made from carved trunks of trees.",0.0,Neutral
báryu,NN,noun,a unit of local government and area division having the status of a village.,0.0,Neutral
bas-on,VB,verb,"to be damp , or wet",0.0,Neutral
bása,VB,verb,to read.,0.0,Neutral
basa-basa,JJ,adjective,diminutive of basâ : slightly damp,0.0,Neutral
basa-basa,VB,verb,"diminutive of bása : to read a little, or occasionally",0.0,Neutral
basag,JJ,adjective,"cracked , dull , hollow",-0.402,Negative
baság,JJ,adjective,"of sound, hoarse, dull, broken.",-0.7,Negative
basag-ulo,JJ,adjective,"brainless , stupid , silly",-0.511,Negative
basá’,JJ,adjective,"wet, soaked.",0.0,Neutral
basá’,VB,verb,"to wet, to soak with liquid.",0.0,Neutral
básbas,VB,verb,"of plants and trees, to cut, to trim.",-0.273,Negative
basi,RB,adverb,perhaps,0.0,Neutral
basi,NN,noun,a type of rice beer,0.0,Neutral
basin,NN,noun,toilet,0.0,Neutral
bási’,VB,verb,"may, may be, might.",0.0,Neutral
báskit,NN,noun,basket.,0.0,Neutral
baskug,NN,noun,loudness ( of noise ) synonym: gansal,0.0,Neutral
baskug,NN,noun,"strength synonyms: bakud , kusug",0.494,Positive
báskug,JJ,adjective,"of sound, loud; of force, strong.",0.511,Positive
báso,NN,noun,drinking glass.,0.0,Neutral
basol,NN,noun,blame,-0.34,Negative
basol,NN,noun,reprimand ; scolding,0.0,Neutral
basol,VB,verb,to blame,-0.34,Negative
basol,VB,verb,to chide ; to scold,-0.402,Negative
basta,JJ,adjective,enough,0.0,Neutral
básta,CC,conjunction,"because, provided, as long as, if, just, i said so.",0.0,Neutral
básta,RP,particle,"i said so, it has been agreed upon.",0.273,Positive
baston,NN,noun,cane,0.0,Neutral
baston,NN,noun,stick,0.0,Neutral
baston ni san hose,NN,noun,hollyhock,0.0,Neutral
baston ni san hose,NN,noun,staff of st. joseph,0.0,Neutral
bastos,JJ,adjective,"harsh , mean , rude",-0.71,Negative
bastos,JJ,adjective,immodest,0.0,Neutral
bástun,NN,noun,"walking stick, cane.",0.0,Neutral
bástus,JJ,adjective,"rude, uncouth, offensive in manner or action, lacking in social refinement.",-0.718,Negative
básul,VB,verb,"to scold, to chide, to blame, to regret, to repent, to reproach.",-0.784,Negative
basura,NN,noun,"garbage , refuse , waste , rubbish , trash synonym: higko",-0.612,Negative
basúra,NN,noun,"garbage, trash, litter.",0.0,Neutral
básya,VB,verb,"of water, to pour out with force, to throw out.",0.0,Neutral
bat-ol,JJ,adjective,"dull , stupid , or obstinate",-0.807,Negative
báta,NN,noun,"a loose garment usually worn in bed, nightgown.",-0.542,Negative
batad,NN,noun,millet,0.0,Neutral
bátak,VB,verb,"to pull upward, to raise.",0.0,Neutral
batakan,NN,noun,"crane , pulley",0.0,Neutral
batan-on,JJ,adjective,"childish , childlike , juvenile batan-on nga kalipay. childlike pleasure.",0.361,Positive
bataon,JJ,adjective,"young , youthful",0.318,Positive
batás,VB,verb,"to bear, to suffer, to endure.",-0.542,Negative
batás,NN,noun,endurance.,0.0,Neutral
batasan,NN,noun,"behaviour , character , culture , custom , manners",0.0,Neutral
batásan,NN,noun,"manner, character, custom, behavior.",0.0,Neutral
báta’,NN,noun,"child, baby, young girl or boy usually below the age of ten years old.",0.0,Neutral
báta’,JJ,adjective,"young, immature.",0.0,Neutral
báta’,VB,verb,"to deliver a child, to bear a child.",0.0,Neutral
batá’batá’,JJ,adjective,"younger, childish.",-0.296,Negative
bati,VB,verb,to suffer,-0.542,Negative
bati,VB,verb,( negative ) to feel,-0.572,Negative
bati,VB,verb,to hear,0.0,Neutral
bati,VB,verb,"( cooking ) to beat , stir",0.0,Neutral
batí,VB,verb,"of liquid and powder, to beat together, to mix together.",0.0,Neutral
bati-bati,NN,noun,"diminutive of batî ; gossip , hearsay , rumor",-0.178,Negative
batid,JJ,adjective,"proficient , skilled , versed",0.0,Neutral
batid,JJ,adjective,experienced,0.0,Neutral
batid,JJ,adjective,"expert synonyms: eksperto , sampaton",0.0,Neutral
batíd,JJ,adjective,"clever, cunning, ingenious.",0.459,Positive
batidor,NN,noun,whisk,0.0,Neutral
batiis,NN,noun,"calf , leg , limb",0.0,Neutral
batinggílan,JJ,adjective,"flirt, loose in morality.",-0.318,Negative
batiya,NN,noun,washbasin ; washbowl,0.0,Neutral
batí’,VB,verb,"to hear, to be able to hear.",0.0,Neutral
báti’,NN,noun,feelings.,0.0,Neutral
batí’batí’,VB,verb,to eavesdrop.,0.0,Neutral
batí’is,NN,noun,"leg, shin.",0.0,Neutral
batobalani,NN,noun,magnet,0.0,Neutral
batobato,NN,noun,kidney,0.0,Neutral
batog,NN,noun,egg yolk,0.0,Neutral
batohon,JJ,adjective,"rocky , rugged , stone , stony",0.0,Neutral
batok,NN,noun,"objection , protest",-0.25,Negative
batok,VB,verb,to resist or oppose,0.0,Neutral
batok sa kasugoan,JJ,adjective,"unconstitutional , unlawful",0.0,Neutral
baton,VB,verb,"accept , get , receive",0.382,Positive
batongmaidlak,NN,noun,diamond,0.34,Positive
batota,NN,noun,baton,0.0,Neutral
batota,NN,noun,"rule , sway",0.0,Neutral
bátsi,NN,noun,hole on the road.,0.0,Neutral
batú,NN,noun,"rock, stone, pebble.",0.0,Neutral
batúbaláni’,NN,noun,magnet.,0.0,Neutral
batúbatú,VB,verb,"to spell, to count one by one.",0.0,Neutral
bátug,NN,noun,egg yolk.,0.0,Neutral
bátuk,VB,verb,"to resist, to oppose to compete, to debate.",0.0,Neutral
bátun,VB,verb,"to receive, to accept, to take.",0.382,Positive
batungdaan,NN,noun,"monument (literally, old stone)",0.0,Neutral
batuta,NN,noun,baton,0.0,Neutral
batuta,NN,noun,"rule , sway",0.0,Neutral
batúta,NN,noun,"police club, wooden club.",0.0,Neutral
bátu’,VB,verb,"to resist, to oppose, to fight, to challenge.",-0.318,Negative
bátyag,NN,noun,"feeling, sense.",0.128,Positive
bátyag,VB,verb,"to feel, to have a sensation.",0.0,Neutral
bátya’,NN,noun,native wide wooden tub or basin.,0.0,Neutral
baug,JJ,adjective,barren,0.0,Neutral
baug,JJ,adjective,"grey , old",0.052,Positive
baw-as,JJ,adjective,"( usually said of women ) barren , childless",0.0,Neutral
baw-ing,JJ,adjective,"( places ) deserted , desolate , isolated , far away, lonely , secluded",-0.586,Negative
bawi,VB,verb,"to redeem , deliver , set free , release , or liberate",0.511,Positive
báwi’,VB,verb,"to redeem, to take back, to reclaim.",0.0,Neutral
bawod sang mga tudlo,NN,noun,"wave (literally, bent fingers)",0.0,Neutral
bawtisár,VB,verb,"to baptize, to pour water on the head as in baptism.",0.0,Neutral
báw’as,JJ,adjective,"of people, sterile, barren, childless.",0.0,Neutral
bay-ad,NN,noun,a type of seashell,0.0,Neutral
bayabas,NN,noun,guava,0.0,Neutral
bayábas,NN,noun,guava.,0.0,Neutral
bayad,NN,noun,charge ; payment ; fee ; toll,0.0,Neutral
báyad,NN,noun,payment.,0.0,Neutral
báyad,VB,verb,"to pay, to settle an account, to spend.",-0.103,Negative
bayáw,NN,noun,"sister-in-law, brother-in-law.",0.0,Neutral
báyaw,VB,verb,"to elevate, to lift, to raise as a host during roman catholic mass service.",0.0,Neutral
báya’,VB,verb,"to leave, to quit, to abandon.",-0.477,Negative
baybay,NN,noun,"beach , coast , shore",0.0,Neutral
báybay,NN,noun,"beach, coast, shore.",0.0,Neutral
baybayon,NN,noun,beach ; coast ; shore,0.0,Neutral
bayhon,NN,noun,"form , figure , shape synonym: porma",0.0,Neutral
baylíhan,NN,noun,dancehall.,0.0,Neutral
baylo,VB,verb,"change , exchange , replace",0.0,Neutral
báylu,VB,verb,"to exchange, to substitute, to swap.",0.0,Neutral
bayo,JJ,adjective,( of horses ) bay,0.0,Neutral
bayo,NN,noun,a garment which covers the upper body,0.0,Neutral
bayo-bayo,NN,noun,pulse,0.0,Neutral
bayoon,NN,noun,"fabric , textile",0.0,Neutral
bayú,VB,verb,"to box, to maul, to pound.",0.0,Neutral
bayud,JJ,adjective,"unsteady , shaky , unstable synonyms: bawod , mahuyang",-0.527,Negative
báyu’,NN,noun,"dress, clothing, apparel.",0.0,Neutral
bayú’ung,NN,noun,bag made of woven palm leaves.,0.0,Neutral
bá’bá,NN,noun,mouth.,0.0,Neutral
bá’id,VB,verb,"to sharpen, to rub against a stone so as to sharpen.",0.0,Neutral
bá’is,VB,verb,"to argue, to dispute, to debate.",-0.625,Negative
ba’ú,NN,noun,land turtle.,0.0,Neutral
ba’úg,JJ,adjective,"of egg, rotten, sterile.",-0.511,Negative
beberon,NN,noun,nozzle of a baby bottle,0.0,Neutral
beka,NN,noun,scholarship,0.0,Neutral
belada sa eskwelahan,NN,noun,commencement,0.0,Neutral
belasyon,NN,noun,"vigil , wake",0.0,Neutral
bendisyon,NN,noun,"benediction , blessing",0.494,Positive
bendisyon,VB,verb,to bless,0.421,Positive
bendita,NN,noun,blessing,0.494,Positive
bendita,VB,verb,( transitive ) bless,0.421,Positive
bentáha’,NN,noun,"advantage, edge.",0.25,Positive
bentana,NN,noun,"window synonyms: gawang , talamwaan",0.0,Neutral
berde,NN,noun,green ( color/colour ),0.0,Neutral
berde,JJ,adjective,greenish,0.0,Neutral
bérde,JJ,adjective,green.,0.0,Neutral
bersíkulu,NN,noun,verse.,0.0,Neutral
berso,NN,noun,"verse , poem synonym: balaybay",0.0,Neutral
beteráno,NN,noun,veteran.,0.0,Neutral
béynte,CD,numeral,twenty;  twentieth.,0.0,Neutral
bíbi,NN,noun,duck.,0.0,Neutral
bibig,NN,noun,( anatomy ) lip,0.0,Neutral
bibig,NN,noun,"edge , rim ( of a glass )",0.0,Neutral
bibíg,NN,noun,lip.,0.0,Neutral
bibingka,NN,noun,"cake (a baked, small rice cake)",0.0,Neutral
bíbliya,NN,noun,bible.,0.0,Neutral
bidyiw,NN,noun,"harpoon , spear",0.0,Neutral
bigki,NN,noun,edge ; rim ; bank ( of a river ),0.0,Neutral
bigote,NN,noun,moustache,0.0,Neutral
bigúti,NN,noun,moustache.,0.0,Neutral
bihag,NN,noun,"captive , prisoner",-0.542,Negative
bihag,VB,verb,to capture ; to take prisoner,-0.542,Negative
bíhag,NN,noun,"captive, hostage.",0.0,Neutral
bíhag,JJ,adjective,"captivating, attractive.",0.44,Positive
bíhag,VB,verb,"to capture, to abduct, to kidnap, to attract, to bait.",0.361,Positive
bika,VB,verb,to straddle,0.0,Neutral
bika,VB,verb,to spread one's legs wide,0.0,Neutral
bikoláno,NN,noun,"language spoken principally in albay, camarines sur, catanduanes, sorsogon, the southern half of camarines norte, and in some towns of masbate.",0.0,Neutral
biktíma,NN,noun,victim.,-0.273,Negative
bilad,VB,verb,"( of a book ) display , unfold , open",0.0,Neutral
bílang,VB,verb,"to consider, to esteem as.",0.0,Neutral
bilanggo,VB,verb,"imprison , incarcerate , confine",0.0,Neutral
bilanggoan,NN,noun,"jail ; prison synonyms: hulunongan , kalaboso , karsel , presonan",-0.511,Negative
bilánggu,NN,noun,prisoner.,-0.542,Negative
bilánggu,VB,verb,"to capture, to imprison.",0.0,Neutral
bilás,NN,noun,the affinal relation of husbands or wives of siblings.,0.0,Neutral
bilat,NN,noun,"vagina , vulva",0.0,Neutral
bilí,NN,noun,"cost, amount, price.",0.0,Neutral
bilí,VB,verb,"to be worth, to cost, to be the price of.",0.226,Positive
bilid,VB,verb,"examine , handle , inspect",0.0,Neutral
bilíd,VB,verb,"to hold with the hands so as to inspect closely, especially clothes.",0.0,Neutral
bilin,NN,noun,remainder,0.0,Neutral
bilin,VB,verb,"order , command",0.0,Neutral
bilín,NN,noun,"balance account, remainder, left over.",0.0,Neutral
bílin,NN,noun,"request, last words.",0.0,Neutral
bílin,VB,verb,"to enjoin, to leave behind.",-0.052,Negative
biling,NN,noun,"stitch , a sharp , sudden pain",-0.511,Negative
bilog,JJ,adjective,entire ; intact ; round ; solid ; whole,0.34,Positive
bilog-bilog,NN,noun,diminutive of bilóg,0.0,Neutral
bilog-bilog,NN,noun,"clumps , lumps",0.0,Neutral
bilogon,NN,noun,a cane or cudgel,0.0,Neutral
bilúg,JJ,adjective,"round, circle.",0.0,Neutral
bílug,NN,noun,"piece, part.",0.0,Neutral
bilugon,NN,noun,alternative spelling of bilogón,0.0,Neutral
bilwa,VB,verb,"dislocate , sprain",0.0,Neutral
bílyar,NN,noun,"billiard, pool.",0.0,Neutral
bilyéte,NN,noun,ticket.,0.0,Neutral
binabaye,JJ,adjective,fit for a woman ; womanly,0.361,Positive
binabaye,NN,noun,effeminate,0.0,Neutral
binaboy,JJ,adjective,"hoggish , piggish",0.0,Neutral
binágbinág,VB,verb,"to consider, to ponder, to apportion.",0.0,Neutral
binágun,NN,noun,native machete.,0.0,Neutral
binangon,NN,noun,bolo ; machete synonym: utak,0.0,Neutral
binata,JJ,adjective,childish,-0.296,Negative
binata,JJ,adjective,immature,0.0,Neutral
bingaw,JJ,adjective,broken,-0.477,Negative
bingáw,JJ,adjective,"of teeth, missing, jagged.",-0.296,Negative
bingáw,VB,verb,"of teeth, to lose a tooth, to knock out a tooth, to jag or notch accidentally.",-0.625,Negative
bíngkal,VB,verb,"to break in a door, to force an entrance.",0.0,Neutral
binhi,NN,noun,grain synonym: lamigas,0.0,Neutral
bínhi’,NN,noun,"seedling, plant grown from seed.",0.0,Neutral
binilanggo,NN,noun,"prisoner ; inmate ; convict synonyms: piniriso , priso",-0.542,Negative
binisaya,JJ,adjective,visayan,0.0,Neutral
bíno,NN,noun,wine.,0.0,Neutral
bintána’,NN,noun,window.,0.0,Neutral
binudngan,NN,noun,"a handspun cloth , fabric , or textile",0.0,Neutral
binuhatan,NN,noun,"work , deed",0.0,Neutral
binulan,JJ,adjective,"every month , monthly",0.0,Neutral
bioleta,NN,noun,violet ( color ),0.0,Neutral
bírhen,NN,noun,"virgin, mary, the mother of jesus christ.",0.0,Neutral
birhin,JJ,adjective,virgin,0.0,Neutral
bisan,CC,conjunction,although ; even if synonym: maskin,0.0,Neutral
bisan,RB,adverb,in spite of synonym: agad,-0.527,Negative
bisán,CC,conjunction,"even if, although, in spite of.",-0.527,Negative
bisan diin,NN,noun,"everywhere , somewhere , wherever",0.0,Neutral
bisan sin-o,NN,noun,"anybody , whoever",0.0,Neutral
bisaya,JJ,adjective,visayan,0.0,Neutral
bisáya’,JJ,adjective,"visayan, of visayan origin.",0.0,Neutral
bísi,NN,noun,"vice, substitute.",0.0,Neutral
bísi,NN,noun,vice-president.,0.0,Neutral
bisikleta,NN,noun,bicycle,0.0,Neutral
bisikléta,NN,noun,bicycle.,0.0,Neutral
bisikléta,VB,verb,to ride a bicycle.,0.0,Neutral
bisita,NN,noun,guest ; visitor,0.0,Neutral
bisita,NN,noun,visit synonym: duaw,0.0,Neutral
bisíta,NN,noun,"visitor, guest.",0.0,Neutral
bisíta,VB,verb,"to visit, to call upon, to pay a visit.",-0.103,Negative
biskwit,NN,noun,biscuit,0.0,Neutral
bísta,NN,noun,"view, panorama, scene.",0.0,Neutral
bisyo,NN,noun,"bad , wicked , naughty , disobedient",-0.784,Negative
bisyo,VB,verb,to refuse or be disobedient,-0.296,Negative
bísyu,NN,noun,"vice, fault.",-0.402,Negative
bísyu,VB,verb,"to be naughty, to be wicked, to disobey, to fuss.",-0.527,Negative
bís’ak,VB,verb,"of wood, to cleave, to split.",0.0,Neutral
bítad,VB,verb,"to open, to unfold, to spread out so as to see closely.",0.0,Neutral
bitamína,NN,noun,"vitamin, nutrient.",0.296,Positive
bitas,JJ,adjective,injured,-0.402,Negative
bitas,NN,noun,"fissure , mutilation",0.0,Neutral
bitas,VB,verb,"break , rend , sever , split , tear",0.0,Neutral
bitay,VB,verb,"hang , suspend",-0.318,Negative
bítay,VB,verb,"to hang, to string up, to suspend.",-0.318,Negative
bitayan,NN,noun,gallows ; gibbet ; scaffold,0.0,Neutral
bítbit,VB,verb,"to bring along, to carry.",0.0,Neutral
bitik,NN,noun,flea,0.0,Neutral
bitík,NN,noun,"flea, tick.",0.0,Neutral
bitin,NN,noun,snake,0.0,Neutral
bitin,VB,verb,"haul , lift",0.0,Neutral
bitín,NN,noun,snake.,0.0,Neutral
bitok,NN,noun,pinworm,0.0,Neutral
bitoon,NN,noun,( astronomy ) star,0.0,Neutral
bitú’un,NN,noun,star.,0.0,Neutral
bíya’,VB,verb,"to leave behind, to abandon.",-0.477,Negative
biyernes,NN,noun,friday,0.0,Neutral
blángko,JJ,adjective,"expressionless, blank, empty.",-0.202,Negative
blángko,NN,noun,empty space provided on a piece of paper.,-0.202,Negative
blósa,NN,noun,"blouse, top.",0.202,Positive
bobo,VB,verb,to pour out or over,0.0,Neutral
bobo,NN,noun,baptism without ceremony,0.0,Neutral
bodega,NN,noun,"cellar , storeroom , warehouse",0.0,Neutral
bodéga,NN,noun,"warehouse, storage, cellar.",0.0,Neutral
bohawi,NN,noun,"cyclone , whirlwind",0.0,Neutral
bohok,NN,noun,hair,0.0,Neutral
bokabularyo,NN,noun,vocabulary,0.0,Neutral
bokabuláryo,NN,noun,vocabulary.,0.0,Neutral
bokbok,NN,noun,a type of boring insect,-0.318,Negative
bokbok,VB,verb,"crush , grind , mash , pound , powderise",-0.153,Negative
bokhon,JJ,adjective,hairy,0.0,Neutral
boko-boko,NN,noun,ankle,0.0,Neutral
bokol,NN,noun,"bud , flower",0.0,Neutral
bokol,NN,noun,knob,0.0,Neutral
bola,NN,noun,ball,0.0,Neutral
bóla,NN,noun,"ball, round object.",0.0,Neutral
bolkan,NN,noun,volcano,0.0,Neutral
bolkán,NN,noun,volcano.,0.0,Neutral
bómba,NN,noun,"bomb, hand pump for water.",0.0,Neutral
bombéro,NN,noun,fireman.,0.0,Neutral
bombílya,NN,noun,electric bulb.,0.0,Neutral
bómbo,NN,noun,drum.,0.0,Neutral
boradór,NN,noun,eraser.,0.0,Neutral
bórda,NN,noun,"embroidery, design.",0.0,Neutral
bórda,VB,verb,to embroider.,0.0,Neutral
botélya,NN,noun,bottle.,0.0,Neutral
botíka,NN,noun,"medicine store, drug store.",0.0,Neutral
bóto,NN,noun,vote.,0.0,Neutral
bóto,VB,verb,"to vote, to cast a vote.",0.0,Neutral
botones,NN,noun,button,0.0,Neutral
buas,RB,adverb,tomorrow,0.0,Neutral
búbu,VB,verb,"to baptize, to pour water into a container.",0.0,Neutral
bubún,NN,noun,well.,0.273,Positive
bubungán,NN,noun,roof.,0.0,Neutral
budhi,NN,noun,"betrayal , treachery , foul play",-0.34,Negative
budhi,VB,verb,"deceive , betray",-0.784,Negative
búdhi’,NN,noun,"conscience, inner self.",0.0,Neutral
búdhi’,VB,verb,"to betray, to be faithless, to be disloyal.",-0.735,Negative
budiong,NN,noun,trumpet ; horn,0.0,Neutral
búdlay,JJ,adjective,"difficult, hard.",-0.44,Negative
búdlay,VB,verb,"to feel the difficulty, to tire.",-0.34,Negative
budyong,NN,noun,alternative spelling of budióng,0.0,Neutral
bug-at,JJ,adjective,heavy ; hefty,0.0,Neutral
bug-at,NN,noun,gravity,0.0,Neutral
bug-os,JJ,adjective,"complete , whole",0.0,Neutral
bug-os,VB,verb,do something completely,0.0,Neutral
bugá,VB,verb,"to belch forth, to spit out as a volcano.",0.0,Neutral
bugal,JJ,adjective,arrogant,-0.494,Negative
bugál,NN,noun,"pride, haughtiness.",0.34,Positive
bugál,VB,verb,"to be proud, to show off.",0.477,Positive
bugál,JJ,adjective,"plentiful, abundant.",0.0,Neutral
bugál,VB,verb,"to be plentiful, to progress.",0.421,Positive
bugalon,VB,verb,to be or become proud,0.477,Positive
bugas,NN,noun,"milled rice , white rice",0.0,Neutral
bugas,NN,noun,pimple,0.0,Neutral
bugas,VB,verb,to hull rice,0.0,Neutral
bugás,NN,noun,unhusked rice grains.,0.0,Neutral
bugay,NN,noun,"gift , present",0.44,Positive
bugay,NN,noun,donation,0.0,Neutral
bugay,VB,verb,( charitable ) to make a gift or donation,0.681,Positive
bugáy,NN,noun,"grace, bounty, blessing.",0.718,Positive
bugáy,VB,verb,"to shower with blessings, to give grace.",0.743,Positive
buggaitan,JJ,adjective,"prominent , famous , outstanding , excelling , excellent , surpassing others in skill, the best of its kind",0.969,Positive
bugkos,NN,noun,"bundle , parcel",0.0,Neutral
bugkos,VB,verb,to tie,0.0,Neutral
búgkus,NN,noun,"bundle, string used to tie a package.",0.0,Neutral
búgkus,VB,verb,"to bundle together, to tie with a string.",0.0,Neutral
bugnaw,JJ,adjective,"chill , frigidity",0.0,Neutral
búgnu’,VB,verb,"to greet, to speak to, to interact with.",0.318,Positive
búgras,VB,verb,"of string, to break off, to snap off.",0.0,Neutral
bugsay,NN,noun,"oar , paddle",0.0,Neutral
bugsay,VB,verb,to oar or paddle,0.0,Neutral
búgsay,NN,noun,oar.,0.0,Neutral
búgsay,VB,verb,"to row, to strike the water with an oar.",-0.128,Negative
búgsuk,VB,verb,"to erect by driving into the soil, to thrust through with force to make it stand.",0.0,Neutral
búgtaw,VB,verb,"to waken, to awake.",0.0,Neutral
bugto,VB,verb,"break , disconnect",0.0,Neutral
búgtung,JJ,adjective,"alone, one and only.",-0.25,Negative
búgtung,NN,noun,only-child.,0.0,Neutral
búgtu’,VB,verb,"to snap, to break off.",0.0,Neutral
búg’at,JJ,adjective,"heavy, burdensome, cumbersome.",-0.421,Negative
búg’us,JJ,adjective,"entire, complete, whole-hearted.",0.0,Neutral
buhaha,JJ,adjective,"heedless , lavish , prodigal , wasteful",0.0,Neutral
buhaha,JJ,adjective,spendthrift,0.0,Neutral
buhaha,NN,noun,spendthrift,0.0,Neutral
buhahá’,JJ,adjective,"lavish, extravagant, spend-thrift.",0.0,Neutral
buhat,JJ,adjective,"done , finished",0.0,Neutral
buhat,NN,noun,"deed , work , action",0.0,Neutral
buhat,VB,verb,"to act , do , make , perform , accomplish",0.421,Positive
búhat,VB,verb,"to do, to make, to perform.",0.0,Neutral
buháwi’,NN,noun,tornado.,0.0,Neutral
buhi,JJ,adjective,alive antonym: patay,0.382,Positive
buhin,NN,noun,subtraction,0.0,Neutral
buhin,VB,verb,"to lessen , subtract , or diminish",0.0,Neutral
búhin,VB,verb,"to subtract, to deduct, to decrease, to lessen.",0.0,Neutral
buhis,NN,noun,( historical ) a tribute,0.0,Neutral
buhis,NN,noun,"duty , revenue , tax",0.0,Neutral
buhis,NN,noun,toll,0.0,Neutral
buhis,NN,noun,tribute,0.0,Neutral
buhís,NN,noun,"tax, levy.",0.0,Neutral
buhís,VB,verb,to levy tax.,0.0,Neutral
buhí’,JJ,adjective,alive.,0.382,Positive
búhi’,VB,verb,"to set free, to unhand, to ignite as of fire-crackers.",0.511,Positive
buho,NN,noun,"crevice , hole , opening , perforation , pit , vent",0.0,Neutral
buho-buho,NN,noun,"diminutive of búhò : a small hole , perforation , or pore",0.0,Neutral
buhok,NN,noun,alternative spelling of bohók,0.0,Neutral
buhúk,NN,noun,hair on the head.,0.0,Neutral
búhu’,NN,noun,"hole, crevice, aperture.",0.0,Neutral
búhu’,VB,verb,to bore or drill a hole.,-0.25,Negative
buk-on,VB,verb,to cut or open,-0.273,Negative
búkad,VB,verb,"to open, to unfold, to bloom, to undo a package.",0.0,Neutral
bukadkad,VB,verb,"to bloom , blossom , or flower",0.0,Neutral
bukál,NN,noun,"bubble, froth.",0.0,Neutral
bukál,VB,verb,"to boil, to bubble.",0.0,Neutral
bukana,NN,noun,mouth ( of a river ),0.0,Neutral
bukas,JJ,adjective,"candid , open synonym: serado",0.0,Neutral
bukás,JJ,adjective,"opened, candid.",0.0,Neutral
bukás,VB,verb,"to open, to unfold, to begin.",0.0,Neutral
bukaw,NN,noun,owl,0.0,Neutral
búkaw,NN,noun,owl.,0.0,Neutral
buká’,NN,noun,"opening, crack.",0.0,Neutral
buká’,JJ,adjective,"open, cut, split, cracked.",-0.273,Negative
buká’,VB,verb,"to cut open, to crack.",-0.273,Negative
búkbuk,NN,noun,weevil.,0.0,Neutral
búkbuk,VB,verb,"to crash, to grind, to make into powder.",-0.402,Negative
bukid,NN,noun,mountain,0.0,Neutral
bukid,NN,noun,hill synonym: bakolod,0.0,Neutral
búkid,NN,noun,"hill, mountain.",0.0,Neutral
bukidnon,JJ,adjective,"coarse , rough , uncultured , uncouth",0.0,Neutral
bukidnon,NN,noun,mountaineer,0.0,Neutral
buksan,VB,verb,open,0.0,Neutral
búktut,NN,noun,hunchback.,0.0,Neutral
bukú,NN,noun,"node, joint.",0.0,Neutral
bukúbukú,NN,noun,"joint, ankle.",0.0,Neutral
búkud,JJ,adjective,"secure, strong.",0.691,Positive
bukúl,NN,noun,"lump, swelling, protuberance; of plants, bud.",0.0,Neutral
búkut,VB,verb,"to confine, to isolate, to pen or coop up.",-0.202,Negative
búku’,NN,noun,"plan, proposal, intention, proposition.",0.0,Neutral
búku’,VB,verb,"to say, to plan, to think of, to intent to.",0.0,Neutral
bulád,VB,verb,"to spread out, to dry in the sun.",0.0,Neutral
bulador,NN,noun,kite,0.0,Neutral
buladúr,NN,noun,kite.,0.0,Neutral
bulág,NN,noun,"blind, beggar.",-0.402,Negative
bulág,JJ,adjective,"depravity in eyesight, blind.",-0.402,Negative
búlag,VB,verb,"to divorce, to sever, to separate, to depart.",0.0,Neutral
bulahan,JJ,adjective,fortunate,0.44,Positive
buláhan,JJ,adjective,"fortunate, lucky.",0.691,Positive
bulak,NN,noun,"blossom , flower",0.0,Neutral
bulak,VB,verb,"blossom , flower",0.0,Neutral
búlak,NN,noun,"flower, blossom, cotton fibers.",0.0,Neutral
búlak,VB,verb,"to bloom, to flower.",0.0,Neutral
bulak-bulak,NN,noun,diminutive of búlak,0.0,Neutral
bulakbol,NN,noun,truant,0.0,Neutral
bulakbol,VB,verb,to play truant,0.34,Positive
bulákwit,VB,verb,"to snatch, to seize.",0.0,Neutral
bulalakaw,NN,noun,( visayan mythology ) a deity described as a shining bird or human-bird hybrid,0.0,Neutral
bulalakaw,NN,noun,"a meteorite , shooting star",0.0,Neutral
bulan,NN,noun,moon ( largest natural satellite of planet earth ),0.361,Positive
bulan,NN,noun,moon ( any substantially sized natural satellite of a planet ),0.417,Positive
bulan,NN,noun,month ( period into which a year is divided ),0.0,Neutral
búlan,NN,noun,"month, moon.",0.0,Neutral
búlanbulan,RB,adverb,"monthly, every month.",0.0,Neutral
bulang,NN,noun,cockfight,0.0,Neutral
bulang,VB,verb,to cockfight,0.0,Neutral
búlang,VB,verb,to participate in a cockfight.,0.0,Neutral
bulangan,NN,noun,cockpit,0.0,Neutral
búlaw,VB,verb,"to oversleep, to wake up later than usual, to waken late in the day.",0.0,Neutral
bulawan,NN,noun,gold,0.0,Neutral
buláwan,NN,noun,"gold, raw gold metal.",0.0,Neutral
bulawanon,JJ,adjective,golden,0.0,Neutral
bulá’,NN,noun,"bubble, froth, foam.",0.0,Neutral
bulá’,VB,verb,"to bubble, to foam, to spume at the mouth.",0.0,Neutral
búlbug,VB,verb,"to strike repeatedly, to beat against.",-0.128,Negative
bulbul,NN,noun,fine hair,0.202,Positive
bulbul,NN,noun,down ( soft hair of the face when beginning to appear ),0.0,Neutral
bulbul,NN,noun,feathers,0.0,Neutral
bulgár,JJ,adjective,"vulgar, gaudy.",0.0,Neutral
buli,NN,noun,buttock,0.0,Neutral
buli,VB,verb,polish,0.0,Neutral
bulídbulíd,VB,verb,"to crumble, to roll over and over down a slope.",0.0,Neutral
bulig,NN,noun,"aid , help synonym: ayuda",0.402,Positive
búlig,NN,noun,"bunch of banana fruits intact on the trunk, help;  to help, to assist, to aid.",0.735,Positive
buligan,VB,verb,"to aid , to help",0.402,Positive
buling,NN,noun,"spot , stain",0.0,Neutral
buling,VB,verb,"stain , soil , dirty",-0.44,Negative
bulíng,NN,noun,soot.,0.0,Neutral
bulinga,NN,noun,"fish eggs , roe",0.0,Neutral
bulí’,NN,noun,"anus, buttocks, rear.",0.0,Neutral
bulto,NN,noun,"luggage , trunk or box",0.0,Neutral
bulto,NN,noun,a carved statue,0.0,Neutral
búltu,NN,noun,"bulk, big bundle.",0.0,Neutral
buluadan,NN,noun,where animals are bred,0.0,Neutral
buluhatan,NN,noun,workshop,0.0,Neutral
buluhaton,NN,noun,errand ; task,0.0,Neutral
bulukutan,NN,noun,"enclosure , pen",0.0,Neutral
bululngan,NN,noun,"clinic , hospital , medical center",0.0,Neutral
bululngon,NN,noun,sick person,-0.511,Negative
bulunakan,NN,noun,"laundry , laundry room , wash",0.0,Neutral
bulung,NN,noun,"drug , medicine",0.0,Neutral
bulung,VB,verb,"spin , rotate",0.0,Neutral
bulúng,NN,noun,"medicine, drug, cure.",0.0,Neutral
bulúng,VB,verb,"to cure, to doctor.",0.0,Neutral
bulungan,NN,noun,"spindle , spinning wheel",0.0,Neutral
bulus,NN,noun,the beginning of a flood in a flooded river,0.0,Neutral
bulus,NN,noun,bale,0.0,Neutral
bulus,VB,verb,to substitute,0.0,Neutral
bulutangan,NN,noun,"holder , rack",0.0,Neutral
buluthoan,NN,noun,"place of reunion , meetinghouse",0.0,Neutral
buluthoan,NN,noun,"school synonyms: eskuwela , eskuwelahan",0.0,Neutral
bumulutho,NN,noun,"schoolboy , schoolgirl , student",0.0,Neutral
bun-ag,NN,noun,birth,0.0,Neutral
bun-ag,NN,noun,( medicine ) delivery,0.0,Neutral
búnak,VB,verb,"to wet, to dampen.",0.0,Neutral
búnak,JJ,adjective,wet.,0.0,Neutral
bunál,NN,noun,"whip, lash.",0.0,Neutral
bunál,VB,verb,"to trash, to strike with a whip.",-0.128,Negative
bunang,NN,noun,"thread , yarn",0.0,Neutral
bunáyag,JJ,adjective,"cordial, gracious.",0.557,Positive
bunayag makig-atubang,JJ,adjective,genial,0.421,Positive
bunayag sing kabubut-on,JJ,adjective,cordial,0.0,Neutral
bundul,JJ,adjective,"slow , dull , deliberate in action",-0.402,Negative
búndul,JJ,adjective,"slow, tardy.",0.0,Neutral
búnga,NN,noun,"fruit, consequence, result.",0.0,Neutral
búnga,VB,verb,"to bear fruit, to result in.",0.0,Neutral
bungalon,NN,noun,"( botany ) vetiver grass , zacate grass",0.0,Neutral
bungansiso,NN,noun,whale,0.0,Neutral
bungát,VB,verb,"to speak out, to utter.",0.0,Neutral
bunggo,VB,verb,"bump , collide",-0.077,Negative
bunggo,VB,verb,shove or throw with force,0.0,Neutral
búnggu’,VB,verb,"to bump against, to push against something with force.",0.0,Neutral
bunghay,NN,noun,a party or group of people,0.402,Positive
bunghay,NN,noun,"troop , division",0.0,Neutral
bunghay,NN,noun,sect,0.0,Neutral
búnghay,NN,noun,"part, division.",0.0,Neutral
búnghay,VB,verb,"to form a part of, to become divided.",0.0,Neutral
bungil,NN,noun,harelip,0.0,Neutral
búngkag,VB,verb,"to demolish, to take apart, to destroy, to dismantle.",-0.542,Negative
bungot,NN,noun,beard,0.0,Neutral
búngtud,NN,noun,"low elevation of the ground, an elevation lower than a hill, slope.",-0.511,Negative
bungul,JJ,adjective,deaf,0.0,Neutral
bungul,NN,noun,a piece of bamboo,0.0,Neutral
bungúl,NN,noun,deaf.,0.0,Neutral
búngut,NN,noun,"beard, whiskers, moustache.",0.0,Neutral
bunit,NN,noun,"( fishing ) : angle , hook",0.0,Neutral
bunit,VB,verb,( fishing ) : to angle or hook,0.0,Neutral
bunít,NN,noun,"fish hook, angle.",0.0,Neutral
bunít,VB,verb,"to hook, to fish, to angle.",0.0,Neutral
búnlaw,VB,verb,"to rinse, to finish washing with clean water.",0.402,Positive
buntug,NN,noun,stye,0.0,Neutral
buntug,VB,verb,"to bite , strike ( of snakes )",-0.128,Negative
búntul,VB,verb,"to throw to the ground, to attack with force so as to offset the balance.",-0.477,Negative
búnuk,NN,noun,"heavy rain, downpour.",0.0,Neutral
búnuk,VB,verb,to rain heavily.,0.0,Neutral
bunút,NN,noun,"coconut husk, scrub made from coconut husk.",0.0,Neutral
bunút,VB,verb,"to remove the husk from a coconut, to scrub the floor with a coconut husk.",0.0,Neutral
bunú’,VB,verb,"to stab with a sharp instrument, to pierce.",-0.586,Negative
bunyag,NN,noun,baptism,0.0,Neutral
búnyag,NN,noun,baptism.,0.0,Neutral
búnyag,VB,verb,"to sprinkle, to water plants‚ to baptize.",0.0,Neutral
bún’ag,VB,verb,to dry in the sun.,0.0,Neutral
burangos,NN,noun,beard,0.0,Neutral
burará’,JJ,adjective,"extravagant, lavish.",0.0,Neutral
búrhut,VB,verb,"to fizz out, to puff.",0.0,Neutral
burnil,VB,verb,to polish ; to shine,0.0,Neutral
burus,NN,noun,blister,0.0,Neutral
bus,NN,noun,"bus, public vehicle.",0.0,Neutral
bus-og,JJ,adjective,"pure , unadulterated ,",0.0,Neutral
bus-og,JJ,adjective,unalloyed,0.0,Neutral
busa,RB,adverb,"hence , so , therefore",0.0,Neutral
busal,NN,noun,"bridle , muzzle",0.0,Neutral
busál,NN,noun,"of dogs, mouth cover to prevent biting.",0.026,Neutral
busay,NN,noun,waterfall synonym: talogan,0.0,Neutral
busay,NN,noun,spring synonym: bukal,0.0,Neutral
busáy,NN,noun,"waterfall, spring.",0.0,Neutral
busá’ag,VB,verb,"to scatter into different directions, to break into pieces and scatter, to burst.",0.0,Neutral
búsbus,VB,verb,"to cut open, to perform a caesarian operation.",-0.273,Negative
búsdik,VB,verb,to split or burst open.,0.0,Neutral
busgon,JJ,adjective,satiated,0.0,Neutral
busilak,NN,noun,"limestone , marble",0.0,Neutral
busisí’,JJ,adjective,"scrupulous, meticulous.",0.0,Neutral
búskad,VB,verb,"to spread open as in a flower, to unfold.",0.0,Neutral
buslot,NN,noun,"aperture , hole",0.0,Neutral
buslot,NN,noun,"rent , gash",0.0,Neutral
búslut,VB,verb,"to have a rent, to have a hole through the bottom.",0.0,Neutral
busol,NN,noun,seed synonym: liso,0.0,Neutral
busong,JJ,adjective,pregnant synonym: mabdos,0.0,Neutral
busug,JJ,adjective,"satiated , satisfied",0.421,Positive
busug,JJ,adjective,excruciating or painful,-0.802,Negative
busúg,JJ,adjective,"satiated, full, satisfied with food.",0.421,Positive
búsul,NN,noun,seed.,0.0,Neutral
busún,NN,noun,mailbox.,0.0,Neutral
busung,JJ,adjective,alternative spelling of busong ( “ pregnant ” ),0.0,Neutral
busúng,JJ,adjective,"pregnant, with child.",0.0,Neutral
busúng,VB,verb,to be pregnant.,0.0,Neutral
búswang,VB,verb,to break or burst and discharge pus.,0.0,Neutral
bús’ak,VB,verb,"to chop wood, to chop wood for firewood.",0.0,Neutral
butad,JJ,adjective,"dark brown , dun",0.0,Neutral
butakal,NN,noun,boar,0.0,Neutral
butang,NN,noun,"item , matter , stuff , thing",0.026,Neutral
butang,NN,noun,place,0.0,Neutral
butang,VB,verb,"to place an object, usually on a surface",0.0,Neutral
butáng,NN,noun,"thing, object.",0.0,Neutral
butáng,VB,verb,"to put down, to lay on a place.",0.0,Neutral
butang-butang,NN,noun,"calumny , libel , or slander",0.0,Neutral
butángbútang,NN,noun,"rumor, false accusation.",-0.25,Negative
butángbútang,VB,verb,"to slander, to backbite, to spread false rumors.",0.0,Neutral
butho,VB,verb,"to visit ; to frequent synonyms: bisita , duaw",0.0,Neutral
butho,VB,verb,to go to school synonym: eskuwela,0.0,Neutral
búthu’,VB,verb,"to go to school, to study, to learn.",0.0,Neutral
buti,JJ,adjective,cracked or split,0.0,Neutral
buti,NN,noun,cataract,0.0,Neutral
buti,VB,verb,frolic or play,0.34,Positive
butí,NN,noun,small pox.,0.0,Neutral
butig,NN,noun,"lie , untruth",0.0,Neutral
butíg,NN,noun,"lie, falsehood.",0.0,Neutral
butíg,JJ,adjective,"liar, sly.",-0.511,Negative
butíg,VB,verb,"to tell a lie, to make a false statement.",0.0,Neutral
butigon,JJ,adjective,"misleading , sly",-0.402,Negative
butigon,NN,noun,"liar , fibber",-0.511,Negative
butiti,NN,noun,pufferfish,0.0,Neutral
butí’,VB,verb,to pop like a corn or rice.,0.361,Positive
butkon,NN,noun,( anatomy ) arm,0.0,Neutral
bútkun,NN,noun,arm.,0.0,Neutral
bútlak,VB,verb,"of the sun, to rise.",0.0,Neutral
buto,NN,noun,( anatomy ) penis,0.0,Neutral
butok,VB,verb,to make or force an animal to lie down on its side,0.0,Neutral
butok-butok,JJ,adjective,diligent,0.0,Neutral
butok-butok,VB,verb,diminutive of butók,0.0,Neutral
butónes,NN,noun,button.,0.0,Neutral
butúd,JJ,adjective,"bloated, distended.",0.0,Neutral
butúd,VB,verb,"to become bloated, to suffer from the wind.",-0.542,Negative
bútung,VB,verb,"to pull, to drag.",-0.226,Negative
butwas,VB,verb,raise something to the surface,0.0,Neutral
bútyag,VB,verb,"to tell others, to disclose, to let out a secret.",0.0,Neutral
buung,JJ,adjective,"broken , smashed",-0.477,Negative
buung,VB,verb,"to break into fragments , ruin , smash",-0.586,Negative
buy-an,VB,verb,"escape , to let to get away",0.178,Positive
búya,NN,noun,"bribe, fix.",-0.202,Negative
búya,VB,verb,"to bribe, to buy like a person in marriage, to offer a dowry.",0.178,Positive
buyagyag,VB,verb,"betray , expose , make public , tell",-0.7,Negative
buyánbuyań,JJ,adjective,"ne’er do well, neglectful.",-0.226,Negative
buyánbuyań,VB,verb,"to neglect, to be nonchalant, to be unconcerned.",-0.599,Negative
buyáyag,VB,verb,"to show up, to expose, to disclose a confidential matter.",-0.128,Negative
buyayaw,VB,verb,to curse ; to swear,-0.572,Negative
buyáyaw,VB,verb,"to abuse in strong language, to curse, to scold, to use swear words.",-0.807,Negative
buylog,VB,verb,accompany,0.0,Neutral
buylog,VB,verb,sympathize,0.0,Neutral
búylug,VB,verb,"to accompany, to join, to group together.",0.296,Positive
buyog,NN,noun,bee ( insect ),0.0,Neutral
buyot,VB,verb,"cling , clutch ,",0.0,Neutral
buyot,VB,verb,"to grasp , grip , or hold fast",0.0,Neutral
buyug,NN,noun,wasp,0.0,Neutral
buyúg,NN,noun,bumblebee.,0.0,Neutral
búyuk,VB,verb,"to bend, to curve, to incline, to persuade.",0.0,Neutral
búyut,VB,verb,"to grasp firmly, to hold onto.",0.0,Neutral
bú’ang,JJ,adjective,"fool, stupid, crazy.",-0.827,Negative
bú’ang,NN,noun,"fool, simpleton, idiot.",-0.735,Negative
bu’áya,NN,noun,"alligator, crocodile.",0.0,Neutral
bu’úl,NN,noun,heel.,0.0,Neutral
bú’ung,VB,verb,"to break into small pieces, to scatter into fragments.",0.0,Neutral
bu’út,NN,noun,"will, wants, desire, wish.",0.66,Positive
bu’út,VB,verb,"to will, to desire, to wish, to do as one pleases.",0.796,Positive
bú’ut,JJ,adjective,"kind, amiable, considerate.",0.743,Positive
bwás,RB,adverb,"tomorrow, next day.",0.0,Neutral
bwélta,VB,verb,"to return, to come back, to retrace steps.",0.0,Neutral
byáhe,NN,noun,"trip, journey, voyage.",0.0,Neutral
byérnes,NN,noun,friday.,0.0,Neutral
byólin,NN,noun,violin.,0.0,Neutral
daan,JJ,adjective,old,0.0,Neutral
daan,JJ,adjective,used ; worn-out,0.0,Neutral
daan,RB,adverb,beforehand,0.0,Neutral
daan,RB,adverb,first of all,0.0,Neutral
daan,RB,adverb,right away,0.0,Neutral
daay,NN,noun,a lump of earth,0.0,Neutral
dab-ot,VB,verb,to reach out,0.026,Neutral
dab-ot,VB,verb,stretch,0.0,Neutral
dabadaba,NN,noun,kindling,0.0,Neutral
dabádabá,NN,noun,"blaze, flame.",0.0,Neutral
dabádabá,VB,verb,"to flare up, to blaze, to be on fire.",-0.34,Negative
dabdab,VB,verb,"kindle , light",0.0,Neutral
dábdab,NN,noun,"flare, flame, blaze.",0.0,Neutral
dábdab,VB,verb,"to flare up, to blaze, to be on fire.",-0.34,Negative
dabudabu,NN,noun,shower,0.0,Neutral
dabúdabú,NN,noun,"shower, drizzle.",0.0,Neutral
dábuk,VB,verb,"to kindle a fire, to build a fire, to ignite.",-0.586,Negative
dado,NN,noun,a young fish,0.0,Neutral
dag-on,NN,noun,"season , year",0.0,Neutral
dag-on,VB,verb,"( passive voice ) overcome , conquer",0.202,Positive
dagaang,JJ,adjective,"red , scarlet",0.0,Neutral
dagami,NN,noun,hay ; straw,0.0,Neutral
dagámi,NN,noun,"hay, straw.",0.0,Neutral
dagangbulan,NN,noun,march,0.0,Neutral
dagangdang,JJ,adjective,"red , scarlet",0.0,Neutral
dagas,VB,verb,to gather fruit,0.0,Neutral
dagas,NN,noun,windfall,0.0,Neutral
dagat,NN,noun,"ocean , sea , saltwater",0.0,Neutral
dagat,VB,verb,to be seasick,0.0,Neutral
dagát,NN,noun,"seasickness, nausea.",0.0,Neutral
dagát,VB,verb,"to be seasick, to be nauseated.",0.0,Neutral
dágat,NN,noun,"sea, ocean.",0.0,Neutral
dágat,DT,deictic,,0.0,Neutral
dagaya,NN,noun,abundance,0.0,Neutral
dagáya’,JJ,adjective,"many, plentiful, teeming, swarming.",0.0,Neutral
dágdag,NN,noun,"addition, native term for extra pieces given of items purchased.",0.0,Neutral
dágdag,VB,verb,"to let fall, to drop, to add something extra to a purchase.",-0.273,Negative
daginit,JJ,adjective,"( of wind ) gentle , soft , mild , tender , warm",0.586,Positive
dagotdot,NN,noun,debris or refuse on a beach,-0.296,Negative
dagotdot,NN,noun,rain,0.0,Neutral
dagotdot,NN,noun,a kind of grass,0.0,Neutral
dagpi’,NN,noun,"rap, tap, pat.",0.0,Neutral
dagpi’,VB,verb,"to rap, to tap, to pat.",0.0,Neutral
dagsang,VB,verb,to fester,0.0,Neutral
dagsa’,VB,verb,"to transfer, to be washed ashore, to flow with the current.",0.0,Neutral
dagta,NN,noun,sap,0.0,Neutral
dágta’,NN,noun,"sap, stain, sticky sap of plants, mark.",0.0,Neutral
dágta’,VB,verb,"to stain, to blot, to mar.",0.0,Neutral
dagum,NN,noun,"sewing needle, injection needle.",0.0,Neutral
dagum,NN,noun,needle,0.0,Neutral
dagumak,VB,verb,to wear out from frequent use,0.0,Neutral
daguob,NN,noun,thunder,0.0,Neutral
dagusu’,VB,verb,"to swarm, to move in a crowd.",0.0,Neutral
dagutdut,NN,noun,alternative spelling of dagótdot,0.0,Neutral
dagu’ub,NN,noun,thunder.,0.0,Neutral
dagu’ub,VB,verb,to thunder.,0.0,Neutral
dagway,NN,noun,"appearance , conformation , countenance , guise",0.0,Neutral
dagway,NN,noun,"contour , feature , shape , surface",0.0,Neutral
dagway,NN,noun,"cut , figure , image , likeness",-0.273,Negative
dagway,NN,noun,"species , type",0.0,Neutral
dágway,NN,noun,"facial expression, shape, posture.",0.0,Neutral
dagway nga makahuhuya,JJ,adjective,shabby,0.0,Neutral
dagyang,VB,verb,"enjoy oneself , frolic",0.494,Positive
dahog,NN,noun,"shoot , tendril",-0.34,Negative
dahog,VB,verb,to slide or skid ; skidding,0.0,Neutral
dahon,NN,noun,"frond , leaf ( part of a plant )",0.0,Neutral
dahon-dahon,NN,noun,"mantis , praying mantis",0.361,Positive
dahúm,NN,noun,"expectations, anticipation.",0.103,Positive
dahúm,VB,verb,walá’ akú nagdahúm nga ma’abút ka.,0.0,Neutral
dáhun,NN,noun,leaf.,0.0,Neutral
dahú’,VB,verb,"to receive, to accept, to take form.",0.382,Positive
dakbanwa,NN,noun,city synonym: siyudad,0.0,Neutral
dakbánwa,NN,noun,city.,0.0,Neutral
dakhari,NN,noun,emperor synonym: emperador coordinate term: dakhara,0.0,Neutral
dakpulu,NN,noun,continent synonym: kontinente,0.0,Neutral
daku,JJ,adjective,"big , large",0.0,Neutral
daku,NN,noun,bulk,0.0,Neutral
daku,NN,noun,"flame , light",0.0,Neutral
daku,NN,noun,a copper coin that is now out of circulation,0.0,Neutral
daku kaayo,JJ,adjective,very big,0.0,Neutral
daku kaayo,JJ,adjective,exceptionally large,0.0,Neutral
daku kaayo,JJ,adjective,ponderous,0.0,Neutral
daku-daku,JJ,adjective,diminutive of daku,0.0,Neutral
dakup,VB,verb,"to catch , to apprehend , to arrest , to capture",-0.34,Negative
dakúp,VB,verb,"to catch, to trap, to snare, to capture, to arrest.",-0.572,Negative
dakú’,JJ,adjective,"big, bulky, huge, great.",0.751,Positive
dakú’,VB,verb,"to become big, to make big.",0.0,Neutral
dal-ok,NN,noun,"blister , pustule",0.0,Neutral
dala,VB,verb,"to bring , carry",0.0,Neutral
dalá,VB,verb,"to bring, to carry, to transmit.",0.0,Neutral
dalá,NN,noun,"packages, things being carried, load.",0.0,Neutral
dalag,JJ,adjective,"coward , yellow-bellied",-0.459,Negative
dalág,JJ,adjective,yellow.,0.0,Neutral
dalaga,NN,noun,dame,0.0,Neutral
dalága,NN,noun,"unmarried girl, between the age of about fifteen to thirty.",0.0,Neutral
dalágan,VB,verb,"to run, to dash, to dart, to scamper.",0.0,Neutral
dalagita,NN,noun,"maid , a girl",0.0,Neutral
dalagíta,NN,noun,young girl between the age of ten years old to about fifteen years old.,0.0,Neutral
dalagku,JJ,adjective,"big , large",0.0,Neutral
dalakpon,NN,noun,"malefactor , outlaw",0.0,Neutral
dalamgohanon,NN,noun,"dream , reverie",0.25,Positive
dalamhak,JJ,adjective,wayward,0.0,Neutral
dalámhak,JJ,adjective,"wayward, disobedient, untoward.",0.0,Neutral
dalan,NN,noun,"path , way synonym: banas",0.0,Neutral
dalan,NN,noun,"road , street synonyms: kalye , karsada",0.0,Neutral
dálan,NN,noun,"street, road, path, cleared path.",0.103,Positive
dalanawan,NN,noun,swamp,0.0,Neutral
dalándan,VB,verb,"to descend quickly, to hurry down the stairs, to slide down the bannister.",0.0,Neutral
dalándan,DT,deictic,,0.0,Neutral
dalang-dalang,JJ,adjective,astray,0.0,Neutral
dalang-dalang,VB,verb,to lose one's way,-0.402,Negative
dálangdálang,VB,verb,"to lose oneself, to lose one’s way.",-0.66,Negative
dalasaon,NN,noun,"assail , crash",-0.402,Negative
dalaw,NN,noun,visit synonym: duaw,0.0,Neutral
dalaw,VB,verb,to visit,0.0,Neutral
daláwat,VB,verb,"to buy cereal, especially rice or corn.",0.0,Neutral
dalayap,NN,noun,key lime,0.0,Neutral
daldal,VB,verb,"implicate , involve",0.0,Neutral
daldal,VB,verb,"( of wind, waves ) push , impel",0.0,Neutral
dáldal,VB,verb,"to backbite, to spread false malicious talk, to talk against.",0.0,Neutral
dalhon,VB,verb,bring,0.0,Neutral
dali,RB,adverb,"immediately , quickly , hurriedly",0.0,Neutral
dalimuos,NN,noun,( of wind ) gust,0.0,Neutral
dalimuos,NN,noun,a fit of anger or passion,0.202,Positive
dalin-as,VB,verb,slip,0.0,Neutral
dalisay,JJ,adjective,strong,0.511,Positive
dalísay,JJ,adjective,"pure, immaculate, untainted.",0.0,Neutral
dalitan,JJ,adjective,"poisonous , venomous",-0.572,Negative
dalí’,RB,adverb,"immediately, hurriedly, quickly.",0.0,Neutral
dalí’,JJ,adjective,"quick, immediate.",0.0,Neutral
dalí’,VB,verb,"to be quick, to hurry, to hasten.",0.0,Neutral
dalo,VB,verb,"to caress , to fondle",0.0,Neutral
dalok,JJ,adjective,"greedy , gluttonous",-0.318,Negative
dalok,NN,noun,glutton,0.0,Neutral
dalok,VB,verb,to be greedy,-0.318,Negative
dalúdo,VB,verb,"to swell, to rise, to become flooded.",0.0,Neutral
dalúk,JJ,adjective,"selfish, greedy, glutton.",-0.66,Negative
dalum,JJ,adjective,( of depth ) deep,0.0,Neutral
dalum,JJ,adjective,"( of thoughts ) deep , profound , insightful",0.0,Neutral
dalum,VB,verb,deepen,0.0,Neutral
dálum,JJ,adjective,deep.,0.0,Neutral
dálum,VB,verb,"to deepen, to become deep.",0.0,Neutral
dalúndun,VB,verb,"to carry, to push along, to use water or slimy substance to push an object or food down the throat.",0.0,Neutral
dalunggan,NN,noun,( anatomy ) ear,0.0,Neutral
dalú’,VB,verb,"to caress, to fondle.",0.0,Neutral
damak,JJ,adjective,"dirty , slovenly , untidy",-0.44,Negative
damak,JJ,adjective,( derogatory ) sluttish,-0.494,Negative
daman,VB,verb,sleeptalk,0.0,Neutral
damán,NN,noun,nightmare.,0.0,Neutral
damán,VB,verb,to have a nightmare.,0.0,Neutral
damang,NN,noun,spider,0.0,Neutral
damáng,NN,noun,spider.,0.0,Neutral
damgo,NN,noun,dream,0.25,Positive
damgohon,VB,verb,to dream,0.25,Positive
dámgu,NN,noun,dream.,0.25,Positive
dámgu,VB,verb,"to dream, to have a dream.",0.459,Positive
dámhag,VB,verb,"to fall headlong, to fall on one’s face.",0.0,Neutral
damo,VB,verb,"to increase , multiply",0.318,Positive
damol,NN,noun,thickness antonym: nipis,0.0,Neutral
damot,NN,noun,vegetable,0.0,Neutral
dampig,VB,verb,"aid , help , support",0.66,Positive
dámpig,VB,verb,"to help, to aid, to side with.",0.402,Positive
damúg,NN,noun,"of pigs, food.",0.0,Neutral
damuhál,JJ,adjective,"rude, unrefined in social manners.",-0.459,Negative
dámul,JJ,adjective,"thick, dense, bulky.",0.0,Neutral
dámu’,JJ,adjective,"many, plenty.",0.0,Neutral
dámu’,VB,verb,"to be many, to augment in number, to increase.",0.382,Positive
danaw,NN,noun,"pool , puddle",0.0,Neutral
dangat,VB,verb,"to acquire , gain",0.527,Positive
dangat,VB,verb,"to obtain , procure , secure",0.34,Positive
dangat,VB,verb,to win,0.586,Positive
dángat,VB,verb,"to reach, to acquire, to get at, to secure, to take hold of.",0.361,Positive
dángat,DT,deictic,,0.0,Neutral
danggot,VB,verb,wean,0.0,Neutral
dangog,NN,noun,scurf,0.0,Neutral
dangúp,VB,verb,"to take refuge, to cover, to shelter, to appeal.",0.0,Neutral
danlug,NN,noun,slipperiness or greasiness,0.0,Neutral
dánlug,VB,verb,"to slide, to slip.",0.0,Neutral
dapa-dapa,NN,noun,sole,0.0,Neutral
dapádapá,NN,noun,sole of the feet.,0.0,Neutral
dapat,JJ,adjective,eligible,0.0,Neutral
dapat,JJ,adjective,"appropriate , fit , proper",0.361,Positive
dápat,VB,verb,"to be necessary, to be fit, to apply, to use.",0.361,Positive
dapaw,NN,noun,flea ; tick,0.0,Neutral
dápaw,NN,noun,chicken flea.,0.0,Neutral
dapay,NN,noun,"hawk , bird of prey",0.0,Neutral
dapáy,NN,noun,hawk.,0.0,Neutral
dapig,NN,noun,"companion , partner",0.0,Neutral
dapig,NN,noun,pair,0.0,Neutral
dapig,VB,verb,"aid , assist , help",0.402,Positive
dapit,JJ,adjective,"close , near , nearby",0.0,Neutral
dapit,VB,verb,invite,0.153,Positive
dapít,JJ,adjective,near.,0.0,Neutral
daplos,NN,noun,"slip , slipping synonym: dapyos",0.0,Neutral
dáplus,VB,verb,"to slide off, to stray.",0.0,Neutral
dapúg,NN,noun,"stove, fireplace, fire pit.",-0.34,Negative
dápu’,VB,verb,"to alight, to attack, to gather around as of birds.",-0.477,Negative
dápyus,VB,verb,"to slide, to stray.",0.0,Neutral
dáp’ung,NN,noun,bonfire.,0.0,Neutral
dáp’ung,VB,verb,"to build a bonfire, to put on fire.",-0.34,Negative
daroos,NN,noun,a severe cough,-0.382,Negative
daroos,VB,verb,cough,0.0,Neutral
dasig,JJ,adjective,quick,0.0,Neutral
dasig,VB,verb,hasten,0.0,Neutral
dásig,RB,adverb,"quickly, faster.",0.0,Neutral
dásig,JJ,adjective,"fast, quick.",0.0,Neutral
dásig,VB,verb,"to do something with speed and promptness, to hasten.",0.0,Neutral
daskon,VB,verb,cram,0.0,Neutral
dasúk,VB,verb,"to fill, to crowd.",0.0,Neutral
dasún,RB,adverb,next.,0.0,Neutral
dasún,JJ,adjective,"later, next, to come after.",0.0,Neutral
dasú’dasú’,JJ,adjective,"impulsive, temperamental, risky.",-0.202,Negative
dasú’dasú’,VB,verb,"to risk, to rush into without thought of consequences.",-0.273,Negative
dás’il,VB,verb,"to injure, to lacerate, to throw against.",0.0,Neutral
datilis,NN,noun,date palm,0.0,Neutral
daug,VB,verb,"defeat , succeed , triumph , win",0.796,Positive
daut,VB,verb,to injure ; to harm,-0.542,Negative
daut,VB,verb,to damage,-0.494,Negative
daut,VB,verb,to impair,0.0,Neutral
daut,VB,verb,to spoil,0.0,Neutral
daut,VB,verb,to do harm ; to cause detriment,-0.542,Negative
dawat,VB,verb,"to accept , to receive",0.382,Positive
dawat,VB,verb,to regain one's appetite,0.0,Neutral
dawdaw,VB,verb,"turn , spin",0.0,Neutral
dawdawan,NN,noun,"machine , mill",0.0,Neutral
dawhat,VB,verb,receive,0.0,Neutral
dayan,NN,noun,"stroll , walk synonym: lagaw",0.0,Neutral
dayán,VB,verb,"to walk or stroll about, to promenade.",0.0,Neutral
dayán,DT,deictic,,0.0,Neutral
dayáw,JJ,adjective,"capricious, vain.",-0.421,Negative
dáyaw,VB,verb,"to praise, to commend, to appreciate, to extol.",0.848,Positive
dáya’,NN,noun,"deceit, trick, dishonesty.",-0.494,Negative
dáya’,JJ,adjective,"cheat, dishonest.",-0.772,Negative
dáya’,VB,verb,"to trick, to cheat, to deceive.",-0.71,Negative
dayok,NN,noun,a preparation of salted fish,0.0,Neutral
dáyun,VB,verb,"to continue, to come in, to spend some time on.",0.0,Neutral
dá’an,JJ,adjective,"old, used, worn out.",-0.296,Negative
dá’an,RP,particle,"beforehand, first of all, right away.",0.0,Neutral
da’ígun,NN,noun,christmas carol.,0.0,Neutral
da’ígun,VB,verb,to sing christmas carols.,0.0,Neutral
da’úg,NN,noun,"gain, winnings.",0.784,Positive
da’úg,VB,verb,"to win, to be superior, to overcome, to overthrow.",0.807,Positive
dá’ut,VB,verb,"to injure, to hurt, to harm, to damage.",-0.878,Negative
de,RP,particle,"of, with.",0.0,Neutral
debosyon,NN,noun,devotion or piety,0.459,Positive
debóto,JJ,adjective,"devout, fervent.",0.273,Positive
debúhu,NN,noun,"design, embroidery.",0.0,Neutral
dedal,NN,noun,thimble,0.0,Neutral
dekolór,JJ,adjective,"multi-colored, colored.",0.0,Neutral
dekorá,VB,verb,"to decorate, to put on ornaments.",0.0,Neutral
delana,JJ,adjective,woolen,0.0,Neutral
delargo,NN,noun,"pants , trousers",0.0,Neutral
delárgo,NN,noun,long pants for men.,0.0,Neutral
demokrásya,NN,noun,democracy.,0.0,Neutral
demónyo,NN,noun,"devil, satan.",-0.66,Negative
dentísta,NN,noun,dentist.,0.0,Neutral
depekto,NN,noun,"defect , flaw",-0.34,Negative
desgrásya,NN,noun,"disaster, accident, disgrace.",-0.886,Negative
desgrásya,VB,verb,"to have an accident, to have an unfortunate experience.",-0.727,Negative
desisyón,NN,noun,decision.,0.0,Neutral
desisyón,VB,verb,"to make a decision, to decide.",0.0,Neutral
deskarga,VB,verb,discharge or fire a weapon,-0.557,Negative
deskarga,VB,verb,( sailing ) unload,0.0,Neutral
destíno,NN,noun,"destination, assignment for place of work.",0.0,Neutral
desyémbre,NN,noun,december.,0.0,Neutral
de’ílo,NN,noun,"linen cloth, white linen pair of pants.",0.0,Neutral
dí,DT,deictic,short form of dirí.,0.0,Neutral
dibuho,NN,noun,"design , draft",0.0,Neutral
didál,NN,noun,thimble.,0.0,Neutral
dídtu,DT,deictic,over there.,0.0,Neutral
digamohan,NN,noun,"fireplace , hearth , kitchen",0.0,Neutral
diin,RB,adverb,where,0.0,Neutral
diin,RB,adverb,there,0.0,Neutral
diksyonáryo,NN,noun,dictionary.,0.0,Neutral
dikta,VB,verb,dictate,0.0,Neutral
díkta,VB,verb,"to dictate, nagdíkta ang ma’éstra sa kláse.",0.0,Neutral
dilántu,VB,verb,"to expand in business, to improve in the family standard of living, to progress.",0.791,Positive
dílap,VB,verb,"to lick, to lap, to drawl the tongue like a dog.",0.361,Positive
díla’,NN,noun,tongue.,0.0,Neutral
díli’,VB,verb,"to forbid, to prohibit.",-0.318,Negative
díli’,DT,deictic,,0.0,Neutral
dimaisip,JJ,adjective,"countless , innumerable",0.0,Neutral
dimalas,JJ,adjective,unlucky ; unfortunate,-0.459,Negative
dimasaysay,JJ,adjective,"inexplicable , mysterious",0.0,Neutral
dimát,VB,verb,"to attract, to draw attention to, to allure.",0.361,Positive
dimatarung,JJ,adjective,dishonest,-0.572,Negative
dimatarung,JJ,adjective,"unfair , unjust , wicked , wrong",-0.917,Negative
dimatarung,JJ,adjective,injurious,0.0,Neutral
dimatungkad,JJ,adjective,"bottomless , inscrutable , unfathomable",0.0,Neutral
dinalan,NN,noun,"sentence , word . verse",0.077,Positive
dinamita,NN,noun,dynamite,0.178,Positive
díngding,NN,noun,wall of a building.,0.0,Neutral
dingot,JJ,adjective,"disgruntled , miserly , stingy",-0.612,Negative
dingot,VB,verb,the act of being stingy,-0.382,Negative
dingút,JJ,adjective,"stingy, miserly, selfish.",-0.796,Negative
dinuagan,NN,noun,"painting , picture",0.0,Neutral
dioktok,NN,noun,seashells,0.0,Neutral
diosnon,JJ,adjective,"divine , godly , godlike , pious",0.557,Positive
diosnon,JJ,adjective,devout,0.0,Neutral
dipaha,JJ,adjective,made of straw,0.0,Neutral
dipaha,NN,noun,straw,0.0,Neutral
diperensya,NN,noun,difference,0.0,Neutral
diperensya,NN,noun,controversy or quarrel,0.0,Neutral
dira,RB,adverb,"there , yonder",0.0,Neutral
dirá’,DT,deictic,"there (near the listener, but far from the speaker).",0.0,Neutral
direktór,NN,noun,director.,0.0,Neutral
diri,DT,deictic,here.,0.0,Neutral
diruskas,NN,noun,screw,-0.103,Negative
dis-og,VB,verb,"jostle , push",0.0,Neutral
disgrasya,NN,noun,"accident , mishap",-0.477,Negative
disgústo,VB,verb,"to be disgusted, to have a misunderstanding, to bear ill-feelings.",-0.735,Negative
disimulár,VB,verb,"to overlook, to let pass, to make unnoticeable, to cover up.",0.0,Neutral
disiplína,NN,noun,discipline.,0.0,Neutral
diskurso,NN,noun,speech,0.0,Neutral
diskúrso,NN,noun,"speech, talk.",0.0,Neutral
diskúrso,VB,verb,"to give a speech, to talk formally.",0.0,Neutral
diskusyon,NN,noun,"debate , discussion",0.0,Neutral
disprás,NN,noun,masquerade.,0.0,Neutral
distansya,NN,noun,"distance , remoteness",0.0,Neutral
distansya,NN,noun,an interval of time or space,0.0,Neutral
distrito,NN,noun,"territory , province , district",0.0,Neutral
dís’ug,VB,verb,"to push, to jostle, to shove.",0.0,Neutral
ditil,NN,noun,clitoris,0.0,Neutral
diwal,NN,noun,a type of seashell,0.0,Neutral
diwál,JJ,adjective,lapping tongue.,0.0,Neutral
diwál,VB,verb,"to let the tongue hang out like a dog, to stick the tongue out.",0.361,Positive
diwata,NN,noun,"( mythology , folklore ) a diwata",0.0,Neutral
diwáta’,NN,noun,"idol, fairy.",0.0,Neutral
díyas,NN,noun,birthday.,0.0,Neutral
diyotay,JJ,adjective,small ; little synonym: gamay antonym: dako,0.0,Neutral
diyutay,JJ,adjective,alternative form of diyotay,0.0,Neutral
di’ín,RB,adverb,where.,0.0,Neutral
doble,NN,noun,double,0.0,Neutral
dóble,JJ,adjective,"double, twin.",0.0,Neutral
dódong,NN,noun,young boy from about age one to fifteen.,0.0,Neutral
dogsing,VB,verb,"to nudge or stroke , often flirtatiously",-0.026,Neutral
dogwak,NN,noun,"( animals ) : crane , heron",0.026,Neutral
dohol,VB,verb,hand,0.494,Positive
dohol,VB,verb,"to pass , reach",0.026,Neutral
doktór,NN,noun,doctor.,0.0,Neutral
dokumento,NN,noun,"document , deed , record",0.0,Neutral
domínggo,NN,noun,sunday.,0.0,Neutral
dool,NN,noun,"cork , stopper , plug",0.0,Neutral
dool,NN,noun,"( of a tree ) offshoot , shoot",-0.34,Negative
dool,VB,verb,"to cork , stopper",0.0,Neutral
dool,VB,verb,to establish firm contact with,0.0,Neutral
dorado,JJ,adjective,"gold , golden",0.0,Neutral
dorado,NN,noun,gilt,0.0,Neutral
dorado,NN,noun,gold,0.0,Neutral
dormitóryo,NN,noun,dormitory.,0.0,Neutral
dós,CD,numeral,two.,0.0,Neutral
dóse,CD,numeral,twelve.,0.0,Neutral
dosena,NN,noun,"dozen year unknown, cecile motus, hiligaynon lessons , рипол классик ( →isbn ), page 214 nagapatindug sang taytay ang manga tawu sang kinahanglan sang enhenyero  kwarenta y singko ka bilug nga kahuy para sa ang dosena sang bulak tag po.60.  presyong pl.15 ang duha ka dosena . imelda sang apat ka dosena . mabakal ...",0.0,Neutral
doséna,NN,noun,dozen.,0.0,Neutral
dosis,NN,noun,"dose , medicine",0.0,Neutral
dotol,NN,noun,( animals ) : tick,0.0,Neutral
dotol-dotol,NN,noun,diminutive of dotól : anything resembling a tick,0.0,Neutral
duag,NN,noun,color,0.0,Neutral
duag,NN,noun,"appearance , form , shape",0.0,Neutral
duag,VB,verb,to color,0.0,Neutral
duaw,NN,noun,visit synonym: dalaw,0.0,Neutral
dúda,NN,noun,"doubt, suspicion.",-0.625,Negative
dúda,DT,deictic,,0.0,Neutral
dúda,VB,verb,"to doubt, to distrust, to suspect.",-0.758,Negative
dugang,NN,noun,"addition , increment",0.0,Neutral
dugang,VB,verb,to add or increase in number,0.382,Positive
dúgang,NN,noun,addition.,0.0,Neutral
dúgang,VB,verb,"to increase, to add, to augment.",0.318,Positive
dúgay,RB,adverb,"of time, long.",0.0,Neutral
dúgay,VB,verb,"to tarry, to take a long time.",0.0,Neutral
dugáydugáy,RB,adverb,"in a little while, frequently.",0.0,Neutral
dúga’,NN,noun,"sap, juice.",0.0,Neutral
dughan,NN,noun,( anatomy ) chest ; bosom ; breast ; thorax,0.0,Neutral
dúghan,NN,noun,"bosom, chest.",0.0,Neutral
dúgkal,VB,verb,"to thrust, to stick, to stab.",-0.586,Negative
dugmok,VB,verb,"to break by applying pressure or weight , to crush",-0.421,Negative
dúgmuk,VB,verb,"to crush, to break by pressure.",-0.421,Negative
dugo,NN,noun,blood,0.0,Neutral
dugoon,JJ,adjective,"bloody , gory",-0.44,Negative
dugos,NN,noun,honey,0.0,Neutral
dúguk,VB,verb,"to join, to take part in.",0.296,Positive
dugus,JJ,adjective,the best part of a thing,0.637,Positive
dugus,NN,noun,honey,0.0,Neutral
dugus,VB,verb,to gather fruit,0.0,Neutral
dugús,NN,noun,honey.,0.0,Neutral
dugú’,NN,noun,blood.,0.0,Neutral
dugú’,VB,verb,to bleed.,0.0,Neutral
dugwak,NN,noun,"crane , swan",0.0,Neutral
dúgwak,NN,noun,swan.,0.0,Neutral
duha,VB,verb,to duplicate,0.0,Neutral
duhá,CD,numeral,two.,0.0,Neutral
duha-duha,NN,noun,"doubt , indecision",-0.511,Negative
duha-duha,VB,verb,"to doubt or waver , to be undecided",-0.527,Negative
dúhadúha,VB,verb,"to doubt, to hesitate, to waver.",-0.557,Negative
dúhul,VB,verb,"to give personally, to hand.",0.494,Positive
duká’,VB,verb,to nod with drowsiness.,0.0,Neutral
dúkduk,VB,verb,"to pound, to grind.",0.0,Neutral
duko,NN,noun,respect,0.477,Positive
duko,VB,verb,bow,0.0,Neutral
dukuménto,NN,noun,document.,0.0,Neutral
dukút,VB,verb,"to stick to, to paste on.",0.0,Neutral
dukú’,VB,verb,"to bow, to stoop down.",0.0,Neutral
dul-ay,NN,noun,a lump of earth or dirt,-0.34,Negative
dula,VB,verb,"to mislay , to lose , to mislay",-0.402,Negative
dulang,NN,noun,"dig , excavate , mine",0.0,Neutral
dúlang,NN,noun,"mine, mineral mine.",0.0,Neutral
dulangan,NN,noun,mine,0.0,Neutral
dulat,NN,noun,"awl , brad",0.0,Neutral
dúla’,VB,verb,"to lose, to miss, to mislay.",-0.511,Negative
dúlhug,VB,verb,"to descend down a slope, to slide down an inclined plane or a slope.",0.0,Neutral
dúlingdúling,VB,verb,"to walk unsteadily, to stagger, to take irregular steps.",0.0,Neutral
dulis,NN,noun,meteorite,0.0,Neutral
dulog,NN,noun,"pause , standstill , stop",-0.296,Negative
dulogan,NN,noun,stationary,0.0,Neutral
dulonan,NN,noun,"border , boundary , demarcation",0.0,Neutral
dulongan,NN,noun,parking,0.0,Neutral
dulot,NN,noun,dedication ; gift ; present,0.44,Positive
dúlsi,NN,noun,"candy, pastry.",0.0,Neutral
dulud,NN,noun,"dribble , ooze",0.0,Neutral
dúlug,VB,verb,"to halt, to stop, to stand.",-0.296,Negative
dulugokan,NN,noun,attraction,0.459,Positive
dulukdokan,NN,noun,grinder,0.0,Neutral
dulum,NN,noun,darkness ; gloom,-0.681,Negative
dulum,VB,verb,to darken ; to turn dark,0.0,Neutral
dulúm,JJ,adjective,"dark, dim.",0.0,Neutral
dulúm,VB,verb,"to darken, to get dusky, to become gloomy.",-0.153,Negative
dulumugan,VB,verb,swarm,0.0,Neutral
dulúnan,NN,noun,"boundary, border, confine, demarcation.",0.0,Neutral
dúlung,VB,verb,"to approach, to come near, to draw near, to go in the direction of.",0.0,Neutral
dulunggan,NN,noun,ear,0.0,Neutral
dulúnggan,NN,noun,ear.,0.0,Neutral
dulúnggan,DT,deictic,,0.0,Neutral
dulus,NN,noun,wire,0.0,Neutral
dúlut,NN,noun,"offering, gift.",0.44,Positive
dúlut,VB,verb,"to make a gift, to make an offering.",0.44,Positive
dúl’ung,VB,verb,"to transport, to bring, to deliver, to conduct.",0.0,Neutral
dumaan,JJ,adjective,old,0.0,Neutral
dumaan,JJ,adjective,"antique , old-time",0.0,Neutral
dumaan,NN,noun,settled farmhand on the negros mainland antonym: sakada ( “ seasonal migrant farmworker ” ),0.0,Neutral
dumaay,VB,verb,fade,0.0,Neutral
dumagaya,VB,verb,flourish,0.0,Neutral
dumagsa,VB,verb,flourish,0.0,Neutral
dumála,VB,verb,"to manage, to lead, to conduct, to direct, to govern, to supervise.",0.0,Neutral
dumalagan,NN,noun,runaway,0.0,Neutral
dumalagsa,NN,noun,emigrant,0.0,Neutral
dumalahan,NN,noun,"engineer , executive",0.0,Neutral
dumar,VB,verb,"tame , train",0.0,Neutral
dumayon,VB,verb,enter,0.0,Neutral
dumdum,VB,verb,"to recollect , remember , think",0.0,Neutral
dúmdum,VB,verb,"to think, to recollect, to remember, to bear in mind, to recall.",0.0,Neutral
dumili,VB,verb,prohibit,0.0,Neutral
dumíli’,VB,verb,"to interdict, to ban, to forbid, to prohibit.",-0.71,Negative
dumot,NN,noun,"hatred , indignation , rage",-0.904,Negative
dúmug,VB,verb,"to scuffle, to wrestle, to struggle.",-0.318,Negative
dumugo,VB,verb,bleed,0.0,Neutral
dumugok,VB,verb,attend,0.0,Neutral
dumukot,VB,verb,to stick,0.0,Neutral
dumulog,VB,verb,pause,0.0,Neutral
dumuluaw,NN,noun,"guest , visitor",0.0,Neutral
dumulugok,NN,noun,audience,0.0,Neutral
dumuluong,NN,noun,"alien , foreigner , stranger",0.0,Neutral
dumulú’ung,NN,noun,"alien, stranger, foreigner.",0.0,Neutral
dumungka,VB,verb,"harbor , land",0.0,Neutral
dumút,VB,verb,"to abominate, to detest, to begrudge.",0.0,Neutral
dunang manggad,NN,noun,natural resources,0.361,Positive
dúngan,RB,adverb,"together, simultaneously.",0.0,Neutral
dúngan,VB,verb,"to be or do together, to be simultaneous.",0.0,Neutral
dungandungan,NN,noun,temple,0.0,Neutral
dungdung,NN,noun,( idiomatic ) to rain cats and dogs,0.0,Neutral
dungganon,NN,noun,"bigwig , celebrity , noble , royal",0.459,Positive
dungkaan,NN,noun,"harbor ; haven ; port , wharf synonyms: dulungkaan , dulungan",0.0,Neutral
dúngka’,VB,verb,"to land, to arrive as a boat, to dock in port.",0.0,Neutral
dungkul,NN,noun,"firewood , log",0.0,Neutral
dúnglay,VB,verb,to incline to the side.,0.0,Neutral
dungog,NN,noun,honor,0.494,Positive
dungog,NN,noun,celebrity,0.0,Neutral
dungúg,NN,noun,"honor, fame, reputation.",0.727,Positive
dungúk,VB,verb,"to look down, to incline one’s head forward, to bend the head.",0.0,Neutral
dunkul,NN,noun,firewood,0.0,Neutral
dunot,JJ,adjective,"decayed , rotten , spoiled",-0.71,Negative
dunoton,VB,verb,crush,-0.153,Negative
dunút,JJ,adjective,"rotten, spoiled.",-0.511,Negative
dunút,VB,verb,"to be rotten, to crush.",-0.599,Negative
duog,NN,noun,"place , site synonym: lugar",0.0,Neutral
duog,NN,noun,village synonym: baryo,0.0,Neutral
dupak,JJ,adjective,"dirty , foul , obscene , smutty",-0.772,Negative
dupak,JJ,adjective,"indecent , impure",0.0,Neutral
dupak,NN,noun,"bad language, obscene words",-0.807,Negative
dupak,VB,verb,to use obscene language,-0.586,Negative
dupla,NN,noun,"saliva , spit , spittle",0.0,Neutral
dúpla’,VB,verb,"to spit on, to spit.",0.0,Neutral
duplikado,NN,noun,duplicate,0.0,Neutral
dupoy,NN,noun,breeze,0.0,Neutral
dúsdus,VB,verb,"to push, to shove, to mix.",0.0,Neutral
dúsmu’,VB,verb,to stumble.,0.0,Neutral
dusú’,VB,verb,"to push against, to shove, to thrust.",0.0,Neutral
duta,NN,noun,"earth , ground , soil",0.0,Neutral
duta,NN,noun,"land , lot , property",0.0,Neutral
dutan-on,JJ,adjective,"earthly , worldly",0.0,Neutral
dutang panublion,NN,noun,patrimony,0.0,Neutral
dúta’,NN,noun,"land, soil, earth.",0.0,Neutral
duyan,NN,noun,cradle,0.0,Neutral
duyan,NN,noun,hammock,0.0,Neutral
duyan,NN,noun,swing,0.0,Neutral
dúyan,NN,noun,"swing, cradle, crib, hammock.",0.0,Neutral
dúyan,VB,verb,"to rock a cradle, to swing.",0.0,Neutral
duyanon,VB,verb,swing,0.0,Neutral
duyog,NN,noun,inclination,0.0,Neutral
duyong,NN,noun,"dugong , sea cow",0.0,Neutral
dúyu,JJ,adjective,"dejected, sad.",-0.743,Negative
du’ág,NN,noun,"color, hue.",0.0,Neutral
dú’aw,VB,verb,"to drop in, to look in, to visit.",-0.273,Negative
dú’ug,NN,noun,"location, site, place.",0.0,Neutral
dú’ul,NN,noun,cork.,0.0,Neutral
dwénde,NN,noun,"dwarf, elf, leprechaun.",0.0,Neutral
dwénde,DT,deictic,,0.0,Neutral
dyanitor,NN,noun,janitor,0.0,Neutral
dyés,CD,numeral,ten.,0.0,Neutral
dyíp,NN,noun,"jeepney, renovated war surplus jeeps used as public transportation.",-0.599,Negative
dyús,NN,noun,"god, the almighty.",0.273,Positive
dyútay,JJ,adjective,"tiny, small, little.",0.0,Neutral
ebanghelyo,NN,noun,gospel,0.0,Neutral
ebanghélyo,NN,noun,"gospel, epistle.",0.0,Neutral
ebanhelyo,NN,noun,archaic form of ebanghelyo,0.0,Neutral
edad,NN,noun,age synonym: gulang,0.0,Neutral
edád,NN,noun,age.,0.0,Neutral
edukasyon,NN,noun,"education , upbringing",0.0,Neutral
edukasyon,NN,noun,"instruction , training",0.0,Neutral
eh,RP,particle,"filler which can mean, oh…, no….",0.0,Neutral
ehemplo,NN,noun,example synonym: halimbawa,0.0,Neutral
ehersisyo,NN,noun,exercise,0.0,Neutral
eklipse,NN,noun,eclipse,0.0,Neutral
eklípsi,NN,noun,eclipse.,0.0,Neutral
eksamen,NN,noun,"test , examination",0.0,Neutral
eksamen,VB,verb,to inquire or search,0.0,Neutral
eksámin,NN,noun,"examination, test.",0.0,Neutral
eksámin,VB,verb,to give or take an examination.,0.0,Neutral
eleksyon,NN,noun,election,0.0,Neutral
eleksyón,NN,noun,election.,0.0,Neutral
eleksyón,VB,verb,to hold an election.,0.0,Neutral
elektrisidad,NN,noun,electricity,0.0,Neutral
elementárya,NN,noun,elementary.,0.0,Neutral
elepante,NN,noun,elephant synonym: gadyo,0.0,Neutral
embahada,NN,noun,embassy,0.0,Neutral
embahador,NN,noun,ambassador,0.0,Neutral
embahadór,NN,noun,ambassador.,0.0,Neutral
embalsamár,VB,verb,to embalm.,0.0,Neutral
embudo,NN,noun,funnel,0.026,Neutral
empanáda,NN,noun,native pie of meat baked with pastry crust.,0.0,Neutral
empeine,NN,noun,herpes,0.0,Neutral
emperador,NN,noun,emperor,0.0,Neutral
empleyádo,NN,noun,employee.,0.0,Neutral
empýene,NN,noun,ringworm.,0.0,Neutral
enéro,NN,noun,january.,0.0,Neutral
englatéra,NN,noun,england.,0.0,Neutral
enhenyéro,NN,noun,engineer.,0.0,Neutral
enkantado,JJ,adjective,magical,0.0,Neutral
enpermera,NN,noun,attendant,0.0,Neutral
ensaláda,NN,noun,salad.,0.0,Neutral
entablado,NN,noun,"platform , stage",0.0,Neutral
entabládo,NN,noun,"platform, stage.",0.0,Neutral
éntra,VB,verb,"to go in, to enter, to share in, to interfere, to participate.",0.296,Positive
entyénde,VB,verb,"to understand, to grasp, to comprehend, to realize.",0.0,Neutral
epektíbo,JJ,adjective,effective.,0.477,Positive
eropláno,NN,noun,airplane.,0.0,Neutral
eséna,NN,noun,"screen, movie screen.",0.0,Neutral
esensya,NN,noun,"essence ; extract , tincture",0.0,Neutral
esensya,NN,noun,excerpt,0.0,Neutral
eskandalo,NN,noun,scandal,-0.44,Negative
eskándalo,NN,noun,scandal.,-0.44,Negative
eskándalo,JJ,adjective,"rude, scandalous, lack in social refinement.",-0.827,Negative
eskándalo,VB,verb,to create a scandal.,-0.202,Negative
eskiníta,NN,noun,"aisle, alleyway.",0.0,Neutral
eskoba,NN,noun,brush,0.0,Neutral
eskóba,NN,noun,"of shoes, brush.",0.0,Neutral
eskultor,NN,noun,sculptor,0.0,Neutral
eskultór,NN,noun,sculptor.,0.0,Neutral
eskuwela,NN,noun,school synonym: buluthoan,0.0,Neutral
eskuwela,VB,verb,to go to school ; to attend school,0.0,Neutral
eskwala,NN,noun,( carpentry ) square,0.0,Neutral
eskwéla,NN,noun,"student, pupil.",0.0,Neutral
eskwelahán,NN,noun,"school house, school.",0.0,Neutral
espáda,NN,noun,"sword, spade.",0.0,Neutral
espánya,NN,noun,spain.,0.0,Neutral
espanyól,NN,noun,"spanish, spaniard.",0.0,Neutral
espeho,NN,noun,mirror synonym: salaming,0.0,Neutral
espiritu,NN,noun,"spirit , soul , ghost synonym: kalag",-0.153,Negative
espíritu,NN,noun,"soul, spirit, ghost.",-0.153,Negative
espíya,NN,noun,"agent, spy.",0.0,Neutral
espíya,VB,verb,to spy.,0.0,Neutral
espóngha,NN,noun,"powder puff, sponge.",0.0,Neutral
estádo,NN,noun,"state, province.",0.0,Neutral
estádos,NN,noun,united states.,0.421,Positive
estánte,NN,noun,"shelf, bookcase.",0.0,Neutral
estár,VB,verb,"to inhabit, to stay, to live, to reside.",0.0,Neutral
estasyón,NN,noun,station.,0.0,Neutral
estátwa,NN,noun,statue.,0.0,Neutral
estranghéro,NN,noun,"foreigner, stranger.",0.0,Neutral
estudyante,NN,noun,"pupil , student",0.0,Neutral
estudyánte,NN,noun,"learner, student.",0.0,Neutral
fálda,NN,noun,ladies skirt.,0.0,Neutral
famílya,NN,noun,"family, home.",0.0,Neutral
febréro,NN,noun,february.,0.0,Neutral
floréra,NN,noun,flower vase.,0.0,Neutral
frankiyo,NN,noun,postage,0.0,Neutral
fránsya,NN,noun,france.,0.0,Neutral
fresa,NN,noun,strawberry,0.0,Neutral
fuersa,NN,noun,"force , strength , vigor",0.649,Positive
fuersa,NN,noun,"coercion , compulsion",0.0,Neutral
fuersa,VB,verb,"to force , compel",0.0,Neutral
gaang,VB,verb,"to heat , warm",0.226,Positive
gab-e,NN,noun,night,0.0,Neutral
gab-i,NN,noun,"evening ; night coordinate terms: aga , udto , hapon",0.0,Neutral
gab-i,NN,noun,nighttime synonym: adlaw,0.0,Neutral
gabi,NN,noun,taro,0.0,Neutral
gábi,NN,noun,taro.,0.0,Neutral
gabinéte,NN,noun,"cabinet, an advisory body to the president of the country.",0.0,Neutral
gabon,NN,noun,cloud synonym: panganod,0.0,Neutral
gabuk,JJ,adjective,"rotten , decayed , decomposed",-0.71,Negative
gabuk,VB,verb,to be rotten or decomposing,-0.511,Negative
gabúk,JJ,adjective,"rotten, decayed.",-0.71,Negative
gabúk,VB,verb,"to be rotten, to decay.",-0.718,Negative
gabut,VB,verb,"to pull out, to extract , to uproot",0.0,Neutral
gábut,VB,verb,"to pull out, to weed, to extract, to uproot.",0.0,Neutral
gáb’i,NN,noun,"night, evening.",0.0,Neutral
gago,JJ,adjective,ignorant,-0.273,Negative
gáhit,VB,verb,to clear the way by cutting off grass.,0.273,Positive
gahud,NN,noun,"clatter , noise",0.0,Neutral
gahud,NN,noun,( sound ) : rattle,0.0,Neutral
gahud,NN,noun,sound,0.0,Neutral
gáhud,JJ,adjective,"noisy, bothersome.",-0.459,Negative
gáhud,NN,noun,"noise, clatter.",0.0,Neutral
gáhud,VB,verb,"to be noisy, to make noise.",-0.178,Negative
gahúm,NN,noun,"power, authority, precedence.",0.077,Positive
gal-um,NN,noun,raincloud,0.0,Neutral
gal-um,NN,noun,"mist or fog , haze",0.0,Neutral
galab,NN,noun,"scythe , sickle",0.0,Neutral
gálab,VB,verb,"to cut with a sickle, to gather rice grains with a sickle.",-0.273,Negative
galánte,JJ,adjective,"gallant, chivalrous, extravagant.",0.402,Positive
galapún,NN,noun,bottle.,0.0,Neutral
galatúng,NN,noun,"firewood, chopped wood used for firewood.",0.0,Neutral
galing,VB,verb,"grind , mill",0.0,Neutral
gáling,VB,verb,"to mill, to grind.",0.0,Neutral
galingan,NN,noun,grinder,0.0,Neutral
galingán,NN,noun,"grinder, mill.",0.0,Neutral
galí’,RP,particle,"really, is that so, indeed, oh.",0.0,Neutral
galón,NN,noun,gallon.,0.0,Neutral
galyetas,NN,noun,"cracker , hardtack , biscuit",0.0,Neutral
galyetas,NN,noun,a small ship,0.0,Neutral
galyétas,NN,noun,"crackers, cookie.",0.0,Neutral
gál’um,NN,noun,"rain cloud, gray cloud.",0.0,Neutral
gál’um,JJ,adjective,cloudy.,0.0,Neutral
gál’um,VB,verb,to become cloudy.,0.0,Neutral
gamay,JJ,adjective,"little , small synonym: diyotay",0.0,Neutral
gamáy,JJ,adjective,"small, little.",0.0,Neutral
gambal,JJ,adjective,bulky,0.0,Neutral
gamhon,NN,noun,( botany ) weed,0.0,Neutral
gámhun,NN,noun,fog.,0.0,Neutral
gámhun,JJ,adjective,foggy.,0.0,Neutral
gamit,VB,verb,"to use , to apply , to employ",0.0,Neutral
gámit,VB,verb,"to use, to devise.",0.0,Neutral
gamo,NN,noun,"conflict , trouble",-0.612,Negative
gamo,NN,noun,"confusion , disorder . excitement , noise",-0.178,Negative
gamosa,NN,noun,velvet,0.0,Neutral
gamósa,JJ,adjective,velvety.,0.0,Neutral
gamot,NN,noun,root,0.0,Neutral
gamú,NN,noun,"disturbance, conflict, confusion.",-0.727,Negative
gamú,VB,verb,"to cause a disturbance, to throw into confusion, to take away peace.",-0.077,Negative
gamút,NN,noun,root.,0.0,Neutral
gana,NN,noun,"appetite , desire",0.402,Positive
gána,NN,noun,appetite.,0.0,Neutral
gána,VB,verb,to have appetite for.,0.0,Neutral
ganánsya,NN,noun,"winnings, gain.",0.784,Positive
ganghá’an,NN,noun,"gate, entrance, door.",0.0,Neutral
ganhaan,NN,noun,door,0.0,Neutral
gánit,VB,verb,"to pinch, to twist, to pull one’s hair.",0.0,Neutral
gáni’,CC,conjunction,"in fact, as a matter of fact.",0.026,Neutral
gansa,NN,noun,"gander , goose",0.0,Neutral
gánsa,NN,noun,goose.,0.0,Neutral
gansál,JJ,adjective,"loud, deafening.",-0.296,Negative
gansál,NN,noun,"noise, racket.",0.0,Neutral
gansál,VB,verb,"to be noisy, to set up a racket.",-0.178,Negative
gansilyo,NN,noun,"crochet hook , knitting needle",0.0,Neutral
ganso,NN,noun,hook,0.0,Neutral
gántang,NN,noun,ganta.,0.0,Neutral
gantángan,NN,noun,wooden measuring box with a volume content of approximately one ganta or three liters.,0.0,Neutral
gánuy,VB,verb,"to drag behind, to draw.",-0.226,Negative
ganyat,VB,verb,"attract , entice , seduce",0.361,Positive
gapas,VB,verb,to cut down or fell,-0.273,Negative
gápas,VB,verb,"to cut down, to fell.",-0.273,Negative
gápus,VB,verb,"to bind, to tie together, to tie the hands together.",0.0,Neutral
gárab,VB,verb,"to cut rice, to gather rice grains, grass or any dicot plant with a sharp instrument.",-0.273,Negative
gárab,NN,noun,"reaper, small sharp blade in the palm used to cut rice grains from the stalk.",-0.273,Negative
garahe,NN,noun,garage,0.0,Neutral
garáhi,NN,noun,garage.,0.0,Neutral
garantíya,NN,noun,guarantee.,0.25,Positive
garapata,NN,noun,tick,0.0,Neutral
gará’,VB,verb,"to allure, to entice, to persuade, to prevail upon.",0.0,Neutral
garbanso,NN,noun,"chickpea , garbanzo",0.0,Neutral
garot,JJ,adjective,dense,0.0,Neutral
garuk,NN,noun,filth,0.0,Neutral
garuk,VB,verb,corrupt,0.0,Neutral
garúk,JJ,adjective,"corrupt, depraved.",0.0,Neutral
garúk,VB,verb,to corrupt.,0.0,Neutral
garút,JJ,adjective,"tough, rowdy.",-0.128,Negative
gasolina,NN,noun,"gasoline ( us , canada ) ; petrol ( australia , uk )",0.0,Neutral
gasolina,VB,verb,to refuel with gasoline / petrol ; to gas up,0.0,Neutral
gastado,JJ,adjective,spent,0.0,Neutral
gástos,NN,noun,"expense, disbursement.",0.0,Neutral
gástos,VB,verb,"to spend, to expend, to disburse.",0.0,Neutral
gástos,JJ,adjective,"extravagant, spendthrift.",0.0,Neutral
gata,NN,noun,coconut milk,0.0,Neutral
gatas,NN,noun,milk,0.0,Neutral
gátas,NN,noun,"milk, sap.",0.0,Neutral
gatasan,VB,verb,milk,0.0,Neutral
gatá’,NN,noun,"juice, coconut milk.",0.0,Neutral
gatong,NN,noun,firewood ; fuel,0.0,Neutral
gatong,VB,verb,to fuel,0.0,Neutral
gatúmbal,NN,noun,pepper.,0.0,Neutral
gátung,VB,verb,to burn as firewood.,0.0,Neutral
gatús,CD,numeral,hundred.,0.0,Neutral
gáwa,VB,verb,to look out the window.,0.0,Neutral
gáwad,VB,verb,"to get at a price, to recover, to redeem a pawned item.",0.0,Neutral
gawahan,NN,noun,window,0.0,Neutral
gaway,VB,verb,dangle,0.0,Neutral
gawgaw,NN,noun,starch,0.0,Neutral
gáwgaw,NN,noun,starch.,0.0,Neutral
gawi,NN,noun,conduct,0.0,Neutral
gayún,JJ,adjective,"gorgeous, dressy.",0.612,Positive
gá’id,VB,verb,"to bind, to secure, to tie to, to hitch on to.",0.34,Positive
ga’úd,NN,noun,"paddle, oar.",0.0,Neutral
ga’úd,VB,verb,"to row, to paddle, to propel by means of an oar.",0.0,Neutral
géra,NN,noun,"war, battle.",-0.758,Negative
géra,VB,verb,to declare or fight a war.,-0.758,Negative
gesantes,NN,noun,"snow pea , sugar snap pea",0.0,Neutral
gia,NN,noun,"guide , leader , founder",0.0,Neutral
gibungan,NN,noun,the junction of two or more rivers,0.0,Neutral
gibungan,NN,noun,mouth of a river,0.0,Neutral
gibwangan,NN,noun,the junction of two or more rivers,0.0,Neutral
gibwangan,NN,noun,mouth of a river,0.0,Neutral
gíd,RP,particle,"very, extremely, most, intensifier.",0.0,Neutral
gihapon,RB,adverb,"always , as , always , usually",0.0,Neutral
gihápun,RB,adverb,always.,0.0,Neutral
gíhu’,VB,verb,"to move, to stir, to budge.",0.0,Neutral
gikan,NN,noun,"origin , where someone comes from",0.0,Neutral
gíkan,VB,verb,"to come from, to originate, to be derived from.",0.0,Neutral
gikas,VB,verb,to cut off or diminish,-0.273,Negative
gikas,VB,verb,separate,0.0,Neutral
gilayon,RB,adverb,immediately synonym: dali,0.0,Neutral
gilayon,RB,adverb,"soon ; later synonyms: karon , madason",0.0,Neutral
gilayún,RB,adverb,"soon, immediately, later.",0.0,Neutral
gín-,VB,verbal affix,general completed -un affix.,0.0,Neutral
gín-…-an,VB,verbal affix,general completed -an affix.,0.0,Neutral
ginagihan,NN,noun,incidents and events that happen to a person during their life,0.0,Neutral
ginamús,NN,noun,native fish sauce made out of marinated fish.,0.0,Neutral
giná’,VB,verbal affix,general durative -un affix.,0.0,Neutral
giná…-an,VB,verbal affix,general durative -an affix.,0.0,Neutral
ginggon,NN,noun,gingham,0.0,Neutral
gingikanan,NN,noun,"beginning , commencement , lineage , origin , root , source , start",0.0,Neutral
ginharian,NN,noun,domain ; empire ; kingdom ; monarchy ; realm ; sovereignty synonym: dakhari,0.0,Neutral
ginhawa,NN,noun,"breath , exhalation , inhalation , respiration",0.0,Neutral
ginháwa,NN,noun,"breath, respiration.",0.0,Neutral
ginháwa,VB,verb,"to breathe, to take in air.",0.0,Neutral
ginhawaan,NN,noun,"trachea , windpipe",0.0,Neutral
ginikanan,NN,noun,parent,0.0,Neutral
ginikánan,NN,noun,parent.,0.0,Neutral
ginoo,NN,noun,deity ; god,0.273,Positive
ginsakpan,NN,noun,dominion,0.0,Neutral
ginsugoran,JJ,adjective,elementary,0.0,Neutral
gintung-an,NN,noun,"center , middle , midpoint",0.0,Neutral
ginuo,NN,noun,sir,0.0,Neutral
ginutlan,NN,noun,"interlude , interval",0.0,Neutral
ginú’u,NN,noun,"sir, mister.",0.0,Neutral
ginú’u,NN,noun,god.,0.273,Positive
gín’ut,JJ,adjective,"of climate, warm, hot.",0.226,Positive
gipak,JJ,adjective,broken,-0.477,Negative
gíray,VB,verb,to tear or cut in strips.,-0.273,Negative
gisa,VB,verb,"to bake , to fry",0.0,Neutral
gisá,VB,verb,"to fry with fat, to saute.",0.0,Neutral
gisántes,NN,noun,pea.,0.0,Neutral
gisi,NN,noun,"rend , rip , split , tear , ( to , rend )",0.0,Neutral
gision,VB,verb,"crack , rip , tear",0.0,Neutral
gísi’,VB,verb,"to tear, to slit with a sharp instrument, to split, to break asunder.",0.0,Neutral
gitára,NN,noun,guitar.,0.0,Neutral
gitára,VB,verb,to play a guitar.,0.34,Positive
giwa-os,NN,noun,"dearth of food, famine , misery",-0.791,Negative
giwaos,NN,noun,alternative spelling of giwá-os,0.0,Neutral
giyan,VB,verb,"desire , inclination , liking for",0.66,Positive
godgod,VB,verb,"follow up , look for , search for",0.0,Neutral
gora,NN,noun,"bonnet , cap",0.0,Neutral
governadór,NN,noun,governor.,0.0,Neutral
grábe,JJ,adjective,"grave, serious.",-0.44,Negative
grádo,NN,noun,grade.,0.0,Neutral
grádwar,VB,verb,to graduate.,0.0,Neutral
gramátika,NN,noun,grammar.,0.0,Neutral
grása,NN,noun,grease.,0.0,Neutral
grasya,NN,noun,"grace synonym: bugay antonyms: desgrasya , huya",0.421,Positive
grásya,NN,noun,"grace, blessing.",0.718,Positive
gratipikasyon,NN,noun,"gratuity , reward , tip , ( gratuity , reward )",0.813,Positive
grátis,NN,noun,"gratis, free.",0.542,Positive
gripo,NN,noun,faucet ; tap,0.0,Neutral
grípo,NN,noun,faucet.,0.0,Neutral
grumete,NN,noun,crew,0.0,Neutral
gruméte,NN,noun,crew.,0.0,Neutral
grúpu,NN,noun,group.,0.0,Neutral
gub-on,VB,verb,disrupt,0.0,Neutral
guban,NN,noun,"brigade , group , throng",0.0,Neutral
gubán,NN,noun,"group, brigade, caravan.",0.0,Neutral
gúbat,NN,noun,war.,-0.599,Negative
gúbat,VB,verb,"to wage a war, to declare war.",-0.832,Negative
gubá’,VB,verb,"to demolish, to destroy, to undo.",-0.542,Negative
gúgma,NN,noun,"love, adoration, affection.",0.91,Positive
gúhab,VB,verb,to break in or through.,0.0,Neutral
gulang,NN,noun,age synonym: edad,0.0,Neutral
gulang,JJ,adjective,"mature , ripe synonym: tanang antonym: hilaw",0.421,Positive
gúlang,NN,noun,"age, maturity.",0.0,Neutral
gúlang,VB,verb,"to be old, to become mature, to ripen.",0.421,Positive
gúlgul,VB,verb,"to saw off, to cut off.",-0.273,Negative
gúlpi,VB,verb,"to shock, to jolt.",-0.382,Negative
gúlub,VB,verb,"to cut, to trim, to crop closely.",-0.273,Negative
gulút,VB,verb,to cut with a knife or scissors.,-0.273,Negative
guluwaan,NN,noun,"exit , escape , egress",0.178,Positive
gúlu’,VB,verb,"to thrust, to put a stick or finger through a hole, to insert something through a crack.",0.0,Neutral
gúma,NN,noun,"rubber, tire.",0.0,Neutral
gúmuk,VB,verb,to squeeze or compress so as to crush.,-0.218,Negative
gumulua,NN,noun,cast,0.0,Neutral
gumulúwa’,NN,noun,"cast, mold.",0.0,Neutral
gúmun,VB,verb,"to muddle, to disorganize, to entangle, especially string or yarn, or thread.",0.0,Neutral
gunting,NN,noun,scissors,0.0,Neutral
gunting,NN,noun,haircut,0.0,Neutral
gúnting,NN,noun,"scissors, haircut.",0.0,Neutral
gúnting,VB,verb,to cut with a scissors.,-0.273,Negative
gúra,NN,noun,"cap, hat.",0.0,Neutral
guráb,VB,verb,"to grasp and to pull out grass, to weed.",0.0,Neutral
guray,NN,noun,"streak , stripe",0.0,Neutral
guray-guray,NN,noun,stripe,0.0,Neutral
guráyguráy,JJ,adjective,"lined, striped.",0.0,Neutral
gurípat,VB,verb,"to twist the ears, to box the ears.",0.0,Neutral
gusok,NN,noun,( anatomy ) rib,0.0,Neutral
gústo,NN,noun,"wants, desire, likes.",0.67,Positive
gústo,VB,verb,"to care for, to want, to desire, to like.",0.827,Positive
gúsuk,NN,noun,rib.,0.0,Neutral
gutok,JJ,adjective,tight,0.0,Neutral
gutok,JJ,adjective,crowded,0.0,Neutral
gutom,JJ,adjective,"famished , hungry",0.0,Neutral
gutom,NN,noun,hunger,-0.25,Negative
gútrab,VB,verb,to chop or cut off with a knife or a pair of scissors.,-0.273,Negative
gutúk,JJ,adjective,"of clothes, tight.",0.0,Neutral
gutúk,VB,verb,to be tight.,0.0,Neutral
gútum,NN,noun,"hunger, craving.",-0.25,Negative
gútum,VB,verb,"to crave for, to hunger for.",-0.25,Negative
guya,NN,noun,( anatomy ) face,0.0,Neutral
guyod,VB,verb,to drag ; to haul ; to pull,-0.226,Negative
gúyud,VB,verb,"to tug along, to drag along, to pull, to trail along the ground.",-0.226,Negative
guyum,NN,noun,"ant , ( various , species )",0.0,Neutral
gwantes,NN,noun,gloves,0.0,Neutral
gwápo,JJ,adjective,"handsome, beautiful, pretty.",0.883,Positive
gwardya,NN,noun,guard ; watch,0.0,Neutral
gwá’,RB,adverb,outside.,0.0,Neutral
gwá’,VB,verb,"to go or come outside, to appear, to make one’s appearance on stage.",0.0,Neutral
habagat,NN,noun,southwest monsoon,0.0,Neutral
habal,JJ,adjective,inflamed,-0.34,Negative
háblug,VB,verb,"to swing, to dangle, to rock to and fro.",0.0,Neutral
hábnus,VB,verb,"to snatch, to pull with force, to draw away suddenly.",0.0,Neutral
habok,VB,verb,"loosen , swell up",0.0,Neutral
habol,NN,noun,blanket,0.0,Neutral
habon,NN,noun,soap,0.0,Neutral
habón,NN,noun,washing soap.,0.0,Neutral
haboy,VB,verb,"fling , hurl",0.0,Neutral
hábug,VB,verb,"to swing, to rock back and forth.",0.0,Neutral
hábuk,VB,verb,"to inflate, to blow up, to swell.",0.0,Neutral
habul,NN,noun,"blanket , rug",0.0,Neutral
habúl,JJ,adjective,"of edged or pointed tools, dull, blunt.",-0.402,Negative
habúl,VB,verb,to weave.,0.0,Neutral
hábul,NN,noun,thick blanket.,0.0,Neutral
habúy,VB,verb,"to throw out, to cast, to shoot, to toss, to pitch.",-0.34,Negative
habyog,NN,noun,swing,0.0,Neutral
hábyug,VB,verb,"to swing, hurl, to rock, especially to a far distance.",0.0,Neutral
hadlok,NN,noun,"afraid , awe , dread",-0.459,Negative
hádluk,NN,noun,"fear, apprehension.",-0.743,Negative
hádluk,JJ,adjective,"fearful, diabolic, dreadful.",-0.727,Negative
hádluk,VB,verb,"to be afraid, to fear, to be apprehensive.",-0.494,Negative
hagad,VB,verb,"invite , persuade , request",0.153,Positive
hágad,VB,verb,"to persuade, to induce, to invite, to ask to come.",0.153,Positive
hágbas,VB,verb,"to cut, to mow down grass, to cut down grass or weeds with a sickle or a reaper.",-0.494,Negative
haǵdan,NN,noun,"stairs, ladder.",0.0,Neutral
hagdanan,NN,noun,stairs,0.0,Neutral
hagdanan,NN,noun,ladder,0.0,Neutral
hágis,VB,verb,"to trim, to cut off thorns.",-0.273,Negative
hagmak,VB,verb,fall down,0.0,Neutral
hágmak,VB,verb,to fall headlong.,0.0,Neutral
hagna,NN,noun,"motion , proposal",0.0,Neutral
hagna,VB,verb,to propose or intend,0.0,Neutral
haguk,VB,verb,to snore,0.0,Neutral
hagumhum,VB,verb,to hum or coo,0.0,Neutral
hagumhum,VB,verb,to rumble or boom,0.0,Neutral
hagung,VB,verb,"to hum , coo",0.0,Neutral
hagung,VB,verb,"to boom , rumble",0.0,Neutral
hagunghung,NN,noun,a rumbling sound,0.0,Neutral
hagunghung,NN,noun,a boom,0.0,Neutral
hagunghung,VB,verb,rumble,0.0,Neutral
hagunung,VB,verb,boom,0.0,Neutral
hagunung,VB,verb,rumble,0.0,Neutral
hagup,VB,verb,to be tame,0.0,Neutral
hagúp,JJ,adjective,"domesticated, meek, tame, docile.",0.0,Neutral
hagúp,VB,verb,"to be tame, to domesticate, to break in.",0.0,Neutral
háguphágup,VB,verb,"to caress, to pet, to rub down.",0.0,Neutral
hagurot,NN,noun,flash,0.0,Neutral
hakáb,JJ,adjective,"ravenous, greedy.",-0.318,Negative
haklu,NN,noun,breathe,0.0,Neutral
háklu’,VB,verb,"to breathe in, to draw in, to inhale.",0.0,Neutral
hákruy,VB,verb,"to complain, to moan, to sigh.",-0.459,Negative
hakuhaku,NN,noun,haste,0.0,Neutral
hákup,NN,noun,"handful, fistful.",0.0,Neutral
hákup,VB,verb,"to take one handful, to scoop out using the hands.",0.153,Positive
hakús,NN,noun,"embrace, hug.",0.66,Positive
hakús,VB,verb,"to hug, to embrace, to clasp in one’s arms.",0.66,Positive
hákut,VB,verb,"to carry to another place, to bring in successive loads, to transport.",0.273,Positive
hakú’hakú’,RB,adverb,"hastily, hurriedly.",0.0,Neutral
hákwat,VB,verb,"to lift, to carry light load.",0.0,Neutral
hal-o,NN,noun,pestle,0.0,Neutral
hal-u,NN,noun,pestle,0.0,Neutral
halá,RP,particle,"watch out, see there, whoops.",0.0,Neutral
halab,VB,verb,graze,0.0,Neutral
hálab,VB,verb,"to feed like animals on grass, to pasture, to graze.",0.361,Positive
hálad,NN,noun,"offer, dedication, gift.",0.44,Positive
hálad,VB,verb,"to offer, to sacrifice, to bestow, to donate.",0.0,Neutral
halákhak,NN,noun,"laughter, boisterous laugh.",0.778,Positive
halákhak,VB,verb,to laugh loudly.,0.557,Positive
halalban,NN,noun,"meadow , pasture",0.0,Neutral
halalongan,NN,noun,"delicate , precaution",0.052,Positive
halampangan,JJ,adjective,trifling,0.0,Neutral
halandumon,JJ,adjective,desirable,0.318,Positive
halang,JJ,adjective,"spicy , pungent , biting ( of taste ) synonym: kahang",0.0,Neutral
halaran,NN,noun,altar,0.0,Neutral
halas,NN,noun,snake ; serpent,0.0,Neutral
halay,VB,verb,hang,0.0,Neutral
haláy,VB,verb,"to drape, to hang to dry.",0.0,Neutral
halea,NN,noun,jelly,0.0,Neutral
haligi,NN,noun,pillar,0.0,Neutral
haligi,NN,noun,post,0.0,Neutral
halígi,NN,noun,"post, pillar.",0.0,Neutral
halimbawa,NN,noun,example,0.0,Neutral
halimbawa,NN,noun,illustration,0.0,Neutral
halimbawa,NN,noun,instance,0.0,Neutral
halimbáwa’,NN,noun,example.,0.0,Neutral
halin,VB,verb,to leave ; to depart,-0.052,Negative
halín,VB,verb,"to leave, to depart, to come from someplace.",-0.052,Negative
hálin,VB,verb,to transfer to another place.,0.0,Neutral
halintang,NN,noun,"degree , grade",0.0,Neutral
halíntang,NN,noun,"grade, step, degree.",0.0,Neutral
halit,VB,verb,damage,-0.494,Negative
halit,VB,verb,"harm , injure",-0.542,Negative
hálit,VB,verb,"to damage, to injure, to impair.",-0.494,Negative
halíya,NN,noun,jelly made from coconut milk and brown sugar.,0.0,Neutral
haloan,NN,noun,a mudfish,0.0,Neutral
halog,JJ,adjective,ample,0.0,Neutral
halog,JJ,adjective,loose,-0.318,Negative
halokhok,VB,verb,grunt,0.0,Neutral
halon,NN,noun,shadow synonym: landong,0.0,Neutral
halong,VB,verb,to handle with care synonym: amlig,0.494,Positive
halong,VB,verb,"to take care ( for belongings ) synonyms: sapupo , tatap",0.494,Positive
halúg,JJ,adjective,loose.,-0.318,Negative
haluk,NN,noun,kiss,0.421,Positive
halúk,NN,noun,"kiss, peck on the cheek.",0.421,Positive
halúk,VB,verb,to give a kiss.,0.421,Positive
hálung,VB,verb,"to handle with care, to treat tenderly, to cherish.",0.883,Positive
halunhun,VB,verb,"gulp down , swallow",0.0,Neutral
halúnhun,VB,verb,"to swallow a big chunk of food without chewing, to gulp down the throat.",0.0,Neutral
hálus,RB,adverb,"almost, somewhat, very close to.",0.0,Neutral
hálu’,VB,verb,"to mix together, to beat together.",0.0,Neutral
halu’án,NN,noun,fresh water fish.,0.318,Positive
hál’id,VB,verb,"to litter, to throw in an inconspicuous way, to put away in disorder.",-0.402,Negative
hál’u,NN,noun,"mortar, pestle.",0.0,Neutral
hámak,VB,verb,"to scorn, to hate.",-0.751,Negative
hambadan,VB,verb,scorn,-0.402,Negative
hámbal,NN,noun,"speech, conversation, talk.",0.0,Neutral
hámbal,JJ,adjective,"talkative, conversant.",0.0,Neutral
hámbal,VB,verb,"to talk, to say, to tell, to speak.",0.0,Neutral
hámbug,JJ,adjective,"boastful, haughty, proud, hambug.",0.477,Positive
hámbug,VB,verb,"to be boastful, to be proud.",0.477,Positive
hámbuy,VB,verb,"to put, to place, to rest one’s arm upon.",0.0,Neutral
hamon,NN,noun,ham,0.0,Neutral
hamot,NN,noun,"aroma , fragrance",0.0,Neutral
hámpak,VB,verb,"to beat, to whip, to whack.",0.0,Neutral
hampang,NN,noun,game,0.0,Neutral
hámpang,VB,verb,"to play, to clown around, to gamble.",0.34,Positive
hámpang,NN,noun,"game, play, stake.",0.34,Positive
hampangan,NN,noun,toy,0.0,Neutral
hampángan,NN,noun,toy.,0.0,Neutral
hámpul,NN,noun,"plaster, cover over a wound.",0.0,Neutral
hámtang,VB,verb,"to put, to place.",0.0,Neutral
hámtung,NN,noun,"maturity, manhood, womanhood.",0.0,Neutral
hamún,NN,noun,"ham, cured meat.",0.0,Neutral
hamút,JJ,adjective,"sweet smelling, fragrant, odorous.",0.459,Positive
hamút,VB,verb,"to smell sweet, to be fragrant.",0.459,Positive
hamú’uk,RB,adverb,deep sleep.,0.0,Neutral
hamú’ut,VB,verb,"to be pleased, to be gratified.",0.67,Positive
hámyang,VB,verb,"to lie on one’s back, to lie in state as of a corpse.",-0.572,Negative
hánas,VB,verb,"to drill, to train, to practice, to rehearse.",0.0,Neutral
handa,JJ,adjective,ready ; prepared synonym: mahinandaon,0.527,Positive
handa,VB,verb,"to make ready synonyms: aman , paaman",0.361,Positive
hánda’,VB,verb,"to prepare, to make ready.",0.361,Positive
hándum,NN,noun,"wish, desire, ambition.;  souvenir, memory.",0.66,Positive
hándum,VB,verb,"to long for, to wish for, to crave for.",0.402,Positive
hándung,NN,noun,"shade, unlighted area.",0.0,Neutral
handuráwan,NN,noun,daydream.,0.0,Neutral
hándus,VB,verb,"to spear, to split, to bore or thrust through.",-0.25,Negative
hangád,VB,verb,"to look up to, to honor, to admire, to raise one’s eyes to.",0.743,Positive
hangánhangán,RB,adverb,"easily, lazily, taking it easy.",0.649,Positive
hangaway,JJ,adjective,"martial , warlike",0.0,Neutral
hangaway,NN,noun,"warrior , fighter",0.153,Positive
hángbas,VB,verb,to cut grass.,-0.273,Negative
hángdu’,VB,verb,"to consent, to give a nod, to approve, to accept a proposal.",0.542,Positive
hangga,NN,noun,smallpox,0.0,Neutral
hangin,NN,noun,wind ( movement of air ),0.0,Neutral
hángin,NN,noun,wind.,0.0,Neutral
hanginan,JJ,adjective,well - ventilated,0.273,Positive
hanginan,JJ,adjective,windy ; breezy synonym: hanginon,0.0,Neutral
hanginero,NN,noun,windbag ; braggart synonym: hanginon,0.0,Neutral
hángkat,NN,noun,"challenge, dare, provocation.",0.077,Positive
hángkat,VB,verb,"to defy, to challenge, to dare.",0.077,Positive
hangúp,VB,verb,"to understand, to comprehend.",0.0,Neutral
hángus,VB,verb,"to gasp for breath, to pant, to breathe fast and with difficulty.",-0.34,Negative
haníg,VB,verb,to line the bottom of a pan with leaves or the like to prevent the food from sticking.,0.382,Positive
haníp,RB,adverb,"even, uniform, of equal distance.",0.0,Neutral
hanlug,JJ,adjective,slippery,0.0,Neutral
hanluk,JJ,adjective,alternative spelling of hánlug,0.0,Neutral
hanluk,NN,noun,mosquito,0.0,Neutral
hantál,VB,verb,"to stack, to pile.",0.0,Neutral
hántup,VB,verb,"to understand, to comprehend, to know, to conceive.",0.0,Neutral
hánut,NN,noun,"whip, lash.",0.0,Neutral
hánut,VB,verb,"to strike with a whip or cane, to flog, to beat.",-0.128,Negative
hanú’ut,JJ,adjective,"sincere, wholehearted.",0.402,Positive
hápaw,VB,verb,"to skim, to make a sweeping motion over the top of a container to make even the contents.",0.202,Positive
hápay,VB,verb,"to bend low, to lean onto for support.",0.153,Positive
hapá’,VB,verb,to prostrate oneself with arms outstretched.,0.0,Neutral
hápdi’,JJ,adjective,"painful, smart pain.",-0.542,Negative
hápdi’,NN,noun,"pain, sting.",-0.511,Negative
hápdi’,VB,verb,"to smart, to cause a sharp pain, to be painful.",-0.542,Negative
hápit,VB,verb,"to drop in, to pass by, to visit, to call upon.",-0.273,Negative
hapi’n,NN,noun,"diaper, lining, cover.",0.0,Neutral
háplak,VB,verb,"to fall flat on the ground, to lay flat.",0.0,Neutral
háplas,VB,verb,"to rub with ointment, to smear, to dab.",-0.361,Negative
háplay,VB,verb,"to hang on to, to let hang.",0.0,Neutral
háplik,VB,verb,"to give a side stroke, to side sweep, to flick away.",0.0,Neutral
háplit,VB,verb,"to blow, to strike, to hit.",-0.128,Negative
háplus,VB,verb,"to rub with ointment, to smear.",-0.361,Negative
hapon,NN,noun,afternoon,0.0,Neutral
hapún,NN,noun,"japanese, japan.",0.0,Neutral
hápun,NN,noun,afternoon.,0.0,Neutral
hápun,VB,verb,"to alight, to perch, to turn dark in the late afternoon.",0.0,Neutral
hapús,JJ,adjective,"easy, manageable.",0.44,Positive
hápu’,VB,verb,"to be tired, to be exhausted.",-0.66,Negative
hára,NN,noun,"queen, empress.",0.0,Neutral
harákhak,NN,noun,"guffaw, laughter.",0.494,Positive
harákhak,VB,verb,"to guffaw, to laugh loudly.",0.557,Positive
harána,NN,noun,serenade.,0.0,Neutral
harána,VB,verb,"to serenade, to sing to a lady with intentions of courtship.",0.0,Neutral
haranísta,NN,noun,serenaders.,0.0,Neutral
harásharás,JJ,adjective,"harsh in manner, lacking in social refinement.",-0.44,Negative
hardín,NN,noun,garden.;  gardener.,0.0,Neutral
harína,NN,noun,flour.,0.0,Neutral
hári’,NN,noun,"king, emperor.",0.0,Neutral
hári’,VB,verb,"to be king, to rule as a king, to reign.",0.0,Neutral
haroan,NN,noun,a mudfish,0.0,Neutral
harupot,NN,noun,breeze synonym: huyuhoy,0.0,Neutral
harúput,NN,noun,breeze.,0.0,Neutral
harúthut,VB,verb,"to sew in big stitches, to patch.",0.0,Neutral
hásta,RB,adverb,until.,0.0,Neutral
hátag,NN,noun,"gift, donation.",0.44,Positive
hátag,VB,verb,"to give, to make a gift, to bestow, to assign, to award.",0.751,Positive
hatúd,VB,verb,"to deliver personally, to carry a message.",0.0,Neutral
hatúkhatúk,VB,verb,"to prick, to hurt, to chop, to make several cuts with a sharp instrument.",-0.791,Negative
hawak,NN,noun,"( anatomy ) waist ( body part ) synonyms: ubit , ulubitan",0.0,Neutral
háwak,NN,noun,waistline.,0.0,Neutral
háwan,VB,verb,"to clear, to clean from obstruction, to clear a crowded area.",0.784,Positive
hawáthawát,VB,verb,"to crave badly, to eat little by little.",-0.477,Negative
haway,JJ,adjective,"exposed , visible",-0.077,Negative
háwa’,VB,verb,"to make way, to leave an open space, to open a passage.",-0.052,Negative
háwid,VB,verb,"to retain, to stay, to keep possession of.",0.0,Neutral
háw’as,VB,verb,"to take out of, to remove from inside, to deliver from a container.",0.0,Neutral
háyag,JJ,adjective,"bright, shiny.",0.44,Positive
háyag,VB,verb,to become bright.,0.44,Positive
hayáhay,NN,noun,"flag, banner.",0.0,Neutral
hayángháyang,VB,verb,to lie down lazily.,0.0,Neutral
hayát,JJ,adjective,"slender, thin, lean.",0.0,Neutral
hayáw,VB,verb,"to make as if to strike, to threaten to strike, to raise the hand as if to strike.",-0.226,Negative
háya’,VB,verb,to lay out a corpse.,-0.572,Negative
háyhay,VB,verb,"to sigh, to moan, to utter a plaint or wail.",-0.128,Negative
háylu,VB,verb,"to convince, to induce.",0.25,Positive
háyup,NN,noun,animal.,0.0,Neutral
hayú’,NN,noun,"pet name, nickname.",0.0,Neutral
héfe,NN,noun,chief.,0.0,Neutral
henerál,NN,noun,"general, army officer with the rank of general.",0.0,Neutral
heneró,NN,noun,"cloth, bale of cloth.",0.0,Neutral
heringílya,NN,noun,syringe.,0.0,Neutral
hibalú,VB,verb,"to know, to be aware of, to understand, to comprehend.",0.0,Neutral
hibí’,VB,verb,"to cry, to weep, to whimper.",-0.778,Negative
hibubún’ut,VB,verb,"to sob, sigh convulsively.",-0.226,Negative
hidá’it,NN,noun,"peace, tranquility.",0.743,Positive
hidá’it,JJ,adjective,"peaceful, tranquil.",0.527,Positive
hídlaw,NN,noun,"longing, homesickness.",-0.44,Negative
hídlaw,VB,verb,"to long for, to yearn for, to be homesick, to wish to see personally.",0.25,Positive
higád,RB,adverb,"alongside, beside, on the edge.",0.0,Neutral
higánte,NN,noun,giant.,0.0,Neutral
higayún,RP,particle,"in the event that, in the circumstance that.",0.0,Neutral
hígda’,VB,verb,to lie down.,0.0,Neutral
hígku’,NN,noun,"rubbish, dirt, dust, blemish, blot.",-0.34,Negative
hígku’,JJ,adjective,"dirty, dusty.",-0.44,Negative
hígku’,VB,verb,"to be dirty, to soil, to defile, to litter.",-0.44,Negative
higúgma,NN,noun,"love, affection.",0.823,Positive
higúgma,VB,verb,"to love, to have affection for, to adore.",0.904,Positive
hígup,VB,verb,"to sip, to suck up, to slurp, as a soup.",-0.44,Negative
higút,NN,noun,"rope, string.",0.0,Neutral
higút,VB,verb,"to bind, to tie, to secure, to fasten with a string or a rope.",0.34,Positive
hikab,NN,noun,( pathology ) asthma synonym: usang,0.0,Neutral
híkap,VB,verb,"to touch with the hand, to feel, to handle.",0.494,Positive
híkaw,NN,noun,"envy, jealousy.",-0.527,Negative
híkaw,VB,verb,"to envy, to be jealous of.",-0.625,Negative
híkay,VB,verb,"to find fault, to ridicule, to despise.",-0.796,Negative
hikog,VB,verb,to commit suicide,-0.511,Negative
híkut,NN,noun,cooked food.,0.0,Neutral
híkut,VB,verb,"to get ready, to bring on, to cook, to prepare in the kitchen.",0.361,Positive
hilabút,VB,verb,"to interfere, to meddle.",0.0,Neutral
hílak,VB,verb,"to cherish, to hesitate to spend or give away because of sentimental or monetary value, to have high regard for.",0.637,Positive
hilamún,NN,noun,"grass, weed.",0.0,Neutral
hilám’us,VB,verb,to wash the face.,0.0,Neutral
hilanat,NN,noun,( pathology ) cold synonym: sip-on,0.0,Neutral
hilanat,NN,noun,fever synonym: kalentura,0.0,Neutral
hilánat,NN,noun,fever.,0.0,Neutral
hilánat,VB,verb,"to have a fever, to be feverish.",0.0,Neutral
hílap,VB,verb,to cut into thin slices with an extremely sharp knife.,-0.273,Negative
hilapít,RB,adverb,"near, in the vicinity of.",0.0,Neutral
hiláw,JJ,adjective,"raw, unripe, fresh.",0.318,Positive
hiláy,VB,verb,"to lean, to incline, to slant.",0.0,Neutral
hilayú’,RB,adverb,"far away, remote.",0.0,Neutral
hiliugyon,VB,verb,to unite,0.0,Neutral
hiliugyon,VB,verb,"to agree , cooperate",0.361,Positive
hílu,NN,noun,thread.,0.0,Neutral
hílut,NN,noun,midwife.,0.0,Neutral
hílut,VB,verb,"to massage, to rub.",0.0,Neutral
hilú’,NN,noun,poison.,-0.542,Negative
hilú’,VB,verb,"to poison, to give poison to.",-0.791,Negative
hílway,JJ,adjective,"free, independent, safe.",0.735,Positive
hílway,NN,noun,"freedom, independence.",0.637,Positive
híl’ub,VB,verb,"to complete, to finish, to terminate planting or tilling the soil.",0.0,Neutral
híl’um,VB,verb,"to guess, to sense, to suspect.",-0.296,Negative
hima,NN,noun,ice synonym: yelo hima kag kalayo ice and fire,-0.34,Negative
himatayon,NN,noun,the waning moon,0.0,Neutral
himaya,NN,noun,glory ; worship or praise,0.852,Positive
himáya’,NN,noun,"happiness, glory, bliss.",0.896,Positive
hímbis,NN,noun,fish scales.,0.0,Neutral
hímpit,JJ,adjective,"perfect, faultless.",0.772,Positive
hímu,VB,verb,"to make, to do, to perform.",0.0,Neutral
himúd’us,NN,noun,effort.,0.0,Neutral
himúd’us,VB,verb,"to exert oneself, to make great effort.",0.625,Positive
himúlat,VB,verb,"to strive to obtain, to be earnest.",0.511,Positive
himúlbul,VB,verb,to pluck clean of feathers or fur.,0.402,Positive
himulús,VB,verb,"to be of use, to make serviceable, to take advantage of.",0.25,Positive
himúnung,JJ,adjective,"quiet, silent.",0.0,Neutral
himúnung,VB,verb,"to become quiet, to become noiseless.",0.0,Neutral
hímus,VB,verb,"to arrange, to put away in an orderly manner.",0.0,Neutral
himútad,VB,verb,"to scrutinize, to look at closely.",0.0,Neutral
himutígun,NN,noun,"denial, refusal.",0.0,Neutral
hím’ung,JJ,adjective,"modest, refined, demure, graceful.",0.459,Positive
hinablos,NN,noun,nephew ; niece,0.0,Neutral
hináblus,NN,noun,"niece, nephew.",0.0,Neutral
hinakay,NN,noun,"a charge , fare , or fee",0.0,Neutral
hinakay,NN,noun,payment,0.0,Neutral
hinakay,NN,noun,rent,0.0,Neutral
hinákay,VB,verb,"to hire, to pay for rent.",-0.103,Negative
hinalabuab,NN,noun,offspring,0.0,Neutral
hinali,JJ,adjective,sudden,0.0,Neutral
hináli’,RB,adverb,"abruptly, suddenly.",0.0,Neutral
hinambalan,NN,noun,promise,0.318,Positive
hinámbit,VB,verb,"to mention, to refer to, to allude.",0.0,Neutral
hinámput,VB,verb,"to draw near, to approach, to move in the direction of the speaker.",0.0,Neutral
hináw,VB,verb,to wash hands or face.,0.0,Neutral
hínay,RB,adverb,"slowly, gently.",0.459,Positive
hínay,JJ,adjective,"slow, weak, tender.",-0.44,Negative
hínay,VB,verb,"to do slowly, to be weak or gentle.",0.0,Neutral
hingabot,NN,noun,lust,0.0,Neutral
hingabút,VB,verb,"to draw, to try to reach, to persecute, to molest, to seek to obtain.",-0.727,Negative
hingagáw,VB,verb,"to reach the goal, to complete, to finish.",0.026,Neutral
hingálan,VB,verb,"to name, to call by name.",0.0,Neutral
hingamú,VB,verb,"to covet, to desire, to strive to obtain.",0.402,Positive
hinganiban,NN,noun,weapon synonym: armas,-0.296,Negative
hinganíban,NN,noun,weapon.,-0.296,Negative
hingap-us,VB,verb,to commit suicide by hanging,-0.511,Negative
hingapús,VB,verb,"to end, to finish, to complete, to terminate.",0.0,Neutral
hingí’ki’,VB,verb,to clean the teeth of tartar.,0.402,Positive
hingudto,NN,noun,the sun's zenith ; midday,0.0,Neutral
hingukú,VB,verb,"to cut the nails, to trim and clean the fingernails.",0.153,Positive
hinguyang,NN,noun,expense,0.0,Neutral
hingúyang,NN,noun,food preparation.,0.0,Neutral
hingúyang,VB,verb,"to hesitate to spend, to waste, to spend unwisely.",-0.599,Negative
híngyu’,VB,verb,"to think, to plan, to have the intention, to deliberate.",0.0,Neutral
hínhin,JJ,adjective,"graceful, demure, dainty.",0.459,Positive
híning,JJ,adjective,"shiny, polished.",0.0,Neutral
hínis,VB,verb,"to rub, to polish, to clean.",0.402,Positive
hinlo,JJ,adjective,"smooth , level",0.0,Neutral
hinlo,VB,verb,"polish , shine",0.0,Neutral
hínlu’,JJ,adjective,"smooth, elegant, dainty.",0.477,Positive
hinugyaw,NN,noun,excitement,0.494,Positive
hinúlsul,NN,noun,"repentance, regret, remorse.",-0.599,Negative
hinúlsul,VB,verb,"to be sorry for, to repent, to regret.",-0.477,Negative
hinun’ánun,VB,verb,"to exchange views on a subject, to apeak about, to discuss.",0.0,Neutral
hípag,NN,noun,"sister-in-law, brother-in-law.",0.0,Neutral
hiphip,NN,noun,bribe,-0.202,Negative
hiphip,VB,verb,"to bribe synonyms: buya , liklik",-0.202,Negative
hípid,JJ,adjective,"neat, orderly, dressy.",0.459,Positive
hipos,JJ,adjective,silent ; quiet synonym: humal,0.0,Neutral
hípus,JJ,adjective,"quiet, silent, still.",0.0,Neutral
hípus,NN,noun,"stillness, silence, quietness.",0.0,Neutral
hípus,VB,verb,"to be silent, to keep quiet, to keep still.",0.0,Neutral
hírup,JJ,adjective,"intimate, tender.",0.0,Neutral
hírup,NN,noun,"comrade, friend, close friend.",0.751,Positive
hísa,NN,noun,"envy, jealousy.",-0.527,Negative
hísa,JJ,adjective,"envious, jealous, selfish.",-0.802,Negative
hisáyud,VB,verb,"to ask for an explanation, to request information.",0.0,Neutral
hítad,VB,verb,"to stretch, to open and smooth out as of cloth or paper.",0.0,Neutral
híta’,NN,noun,"thigh, crotch.",0.0,Neutral
híwat,VB,verb,"to celebrate, to hold a feast.",0.572,Positive
híwa’,NN,noun,"chunck, sliced piece, one slice.",0.0,Neutral
híwa’,VB,verb,"to slice, to carve, to cut to pieces.",-0.273,Negative
hiwit,NN,noun,"a bewitchment , charm , or spell",0.402,Positive
hiyas,NN,noun,jewel,0.361,Positive
hiyás,NN,noun,"precious stone, gem.",0.572,Positive
híyud,VB,verb,to stretch out.,0.0,Neutral
hornál,NN,noun,"laborer, workman.",0.0,Neutral
hoyohoy,NN,noun,alternative spelling of huyuhoy,0.0,Neutral
huad,NN,noun,something that is counterfeit or facsimile,0.0,Neutral
huaran,NN,noun,example,0.0,Neutral
húbad,VB,verb,"to loosen, to untie, to solve, to translate.",0.202,Positive
hubág,NN,noun,"swelling, boil.",0.0,Neutral
hubág,JJ,adjective,"swollen, bulging.",0.0,Neutral
hubág,VB,verb,"to swell, to bulge.",0.0,Neutral
hubás,VB,verb,"to evaporate, to dry up.",0.0,Neutral
húben,JJ,adjective,young.,0.0,Neutral
húblag,NN,noun,"social compatibility, social movement, organization with revolutionary functions and aims.",0.0,Neutral
húblas,JJ,adjective,naked.,0.0,Neutral
húblas,VB,verb,"to strip off, to take off.",0.0,Neutral
hubog,JJ,adjective,drunk ; intoxicated synonym: balong,-0.34,Negative
hubu,JJ,adjective,naked ; bare synonym: hublas,0.0,Neutral
hubu,VB,verb,to strip ; to undress synonym: hublas,0.0,Neutral
hubug,JJ,adjective,alternative spelling of hubog ( “ drunk; intoxicated ” ),-0.34,Negative
hubúg,NN,noun,drunk;  drunkard.,-0.34,Negative
hubúg,VB,verb,"to become drunk, to drink to excess.",-0.34,Negative
hubún,NN,noun,group.,0.0,Neutral
húbu’,JJ,adjective,"naked, unclad.",0.0,Neutral
húbu’,VB,verb,"to unclad, to take off.",0.0,Neutral
hudéyu,NN,noun,jew.,0.0,Neutral
hugák,JJ,adjective,loose.,-0.318,Negative
hugák,VB,verb,"to untie, to loosen.",0.0,Neutral
hugakúm,VB,verb,"to clasp in the fist, to grab, to grasp, to usurp.",0.0,Neutral
húgas,VB,verb,to wash hands and other objects except clothes.,0.0,Neutral
hugot,JJ,adjective,alternative spelling of hugut,0.0,Neutral
húgpa’,VB,verb,"to land, to perch, to come to rest especially of flying objects.",0.0,Neutral
húgpung,NN,noun,"bundle, bouquet.",0.0,Neutral
húgpung,VB,verb,"to make a bundle, to join together as a group.",0.296,Positive
hugut,JJ,adjective,tight,0.0,Neutral
hugút,JJ,adjective,tight.,0.0,Neutral
húgyaw,NN,noun,"noisy laughter, enjoyment.",0.727,Positive
húgyaw,VB,verb,"to be joyful, to cheer.",0.802,Positive
húkas,VB,verb,"to remove, to detach, to take off.",0.0,Neutral
hukson,VB,verb,"detach , dismount",0.0,Neutral
hukúm,NN,noun,judge.,0.0,Neutral
hukúm,VB,verb,"to pass judgement, to try a court case.",0.0,Neutral
húk’ab,VB,verb,to loosen and fall off.,0.0,Neutral
húlag,NN,noun,"movement, action.",0.0,Neutral
húlag,VB,verb,"to move, to stir, to get busy.",0.0,Neutral
hulám,VB,verb,to borrow.,0.0,Neutral
húlas,NN,noun,"perspiration, moisture.",0.0,Neutral
húlas,VB,verb,to perspire.,0.0,Neutral
hulát,NN,noun,"waiting, expectations.",0.0,Neutral
hulát,VB,verb,"to wait, to expect, to be ready for.",0.361,Positive
húlid,VB,verb,"to lie alongside, to lie together.",0.0,Neutral
hulík,VB,verb,to snap at or to swallow the bait.,0.0,Neutral
hulip,NN,noun,patch,0.0,Neutral
húlip,VB,verb,"to fill in strips, to patch a hole in a mat.",0.0,Neutral
hulonan,NN,noun,roost,0.0,Neutral
húlug,VB,verb,"to fall down, to tumble.",0.0,Neutral
hulugpaan,NN,noun,airport hulugpaan sang roxas roxas airport,0.0,Neutral
hulúnan,NN,noun,"roost, place for resting.",0.0,Neutral
hulúnan,VB,verb,"to roost, to settle down for rest or sleep as with fowls.",0.0,Neutral
hulusayon,NN,noun,question,0.0,Neutral
húlyo,NN,noun,july.,0.0,Neutral
humán,JJ,adjective,"finished, completed, terminated.",0.0,Neutral
humán,VB,verb,"to terminate, to accomplish, to finish.",0.421,Positive
humáy,NN,noun,rice plant.,0.0,Neutral
humbak,NN,noun,( ocean ) wave,0.0,Neutral
humbak,NN,noun,"sea , ocean",0.0,Neutral
humbak,NN,noun,"( of a task ) difficulty , distress",-0.7,Negative
húmlad,VB,verb,"to spread out, to open, to unfold.",0.0,Neutral
húmuk,JJ,adjective,"soft, feathery.",0.0,Neutral
húmuk,VB,verb,"to become soft, to become tender.",0.0,Neutral
humút,NN,noun,"smell, odor.;  cologne, perfume, essence.",0.0,Neutral
humút,JJ,adjective,"fragrant, sweet smelling, odorous.",0.459,Positive
hunás,NN,noun,low tide.;  beach.,-0.273,Negative
hunás,VB,verb,to have low tide.,-0.273,Negative
huná’,JJ,adjective,"fragile, frail.",0.0,Neutral
huná’huná’,NN,noun,"thoughts, ideas, opinion.",0.0,Neutral
huná’huná’,VB,verb,"to think, to have the idea, to consider.",0.0,Neutral
hungúd,JJ,adjective,intentional.,0.0,Neutral
hungúd,VB,verb,"to do intentionally, to act voluntarily.",0.0,Neutral
huní,NN,noun,"sound, chirp, whine.",-0.361,Negative
huní,VB,verb,"of birds and insects, to hum, to chirp, to whistle.",0.0,Neutral
húnit,JJ,adjective,"durable, lasting.",0.0,Neutral
húnung,VB,verb,"to stop, to cease, to detain.",-0.612,Negative
hunús,NN,noun,"shelf, drawer.",0.0,Neutral
húnus,VB,verb,"to draw out, to pull out as a drawer.",0.0,Neutral
hunúsbu’,JJ,adjective,"fretful, whimpering.",0.0,Neutral
húnyo,NN,noun,june.,0.0,Neutral
hún’ug,NN,noun,"dew, moisture on the ground.",0.0,Neutral
hupa,NN,noun,nightmare,0.0,Neutral
hupay,NN,noun,nightmare.,0.0,Neutral
hupút,VB,verb,"to keep, to hold, to have.",0.0,Neutral
huragúk,NN,noun,snore.,0.0,Neutral
huragúk,VB,verb,to snore.,0.0,Neutral
huramúl,JJ,adjective,damp.,0.0,Neutral
hurínghúring,NN,noun,"rumor, news.",0.0,Neutral
hurínghúring,VB,verb,"to be rumored, to be spread as news.",0.0,Neutral
húrma,NN,noun,"mold, cast.",0.0,Neutral
húrma,VB,verb,"to mold, to fit into a cast.",0.361,Positive
húrno,NN,noun,oven.,0.0,Neutral
húrno,VB,verb,to bake in an oven.,0.0,Neutral
hurubatún,NN,noun,"maxim, saying.",0.0,Neutral
hurúng,NN,noun,"bad guy, goon.",-0.542,Negative
huruśhurus,JJ,adjective,"cad, rude, without gentlemanly instincts.",-0.459,Negative
husay,NN,noun,comb,0.0,Neutral
húsay,NN,noun,"comb, settlement, solution.",0.318,Positive
húsay,VB,verb,"to comb one’s hair, to settle, to arrange, to set in order.",0.0,Neutral
húslu’,VB,verb,"to unsheathe, to draw out by accident, to drop off its container.",-0.637,Negative
hústu,RB,adverb,"enough, adequate, correct, fit, just right.",0.527,Positive
hutik,NN,noun,whisper,0.0,Neutral
hutik,VB,verb,to whisper,0.0,Neutral
hutík,NN,noun,whisper.,0.0,Neutral
hutík,VB,verb,to speak in a whisper.,0.0,Neutral
huwád,VB,verb,"to copy, to duplicate.",0.0,Neutral
huwés,NN,noun,judge.,0.0,Neutral
húy,UH,interjection,"hey, oh.",0.0,Neutral
húyab,VB,verb,to run away suddenly with great speed.,0.625,Positive
húyang,JJ,adjective,"rickety, shaky.",-0.226,Negative
húyang,VB,verb,"to shake, to be rickety.",-0.178,Negative
huyá’,NN,noun,"shame, disgrace.",-0.743,Negative
huyá’,JJ,adjective,"disgraceful, shameful.",-0.494,Negative
huyá’,VB,verb,"to be ashamed, to feel reproach.",-0.477,Negative
huyá’huyá’,NN,noun,sensitive plant.,0.0,Neutral
huyop,VB,verb,to blow,0.0,Neutral
huyuhoy,NN,noun,breeze synonym: harupot,0.0,Neutral
huyúp,NN,noun,"blast, blow, breath.",0.0,Neutral
huyúp,VB,verb,"to blow, to breathe upon, to expel breath.",-0.44,Negative
húy’ab,NN,noun,yawn.,0.0,Neutral
húy’ab,VB,verb,to yawn.,0.0,Neutral
hu’ád,JJ,adjective,counterfeit.,0.0,Neutral
hu’ád,NN,noun,"copy, duplicate.",0.0,Neutral
hu’ád,VB,verb,to copy.,0.0,Neutral
hú’u,RB,adverb,"yes, affirmative particle.",0.402,Positive
hu’úl,NN,noun,"sadness, woe.",-0.691,Negative
hu’út,JJ,adjective,tight.,0.0,Neutral
hu’út,NN,noun,tightness.,0.0,Neutral
hwébes,NN,noun,thursday.,0.0,Neutral
ibábaw,RB,adverb,"on top of, on the surface.",0.202,Positive
ibábaw,VB,verb,"to be on top of, to put on top.",0.382,Positive
ibán,NN,noun,"other, some other.",0.0,Neutral
íbid’íbid,VB,verb,"to chaperon, to tag along, to tail along.",0.0,Neutral
íbug,VB,verb,"to have a passion for, to crave for.",0.459,Positive
íbug,NN,noun formative,’íbug akú sang páhu’.,0.0,Neutral
íbug,NN,noun formative,si gabriel.,0.0,Neutral
idalum,NN,noun,underneath ; beneath ; below,0.0,Neutral
idálum,RB,adverb,"underneath, below, at the bottom.",0.0,Neutral
idálum,VB,verb,"to put under, to demote, to descend.",0.0,Neutral
ídas,NN,noun,"furrow, line.",0.0,Neutral
ídas,VB,verb,"to line, to furrow.",0.0,Neutral
idík,NN,noun,"pigling, piglet.",0.0,Neutral
ídlab,VB,verb,"to catch fire, to burst into flame.",-0.34,Negative
idú’,NN,noun,dog.,0.0,Neutral
iga,VB,verbal affix,designating proposed action for instrumental focus.,0.0,Neutral
ígham,VB,verb,"to cough slightly, to clear the throat so as to attract attention.",0.623,Positive
iglésya,NN,noun,church.,0.0,Neutral
ignorante,JJ,adjective,"ignorant synonyms: pakok , urais",-0.273,Negative
ignorante,NN,noun,"ignoramus synonyms: pakok , urais",-0.44,Negative
ígpat,VB,verb,"to spark, to flicker, to twinkle as of stars.",0.226,Positive
igsú’un,NN,noun,relation between godchild and children of godparents.,0.0,Neutral
ígut,VB,verb,"to creak, to emit a grating sound by friction.",-0.103,Negative
igú’,VB,verb,"to fit, to accommodate.",0.361,Positive
íhaw,VB,verb,"to broil, to roast over live coal.",0.0,Neutral
ihi,NN,noun,urine ; pee,0.0,Neutral
íhi,NN,noun,axle bar.,0.0,Neutral
íhi’,NN,noun,urine.,0.0,Neutral
íhi’,VB,verb,"to urinate, to pass water.",0.0,Neutral
ikáw,PRP,pronoun,you (singular second person nominal pronoun).,0.0,Neutral
íkit,JJ,adjective,"close together, dense, least possible space between the elements.",0.0,Neutral
ikog,NN,noun,tail,0.0,Neutral
ikog,VB,verb,to tail ( follow closely ),0.0,Neutral
íkug,NN,noun,tail.,0.0,Neutral
ikúg’íkug,VB,verb,"to tail along, to tag along, to wag the tail as a dog.",-0.052,Negative
ilá,JJ,adjective,"elusive, untamed, undomesticated.",0.0,Neutral
íla,PRP,pronoun,"their, theirs (third person plural pre-position source pronoun).",0.0,Neutral
ilaga,NN,noun,mouse synonym: balabaw,0.0,Neutral
ilagá’,NN,noun,"rodent, rat, mouse.",0.0,Neutral
ilayá,NN,noun,"hinterland, remote area.",0.0,Neutral
íla’,VB,verb,"to like, to admire, to appreciate, to wish for.",0.875,Positive
ilig,VB,verb,"to flow , run , stream ang túbig naga ílig . the water is flowing .",0.0,Neutral
ílig,NN,noun,"flow, current.;  ditch, drainage.",0.0,Neutral
ílig,VB,verb,"to flow, to run through.",0.0,Neutral
ilímnun,NN,noun,"drink, beverage, liquor.",0.0,Neutral
ílis,VB,verb,"to change, to alter, to vary, to replace, to exchange.",0.0,Neutral
ilisan,NN,noun,dressing room where someone changes clothing,0.0,Neutral
ilo,NN,noun,orphan,0.0,Neutral
ilok,NN,noun,( anatomy ) armpit,0.0,Neutral
ilong,NN,noun,nose,0.0,Neutral
ílu,NN,noun,orphan.,0.0,Neutral
ílu,VB,verb,"to become an orphan, to be orphaned.",0.0,Neutral
ílug,VB,verb,"to follow, to imitate, to copy, to forge.",0.0,Neutral
íluk,NN,noun,armpit.,0.0,Neutral
ilúng,NN,noun,nose.,0.0,Neutral
ilúy,NN,noun,mother.,0.0,Neutral
imbénto,NN,noun,"invention, creation.",0.273,Positive
imbénto,VB,verb,"to invent, to devise.",0.0,Neutral
imbestigár,VB,verb,"to investigate, to censure.",0.0,Neutral
imbitasyón,NN,noun,invitation.,0.0,Neutral
imprénta,NN,noun,printing press.,0.0,Neutral
imprénta,VB,verb,"to print, to put in paper through a printing press.",0.0,Neutral
ímpun,VB,verb,"to join together, to conglomerate, to associate, to pull talents together.",0.637,Positive
impúntu,RB,adverb,"of time, sharp, on the dot.",0.0,Neutral
impyérno,NN,noun,"hell, nether world.",-0.681,Negative
ímu,PRP,pronoun,"your, yours (second person singular pre-position source pronoun).",0.0,Neutral
ímul,JJ,adjective,"poor, impoverized.",-0.477,Negative
ímul,VB,verb,"to become poor, to lose money or wealth.",-0.382,Negative
ímun,NN,noun,"jealousy, envy.",-0.527,Negative
ímun,VB,verb,to feel jealous.,-0.459,Negative
inánu,NN,noun,"dwarfish man, man of dwarfish proportions.",0.0,Neutral
iná’,DT,deictic,that (far from the speaker).,0.0,Neutral
índay,NN,noun,"younger girls of age one to fifteen, address term for girls chronologically younger than the speaker, address term for unfamiliar non-acquainted informal relationship.",0.0,Neutral
indi,RB,adverb,no ; not antonym: huo,-0.296,Negative
indi,UH,interjection,no antonym: huo,-0.296,Negative
índis’índis,NN,noun,"contest, competition.",0.0,Neutral
índis’índis,VB,verb,"to hold a contest, to compete.",0.0,Neutral
índi’,RB,adverb,"negative particle, no.",-0.572,Negative
ineksyón,NN,noun,"injection, syringe.",0.0,Neutral
ineksyón,VB,verb,"to inject, to prick with a needle.",-0.34,Negative
ingít,JJ,adjective,"irritable, angry, in bad temper.",-0.914,Negative
ingít,VB,verb,"to be in a bad mood, to be irritated.",-0.758,Negative
ingkáhi,NN,noun,"lace, trimming for a dress.",0.0,Neutral
ingkántu,NN,noun,"fairy, evil spirit.",-0.572,Negative
ingkántu,JJ,adjective,enchanted.,0.382,Positive
ingol,NN,noun,"scarcity , dearth",-0.511,Negative
íngud,VB,verb,"to be close by, to move closer, to be intimate with, be beside of.",0.0,Neutral
íngus,VB,verb,"to sniffle, to draw air audibly.",0.0,Neutral
iní,DT,deictic,this (near the speaker).,0.0,Neutral
inínglis,NN,noun,english language.,0.0,Neutral
init,NN,noun,heat antonym: lamig,0.0,Neutral
ínit,NN,noun,"heat, temperature, heat of the sun, anger.",-0.572,Negative
ínit,JJ,adjective,"warm, hot, in rage, passionate.",0.178,Positive
ínit,VB,verb,"to heat, to boil, to make angry, to enrage, to boil with passion or rage.",-0.818,Negative
inítan,NN,noun,sunshine.,0.494,Positive
inosénte,JJ,adjective,innocent.,0.34,Positive
inpierno,NN,noun,hell,-0.681,Negative
inpierno,NN,noun,place of religious damnation,-0.557,Negative
insúltu,NN,noun,"insult, ridicule.",-0.743,Negative
insúltu,VB,verb,"to insult, to ridicule, to affront.",-0.743,Negative
interés,NN,noun,"interest, raise.",0.459,Positive
interés,VB,verb,"to be interested in, to covet.",0.402,Positive
intsík,NN,noun,chinese.,0.0,Neutral
íntu’,NN,noun,flattery.,0.103,Positive
íntu’,VB,verb,"to convince with good graces, to play ball with emotions, to flatter.",0.852,Positive
inúg-,NN,noun formative,instrumental noun formative affix.,0.0,Neutral
inúm,NN,noun,"drink, beverage, liquor;  beverage, liquor.",0.0,Neutral
inúm,VB,verb,"to drink, to take in.",0.0,Neutral
inúmul,NN,noun,"fist, clinched fist.",0.0,Neutral
ínut,JJ,adjective,"frugal, stingy, thrifty.",-0.382,Negative
inútil,JJ,adjective,"useless, decrepit, disabled.",-0.421,Negative
ínyu,PRP,pronoun,"your, yours (second person plural pre-position source pronoun).",0.0,Neutral
ípa-,VB,verbal affix,designating causation of action by the actor.,0.0,Neutral
íping,VB,verb,"to seat next to, to be at the side of, to adjoin.",0.0,Neutral
ípit,VB,verb,"to compress, to squeeze, to press between.",0.0,Neutral
ipot-ipot,NN,noun,firefly,0.0,Neutral
íput,NN,noun,"feces, animal waste matter;  anus.",-0.402,Negative
íput,VB,verb,to move the bowel.,0.0,Neutral
irás,VB,verb,"to feel uncomfortable with, to have a low regard for.",-0.572,Negative
isá,CD,numeral,one;  first.,0.0,Neutral
isa pa,JJ,adjective,"likewise , plus",0.0,Neutral
isa pa,JJ,adjective,another,0.0,Neutral
isda,NN,noun,fish,0.0,Neutral
ísda’,NN,noun,fish.,0.0,Neutral
ísda’,VB,verb,"to catch fish, to go out to the sea to catch fish.",0.0,Neutral
ísip,NN,noun,"number, count.",0.077,Positive
ísip,VB,verb,"to count, to reckon, to enumerate.",0.0,Neutral
ísi’ísi,VB,verb,"to walk unsteadily, to stagger, to be unsteady in walking.",0.0,Neutral
ispíya,NN,noun,"spy, fifth column.",0.0,Neutral
ispíya,VB,verb,"to spy, to watch closely.",0.0,Neutral
istórya,NN,noun,"conversation, story.",0.0,Neutral
istórya,VB,verb,"to tell a story, to converse.",0.0,Neutral
ísu,NN,noun,chalk.,0.0,Neutral
ísug,NN,noun,"courage, boldness, bravery.",0.836,Positive
ísug,JJ,adjective,"bold, brave, courageous.",0.856,Positive
ísug,VB,verb,"to become courageous, to make one’s self brave to face adversities.",0.649,Positive
ísul,VB,verb,"to retreat, to move back, to step back so as to make way.",0.202,Positive
íswag,VB,verb,"to move over, to extend, to move away, to make room.",0.178,Positive
ítik,NN,noun,duckling.,0.0,Neutral
ítik,VB,verb,to tickle.,0.0,Neutral
itikíta,NN,noun,"trademark, label.",0.0,Neutral
ítlug,NN,noun,egg.,0.0,Neutral
ítlug,VB,verb,to lay an egg.,0.0,Neutral
itom,JJ,adjective,black ( absorbing all light ),0.0,Neutral
itom,NN,noun,black ( color/colour ),0.0,Neutral
itot,VB,verb,to have sexual intercourse with someone,0.0,Neutral
itot,UH,interjection,when a person shocks suddenly,-0.382,Negative
itúm,JJ,adjective,"black, dark, dark in complexion.",0.0,Neutral
itúm,VB,verb,"to become black, to get a tan.",0.0,Neutral
íwag,NN,noun,"light, illumination.",0.0,Neutral
íwat,JJ,adjective,"grave, seriously ill.",-0.727,Negative
iyá,RP,particle,"specifier distinguishing particle used before or after a deictic, noun or pronoun chosen to be emphasized.",0.0,Neutral
íya,PRP,pronoun,"his, her, hers, its (third person singular pre-position source pronoun).",0.0,Neutral
iyot,NN,noun,( vulgar ) coitus ; sexual intercourse,0.0,Neutral
iyot,VB,verb,"( vulgar ) to have sex ; to screw ; to fuck synonyms: ayod , ayod-ayod , itot",-0.599,Negative
ka-…-anan,NN,noun formative,noun formative affix designating abstract plurality.,0.0,Neutral
ka-…-la…-an,NN,noun formative,noun formative affix designating abstract plurality.,0.0,Neutral
ka-…-lu-…,NN,noun formative,noun formative affix designating abstract plurality of state of being.,0.0,Neutral
ka-…-un,NN,noun formative,"noun formative affix designating state, quality, degree.",0.0,Neutral
kaagahon,NN,noun,dawn,0.0,Neutral
kaambong,NN,noun,handsomeness,0.527,Positive
kaaway,NN,noun,enemy ; foe,-0.751,Negative
kabakahan,NN,noun,cattle,0.0,Neutral
kabalyero,NN,noun,knight,0.0,Neutral
kabalyero,NN,noun,fire-tree ( caesalpinia pulcherrima ),0.0,Neutral
kabalyéro,NN,noun,"knight, gentleman.",0.0,Neutral
kabán,NN,noun,"chest, a native basket holding a quantity of approximately one cavan or 25 liters.",0.0,Neutral
kabangis,JJ,adjective,"fierceness , ferocity",-0.178,Negative
kabangisan,NN,noun,tyranny,0.0,Neutral
kabanyagaan,JJ,adjective,"mean , malicious , vile , wicked",-0.818,Negative
kabanyagaan,NN,noun,"wickedness , malice",-0.477,Negative
kabataon,JJ,adjective,young,0.0,Neutral
kabatá’an,NN,noun,children.,0.0,Neutral
kabáy,RP,particle,"hope so, in all probability, god willing.",0.612,Positive
kabáy,VB,verb,"to wish for, to desire, to request.",0.66,Positive
kabayo,NN,noun,horse,0.0,Neutral
kabáyu’,NN,noun,horse.,0.0,Neutral
kabáyu’,VB,verb,to ride on horseback.,0.0,Neutral
kabesera,NN,noun,head of the table,0.0,Neutral
kabesera,NN,noun,capital synonym: kapital,0.0,Neutral
kabeséra,NN,noun,"head of the table, chairman, leader.",0.0,Neutral
kábig,VB,verb,"to consider, to hold or take for, to look upon as.",0.0,Neutral
kabít,VB,verb,to hand up.,0.494,Positive
kábu,NN,noun,"foreman, overseer.",0.0,Neutral
kabuang,NN,noun,madness ; insanity,-0.765,Negative
kabuang,NN,noun,foolishness ; folly ; idiocy,-0.421,Negative
kabúg,NN,noun,bat.,0.0,Neutral
kabugaw,NN,noun,"pomelo , grapefruit",0.0,Neutral
kabúgaw,NN,noun,"native grapefruit, which is big and sweet.",0.459,Positive
kabuhi,NN,noun,life,0.0,Neutral
kabulig,NN,noun,"assistant , helper",0.34,Positive
kabús,RB,adverb,"not fit, not enough, hapless.",-0.019,Neutral
kabú’,NN,noun,can or container used for pouring water over the body when taking a bath.,0.0,Neutral
káda,JJ,adjective,"every, each.",0.0,Neutral
kadak-an,NN,noun,hall,0.0,Neutral
kadalag-an,NN,noun,success,0.572,Positive
kadam-an,JJ,adjective,many,0.0,Neutral
kadang,NN,noun,stilts nagalakát silá sa kádang . they are walking on stilts .,0.0,Neutral
kádaw,VB,verb,to wade in the water.,0.0,Neutral
kádena,NN,noun,chain.,0.0,Neutral
kadiotay,JJ,adjective,small,0.0,Neutral
kádlaw,NN,noun,laughter.,0.494,Positive
kádlaw,VB,verb,to laugh.,0.557,Positive
kadton,VB,verb,bite,0.0,Neutral
kádtu,VB,verb,"to go to, to depart.",0.0,Neutral
kadugay,NN,noun,duration,0.0,Neutral
kadumot,NN,noun,"hatred , grudge antonym: higugma",-0.637,Negative
kadumut,NN,noun,alternative spelling of kadumot,0.0,Neutral
kafé,NN,noun,coffee.,0.0,Neutral
kág,CC,conjunction,"and, furthermore.",0.0,Neutral
kagab-i,NN,noun,last night,0.0,Neutral
kagáb’i,RB,adverb,"last night, the night preceding.",0.0,Neutral
kagagmayan,NN,noun,the poor or uninfluential members of a community,-0.477,Negative
kagát,VB,verb,"to bite, to snap, to catch between the teeth.",0.0,Neutral
kagaw,NN,noun,germ ; microbe,0.0,Neutral
kágaw,NN,noun,"germ, microbe.",0.0,Neutral
kagayonan,NN,noun,splendor,0.612,Positive
kagulangan,NN,noun,jungle,0.0,Neutral
kagulángan,NN,noun,"forest, uncleared land.",0.0,Neutral
kagúla’,NN,noun,"noise, excitement.",0.494,Positive
kagúla’,VB,verb,"to be noisy, to be excited.",0.178,Positive
kagús,VB,verb,to scrape off.,0.0,Neutral
kag’ína,RB,adverb,variant of ka’ína.,0.0,Neutral
káha,NN,noun,"jewel box, safe.",0.66,Positive
kahápun,RB,adverb,yesterday.,0.0,Neutral
kahas,NN,noun,daringness,0.34,Positive
kahas,NN,noun,violence synonym: bangis,-0.625,Negative
káhas,JJ,adjective,"violent, daring.",-0.34,Negative
káhas,VB,verb,"to dare, to make a challenge, to be violent.",-0.557,Negative
kahéro,NN,noun,cashier.,0.0,Neutral
káhig,VB,verb,"to rake, to shovel.",0.0,Neutral
kahigayúnan,NN,noun,chance.,0.25,Positive
kahikaw,NN,noun,"envy , spite",-0.67,Negative
kahikaw,NN,noun,a grudge,0.0,Neutral
kahíl,NN,noun,nectarine.,0.0,Neutral
kahilwayan,NN,noun,freedom ; liberty synonym: kaluasan,0.823,Positive
kahilwayan,NN,noun,independence,0.0,Neutral
kahimtángan,NN,noun,"situation, condition, position.",0.0,Neutral
kahinguyangan,NN,noun,"expenditure , waste",-0.421,Negative
kahoy,NN,noun,tree,0.0,Neutral
kahubug,NN,noun,drunkenness ; intoxication ; inebriation,0.0,Neutral
kahulugán,NN,noun,meaning.,0.0,Neutral
kahún,NN,noun,box.,0.0,Neutral
káhuy,NN,noun,"tree, wood, timber.",0.0,Neutral
kaisug,NN,noun,courage,0.494,Positive
kakás,VB,verb,"to wash away, to take out, to dissolve.",0.0,Neutral
kakí,JJ,adjective,"brown, tan.",0.0,Neutral
kalabánan,RB,adverb,"mostly, for the greater part.",0.361,Positive
kalabánan,NN,noun,majority.,0.0,Neutral
kalabasa,NN,noun,squash,0.0,Neutral
kalabása,NN,noun,yellow squash.,0.0,Neutral
kalabéra,NN,noun,"skeleton, framework.",0.0,Neutral
kaladlawan,NN,noun,comic,0.0,Neutral
kalag,NN,noun,"soul , spirit , ghost synonyms: espiritu , murto",-0.153,Negative
kalág,NN,noun,"ghost, soul, spirit.",-0.153,Negative
kalagday,NN,noun,"gentleness , tenderness",0.421,Positive
kalaglagan,NN,noun,"destruction , perdition , ruin",-0.818,Negative
kaláha’,NN,noun,frying pan.,0.0,Neutral
kalám,JJ,adjective,"sensitive to tickling, uncomfortable.",-0.382,Negative
kalám,VB,verb,to become ticklish.,0.0,Neutral
kalamánsi’,NN,noun,"lime, lemon.",0.0,Neutral
kalámay,NN,noun,refined sugar.,0.0,Neutral
kalámbre,VB,verb,"to chill, to tremble, to shiver.",-0.273,Negative
kalamidád,NN,noun,calamity.,0.0,Neutral
kalamunding,NN,noun,calamondin,0.0,Neutral
kalán,NN,noun,"native stove usually made of wrought iron elevated on three thin legs, fire pit made of three stones to hold the pot.",-0.34,Negative
kalan-on,NN,noun,"food , especially rice",0.0,Neutral
kálas,VB,verb,to rustle like dry leaves.,0.361,Positive
kalaykáy,NN,noun,rake.,0.0,Neutral
kalayo,NN,noun,"fire ; flame synonyms: dabadaba , sunog",-0.34,Negative
kaldera,NN,noun,kettle,0.0,Neutral
kaldéro,NN,noun,kettle made of wrought iron.,0.0,Neutral
kalendáryo,NN,noun,calendar.,0.0,Neutral
kalésa,NN,noun,"buggy, cart pulled by a horse.",0.0,Neutral
káli,VB,verb,to dig up.,0.0,Neutral
kalibutan,NN,noun,world,0.0,Neutral
kalibútan,NN,noun,"universe, earth, world.",0.0,Neutral
kalikog,VB,verb,to clean ; to probe,0.402,Positive
kalimutáw,NN,noun,eyeball.,0.0,Neutral
kalipay,NN,noun,happiness ; joy,0.813,Positive
kalís,VB,verb,to skim the top so as to make even.,0.202,Positive
kalisang,NN,noun,"horror , terror",-0.796,Negative
kalisang,NN,noun,"fear , fright , panic",-0.844,Negative
kalít,VB,verb,to take the opportunity.,0.421,Positive
kálkal,VB,verb,"of bones from a niche, to dig out.",0.0,Neutral
kalooy,NN,noun,mercy synonym: awa,0.361,Positive
kalooy,NN,noun,compassion,0.459,Positive
kalsada,NN,noun,"road , highway synonym: dalan",0.0,Neutral
kalsada,NN,noun,street synonym: kalye,0.0,Neutral
kálut,VB,verb,"to scratch gently, to ease an itchy feeling.",0.599,Positive
kálu’,NN,noun,"hat, cap.",0.0,Neutral
kalú’uy,NN,noun,"mercy, pity, clemency.",0.077,Positive
kálye,NN,noun,"street, road, avenue.",0.0,Neutral
káma,NN,noun,bed.,0.0,Neutral
kamalig,NN,noun,barn,0.0,Neutral
kamálig,NN,noun,barn.,0.0,Neutral
kámang,VB,verb,"to creep, to crawl, to walk on all fours.",0.0,Neutral
kamángyan,NN,noun,incense.,0.0,Neutral
kamánsi,NN,noun,breadfruit.,0.0,Neutral
kamao,VB,verb,to be,0.0,Neutral
kamaróte,NN,noun,"of a ship, cabin.",0.0,Neutral
kamásun,NN,noun,claw.,0.0,Neutral
kamatáyan,NN,noun,death.,-0.599,Negative
kamatayon,NN,noun,death antonym: kinabuhi,-0.599,Negative
kamatis,NN,noun,tomato,0.0,Neutral
kamátis,NN,noun,tomato.,0.0,Neutral
kamatuoran,NN,noun,truth ; veracity,0.318,Positive
kámbang,JJ,adjective,"spotted, mixed, of two shades or colors.",0.0,Neutral
kámbyu,VB,verb,"to exchange, to barter, to swap.",0.0,Neutral
kamí,PRP,pronoun,we (exclusive first person plural nominal pronoun).,0.128,Positive
kamisadéntro,NN,noun,men’s shirt.,0.0,Neutral
kamiséta,NN,noun,undershirt.,0.0,Neutral
kamisún,NN,noun,"ladies’ full slip, chemise.",0.0,Neutral
kámlut,VB,verb,"to paw, to touch.",0.0,Neutral
kampana,NN,noun,bell,0.0,Neutral
kampanáryu,NN,noun,belfry.,0.0,Neutral
kampánya,NN,noun,campaign.,0.0,Neutral
kampánya,VB,verb,to campaign.,0.0,Neutral
kámpi,VB,verb,"to side with, to be an ally to.",0.0,Neutral
kámpo,NN,noun,camp.,0.0,Neutral
kampyón,NN,noun,champion.,0.599,Positive
kamú,PRP,pronoun,you (plural second person nominal pronoun).,0.0,Neutral
kamumú’u,NN,noun,claw.,0.0,Neutral
kamústa,VB,verb,"to greet, to shake hands with, to inquire of one’s health.",0.153,Positive
kamút,NN,noun,hand.,0.494,Positive
kamúti,NN,noun,sweet potato.,0.459,Positive
kamútingkáhuy,NN,noun,cassava.,0.0,Neutral
kan-on,NN,noun,cooked rice,0.0,Neutral
kanál,NN,noun,"canal, ditch, drainage.",0.0,Neutral
kánay,VB,verb,"to subside as of winds and waves, to become less intense, to abate.",0.002,Neutral
kandádu,NN,noun,padlock.,0.0,Neutral
kandádu,VB,verb,to lock with a padlock.,0.0,Neutral
kánday,RP,particle,personal name marker.,0.0,Neutral
kandidáto,NN,noun,candidate.,0.0,Neutral
kandíla’,NN,noun,candle.,0.0,Neutral
kanding,NN,noun,goat,0.0,Neutral
kánding,NN,noun,goat.,0.0,Neutral
kándus,VB,verb,"to scoop out, to serve on a dish from a pot.",0.153,Positive
kánta,NN,noun,"song, tune.",0.0,Neutral
kánta,VB,verb,"to sing, to chant, to warble.",0.0,Neutral
kantéro,NN,noun,mason.,0.0,Neutral
kantidád,NN,noun,"quantity, amount.",0.0,Neutral
kánto,NN,noun,street corner.,0.0,Neutral
kanú’,NN,noun,american.,0.0,Neutral
kányon,NN,noun,cannon.,0.0,Neutral
kán’un,NN,noun,cooked steamed rice.,0.0,Neutral
kaon,VB,verb,to eat ; to dine kaon ta! let's eat !,0.0,Neutral
kapákapá,VB,verb,"to flutter, to be confused, to be excited so as not able to settle down.",0.026,Neutral
kapampángan,NN,noun,"language spoken principally in pampanga, some four towns in tarlac, and two towns in bata’an.",0.0,Neutral
kapanganuran,NN,noun,the clouds,0.0,Neutral
kapatás,NN,noun,foreman.,0.0,Neutral
kapatid,NN,noun,sibling,0.0,Neutral
kapatol,NN,noun,"strength , determination",0.71,Positive
kapaul,NN,noun,"fatigue , weariness",-0.25,Negative
kapáyas,NN,noun,papaya.,0.0,Neutral
kape,NN,noun,coffee,0.0,Neutral
kapid,NN,noun,twin,0.0,Neutral
kapid,NN,noun,twins,0.0,Neutral
kapid,JJ,adjective,joined side to side ; double,0.0,Neutral
kápid,NN,noun,"twin, double.",0.0,Neutral
kapilya,NN,noun,chapel,0.0,Neutral
kapílya,NN,noun,small chapel.,0.0,Neutral
kapín,RB,adverb,"more than, moreover, in addition.",0.0,Neutral
kapitál,NN,noun,capital.,0.0,Neutral
kapitán,NN,noun,captain.,0.0,Neutral
kapitérya,NN,noun,"cafeteria, canteen.",0.0,Neutral
kapitólyo,NN,noun,"capitol, provincial capitol.",0.0,Neutral
kapituló,NN,noun,chapter.,0.0,Neutral
kápkap,VB,verb,"to grope about, to feel one’s way like a blind man.",-0.052,Negative
kaprítsu,NN,noun,"mood, vices, wiles.",0.0,Neutral
kaprítsu,JJ,adjective,"flighty, vain‚ wily.",0.0,Neutral
kapún,VB,verb,"of pigs or animals, to circumcise.",0.0,Neutral
kapuslánan,NN,noun,"usefulness, advantage.",0.494,Positive
kapút,VB,verb,"to hold onto, to grasp, to clutch.",0.0,Neutral
kapúti,NN,noun,raincoat.,0.0,Neutral
kápuy,NN,noun,"tiredness, exhaustion.",-0.361,Negative
kápuy,VB,verb,"to be tired, to be exhausted.",-0.66,Negative
kápyut,VB,verb,"to hang onto for support, to grasp for support.",0.66,Positive
karabaw,NN,noun,carabao ; water buffalo,0.0,Neutral
karábkab,VB,verb,"to inflame, to ignite, to burst into flame.",0.0,Neutral
kárbaw,NN,noun,"carabao, water buffalo.",0.0,Neutral
karéra,NN,noun,"race, contest.",0.0,Neutral
karéra,VB,verb,"to run a race, to race.",0.0,Neutral
kárga,NN,noun,"cargo, load.",0.0,Neutral
kárga,VB,verb,"to load, to carry a heavy load.",0.0,Neutral
karí,VB,verb,"to approach, to come near the speaker.",0.0,Neutral
karidád,NN,noun,charity.,0.421,Positive
karitéla,NN,noun,horse and buggy.,0.0,Neutral
karitún,NN,noun,wheel.,0.0,Neutral
karnabal,NN,noun,carnival,0.0,Neutral
kárne,NN,noun,meat.,0.0,Neutral
karnéro,NN,noun,sheep.,0.0,Neutral
karon,RB,adverb,"later synonyms: gilayon , madason",0.0,Neutral
karpentéro,NN,noun,carpenter.,0.0,Neutral
karsáda,NN,noun,"road, street.",0.0,Neutral
kartéro,NN,noun,mailman.,0.0,Neutral
kárton,NN,noun,"box, carton.",0.0,Neutral
karún,RB,adverb,later.,0.0,Neutral
karús,VB,verb,"to scratch, to claw.",0.0,Neutral
karúskarús,JJ,adjective,"written hurriedly, non-legible.",0.0,Neutral
karwahe,NN,noun,four - wheeled horse - drawn carriage,0.0,Neutral
kasag,NN,noun,"blue crab , portunus pelagicus ( a large crab found in the intertidal estuaries of the philippine and other southeast asian waters )",0.0,Neutral
kasákit,NN,noun,"suffering, hurt, sorrow.",-0.872,Negative
kasal,VB,verb,to marry,0.0,Neutral
kasál,NN,noun,"marriage, wedding.",0.0,Neutral
kasál,VB,verb,"to perform a marriage, to officiate a wedding.",0.0,Neutral
kasangkápan,NN,noun,"furniture, devices, materials.",0.0,Neutral
kasán’u,RB,adverb,"a while ago, a little time passed.",0.0,Neutral
kaséra,NN,noun,"boarder, person who pays room and board.",0.0,Neutral
kaséra,VB,verb,to pay room and board.,-0.103,Negative
kaseróla,NN,noun,cooking pot.,0.0,Neutral
kasilíngan,NN,noun,neighbor.,0.0,Neutral
kasílyas,NN,noun,toilet.,0.0,Neutral
kasimánwa,NN,noun,folks from the same town or place of origin.,0.0,Neutral
kasing,NN,noun,spinning top,0.202,Positive
kasingkasing,NN,noun,heart synonym: tagiposoon,0.637,Positive
kasirum,NN,noun,evening,0.0,Neutral
kasisit-an,NN,noun,"difficulties , troubles",-0.637,Negative
kasla,VB,verb,imperative passive of kasál,0.202,Positive
káso,NN,noun,"legal case, lawsuit.",-0.103,Negative
kasualidád,UH,interjection,impossible.,0.0,Neutral
kasúdlan,NN,noun,"bowel, intestines.",0.0,Neutral
kasugtánan,NN,noun,"agreement, contract.",0.494,Positive
kasugu’án,NN,noun,"order, command, rule, law.",0.0,Neutral
kasulya,NN,noun,( christianity ) chasuble,0.0,Neutral
katalágman,NN,noun,"danger, hazard, harm, damage.",-0.878,Negative
katalaka,JJ,adjective,"annoying , bothersome",-0.612,Negative
katalanghága’,JJ,adjective,"unbelievable, incredible.",0.202,Positive
katápu’,NN,noun,"member, a person who is in something as a member.",0.0,Neutral
katáru,NN,noun,"cold, running nose.",0.0,Neutral
katáru,VB,verb,to have a cold.,0.0,Neutral
katáw,NN,noun,"nymph, mermaid.",0.0,Neutral
katá’katá’,VB,verb,"to talk idly, to gossip.",-0.178,Negative
katig,NN,noun,outrigger float,0.0,Neutral
katolikó,NN,noun,"catholic, a member of the roman catholic church.",0.0,Neutral
katórse,CD,numeral,fourteen.,0.0,Neutral
kátre,NN,noun,bed.,0.0,Neutral
katsila,JJ,adjective,spanish synonym: espanyol,0.0,Neutral
katsila,NN,noun,spaniard synonym: espanyol,0.0,Neutral
katsíla’,NN,noun,spaniard.,0.0,Neutral
katúl,JJ,adjective,itchy.,-0.273,Negative
katúl,VB,verb,to be itchy.,-0.273,Negative
katulundan,NN,noun,sunset,0.0,Neutral
katulundan,NN,noun,west,0.0,Neutral
katúmbal,NN,noun,pepper plant and fruit.,0.0,Neutral
katúndan,NN,noun,west.,0.0,Neutral
katungdánan,NN,noun,"duty, responsibility, obligation.",0.0,Neutral
kaulangan,VB,verb,to block,-0.44,Negative
kauswagan,NN,noun,advancement ; improvement ; progress,0.7,Positive
kawa,NN,noun,boiler,0.0,Neutral
káwat,NN,noun,"burglar, thief, robber.",-0.791,Negative
káwat,JJ,adjective,"thief, robber.",-0.791,Negative
káwat,VB,verb,"to steal, to rob.",-0.778,Negative
kawatan,NN,noun,thief ; robber ; burglar,-0.791,Negative
káway,VB,verb,"to dangle, to wave a hand, to wave in the wind.",0.494,Positive
kawayan,NN,noun,bamboo,0.0,Neutral
kawáyan,NN,noun,bamboo.,0.0,Neutral
kawayanan,NN,noun,bamboo grove,0.0,Neutral
kawing,NN,noun,copulation,0.0,Neutral
kawing,VB,verb,to copulate,0.0,Neutral
kawit,NN,noun,hook,0.0,Neutral
kawkus,NN,noun,caucus,0.0,Neutral
káw’it,NN,noun,hook.,0.0,Neutral
káw’it,VB,verb,"to hook in, to take hold of by a hook.",0.0,Neutral
kayába,VB,verb,to hurry up.,0.0,Neutral
kayumánggi’,JJ,adjective,"dark brown in complexion, tan.",0.0,Neutral
ka’agánhun,NN,noun,"dawn, early morning.",0.0,Neutral
ka’áway,NN,noun,"enemy, opponent, foe.",-0.751,Negative
ka’ína,RB,adverb,"earlier, a while ago.",0.0,Neutral
ka’íngin,NN,noun,"uphill land, land cleared by burning.",0.103,Positive
ka’íngin,VB,verb,to clear a piece of land by burning.,0.382,Positive
ka’ugalíngun,NN,noun,"own self, one’s own.",0.0,Neutral
ka’ún,VB,verb,"to eat, to devour.",0.0,Neutral
kemiká,NN,noun,chemistry.,0.0,Neutral
kemikó,NN,noun,chemist.,0.0,Neutral
kerída,NN,noun,"mistress, a woman with whom a man cohabitates without the advantage of marriage.",-0.188,Negative
késo,NN,noun,cheese.,0.0,Neutral
kíbul,NN,noun,corn on the feet.,0.0,Neutral
kíbul,VB,verb,to become calloused.,0.0,Neutral
kibún,VB,verb,"to surround, to besiege.",0.0,Neutral
kibút,VB,verb,"to surprise, to jolt, to startle.",-0.052,Negative
kibú’,VB,verb,"to throb, to pound continuously like a heart.",0.772,Positive
kidkid,VB,verb,"to cut in thin slices, to slice very thinly.",-0.273,Negative
kigás,NN,noun,dryness.,0.0,Neutral
kigás,JJ,adjective,"dry, blight.",0.0,Neutral
kíhad,VB,verb,"to slice, with a knife.",0.0,Neutral
kílag,VB,verb,to look about curiously.,0.0,Neutral
kilála,NN,noun,"acquaintance, person with whom one has a facial acquaintance.",0.0,Neutral
kilat,NN,noun,lightning synonym: linti,0.0,Neutral
kilát,NN,noun,lightning.,0.0,Neutral
kilay,NN,noun,( anatomy ) eyebrow,0.0,Neutral
kílay,NN,noun,eyebrow.,0.0,Neutral
kílid,RB,adverb,"beside, on the brink.",0.0,Neutral
kílo,NN,noun,kilogram.,0.0,Neutral
kilométro,NN,noun,"kilometer, unit of distance measure which is equal to approximately 0.62 miles.",0.0,Neutral
kímpit,NN,noun,"pincer, prong, hair clip.",0.0,Neutral
kímpit,VB,verb,"to pick with a pincer, to pin hair together.",0.0,Neutral
kina-…-an,NN,noun formative,noun formative affix designating plurality.,0.0,Neutral
kinabúhi’,NN,noun,"life, life cycle.",0.0,Neutral
kinahánglan,VB,verb,"to have need of, to demand.",-0.128,Negative
kinam,VB,verb,taste,0.0,Neutral
kinánglan,VB,verb,variant of kinahánglan.,0.0,Neutral
kinataohan,NN,noun,birthday,0.0,Neutral
kinaw,VB,verb,"glisten , shine , sparkle",0.421,Positive
kina’ádman,NN,noun,science.,0.0,Neutral
kíngki,NN,noun,native oil or kerosene lamp made usually of an empty bottle with coconut oil or kerosene and a wick.,-0.202,Negative
kinot,VB,verb,economize,0.0,Neutral
kínse,CD,numeral,"fifteen.;  bimonthly, fortnightly.",0.0,Neutral
kíntsay,NN,noun,celery.,0.0,Neutral
kínut,JJ,adjective,"thrifty, economical, frugal.",0.0,Neutral
kíput,VB,verb,"to shut, to close.",0.0,Neutral
kiráb,VB,verb,"to flash, to spark.",0.226,Positive
kisáp,VB,verb,"to blink, to twinkle, to open and shut the eyes rapidly.",0.0,Neutral
kískis,VB,verb,"to scrape with a sharp instrument, to rub with something sharp.",0.0,Neutral
kitá,PRP,pronoun,we (inclusive first person plural nominal pronoun).,0.0,Neutral
kíta’,VB,verb,to see each other.,0.0,Neutral
kitíd,JJ,adjective,"slim, narrow.",0.0,Neutral
kí’um,VB,verb,to close lips together.,0.0,Neutral
kláse,NN,noun,class.,0.0,Neutral
klásiko,JJ,adjective,classic.,0.0,Neutral
kliniká,NN,noun,clinic.,0.0,Neutral
kóbra,VB,verb,to collect money.,0.0,Neutral
kóbra,NN,noun,collector.,0.0,Neutral
kobrekáma,NN,noun,bedspread.,0.0,Neutral
kodák,NN,noun,"camera, picture.",0.0,Neutral
koléhiyo,NN,noun,"college, especially a religious-order-managed school.",0.0,Neutral
kolékta,NN,noun,money collection in church.,0.0,Neutral
kolékta,VB,verb,"to collect, to gather together.",0.0,Neutral
kolera,NN,noun,( pathology ) cholera,0.0,Neutral
kolerá,NN,noun,"cholera, dysentery.",0.0,Neutral
kolintas,NN,noun,rosary,0.0,Neutral
kolíntas,NN,noun,necklace.,0.0,Neutral
kolór,NN,noun,color.,0.0,Neutral
koltson,NN,noun,mattress,0.0,Neutral
komersyánte,NN,noun,small-time businessman who peddles his wares moving from one town to another during market days.,0.0,Neutral
komidór,NN,noun,diningroom.,0.0,Neutral
kompányar,VB,verb,"to accompany with a piano, to join in.",0.296,Positive
kompanyero,NN,noun,"companion , partner , friend",0.494,Positive
kompanyero,NN,noun,associate,0.0,Neutral
kompanyero,NN,noun,"mate , consort",0.0,Neutral
konbensyon,NN,noun,"convention , meeting",0.0,Neutral
kondisyón,NN,noun,"condition, mood, good physical condition.",0.44,Positive
koného,NN,noun,"rabbit, hare.",0.0,Neutral
kongkréta,NN,noun,"concrete, cement.",0.0,Neutral
kongresísta,NN,noun,"congressman, representative to congress.",0.0,Neutral
kongréso,NN,noun,"congress, legislature.",0.0,Neutral
konsehál,NN,noun,"municipal councilman, councilman.",0.0,Neutral
konsého,NN,noun,"municipal council, body of elected councilmen.",0.0,Neutral
konsyérto,NN,noun,orchestra concert.,0.0,Neutral
kóntra,NN,noun,"opponent, enemy.",-0.542,Negative
kóntra,VB,verb,"to oppose, to resist, to counteract.",0.0,Neutral
kontráto,NN,noun,"agreement, legal contract.",0.572,Positive
kópya,NN,noun,"copy, duplicate.",0.0,Neutral
kópya,VB,verb,"to copy, to duplicate.",0.0,Neutral
korason,NN,noun,( anatomy ) heart synonym: kasingkasing,0.637,Positive
kordéro,NN,noun,lamb.,0.0,Neutral
koréo,NN,noun,"mail, post office.",0.0,Neutral
kóro,NN,noun,"choir, chorus, place where the choir stays in church.",0.0,Neutral
koróna,NN,noun,crown.,0.0,Neutral
korpínyo,NN,noun,corset.,0.0,Neutral
kórte,NN,noun,"shape, design, judicial court.",0.0,Neutral
kortesíya,NN,noun,"courtesy, politeness.",0.361,Positive
kortína,NN,noun,"curtain, drape.",0.0,Neutral
koryénte,NN,noun,"electric wire, electric current.",0.0,Neutral
koryénte,VB,verb,to get electrocuted.,0.0,Neutral
kostúra,VB,verb,to sew a dress.,0.0,Neutral
kostúra,NN,noun,dressmaker.,0.0,Neutral
kótse,NN,noun,"car, automobile.",0.0,Neutral
krayóla,NN,noun,crayon.,0.0,Neutral
kriminál,NN,noun,"criminal, convict.",-0.527,Negative
kristál,NN,noun,"crystal, glass.",0.0,Neutral
krísto,NN,noun,jesus christ.,0.0,Neutral
kristyáno,NN,noun,christian.,0.0,Neutral
ku,PRP,pronoun,"i, me.",0.0,Neutral
kúbay,VB,verb,"to line up, to fall in line.",0.0,Neutral
kubrekama,NN,noun,bedsheet ; bedspread,0.0,Neutral
kubús,JJ,adjective,"poor, destitute.",-0.477,Negative
kudál,NN,noun,"fence, enclosure.",0.0,Neutral
kúdkud,VB,verb,to grate with a grater.,0.0,Neutral
kudkurán,NN,noun,"grater, native grater of jagged iron spoon-like shape nailed to a wooden seat.",0.0,Neutral
kúdlit,NN,noun,"line, mark.",0.0,Neutral
kúdlit,VB,verb,"to line, to mark, to draw with a pencil.",0.0,Neutral
kudyapi,NN,noun,a kudyapi,0.0,Neutral
kugá’,VB,verb,"to throttle, to strangle, to choke.",-0.542,Negative
kúgmat,NN,noun,"terror, dread.",-0.751,Negative
kúgmat,VB,verb,"to be terrified, to be frightened, to be scared.",-0.869,Negative
kúgus,VB,verb,"to bear, to hug, to cradle like a baby, to carry a baby in the arms.",0.681,Positive
kúha’,VB,verb,"to take, to get, to take away, to procure.",0.0,Neutral
kúhit,VB,verb,"to touch slightly to draw attention, to nudge.",0.0,Neutral
kukú,NN,noun,finger or toe nail.,0.0,Neutral
kulá,NN,noun,"glue, paste.",0.0,Neutral
kulákig,JJ,adjective,"sickly, emaciated.",0.0,Neutral
kulámug,NN,noun,dried mucus in the nose.,0.0,Neutral
kúlang,JJ,adjective,"lacking, incomplete, inadequate, short of.",-0.402,Negative
kúlang,VB,verb,"to fall short of, to be inadequate.",-0.402,Negative
kulantro,NN,noun,coriander,0.0,Neutral
kúlba’,NN,noun,"anxiety, nervousness.",-0.44,Negative
kúlba’,VB,verb,"to be nervous, to be afraid.",-0.273,Negative
kulíhut,RB,adverb,"last, hindmost.",0.0,Neutral
kúli’,JJ,adjective,"slow, weak.",-0.44,Negative
kulú,NN,noun,breadfruit.,0.0,Neutral
kulúb,JJ,adjective,"inverted, upset, turned over.",-0.382,Negative
kulúb,VB,verb,"to invert, to turn over a deep container so that the bottom is up.",0.0,Neutral
kúlun,NN,noun,clay cooking pot.,0.0,Neutral
kulúng,VB,verb,"to cage, to imprison.",0.0,Neutral
kulyápis,JJ,adjective,emaciated.,0.0,Neutral
kumalágku’,NN,noun,"thumb, big toe.",0.0,Neutral
kumbúya,NN,noun,partner.,0.0,Neutral
kumbuyahán,NN,noun,"company, partnership.",0.0,Neutral
kumpaníya,NN,noun,"company, business enterprise.",0.0,Neutral
kumpáre,NN,noun,"comrade, relationship between the godfather and parents of the godchild.",0.0,Neutral
kumpisár,NN,noun,confession.,0.0,Neutral
kumpisár,VB,verb,"to confess, to tell the truth.",0.318,Positive
kúmud,VB,verb,"to grumble, to murmur, to sulk.",0.0,Neutral
kún,CC,conjunction,"if, possibly if, provided that.",0.0,Neutral
kundíman,NN,noun,"filipino song which depicts mood changes of the people, usually written in the native languages and composed by filipinos.",0.0,Neutral
kúndi’,CC,conjunction,"although, but, well, therefore, might as well.",0.649,Positive
kuning,NN,noun,cat,0.0,Neutral
kuntáni’,RP,particle,"maybe, if possible, i hope.",0.44,Positive
kunú,RP,particle,"according to, he or she said.",0.0,Neutral
kunúl,JJ,adjective,"interrupted, shrank, dry (like a river).",0.077,Positive
kunúl,VB,verb,"to cease, to stop flowing, to run dry as a river.",-0.296,Negative
kunúp,NN,noun,"cloak, coat, overcoat.",0.0,Neutral
kunút,JJ,adjective,wrinkled.,0.0,Neutral
kunút,VB,verb,"to wrinkle, to crumple.",0.0,Neutral
kúnyag,NN,noun,"chill, cold chill.",0.0,Neutral
kúnyag,VB,verb,"to shake with chills, to shiver.",-0.178,Negative
kúpkup,NN,noun,"embrace, hug.",0.66,Positive
kúpkup,VB,verb,"to embrace, to hug.",0.66,Positive
kupú’,VB,verb,"to hang onto tightly, to embrace tightly, to cling to, to stick to like a lizard.",0.586,Positive
kúra,NN,noun,"pastor of a parish, minister in charge of a certain area.",0.273,Positive
kúrba,NN,noun,curve.,0.0,Neutral
kúrba,VB,verb,"to twist, to bend, to turn, to curve.",0.0,Neutral
kurbáda,NN,noun,"street corner, street curve.",0.0,Neutral
kurbáta,NN,noun,necktie.,0.0,Neutral
kuribúng,VB,verb,to isolate in a quiet room.,-0.202,Negative
kuring,NN,noun,cat,0.0,Neutral
kuríng,NN,noun,cat.,0.0,Neutral
kurinút,JJ,adjective,"creased, wrinkled.",0.0,Neutral
kurinút,NN,noun,"crease, fold, wrinkle.",0.0,Neutral
kurinút,VB,verb,"to fold, to crease, to wrinkle.",0.0,Neutral
kurisúng,NN,noun,frown.,0.0,Neutral
kurisúng,VB,verb,to frown.,0.0,Neutral
kúrit,NN,noun,"line, mark, pencil mark.",0.0,Neutral
kúrit,VB,verb,"to make a line, to draw on paper with a pencil, to mark with a pencil.",0.0,Neutral
kúri’,JJ,adjective,"slow, weak.",-0.44,Negative
kúri’,VB,verb,"to be slow, to have difficulty.",-0.34,Negative
kúrug,VB,verb,"to shiver, to tremble, to shake.",-0.421,Negative
kusámkusám,VB,verb,"to taste, to partake of a little food.",0.0,Neutral
kusina,NN,noun,kitchen,0.0,Neutral
kusína,NN,noun,kitchen.,0.0,Neutral
kusinéro,NN,noun,cook.,0.0,Neutral
kusípad,VB,verb,"to thumb through, to pick with the fingers like corn from the cob.",0.361,Positive
kúsi’,NN,noun,"pinch, small piece.",0.0,Neutral
kúsi’,VB,verb,"to press or nip with fingernails, to pinch.",0.0,Neutral
kúskus,VB,verb,to scrape with a sharp instrument or with a scraper.,0.0,Neutral
kusúg,JJ,adjective,"strong, energetic, healthy.",0.836,Positive
kusúg,NN,noun,"energy, strength.",0.649,Positive
kusúg,VB,verb,"to become strong, to be energetic.",0.735,Positive
kutáwkutáw,VB,verb,"to dilute, to mix with water.",0.0,Neutral
kúta’,NN,noun,"prison, fort.",-0.511,Negative
kutíng,NN,noun,kitten.,0.0,Neutral
kutíngkúting,VB,verb,"to pluck or strum a guitar, to pluck a string instrument.",0.0,Neutral
kútis,NN,noun,"skin complexion, facial complexion.",0.0,Neutral
kutkut,NN,noun,a dug hole in the ground,0.0,Neutral
kútkut,NN,noun,hole in the ground.,0.0,Neutral
kútkut,VB,verb,"to excavate, to dig, to scoop out dirt from the ground so as to make a hole.",-0.202,Negative
kuto,NN,noun,louse ( insect ),-0.382,Negative
kutsara,NN,noun,spoon,0.0,Neutral
kutsára,NN,noun,tablespoon.,0.0,Neutral
kutsarita,NN,noun,teaspoon,0.052,Positive
kutsaríta,NN,noun,teaspoon.,0.052,Positive
kutséro,NN,noun,"coachman, rig driver, man who drives a kalésa.",-0.128,Negative
kutsilyo,NN,noun,knife synonym: utak,0.0,Neutral
kutsílyo,NN,noun,knife.,0.0,Neutral
kútsukútsu,NN,noun,"rumor, hearsay.",0.0,Neutral
kútsukútsu,VB,verb,"to chitchat, to gossip, to be rumored.",-0.178,Negative
kutsún,NN,noun,"cushion, bed mattress.",0.0,Neutral
kútub,RB,adverb,until.,0.0,Neutral
kutud,NN,noun,"boundary , line",0.0,Neutral
kutud,NN,noun,ruler,0.0,Neutral
kutúl,VB,verb,"to pick, to pluck from a plant, to gather flowers.",0.0,Neutral
kútut,VB,verb,to sting as a bee or a wasp.,0.0,Neutral
kuul,NN,noun,snail,0.0,Neutral
kuyámpad,VB,verb,"to run, to scamper off.",0.0,Neutral
kúymi,NN,noun,cashier.,0.0,Neutral
kú’ku’,VB,verb,to stoop.,0.0,Neutral
kú’ub,VB,verb,"to bow, to bend the head as if in hiding.",-0.296,Negative
kú’ut,VB,verb,"to feel for, to fish out with the hand, to put one’s hand or arm in a hole.",0.751,Positive
kwadérno,NN,noun,notebook.,0.0,Neutral
kwadra,NN,noun,shed,0.0,Neutral
kwádra,NN,noun,stable.,0.296,Positive
kwádro,NN,noun,"frame, picture frame.",0.0,Neutral
kwáku,NN,noun,"pipe, tobacco pipe.",0.0,Neutral
kwán,RP,particle,whatchamacallit.,0.0,Neutral
kwarénta,CD,numeral,forty.,0.0,Neutral
kwarentenas,NN,noun,quarantine,0.0,Neutral
kwárta,NN,noun,"money, cold cash.",0.0,Neutral
kwártakwárta,NN,noun,play money.,0.34,Positive
kwárto,NN,noun,"room, enclosed area, bedroom.",0.0,Neutral
kwátro,CD,numeral,four.,0.0,Neutral
kwéba,NN,noun,cave.,0.0,Neutral
kwélyo,NN,noun,"collar, back of the neck.",0.0,Neutral
kwénta,NN,noun,"account, balance account.",0.0,Neutral
kwénta,VB,verb,"to account, to solve, to balance.",0.202,Positive
kwérdas,NN,noun,string for a string instrument.,0.0,Neutral
kwítis,NN,noun,fireworks.,0.0,Neutral
kwítis,DT,deictic,,0.0,Neutral
laba,JJ,adjective,long in length,0.0,Neutral
labá,VB,verb,"of clothes, to wash.",0.0,Neutral
labá,NN,noun,laundrywoman.,0.0,Neutral
labábu,NN,noun,"lavabo, washbasin.",0.0,Neutral
lábag,VB,verb,"to be against, to violate.",-0.494,Negative
labaha,NN,noun,razor,0.0,Neutral
labáha,NN,noun,"razor blade, razor.",0.0,Neutral
labán,CC,conjunction,"besides, except, moreover, furthermore.",0.0,Neutral
labatíba,NN,noun,enema.,0.0,Neutral
labatíba,VB,verb,to give or apply an enema.,0.0,Neutral
labáw,RB,adverb,"aside from, besides, more than.",0.0,Neutral
labáw,VB,verb,"to surpass, to exceed.",0.0,Neutral
labáy,VB,verb,"to go through, to pass by.",0.0,Neutral
lába’,NN,noun,"length, duration, extent.",0.0,Neutral
lába’,JJ,adjective,"long, extending for a considerable distance.",0.0,Neutral
labí,RB,adverb,"more than, exceedingly.",0.0,Neutral
labí,VB,verb,"to exceed, to surpass.",0.0,Neutral
labúgay,VB,verb,"to stir, to mix especially liquids.",0.0,Neutral
lábut,NN,noun,"business, concern.",0.0,Neutral
labú’,VB,verb,"to strike with a machete or an ax, to smite with great force.",0.557,Positive
lábyug,VB,verb,"to hurl, to fling, to throw to a far distance.",0.0,Neutral
láb’as,JJ,adjective,"raw, fresh as of fruits and vegetables.",0.318,Positive
láb’uk,VB,verb,"to sip, to take a draught.",0.0,Neutral
ládlad,VB,verb,"to open, to spread, to unfold.",0.0,Neutral
lae,NN,noun,adultery synonym: láyì,0.0,Neutral
lag-it,NN,noun,"cheat , imposter , sneak , swindler , trickster",-0.599,Negative
lag-it,VB,verb,"to cheat , swindle",-0.751,Negative
lagabúng,VB,verb,"to fall to the ground with a flop, to rumble.",-0.34,Negative
lagari,NN,noun,saw ( tool ),0.0,Neutral
lagári’,NN,noun,"saw, carpenter’s tool.",0.0,Neutral
lagári’,VB,verb,to cut with a saw.,-0.273,Negative
lagás,VB,verb,"to pursue, to run after, to chase.",0.0,Neutral
lagátik,NN,noun,"snap, clicking sound.",0.0,Neutral
lagatúk,NN,noun,"snap, dull thud, dull sound.",-0.66,Negative
lágawlágaw,VB,verb,"to wander about, to roam around, to stroll.",0.0,Neutral
lágda’,NN,noun,"mark, sign, signature.",0.0,Neutral
lági,RB,adverb,"frequently, often.",0.0,Neutral
lágpit,NN,noun,rat trap.,-0.318,Negative
lágtum,JJ,adjective,"black, dark.",0.0,Neutral
lagú,NN,noun,earthworm.,0.0,Neutral
lagú’,NN,noun,"soiled clothes, laundry.",0.0,Neutral
lagwerta,NN,noun,orchard,0.0,Neutral
lagwerta,NN,noun,lawn,0.0,Neutral
lagwerta,NN,noun,"garden synonyms: hardin , talamnan",0.0,Neutral
lagwérta,NN,noun,"lawn, yard, orchard.",0.0,Neutral
lagwertero,NN,noun,gardener,0.0,Neutral
lágyu’,RB,adverb,"far, at a distance.",0.0,Neutral
lágyu’,VB,verb,"to run away, to flee, to go to a far off place.",0.0,Neutral
laham,VB,verb,"to touch , feel",0.0,Neutral
lahúg,NN,noun,"joke, teasing.",0.226,Positive
lahúgláhug,NN,noun,"joke, teasing.",0.226,Positive
lahúgláhug,VB,verb,"to joke, to make fun, to quip.",0.67,Positive
lakát,NN,noun,"trip, walk, business trip.",0.0,Neutral
lakát,VB,verb,"to walk, to go, to leave.",-0.052,Negative
laká’,JJ,adjective,"scarce, rare, sometimes.",0.0,Neutral
lákbang,VB,verb,"to stride, to make a big step.",0.0,Neutral
lakíp,VB,verb,"to include, to enclose, to insert.",0.0,Neutral
láklak,VB,verb,to lap with the tongue.,0.0,Neutral
lakon,VB,verb,to deceive ; to cheat ; to swindle synonym: lakum,-0.844,Negative
lakon,VB,verb,to embezzle ; to misappropriate,0.0,Neutral
láktaw,VB,verb,"to pass over, to miss, to skip.",-0.153,Negative
láktud,VB,verb,to take a short cut.,-0.273,Negative
lakum,VB,verb,to deceive ; to cheat ; to swindle synonym: lakon,-0.844,Negative
lák’ang,NN,noun,"big step, step which is as far as the legs can extend.",0.178,Positive
lák’ang,VB,verb,"to step over, to make a big step.",0.0,Neutral
lala,NN,noun,solfeggio,0.0,Neutral
lala,VB,verb,( music ) to sing a lullaby,0.0,Neutral
lala,VB,verb,to strip ; to separate (meat from the bone),0.0,Neutral
lála,VB,verb,"to weave, to weave together.",0.0,Neutral
lala-lala,VB,verb,diminutive of lála,0.0,Neutral
lalaki,NN,noun,"a man , an adult male",0.0,Neutral
laláki,NN,noun,"male, man, boy, male illicit lover.",0.586,Positive
laláw,VB,verb,"to be in black mourning dress, to wear mourning clothes.",-0.7,Negative
lalá’,VB,verb,"to become seriously ill, to become severe.",-0.727,Negative
lalím,NN,noun,flavor.,0.0,Neutral
lális,VB,verb,"to pay no heed to, to disobey.",-0.382,Negative
lámang,CC,conjunction,"but, only, mere, just.",0.0,Neutral
lamá’lamá’,VB,verb,"to cut into small pieces as of ribs, to cut meat with bones into thin pieces.",-0.494,Negative
laḿbat,NN,noun,"net, woven rattan net of native beds.",0.0,Neutral
lámbut,VB,verb,"to reach, to arrive, to attain.",0.026,Neutral
lamésa,NN,noun,table.,0.0,Neutral
laḿgud,JJ,adjective,barren.,0.0,Neutral
lamíg,NN,noun,coldness.,0.0,Neutral
lamíg,JJ,adjective,"cold, cool, low in temperature for weather and liquids.",0.052,Positive
lamígas,NN,noun,"grain, cereal.",0.0,Neutral
lámluk,NN,noun,moth.,0.0,Neutral
lamok,NN,noun,mosquito,0.0,Neutral
lamokon,JJ,adjective,filled with mosquitoes,0.0,Neutral
lamokon,JJ,adjective,related to mosquitoes,0.0,Neutral
lampás,VB,verb,"to surpass, to overtake.",0.0,Neutral
lampásu,NN,noun,"rag, mop, scrub.",0.0,Neutral
lampásu,VB,verb,"to mop, to scrub the floor.",0.0,Neutral
lampín,NN,noun,baby’s diaper.,0.0,Neutral
lampitáw,JJ,adjective,"well-known, famous.",0.0,Neutral
lámpus,VB,verb,"to hit someone with something, to strike hard with an instrument.",-0.226,Negative
lampú’as,VB,verb,"to pass, to reach beyond and move on.",0.026,Neutral
lamúd,VB,verb,"to mix with, to add to.",0.0,Neutral
lamúk,NN,noun,mosquito.,0.0,Neutral
lamún,NN,noun,blind.,-0.402,Negative
lámun,VB,verb,"to eat like an animal, to gulp down food hungrily.",0.361,Positive
lána,NN,noun,"wool, oil especially coconut oil.",0.0,Neutral
landong,NN,noun,shadow synonym: halon,0.0,Neutral
lándung,NN,noun,"shade, shadow.",0.0,Neutral
láng,RP,particle,"only, also, just.",0.0,Neutral
lángaw,NN,noun,fly.,0.0,Neutral
langgaw,NN,noun,vinegar,0.0,Neutral
lánggaw,NN,noun,vinegar.,0.0,Neutral
langís,NN,noun,"oil, especially coconut oil.",0.0,Neutral
langit,NN,noun,"sky , heaven synonym: ginhanan",0.511,Positive
lángit,NN,noun,"heaven, sky, outer space.",0.511,Positive
lángkag,VB,verb,"to worry, to be anxious about.",-0.599,Negative
lángka’,NN,noun,jackfruit.,0.0,Neutral
langoy,NN,noun,swim synonym: dangaw,0.0,Neutral
langúy,VB,verb,to swim.,0.0,Neutral
láng’at,NN,noun,"interval, space between.",0.0,Neutral
láng’ug,JJ,adjective,"rotten, foul odor of stagnant water.",-0.511,Negative
lanog,NN,noun,"weal ; bruise , black eye",0.0,Neutral
lanog,JJ,adjective,bruised,0.0,Neutral
lansang,NN,noun,nail ( spike-shaped metal fastener ),0.0,Neutral
lansang,VB,verb,to nail,0.0,Neutral
lánsang,NN,noun,nail.,0.0,Neutral
lánsang,VB,verb,to drive a nail.,0.0,Neutral
lansítas,NN,noun,pocket knife.,0.0,Neutral
lánta,JJ,adjective,"withered, faded as of plants and flowers.",0.0,Neutral
lántaw,VB,verb,"to watch, to see, to look out of the window.",0.0,Neutral
lántun,NN,noun,"tune, song, music, music sheet.",0.0,Neutral
lántun,VB,verb,to play a musical instrument.,0.34,Positive
lanúg,NN,noun,"echo, black and blue mark, rotten portion.",-0.511,Negative
lányatlányat,NN,noun,membrane.,0.0,Neutral
lap-ok,NN,noun,blister,0.0,Neutral
lápad,NN,noun,"width, area, broadness.",0.0,Neutral
lápad,JJ,adjective,"wide, broad, extensive.",0.0,Neutral
lápak,VB,verb,"to trample on, to step on, to treat with pride or contempt.",0.077,Positive
lápas,VB,verb,"to violate, to disobey an order.",-0.494,Negative
lapáw,VB,verb,"to be higher than, to exceed, to overflow.",0.0,Neutral
lapá’lapá’,VB,verb,"to cut into small pieces, to mangle.",-0.273,Negative
lápdus,VB,verb,"to hit with a strong force, to beat with intentions to destroy, to hit hard.",-0.153,Negative
lápis,NN,noun,pencil.,0.0,Neutral
lapít,JJ,adjective,"near, close, intimate.",0.0,Neutral
lapít,VB,verb,"to approach, to move near, to be close by.",0.0,Neutral
laplap,VB,verb,"cut , slice",-0.273,Negative
lápnag,VB,verb,"to become extensive, to spread, to propagate.",0.0,Neutral
lápsag,NN,noun,"baby of age one to two, infant.",0.0,Neutral
lápsi’,JJ,adjective,"frail, wan, pale, pallid.",0.0,Neutral
lápta,VB,verb,"to extend, to spread, to scatter.",0.178,Positive
lápus,VB,verb,"to pierce, to penetrate, to go through.",0.0,Neutral
lapuyot,JJ,adjective,"thick , condensed , coagulated",0.0,Neutral
lapuyot,VB,verb,"to thicken , condense",0.0,Neutral
lapúyut,JJ,adjective,"sticky, thick in texture especially of liquids.",0.0,Neutral
lápyu,VB,verb,"to tire, to get exhausted.",-0.361,Negative
laranghíta,NN,noun,nectarine.,0.0,Neutral
laráwan,NN,noun,picture.,0.0,Neutral
larawanan,NN,noun,photographer's studio,0.0,Neutral
lárga,VB,verb,"to travel away on a boat, to sail away.",0.0,Neutral
lasáw,NN,noun,molasses.,0.0,Neutral
lasi,NN,noun,( anatomy ) gum,0.0,Neutral
lásu,NN,noun,"ribbon, trimming.",0.0,Neutral
lás’ay,JJ,adjective,"bland in taste, unsavory.",-0.44,Negative
láta,NN,noun,"tin, can.",0.0,Neutral
látag,VB,verb,"to bleach, to put out in the sun.",0.0,Neutral
latagon,NN,noun,"valley , a rural area",0.0,Neutral
látay,VB,verb,"to cross a narrow footbridge without support, to balance oneself on a narrow board.",-0.309,Negative
latayan,NN,noun,a narrow bridge often with no handrail,-0.296,Negative
latayan,NN,noun,gangplank,0.0,Neutral
latá’,JJ,adjective,"rotten, overcooked.",-0.511,Negative
látid,VB,verb,"to line, to mark, to limit, to make a boundary.",0.0,Neutral
latigú,NN,noun,whip.,0.0,Neutral
latok,NN,noun,table synonym: lamesa,0.0,Neutral
latúk,NN,noun,table.,0.0,Neutral
látum,VB,verb,to penetrate to the innermost part.,0.0,Neutral
latún,NN,noun,tin can with a volume content of five gallons.,0.0,Neutral
latún,VB,verb,"to infect, to contaminate.",0.0,Neutral
laum,VB,verb,to hope,0.44,Positive
law-ay,JJ,adjective,ugly nag láw-ay ang íya nga pangguyáhon. the expression on his face became ugly .,-0.844,Negative
law-ay,JJ,adjective,repulsive,0.0,Neutral
law-ay,JJ,adjective,nasty,-0.557,Negative
law-ay,JJ,adjective,mean,0.0,Neutral
law-ay,JJ,adjective,hideous,0.0,Neutral
law-ay,JJ,adjective,obscene,-0.586,Negative
law-ay,VB,verb,"to be or become ugly, repulsive, hideous, forbidding , etc.",-0.735,Negative
lawa,NN,noun,spiderweb,0.0,Neutral
láwag,VB,verb,"to pronounce, to call out.",0.0,Neutral
lawas,NN,noun,( anatomy ) body ; torso,0.0,Neutral
lawas,NN,noun,"cadaver ; corpse ; dead body synonyms: bangkay , patay",-0.84,Negative
láwas,NN,noun,"body, human body.;  representative.",0.0,Neutral
láwa’,NN,noun,spider web.,0.0,Neutral
láwid,NN,noun,"of distance, length.",0.0,Neutral
láwid,JJ,adjective,"of distance, long, long stretch.",0.0,Neutral
láwig,JJ,adjective,"lengthy, wide, broad, extensive.",0.0,Neutral
láwlaw,JJ,adjective,"loose about the waist, of clothing, loose.",-0.557,Negative
láw’ay,JJ,adjective,"ugly, offensive, repulsive.",-0.743,Negative
láya,NN,noun,fish net.,0.0,Neutral
láyag,NN,noun,sail for a boat.,0.0,Neutral
láyas,VB,verb,"to run away, to flee from, to go away without permission, to run away from home.",0.0,Neutral
layát,VB,verb,to sag as of skin.,0.0,Neutral
láya’,VB,verb,"to wither, to fade, to dry up as of flowers and plants.",0.0,Neutral
láygay,VB,verb,"to advise, to talk, to lecture, to preach.",0.0,Neutral
layi,NN,noun,adultery synonym: láè,0.0,Neutral
layi,VB,verb,to commit adultery,0.296,Positive
layí,NN,noun,"law, bill.",0.0,Neutral
layúng,VB,verb,"to dry up, to wither.",0.0,Neutral
layú’,NN,noun,"of distance, far.",0.0,Neutral
layú’,JJ,adjective,"far, distant.",0.0,Neutral
layú’,VB,verb,"to go far, to go away, to be far.",0.0,Neutral
lá’aw,VB,verb,"to watch, to observe, to look out of the window.",0.0,Neutral
lá’ga’,VB,verb,"to boil, to cook in water.",0.0,Neutral
la’ín,JJ,adjective,"different, changed, dissimilar, various.",0.0,Neutral
la’ín,VB,verb,"to change, to be different.",0.0,Neutral
lá’in,JJ,adjective,"bad, immodest, unfavorable, unjurous.",-0.542,Negative
lá’ug,VB,verb,"to roam, to stroll, to walk about.",0.0,Neutral
lá’um,VB,verb,"to hope, to expect, to trust, to estimate.",0.735,Positive
la’ún,NN,noun,"old maid, bachelor girl.",0.0,Neutral
lá’ut,JJ,adjective,"vile, bad, malicious, wicked.",-0.9,Negative
leksyón,NN,noun,lesson.,0.0,Neutral
létse,NN,noun,volume measure amounting to one eight-ounce tin can.,0.0,Neutral
létse,UH,interjection,"damn, damn you.",-0.66,Negative
libák,VB,verb,"to backbite, to deride.",-0.273,Negative
libańg,VB,verb,"to amuse, to entertain, to comfort.",0.758,Positive
libát,JJ,adjective,cross-eyed.,0.0,Neutral
libát,VB,verb,to become cross-eyed.,0.0,Neutral
líbra,NN,noun,pound.,0.0,Neutral
libre,JJ,adjective,free ; without charge ; gratis,0.486,Positive
líbre,JJ,adjective,"free, gratis.",0.542,Positive
libreríya,NN,noun,library.,0.0,Neutral
líbro,NN,noun,book.,0.0,Neutral
líbu,CD,numeral,thousand.,0.0,Neutral
líbud,VB,verb,"to peddle door to door, to go around.",0.0,Neutral
libúg,NN,noun,"trouble, problem, worry.",-0.807,Negative
libúg,VB,verb,"to be confused, to be worried, to have a problem.",-0.735,Negative
líbug,NN,noun,bumblebee.,0.0,Neutral
libún,NN,noun,"enclosure, fence.",0.0,Neutral
libún,VB,verb,"to enclose, to surround.",0.0,Neutral
líbut,VB,verb,"to walk about, to roam around, to encircle.",0.0,Neutral
líbut,NN,noun,surrounding.,0.0,Neutral
lígad,VB,verb,"to pass by, to be part of the past.",0.0,Neutral
ligás,NN,noun,"garter, belt.",0.0,Neutral
lígdung,JJ,adjective,"modest, serious, conservative.",-0.077,Negative
lígid,VB,verb,"to whirl, to roll, to turn over and over.",0.0,Neutral
ligís,VB,verb,"to mill, to crush into powder.",-0.153,Negative
ligúnlígun,VB,verb,"to let melt, to swallow or dissolve in the mouth.",0.0,Neutral
ligúy,JJ,adjective,"negligent, truant.",0.0,Neutral
ligúy,VB,verb,"to play truant, to be lazy.",-0.026,Neutral
lígu’,VB,verb,"to take a bath, to bathe, to swim in the river or the ocean.",0.0,Neutral
líg’un,JJ,adjective,"steady, stable, strong.",0.67,Positive
liháy,VB,verb,"to fall against for support, to lean on.",0.402,Positive
lihí’,VB,verb,"to forbid, to disapprove.",-0.318,Negative
likáw,VB,verb,"to shun, to avoid, to detour.",-0.296,Negative
likay,VB,verb,to avoid by moving suddenly out of the way ; to dodge,-0.296,Negative
likay,VB,verb,to escape ; to slip away ; to evade ; to elude,0.178,Positive
likay,VB,verb,to avoid ; to keep away from; to keep clear of; to shun,0.103,Positive
líkday,VB,verb,"to step to one side to allow another to pass, to make way, to step aside.",0.226,Positive
líkido,NN,noun,liquid.,0.0,Neutral
líki’,VB,verb,"to bound, to spring, to leap with grace.",0.421,Positive
likod,NN,noun,( anatomy ) back,0.0,Neutral
líksi,VB,verb,"to jump around, to leap.",0.0,Neutral
likúd,NN,noun,back.,0.0,Neutral
likúm,VB,verb,"to hide a secret, to conceal.",-0.178,Negative
likú’,VB,verb,"to turn the corner, to turn a street corner.",0.0,Neutral
líla,JJ,adjective,"violet, lavender.",0.0,Neutral
limá,CD,numeral,five;  fifth.,0.0,Neutral
límbung,NN,noun,"lie, deceit.",-0.459,Negative
límbung,VB,verb,"to cheat, to deceive, to double-cross.",-0.691,Negative
limitádo,JJ,adjective,limited.,-0.226,Negative
limpyabúta,NN,noun,bootblack.,0.0,Neutral
límug,VB,verb,to gargle.,0.0,Neutral
limús,NN,noun,"alm, donation.",0.0,Neutral
limús,VB,verb,"to give alms, to donate.",0.0,Neutral
límut,VB,verb,to forget.,-0.226,Negative
límyo,JJ,adjective,"clean, spotless, in order.",0.402,Positive
límyo,VB,verb,"to clean, to put in order.",0.402,Positive
linábhan,NN,noun,washed clothes.,0.0,Neutral
línas,VB,verb,"to thresh as of rice, to trample upon.",0.0,Neutral
línas,NN,noun,thresher.,0.0,Neutral
linaw,NN,noun,lake ; pond synonym: lim-aw,0.0,Neutral
linaw,VB,verb,to be calm ; to be peaceful,0.67,Positive
línaw,NN,noun,"brook, stream.",0.0,Neutral
língas,VB,verb,"to distract, to confuse, to upset, to make noise.",-0.691,Negative
lingáw,VB,verb,"to distract, to bother, to amuse, to relax.",0.25,Positive
lingáw,JJ,adjective,"noisy, bothersome, distracting.",-0.637,Negative
linggánay,NN,noun,bell.,0.0,Neutral
línghud,JJ,adjective,"of plants, young, new.",0.0,Neutral
língin,JJ,adjective,"dizzy, round.",-0.226,Negative
língin,VB,verb,"to be dizzy, to have nausea, to feel the head spinning.",-0.226,Negative
lingkoranan,NN,noun,chair synonym: siya,0.0,Neutral
língkud,VB,verb,to sit down.,0.0,Neutral
língling,VB,verb,"to peep through a small hole, to observe secretly through an aperture.",0.0,Neutral
linog,NN,noun,earthquake,0.0,Neutral
líntak,VB,verb,to emit a clicking sound.,0.0,Neutral
linti,NN,noun,lightning synonym: kilat,0.0,Neutral
líntuk,NN,noun,bran.,0.0,Neutral
línug,NN,noun,earthquake.,0.0,Neutral
línug,VB,verb,"to have an earthquake, to shake like an earthquake.",0.202,Positive
linúng,JJ,adjective,"calm, silent, peaceful.",0.67,Positive
liog,NN,noun,( anatomy ) neck,0.0,Neutral
lipák,NN,noun,"stick, small twig.",0.0,Neutral
lípas,VB,verb,to pass by as of time.,0.0,Neutral
lipát,VB,verb,"to forget, to lose the memory.",-0.557,Negative
lipay,JJ,adjective,happy ; glad,0.772,Positive
lipay,VB,verb,to gladden,0.0,Neutral
lipay,VB,verb,to be happy,0.572,Positive
lípay,NN,noun,"happiness, joy, delight.",0.906,Positive
lípay,VB,verb,"to be delighted, to feel happy.",0.791,Positive
lípun,VB,verb,"to screen, to conceal, to hide.",-0.178,Negative
lípung,VB,verb,"to faint, to fall unconscious.",0.0,Neutral
líp’ut,NN,noun,"shortness, brevity.",0.0,Neutral
líp’ut,JJ,adjective,"short, brief, curtailed.",0.0,Neutral
lísang,VB,verb,"to be terrified, to be frightened, to be shocked.",-0.848,Negative
lisénsya,NN,noun,"license, permission.",0.0,Neutral
lisénsya,VB,verb,to ask permission.,0.0,Neutral
lísi,VB,verb,to look about curiously or searchingly.,0.0,Neutral
lisík,VB,verb,to fly like chips of wood.,0.361,Positive
lísngadlísngad,VB,verb,"to linger, to tarry, to delay.",-0.318,Negative
liso,NN,noun,seed synonym: busol,0.0,Neutral
lísta,NN,noun,"list, roll.",0.0,Neutral
lísta,VB,verb,"to list down, to enlist, to enroll.",0.0,Neutral
lístun,NN,noun,"ribbon trimming, shoe string.",0.0,Neutral
lísu,NN,noun,seed.,0.0,Neutral
lisúd,JJ,adjective,"hard, difficult.",-0.44,Negative
lisúd,NN,noun,"distress, hardship, difficulty.",-0.796,Negative
lísu’,VB,verb,"to turn about, to be awry.",0.0,Neutral
litík,VB,verb,"to crack, to split, to have a flaw.",0.0,Neutral
lítra,NN,noun,letter of the alphabet.,0.0,Neutral
lítro,NN,noun,liter measure.,0.0,Neutral
litsúgas,NN,noun,lettuce.,0.0,Neutral
lítsun,NN,noun,whole pig roasted on live coal pit.,0.0,Neutral
lítsun,VB,verb,to roast a whole pig.,0.0,Neutral
lítun,VB,verb,"to migrate, to transfer, to move.",0.0,Neutral
liwáliwá,VB,verb,"to relax, to take a vacation.",0.44,Positive
liwán,VB,verb,"to do again, to repeat, to remodel.",0.0,Neutral
liwát,RB,adverb,"again, repeatedly.",0.0,Neutral
liwát,VB,verb,"to do over, to remodel, to repeat.",0.0,Neutral
liyón,NN,noun,lion.,0.0,Neutral
lí’ug,NN,noun,neck.,0.0,Neutral
lóbo,NN,noun,balloon.,0.0,Neutral
lólo,NN,noun,grandfather.,0.0,Neutral
lomot,NN,noun,moss ( plants of the division bryophyta ),0.0,Neutral
lóte,NN,noun,"piece of land, lot.",0.0,Neutral
luab,NN,noun,collar,0.0,Neutral
luab,VB,verb,to grasp by the collar,0.0,Neutral
lubád,VB,verb,"to solve, to translate, to interpret.",0.202,Positive
lúbag,VB,verb,"to twist, to wring, to twist and pull.",0.0,Neutral
lubhá’,JJ,adjective,"serious, grave.",-0.44,Negative
lubhá’,VB,verb,"to be seriously ill, to get worse.",-0.765,Negative
lúbha’,VB,verb,"to cheat, to betray.",-0.802,Negative
lubi,NN,noun,coconut,0.0,Neutral
lubí,NN,noun,coconut.,0.0,Neutral
lúbid,NN,noun,"rope, string.",0.0,Neutral
lúbid,VB,verb,"to entwine, to make into a rope or string.",0.0,Neutral
lubong,NN,noun,burial,0.0,Neutral
lubúg,JJ,adjective,"murky, turbid.",0.0,Neutral
lubúg,VB,verb,to become murky.,0.0,Neutral
lubúng,NN,noun,"burial, crypt.",0.0,Neutral
lubúng,VB,verb,"to bury, to inter.",0.0,Neutral
lugár,NN,noun,"place, site, location.",0.0,Neutral
lúgdang,VB,verb,"to sink, to disappear under the water.",-0.226,Negative
lúgpay,VB,verb,"to mollify, to soothe, to counsel.",0.361,Positive
lugpitan,NN,noun,"press , vice , clamp",0.0,Neutral
lugúm,NN,noun,dye.,0.0,Neutral
lugúm,VB,verb,"to dye, to color with dye.",0.0,Neutral
lúgus,VB,verb,"to force to submit, to violate, to grab, to rape.",-0.836,Negative
luha,NN,noun,tear,0.0,Neutral
lúha’,NN,noun,tear.,0.0,Neutral
luhod,VB,verb,to kneel,0.0,Neutral
lúhu,JJ,adjective,"dressed up, elegant.",0.477,Positive
luhúd,VB,verb,to kneel down.,0.0,Neutral
lukát,VB,verb,"to pull or dig out together with the roots, to uproot.",0.0,Neutral
lúksu,VB,verb,"to jump, to leap, to jump over.",0.0,Neutral
lukú,VB,verb,"of dogs, to lie down with front legs bent under.",0.0,Neutral
lúku,VB,verb,"to cheat, to trick.",-0.494,Negative
lúkut,VB,verb,"to wind up, to roll, to crumple.",0.0,Neutral
lulus,VB,verb,unwind,0.0,Neutral
lulú’,JJ,adjective,"gentle, kind, meek, tender.",0.743,Positive
lumáy,NN,noun,"love potion, charm.",0.784,Positive
lumáy,VB,verb,"to entice, to attract strongly, to give a love potion.",0.832,Positive
lúmba’,NN,noun,"race, contest.",0.0,Neutral
lúmba’,VB,verb,"to have a race, to hold a contest.",0.0,Neutral
lumilaw,VB,verb,doze,0.0,Neutral
lúming,JJ,adjective,"flabby, feeble, limp.",-0.296,Negative
lúmpag,VB,verb,"to destroy, to demolish.",-0.542,Negative
lúmpat,VB,verb,"to jump, to leap, to dive down.",0.0,Neutral
lumús,VB,verb,to drown.,-0.572,Negative
lúmut,NN,noun,moss.,0.0,Neutral
lumúy,VB,verb,to put into the mouth and swallow down as of a pill.,0.0,Neutral
lunang,NN,noun,mud,0.0,Neutral
lunangon,JJ,adjective,muddy,0.0,Neutral
lúnes,NN,noun,monday.,0.0,Neutral
lunggú’,VB,verb,to knock or push against especially the head.,0.0,Neutral
lungíb,NN,noun,cave.,0.0,Neutral
lungsod,NN,noun,town synonym: banwa,0.0,Neutral
lungsod,NN,noun,anthill,0.0,Neutral
lungúlúngu,VB,verb,to shake the head for negation or disapproval.,-0.178,Negative
lungún,NN,noun,"bier, crypt.",0.0,Neutral
lúnhaw,JJ,adjective,green.,0.0,Neutral
lúnsay,RB,adverb,"steady, stable.",0.296,Positive
lúntad,VB,verb,"to live, to reside, to emigrate.",0.0,Neutral
lúnud,VB,verb,"to be inferior to, to be unbecoming, to sink.",-0.402,Negative
lupád,VB,verb,"to fly, to soar in the air.",0.0,Neutral
lúpig,VB,verb,"to oppress, to overpower, to side with.",0.0,Neutral
lupúg,JJ,adjective,crippled.,0.0,Neutral
lupúk,VB,verb,"to burst, to blow-out, to erupt.",0.0,Neutral
lupút,VB,verb,"to have loose bowel movement, to have diarrhea.",-0.318,Negative
lúpyak,VB,verb,to form a small depression in the ground.,-0.572,Negative
lúp’ug,VB,verb,to sit or squat down with legs turned to one side as resting animals.,0.0,Neutral
lusád,VB,verb,"to alight, to land, to disembark.",0.0,Neutral
lúspad,JJ,adjective,"wan, pale in face.",0.0,Neutral
lúspad,VB,verb,"to be pale or wan, to turn pale.",0.0,Neutral
lusút,VB,verb,"to emerge, to pass, to go through, to pierce.",0.0,Neutral
lús’aw,JJ,adjective,"faded, discolored.",0.0,Neutral
lús’aw,VB,verb,"to fade, to run in color, especially of cloth.",0.0,Neutral
luta,VB,verb,dislocate,0.0,Neutral
luták,NN,noun,clay.,0.0,Neutral
lutás,VB,verb,"to wean, to detach affection for something longed for.",0.527,Positive
lutáw,JJ,adjective,"famous, big, afloat, popular.",0.421,Positive
lutáw,VB,verb,"to float, to be famous, to be well-known.",0.0,Neutral
lúthang,VB,verb,"to shoot to death, to fire a gun.",-0.878,Negative
lútu,VB,verb,"to mourn, to wear the black mourning attire.",-0.691,Negative
lútus,VB,verb,"to surpass, to outdo, to run after, to defeat.",-0.459,Negative
lútu’,NN,noun,"cooked food, prepared food.",0.226,Positive
lútu’,JJ,adjective,"cooked, ripe.",0.0,Neutral
lútu’,VB,verb,"to cook, to mature, to ripen.",0.421,Positive
luwág,NN,noun,"ladle, a native deep-bowled spoon used in cooking made from hard skin of the coconut and long bamboo handle.",-0.103,Negative
luwás,CC,conjunction,"aside from, except, outside of.",0.0,Neutral
luwás,VB,verb,"to free, to redeem, to save.",0.758,Positive
luy-a,NN,noun,ginger ( zingiber officinale ),0.0,Neutral
luy-a,NN,noun,rhizome of this plant,0.0,Neutral
lúya,JJ,adjective,"decrepit, weak, frail.",-0.44,Negative
lúya,VB,verb,"to become weak, to lose strength.",-0.34,Negative
lúyag,VB,verb,"to want, to desire, to like.",0.67,Positive
lúyluy,VB,verb,"to hand down, to droop.",0.494,Positive
luyú,RB,adverb,"by, near, beside.",0.0,Neutral
lúy’a,NN,noun,ginger.,0.0,Neutral
lú’ad,VB,verb,"to spit out, to throw out of the mouth.",0.0,Neutral
lú’gu’,VB,verb,to shake.,-0.178,Negative
lú’uy,VB,verb,"to have mercy, to have compassion for.",0.67,Positive
ma-…-an,VB,verbal affix,proposed action affix of the  verb for benefactive-locative focus.,0.0,Neutral
maagol,JJ,adjective,"lazy , indolent , idle",-0.361,Negative
maalam,JJ,adjective,"learned , clever , wise",0.727,Positive
maalam,JJ,adjective,"scholarly , erudite",0.0,Neutral
maalwan,JJ,adjective,generous,0.511,Positive
maalwan,JJ,adjective,"graceful synonyms: mahim-ong , mahinhin",0.459,Positive
maambas,JJ,adjective,expensive or wasteful,0.0,Neutral
maambong,JJ,adjective,nice,0.421,Positive
maambong,JJ,adjective,"gorgeous , lovely",0.832,Positive
maambong,JJ,adjective,"decent , modest , or proper",0.0,Neutral
maanghit,JJ,adjective,smelling like a goat,0.361,Positive
maantod,JJ,adjective,( of food ) burned or scorched ; fetid,0.0,Neutral
maanyag,JJ,adjective,"beautiful , seemly , pretty",0.796,Positive
maaslum,JJ,adjective,sour,0.0,Neutral
maayo,JJ,adjective,good,0.44,Positive
maayo-ayo,JJ,adjective,"beautiful , seemly , pretty",0.796,Positive
maayo-ayo,JJ,adjective,"nice , engaging",0.637,Positive
mabahaw,JJ,adjective,"stale , old",0.0,Neutral
mabalong,VB,verb,to get drunk ; to intoxicate synonym: mahubog,-0.34,Negative
mabangis,JJ,adjective,"fierce , ferocious",-0.103,Negative
mabangis,JJ,adjective,inhuman,0.0,Neutral
mabangis,JJ,adjective,"brutal , cruel synonym: mapintas",-0.836,Negative
mabangis,JJ,adjective,violent synonym: makahas,-0.599,Negative
mabasa,JJ,adjective,damp ; moist ; dank ; humid,0.0,Neutral
mabaskug,JJ,adjective,loud synonym: magansal,0.0,Neutral
mabaskug,JJ,adjective,"strong synonyms: mabakud , makusug",0.511,Positive
mábdus,VB,verb,to be pregnant.,0.0,Neutral
mabinantayon,JJ,adjective,watchful,0.0,Neutral
mabug-at,JJ,adjective,heavy,0.0,Neutral
mabulakon,JJ,adjective,"flowery , to smell of flowers",0.0,Neutral
mabulakon,JJ,adjective,full of flowers,0.0,Neutral
madali,JJ,adjective,"quick , immediate synonym: madasig",0.0,Neutral
madanlog,JJ,adjective,"elusive , or slippery",0.0,Neutral
mádre,NN,noun,"nun, catholic nun.",0.0,Neutral
maduyug,JJ,adjective,attracted,0.421,Positive
maduyug,JJ,adjective,"biased , prejudiced , predisposed",-0.612,Negative
maganas,JJ,adjective,"tasteless , insipid antonym: marabó",-0.459,Negative
magarot,JJ,adjective,"noisy , boisterous",-0.178,Negative
magarot,JJ,adjective,gabbling,0.0,Neutral
magarot,JJ,adjective,"dense , crowded",0.0,Neutral
magá’,VB,verbal affix,proposed action affix of the  verb.,0.0,Neutral
magbukal,VB,verb,"to seethe , to bubble , to produce foam synonym: magbula",0.0,Neutral
magbulig,VB,verb,"to aid , to help",0.402,Positive
magdamgo,VB,verb,to dream,0.25,Positive
maghatag sing kinahanglan,VB,verb,supply,0.0,Neutral
mágka-,VB,verbal affix,designating possibility of a reciprocal action to happen.,0.0,Neutral
mágpa-,VB,verbal affix,designating causation of action by the actor.,0.0,Neutral
maǵpang-,VB,verbal affix,magpanghilám’-us akú.,0.0,Neutral
maguláng,NN,noun,"older sibling, older in age.",0.0,Neutral
mág’an,JJ,adjective,"light, trivial, cheerful.",0.527,Positive
mag’asáwa,NN,noun,married couple.,0.0,Neutral
mahagup,JJ,adjective,"tame , docile , gentle",0.44,Positive
mahál,JJ,adjective,"expensive, dear, cherished.",0.71,Positive
mahímo,VB,verb,"to be possible, to be feasible.",0.0,Neutral
mahubog,VB,verb,to get drunk ; to intoxicate synonym: mabalong,-0.34,Negative
maidlak,JJ,adjective,glittering or sparkling,0.296,Positive
maingol,JJ,adjective,"rare , scarce",0.0,Neutral
mainit,JJ,adjective,hot antonym: malamig,0.0,Neutral
mainpolon,JJ,adjective,round,0.0,Neutral
mais,NN,noun,maize ; corn,0.0,Neutral
maitum,JJ,adjective,black,0.0,Neutral
maká-,VB,verbal affix,proposed action affix of the  verb for actor focus.,0.0,Neutral
makakululba,JJ,adjective,"intimidating , disconcerting",-0.44,Negative
makakululba,JJ,adjective,causing nervousness or shyness,-0.542,Negative
maka’áku’,NN,noun,"god, the almighty.",0.273,Positive
makiná,NN,noun,"machine, motor.",0.0,Neutral
makinílya,NN,noun,typewriter.,0.0,Neutral
makinílya,VB,verb,to type.,0.0,Neutral
mákut,VB,verb,"to make a fire, to begin to burn, to start to blaze.",-0.34,Negative
malá,JJ,adjective,dry.,0.0,Neutral
malá,VB,verb,"to become dry, to evaporate.",0.0,Neutral
maléta,NN,noun,"piece of baggage, luggage.",0.0,Neutral
malipayon,JJ,adjective,happy,0.572,Positive
malolot,JJ,adjective,"affectionate , tender",0.44,Positive
málu,VB,verb,"to give an alarm, to crow as of cocks.",-0.34,Negative
mamaw,NN,noun,"elf ; goblin ; sprite ; fairy ; ghost ; etc. synonyms: mamamáhoy , tamáo , tumáo , kamâkamâ",-0.318,Negative
mán,RP,particle,"also, too.",0.0,Neutral
man-og,NN,noun,snake,0.0,Neutral
mananap,NN,noun,animal synonym: hayop,0.0,Neutral
manang,NN,noun,eldest sister,0.0,Neutral
manang,NN,noun,elder sister ; big sister,0.0,Neutral
manang,NN,noun,term of address for an elder sister or the eldest sister : big sis,0.0,Neutral
manang,NN,noun,"term of address for any woman older than the speaker, not necessarily an elderly woman : ma'am",0.0,Neutral
mánang,NN,noun,respect term for a lady older than the speaker.,0.477,Positive
manay,NN,noun,( familiar ) eldest sister,0.0,Neutral
manay,NN,noun,( familiar ) term of address for the eldest sister : big sis,0.0,Neutral
mándo,NN,noun,"command, announcement.",0.0,Neutral
mándo,VB,verb,"to rule, to lead, to command, to announce.",0.0,Neutral
maného,VB,verb,"to manipulate, to drive a car.",0.0,Neutral
mangá,RP,particle,marker.,0.0,Neutral
mángga,NN,noun,mango.,0.0,Neutral
mánggad,NN,noun,"wealth, property.",0.494,Positive
mánggad,JJ,adjective,"rich, landed, wealthy.",0.727,Positive
mánghud,NN,noun,"younger sibling, term used for people younger in age than the speaker.",0.0,Neutral
mangín,VB,verbal affix,"to become, to be like.",0.361,Positive
mangingísda’,NN,noun,fisherman.,0.0,Neutral
mango,NN,noun,( derogatory ) idiot,-0.511,Negative
mango,JJ,adjective,"stupid , foolish",-0.67,Negative
mangungúma,NN,noun,farmer.,0.0,Neutral
mangú’,JJ,adjective,"unlettered, ignorant.",-0.273,Negative
maní,NN,noun,peanut.,0.0,Neutral
manínay,NN,noun,godmother.,0.0,Neutral
manipis,JJ,adjective,thin antonym: madamol,0.0,Neutral
manok,NN,noun,chicken,0.0,Neutral
manol,JJ,adjective,ignorant,-0.273,Negative
manol,NN,noun,ignoramus,-0.44,Negative
manong,NN,noun,eldest brother,0.0,Neutral
manong,NN,noun,term of address for the eldest brother : big bro,0.0,Neutral
manoy,NN,noun,( familiar ) eldest brother,0.0,Neutral
manoy,NN,noun,( familiar ) term of address for the eldest brother : big bro,0.0,Neutral
mansánas,NN,noun,apple.,0.0,Neutral
mantíka’,NN,noun,"cooking oil, shortening.",0.0,Neutral
mantikílya,NN,noun,butter.,0.0,Neutral
mántil,NN,noun,tablecloth.,0.0,Neutral
mántsa,NN,noun,"stain, spot.",0.0,Neutral
mántsa,VB,verb,"to stain, to mark.",0.0,Neutral
mántu’,NN,noun,veil used by women in church.,0.0,Neutral
manúg-,NN,noun formative,noun formative affix designating a type of job or work.,0.0,Neutral
manúk,NN,noun,chicken.,0.0,Neutral
mánung,NN,noun,respect term for men older than the speaker.,0.477,Positive
manyíka’,NN,noun,doll.,0.0,Neutral
mán’ug,NN,noun,"snake, serpent.",0.0,Neutral
mápa,NN,noun,map.,0.0,Neutral
mapait,JJ,adjective,bitter,-0.421,Negative
mapiguson,JJ,adjective,harsh,-0.44,Negative
mapinatopatoon,JJ,adjective,"creative , imaginative , inventive",0.44,Positive
mapinatuboon,JJ,adjective,"( of soil ) good , fertile , productive",0.44,Positive
marabo,JJ,adjective,"tasty , savoury antonym: maganás",0.0,Neutral
maragomo,JJ,adjective,short with someone,0.0,Neutral
maramig,JJ,adjective,"cold , stiff",0.0,Neutral
marásmas,VB,verb,to become wide awake.,0.0,Neutral
marinéro,NN,noun,sailor.,0.0,Neutral
márka,NN,noun,"brand, mark, label.",0.0,Neutral
mármul,NN,noun,marble.,0.0,Neutral
márso,NN,noun,march.,0.0,Neutral
mártes,NN,noun,tuesday.,0.0,Neutral
martílyu,NN,noun,hammer.,0.0,Neutral
martír,NN,noun,martyr.,0.0,Neutral
mártsa,NN,noun,"march, drill practice.",0.0,Neutral
mártsa,VB,verb,"to march, to drill.",0.0,Neutral
maskará,NN,noun,mask.,0.0,Neutral
maskará,VB,verb,to wear a mask.,0.0,Neutral
máskin,CC,conjunction,"even if, even though, as long as.",0.0,Neutral
masyádo,RB,adverb,"too much, in excess.",0.0,Neutral
mata,NN,noun,eye.,0.0,Neutral
mata,VB,verb,to awaken.,0.0,Neutral
mata,NN,noun,( anatomy ) eye ( organ ),0.0,Neutral
mataas,JJ,adjective,"elevated , high , lofty , ranking , tall synonyms: matatáas , matangkad",0.0,Neutral
matadéro,NN,noun,butcher.,0.0,Neutral
matahum,JJ,adjective,"beautiful , seemly , pretty",0.796,Positive
matalaw,JJ,adjective,"cowardly , scared , timid",-0.758,Negative
matam-is,JJ,adjective,sweet,0.459,Positive
matápan,NN,noun,"flat , level , plain",0.0,Neutral
matárung,NN,noun,"reason, cause.",0.0,Neutral
matárung,JJ,adjective,reasonable.,0.0,Neutral
matataas,JJ,adjective,"high , exalted synonym: matáas",0.0,Neutral
matay,VB,verb,to die,-0.599,Negative
matáy,VB,verb,"to die, to pass away.",-0.599,Negative
mauswagon,JJ,adjective,progressive ; advanced,0.25,Positive
may,VB,verb,"to have, the existence of something, to be in existence.",0.0,Neutral
may-,JJ,adjective formative,formative affix designating possession of the quality stated.,0.0,Neutral
may-,NN,noun formative,si ramóna.,0.0,Neutral
máya,NN,noun,wren.,0.0,Neutral
mayád,JJ,adjective,"good, fine, well.",0.7,Positive
mayád,VB,verb,"to become well, to recover from being sick, to get well, to improve.",0.421,Positive
máyo,NN,noun,may.,0.0,Neutral
mayór,NN,noun,mayor of a town or city.,0.0,Neutral
mayordómo,NN,noun,"butler, official of a ship.",0.0,Neutral
ma’álwan,JJ,adjective,"rude, mean.",-0.459,Negative
ma’áyu,JJ,adjective,"well, good, fine.",0.7,Positive
ma’éstro,NN,noun,"teacher, instructor.",0.0,Neutral
ma’ís,NN,noun,corn.,0.0,Neutral
ma’úl,JJ,adjective,numb.,-0.34,Negative
ma’úl,VB,verb,to become numb.,-0.34,Negative
medálya,NN,noun,medal.,0.477,Positive
medikó,NN,noun,doctor.,0.0,Neutral
médya,NN,noun,half.,0.0,Neutral
médyas,NN,noun,"socks, stocking.",0.0,Neutral
mensáhe,NN,noun,message.;  messenger.,0.0,Neutral
merkádo,NN,noun,open market.,0.0,Neutral
mestisílya,NN,noun,female half-breed.,0.0,Neutral
mestíso,NN,noun,"half-breed, male half-breed.",0.0,Neutral
métro,NN,noun,meter.,0.0,Neutral
mikániko,NN,noun,machinist.,0.0,Neutral
mikróbyo,NN,noun,"germ, microbe.",0.0,Neutral
míl,CD,numeral,thousand.,0.0,Neutral
milágru,NN,noun,miracle.,0.586,Positive
milágru,VB,verb,to perform a miracle.,0.586,Positive
milok,NN,noun,eyelash,0.0,Neutral
mílya,NN,noun,mile.,0.0,Neutral
milyún,CD,numeral,million.,0.0,Neutral
milyún,NN,noun,millionaire.,0.0,Neutral
mína,NN,noun,"mineral mine, land mine.",0.0,Neutral
míngaw,NN,noun,"loneliness, anguish.",-0.772,Negative
míngaw,JJ,adjective,"lonely, cheerless.",-0.637,Negative
míngaw,VB,verb,"to feel lonely, to feel distressed, ginmingáw akú kahápun.",-0.649,Negative
minístro,NN,noun,"minister, preacher.",0.0,Neutral
mínus,RB,adverb,"before, less, of time.",0.0,Neutral
mínus,VB,verb,"to take out, to decrease, to make smaller.",0.0,Neutral
minútu,NN,noun,"of time, minute.",0.0,Neutral
mísa,NN,noun,roman catholic mass.,0.0,Neutral
mísa,VB,verb,to say mass.,0.0,Neutral
misyonéro,NN,noun,missionary.,0.0,Neutral
mítlang,VB,verb,"to say, to mention.",0.0,Neutral
miyád,JJ,adjective,"fine, good, well.",0.7,Positive
monyeka,NN,noun,doll,0.0,Neutral
motór,NN,noun,"motor, machine.",0.0,Neutral
motór,JJ,adjective,motorized.,0.0,Neutral
motorsíklo,NN,noun,motorcycle.,0.0,Neutral
mu,PRP,pronoun,"short form of nímu, second person post-position source pronoun.",0.0,Neutral
mu,RP,particle,particle expressing affirmation of the statement of which it is the last word.,0.0,Neutral
múda,NN,noun,"mode, fashion.",0.0,Neutral
múda,VB,verb,to become the fashion.,0.0,Neutral
mugún,VB,verb,"to work for a daily wage, to earn.",0.0,Neutral
múg’ut,VB,verb,"to do something with violence, to have a grudge for.",-0.625,Negative
múklat,VB,verb,to open one’s eyes in waking.,0.0,Neutral
mulálung,VB,verb,to see or perceive clearly.,0.402,Positive
muléstya,NN,noun,"bother, trouble.",-0.625,Negative
muléstya,VB,verb,"to bother, to molest, to cause trouble, to request.",-0.802,Negative
multa,NN,noun,fine ( fee ),0.202,Positive
multa,VB,verb,to fine,0.202,Positive
múlta,NN,noun,"fine, penalty.",-0.296,Negative
múlta,VB,verb,"to impose a fine, to be fined.",-0.103,Negative
mumho,NN,noun,fallen crumbs of cooked rice on the floor or table,-0.361,Negative
munga,NN,noun,hen,0.0,Neutral
mungá’,NN,noun,"hen, female chicken.",0.0,Neutral
múngha,NN,noun,"monk, isolated nun.",-0.318,Negative
munisípyo,NN,noun,"municipal town hall, municipal office building.",0.0,Neutral
múnu,CC,conjunction,"said, according to, quoting particle.",0.0,Neutral
múnu,VB,verb,"to mention, to murmur, to say.",0.0,Neutral
murahág,JJ,adjective,"pop-eyed, red-eyed.",0.0,Neutral
múrto,NN,noun,"ghost, spirit, apparition.",-0.153,Negative
musika,NN,noun,music synonym: lanton,0.0,Neutral
músika,NN,noun,music.,0.0,Neutral
músing,VB,verb,"to disgrace, to taint.",-0.494,Negative
muskitéro,NN,noun,mosquito net.,0.0,Neutral
muskobádo,NN,noun,"unrefined sugar, brown sugar.",0.0,Neutral
músmus,JJ,adjective,"poor, just, only.",-0.477,Negative
mutsátso,NN,noun,"man servant, paid male servant in the house.",0.0,Neutral
mutún,NN,noun,pulley.,0.0,Neutral
mútya’,NN,noun,pearl.,0.0,Neutral
mú’ad,VB,verb,"to augment, to increase, to multiply.",0.318,Positive
mwéstra,NN,noun,"sample, model.",0.0,Neutral
myémbro,NN,noun,member.,0.0,Neutral
myerkolés,NN,noun,wednesday.,0.0,Neutral
myerkolés,NN,noun,,0.0,Neutral
na,RP,particle,"already, still, yet.",0.0,Neutral
na-,VB,verbal affix,variant of ; completed action affix for the /ma-/ verb in optative mode.,0.0,Neutral
na-…-an,VB,verbal affix,conditional completed action affix of the  verb.,0.0,Neutral
nábaw,JJ,adjective,shallow.,0.0,Neutral
nag-,VB,verbal affix,completed action affix of the  verb.,0.0,Neutral
nag-talíwan,NN,noun formative,ang búlan sang febréro.,0.0,Neutral
naggúlang,NN,noun formative,ang mangá prútas.,0.0,Neutral
naglígad,NN,noun formative,ang enéro péro walá’ pa matapús ang trabáho ku.,0.0,Neutral
nagmalá,NN,noun formative,ang pantalún ku.,0.0,Neutral
nagmáyad,NN,noun formative,si carméla.,0.0,Neutral
nagsámput,NN,noun formative,silá sa syudád.,0.0,Neutral
nag’ulí’,NN,noun formative,silá.,0.0,Neutral
naká-,VB,verbal affix,conditional completed action affix of the  verb.,0.0,Neutral
nákun,PRP,pronoun,"my, mine, (first person singular post-position source pronoun).",0.0,Neutral
naláng,RP,particle,"only, just, a limiting particle.",0.0,Neutral
namit,NN,noun,"delicacy synonyms: nanam , rimis",0.0,Neutral
námit,JJ,adjective,delicious.,0.572,Positive
námun,PRP,pronoun,"our, ours (first person plural exclusive post-position pronoun).",0.128,Positive
námun,NN,noun,,0.0,Neutral
nanám,JJ,adjective,"delicious, tasty, spicy.",0.572,Positive
nánay,NN,noun,"mother, respect form for older aunts or older ladies in the family.",0.477,Positive
nánday,RP,particle,post-position personal name marker.,0.0,Neutral
nangín,VB,verbal affix,"became, was in the state of.",0.0,Neutral
nánu,PRP,pronoun,variant of anu.,0.0,Neutral
napúlu’,CD,numeral,ten.,0.0,Neutral
naranghíta,NN,noun,nectarine.,0.0,Neutral
nárs,NN,noun,nurse.,0.0,Neutral
naták’an,NN,noun formative,akú magpamáti’ sa íya istórya.,0.0,Neutral
nátun,PRP,pronoun,"our, ours (first person plural inclusive post-position source pronoun).",0.0,Neutral
nawúng,NN,noun,"countenance, face.",0.0,Neutral
nay,NN,noun,variant of nánay.,0.0,Neutral
nayánáya,JJ,adjective,"elegant, well-dressed.",0.477,Positive
nayún,NN,noun,"of pig, sow.",0.0,Neutral
náyun,RB,adverb,"beyond, over there.",0.0,Neutral
na’,DT,deictic,"that, from iná’.",0.0,Neutral
ná’ug,VB,verb,"to go down, to descend.",0.0,Neutral
negósyo,NN,noun,"small business, business.;  merchant.",0.0,Neutral
negósyo,VB,verb,"to do business, to be in business.",0.0,Neutral
negrense,NN,noun,native or resident of negros,0.0,Neutral
negrense,JJ,adjective,pertaining to negros,0.0,Neutral
néne’,NN,noun,endearment term for young girls or the eldest girl in the family.,0.0,Neutral
nérbyos,NN,noun,"nervousness, anxiety.",-0.44,Negative
nérbyos,JJ,adjective,"nervous, edgy, anxious.",-0.477,Negative
nérbyos,VB,verb,"to be anxious, to be nervous.",-0.477,Negative
nga,RP,particle,modifier connector.,0.0,Neutral
ngaa,RB,adverb,why ngaa indi ka magkadto? why won't you go?,0.0,Neutral
ngalan,NN,noun,name,0.0,Neutral
ngálan,NN,noun,name.,0.0,Neutral
ngásal,VB,verb,"to chatter, to talk boisterously.",0.0,Neutral
ngáwa,NN,noun,"surprise, apprehension.",-0.25,Negative
ngáwa,VB,verb,"to be surprised, to shrink from, to be afraid of.",0.226,Positive
ngá’a,RB,adverb,why.,0.0,Neutral
ngídlis,VB,verb,"to be horrified, to feel uncomfortable with, to be unpleasant or disagreeable.",-0.898,Negative
ngíl’ad,VB,verb,"to loathe, to be sickened, to disgust.",-0.891,Negative
ngípun,NN,noun,tooth.,0.0,Neutral
ngísi,NN,noun,"grin, giggle.",0.71,Positive
ngísi,VB,verb,"to grin, to giggle.",0.71,Positive
ngíslu’,NN,noun,"of the mouth, gum.",0.0,Neutral
ngithil,VB,verb,"to whine , whimper",-0.361,Negative
ngúrab,VB,verb,"to murmur, to complain to oneself.",-0.361,Negative
ngúrub,NN,noun,"frown, roar, growl.",0.0,Neutral
ngúrub,VB,verb,"to snarl, to growl, to frown.",0.0,Neutral
ngútngut,VB,verb,"to be painful, to feel a sharp pain, to ache.",-0.832,Negative
ni,DT,deictic,"this, from iní.",0.0,Neutral
ni,RP,particle,personal name post-position marker.,0.0,Neutral
nígru,NN,noun,"negro, black-complexioned person.",0.0,Neutral
níla,PRP,pronoun,their (third person plural post-position source pronoun).,0.0,Neutral
nílag,VB,verb,"to observe closely, to eavesdrop, to be on the watch surreptitiously.",0.0,Neutral
nímu,PRP,pronoun,your (second person singular post-position source pronoun).,0.0,Neutral
nínyu,PRP,pronoun,your (second person plural post-position source pronoun).,0.0,Neutral
nipa,NN,noun,nipa palm,0.0,Neutral
nípa,NN,noun,"nipa palm, swampy palm.",0.0,Neutral
nipiś,JJ,adjective,"thin, reduced in volume.",0.0,Neutral
nipiś,NN,noun,,0.0,Neutral
nipiś,VB,verb,"to be thinner, to reduce in volume or thickness.",0.0,Neutral
nipúlun,JJ,adjective,"round, circular, spherical.",0.0,Neutral
níwang,JJ,adjective,"lean, thin, of animals and people.",0.0,Neutral
níwang,VB,verb,"to reduce in weight, to become thinner.",0.0,Neutral
níya,PRP,pronoun,"her, his, its (third person singular post-position source pronoun).",0.0,Neutral
niyúg,NN,noun,coconut.,0.0,Neutral
nobéla,NN,noun,novel.,0.318,Positive
nobyémbre,NN,noun,november.,0.0,Neutral
nóbyo,NN,noun,"sweetheart, groom.",0.649,Positive
nónong,NN,noun,"endearment term for young boys, especially the second oldest in the family.",0.0,Neutral
nónoy,NN,noun,"endearment term for young boys, especially the youngest in the family.",0.0,Neutral
nú,PRP,pronoun,tag question word from anú.,0.0,Neutral
nubú’,JJ,adjective,short in height.,0.0,Neutral
numero,NN,noun,number,0.077,Positive
número,NN,noun,number.,0.077,Positive
núsnus,VB,verb,to rub hard.,-0.103,Negative
nwébe,CD,numeral,nine.,0.0,Neutral
nyébe,NN,noun,snow.,0.0,Neutral
o,CC,conjunction,or.,0.0,Neutral
o,RP,particle,"okay, oh.",0.226,Positive
obíspo,NN,noun,bishop.,0.0,Neutral
óbra,NN,noun,"work, job, assignment.",0.0,Neutral
óbra,VB,verb,"to work, to do a job.",0.0,Neutral
okra,NN,noun,okra ( abelmoschus esculentus ),0.0,Neutral
okupádo,JJ,adjective,"busy, occupied.",0.0,Neutral
ónse,CD,numeral,eleven.,0.0,Neutral
operá,VB,verb,"to operate, to be operated on.",0.0,Neutral
opisína,NN,noun,office.,0.0,Neutral
opisyál,NN,noun,official.,0.0,Neutral
óras,NN,noun,"time;  clock, watch, time piece.",0.0,Neutral
orasyón,NN,noun,"angelus, toll of bells come six o’clock in the afternoon.",0.0,Neutral
órden,NN,noun,cincture of priests on the head.,0.0,Neutral
órden,VB,verb,"to ordain, to bestow the cincture, so as to become a priest.",0.0,Neutral
ordináryo,JJ,adjective,"common, ordinary.",0.0,Neutral
órgano,NN,noun,organ.,0.0,Neutral
ospitál,NN,noun,hospital.,0.0,Neutral
osyóso,JJ,adjective,"curious, nosy.",0.318,Positive
otél,NN,noun,hotel.,0.0,Neutral
otsénta,CD,numeral,eighty.,0.0,Neutral
ótso,CD,numeral,eight.,0.0,Neutral
pa,RP,particle,"still, yet.",0.0,Neutral
paa,NN,noun,thigh,0.0,Neutral
paa,NN,noun,"haunch (of a horse , stag , etc.)",0.0,Neutral
paabat,VB,verb,causative of ábat,0.0,Neutral
paabay,VB,verb,causative of abáy,0.0,Neutral
paagaw,VB,verb,causative of ágao,0.0,Neutral
paalam,NN,noun,causative of álam,0.0,Neutral
paalam,UH,interjection,goodbye paálam na.,0.0,Neutral
paalam,VB,verb,to warn or caution,-0.103,Negative
paboríto,NN,noun,favorite.,0.459,Positive
paboríto,JJ,adjective,favorite.,0.459,Positive
pabrika,NN,noun,"factory , mill",0.0,Neutral
pábrika,NN,noun,factory.,0.0,Neutral
pábu,NN,noun,turkey.,0.0,Neutral
padalá,NN,noun,"thing sent, package sent.",0.0,Neutral
padalá,VB,verb,to send.,0.0,Neutral
padáyun,VB,verb,"to go onward, to continue.",0.0,Neutral
pader,NN,noun,stone or concrete wall or fence,0.0,Neutral
padér,NN,noun,concrete wall.,0.0,Neutral
padíhut,VB,verb,"to contrive, to perform, to set up, to organize.",0.0,Neutral
padong,NN,noun,cockscomb ; rooster 's comb,0.0,Neutral
padugi,NN,noun,method,0.0,Neutral
padúgi’,VB,verb,"to manage, to find a way, to contrive.",0.0,Neutral
padúlung,VB,verb,"to go to, to go in the direction of, to head for.",0.0,Neutral
pádya’,NN,noun,"prize, reward.",0.791,Positive
pagáno,NN,noun,"heathen, pagan.",0.0,Neutral
pagká’un,NN,noun,food.,0.0,Neutral
pagkúha’,NN,noun formative,dá’an sang pápel.,0.0,Neutral
paglaum,NN,noun,hope,0.44,Positive
págsik,JJ,adjective,"brisk, active, enthusiastic.",0.758,Positive
págut,VB,verb,"to rave, to be furious, to gnash the teeth while asleep.",-0.572,Negative
pág’un,JJ,adjective,"strong, durable, firm, solid.",0.599,Positive
páha,NN,noun,"belt, waist band.",0.0,Neutral
pahalin,VB,verb,causative of hálin,0.0,Neutral
pahalin,VB,verb,to depart or leave,-0.052,Negative
pahalin,VB,verb,to fire or oust,-0.34,Negative
pahat,VB,verb,to share ; to divide,0.296,Positive
pahat-pahat,VB,verb,diminutive of páhat,0.0,Neutral
pahat-pahat,VB,verb,frequentative of páhat,0.0,Neutral
páhid,VB,verb,"to wipe clean, to wipe away, to dry with a cloth.",0.402,Positive
pahítu’,NN,noun,"technique, procedure, way, means.",0.0,Neutral
pahítu’,VB,verb,"to do, to find a way, to scheme, to process.",0.0,Neutral
páhug,VB,verb,"to frighten, to tease.",-0.572,Negative
pahulám,VB,verb,"to lend, to let.",0.0,Neutral
pahúway,NN,noun,"rest, relaxation.",0.527,Positive
pahúway,VB,verb,"to rest, to relax.",0.44,Positive
páhu’,NN,noun,mango.,0.0,Neutral
paka,NN,noun,frog,0.0,Neutral
pakarás,VB,verb,to harrow.,0.0,Neutral
pákaw,NN,noun,"hilt, handle.",0.0,Neutral
paká’,NN,noun,frog.,0.0,Neutral
paka’isá,NN,noun,first degree cousin.,0.0,Neutral
pakéte,NN,noun,"pack, package.",0.0,Neutral
páklang,NN,noun,"stem, branch.",0.0,Neutral
paklay,NN,noun,"a filipino dish made from sautéed sliced bamboo shoots , mixed with meat such as fish or shrimp , ground pork or beef , with some tomatoes , onions , garlic , and other spices , among other ingredients, especially in the cuisine of western visayas nakakáon kamí dídto sing manámit nga páklay . we had there a savoury dish of bamboo-shoots mixed with meat .",0.0,Neutral
pákpak,NN,noun,"feather, wing.",0.0,Neutral
pákpak,VB,verb,to beat off as to brush off dust or ants from a dress.,0.0,Neutral
pákris,NN,noun,bruise.,0.0,Neutral
páksi’,VB,verb,"to tear off from something, to take out from a book, to pluck off a flower.",0.0,Neutral
pakút,NN,noun,"guess, venture.",0.0,Neutral
pakút,VB,verb,"to venture a guess, to guess.",0.0,Neutral
pakú’,NN,noun,sleeve.,0.0,Neutral
pákyaw,JJ,adjective,"wholesale, in bulk.",0.0,Neutral
pála,NN,noun,"shovel, spade.",0.0,Neutral
pala-,JJ,adjective formative,formative affix designating habitual state of being or repeated action.,0.0,Neutral
pálad,NN,noun,"fate, palm.",0.0,Neutral
palahubog,NN,noun,"drunkard , alcoholic synonym: palabalong",0.0,Neutral
palákpak,NN,noun,clapping of the hands.,0.0,Neutral
palákpak,VB,verb,to clap the hands.,0.0,Neutral
palaktakún,NN,noun,"riddle, problem.",-0.402,Negative
palamanúg,VB,verb,"to swell, to have black and blue marks.",0.0,Neutral
palangána,NN,noun,basin.,0.0,Neutral
palángga’,NN,noun,"beloved, sweetheart, favorite.",0.891,Positive
palángga’,VB,verb,"to love, to care for.",0.813,Positive
pálapála,NN,noun,trellis.,0.0,Neutral
palasárun,NN,noun,"project, plan.",0.0,Neutral
palásyu,NN,noun,palace.,0.0,Neutral
pálay,NN,noun,rice plant.,0.0,Neutral
paláyas,NN,noun,awning.,0.0,Neutral
pála’,VB,verb,"to erase with an eraser, to wipe out.",0.0,Neutral
pálhit,VB,verb,"to smear over, to plaster on to.",-0.361,Negative
palíbut,RB,adverb,around.,0.0,Neutral
pálid,VB,verb,to be blown away.,0.0,Neutral
paligu’,VB,verb,see ligu’.,0.0,Neutral
palíhug,VB,verb,to please.,0.318,Positive
palítu,NN,noun,tooth pick.,0.0,Neutral
pálpag,VB,verb,"to strike or hit with something, to drive a nail.",-0.128,Negative
pálsu,VB,verb,"to fail, to disappoint, to be unsuccessful.",-0.827,Negative
pálta,VB,verb,to be absent.,0.0,Neutral
paltéra,NN,noun,midwife.,0.0,Neutral
pálu,NN,noun,masthead of a ship.,0.0,Neutral
pálung,VB,verb,"to put out, to extinguish, to blow out.",0.0,Neutral
palús,VB,verb,"to slip off, to free from grip.",0.511,Positive
pamáhaw,NN,noun,"breakfast, snack.",0.0,Neutral
pamáhaw,VB,verb,"to eat breakfast, to eat a snack.",0.0,Neutral
pamalándung,VB,verb,"to meditate, to contemplate.",0.0,Neutral
pamángkut,NN,noun,question.,0.0,Neutral
pamángkut,VB,verb,to ask a question.,0.0,Neutral
pamantalá’an,NN,noun,newspaper.,0.0,Neutral
pamatán’un,NN,noun,youth.,0.0,Neutral
památbat,VB,verb,"to speak with authority, to lead a group in prayer, to sentence as a judge.",0.153,Positive
památi’,VB,verb,to listen.,0.0,Neutral
pamugún,VB,verb,"to earn, to work at a job.",0.0,Neutral
pamulúgsu’,VB,verb,to gesticulate wildly and talk angrily.,-0.421,Negative
pamulut,VB,verb,frequentative of púlut,0.0,Neutral
pamús’un,VB,verb,to move the bowels.,0.0,Neutral
pamuyayaw,VB,verb,frequentative of buyáyaw,0.0,Neutral
pamuyayaw,VB,verb,to curse and swear,-0.572,Negative
panaderíya,NN,noun,bakery.,0.0,Neutral
panagsarí’,NN,noun,predicate.,0.0,Neutral
panag’íya,VB,verb,"to own, to acquire, to obtain.",0.0,Neutral
panahún,NN,noun,"weather, climate.",0.0,Neutral
panakáyun,VB,verb,"to sail, to take the boat.",0.0,Neutral
panakot,NN,noun,a spice,0.0,Neutral
panakot,NN,noun,(archaic) ingredient,0.0,Neutral
panakot,NN,noun,"(archaic) medicine, drug",0.0,Neutral
panákut,NN,noun,"ingredients, spice.",0.0,Neutral
panálgan,NN,noun,storey.,0.0,Neutral
panambítun,VB,verb,"to sigh, to mourn, to cry.",-0.7,Negative
panámkun,VB,verb,"to conceive, to crave for something while conceiving.",0.0,Neutral
pananglitan,NN,noun,"an analogy , example , or illustration",0.0,Neutral
pananglítan,CC,conjunction,"supposing, in case, if.",0.0,Neutral
panáptun,NN,noun,cloth.,0.0,Neutral
pánas,VB,verb,"to rub off, to erase, to wipe out.",0.0,Neutral
paná’,NN,noun,"arrow, bow.",0.0,Neutral
paná’ug,VB,verb,"to go down, to go downstairs.",0.0,Neutral
pang-…-un,VB,verbal affix,ginpangumústa akú ni presidénte márcos.,0.0,Neutral
pangabáy,VB,verb,"to request, to ask a favor.",0.402,Positive
pangabúdlay,NN,noun,"effort, hard work.",-0.103,Negative
pangabúdlay,VB,verb,"to work hard, to try to accomplish, to put effort into.",0.34,Positive
pangabúhi’,NN,noun,"life, way of life.",0.0,Neutral
pangádyi’,NN,noun,"prayer, meditation.",0.0,Neutral
pangádyi’,VB,verb,"to pray, to meditate, to contemplate.",0.318,Positive
pangáku’,NN,noun,"promise, oath, sworn statement.",0.318,Positive
pangáku’,VB,verb,"to swear, to promise, to commit.",0.511,Positive
pangáku’,NN,noun formative,magliwát.,0.0,Neutral
pangalikog,NN,noun,a probe,0.0,Neutral
pangalikog,VB,verb,frequentative of kalíkog,0.0,Neutral
pangamúyu’,NN,noun,"prayer, supplication.",0.0,Neutral
pangamúyu’,VB,verb,"to pray, to supplicate, to entreat god.",0.527,Positive
panganud,NN,noun,cloud,0.0,Neutral
pangánud,NN,noun,cloud.,0.0,Neutral
pangáyaw,VB,verb,"to migrate, to transfer to a place temporarily, to move to a new place.",0.0,Neutral
pangáyu’,NN,noun,"request, demand, thing asked for.",-0.128,Negative
pangáyu’,VB,verb,"to ask, to request, to demand.",-0.128,Negative
pánggas,VB,verb,"to sow, to plant seeds by hand.",0.494,Positive
panginhásun,NN,noun,"sea shell, clam.",0.0,Neutral
pangíta’,NN,noun,"wage, earnings.",0.0,Neutral
pangíta’,VB,verb,"to look for, to search.",0.0,Neutral
pángpang,NN,noun,"brink, edge, coast, area close to a river or sea.",0.0,Neutral
pangúlu,NN,noun,"president, chief, leader.",0.0,Neutral
panihúl,NN,noun,whistle.,0.0,Neutral
panihúl,VB,verb,"to whistle, to be whistled at.",0.0,Neutral
panílag,VB,verb,"to watch, to scout, to observe surreptitiously.",0.0,Neutral
pánit,NN,noun,"skin, leather, bark.",0.0,Neutral
pánit,VB,verb,"to skin, to peel off.",0.0,Neutral
paní’id,NN,noun,"experience, observation.",0.0,Neutral
paní’id,VB,verb,"to observe, to experience.",0.0,Neutral
pani’údtu,NN,noun,lunch.,0.0,Neutral
pani’údtu,VB,verb,to eat lunch.,0.0,Neutral
pánsit,NN,noun,cooked noodles with mixed vegetables and dumplings.,-0.077,Negative
pantalón,NN,noun,pair of pants.,0.0,Neutral
pantálya,NN,noun,dummy.,0.0,Neutral
panúgyan,NN,noun,"suggestion, recommendation.",0.0,Neutral
panuláy,NN,noun,"evil, devil, temptation.",-0.869,Negative
panyága,NN,noun,lunch.,0.0,Neutral
panyága,VB,verb,to eat lunch.,0.0,Neutral
panyápun,NN,noun,"supper, dinner.",0.0,Neutral
panyápun,VB,verb,"to eat supper, to dine.",0.0,Neutral
pányu’,NN,noun,handkerchief.,0.0,Neutral
papá,NN,noun,father.,0.0,Neutral
pápa,NN,noun,roman catholic pope.,0.0,Neutral
pápas,VB,verb,"to exterminate, to destroy.",-0.542,Negative
papél,NN,noun,paper.,0.0,Neutral
pára,CC,conjunction,for.,0.0,Neutral
paráda,NN,noun,"parade, parking.",0.0,Neutral
paráda,VB,verb,"to hold a parade, to park a vehicle.",0.0,Neutral
parakáyda,NN,noun,parachute.,0.0,Neutral
paralísis,NN,noun,"paralysis, loss of sensation on any part of the body.",-0.318,Negative
paralítiku,NN,noun,"paralytic, crippled person.",0.0,Neutral
párapu,NN,noun,paragraph.,0.0,Neutral
para’ísu,NN,noun,paradise.,0.637,Positive
parého,RB,adverb,"same, similarly.",0.0,Neutral
parého,VB,verb,"to be the same, to be similar.",0.0,Neutral
parílya,NN,noun,broiling grill.,0.0,Neutral
páris,NN,noun,"pair, look-alike.",0.0,Neutral
pári’,NN,noun,"priest, minister, preacher.",0.0,Neutral
parmásya,NN,noun,"pharmacy, drug store.",0.0,Neutral
parmasyotika,NN,noun,pharmacist.,0.0,Neutral
párti,NN,noun,"part, division, piece.",0.0,Neutral
párti,RB,adverb,"about, in relation to.",0.0,Neutral
partído,NN,noun,political party.,0.402,Positive
parúl,NN,noun,"lantern, christmas lanterns.",0.0,Neutral
parút,VB,verb,to miss a card in gambling.,-0.153,Negative
paryente,NN,noun,relative synonym: kakiliran,0.0,Neutral
paryénte,NN,noun,"relative, cousin.",0.0,Neutral
pásad,VB,verb,"to establish, to erect, to put up.",0.0,Neutral
pasagí’,JJ,adjective,simple.,0.0,Neutral
pasáhe,NN,noun,"passage, trip.;  passenger.",0.0,Neutral
pasahi,JJ,adjective,"extraordinary , exceptional , remarkable",0.597,Positive
pasahi,JJ,adjective,"uncommon , noteworthy",0.0,Neutral
pasahi,NN,noun,passage,0.0,Neutral
pasahi,NN,noun,fare or ticket,0.0,Neutral
pasahi,NN,noun,passage ( of a book ),0.0,Neutral
pasahi,NN,noun,anecdote ( of one's own life ),0.0,Neutral
pasahi,VB,verb,"the act of being extraordinary , to complete a task in an extraordinary fashion",0.0,Neutral
pasák,NN,noun,fern.,0.0,Neutral
pasamáno,NN,noun,window sill.,0.0,Neutral
pasápása,VB,verb,to pass on from one hand to another.,0.494,Positive
pasapórte,NN,noun,passport.,0.0,Neutral
pasár,VB,verb,"to pass through, to be over, to go by.",0.0,Neutral
pasáw,NN,noun,croton plant.,0.0,Neutral
pasáy,VB,verb,to eat the main meat course without rice.,0.0,Neutral
pasáylu,VB,verb,"to forgive, to excuse.",0.34,Positive
pasénsya,NN,noun,"forgiveness, excuse.",0.34,Positive
pasénsya,VB,verb,"to forgive, to excuse.",0.34,Positive
pasílyo,NN,noun,"aisle, corridor.",0.0,Neutral
pasimpálad,VB,verb,"to take the risk, to chance it.",-0.026,Neutral
pásis,NN,noun,free pass.,0.511,Positive
paskíl,NN,noun,"placard, billboard.",0.0,Neutral
páskwa,NN,noun,christmas.,0.0,Neutral
páslaw,VB,verb,"to be caught red-handed, to fail, to lose.",-0.735,Negative
páspas,VB,verb,"to cut down as of trees, to fell many trees.",-0.273,Negative
passinhon,NN,noun,resident or inhabitant of passi,0.0,Neutral
passinhon,JJ,adjective,of or pertaining to passi,0.0,Neutral
pásta,NN,noun,"paste, tooth filling.",0.0,Neutral
pásta,VB,verb,"to paste on, to fill a tooth cavity.",0.0,Neutral
pastór,NN,noun,"shepherd, parish priest.",0.0,Neutral
pasulábi,VB,verb,"to prefer, to esteem, to give priority.",0.0,Neutral
pásung,NN,noun,native sack of woven palm leaves with the volume content of one cavan.,0.0,Neutral
pásu’,NN,noun,"burn, scorch on a person’s skin.",0.0,Neutral
pásu’,VB,verb,"to get burned, to get scorched.",0.0,Neutral
pásyar,NN,noun,"stroll, walk.",0.0,Neutral
pásyar,VB,verb,"to take a walk, to stroll.",0.0,Neutral
pasyénte,NN,noun,sick patient.,-0.511,Negative
pás’an,VB,verb,"to bear on the shoulder, to carry on the shoulder.",0.0,Neutral
patadyúng,NN,noun,native wrap-around skirt.,0.0,Neutral
pátag,JJ,adjective,"of land, plain, even, level.",0.0,Neutral
patalum,VB,verb,to sharpen or hone a blade,0.0,Neutral
patani,NN,noun,lima beans,0.0,Neutral
patáni’,NN,noun,pea pod.,0.0,Neutral
patarásak,JJ,adjective,eccentric.,0.0,Neutral
pátas,RB,adverb,"equally, evenly.",0.0,Neutral
pátas,VB,verb,"to come out equal, to result in a tie.",0.0,Neutral
patatas,NN,noun,potato,0.0,Neutral
patáwad,NN,noun,"excuse, clemency, pardon.",0.382,Positive
patáwad,VB,verb,"to give clemency, to pardon, to forgive, to excuse.",0.572,Positive
patay,JJ,adjective,dead antonym: buhi,-0.649,Negative
patay,NN,noun,"the dead body of a person; cadaver ; corpse synonyms: lawas , bangkay",-0.84,Negative
patáy,NN,noun,"dead person, dead plant or animal, corpse.;  death.",-0.953,Negative
patáy,VB,verb,"to kill, to put to death.",-0.863,Negative
páti,VB,verb,"to believe, to obey, to be convinced.",0.402,Positive
pating,NN,noun,dove ; pigeon,0.0,Neutral
patíng,NN,noun,"pigeon, dove.",0.0,Neutral
patís,NN,noun,fish sauce made from marinated shrimps or fish.,0.0,Neutral
patí’,RB,adverb,"including, also, with, together with.",0.0,Neutral
pátpat,VB,verb,"to explain, to interpret, to translate.",0.0,Neutral
patron,NN,noun,patron saint,0.0,Neutral
pátu,NN,noun,duck.,0.0,Neutral
patugsíling,NN,noun,"consideration, thoughtfulness.",0.44,Positive
patugsíling,VB,verb,"to be considerate, to think of other’s feelings.",0.44,Positive
pátuk,VB,verb,"to begin to do, to invent, to create, to start, to organize.",0.273,Positive
patumbayá’,VB,verb,"to neglect, to abandon.",-0.71,Negative
patúnda’,NN,noun,warning.,-0.34,Negative
patúpátu,NN,noun,"fabrication, lie, made-up story.",0.0,Neutral
patúyang,VB,verb,"to expose extravagantly, to show-off.",-0.153,Negative
pátyu,NN,noun,"cemetery, tomb.",0.0,Neutral
pát’in,VB,verb,"to sign, to mark, to enter in the list.",0.0,Neutral
pát’ud,VB,verb,"to be sure, to make sure.",0.557,Positive
pawíkan,NN,noun,sea turtle.,0.0,Neutral
payág,NN,noun,"small hut, hovel.",0.0,Neutral
paya’ún,JJ,adjective,childish.,-0.296,Negative
payong,NN,noun,umbrella,0.0,Neutral
páypay,VB,verb,"to fan for air, to beckon to, to call back with a hand gesture.",0.67,Positive
páyung,NN,noun,"umbrella, parasol.",0.0,Neutral
páyung,VB,verb,to wear an umbrella.,0.0,Neutral
pá’a,NN,noun,thigh.,0.0,Neutral
pa’álam,VB,verb,"to warn, to tell beforehand.",-0.103,Negative
pa’ánu,RB,adverb,how.,0.0,Neutral
pa’ayún,VB,verb,"to go towards, to make for, to point at.",0.0,Neutral
pa’ílub,VB,verb,"to bear patiently or humbly, to give way, to give the chance to others.",0.25,Positive
pa’ínu’ínu,NN,noun,"thought, idea.",0.0,Neutral
pa’ínu’ínu,VB,verb,"to think, to have the idea of.",0.0,Neutral
pa’ít,NN,noun,bitterness.,-0.402,Negative
pa’ít,JJ,adjective,bitter.,-0.421,Negative
pa’íway,VB,verb,"to repel, to avoid, to be careful of.",-0.153,Negative
pá’pa’,VB,verb,"to hammer, to strike a nail.",-0.128,Negative
pa’úli’,VB,verb,"to go home, to go back to the house.",0.0,Neutral
pa’úmud,VB,verb,"to abstain, to exercise patience.",0.0,Neutral
pa’ún,NN,noun,"bait, decoy.",0.0,Neutral
pá’un,VB,verb,"to isolate, to separate, to set aside.",-0.202,Negative
pa’úna,VB,verb,"to allow to go ahead, to be first.",0.226,Positive
pelígro,NN,noun,"risk, danger.",-0.67,Negative
pelikula,NN,noun,pellicle ; film,0.0,Neutral
pelikula,NN,noun,film ; movie ; motion picture,0.0,Neutral
pensyón,NN,noun,pension.,0.0,Neutral
pensyón,VB,verb,"to give a pension, to support through a pension.",0.402,Positive
péras,NN,noun,pear.,0.0,Neutral
peregríno,NN,noun,pilgrim.,0.0,Neutral
pérlas,NN,noun,pearl.,0.0,Neutral
péro,CC,conjunction,"but, however.",0.0,Neutral
personál,JJ,adjective,personal.,0.0,Neutral
peryódiko,NN,noun,newspaper.,0.0,Neutral
pesétas,NN,noun,twenty centavo coin.,0.0,Neutral
pétsa,NN,noun,"date, day of the week and month of the year.",0.0,Neutral
petsay,NN,noun,chinese cabbage ( either napa cabbage or bok choy ),0.0,Neutral
pidáso,NN,noun,"piece, one part, one bite.",0.0,Neutral
pigaw,JJ,adjective,"frail , weak",-0.44,Negative
pígaw,JJ,adjective,"frail, weak.",-0.44,Negative
pígaw,VB,verb,"to become weak, to become frail.",-0.44,Negative
pigtot,NN,noun,coccyx ; tailbone,0.0,Neutral
pígus,VB,verb,"to oppress, to exploit.",-0.103,Negative
pihák,NN,noun,"other side, reverse, pair, half.",0.0,Neutral
pihák,VB,verb,"to cut in two parts, to divide in half.",-0.273,Negative
píhpih,VB,verb,to brush off with the hand.,0.494,Positive
pikít,JJ,adjective,"of clothes, tight.",0.0,Neutral
pikoy,NN,noun,parrot,0.0,Neutral
píkpik,VB,verb,"to pet, to pat on the back.",0.0,Neutral
pikún,JJ,adjective,"short-tempered, ill-natured.",0.0,Neutral
pikúy,NN,noun,parrot.,0.0,Neutral
pilá,RB,adverb,"how much, how many.",0.0,Neutral
píla,NN,noun,"line, queue.",0.0,Neutral
píla,VB,verb,to stand in line.,0.0,Neutral
pilak,NN,noun,silver,0.0,Neutral
pilak,VB,verb,to throw,0.0,Neutral
pilák,VB,verb,"to throw, to cast away.",0.0,Neutral
pílak,NN,noun,"silver, coin, silver money.",0.0,Neutral
pilás,NN,noun,"wound, bruise, soreness.",0.0,Neutral
pildoras,NN,noun,pill,0.0,Neutral
pílduras,NN,noun,"medicine tablets, pill.",0.0,Neutral
píli,NN,noun,choice.,0.0,Neutral
píli,VB,verb,"to choose, to select, to elect.",0.0,Neutral
pílik,VB,verb,"of animals, to quiver, to shake.",-0.178,Negative
pilikulá,NN,noun,"movie film, movie show.",0.0,Neutral
pililion,NN,noun,"nominee , one who is worthy or desirable to be chosen",0.637,Positive
pilipínas,NN,noun,philippines.,0.0,Neutral
pilipíno,NN,noun,"filipino, citizen of the philippines.",0.0,Neutral
pilít,JJ,adjective,"sticky, clammy.",0.0,Neutral
pilít,VB,verb,"to stick on, to paste on.",0.0,Neutral
pílit,VB,verb,"to insist, to urge, to force, to compel.",0.0,Neutral
pilósopo,NN,noun,"philosopher, smark aleck.",0.0,Neutral
pílpil,VB,verb,"to weigh down, to put a weight on top.",0.202,Positive
pilú’,NN,noun,"fold of the dress, hem.",0.0,Neutral
pilú’,VB,verb,"to fold over, to make a fold.",0.0,Neutral
pimyénta,NN,noun,red or white pepper.,0.0,Neutral
pina-,JJ,adjective formative,formative affix designating superlative degree quality.,0.0,Neutral
pínggan,NN,noun,"plate, dish.",0.0,Neutral
piníkas,NN,noun,"one piece, sliced piece, cut up pieces.",-0.273,Negative
pínsar,NN,noun,"thought, idea.",0.0,Neutral
pínsar,VB,verb,"to think of, to have the idea that.",0.0,Neutral
pínta,NN,noun,paint.,0.0,Neutral
pínta,VB,verb,"to paint, to cover with paint.",0.0,Neutral
píntal,NN,noun,"bar, bolt.",0.0,Neutral
píntal,VB,verb,"to bolt, to bar an opening.",0.0,Neutral
píntas,JJ,adjective,"cruel, harsh, brutal.",-0.896,Negative
pintór,NN,noun,painter.,0.0,Neutral
píntuk,NN,noun,"dot, blot.",0.0,Neutral
pínu,JJ,adjective,"fine, dainty, skilled product.",0.202,Positive
pínu,VB,verb,"to refine, to produce something of fine workmanship, to smoothen.",0.202,Positive
pínya,NN,noun,pineapple.,0.0,Neutral
pípa,NN,noun,tobacco pipe.,0.0,Neutral
pípa,VB,verb,to smoke a pipe.,0.0,Neutral
pipínu,NN,noun,cucumber.,0.0,Neutral
pirásu,NN,noun,"piece, one part.",0.0,Neutral
piríku,NN,noun,parrot.,0.0,Neutral
pírma,NN,noun,signature.,0.0,Neutral
pírma,VB,verb,"to sign, to put one’s signature to.",0.0,Neutral
pírme,RB,adverb,"always, constantly.",0.0,Neutral
pírut,VB,verb,"to wink, to squint the eye.",0.0,Neutral
písan,JJ,adjective,"diligent, industrious.",0.0,Neutral
pisára,NN,noun,blackboard.,0.0,Neutral
písga’,VB,verb,"to pinch, to press, to squeeze to extract liquid.",0.0,Neutral
pisík,VB,verb,"to fly off or jump off, of shrimps and fish, to make a quick and sudden movement, to flip.",0.0,Neutral
pisíl,VB,verb,"to compress, to grip, to press, to press with the fingers.",0.0,Neutral
písi’,NN,noun,"string, cord.",0.0,Neutral
písngi,NN,noun,cheek.,0.0,Neutral
písngu’,NN,noun,"sob, sobbing sound.",-0.557,Negative
písngu’,VB,verb,to sob after weeping.,-0.599,Negative
písos,NN,noun,peso bill.,0.0,Neutral
píspis,NN,noun,bird.,0.0,Neutral
písta,NN,noun,"fiesta, religious feast day of a saint, variant of pyésta.",0.477,Positive
písti,NN,noun,"epidemic, pest, plague, drought.",0.0,Neutral
pisúk,NN,noun,moment.,0.0,Neutral
pisúk,VB,verb,to bat an eye.,0.0,Neutral
pisú’,NN,noun,chick.,0.0,Neutral
pitáka,NN,noun,"purse, handbag.",0.0,Neutral
pitála’,NN,noun,bolt.,0.0,Neutral
pitík,NN,noun,"beating, throbbing, flick.",-0.459,Negative
pitík,VB,verb,to flick another person with a finger.,0.0,Neutral
pítla’,JJ,adjective,gibberish.,0.0,Neutral
pítsil,NN,noun,pitcher.,0.0,Neutral
pitú,CD,numeral,seven.;  seventh; /napulug-/ seventeen; /ka-…-an/ seventy.,0.0,Neutral
pítu,NN,noun,whistle.,0.0,Neutral
pítu,VB,verb,"to blow a whistle, to whistle.",0.0,Neutral
piyansa,NN,noun,( law ) bail,0.0,Neutral
piyansa,VB,verb,( law ) to bail ; to post bail,0.0,Neutral
píyung,VB,verb,"to shut, to close the eye.",0.0,Neutral
pi’áng,JJ,adjective,"lame, cripple.",-0.421,Negative
pi’áng,VB,verb,"to become lame, to become crippled, to limp.",-0.421,Negative
pí’pi’,VB,verb,to pat with the hand.,0.494,Positive
pí’ud,VB,verb,to fold.,0.0,Neutral
pí’ut,JJ,adjective,"tight, crowded.",0.0,Neutral
pí’ut,VB,verb,"to become tight, to breathe with difficulty.",-0.34,Negative
pláka,NN,noun,phonograph record.,0.0,Neutral
planéta,NN,noun,planet.,0.0,Neutral
plántsa,NN,noun,dry iron.,0.0,Neutral
plántsa,VB,verb,to iron with a dry iron.,0.0,Neutral
plánu,NN,noun,plan.,0.0,Neutral
plánu,VB,verb,to plan.,0.0,Neutral
plása,NN,noun,"park, plaza.",0.0,Neutral
pláster,NN,noun,"plaster, band aid.",0.0,Neutral
platéro,NN,noun,goldsmith.,0.0,Neutral
platíto,NN,noun,saucer.,0.0,Neutral
pláto,NN,noun,"dinner plate, dish.",0.0,Neutral
pléte,NN,noun,"fare, ticket for a plane or boat or bus ride.",0.0,Neutral
plúma,NN,noun,fountain pen.,0.0,Neutral
pluméru,NN,noun,feather duster.,0.0,Neutral
pobre,JJ,adjective,poor,-0.477,Negative
pobre,NN,noun,a beggar ; a mendicant,0.0,Neutral
póbre,JJ,adjective,"poor, humble, unpretentious.",-0.477,Negative
póbre,NN,noun,poverty.,-0.511,Negative
polbora,NN,noun,gunpowder,0.0,Neutral
pomáda,NN,noun,"pomade, men’s hair dressing.",0.0,Neutral
porsyénto,NN,noun,"percentage, interest.",0.459,Positive
póste,NN,noun,"post, column.",0.0,Neutral
postúŕa,JJ,adjective,"dressed up, elegant, smartly dressed.",0.681,Positive
posturyóso,JJ,adjective,"chic, dressy, elegantly dressed.",0.612,Positive
pototanon,NN,noun,resident or inhabitant of pototan,0.0,Neutral
pototanon,JJ,adjective,of or pertaining to pototan,0.0,Neutral
premyo,NN,noun,prize synonym: padya,0.511,Positive
prémyo,NN,noun,"prize, reward.",0.791,Positive
prénda,VB,verb,to pawn.,0.0,Neutral
préno,NN,noun,"brake of a vehicle, stop.",-0.296,Negative
préno,VB,verb,"to put on the brakes, to stop.",-0.296,Negative
presentár,VB,verb,"to present oneself, to introduce, to give as a gift.",0.44,Positive
presidénte,NN,noun,president.,0.0,Neutral
présyo,NN,noun,"price, cost price, selling price, cost.",0.0,Neutral
pribádo,JJ,adjective,private.,0.0,Neutral
pribilíhiyu,NN,noun,privilege.,0.361,Positive
primabéra,NN,noun,spring.,0.0,Neutral
primo,NN,noun,male cousin ( of any degree of cousinhood ),0.0,Neutral
prímo,NN,noun,cousin.,0.0,Neutral
prinsipál,NN,noun,school principal.,0.0,Neutral
príso,NN,noun,prisoner.;  prison.,-0.778,Negative
príso,VB,verb,"to put in prison, to imprison.",-0.511,Negative
príto,JJ,adjective,fried.,0.0,Neutral
príto,VB,verb,"to fry, to cook in oil.",0.0,Neutral
probár,VB,verb,"to prove, to give proofs.",0.0,Neutral
probinsya,NN,noun,province,0.0,Neutral
probínsya,NN,noun,"province, state, political division.",0.0,Neutral
probléma,NN,noun,problem.,-0.402,Negative
prográma,NN,noun,program.,0.0,Neutral
propesór,NN,noun,professor.,0.0,Neutral
propeta,NN,noun,prophet,0.0,Neutral
protésta,NN,noun,"protest, complain.",-0.542,Negative
protésta,VB,verb,"to complain, to protest.",-0.542,Negative
prupíta,NN,noun,prophet.,0.0,Neutral
prútas,NN,noun,fruit.,0.0,Neutral
pruwéba,NN,noun,"proof, evidence.",0.0,Neutral
públiku,NN,noun,public.,0.0,Neutral
púdag,VB,verb,to stamp the feet in anger.,-0.572,Negative
púgad,NN,noun,nest.,0.0,Neutral
púga’,VB,verb,to squeeze so as to extract liquid.,0.0,Neutral
pugún,NN,noun,"stove, native oven made of clay.",0.0,Neutral
pugúng,VB,verb,"to repress, to stop, to control.",-0.557,Negative
púgut,VB,verb,"to cut off the head, to behead.",-0.273,Negative
púhag,VB,verb,"to break open, to release the gate, to disturb one’s peace.",0.202,Positive
púhun,VB,verb,"to conspire, to plot.",0.0,Neutral
puká,VB,verb,"to stay up late at night, to have a late night.",0.0,Neutral
púkan,VB,verb,to cut a tree down.,-0.273,Negative
pukatúd,NN,noun,elevation.,0.0,Neutral
púkaw,VB,verb,"to rouse, to waken.",0.0,Neutral
púkpuk,VB,verb,"to beat, to hammer down, to hit on the head.",0.0,Neutral
púksi’,VB,verb,"to pick flowers, to tear off.",0.0,Neutral
pulá,JJ,adjective,"red, crimson.",0.0,Neutral
pulá,VB,verb,"to color with red, to turn red, to blush.",0.0,Neutral
púlak,VB,verb,"to fall off the tree or plant, to wither and fall.",0.0,Neutral
puláw,VB,verb,"to stay awake so as to watch, to have a late night.",0.0,Neutral
púlbura,NN,noun,gun powder.,-0.34,Negative
púlbus,NN,noun,"powder, face powder, dusting powder.",0.0,Neutral
pulgáda,NN,noun,inch.,0.0,Neutral
púli,VB,verb,"to take sides in a fight, to ally with.",-0.382,Negative
púling,VB,verb,to have a foreign object in the eye.,0.0,Neutral
pulís,NN,noun,"policeman, cop.",0.0,Neutral
púlpug,VB,verb,to drive or mash with a hammer.,0.0,Neutral
pulséras,NN,noun,bracelet.,0.0,Neutral
púlsu,NN,noun,pulse.,0.0,Neutral
pulu,NN,noun,island ; isle ; islet synonym: isla,0.0,Neutral
púlu,NN,noun,handle of a knife.,0.0,Neutral
púlung,NN,noun,"message, word, advice.",0.0,Neutral
púlung,VB,verb,"to express oneself, to give a speech, to give an advice.",0.0,Neutral
pulús,NN,noun,"usefulness, profit, advantage, benefit.",0.844,Positive
pulut,JJ,adjective,( of rope ) firmly twisted,0.0,Neutral
pulut,JJ,adjective,( of liquid ) thick,0.0,Neutral
pulut,VB,verb,to thicken,0.0,Neutral
pulut,VB,verb,to pick up from the floor or ground,0.0,Neutral
púlut,VB,verb,to pick up from the ground.,0.0,Neutral
púlu’,NN,noun,island.,0.0,Neutral
púlu’,CD,numeral,variant of napúlu’.,0.0,Neutral
pumpyáng,NN,noun,cymbal.,0.0,Neutral
púnaw,VB,verb,"to faint, to feel dizzy.",-0.226,Negative
púna’,NN,noun,net.,0.0,Neutral
púna’,VB,verb,"to trap in a net, to weave a net.",-0.318,Negative
púnda,NN,noun,pillow case.,0.0,Neutral
pungá,JJ,adjective,nasal manner of speech.,0.0,Neutral
púnggud,NN,noun,"pimple, blemish.",0.0,Neutral
púnggul,VB,verb,"to cut off from the plant, to prune.",-0.273,Negative
pungko,VB,verb,to sit synonym: lingkod,0.0,Neutral
pungku’,VB,verb,to sit down.,0.0,Neutral
púngpung,NN,noun,"bundle, bunch, bouquet of flowers.",0.0,Neutral
púngpung,VB,verb,"to bundle, to tie into a bundle.",0.0,Neutral
púngsud,NN,noun,"country, nation, community.",0.0,Neutral
puní,NN,noun,decoration.,0.0,Neutral
puní,VB,verb,"to decorate, to deck.",0.0,Neutral
punoan,NN,noun,"( of authorities ) chief , head",0.0,Neutral
punse,NN,noun,a mixed alcoholic drink,0.0,Neutral
púnta,NN,noun,"tip, edge, end.",0.0,Neutral
púntus,NN,noun,"score, point.",0.0,Neutral
púnung,NN,noun,fishpond.,0.0,Neutral
punú’,JJ,adjective,full to capacity.,0.0,Neutral
punú’,VB,verb,to fill to capacity.,0.0,Neutral
púnu’,NN,noun,"tree trunk, leader, chief.",0.0,Neutral
punú’an,NN,noun,"beginning, start, authority, leader.",0.077,Positive
púnyus,NN,noun,"wrist, cuff.",0.0,Neutral
puok,NN,noun,"district , territory",0.0,Neutral
puok,NN,noun,place,0.0,Neutral
puol,NN,noun,snail,0.0,Neutral
púrma,NN,noun,"form, shape.",0.0,Neutral
púru,RB,adverb,"purely, all.",0.0,Neutral
púrung,NN,noun,"crown, veil, head cover.",0.0,Neutral
púsad,VB,verb,"to pace up and down angrily, to stamp the feet in anger.",-0.758,Negative
pusá’,VB,verb,"to break, to crack.",0.0,Neutral
púsdak,VB,verb,"to throw down, to drop with considerable force.",-0.273,Negative
púsnga,NN,noun,"snort, pant.",0.0,Neutral
púsnga,VB,verb,"to breathe through the nostrils, to snort.",0.0,Neutral
puspurú,NN,noun,"match, match stick.",0.0,Neutral
pústa’,NN,noun,"stake, bet.",0.0,Neutral
pústa’,VB,verb,"to bet, to put up as stake.",0.0,Neutral
púsud,NN,noun,"navel, belly button.",0.0,Neutral
púsu’,NN,noun,"heart, banana flower.",0.637,Positive
púswit,VB,verb,"to burst through a small opening with force, especially of liquids.",0.0,Neutral
pús’ang,VB,verb,"to throw down on the floor, to put down with a bang.",0.0,Neutral
pús’un,NN,noun,abdomen.,0.0,Neutral
putí’,JJ,adjective,"white, fair in complexion.;  white.",0.318,Positive
pútul,VB,verb,"to sever, to cut off.",-0.273,Negative
pútul,JJ,adjective,"severed, cut, broken off.",-0.772,Negative
putús,NN,noun,"wrapper, cover.",0.0,Neutral
putús,VB,verb,"to wrap, to tie into a package, to pack.",0.0,Neutral
putút,JJ,adjective,"of people, short.",0.0,Neutral
putyúkan,NN,noun,beehive.,0.0,Neutral
puyú,NN,noun,"mudfish, freshwater fish.",0.0,Neutral
púyu,NN,noun,"cloth sack, cloth bag with a drawstring.",0.0,Neutral
púyus,VB,verb,"to bind, to wrap up.",0.0,Neutral
puyú’,VB,verb,"to live, to dwell, to reside.",0.128,Positive
pú’as,VB,verb,"to calm, to ease, to become less strong.",0.779,Positive
pu’ása,NN,noun,fasting.,0.0,Neutral
pu’ása,VB,verb,"to fast, to abstain from eating regular meals for penance.",0.0,Neutral
pú’pu’,VB,verb,"to pluck from the plant or tree, to pick, to harvest.",0.0,Neutral
pu’úd,NN,noun,"country, nation.",0.0,Neutral
pu’úk,NN,noun,place.,0.0,Neutral
pu’út,VB,verb,"to lie for ambush, to hide, to conceal.",-0.178,Negative
pwéde,RB,adverb,"all right, can be, its possible, certainly, yes.",0.625,Positive
pwérta,NN,noun,"door, gate.",0.0,Neutral
pwertáhan,NN,noun,door.,0.0,Neutral
pyáno,NN,noun,piano.,0.0,Neutral
pyánsa,NN,noun,"bond, bail money.",0.0,Neutral
pyánsa,VB,verb,"to set bail, to bail out, to put a bond.",0.0,Neutral
pyé,NN,noun,one foot measure.,0.0,Neutral
pyérde,VB,verb,"to be defeated, to lose, to give up.",-0.7,Negative
pyésas,NN,noun,spare parts.,0.0,Neutral
pyésta,NN,noun,"fiesta, religious feast of a patron saint which is celebrated with pomp and carnivalistic tradition.",0.778,Positive
ra-ing,JJ,adjective,"dirty , grimy , soiled . sullied",-0.691,Negative
ra-ing,NN,noun,"dirt , grime",-0.599,Negative
rabanús,NN,noun,radish.,0.0,Neutral
rábrab,VB,verb,"to tear off, to rip.",0.0,Neutral
rádyo,NN,noun,radio.,0.0,Neutral
rámas,VB,verb,"to rub, to scrape off.",0.0,Neutral
ramay,NN,noun,rice,0.0,Neutral
rami,JJ,adjective,"pliable , soft",0.0,Neutral
ramig,JJ,adjective,cold,0.0,Neutral
rántsu,NN,noun,ranch.,0.0,Neutral
rason,NN,noun,"faculty of thinking , reasoning ( of thought )",0.0,Neutral
rason,NN,noun,"explanation , account",0.0,Neutral
rásras,VB,verb,"to slash, of clothing, to slit or to take out the stitching.",-0.273,Negative
ráyna,NN,noun,"queen, empress.",0.0,Neutral
rebólber,NN,noun,"gun, revolver.",-0.34,Negative
regálo,NN,noun,"gift, present.",0.44,Positive
regálo,VB,verb,to give a present.,0.0,Neutral
reklámo,NN,noun,"complaint, discontent.",-0.296,Negative
reklámo,VB,verb,to complain.,-0.361,Negative
relihion,NN,noun,religion,0.0,Neutral
reló,NN,noun,"time piece, wrist watch.",0.0,Neutral
relyéno,NN,noun,stuffed chicken or fish.,0.0,Neutral
rénda,NN,noun,bridle.,0.0,Neutral
rénta,NN,noun,rent.,0.0,Neutral
rénta,VB,verb,"to rent, to hire.",0.0,Neutral
repólyo,NN,noun,cabbage.,0.0,Neutral
representánte,NN,noun,"representative, congressman.",0.0,Neutral
reputasyon,NN,noun,reputation.,0.0,Neutral
resíbo,NN,noun,receipt.,0.0,Neutral
resíta,NN,noun,prescription of a doctor.,0.0,Neutral
resúlta,NN,noun,"result, conclusion.",0.0,Neutral
retobádo,JJ,adjective,"naughty, impish.",0.0,Neutral
retráto,NN,noun,"picture, snapshot.",0.0,Neutral
réyna,NN,noun,queen.,0.0,Neutral
rikádo,NN,noun,"seasoning, spice.",0.0,Neutral
rílis,NN,noun,"train rail, railroad tracks.",0.0,Neutral
rimís,JJ,adjective,"delicious, tasty.",0.572,Positive
rípa,NN,noun,"raffle, lottery.",0.0,Neutral
ritásu,NN,noun,remnant.,0.0,Neutral
románsa,NN,noun,romance.,0.557,Positive
rósa,JJ,adjective,pink.,0.0,Neutral
rosál,NN,noun,gardenia.,0.0,Neutral
rósas,NN,noun,rose flower.,0.0,Neutral
rúmpag,VB,verb,"to destroy, to ruin, to take apart.",-0.807,Negative
rúsdak,VB,verb,"to collapse, to fall over.",-0.494,Negative
rwéda,NN,noun,wheel.,0.0,Neutral
sa,RB,adverb,"by, on, at, in, relational particle.",0.0,Neutral
sábad,JJ,adjective,"noisy, troublesome.",-0.612,Negative
sabadó,NN,noun,saturday.,0.0,Neutral
sabak,NN,noun,lap,0.0,Neutral
sabak,VB,verb,to sit on one's lap,0.0,Neutral
sábak,NN,noun,lap.,0.0,Neutral
sábak,VB,verb,to sit on the lap.,0.0,Neutral
sabat,NN,noun,answer ; reply,0.0,Neutral
sabát,NN,noun,"response, answer.",0.0,Neutral
sabát,VB,verb,"to respond, to answer.",0.0,Neutral
sabáw,NN,noun,"broth, soup.",0.0,Neutral
sába’,VB,verb,"to beat double time, to beat violently.",-0.586,Negative
sabila,NN,noun,aloe,0.0,Neutral
sáblag,VB,verb,"to compromise, to meet half way.",0.0,Neutral
sablay,VB,verb,to hang clothing over a chair,0.0,Neutral
sáblay,VB,verb,to hang clothes or cloth.,0.0,Neutral
sablayan,NN,noun,clothesline,0.0,Neutral
sáblig,VB,verb,"to douse with water, to sprinkle water.",0.0,Neutral
sábnit,VB,verb,"to snatch, to grab with force.",0.0,Neutral
sabtanay,VB,verb,to answer,0.0,Neutral
sabúd,VB,verb,"to scatter, to sow.",0.0,Neutral
sábwag,VB,verb,"to scatter, to sow.",0.0,Neutral
sábya,VB,verb,"to splash with water, to douse with liquid or powder, to throw at something.",0.0,Neutral
sáb’it,VB,verb,"to hang to accidentally, to put on.",-0.34,Negative
sáb’ug,VB,verb,"to scatter, to sow.",0.0,Neutral
sadsad,VB,verb,to trip ; to skip ; to dance ; to step nimbly or lightly,0.0,Neutral
sadsad,VB,verb,to step on; to put one's foot upon,0.0,Neutral
sadsad,VB,verb,to be supported by; to be founded by,0.318,Positive
sádtu,DT,deictic,those (far from both the speaker and the listener).,0.0,Neutral
sádtu,RB,adverb,"before, in the past.",0.0,Neutral
sádya,NN,noun,"happiness, joy, cheer.",0.893,Positive
sádya,JJ,adjective,"happy, cheerful, joyful.",0.902,Positive
sag-ang,NN,noun,( anatomy ) chin,0.0,Neutral
sagad,NN,noun,specialist,0.0,Neutral
sagahay,JJ,adjective,overflowing,0.0,Neutral
sagáhay,VB,verb,"to overflow, to pour out abundantly.",0.0,Neutral
sagáng,VB,verb,"to prevent, to protect oneself, to defend.",0.402,Positive
sagawák,VB,verb,to burst out suddenly as water through a faucet.,0.0,Neutral
sagaynon,NN,noun,resident or inhabitant of sagay,0.0,Neutral
sagaynon,JJ,adjective,of or pertaining to sagay,0.0,Neutral
ságbut,NN,noun,"rubbish, grass.",0.0,Neutral
saging,NN,noun,banana ; plantain,0.0,Neutral
ságing,NN,noun,banana.,0.0,Neutral
sagír’um,JJ,adjective,"dim, doleful.",0.0,Neutral
ságnuy,VB,verb,"to drag in the water while cruising, to dunk in water.",-0.226,Negative
sagúd,VB,verb,"to take care of animals, to raise animals.",0.494,Positive
sagup,VB,verb,"rescue , save",0.758,Positive
sagúp,VB,verb,"to save, to rescue.",0.758,Positive
sagupra,JJ,adjective,rough,0.0,Neutral
ságyud,VB,verb,"to trail behind as a train, to be too long so as to touch the floor or ground.",0.0,Neutral
ság’a,VB,verb,"to throw out water, to drain.",0.0,Neutral
ság’ang,NN,noun,chin.,0.0,Neutral
ság’ub,VB,verb,"to draw water from a well, to fetch water.",0.273,Positive
sag’úli’,NN,noun,"loose coins, change in coins.",-0.318,Negative
sag’úli’,VB,verb,"to be reconciled, to give loose change.",-0.318,Negative
sáha’,NN,noun,"bulb, seedling, young plant grown from the root of the mother plant.",0.0,Neutral
sahí’,JJ,adjective,"special, distinct, distinguished.",0.402,Positive
sahúg,VB,verb,"to disturb, to interrupt.",-0.625,Negative
sahú’,VB,verb,"to be accustomed to, to get along well.",0.273,Positive
sakáda,NN,noun,seasonal worker.,0.0,Neutral
sakadéro,NN,noun,sugarcane field laborer.,0.0,Neutral
sakáy,VB,verb,"to ride, to board.",0.0,Neutral
sakayanon,NN,noun,"mariner , sailor , seaman",0.0,Neutral
sáka’,VB,verb,"to enter, to go up, to ascend, to climb.",0.0,Neutral
sákdag,VB,verb,"to help, to sustain, to support, to aid.",0.66,Positive
sakít,NN,noun,"illness, pain, grief, sorrow.",-0.912,Negative
sakít,VB,verb,"to be painful, to be hurt, to feel bad about.",-0.869,Negative
sakít,JJ,adjective,"painful, sorrowful.",-0.727,Negative
sáklaw,VB,verb,to feel slighted.,0.0,Neutral
sáksak,VB,verb,"to chop, to stab repeatedly, to cut into pieces.",-0.71,Negative
sáksi,NN,noun,witness.,0.0,Neutral
sáksi,VB,verb,"to testify, to witness.",0.0,Neutral
sáku,NN,noun,"burlap bag, sack.",0.0,Neutral
sákup,NN,noun,"subjects, members.",0.0,Neutral
sákup,VB,verb,"to conquer, to be a member of, to enlist.",0.0,Neutral
sákut,VB,verb,"to mix, to blend, to put together.",0.0,Neutral
sáku’,NN,noun,"busyness, hurry.",0.0,Neutral
sáku’,JJ,adjective,"busy, hurried.",0.0,Neutral
sáku’,VB,verb,"to hurry, to keep occupied, to be busy.",0.0,Neutral
sal-on,VB,verb,catch,0.0,Neutral
sála,NN,noun,"livingroom, hall, lounge area.",0.0,Neutral
salakay,NN,noun,invasion,0.0,Neutral
salakay,NN,noun,overthrow,0.0,Neutral
salakay,NN,noun,attack synonym: atake,-0.477,Negative
salákay,VB,verb,"to overthrow, to attack.",-0.477,Negative
salamángka,NN,noun,magic;  magician.,0.0,Neutral
salaming,NN,noun,mirror synonym: espeho,0.0,Neutral
salamíng,NN,noun,mirror.,0.0,Neutral
salampáti,NN,noun,dove.,0.0,Neutral
salamwanan,JJ,adjective,choosy,0.0,Neutral
sálap,NN,noun,fish net.,0.0,Neutral
salapi,NN,noun,"cash , coin",0.0,Neutral
salapi,NN,noun,fifty centavos,0.0,Neutral
salápid,NN,noun,braid.,0.0,Neutral
salápid,VB,verb,"to plait, to braid, to twist.",0.0,Neutral
salapí’,NN,noun,fifty centavo piece.,0.0,Neutral
salápu’,VB,verb,"to detect, to catch red-handed, to find.",0.0,Neutral
salawáhan,JJ,adjective,"fickle, unfaithful.",0.0,Neutral
saláwsaw,NN,noun,"examination, test.",0.0,Neutral
salá’,NN,noun,"mistake, crime, sin, error.",-0.904,Negative
salá’,VB,verb,"to make a mistake, to commit an error.",-0.44,Negative
sála’,NN,noun,strainer.,-0.202,Negative
sála’,VB,verb,"to strain, to sift.",-0.052,Negative
salbabida,NN,noun,life preserver ; life jacket ; life buoy,0.0,Neutral
salbáhe,JJ,adjective,"haughty, unfaithful, rogue.",0.0,Neutral
salída,NN,noun,"show, movie show.",0.0,Neutral
sálig,NN,noun,"trust, confidence.",0.765,Positive
sálig,VB,verb,"to trust, to confide in, to depend on.",0.511,Positive
saliká’,VB,verb,"to straddle, to sit astride.",0.0,Neutral
salimpapáw,JJ,adjective,"superficial, hypocrite.",0.0,Neutral
salimú’ang,JJ,adjective,delirious.,0.0,Neutral
salimú’ang,VB,verb,"to be delirious, to rave.",0.0,Neutral
salín,NN,noun,"remnant, left-over, scrap.",0.0,Neutral
salín,VB,verb,"to leave something behind, to keep, to store for some other time.",-0.052,Negative
salipádpad,VB,verb,"to fling, to throw away.",0.0,Neutral
sálmon,NN,noun,"sardines, salmon.",0.0,Neutral
sálmon,JJ,adjective,orange.,0.0,Neutral
sálsal,VB,verb,"to forge, to hammer.",0.0,Neutral
salsalon,NN,noun,iron,0.0,Neutral
salsálun,NN,noun,"iron, metal.",0.0,Neutral
salú,VB,verb,to catch.,0.0,Neutral
sálu,VB,verb,"to eat together, to partake of a meal together.",0.0,Neutral
sálud,VB,verb,to catch drops of water so as to gather in a container.,0.0,Neutral
salúdu,NN,noun,"salute, bow.",0.0,Neutral
salúdu,VB,verb,"to salute, to bow, to show respect.",0.477,Positive
salug,NN,noun,floor,0.0,Neutral
salúg,NN,noun,floor.,0.0,Neutral
sálug,VB,verb,"to mix, to mingle.",0.0,Neutral
salúk,VB,verb,to dip or scoop out with the hand or a dipper or ladle.,0.586,Positive
sálum,VB,verb,"to dive for, to sink in.",0.0,Neutral
sálup,VB,verb,"to go down, to disappear, to penetrate.",-0.226,Negative
salusálu,VB,verb,"to have a feast, to hold a banquet.",0.0,Neutral
sál’ut,VB,verb,"to insert, to get between.",0.0,Neutral
samad,NN,noun,wound ; injury ; lesion,-0.421,Negative
samad,JJ,adjective,wounded ; hurt ; injured,-0.727,Negative
samad,VB,verb,to wound ; to hurt ; to injure,-0.527,Negative
samád,NN,noun,"wound, injured part.",-0.402,Negative
samád,VB,verb,"to wound, to injure, to destroy.",-0.542,Negative
sámay,JJ,adjective,"striped, lined.",0.0,Neutral
sámay,VB,verb,to line with stripes.,0.0,Neutral
sambag,NN,noun,tamarind ( tamarindus indica ),0.0,Neutral
sámbag,NN,noun,tamarind.,0.0,Neutral
sámbil,VB,verb,to quirk.,0.0,Neutral
sámbit,VB,verb,"to refer to, to mention.",0.0,Neutral
sámbud,VB,verb,"to wind, to bind, to roll, to twist, to get entangled.",0.0,Neutral
samit,VB,verb,taste,0.0,Neutral
samí’,RB,adverb,"always, regularly.",0.0,Neutral
samong,NN,noun,obstacle,-0.361,Negative
sampaguíta,NN,noun,native jasmin.,0.0,Neutral
sampal,NN,noun,slap on the face,0.153,Positive
sampátun,NN,noun,"expert, sage.",0.0,Neutral
sámpuk,VB,verb,"to fight head to head, to fight in man-to-man combat.",-0.765,Negative
sámput,VB,verb,"to come to, to reach, to arrive at.",0.026,Neutral
sámtang,CC,conjunction,"meanwhile, while, meantime.",0.0,Neutral
sámuk,NN,noun,"noise, trouble, bother.",-0.625,Negative
sámuk,VB,verb,"to bother, to cause trouble, to make noise.",-0.625,Negative
sámu’,VB,verb,"to dilute, to mix together.",0.0,Neutral
sánag,JJ,adjective,"bright, shiny.",0.44,Positive
sánag,VB,verb,"to be clear, to shine.",0.382,Positive
sándad,VB,verb,"to knock over and fall, to stumble.",0.0,Neutral
sánday,RP,particle,personal names nominal marker.,0.0,Neutral
sándig,VB,verb,to lean on for support.,0.402,Positive
sandíya,NN,noun,"watermelon, watermelon seeds.",0.0,Neutral
sandí’ay,VB,verb,to lean on.,0.0,Neutral
sánduk,NN,noun,"ladle, big spoon.",0.0,Neutral
sánduk,VB,verb,to dig or scoop out.,0.153,Positive
sáng,RP,particle,indefinite noun marker.,0.0,Neutral
sanga,NN,noun,branch,0.0,Neutral
sangá,NN,noun,"branch, bough, twig.",0.0,Neutral
sanggá,NN,noun,"branch, twig, bough.",0.0,Neutral
sánghid,VB,verb,"to touch lightly, to sidesweep.",0.0,Neutral
sángkad,NN,noun,"width, breadth, broadness.",0.0,Neutral
sángkap,JJ,adjective,"well-equipped, complete.",0.0,Neutral
sángkap,NN,noun,"furniture, devices, things, equipment.",0.0,Neutral
sángkap,VB,verb,"to furnish, to provide with, to equip.",0.0,Neutral
sánglit,CC,conjunction,"even if, meanwhile.",0.0,Neutral
sánlag,VB,verb,"to fry, to cook in oil.",0.0,Neutral
sansaw,NN,noun,grass jelly,0.0,Neutral
sansaw,NN,noun,grass jelly drink,0.0,Neutral
sansaw,NN,noun,light ; easy ; without worry or trouble sánsaw gid ang ákon ólo. i am perfectly at ease. sánsaw na ang íla hunâhúnà. they do not worry any longer.,0.94,Positive
sánting,JJ,adjective,"of string or ropes, tight.",0.0,Neutral
sántu,NN,noun,variant of sántus.,0.0,Neutral
sántus,NN,noun,saint.,0.0,Neutral
sántus,JJ,adjective,"saintly, holy.",0.0,Neutral
sántu’,VB,verb,"to harmonize, to agree, to be of the same opinion.",0.637,Positive
sán’u,RB,adverb,when.,0.0,Neutral
sapák,VB,verb,"to pay attention to, to mind.",-0.103,Negative
sápat,NN,noun,insect.,0.0,Neutral
sapatéro,NN,noun,shoemaker.,0.0,Neutral
sapatos,NN,noun,shoe,0.0,Neutral
sapátus,NN,noun,shoe.,0.0,Neutral
sapá’,NN,noun,"creek, brook, lake.",0.0,Neutral
sapá’sápa’,NN,noun,"lagoon, man-made brook or creek.",0.0,Neutral
sapding,VB,verb,"touch , graze , come in contact with",0.0,Neutral
sápsap,VB,verb,"to chop so as to make even, to smoothen.",0.0,Neutral
sapú,VB,verb,"to discover, to find out.",0.0,Neutral
sápul,VB,verb,"to confer, to talk things over.",0.0,Neutral
sapúpu,VB,verb,to take care of.,0.494,Positive
sapút,VB,verb,"to arrive, to reach.",0.026,Neutral
saramaylo,JJ,adjective,confused,-0.318,Negative
saramaylo,JJ,adjective,"awkward , clumsy , dull , stupid",-0.772,Negative
saráng,VB,verb,"to be able, to be possible, to be capable of, to be able to afford.",0.382,Positive
sarí,NN,noun,"class, kind.",0.527,Positive
sárisári,JJ,adjective,"different, of mixed kinds, combined.",0.0,Neutral
sársa,NN,noun,"sauce, gravy.",0.0,Neutral
sarsyádo,NN,noun,"meat dish of chicken, pork or meat with a little gravy.",0.0,Neutral
sarút,NN,noun,"pest, plague, epidemic.",0.0,Neutral
sástre,NN,noun,tailor.,0.0,Neutral
sát’um,VB,verb,"to know, to recognize.",0.0,Neutral
sawáy,NN,noun,"brass metal, criticism.",-0.44,Negative
sawáy,VB,verb,"to criticize, to correct, to mention so as to correct.",-0.382,Negative
sáwsaw,VB,verb,"to soak, to put into, to dip.",0.0,Neutral
sáw’a,JJ,adjective,"immoral, indecent.",-0.459,Negative
sáya,NN,noun,long skirt of old women.,0.0,Neutral
sayásat,VB,verb,"to investigate, to check, to diagnose.",0.0,Neutral
saylo,VB,verb,to go over ; to change place,0.0,Neutral
saylo,VB,verb,to pass by,0.0,Neutral
sáylu,VB,verb,"to transfer, to move over.",0.0,Neutral
sáysay,VB,verb,"to relate, to explain, to describe.",0.0,Neutral
sáysay,NN,noun,"history, story, explanation.",0.0,Neutral
sáyud,VB,verb,"to know, to discover, to hear about.",0.0,Neutral
sayúp,VB,verb,"to commit an error, to be at fault.",-0.494,Negative
sá’ad,NN,noun,"promise, vow.",0.318,Positive
sá’ad,VB,verb,"to vow, to promise.",0.318,Positive
sa’úlu,VB,verb,"to memorize, to remember.",0.0,Neutral
sa’úlug,VB,verb,to celebrate.,0.572,Positive
sá’ut,NN,noun,dance.,0.0,Neutral
sá’ut,VB,verb,to dance.,0.0,Neutral
sebuáno,NN,noun,"language spoken principally in agusan, bohol, bukidnon, cebu, davao, lanao del norte, the eastern half of leyte, misamis occidental, negros, oriental, surigao, zamboanga del norte, zamboanga del sur, and in some towns in cotabato.",0.0,Neutral
séda,NN,noun,silk.,0.0,Neutral
segúro,NN,noun,insurance.,0.0,Neutral
sekretaŕya,NN,noun,secretary.,0.0,Neutral
sekréto,NN,noun,secret.,0.0,Neutral
sélyo,NN,noun,"stamp, postage.",0.0,Neutral
semana,NN,noun,week,0.0,Neutral
semána,NN,noun,week.,0.0,Neutral
seménto,NN,noun,"cement, concrete.",0.0,Neutral
senádo,NN,noun,senate;  senator.,0.0,Neutral
sentábos,NN,noun,"one centavo, one centavo coin.",0.0,Neutral
sentimós,NN,noun,"centavo coin, one centavo, one cent.",0.0,Neutral
sentimyento,NN,noun,sentiment,0.0,Neutral
séntro,NN,noun,"center, middle.",0.0,Neutral
septyémbre,NN,noun,september.,0.0,Neutral
serbésa,NN,noun,beer.,0.0,Neutral
serbilyéta,NN,noun,table napkin.,0.0,Neutral
seremonya,NN,noun,ceremony,0.0,Neutral
seremónya,NN,noun,ceremony.,0.0,Neutral
seréno,NN,noun,watchman.,0.0,Neutral
serip,NN,noun,sheriff,0.0,Neutral
seténta,CD,numeral,seventy.,0.0,Neutral
séys,CD,numeral,six.,0.0,Neutral
seysénta,CD,numeral,sixty.,0.0,Neutral
si,RP,particle,personal name marker.,0.0,Neutral
sibat,NN,noun,spear,0.0,Neutral
sibát,NN,noun,"spear, lance.",0.0,Neutral
sibín,NN,noun,wash cloth.,0.0,Neutral
sibín,VB,verb,to wipe with a towel or wash cloth.,0.0,Neutral
sibít,NN,noun,straight pin.,0.226,Positive
sibít,VB,verb,"to use a pin, to tuck together with a pin, to prick with a pin.",-0.34,Negative
síbu,NN,noun,grease.,0.0,Neutral
síbu,VB,verb,"to fit, to be enough.",0.361,Positive
sibuyas,NN,noun,onion,0.0,Neutral
sibúyas,NN,noun,onion.,0.0,Neutral
síbu’,NN,noun,"zero, nothing.",0.0,Neutral
sid-o,NN,noun,hiccup synonym: sikdo,0.0,Neutral
sid-o,VB,verb,to have a hiccup synonym: sikdo,0.0,Neutral
sidlangan,NN,noun,east synonym: mulud-an,0.0,Neutral
sidlangan,JJ,adjective,east ; eastern,0.0,Neutral
sidlángan,NN,noun,east.,0.0,Neutral
síd’ing,VB,verb,"to peep, to look in for a little while.",0.0,Neutral
sielo,NN,noun,"heaven , firmament , sky synonym: langit",0.511,Positive
síga,NN,noun,"glow, shine.",0.0,Neutral
síga,VB,verb,"to shine, to give a glow.",0.0,Neutral
sigahúm,VB,verb,"to desire, to hanker after.",0.402,Positive
sigarílyo,NN,noun,cigarette.,0.0,Neutral
sígi,RB,adverb,"okay, alright, go ahead.",0.44,Positive
sígi,VB,verb,"to go ahead, to go on, to continue.",0.0,Neutral
sígput,VB,verb,"to take up small particles, to collect the leavings.",0.0,Neutral
sígu,VB,verb,"to fit, to join perfectly.",0.836,Positive
sigúro,RB,adverb,"maybe, perhaps.",0.0,Neutral
sigúro,JJ,adjective,"certain, for sure.",0.527,Positive
siháy,VB,verb,"to be different, to be in contrast, to separate from.",0.0,Neutral
sihigún,NN,noun,rod.,0.0,Neutral
síkad,VB,verb,to kick with the foot.,0.0,Neutral
sikdo,NN,noun,hiccup synonym: sid-o,0.0,Neutral
sikdo,VB,verb,to have a hiccup synonym: sid-o,0.0,Neutral
siko,NN,noun,elbow,0.0,Neutral
sikréta,NN,noun,detective.,0.0,Neutral
síku,NN,noun,elbow.,0.0,Neutral
síku,VB,verb,"to elbow, to nudge.",0.0,Neutral
sikúp,VB,verb,"to catch with the hands, as of fish.",0.0,Neutral
síkway,VB,verb,"to reject, to abandon, to jilt, to leave behind, to cast out.",-0.7,Negative
silá,PRP,pronoun,they (third person plural nominal pronoun).,0.0,Neutral
sílak,NN,noun,"rays of the sun, heat of the sun.",0.0,Neutral
sílak,VB,verb,to shine brightly.,0.361,Positive
sílaw,JJ,adjective,"glaring, extremely shiny, blinding.",0.0,Neutral
sílhig,NN,noun,broom.,0.0,Neutral
sílhig,VB,verb,to sweep.,0.0,Neutral
síli,NN,noun,eel.,0.0,Neutral
silíng,NN,noun,"saying, talk, words.",0.0,Neutral
silíng,VB,verb,"to talk about, to say, to mention.",0.0,Neutral
síli’,JJ,adjective,"brilliant, smart.",0.758,Positive
sílu,JJ,adjective,square.,0.0,Neutral
sílung,NN,noun,"basement, shelter.",0.0,Neutral
sílung,VB,verb,to take shelter.,0.0,Neutral
sílut,VB,verb,"to punish, to condemn.",-0.718,Negative
símba,VB,verb,"to worship, to go to church, to pay homage to.",0.202,Positive
símba,NN,noun,church.,0.0,Neutral
simbóryo,NN,noun,"dome, belfry.",0.0,Neutral
símbug,VB,verb,"to mix, to dilute liquids.",0.0,Neutral
símpli,JJ,adjective,"simple, ordinary.",0.0,Neutral
símpun,VB,verb,"to join, to be together with.",0.296,Positive
sín,NN,noun,galvanized iron.,0.0,Neutral
siná’,DT,deictic,"those, (far from the speaker).",0.0,Neutral
síndi,NN,noun,"flame, light.",0.0,Neutral
síndi,VB,verb,"to light, to put a match to.",0.0,Neutral
sinelas,NN,noun,slipper ; flip-flop,0.0,Neutral
síng,RP,particle,variant of sang.,0.0,Neutral
sínggit,NN,noun,shout.,0.0,Neutral
sínggit,VB,verb,"to shout, to howl.",0.0,Neutral
sínghut,NN,noun,"sniff, smell.",0.0,Neutral
sínghut,VB,verb,"to sniff, to smell closely.",0.0,Neutral
singíl,NN,noun,"sprout, seedling.",0.0,Neutral
singíl,VB,verb,"to sprout, to germinate.",0.0,Neutral
singít,NN,noun,"pole, pole with a hook for gathering fruits.",0.0,Neutral
singkamás,NN,noun,turnip.,0.0,Neutral
síngki’,JJ,adjective,"corny, unaccustomed, unsophisticated.",-0.296,Negative
síngko,CD,numeral,five.,0.0,Neutral
síngko,NN,noun,five centavo piece.,0.0,Neutral
singkwénta,CD,numeral,fifty.,0.0,Neutral
síngsing,NN,noun,ring.,0.0,Neutral
siní,DT,deictic,these.,0.0,Neutral
síni,NN,noun,"movie theatre, movie film.",0.0,Neutral
sínsil,NN,noun,chisel.,0.0,Neutral
sinsílyo,NN,noun,"small change, coins.",0.0,Neutral
síntas,NN,noun,"strip, ribbon of film.",0.0,Neutral
sinú’,VB,verb,to shake so as to feel the sound.,-0.178,Negative
sínyal,NN,noun,"sign, symbol, gesture.",0.0,Neutral
sínyal,VB,verb,"to make a sign, to gesticulate, to beacon.",0.0,Neutral
sínyas,NN,noun,"hint, cue, gesture, sign.",0.0,Neutral
sínyas,VB,verb,"to give the cue, to call, to give a hint.",0.0,Neutral
sín’u,PRP,pronoun,who.,0.0,Neutral
sip-on,NN,noun,wet nasal mucus ; snot,0.0,Neutral
sip-on,NN,noun,"( pathology ) cold synonyms: hilanat , kalentura",0.0,Neutral
sip-onon,NN,noun,sniveler ; sniffler,0.0,Neutral
sip-onon,JJ,adjective,having a runny nose ; snot-nosed,0.0,Neutral
sipák,VB,verb,to separate from.,0.0,Neutral
sipála,VB,verb,"to insult, to scorn.",-0.718,Negative
sípa’,NN,noun,"kick, filipino game of kick ball.",0.0,Neutral
sípa’,VB,verb,to kick.,0.0,Neutral
sipílyo,NN,noun,toothbrush.,0.0,Neutral
sípit,VB,verb,to carry under the arm.,0.0,Neutral
sipí’,NN,noun,"one piece, one piece of an orange.",0.0,Neutral
síplat,NN,noun,"glance, stolen glimpse.",-0.494,Negative
síplat,VB,verb,to steal a look at.,-0.494,Negative
síp’un,NN,noun,"cold, running nose.",0.0,Neutral
sirá,NN,noun,"lock, bar.",0.0,Neutral
sirá,JJ,adjective,"closed, locked.",0.0,Neutral
sirá,VB,verb,"to close, to lock.",0.0,Neutral
sirgwélas,NN,noun,tropical plum.,0.0,Neutral
sirip,NN,noun,sheriff,0.0,Neutral
sirirítan,NN,noun,cricket.,0.0,Neutral
sír’um,NN,noun,"dark, dusk.",0.0,Neutral
sistéma,NN,noun,system.,0.0,Neutral
sítsit,VB,verb,"to hiss at, to produce a long hissing sound so as to call attention.",0.0,Neutral
sítyu,NN,noun,political and area division smaller than a barrio or village.,0.0,Neutral
síwil,NN,noun,"twig, young sprout.",0.0,Neutral
síya,NN,noun,"chair, saddle.",0.0,Neutral
siyám,CD,numeral,nine.,0.0,Neutral
si’úd,NN,noun,"fish trap, loop.",-0.318,Negative
si’úd,VB,verb,"to trap fish, to gather fish from a si’úd.",-0.318,Negative
sóbra,RB,adverb,"over, too much.",0.0,Neutral
sóbra,NN,noun,"lift-over, balance.",0.0,Neutral
sóbra,VB,verb,to be more than necessary.,0.0,Neutral
sóbra,VB,verb,"to add together, to get the sum.",0.0,Neutral
sobre,NN,noun,envelope,0.0,Neutral
sobre,NN,noun,excess,0.0,Neutral
sóbre,NN,noun,envelope.,0.0,Neutral
sokla,NN,noun,silk,0.0,Neutral
solang,NN,noun,( anatomy ) chin,0.0,Neutral
soldado,NN,noun,soldier,0.0,Neutral
soldádo,NN,noun,soldier.,0.0,Neutral
soltéro,NN,noun,single man of age fifteen and up.,0.0,Neutral
sopá,NN,noun,"couch, sofa.",0.0,Neutral
sorbéte,NN,noun,ice cream.,0.0,Neutral
soríso,NN,noun,sausage.,0.0,Neutral
suba,NN,noun,river,0.0,Neutral
subáng,NN,noun,oldest child.,0.0,Neutral
subay,NN,noun,ant,0.0,Neutral
subáy,NN,noun,"ant, red ant.",0.0,Neutral
subá’,NN,noun,river.,0.0,Neutral
súbli’,VB,verb,"to inherit, to be heir to.",0.0,Neutral
súbli’,NN,noun,"legacy, heritage; /mang-/ heir.",0.0,Neutral
subong,RB,adverb,now,0.0,Neutral
súbul,VB,verb,"to cast out, to drive away, to renounce.",0.0,Neutral
subúng,RB,adverb,"now, like, similarly.",0.361,Positive
subú’,NN,noun,"sadness, sorrow, loneliness.",-0.844,Negative
subú’,JJ,adjective,"sad, lonely, sorrowful.",-0.832,Negative
subú’,VB,verb,"to become sad, to feel lonely.",-0.681,Negative
súd’an,NN,noun,"main course of a meal, viand to go with rice during a meal.",0.0,Neutral
sugál,NN,noun,"gambling, risk.",-0.273,Negative
sugál,VB,verb,"to gamble, to take the risk.",-0.273,Negative
súgat,VB,verb,to fetch people.,0.0,Neutral
sugatá’,VB,verb,"to encounter, to meet accidentally, to come from different directions.",-0.34,Negative
sugá’,NN,noun,"light, electric bulb.",0.0,Neutral
súgba,VB,verb,"to roast, to broil, to broil directly on top of live coal.",0.202,Positive
súgbu,VB,verb,"to jump overboard, to dive into.",0.0,Neutral
súghaw,VB,verb,"to glean, to pick after a reaper.",0.0,Neutral
súgid,NN,noun,"disclosure, story.",0.0,Neutral
súgid,VB,verb,"to tell, to disclose.",0.0,Neutral
sugilánun,NN,noun,"story, conversation.",0.0,Neutral
sugilánun,VB,verb,"to tell a story, to converse with.",0.0,Neutral
sugod,VB,verb,to begin,0.0,Neutral
súgpa’,VB,verb,to spit blood.,0.0,Neutral
súgpu,NN,noun,lobster.,0.0,Neutral
súgpun,NN,noun,"connection, adjoining part, continuation.",0.0,Neutral
súgpun,VB,verb,"to adjoin, to connect, to continue.",0.0,Neutral
súgud,NN,noun,"start, beginning.",0.0,Neutral
súgud,VB,verb,"to start, to begin, to commence.",0.0,Neutral
sugút,NN,noun,"agreement, contract.",0.494,Positive
sugút,VB,verb,"to consent, to agree, to allow, to permit.",0.649,Positive
súgu’,NN,noun,"command, request.",0.0,Neutral
súgu’,VB,verb,"to request, to command, to decree.",0.0,Neutral
súgyut,VB,verb,"to urge on, to induce, to provoke.",-0.402,Negative
súhul,NN,noun,"salary, pay.",-0.103,Negative
súhul,VB,verb,"to pay wages, to give salary to.",-0.103,Negative
súhut,VB,verb,"to creep through, to go under, to crawl through a narrow passage.",0.0,Neutral
súhut,NN,noun,bribe.,-0.202,Negative
súka,NN,noun,"spew, vomit.",0.0,Neutral
súka,VB,verb,"to vomit, to throw up.",0.0,Neutral
súkat,NN,noun,measurement.,0.0,Neutral
súkat,VB,verb,to measure.,0.0,Neutral
súka’,NN,noun,vinegar.,0.0,Neutral
súki’,NN,noun,"favorite customer, favorite salesman.",0.718,Positive
súksuk,NN,noun,"apparel, dress, house lizard.",0.0,Neutral
súksuk,VB,verb,"to wear a garment, to put on, to don.",0.0,Neutral
sukúb,VB,verb,to measure the quantity of.,0.0,Neutral
sukút,NN,noun,"payment, price, collection.",0.0,Neutral
sukút,VB,verb,"to collect, to ask for payment.",0.0,Neutral
súk’ay,VB,verb,"to dig up earth, to turn up earth with a hand tool.",0.494,Positive
súlab,NN,noun,blade.,0.0,Neutral
sulábi,VB,verb,"to pet, to discriminate, to prefer, to distinguish.",0.0,Neutral
sulát,NN,noun,"handwriting, letter.",0.0,Neutral
sulát,VB,verb,to write.,0.0,Neutral
suláy,VB,verb,"to tempt, to induce, to do otherwise.",0.0,Neutral
súlda,VB,verb,to weld together.,0.0,Neutral
súlhay,JJ,adjective,"comfortable, at ease.",0.7,Positive
súlhay,NN,noun,"comfort, ease.",0.612,Positive
súlhay,VB,verb,"to become easy, to live in comfort.",0.66,Positive
súlip,VB,verb,"to pass under the house, to dive.",0.0,Neutral
súlit,VB,verb,"to test, to repeat, to do again.",0.0,Neutral
sulí’,VB,verb,to turn upside down.,0.0,Neutral
sulod,NN,noun,alternative form of sulud,0.0,Neutral
sulog,NN,noun,rooster,0.0,Neutral
súlsul,VB,verb,"to press on, to insist.",0.0,Neutral
súlu,RB,adverb,"alone, solely.",-0.25,Negative
sulúd,NN,noun,"inside, room.",0.0,Neutral
sulúd,VB,verb,"to enter, to go inside, to put inside.",0.0,Neutral
súluk,NN,noun,corner.,0.0,Neutral
súlung,VB,verb,"to inspect, to raid.",0.0,Neutral
sulusakayán,NN,noun,"toy boat, paper boat.",0.0,Neutral
sulú’,NN,noun,torch.,0.0,Neutral
súl’ub,VB,verb,"to dress, to put on a dress, to wear a garment.",0.0,Neutral
súma,NN,noun,"sum, addition.",0.0,Neutral
súma,VB,verb,to add up.,0.0,Neutral
sumalayhaw,NN,noun,cockerel ; young cock,-0.153,Negative
súman,NN,noun,sticky cooked rice wrapped in banana leaf.,0.0,Neutral
súmbag,VB,verb,"to box, to hit with the fist.",0.0,Neutral
súmbung,VB,verb,"to denounce, to accuse, to report.",-0.494,Negative
súmpa’,NN,noun,"oath, sworn statement, vow.",0.0,Neutral
súmpa’,VB,verb,"to take an oath, to swear, to make a big promise.",0.273,Positive
súmpung,VB,verb,"to oppose, to resist, to fight, to have an argument with.",-0.625,Negative
súm’ud,VB,verb,"to loathe, to have more than enough so as to feel boredom, to cloy.",-0.67,Negative
sun-adan,NN,noun,fireplace,0.0,Neutral
sundang,NN,noun,a type of bolo knife,0.0,Neutral
sundáyag,VB,verb,"to publish, to display, to explain.",0.0,Neutral
sungay,NN,noun,horn,0.0,Neutral
súngay,NN,noun,horn.,0.0,Neutral
súngay,VB,verb,"to gore, to pierce with a horn.",0.0,Neutral
súnggud,VB,verb,"to sulk, to resent, to be disappointed so as to sulk.",-0.586,Negative
súnggu’,VB,verb,"to bump into, to crash against, to knock hard against something.",-0.477,Negative
súngka’,NN,noun,"filipino game of stones, appeal.",0.0,Neutral
súngka’,VB,verb,to appeal a case in the upper court.,0.0,Neutral
súngsung,NN,noun,"stopper, cork.",0.0,Neutral
súngsung,VB,verb,to close an opening with a stopper or a cork.,0.0,Neutral
súngu,NN,noun,antennae of insects.,0.0,Neutral
sunlog,NN,noun,tease,-0.318,Negative
súnlug,NN,noun,"teasing, joke.",0.226,Positive
súnlug,VB,verb,to tease.,-0.318,Negative
súnsun,JJ,adjective,"frequent, often.",0.0,Neutral
súntuk,VB,verb,"to pierce, to thrust, to go through.",0.0,Neutral
sunúd,RB,adverb,next.,0.0,Neutral
sunúd,VB,verb,"to go after, to follow, to tag along.",0.0,Neutral
sunúd,NN,noun,"rules, laws, guidelines; /-lu-…-un/ leader, example, model, rules.",0.0,Neutral
sunúdsunúd,RB,adverb,one after another.,0.0,Neutral
sunúdsunúd,VB,verb,"to tail, to tag along, to keep on following after.",0.0,Neutral
súnug,NN,noun,"fire, dest ctive burning.",-0.34,Negative
súnug,VB,verb,"to set fire to, to burn, to raze.",-0.34,Negative
sunú’,CC,conjunction,according to.,0.0,Neutral
súpas,NN,noun,soup.,0.0,Neutral
superbisór,NN,noun,supervisor.,0.0,Neutral
supládu,JJ,adjective,"stubborn, over-bearing.",-0.402,Negative
súpsup,VB,verb,"to sip in, to suck, to absorb.",-0.44,Negative
supúg,JJ,adjective,"rabid, contagious, furious.",-0.727,Negative
supúk,VB,verb,"to contradict, to oppose, to fight someone smaller in size or younger in age.",-0.599,Negative
supút,VB,verb,"to gather or collect in small amounts, to be against someone smaller in size.",0.0,Neutral
súput,NN,noun,paper sack or bag.,0.0,Neutral
súrsi,NN,noun,"darning, patch.",0.0,Neutral
súrsi,VB,verb,"to darn, to patch.",0.0,Neutral
sús,UH,interjection,"oh, my goodness, wow.",0.778,Positive
súsi’,VB,verb,"to investigate, to look into, to try to discover, to research.",0.0,Neutral
suspendér,VB,verb,"to suspend, to reprieve.",-0.318,Negative
susténto,NN,noun,"sustenance, maintenance.",0.0,Neutral
súsu,NN,noun,"mammary gland, breast.",0.0,Neutral
súsu,VB,verb,to nurse from the breast or bottle.,0.0,Neutral
sutíl,JJ,adjective,"naughty, mischievous.",0.0,Neutral
sútsut,VB,verb,"to prod from below with a very little force, to make a hissing sound to call attention.",0.0,Neutral
suyak,NN,noun,thorn,0.0,Neutral
súyup,VB,verb,"to absorb, to suck in, to breathe in.",-0.44,Negative
sú’ay,VB,verb,"to debate, to dispute, to disobey.",-0.402,Negative
sú’ay,JJ,adjective,"disobedient, hostile.",-0.382,Negative
swélas,NN,noun,"of shoes, sole.",0.0,Neutral
swéldo,NN,noun,"salary, pay, wage.",-0.103,Negative
swéldo,VB,verb,"to pay wages, to receive a salary.",-0.103,Negative
swérte,NN,noun,"luck, fate.",0.459,Positive
swérte,JJ,adjective,lucky.,0.421,Positive
syá,PRP,pronoun,"he, she, it (third person singular nominal pronoun).",0.0,Neutral
syápa,NN,noun,badge.,0.0,Neutral
syén,CD,numeral,hundred.,0.0,Neutral
syénsya,NN,noun,science.,0.0,Neutral
syérto,RB,adverb,"certainly, surely.",0.649,Positive
syéte,CD,numeral,seven.,0.0,Neutral
syudád,NN,noun,"city, metropolis.",0.0,Neutral
ta,PRP,pronoun,short form of nátun.,0.0,Neutral
taas,NN,noun,height,0.0,Neutral
tabáku’,NN,noun,"tobacco, cigar.",0.0,Neutral
tabáku’,VB,verb,"to smake a cigar, to chew tobacco.",0.0,Neutral
tában,NN,noun,"to run away with, to take away, to elope.",0.0,Neutral
tábang,NN,noun,"help, aid, succor.",0.402,Positive
tábang,VB,verb,"to assist, to help.",0.402,Positive
tábas,VB,verb,"to sew, to cut cloth.",-0.273,Negative
tába’,VB,verb,to buy land or fields.,0.0,Neutral
tabíd,VB,verb,"to link together with a rope or string, to attach to.",0.0,Neutral
tabínas,NN,noun,embarrassment.,-0.44,Negative
tabís,NN,noun,"penalty, fine.",-0.296,Negative
tablétas,NN,noun,"medicine tablet, pill.",0.0,Neutral
tábug,VB,verb,"to drive away, using arm gestures.",0.0,Neutral
tabúk,VB,verb,"to go across, to cross over.",0.0,Neutral
tabún,NN,noun,cover.,0.0,Neutral
tabún,VB,verb,to cover with something.,0.0,Neutral
tabú’,NN,noun,"dipper, can used to scoop out water;  case, event, happening.",0.153,Positive
tabú’,VB,verb,"to happen, to occur, to come to pass.",0.0,Neutral
tábu’,VB,verb,"to come together, to meet purposely, to fetch from an airport or pier.",0.0,Neutral
táb’ang,JJ,adjective,"tasteless, of liquid consistency, light, mild.",0.0,Neutral
tádlung,JJ,adjective,straight.,0.226,Positive
tádlung,VB,verb,to straighten.,0.0,Neutral
tádtad,VB,verb,"to chop, to mutilate.",0.0,Neutral
tádyaw,NN,noun,native clay jar designed to hold water.,0.0,Neutral
tag,NN,noun formative,noun formative affix designating type of work done by a person.,0.0,Neutral
tag,RP,particle,adverbial formative affix designating quantity or value.,0.34,Positive
tagá,VB,verb,"to be from, to come from, to originate from.",0.0,Neutral
tagálog,NN,noun,"language spoken principally in the greater manila area, and in bata’an, bulacan, occidental mindoro, oriental mindoro, quezon and rizal provinces.",0.361,Positive
tagám,VB,verb,"to beware, to be careful of, to take the risk.",-0.128,Negative
tagám,NN,noun,"danger, risk.",-0.67,Negative
tagasák,VB,verb,"to make a slapping sound, to resound, to make a dripping sound like the rain.",0.361,Positive
tágay,VB,verb,"to put out, to offer.",0.0,Neutral
tagbaláy,NN,noun,"owner of the house, host, or hostess.",0.0,Neutral
tágbang,VB,verb,to cast overboard.,0.0,Neutral
tághul,NN,noun,"howl, dog bark.",0.0,Neutral
tághul,VB,verb,"to howl, to bark like a dog.",0.361,Positive
tághuy,VB,verb,"to wail, to sigh.",0.026,Neutral
tagiposoon,NN,noun,heart synonym: kasingkasing,0.637,Positive
tagíptip,NN,noun,mildew.,0.0,Neutral
tagipusoon,NN,noun,alternative form of tagiposoon,0.0,Neutral
tagipusuon,NN,noun,alternative form of tagiposoon,0.0,Neutral
tagna,NN,noun,foretell ; forecast,0.0,Neutral
tágna’,NN,noun,"guess, prediction, prophecy, forecast.",0.0,Neutral
tágna’,VB,verb,"to foretell, to predict, to guess.",0.0,Neutral
tagpilá,RB,adverb,how much.,0.0,Neutral
tágring,NN,noun,"resonance, ringing sound as of a telephone.",0.0,Neutral
tágring,VB,verb,"to ring, to resound.",0.0,Neutral
tágsa,RB,adverb,"each, each one, per person.",0.0,Neutral
tágsatágsa,NN,noun,"everyone, each one, one by one.",0.0,Neutral
tágsing,JJ,adjective,"oxytone, sonorous.",0.0,Neutral
tágtag,VB,verb,"to distribute, to apportion.",0.0,Neutral
tagúb,NN,noun,"sheath, scabbard.",0.0,Neutral
tagudíli’,VB,verb,"to condemn, to damn.",-0.649,Negative
tagúm,JJ,adjective,blue.,0.0,Neutral
tágu’,VB,verb,"to hide, to store away, to conceal.",-0.178,Negative
tag’íya,NN,noun,"owner, possessor.",0.0,Neutral
tahál,VB,verb,to sharpen a pencil.,0.0,Neutral
táhaw,VB,verb,"to become mild, to lose alcohol content, to be flat.",-0.402,Negative
tahí’,NN,noun,"sewing, stitch.",0.0,Neutral
tahí’,VB,verb,to sew.,0.0,Neutral
táhud,NN,noun,"respect, honor, courtesy.",0.832,Positive
táhud,VB,verb,to show respect or courtesy.,0.681,Positive
tahum,NN,noun,"beauty , prettiness , attractiveness",0.765,Positive
tahum,JJ,adjective,"beautiful , pretty , attractive , gorgeous , lovely",0.957,Positive
tahúm,JJ,adjective,"beautiful, pretty.",0.796,Positive
tahúm,NN,noun,"beauty, effulgence.",0.586,Positive
tákam,VB,verb,to munch or chew noisily.,0.0,Neutral
tákas,NN,noun,"land, dry land.",0.0,Neutral
tákas,VB,verb,"to disembark, to go ashore, to go out of the water.",0.0,Neutral
tákdung,VB,verb,to cover the head.,0.0,Neutral
táklad,VB,verb,"to ascend, to climb over an obstacle.",-0.361,Negative
táklap,VB,verb,"to cover, to put or lay upon.",0.0,Neutral
táklas,VB,verb,"to climb up a steep or uncleared path, to climb over an obstacle.",-0.361,Negative
táklung,NN,noun,snail.,0.0,Neutral
táklus,VB,verb,to hang an object around the hip or waist with a belt.,0.0,Neutral
tákna’,NN,noun,"hour, moment.",0.0,Neutral
táktak,VB,verb,"of petals or leaves, to fall one by one.",0.0,Neutral
takúd,VB,verb,"to put on, to connect, as of electric wire, to install.",0.0,Neutral
takúp,NN,noun,"cover, stopper.",0.0,Neutral
takúp,VB,verb,"to cover, to put a cover on.",0.0,Neutral
takuri,NN,noun,kettle,0.0,Neutral
takús,NN,noun,"fit, measure, dimension.",0.361,Positive
tak’an,VB,verb,"to get disgusted with, to get bored, to become weary, to get tired of.",-0.859,Negative
talágsa,RB,adverb,"rarely, scarcely, seldom.",0.0,Neutral
talámnan,NN,noun,"field, garden.",0.0,Neutral
tálang,VB,verb,"to miss the way, to lose one’s way.",-0.511,Negative
talástas,NN,noun,"edict, proclamation.",0.0,Neutral
talástas,VB,verb,"to know, to understand, to proclaim.",0.0,Neutral
tálaw,JJ,adjective,"chicken-hearted, coward.",-0.459,Negative
talá’id,RB,adverb,"evenly distributed, evenly done.",0.0,Neutral
talikúd,VB,verb,"to turn one’s back upon, to abandon, to desert.",-0.44,Negative
talimbabága,NN,noun,centipede.,0.0,Neutral
talíthi’,NN,noun,"drizzle, shower.",0.0,Neutral
talíwan,VB,verb,"to bypass, to catch up and then leave behind, to overtake.",-0.052,Negative
talong,NN,noun,eggplant ( us ) ; aubergine ( uk ),0.0,Neutral
táltal,VB,verb,to loosen especially with a jackscrew or a hammer.,0.0,Neutral
talúdtud,NN,noun,ridge.,0.0,Neutral
talúm,JJ,adjective,sharp as of knives and blades.,0.0,Neutral
talúm,NN,noun,sharpness.,0.0,Neutral
talúng,NN,noun,eggplant.,0.0,Neutral
talyér,NN,noun,repair shop for cars.,0.0,Neutral
tál’as,VB,verb,to run away.,0.0,Neutral
tál’us,VB,verb,"to take another’s place, to substitute for someone.",0.0,Neutral
tamád,JJ,adjective,"idle, lazy, indolent.",-0.361,Negative
tamáwu,NN,noun,"dwarf, elf.",0.0,Neutral
tamáy,VB,verb,"to despise, to contempt.",-0.735,Negative
táma’,RB,adverb,"correct, well, extremely, excessively.",0.273,Positive
táma’,VB,verb,"to be correct, to fit into, to adjust well.",0.557,Positive
támbal,NN,noun,"medicine, cure, remedy;  doctor, quack doctor.",0.0,Neutral
támbal,VB,verb,"to cure, to remedy.",0.0,Neutral
tambalihán,NN,noun,chameleon.,0.0,Neutral
támbi,VB,verb,"of sewing, to sew a small piece to a bigger piece of cloth, to have enough material.",0.0,Neutral
támbuk,NN,noun,"fatness, stoutness.",0.0,Neutral
támbuk,JJ,adjective,"fat, stout, obese.",0.178,Positive
támbung,VB,verb,"to attend, to be present.",0.0,Neutral
támbur,NN,noun,drum.,0.0,Neutral
támbu’,NN,noun,bamboo shoot.,-0.34,Negative
tamíng,NN,noun,"armor, shield.",0.0,Neutral
támpad,JJ,adjective,"frank, candid.",0.0,Neutral
támpad,VB,verb,"to confront, to be frank, to divulge.",-0.178,Negative
tampálas,VB,verb,to insult.,-0.511,Negative
tampálas,JJ,adjective,cruel.,-0.586,Negative
támpa’,NN,noun,slap on the face.,0.153,Positive
támpa’,VB,verb,to slap on the face.,0.153,Positive
támpi,VB,verb,"to put on an apron, to put something over the dress so as to cover it.",0.0,Neutral
tampis,NN,noun,"apron , skirt",0.0,Neutral
támpis,NN,noun,"apron, piece of cloth worn over the skirt for decoration.",-0.296,Negative
tampok,NN,noun,elite,0.0,Neutral
támpuk,VB,verb,"to fill up a hole, to cover a hole.",0.0,Neutral
tampulanga,NN,noun,( botany ) hibiscus,0.0,Neutral
tamúd,VB,verb,to look upon.,0.0,Neutral
támwa,VB,verb,to peep out of.,0.0,Neutral
támyaw,VB,verb,"to greet, to entertain.",0.557,Positive
tám’is,NN,noun,sweetness.,0.494,Positive
tám’is,JJ,adjective,sweet.,0.459,Positive
tanan,JJ,adjective,all,0.0,Neutral
tanán,PRP,pronoun,"all, everybody, everything.",0.0,Neutral
tanang,JJ,adjective,"overripe , rotten",-0.511,Negative
tanáng,JJ,adjective,ripe.,0.0,Neutral
tandaan,NN,noun,"sign , signal",0.0,Neutral
tandaan,NN,noun,"mark , note",0.0,Neutral
tánda’,NN,noun,"mark, line, indication.",0.0,Neutral
tandog,VB,verb,"feel , touch",0.0,Neutral
tándug,VB,verb,"to touch, to move around.",0.0,Neutral
tándus,JJ,adjective,excellent.,0.572,Positive
tangá,NN,noun,cockroach.,0.0,Neutral
tangá’,VB,verb,"to look up, to look stupid, to have a blank stare.",-0.527,Negative
tangis,VB,verb,to cry ; to weep ; to lament,-0.869,Negative
tangis,NN,noun,cry ; weep ; lament,-0.869,Negative
tángis,NN,noun,"cry, lament.",-0.727,Negative
tángis,VB,verb,"to cry, to lament.",-0.727,Negative
tángki,NN,noun,tank container.,0.0,Neutral
tangkugo,NN,noun,( anatomy ) nape,0.0,Neutral
tangkugo,VB,verb,to hit at the nape,0.0,Neutral
tangkúgu’,NN,noun,nape of the neck.,0.0,Neutral
tángla’,VB,verb,to look up.,0.0,Neutral
tangú’,NN,noun,"nod, nodding movement of the head.",0.0,Neutral
tangú’,VB,verb,to nod the head for assent.,0.0,Neutral
tangú’tángu’,VB,verb,to nod the head repeatedly to show assent.,0.0,Neutral
tanhaga,JJ,adjective,"extraordinary , marvelous , wonderful",0.823,Positive
tanhaga,NN,noun,"marvel , wonder",0.421,Positive
táni’,RB,adverb,"if possible, perhaps, possibly.",0.0,Neutral
tánsya,NN,noun,"estimate, prediction.",0.0,Neutral
tánsya,VB,verb,"to estimate, to predict the quantity.",0.0,Neutral
tanúm,NN,noun,plant.,0.0,Neutral
tanúm,VB,verb,"to plant, to allow to grow.",0.226,Positive
tanyag,VB,verb,"offer , proffer",0.0,Neutral
tányag,NN,noun,offer.,0.0,Neutral
tányag,VB,verb,"to offer as a bonus, to offer.",0.542,Positive
tán’aw,VB,verb,"to see, to watch, to look at.",0.0,Neutral
tápak,NN,noun,"foot mark, footfall.",0.0,Neutral
tápak,VB,verb,"to tread barefooted, to step on.",0.0,Neutral
tapan,VB,verb,to level or make even,0.0,Neutral
tápán,JJ,adjective,"flat, plain, level.",0.0,Neutral
tapás,VB,verb,"to cut down a big plant or tree, to chop down.",-0.273,Negative
tapát,VB,verb,"to resolve, to tell the truth, to be frank.",0.599,Positive
tapík,VB,verb,"to transfer to, to stick to, to move over.",0.0,Neutral
tápi’,NN,noun,"wood, board, lumber.",0.0,Neutral
táplik,VB,verb,"to flick, to jerk, to flick on the sides.",-0.34,Negative
tápnay,VB,verb,"to carry or hold in the arms, to cradle in the arms like a baby.",0.361,Positive
tápna’,VB,verb,to stop.,-0.296,Negative
tapúk,JJ,adjective,"brittle, delicate, non-durable.",0.052,Positive
tápuk,VB,verb,"to throw away, to cast away to a far off place, to deport.",0.0,Neutral
tapús,JJ,adjective,"finished, completed.",0.0,Neutral
tapús,VB,verb,"to finish, to complete.",0.0,Neutral
tapútapú,NN,noun,dust.,0.0,Neutral
tápu’,NN,noun,"association, group, club.",0.0,Neutral
tápu’,VB,verb,"to join together as a group, to associate, to group together.",0.296,Positive
tarasak,JJ,adjective,thoughtless ; careless,-0.67,Negative
tarasak,JJ,adjective,happy-go-lucky ; nonchalant,0.0,Neutral
tarhéta,NN,noun,"card, identification.",0.0,Neutral
társo,NN,noun,"clown, joker.",0.128,Positive
tárung,NN,noun,"reason, excuse.",0.077,Positive
tárung,VB,verb,"to behave well, to straighten up.",0.273,Positive
tása,NN,noun,drinking cup.,0.0,Neutral
tásak,VB,verb,"to put on one’s foot, to step into.",0.0,Neutral
táslaw,JJ,adjective,coward.,-0.459,Negative
tástas,VB,verb,"to separate, to take off stitching after sewing, to remove stitching by a blade or any sharp instrument.",0.0,Neutral
tátap,VB,verb,"to look after, to take care of, to attend to.",0.494,Positive
tatay,NN,noun,"father, respect form for older male relatives.",0.477,Positive
tátlu,CD,numeral,three;  third; /ka-…-an/ thirty; /napulug-/ thirteen.,0.0,Neutral
tawág,NN,noun,"call, telephone call, beacon.",0.0,Neutral
tawág,VB,verb,"to call, to beacon.",0.0,Neutral
táwgi,NN,noun,mongo bean sprouts used as vegetable.,0.0,Neutral
táwhay,JJ,adjective,"peaceful, with ease, slow.",0.691,Positive
tawo,NN,noun,a man ; a person ; a human,0.0,Neutral
táwtaw,VB,verb,"to drop and pull a fish hook into the water, to cast a hook in the water.",-0.273,Negative
táwu,NN,noun,man.,0.0,Neutral
táwu,VB,verb,to be born.,0.0,Neutral
tay,NN,noun,variant of tátay.,0.0,Neutral
taya,NN,noun,"bet , wager",0.0,Neutral
taya,VB,verb,to shield,0.0,Neutral
taya,VB,verb,to take a defensive position,0.026,Neutral
tayá’,NN,noun,"stake, bet.",0.0,Neutral
tayá’,VB,verb,"to bet, to put up as stake.",0.0,Neutral
tayobong,NN,noun,"a type of plant, the roots are used for making glue and starch",0.0,Neutral
tayoyon,JJ,adjective,"continuous , steady , without pause",0.0,Neutral
táytay,NN,noun,bridge.,0.0,Neutral
tayúbung,NN,noun,starch.,0.0,Neutral
táyug,JJ,adjective,high up in the air.,0.0,Neutral
tayún,VB,verb,"to funnel, to fill a bottle with liquid.",0.026,Neutral
tayuyon,JJ,adjective,alternative spelling of tayóyon,0.0,Neutral
tayúyun,JJ,adjective,easy.,0.44,Positive
táy’ug,VB,verb,"to tremble, to shake.",-0.421,Negative
tá’as,JJ,adjective,tall.,0.0,Neutral
tá’as,VB,verb,"to grow tall, to raise, to increase.",0.318,Positive
tá’ub,NN,noun,"tide, high tide.",0.0,Neutral
téla,NN,noun,cloth.,0.0,Neutral
telebísyon,NN,noun,television.,0.0,Neutral
telegráma,NN,noun,telegram.,0.0,Neutral
telegráma,VB,verb,to send a telegram.,0.0,Neutral
telepono,NN,noun,telephone,0.0,Neutral
telepono,VB,verb,to call or telephone another person,0.0,Neutral
teleponó,NN,noun,telephone.,0.0,Neutral
teleponó,VB,verb,to call on the telephone.,0.0,Neutral
témpla,NN,noun,"flavor, mixture, consistency.",0.0,Neutral
témpla,VB,verb,"to mix, to tamper for consistency.",0.0,Neutral
tempráno,RB,adverb,early.,0.0,Neutral
tenér,VB,verb,"to stay, to live in, to reside.",0.0,Neutral
tenyénte,NN,noun,lieutenant.,0.0,Neutral
teolohia,NN,noun,theology,0.0,Neutral
térno,NN,noun,"matching coat and pants for men, matching shoes, handbag and dress for ladies, formal long native costume of filipinas with butterfly sleeves.",0.0,Neutral
tesorero,NN,noun,treasurer,0.128,Positive
tesoréro,NN,noun,treasurer.,0.128,Positive
testígo,NN,noun,"witness, testimony.",0.0,Neutral
testígo,VB,verb,"to witness, to testify.",0.0,Neutral
tibakla,NN,noun,grasshopper,0.0,Neutral
tibákla,NN,noun,grasshopper.,0.0,Neutral
tibáw’as,VB,verb,"to escape, to set free.",0.612,Positive
tíbsuk,VB,verb,to fall down head first.,0.0,Neutral
tibunog,JJ,adjective,"fat , plump , stout",0.178,Positive
tibúnug,JJ,adjective,"healthy, robust.",0.625,Positive
tíb’ung,VB,verb,"to raise, to lift.",0.0,Neutral
tig,RP,particle,variant of tag.,0.0,Neutral
tig-…-la-,NN,noun formative,noun formative affix designating season of abundance or plurality.,0.0,Neutral
tigána,NN,noun,left-overs.,0.0,Neutral
tigána,VB,verb,"to leave for later, to store away, to stock for later use.",-0.052,Negative
tigayún,VB,verb,"to become a reality, to make possible, to bring about.",0.0,Neutral
tígbas,VB,verb,to cut off with considerable force so as to make only one stroke.,-0.273,Negative
tígdas,JJ,adjective,"severe, rigid, strict.",-0.477,Negative
tigíb,NN,noun,chisel.,0.0,Neutral
tigilinit,NN,noun,summer,0.0,Neutral
tiglawás,NN,noun,"representative, congressman, spokesman.",0.0,Neutral
tigre,NN,noun,tiger.,0.0,Neutral
tigúlang,JJ,adjective,"of people, old.",0.0,Neutral
tigúlang,VB,verb,"to grow old, to age.",0.0,Neutral
tíg’a,JJ,adjective,"hard, solid.",0.052,Positive
tíg’a,VB,verb,"to become hard, to solidify.",-0.103,Negative
tíg’ang,VB,verb,"to set over the fire to cook, to cook steamed rice.",-0.34,Negative
tig’ik,NN,noun,"shriek, choking sound.",-0.459,Negative
tig’ik,VB,verb,to shriek.,0.0,Neutral
tig…-li-,NN,noun formative,variant of .,0.0,Neutral
tihín,VB,verb,to walk on tiptoe.,0.0,Neutral
tiil,NN,noun,( anatomy ) foot,0.0,Neutral
tiilan,JJ,adjective,the lower part of,-0.296,Negative
tiilan,NN,noun,foot,0.0,Neutral
tikáb,VB,verb,to open one’s mouth.,0.0,Neutral
tíkal,VB,verb,"to talk too much, to prattle.",0.0,Neutral
tikálun,JJ,adjective,"proud, vainglorious.",0.477,Positive
tikáng,NN,noun,"step, tread.",0.0,Neutral
tikáng,VB,verb,"to step on, to walk, to tread.",0.0,Neutral
tíkas,VB,verb,to steal.,-0.494,Negative
tiki,NN,noun,common house gecko,0.0,Neutral
tikling,NN,noun,crane,0.0,Neutral
tíklud,VB,verb,"to push away, to push behind.",0.0,Neutral
tíklup,VB,verb,to fold over.,0.0,Neutral
tíkma’,VB,verb,"to shock, to jolt.",-0.382,Negative
tikoy,NN,noun,nian gao ( a chinese new year cake made of glutinous rice flour ),0.0,Neutral
tikú’,JJ,adjective,"crooked, bent, curved.",0.0,Neutral
tikú’,VB,verb,"to become bent, to make crooked.",0.0,Neutral
tiláw,VB,verb,"to taste, to try.",0.0,Neutral
tililawan,NN,noun,"test , trial",0.0,Neutral
tilinguhaon,JJ,adjective,worthwhile,0.34,Positive
timaan,NN,noun,symbol,0.0,Neutral
timawa,NN,noun,a citizen or member of a community,0.0,Neutral
timawa,VB,verb,to free or liberate,0.511,Positive
timáwa’,NN,noun,"mass of poor people, masses, citizenry.",-0.477,Negative
timá’an,NN,noun,"sign, signal, warning.",-0.34,Negative
tímbang,NN,noun,"weight;  scale, balance.",0.0,Neutral
tímbang,VB,verb,"to weigh, to balance.",0.0,Neutral
timbangan,NN,noun,scale,0.0,Neutral
timbangan,NN,noun,a constellation of stars,0.0,Neutral
tímba’,NN,noun,bucket used to fetch water from a well.,0.273,Positive
tímba’,VB,verb,to draw water from a well.,0.273,Positive
timbolog,JJ,adjective,"round , spherical",0.0,Neutral
tímbre,NN,noun,"seal, stamp.",0.0,Neutral
tímbre,VB,verb,"to seal with a seal, to mark, to earmark.",0.0,Neutral
timbú’uk,VB,verb,"to whirl upward with speed, to soar.",0.0,Neutral
tinápay,NN,noun,"bread, cookie.",0.0,Neutral
tindak,NN,noun,kick,0.0,Neutral
tindak,VB,verb,to kick,0.0,Neutral
tíndak,NN,noun,kick.,0.0,Neutral
tíndak,VB,verb,to kick.,0.0,Neutral
tínday,NN,noun,calf.,0.0,Neutral
tindéro,NN,noun,"vendor, salesman.",0.0,Neutral
tíndug,NN,noun,"poise, stature.",0.0,Neutral
tíndug,VB,verb,"to stand, to arise.",0.0,Neutral
tinedór,NN,noun,fork.,0.0,Neutral
ting-,NN,noun formative,noun formative affix designating season.,0.0,Neutral
tingádlaw,NN,noun,summer.,0.0,Neutral
tíngal,VB,verb,to force another’s mouth to open.,0.0,Neutral
tingála,NN,noun,"wonder, surprise, amazement.",0.681,Positive
tingála,VB,verb,"to wonder, to be astonished, to be surprised.",0.542,Positive
tingá’,VB,verb,to breathe one’s last.,0.0,Neutral
tínggas,JJ,adjective,"fleshy, plump, full.",0.0,Neutral
tingkáya’,VB,verb,"to fall flat on one’s back, to slide down and fall on one’s back.",0.0,Neutral
tingúb,VB,verb,"to come together, to combine, to put together.",0.0,Neutral
tíngug,NN,noun,voice.,0.0,Neutral
tíngug,VB,verb,"to make a sound, to speak after a stretch of silence.",0.0,Neutral
tingúha’,NN,noun,"to attempt, trial.",0.0,Neutral
tingúha’,VB,verb,"to try, to make great efforts to attain, to attempt.",0.625,Positive
tingulan,NN,noun,rainy season ; wet season ; monsoon season synonym: dagna,-0.077,Negative
tiniklíng,NN,noun,filipino dance using bamboo poles.,0.0,Neutral
tínlu’,NN,noun,"cleanness, purity, virginity.",0.0,Neutral
tínlu’,JJ,adjective,"clean, pure.",0.402,Positive
tínta’,NN,noun,ink.,0.0,Neutral
tíntin,VB,verb,"to canter, to walk carefully.",0.128,Positive
tinúla,NN,noun,vegetable soup.,0.0,Neutral
tín’ad,VB,verb,to become prosperous.,0.477,Positive
tín’aw,NN,noun,"of water, clearness.",0.0,Neutral
tín’aw,JJ,adjective,"of water, clear.",0.382,Positive
típdas,NN,noun,measles.,0.0,Neutral
típhag,NN,noun,landslide.,0.0,Neutral
típig,VB,verb,"to fold away, to deposit.",0.0,Neutral
tipík,NN,noun,"bit, small piece, chip.",0.0,Neutral
tipík,VB,verb,"to break in pieces, to chip off.",0.0,Neutral
tipolon,JJ,adjective,"round , spherical",0.0,Neutral
típu,NN,noun,"poise, character type, personality.",0.0,Neutral
típun,VB,verb,"to gather together, to assemble.",0.0,Neutral
típus,NN,noun,typhoid fever.,0.0,Neutral
tíra,VB,verb,"to fight, to box, to kick, to batter.",-0.382,Negative
tiránte,NN,noun,pants suspenders.,0.0,Neutral
tísa’,NN,noun,"chalk, brick.",0.0,Neutral
tískug,JJ,adjective,stiff.,0.0,Neutral
tísluk,VB,verb,to prick with a sharp or pointed end.,-0.34,Negative
tístis,VB,verb,"to spite another out of envy, to backbite.",-0.67,Negative
tisúk,VB,verb,to stick into.,0.0,Neutral
titi,NN,noun,( anatomy ) breast,0.0,Neutral
títi’,NN,noun,"nipple, feeding bottle.",0.0,Neutral
títi’,VB,verb,"to suck the breast, to feed from a bottle.",-0.44,Negative
título,NN,noun,"legal title, contract, title of ownership.",0.128,Positive
tíya,NN,noun,"aunt, respect term for older females.",0.477,Positive
tiyan,NN,noun,( anatomy ) abdomen ; belly ; paunch,0.0,Neutral
tiyán,NN,noun,"stomach, abdomen.",0.0,Neutral
tíyo,NN,noun,"uncle, respect form for older male persons.",0.477,Positive
tíyug,VB,verb,"to roam around, to turn around.",0.0,Neutral
tiyúgtiyúg,NN,noun,"tramp, prostitute.",0.0,Neutral
tí’,RP,particle,"well…, so, now then, you see, i told you so.",0.0,Neutral
ti’áw,VB,verb,"to tease, to make a joke of.",-0.026,Neutral
ti’áwtí’aw,NN,noun,"joke, teasing.",0.226,Positive
ti’áyun,VB,verb,"to live together as husband and wife, to get along together, to be compatible in personality.",0.0,Neutral
tí’id,VB,verb,to tread carefully or stealthily.,0.153,Positive
ti’íl,NN,noun,"feet, foot, leg.",0.0,Neutral
ti’ún,NN,noun,"moment, a little while.",0.0,Neutral
tódas,VB,verb,"to win all the tricks, to win the game.",0.796,Positive
tódo,JJ,adjective,"full speed, fast, full blast.",0.0,Neutral
tómo,NN,noun,volume.,0.0,Neutral
toneláda,NN,noun,ton.,0.0,Neutral
too,JJ,adjective,"dexter , right",0.0,Neutral
tóre,NN,noun,"tower, steeple.",0.0,Neutral
tornilyo,NN,noun,"a screw , specifically propeller screw",-0.202,Negative
toro,NN,noun,"bull , ox",0.0,Neutral
tóro,NN,noun,"ox, bull.",0.0,Neutral
torpe,JJ,adjective,"slow , dull , or stupid",-0.727,Negative
torpe,JJ,adjective,"indecent , lewd",0.0,Neutral
tórpe,JJ,adjective,"sheepish, dense, unthinking.",0.0,Neutral
tórpe,UH,interjection,"brat, stupid, dumb.",-0.772,Negative
totál,NN,noun,"total, sum.",0.0,Neutral
totál,CC,conjunction,"anyhow, anyway.",0.0,Neutral
tóto’,NN,noun,endearment term for the eldest or the youngest boy in the family.,0.0,Neutral
trabáho,NN,noun,"work, job.",0.0,Neutral
trabáho,VB,verb,"to work, to do something.",0.0,Neutral
trák,NN,noun,truck.,0.0,Neutral
trámbya,NN,noun,trolley.,0.0,Neutral
trángka,NN,noun,"lock, bar.",0.0,Neutral
trángka,VB,verb,"to lock, to fasten securely.",0.34,Positive
trangkáso,NN,noun,"flu, influenza.",-0.382,Negative
trapál,NN,noun,"canvas, tent.",0.0,Neutral
trápo,NN,noun,"rag, wiper.",0.0,Neutral
trápo,VB,verb,to wipe with a rag.,0.0,Neutral
trayángulo,NN,noun,triangle.,0.0,Neutral
trén,NN,noun,train.,0.0,Neutral
trés,CD,numeral,three.,0.0,Neutral
trése,CD,numeral,thirteen;  thirteenth.,0.0,Neutral
tréynta,CD,numeral,thirty;  thirtieth.,0.0,Neutral
tróno,NN,noun,throne.,0.0,Neutral
trumpéta,NN,noun,"bugle, trumpet.",0.0,Neutral
trúmpo,NN,noun,"top, child’s toy.",0.202,Positive
trúsu,NN,noun,log.,0.0,Neutral
tsá,NN,noun,tea.,0.0,Neutral
tséke,NN,noun,check.,0.0,Neutral
tsinélas,NN,noun,slipper.,0.0,Neutral
tsokoláte,NN,noun,"chocolate, brown color.",0.0,Neutral
tsupér,NN,noun,"chauffer, driver.",0.0,Neutral
tú,DT,deictic,"that younder, from atú.",0.0,Neutral
tubás,VB,verb,"to harvest, to gather mature produce.",0.421,Positive
tubá’,NN,noun,fermented coconut drink.,0.0,Neutral
tubá’,VB,verb,"to cut down a banana plant, to gather mature fruits.",0.178,Positive
túbbung,VB,verb,"to go down from a rural area to the town or city, to go to the seashore to buy fish.",0.0,Neutral
tubig,NN,noun,water,0.0,Neutral
tubig,VB,verb,to water,0.0,Neutral
túbig,NN,noun,"water, liquid.",0.0,Neutral
túbi’,NN,noun,variant of túb ig.,0.0,Neutral
túblag,VB,verb,to disturb.,-0.402,Negative
túbtub,RB,adverb,until.,0.0,Neutral
tubú,NN,noun,sugarcane.,0.0,Neutral
túbu,NN,noun,"pipe, tube.",0.0,Neutral
tubúd,NN,noun,"leak, drop, flow.",-0.542,Negative
tubúd,VB,verb,"to leak, to flow in small drops.",-0.34,Negative
tubúg,VB,verb,to wallow in a mud hole as a carabao.,0.0,Neutral
tubús,VB,verb,"to save, to redeem, to redeem a pawned item.",0.494,Positive
túbu’,NN,noun,growth.,0.382,Positive
túbu’,VB,verb,"to grow, to germinate, to sprout.",0.0,Neutral
túb’uk,VB,verb,"to shoot up, to flare.",-0.34,Negative
tudlo,NN,noun,( anatomy ) finger,0.0,Neutral
tudlo sang dalaga,NN,noun,a type of banana,0.0,Neutral
túdlu’,NN,noun,finger;  teaching.,0.0,Neutral
túdlu’,VB,verb,"to point out, to teach.",0.0,Neutral
tugák,VB,verb,to loosen.,0.0,Neutral
tugálbung,VB,verb,to trap.,-0.318,Negative
túgdang,VB,verb,"to dunk, to immerse, to dump.",-0.382,Negative
túgda’,VB,verb,"to add to the length of the conversation, to enter into a conversation.",0.0,Neutral
túgmaw,VB,verb,"to immerse, to wet in the water.",0.0,Neutral
túgnaw,NN,noun,"coldness, cold.",0.0,Neutral
túgnaw,VB,verb,to feel cold.,0.0,Neutral
tugot,VB,verb,to allow,0.226,Positive
túgpa’,VB,verb,"to land, to alight from the air.",0.0,Neutral
túgun,VB,verb,"to request to get, to give a message, to ask.",0.0,Neutral
túgut,VB,verb,"to permit, to allow, to agree.",0.527,Positive
túgyan,VB,verb,"to entrust, to bestow.",0.0,Neutral
túg’an,VB,verb,"to promise, to pledge.",0.318,Positive
tuháw,VB,verb,"to emerge, to appear.",0.0,Neutral
túhay,JJ,adjective,"different, distinct.",0.0,Neutral
túhay,VB,verb,"to become different, to deviate.",0.0,Neutral
túhil,VB,verb,to poke with a stick.,0.0,Neutral
tuhod,NN,noun,( anatomy ) knee,0.0,Neutral
túhud,NN,noun,knee.,0.0,Neutral
túhuy,VB,verb,to direct toward.,0.0,Neutral
tuig,NN,noun,year,0.0,Neutral
tuig-tuig,JJ,adjective,"yearly , annual : happening once a year",0.0,Neutral
túka,VB,verb,to turn.,0.0,Neutral
tukád,VB,verb,"to ascend, to go up.",0.0,Neutral
tukáp,VB,verb,to patch a hole.,0.0,Neutral
tukár,NN,noun,sound of a musical instrument.,0.0,Neutral
tukár,VB,verb,to play a musical instrument.,0.34,Positive
tukíb,VB,verb,to open a little in order to peep.,0.0,Neutral
tuko,NN,noun,gecko,0.0,Neutral
túksu’,VB,verb,to ask to recite in class.,0.0,Neutral
túktuk,NN,noun,"beak, bill, rust.",0.0,Neutral
túktuk,VB,verb,to get rusty.,0.0,Neutral
tukúb,VB,verb,"of animals, to catch and eat, to take the bait.",0.0,Neutral
tukúd,NN,noun,"cane, staff, support.",0.402,Positive
túkud,VB,verb,"to establish, to build, to put up.",0.0,Neutral
tukún,NN,noun,pole used for support.,0.402,Positive
tukús,VB,verb,to bid.,0.0,Neutral
tul-an,NN,noun,bone,0.0,Neutral
túlad,RB,adverb,"same, alike.",0.0,Neutral
tulak,VB,verb,to throw ; to pitch,0.0,Neutral
tulak,VB,verb,to push away,0.0,Neutral
tuláy,NN,noun,bridge.,0.0,Neutral
túlda,NN,noun,"tent, canvas cover or roofing.",0.0,Neutral
túlin,VB,verb,"to order, to command.",0.0,Neutral
túlis,VB,verb,"to hold up, to steal.",-0.494,Negative
túltug,VB,verb,"to strike, to beat, to pound with considerable force so as to make into powder.",-0.128,Negative
túltul,VB,verb,"to know one’s way, to find one’s way.",0.0,Neutral
tulúd,VB,verb,to push.,0.0,Neutral
tulug,VB,verb,to sleep,0.0,Neutral
tulug,NN,noun,sleep,0.0,Neutral
túlug,NN,noun,"sleep, slumber.",0.0,Neutral
túlug,VB,verb,"to go to sleep, to fall asleep.",0.0,Neutral
túluk,NN,noun,"glance, look, glimpse.",0.0,Neutral
túluk,VB,verb,"to gaze at, to glimpse.",0.0,Neutral
tulún,VB,verb,"to swallow, to gulp down.",0.0,Neutral
tulún’an,NN,noun,book.,0.0,Neutral
túlu’,NN,noun,"one drop, one drip.",-0.273,Negative
túlu’,VB,verb,"to drip, to leak, to fall in drops.",-0.34,Negative
túl’an,NN,noun,bone.,0.0,Neutral
túl’id,VB,verb,to survey.,0.0,Neutral
túman,VB,verb,"to obey, to accomplish as requested.",0.421,Positive
túmba,VB,verb,"to fall, to stumble.",0.0,Neutral
túmbaktúmbak,NN,noun,dragonfly.,0.0,Neutral
túmban,VB,verb,"to kick, to stamp on.",0.0,Neutral
túmbas,JJ,adjective,"equal to, the same amount.",0.0,Neutral
túmbas,VB,verb,"to pay off, to put up an amount equal to what is at stake.",-0.103,Negative
tumbayá’,VB,verb,"to neglect, to shake off responsibility.",-0.572,Negative
túmbuk,NN,noun,"dot, period.",0.0,Neutral
túmbuk,VB,verb,to put a period or a dot.,0.0,Neutral
túmbu’,VB,verb,"to bound, to hop, to play with coins or bottle covers for head-or-tail game.",0.34,Positive
túmpi’,VB,verb,"to stack, to pile.",0.0,Neutral
túmpuk,NN,noun,"pile, group.",0.0,Neutral
túmpuk,VB,verb,"to pile up, to group together, to put on one pile.",0.0,Neutral
túmud,VB,verb,to point at.,0.0,Neutral
túm’uk,VB,verb,"to press down, to compress.",0.0,Neutral
túna,VB,verb,"to give rise to, to be the cause of, to be the origin of.",0.0,Neutral
túnaw,VB,verb,"to melt, to digest, to dissolve.",0.0,Neutral
túnay,JJ,adjective,"real, genuine, actual.",0.0,Neutral
túnda’,VB,verb,"to announce, to make public.",0.0,Neutral
tungá’,NN,noun,"middle, center, half.",0.0,Neutral
tungá’,RB,adverb,between.,0.0,Neutral
tungá’,VB,verb,to divide in two.,0.0,Neutral
tungá’túnga’,NN,noun,"bullseye, center, central figure.",0.0,Neutral
túnghul,VB,verb,"to hand over, to deliver personally.",0.494,Positive
túngtung,VB,verb,"to put on top, to place upon.",0.202,Positive
tungúd,RB,adverb,"about, concerning, because.",0.0,Neutral
tungúd,VB,verb,"to concern, to refer to.",0.0,Neutral
tunok,NN,noun,thorn,0.0,Neutral
túntu,JJ,adjective,"stupid, ignorant, unsophisticated.",-0.772,Negative
túntu,UH,interjection,"you idiot, stupid.",-0.772,Negative
túntun,VB,verb,"to lower down, to dangle.",-0.296,Negative
túnu,NN,noun,musical tune.,0.0,Neutral
túnud,VB,verb,"to disappear, to sink.",-0.226,Negative
tunúg,NN,noun,"sound, tone.",0.0,Neutral
tunúg,VB,verb,"to make a sound, to sound.",0.0,Neutral
tunúk,NN,noun,"thorn, splinter.",0.0,Neutral
tunúk,VB,verb,to be pricked with a thorn or splinter.,-0.153,Negative
tún’ug,NN,noun,dew.,0.0,Neutral
tuo,VB,verb,to believe,0.0,Neutral
tuô,JJ,adjective,right ( as in a direction ),0.0,Neutral
túpad,VB,verb,"to be at the side of, to sit beside someone.",0.0,Neutral
tupá’,VB,verb,to fall down upon.,0.0,Neutral
túpung,RB,adverb,equal in length.,0.0,Neutral
túpung,VB,verb,to make equal in length.,0.0,Neutral
tusíno,NN,noun,"homemade bacon, salted pork.",0.0,Neutral
túsluk,VB,verb,"to pierce, to prick with a pointed end, to inject.",-0.34,Negative
túsngaw,VB,verb,"to blast, to burst.",0.0,Neutral
tústa,NN,noun,"toast, toasted bread or food.",0.0,Neutral
tústa,VB,verb,"to toast, to make brown.",0.0,Neutral
túsu,JJ,adjective,"cunning, sly, shrewd.",0.0,Neutral
tús’un,VB,verb,to carry on the head.,0.0,Neutral
tutál,NN,noun,total.,0.0,Neutral
tutál,RB,adverb,"anyhow, anyway.",0.0,Neutral
tútud,VB,verb,to set fire to.,-0.34,Negative
tútum,VB,verb,to become reliable.,0.0,Neutral
tutúnlan,NN,noun,throat.,0.0,Neutral
túwang,VB,verb,"to help each other, to carry the load by sharing it with some others.",0.67,Positive
túwang,NN,noun,"shareholder, partner.",0.0,Neutral
tuwáy,NN,noun,clam.,0.0,Neutral
túytuy,VB,verb,"to guide, to lead.",0.0,Neutral
tuyú,VB,verb,"to feel sleepy, to be drowsy.",0.0,Neutral
túyub,VB,verb,to whirl around.,0.0,Neutral
tuyu’,NN,noun,"intention, purpose, aim.",0.0,Neutral
tuyu’,VB,verb,"to do intentionally, to plan for.",0.0,Neutral
túyu’,NN,noun,soy sauce.,0.0,Neutral
tú’ad,VB,verb,to accept one’s fault or error.,-0.421,Negative
tu’álya,NN,noun,towel.,0.0,Neutral
tú’aw,VB,verb,"to cry out, to exclaim.",-0.477,Negative
tú’ig,NN,noun,year.,0.0,Neutral
tú’igtú’ig,RB,adverb,"annually, yearly.",0.0,Neutral
tú’tu’,VB,verb,to reproach.,0.0,Neutral
tu’ú,NN,noun,right side.,0.0,Neutral
tú’u,NN,noun,"belief, devotion.",0.459,Positive
tú’u,VB,verb,"to believe, to have the conviction.",0.0,Neutral
tú’ud,JJ,adjective,"true, certain.",0.599,Positive
tu’ún,NN,noun,"studies, learning, school work.",0.0,Neutral
tu’ún,VB,verb,"to study, to learn.",0.0,Neutral
tyábaw,NN,noun,"yell, scream, outburst.",-0.402,Negative
tyábaw,VB,verb,"to shriek, to scream.",-0.402,Negative
tyánggi,NN,noun,small corner store which carries a little bit of everything.,0.0,Neutral
tyémpo,NN,noun,"weather, climate, time.",0.0,Neutral
tyénda,NN,noun,"open market, supermarket which carries every possible item.",0.0,Neutral
úba,VB,verb,"to take off, especially clothing, to denude.",0.0,Neutral
úbas,NN,noun,grape.,0.0,Neutral
ubáy,VB,verb,"to guide, to direct.",0.0,Neutral
úbi,NN,noun,violet yam.,0.0,Neutral
ubú,NN,noun,cough.,0.0,Neutral
ubú,VB,verb,"to cough, to have a cough.",0.0,Neutral
úbug,VB,verb,"to wade, to walk in water.",0.0,Neutral
ubús,RB,adverb,"below, under, beneath.",0.0,Neutral
úbus,VB,verb,"to finish, to consume, to take the last bit.",0.0,Neutral
údtu,NN,noun,noon.,0.0,Neutral
ugá,JJ,adjective,dry.,0.0,Neutral
ugá,VB,verb,"to dry, to get dry from heat.",0.0,Neutral
ugáling,CC,conjunction,"maybe, perhaps, but.",0.0,Neutral
ugáli’,NN,noun,"conduct, habit, behavior.",0.0,Neutral
ugangan,NN,noun,parent-in-law,0.0,Neutral
ugángan,NN,noun,father or mother-in-law.,0.0,Neutral
uganút,JJ,adjective,tough.,-0.128,Negative
ugát,NN,noun,vein.,0.0,Neutral
ugayúng,NN,noun,"drawl, groan, moan.",-0.153,Negative
úgbus,NN,noun,"of plants, bud.",0.0,Neutral
ugís,JJ,adjective,"faded, worn out in appearance.",-0.296,Negative
ugís,VB,verb,"to fade in color, to look over used.",0.0,Neutral
ugtu,NN,noun,noon,0.0,Neutral
úgtu,NN,noun,variant of údtu.,0.0,Neutral
ugút,NN,noun,"irritation, chagrin, madness.",-0.844,Negative
ugút,VB,verb,"to feel chagrined, to be irritated.",-0.66,Negative
úguy’úguy,NN,noun,humming sound.,0.0,Neutral
uhaw,NN,noun,thirst,0.0,Neutral
úhaw,NN,noun,thirst.,0.0,Neutral
úhaw,VB,verb,to feel thirsty.,0.0,Neutral
uhú,UH,interjection,"see, look.",0.0,Neutral
úkbung,NN,noun,"tip, extreme end.",0.0,Neutral
úklab,VB,verb,"to separate from, to tear off from the surface, to detach.",0.0,Neutral
ukún,CC,conjunction,or else.,0.0,Neutral
uláklub,NN,noun,eyelid.,0.0,Neutral
ulan,NN,noun,rain,0.0,Neutral
ulán,NN,noun,rain;  rainy season.,-0.077,Negative
uláng,NN,noun,"lobster, fresh water shrimp.",0.318,Positive
úlay,JJ,adjective,"chaste, virgin, pure.",0.0,Neutral
úla’,VB,verb,"to spill out, to pour out.",0.0,Neutral
úlhut,VB,verb,to pop out suddenly without warning.,0.258,Positive
ulihí,RB,adverb,late.,0.0,Neutral
ulípun,NN,noun,"poor man, servant.",-0.477,Negative
ulípun,JJ,adjective,poor.,-0.477,Negative
ulí’,VB,verb,"to go home, to go back to the house.",0.0,Neutral
úli’,VB,verb,"to return, to give back.",0.0,Neutral
úli’,NN,noun formative,"ang ímu líbro, ha.",0.0,Neutral
ulo,NN,noun,( anatomy ) head,0.0,Neutral
ulod,NN,noun,worm,0.0,Neutral
úlu,NN,noun,head.,0.0,Neutral
úlu,VB,verb,"to head, to be master of, to chairman.",0.0,Neutral
úlud,NN,noun,worm.,0.0,Neutral
ulúnan,NN,noun,pillow.,0.0,Neutral
ulús,NN,noun,"cloth, fabric.",0.0,Neutral
ulú’úlu’,VB,verb,"to comfort, to win over, to talk kindly so as to win the favor of.",0.946,Positive
umá,NN,noun,"farm, cultivated field.",0.0,Neutral
umágad,NN,noun,"daughter-in-law, son-in-law.",0.0,Neutral
umál,JJ,adjective,blunt.,0.0,Neutral
umpisá,NN,noun,"beginning, start.",0.0,Neutral
umpisá,VB,verb,"to commence, to start.",0.0,Neutral
úna,CD,numeral,one;  first.,0.0,Neutral
úna,VB,verb,"to go ahead, to overtake.",0.0,Neutral
úna,NN,noun formative,kamí kay kadúgay sa íla.,0.0,Neutral
únat,JJ,adjective,"ductile, stretchable.",0.0,Neutral
únat,VB,verb,to stretch.,0.0,Neutral
unáy,JJ,adjective,"constant, stationary, permanent.",0.0,Neutral
unáy,VB,verb,to become permanent.,0.0,Neutral
úndang,VB,verb,"to finish, to stop.",-0.296,Negative
ungál,NN,noun,"drawl, howl.",0.0,Neutral
unsa,NN,noun,ounce,0.0,Neutral
úntat,VB,verb,"to stop, to interrupt, to disrupt.",-0.557,Negative
unúd,NN,noun,"flesh, meat, insides, contents.",0.0,Neutral
únung,VB,verb,"to help out, to contribute towards the good end.",0.681,Positive
unús,NN,noun,storm.,0.0,Neutral
upá,NN,noun,"bran, chaff.",0.0,Neutral
úpak,NN,noun,"peeling, skin of fruits.",0.0,Neutral
úpak,VB,verb,"to take the skin off, to peel.",0.0,Neutral
upod,VB,verb,"to go with, to accompany",0.0,Neutral
upod,VB,verb,to be with,0.0,Neutral
upod,VB,verb,to get along with,0.0,Neutral
upod,RB,adverb,"too , also , as well as",0.273,Positive
upod,RB,adverb,again,0.0,Neutral
upod,NN,noun,companion synonym: kaupod,0.0,Neutral
upúd,NN,noun,"companion, associate.",0.0,Neutral
upúd,VB,verb,"to go along with, to tag along.",0.0,Neutral
urang,NN,noun,shrimp ; prawn,0.0,Neutral
urok,NN,noun,young pig ; piglet,0.0,Neutral
úrung,VB,verb,"to stop in surprise, or admiration.",0.527,Positive
úrung,NN,noun formative,’urungán si mário pagkakíta’ niya kay mára.,0.0,Neutral
usa,NN,noun,deer,0.0,Neutral
usá,NN,noun,deer.,0.0,Neutral
úsang,VB,verb,"to snarl, to fight like dogs, to chew like a dog.",0.34,Positive
usár,VB,verb,to use.,0.0,Neutral
úsbung,VB,verb,"to exhale, to give off steam or an odorous smell.",0.0,Neutral
úsik,VB,verb,"to waste, to make something into a waste for trivial reasons.",-0.691,Negative
usísa’,NN,noun,"inquiry, investigation.",0.0,Neutral
usísa’,VB,verb,"to inquire, to investigate, to check.",0.0,Neutral
ústya,NN,noun,communion host used in roman catholic masses.,0.0,Neutral
úsu,NN,noun,"fashion, fad, vogue.",0.226,Positive
uswag,VB,verb,to step back ; to make room ; to give way,0.0,Neutral
uswag,VB,verb,to postpone,-0.226,Negative
uswag,VB,verb,to prosper ; to advance ; to progress,0.421,Positive
úswag,NN,noun,"prosperity, success, progress.",0.758,Positive
úswag,VB,verb,"to be successful, to progress, to develop.",0.765,Positive
utak,NN,noun,knife synonym: kutsilyo,0.0,Neutral
utak,NN,noun,bolo synonym: binangon,0.0,Neutral
útan,NN,noun,vegetable.,0.0,Neutral
utang,NN,noun,debt,-0.361,Negative
utang,NN,noun,credit,0.382,Positive
utang,VB,verb,to have a debt ; to owe,-0.361,Negative
utang,VB,verb,to borrow in credit,0.382,Positive
útang,NN,noun,"debt, credit.",0.026,Neutral
utod,NN,noun,sibling,0.0,Neutral
utok,NN,noun,( anatomy ) brain ( organ ),0.0,Neutral
utud,NN,noun,something cut off or broken off,-0.637,Negative
utud,NN,noun,sibling,0.0,Neutral
utud,JJ,adjective,severed ; cut off synonym: putol,-0.557,Negative
utud,VB,verb,to cut off ; to sever,-0.273,Negative
utud,VB,verb,to interrupt something ( such as a conversation ),-0.34,Negative
utud,VB,verb,to make someone one's sibling,0.0,Neutral
utúd,VB,verb,"to sever, to cut off, to break off.",-0.273,Negative
útud,NN,noun,"sibling, brother, sister.",0.0,Neutral
utud-utud,VB,verb,diminutive of utúd : to cut something off,-0.273,Negative
útuk,NN,noun,brain.,0.0,Neutral
uwák,NN,noun,"crow, raven.",0.0,Neutral
úwang,VB,verb,"to howl loudly, to yelp like a helpless dog.",-0.128,Negative
uwáy,NN,noun,rattan.,0.0,Neutral
úy,UH,interjection,"hey, oh.",0.0,Neutral
uyang,NN,noun,grandmother,0.0,Neutral
uyáng,NN,noun,food which fell off from the plate during meal time; wasted item.,-0.494,Negative
uyáng,VB,verb,"to waste away, to be clumsy so as to drop food from a service plate.",-0.633,Negative
uyapús,NN,noun,"boil, swollen area in the skin.",0.0,Neutral
úyat,VB,verb,"to hold, to grasp.",0.0,Neutral
uyayá’,JJ,adjective,"careless, neglectful of personal appearance.",-0.67,Negative
uyon,VB,verb,to agree,0.361,Positive
úyug,VB,verb,to shake as of a tree.,-0.178,Negative
úyun,VB,verb,"to take a liking to, to be pleased with.",0.681,Positive
úy’uy,VB,verb,"to collapse, to weaken and fall.",-0.718,Negative
waay,JJ,adjective,without,0.0,Neutral
wágkus,NN,noun,"belt, sash, waist band.",0.0,Neutral
wágwag,VB,verb,to scatter accidentally.,-0.34,Negative
walá,NN,noun,left side.,0.0,Neutral
walá’,RB,adverb,"none, no.",0.0,Neutral
wáli,NN,noun,"sermon, preaching.",0.0,Neutral
wáli,VB,verb,"to preach, to give a lecture or sermon.",0.0,Neutral
walís,JJ,adjective,"ambidextrous, left-handed.",0.0,Neutral
walú,CD,numeral,eight.,0.0,Neutral
waráwag,NN,noun,"announcement, broadcast.",0.0,Neutral
waráwag,VB,verb,"to announce over the radio, to publish, to broadcast.",0.0,Neutral
wasák,JJ,adjective,"destroyed, demolished.",-0.494,Negative
wasák,VB,verb,"to destroy, to demolish, to take apart.",-0.542,Negative
wasay,NN,noun,axe,-0.103,Negative
wásay,NN,noun,"ax, hatchet.",0.0,Neutral
wásdak,VB,verb,"to crumble to pieces, to fall into pieces, to fall by accident.",-0.477,Negative
wáslik,VB,verb,to shake off from the hand with considerable force.,0.361,Positive
wáswas,VB,verb,to shake out clothes.,-0.178,Negative
wás’ag,VB,verb,"to scatter, to spread after being broken.",-0.477,Negative
wayang,NN,noun,"open plain , extensive grounds in a broad valley , or the like",0.361,Positive
wíli,VB,verb,"to be amused, to entertain.",0.625,Positive
wisík,VB,verb,"to sprinkle with the hand, to spray with the hand.",0.751,Positive
y,CC,conjunction,"and, for time.",0.0,Neutral
yábi,NN,noun,key.,0.0,Neutral
yáb’uk,NN,noun,"dust, dirt.",-0.34,Negative
yádtu,DT,deictic,"objective demonstrative meaning there, far from both the speaker and the listener.",0.0,Neutral
yágpis,JJ,adjective,"lanky, thin.",0.0,Neutral
yahong,NN,noun,bowl,0.0,Neutral
yahúng,NN,noun,"bowl, bowl container for food.",0.0,Neutral
yámu’,VB,verb,to complain.,-0.361,Negative
yánghag,VB,verb,to stare at.,0.0,Neutral
yángkutyángkut,NN,noun,miscellaneous.,0.0,Neutral
yaníb,VB,verb,to surrender.,0.0,Neutral
yánu,JJ,adjective,"plain, simple, solid in color.",0.153,Positive
yára’,DT,deictic,"objective demonstrative meaning there, far from the speaker.",0.0,Neutral
yárda,NN,noun,"yardstick, yard.",0.0,Neutral
yári,DT,deictic,"objective demonstrative meaning here, near the speaker.",0.0,Neutral
yawa,NN,noun,devil ; evil spirit ; demon,-0.844,Negative
yawa,UH,interjection,( vulgar ) term of abuse,-0.637,Negative
yáwa’,NN,noun,devil.,-0.66,Negative
yáwyaw,VB,verb,"to scold, to quarrel on top of one’s voice.",-0.226,Negative
yáyung,VB,verb,"to bear, to carry something between two people, to transport a heavy object by having two people carry it on each end.",0.0,Neutral
ya’úb,VB,verb,"to kneel down and bend one’s face until it touches the ground, to capitulate.",0.0,Neutral
yélo,NN,noun,ice.,0.0,Neutral
yúbit,VB,verb,"to tease, to make fun of, to ridicule.",-0.25,Negative
yúdu,NN,noun,iodine.,0.0,Neutral
yúdyud,VB,verb,"to pull, to drag on the ground.",-0.226,Negative
yuhúm,NN,noun,"smile, grin.",0.681,Positive
yukút,JJ,adjective,"crumpled, wrinkled.",0.0,Neutral
yukút,VB,verb,"to crumple, to make wrinkles on.",0.0,Neutral
yupúk,NN,noun,dimple.,0.0,Neutral
yurópa,NN,noun,europe.,0.0,Neutral
