word,pos_symbol,pos_word,meaning,score
a,pt,particle,"oh, well, hesitating filler.",-0.077
-a,va,verbal affix,affix.,0.0
abakáda,n,noun,alphabet.,0.0
abága,n,noun,shoulder.,0.0
abalóryo,n,noun,"rosary beads, strung beads, necklace.",0.0
ábay,n,noun,"of weddings, witness.",0.0
abáw,intj,interjection,"oh, wow, really.",0.586
aberíya,v,verb,"to have engine trouble, to stop.",-0.599
abí’,pt,particle,"let me see, would you please, hey, excuse please.",0.599
ábi’ábi,v,verb,"to greet, to shake hands with.",0.153
ábi’ábi,adj,adjective,"kind, friendly, civil.",0.153
abogádo,n,noun,"lawyer, attorney-at-law.",0.0
abóso,n,noun,abuse.,-0.637
abóso,v,verb,"to abuse, to take advantage of.",-0.637
ábri,v,verb,"to unlock, to unfasten, to open.",0.0
abríl,n,noun,april.,0.0
ábtik,adj,adjective,"active, brisk, lively.",0.735
abú,n,noun,ash.,0.0
abúnu,n,noun,fertilizer.,0.0
abúnu,v,verb,to fertilize.,0.0
abút,v,verb,"to arrive, to reach, to come to.",0.026
abút,adj,adjective,"cranky, irritable, moody.",0.026
alabútun,na,noun formative,ang tigúlang.,0.0
ábyan,n,noun,"friend, buddy.",0.494
ákig,n,noun,"anger, hatred.",-0.836
ákig,v,verb,"to be angry, to scold.",-0.836
akú,pr,pronoun,"i, me (first person singular nominal pronoun).",0.0
áku’,v,verb,"to own, to claim, to promise, to swear, to admit.",0.44
ákun,pr,pronoun,"my, mine (first person singular pre-possessive pronoun).",0.0
ádlaw,n,noun,"day, birthday, anniversary.",0.0
ádlaw’ádlaw,adv,adverb,"daily, everyday.",0.0
-ado,aa,adjective formative,formative affix designating conditions or state of being.,0.0
ága,n,noun,morning.,0.0
agálun,n,noun,"master, boss.",0.0
ágaw,v,verb,"to grab, to seize, to take by force, to usurp.",0.0
ágay,v,verb,"to flow slowly, to drip in small drops.",0.0
ágbay,v,verb,to put one’s arm on or about the shoulder of another person.,0.0
ágda,v,verb,"to ask, to invite.",0.153
ági,n,noun,"handwriting;  way, means.",0.0
ági,v,verb,"to pass by for something, to pass through.",0.0
agí’,n,noun,hermaphrodite.,0.0
agí’,adj,adjective,"effeminate, sissy.",0.0
agósto,n,noun,august.,0.0
agrimensór,n,noun,surveyor.,0.0
ágsa,v,verb,to work another’s field for part of the produce.,0.0
ágsa,n,noun,tenant.,0.0
ágsik,v,verb,"to fly off, to scatter, to spray.",0.0
ágtang,n,noun,forehead.,0.0
agúd,con,conjunction,so that.,0.0
águm,v,verb,"to obtain, to attain, to achieve, to possess.",0.0
águm,n,noun,"possessions, things.",0.0
ágwa,n,noun,"perfume, cologne.",0.0
agwánta,v,verb,"to bear, to tolerate, to suffer.",-0.542
ahá’,v,verb,"to insist, to ask fervently.",0.0
ahénsya,n,noun,pawnshop.,0.0
ahénte,n,noun,agent.,0.0
áhos,n,noun,garlic.,0.0
alabá’ab,adj,adjective,"of liquid, lukewarm.",0.0
álak,n,noun,"hard drink, liquor.",-0.103
alágad,n,noun,adopted person.,0.0
alágad,v,verb,"to adopt, to take care of someone.",0.0
aláhas,n,noun,jewelry.,0.0
álam,n,noun,"wisdom, knowledge.",0.527
álam,adj,adjective,"bright, smart, brilliant.",0.527
álam,v,verb,"to become smart, to become brilliant.",0.527
alámbre,n,noun,wire.,0.0
alangá’ang,n,noun,slight fever.,0.0
alangá’ang,adj,adjective,"feverish, having a slight temperature.",0.0
álang’álang,adj,adjective,"doubtful, immature.",-0.34
álang’álang,v,verb,to hesitate.,-0.34
alangáy,adj,adjective,"equal, the same.",0.0
alás,pt,particle,time particle used with time-telling from dos until dose.,0.0
álat,n,noun,saltiness.,0.0
álat,adj,adjective,salty.,0.0
alát,n,noun,native basket made of woven bamboo strips.,0.0
álay,v,verb,to be still through constant tension of the muscles.,-0.318
aláy’ay,v,verb,"to cradle, to support, to hold arms under some person or thing so as to support.",0.687
alkálde,n,noun,mayor.,0.0
alkánse,n,noun,loss in terms of money.,-0.318
alkánse,v,verb,"to lose some amount due to mismanagement in selling, to fail to gain.",-0.318
alkánse,na,noun formative,’alkánse akú sa pagbalígya’.,-0.318
alkansíya,n,noun,"coin bank, empty coconut shell used as a coin bank.",-0.202
alkítran,n,noun,"tar, asphalt.",0.0
alibángbang,n,noun,butterfly.,0.0
aligútgut,n,noun,"rage, wrath.",-0.557
alimángu,n,noun,crab.,0.0
alipúlus,n,noun,"cyclone, eddy.",0.0
alíntun,v,verb,"to transfer, to hand down.",0.494
alísto,adj,adjective,"alert, ready, prompt.",0.572
almasín,n,noun,"store, small market.",0.0
almidól,n,noun,starch.,0.0
almiránte,n,noun,"of the navy, admiral.",0.318
alpabéto,n,noun,alphabet.,0.0
alpómbra,n,noun,"carpet, rug.",0.0
álsa,v,verb,"to raise, to lift, to elevate slightly.",0.0
alúm,n,noun,mole.,0.0
alúng’ung,n,noun,"opinion, idea, thought, knowledge.",0.0
áman,v,verb,to prepare.,0.0
amargóso,n,noun,bitter melon.,-0.421
amát’amát,adv,adverb,"gradually, little by little.",0.0
amát’amát,v,verb,"to start slowly, to gain speed, to leave one by one.",0.0
amáy,n,noun,father.,0.0
ámba,n,noun,"prayer, chant, song.",0.0
ámba,v,verb,"to sing, to pray, to adore.",0.0
ámbit,v,verb,"to participate, to share in.",0.296
ámbung,n,noun,"radiance, beauty.",0.735
ámbung,adj,adjective,"radiant, effulgent, beautiful.",0.735
ámbut,id,idiom,i don’t know.,0.0
amérika,n,noun,america.,0.0
amerikána,n,noun,"formal coat for men, female american citizen.",0.0
amerikáno,n,noun,american citizen.,0.0
amidúl,n,noun,variant of almidúl.,0.0
amígo,n,noun,"friend, buddy.",0.494
amimíluk,n,noun,eyelash.,0.0
amínhan,n,noun,north.,0.0
ámlig,v,verb,"to handle with care, to be, careful.",0.586
ámpu’,n,noun,"prayer, pleading.",0.0
ámpu’,v,verb,"to pray, to beseech, to beg, to plead.",0.0
ámu,n,noun,"boss, employer, master.",0.0
amú,pr,pronoun,"it, that.",0.0
amú,adv,adverb,similarly.,0.0
amú’,n,noun,monkey.,0.0
amúma,v,verb,"to be hospitable, to entertain.",0.318
ámun,pr,pronoun,"our, ours (first person exclusive plural pre-possessive pronoun).",0.128
ámut,n,noun,"subscription, donation, contribution.",0.0
ámut,v,verb,"to contribute, to help by giving something.",0.0
ámyun,adj,adjective,fragrant.,0.0
1-an,va,verbal affix,"infinitive, benefactive-locative focus affix.",0.0
2-an,va,verbal affix,designating reciprocity of action.,0.0
3-an,na,noun formative,noun formative affix designating a container or a place where an action occurs.,0.0
anák,n,noun,child.,0.0
anák,v,verb,"to bear a child, to give birth, to be godparent to a child during baptism or confirmation.",0.0
1-anan,na,noun formative,noun formative affix denoting reciprocal action.,0.0
2-anan,va,verbal affix,designating reciprocity of action.,0.0
anád,adj,adjective,"usual, sophisticated, accustomed to.",0.557
anád,v,verb,"to be accustomed to, to make familiar through experience.",0.557
ánay,pt,particle,"please, wait a minute.",0.318
ánay,n,noun,termite.,0.318
-ánay,na,noun formative,variant of -ánan.,0.0
ánaw,n,noun,"deluge, great flood.",0.625
ándam,v,verb,"to be cautious, to be careful, to beware, to be prepared.",0.273
andámyu,n,noun,gangplank.,0.0
ándar,v,verb,"to function, to work.",0.0
anhíng,adj,adjective,"late, departed, living comparatively recently.",0.0
áni,n,noun,"harvest, produce.",0.0
áni,v,verb,"to harvest, to reap.",0.0
aningál,v,verb,to have the delusion of hearing a familiar sound.,0.0
ántes,adv,adverb,"earlier, before, in advance, previously.",0.0
antígu,v,verb,"to know, to be knowledgeable.",0.0
ánting’ánting,n,noun,"amulet, talisman.",0.0
antipatikú,adj,adjective,"unsympathetic, settled aversion.",-0.44
ántud,adj,adjective,"fetid, of odor, burnt.",0.0
ántus,v,verb,"to bear, to suffer, to endure.",-0.542
antyúhus,n,noun,"spectacles, eyeglasses.",0.0
anu,pr,pronoun,what.,0.0
anu,v,verb,"to become, to do with.",0.0
ánud,v,verb,"to drift, to flow with the current.",0.0
ánum,num,numeral,six.,0.0
1-ánun,aa,adjective formative,formative affix attached to nouns to designate abundance in possession.,0.0
2-anun,na,noun formative,noun formative affix designating state of being.,0.0
anúnsyo,n,noun,"announcement, broadcast.",0.0
anúnsyo,v,verb,"to announce, to broadcast, to make public.",0.0
ányag,adj,adjective,"beautiful, pretty.",0.796
ányo,n,noun,year.,0.0
áng,pt,particle,definite noun marker.,0.273
ángay,adj,adjective,"appropriate, becoming.",0.0
ángay,v,verb,"to be well matched, to be equal, to look becoming, to fit.",0.0
ángkab,v,verb,"of animals, to snap, to bite, to seize with teeth so as to grip or bite.",0.0
ángkla,n,noun,anchor.,0.0
ángkun,v,verb,"to acquire, to attain, to possess.",0.0
ángga’,n,noun,"nickname, pet name.",0.0
ángga’,v,verb,"to fondle, to caress, to pet, to care for very much.",0.0
ánggid,adj,adjective,"alike, similar.",0.0
ánggid,v,verb,"to be alike, to compare.",0.0
angút,v,verb,"to join together, to tie together, to fasten together.",0.296
ápa,n,noun,cone.,0.0
apá’,n,noun,"mute, dumb.",-0.511
ápang,con,conjunction,"but, however.",0.0
aparadór,n,noun,"closet, cabinet.",0.0
ápas,v,verb,"to follow, to go after.",0.0
ápat,num,numeral,four;  forty; /ika-/ fourth; /napulug-/ fourteen.,0.0
ápdu,n,noun,gall bladder.,0.0
apelyédo,n,noun,"surname, last name.",0.0
ápin,v,verb,"to support, to side with, to be an ally to, to defend.",0.402
apínas,adj,adjective,scarce.,0.0
aplá’ag,v,verb,"to spread, to break and scatter.",0.0
apú,n,noun,grandchild.,0.0
ápuk,v,verb,"to throw, to be blown aside.",0.0
ápug,n,noun,lime.,0.0
apurá,v,verb,"to make haste, to hasten.",0.0
ára’,d,deictic,there (short form to mean far from the speaker).,0.0
arádu,n,noun,plow.,0.0
arádu,v,verb,"to plow, to use a plow to break up or turn the soil.",0.0
árko,n,noun,arch.,0.0
aresgádo,adj,adjective,"adventurous, daring, foolhardy.",0.361
ári,d,deictic,here (short form to mean near the speaker).,0.0
arí’arí,adj,adjective,stunted in growth.,0.382
aritmétika,n,noun,arithmetic.,0.0
arítus,n,noun,earring.,0.0
ármas,n,noun,"weapon, arms.",-0.296
árte,n,noun,"art, design, decoration;  actor, actress.",0.0
árte,adj,adjective,"creative, artistic, vain.",0.0
artíkulo,n,noun,article.,0.0
arúy,intj,interjection,ouch.,0.0
-aryo,na,noun formative,noun formative affix designating state of being.,0.0
ásab,adj,adjective,"voracious, gluttonous, ravenous.",0.0
asál,v,verb,to roast particularly on a pit.,0.0
ásang,n,noun,fish gill.,0.0
asáwa,n,noun,wife.,0.0
asáwa,v,verb,"to take a wife, to marry.",0.0
aséro,n,noun,steel.,0.0
asílo,n,noun,"sanctuary, institution of relief or care for the destitute or afflicted.",0.586
asikáso,v,verb,"to take care of, to attend to.",0.494
asín,n,noun,salt.,0.0
asín,adj,adjective,salty.,0.0
áslum,n,noun,sourness.,0.0
áslum,adj,adjective,sour.,0.0
asú,n,noun,smoke.,0.0
asú,v,verb,to smoke.,0.0
asúkar,n,noun,refined sugar.,0.0
asúgi,n,noun,"mercury, quicksilver.",0.0
asúl,adj,adjective,blue.,0.0
asúntu,n,noun,"lawsuit, a case before a court.",-0.226
áswang,n,noun,"witch, sorceress.",-0.361
asyendéro,n,noun,"big landowner, sugar magnate.",0.0
atataró,n,noun,caterpillar.,0.0
atáke,v,verb,"to attack, to assault, to fall upon.",-0.784
atáy,n,noun,liver.,0.0
atendér,v,verb,"to attend to, to look after.",0.0
aténsyon,n,noun,attention.,0.0
áthag,adj,adjective,"clear, distinct.",0.382
atí,n,noun,"to rob, to plunder, to steal, to sack.",-0.778
atipán,v,verb,"to take care of, to attend to.",0.494
atipuyúng,v,verb,"to be dizzy, to feel faint.",-0.226
átras,v,verb,"to go behind, to move back.",0.0
atráso,adj,adjective,"late, delayed.",-0.226
atsára,n,noun,pickled green papaya.,0.0
atú,d,deictic,"that (short form to mean yonder, far from both the speaker and the listener).",0.0
atúbang,v,verb,"to face, to confront, to stand before.",-0.178
atúbang,adv,adverb,in front of.,-0.178
átun,pr,pronoun,"our, ours (first person inclusive pre-possessive pronoun).",0.0
atúp,n,noun,roof.,0.0
atutúli,n,noun,earwax.,0.0
áwa’,n,noun,"mercy, compassion, pity.",0.511
áwa’,v,verb,to have compassion for.,0.511
áwas,v,verb,to overflow.,0.0
awát,v,verb,"to annoy, to waste another person’s time, to delay.",-0.791
áway,n,noun,"combat, fight, assault.;  opponent.",-0.832
áway,v,verb,"to fight, to go to war.",-0.832
áwto,n,noun,"car, automobile.",0.0
áy,intj,interjection,"oh, ouch, oh no.",0.0
-ay,va,verbal affix,variant of -an.,0.0
ayág,v,verb,"to sift, to screen, to strain.",-0.052
ayám,v,verb,to hunt.,0.0
ayáp,v,verb,"to adopt, to be willing to accept something new, to take up and practice as one’s own.",0.511
ayáw,v,verb,"to have more than enough, to be satiated, to be abundantly fed.",0.0
ayáw,na,noun formative,’ayáwan si pédro sang pagká’un.,0.0
áyhan,con,conjunction,"perhaps, therefore.",0.0
áyu,v,verb,"to become well, to fix something to make it work, to become good.",0.612
áyu,adj,adjective,"fine, good, well.",0.612
áyu’,n,noun,"bargain, discount.",0.202
áyu’,v,verb,"to bargain, to ask for a discount.",0.202
bá’bá,n,noun,mouth.,0.0
babáyi,n,noun,"female, woman.",0.0
bábuy,n,noun,"pig, pork.",0.0
báka,n,noun,"cow, beef.",0.0
baká’,adj,adjective,"bow-legged, walking as if under a strain.",-0.052
baká’,v,verb,to walk under weight.,-0.052
bakág,v,verb,"to get annoyed, to lose one’s patience.",-0.649
bakál,v,verb,"to buy, to purchase.",0.0
bakasyón,n,noun,"vacation, leisure trip.",0.0
bakasyón,v,verb,"to take a vacation, to go on a trip.",0.0
bákbak,v,verb,to strip off.,0.0
bákhaw,n,noun,mangrove.,0.0
bákhu’,v,verb,"to sigh, to moan, to lament.",-0.542
báknal,adj,adjective,"burdensome, onerous, bulky.",-0.421
báknit,v,verb,"to nudge, to pinch, to pluck.",0.0
bákud,adj,adjective,"strong, stiff.",0.511
bákud,v,verb,"to become strong, to stiffen.",0.511
bákul,v,verb,to beat or baffle with blows using a piece of wood or a piece of metal.,0.0
bakúlud,n,noun,"slope, hill.",0.0
bakúna,n,noun,vaccination.,0.0
bakúna,v,verb,to vaccinate.,0.0
bádlu’,n,noun,phlegm.,0.0
bádlung,v,verb,"to point out a fault or mistake, to correct by telling a person.",-0.625
bága,n,noun,"ember, live coal.",0.0
bagáhe,n,noun,"luggage, piece of baggage, cargo.",0.0
bagáng,v,verb,"to heat, to make red hot.",0.0
baganíhan,n,noun,hero.,0.557
bagásu,n,noun,bagasse.,0.0
bagátnan,n,noun,south.,0.0
bágay,n,noun,"thing, idea, notion, effects.",0.0
bágid,v,verb,"to rub together, to strike together.",-0.128
bágid,adj,adjective,"of fruits, unripe, nearly ripe.",-0.128
bágrung,n,noun,"roaring sound, thunderous sound.",0.0
bágrung,v,verb,"to roar, to thunder, to make a deafening sound.",0.0
bágrut,v,verb,to gnash or grind one’s teeth.,0.0
bágsak,n,noun,bedbug.,0.0
bágting,v,verb,"to ring a bell, to toll.",0.0
bágtung,v,verb,to wrap in a bundle especially with a woven cloth.,0.0
bágu,adv,adverb,before.,0.0
bág’u,adj,adjective,"new, recent, unfamiliar, novel.",0.318
bág’u,v,verb,"to make new, to change, to renew.",0.318
bagúl,n,noun,hard shell of the coconut.,-0.103
bágyu,n,noun,"rainstorm, typhoon, hurricane.",0.0
bágyu,v,verb,"to be stormy, to be forceful.",0.0
bahá’,n,noun,flood.,0.0
bahá’,v,verb,to cover with a flood.,0.0
bahála’,v,verb,to be responsible for.,0.318
báhin,n,noun,"part, chapter, share.",0.296
báhin,v,verb,"to divide, to deal with‚ to make small parts of.",0.296
báhit,v,verb,to take something out from the fire.,-0.34
báhu,n,noun,"of music, bass.",0.0
báhu’,n,noun,"smell, odor, stink.",-0.402
báhu’,adj,adjective,"odorous, pungent, acrid smelling, stinking.",-0.402
bahúg,n,noun,food for pigs.,0.0
bahúg,v,verb,"of animals, to feed swine, or any animal; of people, to eat mixed foods simultaneously.",0.0
bahúl,adj,adjective,"coarse, loose or rough texture.",-0.318
bahún,n,noun,sneeze.,0.0
bahún,v,verb,to sneeze.,0.0
bá’id,v,verb,"to sharpen, to rub against a stone so as to sharpen.",0.0
bá’is,v,verb,"to argue, to dispute, to debate.",-0.625
bála,n,noun,bullet.,0.0
balá,pt,particle,question particle to express doubt or uncertainty; tag question particle.,-0.599
balá’an,adj,adjective,"divine, godlike, heavenly.",0.823
balábag,v,verb,"to frustrate, to block, to lay across as of a log.",-0.71
baláka,v,verb,"to feel concerned about something or somebody, to worry.",-0.44
bál’ag,v,verb,"to file, to rub and make smooth with a file.",0.0
balágun,n,noun,"vine, climbing plant.",0.0
balahíbu,n,noun,"of animals, fur; of people, skin hair.",0.0
balának,n,noun,mullet.,0.0
balánse,v,verb,"to balance, to shift, to bring to a state of equipoise or stability.",0.0
balangáw,n,noun,rainbow.,0.0
balás,n,noun,sand.,0.0
balása,v,verb,"to shuffle, to mix up as of cards.",0.0
balasúbas,adj,adjective,"rowdy, rude, good-for-nothing, inconsiderate.",-0.71
balatí’an,n,noun,"disease, illness, feeling, physical condition.",-0.296
balatí’an,v,verb,"to suffer from a disease, to be sick.",-0.296
baláy,n,noun,"house, home, dwelling, building.",0.026
baláy,v,verb,"to build a house, to put up a house or building.",0.026
bálaybálay,n,noun,playhouse.,0.0
bálaybálay,v,verb,to go from one house to another.,0.0
baláybay,n,noun,"verse, recitation, rhyme, poetry.",0.0
balbolá,n,noun,valve.,0.0
bálda,n,noun,"pain, sickness, ache, soreness.",-0.71
bálda,adj,adjective,"paralytic, sickly, low resistance against illness.",-0.71
báldi,n,noun,"bucket, pail.",0.0
baldúsa,n,noun,"concrete pavement, cemented floor.",0.0
bále,v,verb,"to be about, to amount to, to equal to.",0.0
bálhas,n,noun,"perspiration, sweat, condensation.",0.0
bálhas,v,verb,"to perspire, to sweat.",0.0
bálhin,v,verb,"to change, to exchange.",0.0
balí’,n,noun,"fracture, break.",0.0
balí’,adj,adjective,"broken, fractured.",0.0
balí’,v,verb,"to break, to fracture, to rapture.",0.0
balíbad,n,noun,"excuse, reason, refusal.",0.077
balíbad,v,verb,"to find an excuse, to give a reason, to refuse.",0.077
balík,v,verb,"to come back, to return, to retrace one’s steps.",0.0
balikawáng,n,noun,hip.,0.0
balikíd,v,verb,"to turn one’s head to look back, to turn over to the other side in a lying position.",-0.527
balígya’,n,noun,goods for sale.,0.0
balígya’,v,verb,"to sell, to dispose of by sale.",0.0
balískad,v,verb,"to turn upside down, to invert, to turn over.",0.0
balíswa’,v,verb,"to turn over, to turn upside down, to invert.",0.0
balíta’,n,noun,"news, report.",0.0
balíta’,v,verb,"to inform, to tell the news, to report.",0.0
bálu,n,noun,"widow, widower.",0.0
balú’,n,noun,"knot, loop, bow.",0.0
balú’,v,verb,"to entwine, to knot, to tie in a loop or bow.",0.0
balúd,n,noun,ocean wave.,0.0
balúd,adj,adjective,"rough seas, wavy.",0.0
bálun,n,noun,"provisions, a stock of needed materials or supplies collected beforehand.",0.0
bálun,v,verb,"to take provisions along, to bring money or food on a trip.",0.0
balúta,n,noun,ballot.,0.0
bálsa,n,noun,"raft, ferry, a native raft made of tied bamboo trunks.",0.0
bálus,n,noun,"answer, reply, revenge, reprisal, reward, vendetta.",0.077
bálus,v,verb,"to answer, to reply, to strike back, to take revenge on.",0.077
balúskay,v,verb,"to rummage, to make a thorough search.",0.0
balút,n,noun,"unhatched embryo of duck or chicken, boiled and eaten as a delicacy.",0.0
balyéna,n,noun,whale.,0.0
bána,n,noun,husband.,0.0
baná’ag,n,noun,"dawn, early morning, rays of the sun.",0.0
banás,n,noun,"path, a footpath through uncleared areas.",0.0
bánda,n,noun,"cord or strip of material serving chiefly for decoration, a music band or group of musicians organized for playing together.",0.202
bandehádo,n,noun,platter.,0.0
bandéra,n,noun,flag.,0.0
bándo,n,noun,"announcement, broadcast, declaration.",0.0
bándo,v,verb,"to announce, to make public, to inform the public, to declare.",0.0
bánhaw,v,verb,"to resurrect, to rise from the dead.",-0.649
baníg,n,noun,native mat made from strips of palm leaves woven together.,0.0
baníhut,adj,adjective,"stubborn, obstinate, persistent, unyielding.",-0.599
bansúli’,v,verb,"to tumble, to be together in a confused mass.",-0.318
bánta’,n,noun,"guess, opinion, supposition, estimate.",0.0
bánta’,v,verb,"to guess, to opine, to suppose, to estimate.",0.0
bántal,v,verb,to bundle or wrap together with a piece of cloth or clothing.,0.0
bantála’,n,noun,"announcement, advertisement, broadcast.",0.0
bantála’,v,verb,"to announce or broadcast over the air, to advertise.",0.0
bántay,n,noun,"watchman, watcher, guard, observer.",0.0
bántay,v,verb,"to watch over, to guard, to observe.",0.0
bánting,v,verb,to brace or tie together with a rope.,0.0
bántug,adj,adjective,"renowned, famous, eminent, distinguished, noted.",0.0
bántug,v,verb,"to be rumored, to be considered a hearsay, to become well-known.",0.0
bánwa,n,noun,"town, community, a compactly settled area usually larger than a village but smaller than a city;  citizen.",0.0
bányo,n,noun,bathroom.,0.0
bangá’,n,noun,native earthen jar used as water container.,0.0
bángkay,n,noun,"corpse, dead body.",-0.84
bangkéta,n,noun,"sidewalk, concrete pavement.",0.0
bangkéte,n,noun,"banquet, ceremonious meal.",0.0
bángko,n,noun,bank.,0.0
bángku’,n,noun,wooden bench long enough for two or more people to sit on.,0.0
bangdánan,n,noun,"reason, cause, motive for refusal.",0.0
bángday,v,verb,to lean against as for support.,0.402
bángga’,v,verb,"to collide, to bump against.",-0.077
bángig,v,verb,"to quarrel, to start a fight.",-0.382
bangís,adj,adjective,"brutal, cruel, inhuman, ferocious, fierce.",-0.852
bangúd,con,conjunction,"regarding, concerning, relating to, because of, therefore.",0.0
bángun,v,verb,"to arise, to get up from bed, to get up from a lying position.",-0.527
bapór,n,noun,"boat, ship.",0.0
bará,v,verb,"to clog, to impede with extraneous matter.",0.026
bára,n,noun,"bar, a long straight piece of wood or metal, crowbar.",0.226
baráha,n,noun,"deck of playing cards, card.",0.202
barandílya,n,noun,"railing made of iron serving as a guard or support, iron guard rail.",0.402
baratílyo,n,noun,bargain sale.,0.202
baráto,adj,adjective,"cheap, inexpensive.",0.0
baráto,v,verb,"to make cheap, to reduce in price.",0.0
bárbas,n,noun,beard.,0.0
bárbas,v,verb,to shave the beard off.,0.0
barbéro,n,noun,barber.,0.0
barílis,n,noun,barrel.,0.0
barína,n,noun,awl.,0.0
barína,v,verb,"to drill, to bore a hole with an awl.",0.0
barukán,n,noun,urinary bladder.,0.0
barútu,n,noun,"canoe, a native canoe made from carved trunks of trees.",0.0
báryu,n,noun,a unit of local government and area division having the status of a village.,0.0
bása,v,verb,to read.,0.0
basá’,adj,adjective,"wet, soaked.",0.0
basá’,v,verb,"to wet, to soak with liquid.",0.0
baság,adj,adjective,"of sound, hoarse, dull, broken.",-0.7
básbas,v,verb,"of plants and trees, to cut, to trim.",-0.273
báskit,n,noun,basket.,0.0
báskug,adj,adjective,"of sound, loud; of force, strong.",0.511
bási’,v,verb,"may, may be, might.",0.0
báso,n,noun,drinking glass.,0.0
básta,con,conjunction,"because, provided, as long as, if, just, i said so.",0.0
básta,pt,particle,"i said so, it has been agreed upon.",0.0
bástun,n,noun,"walking stick, cane.",0.0
bástus,adj,adjective,"rude, uncouth, offensive in manner or action, lacking in social refinement.",-0.718
básul,v,verb,"to scold, to chide, to blame, to regret, to repent, to reproach.",-0.784
basúra,n,noun,"garbage, trash, litter.",0.0
básya,v,verb,"of water, to pour out with force, to throw out.",0.0
báta,n,noun,"a loose garment usually worn in bed, nightgown.",-0.542
báta’,n,noun,"child, baby, young girl or boy usually below the age of ten years old.",0.0
báta’,adj,adjective,"young, immature.",0.0
báta’,v,verb,"to deliver a child, to bear a child.",0.0
batá’batá’,adj,adjective,"younger, childish.",-0.296
bátak,v,verb,"to pull upward, to raise.",0.0
batás,v,verb,"to bear, to suffer, to endure.",-0.542
batás,n,noun,endurance.,-0.542
batásan,n,noun,"manner, character, custom, behavior.",0.0
batí,v,verb,"of liquid and powder, to beat together, to mix together.",0.0
batí’,v,verb,"to hear, to be able to hear.",0.0
báti’,n,noun,feelings.,0.0
batí’batí’,v,verb,to eavesdrop.,0.0
batíd,adj,adjective,"clever, cunning, ingenious.",0.459
batí’is,n,noun,"leg, shin.",0.0
batinggílan,adj,adjective,"flirt, loose in morality.",-0.318
bátsi,n,noun,hole on the road.,0.0
batú,n,noun,"rock, stone, pebble.",0.0
bátu’,v,verb,"to resist, to oppose, to fight, to challenge.",-0.318
batúbaláni’,n,noun,magnet.,0.0
batúbatú,v,verb,"to spell, to count one by one.",0.0
bátuk,v,verb,"to resist, to oppose to compete, to debate.",0.0
bátug,n,noun,egg yolk.,0.0
bátun,v,verb,"to receive, to accept, to take.",0.382
batúta,n,noun,"police club, wooden club.",0.0
bátya’,n,noun,native wide wooden tub or basin.,0.0
bátyag,n,noun,"feeling, sense.",0.128
bátyag,v,verb,"to feel, to have a sensation.",0.128
ba’ú,n,noun,land turtle.,0.0
ba’úg,adj,adjective,"of egg, rotten, sterile.",-0.511
báw’as,adj,adjective,"of people, sterile, barren, childless.",0.0
báwi’,v,verb,"to redeem, to take back, to reclaim.",0.0
bawtisár,v,verb,"to baptize, to pour water on the head as in baptism.",0.0
báya’,v,verb,"to leave, to quit, to abandon.",-0.477
bayábas,n,noun,guava.,0.0
báyad,n,noun,payment.,0.0
báyad,v,verb,"to pay, to settle an account, to spend.",0.0
bayáw,n,noun,"sister-in-law, brother-in-law.",0.0
báyaw,v,verb,"to elevate, to lift, to raise as a host during roman catholic mass service.",0.0
báybay,n,noun,"beach, coast, shore.",0.0
baylíhan,n,noun,dancehall.,0.0
báylu,v,verb,"to exchange, to substitute, to swap.",0.0
bayú,v,verb,"to box, to maul, to pound.",0.0
báyu’,n,noun,"dress, clothing, apparel.",0.0
bayú’ung,n,noun,bag made of woven palm leaves.,0.0
bentáha’,n,noun,"advantage, edge.",0.25
bérde,adj,adjective,green.,0.0
bersíkulu,n,noun,verse.,0.0
beteráno,n,noun,veteran.,0.0
béynte,num,numeral,twenty;  twentieth.,0.0
bíbi,n,noun,duck.,0.0
bibíg,n,noun,lip.,0.0
bíbliya,n,noun,bible.,0.0
bikoláno,n,noun,"language spoken principally in albay, camarines sur, catanduanes, sorsogon, the southern half of camarines norte, and in some towns of masbate.",0.0
biktíma,n,noun,victim.,-0.273
bigúti,n,noun,moustache.,0.0
bíhag,n,noun,"captive, hostage.",0.0
bíhag,adj,adjective,"captivating, attractive.",0.0
bíhag,v,verb,"to capture, to abduct, to kidnap, to attract, to bait.",0.0
bílang,v,verb,"to consider, to esteem as.",0.0
bilánggu,n,noun,prisoner.,-0.542
bilánggu,v,verb,"to capture, to imprison.",-0.542
bilás,n,noun,the affinal relation of husbands or wives of siblings.,0.0
bilí,n,noun,"cost, amount, price.",0.0
bilí,v,verb,"to be worth, to cost, to be the price of.",0.0
bilíd,v,verb,"to hold with the hands so as to inspect closely, especially clothes.",0.0
bílin,n,noun,"request, last words.",0.0
bílin,v,verb,"to enjoin, to leave behind.",0.0
bilín,n,noun,"balance account, remainder, left over.",0.0
bílug,n,noun,"piece, part.",0.0
bilúg,adj,adjective,"round, circle.",0.0
bílyar,n,noun,"billiard, pool.",0.0
bilyéte,n,noun,ticket.,0.0
binágbinág,v,verb,"to consider, to ponder, to apportion.",0.0
binágun,n,noun,native machete.,0.0
bínhi’,n,noun,"seedling, plant grown from seed.",0.0
bíno,n,noun,wine.,0.0
bintána’,n,noun,window.,0.0
bingáw,adj,adjective,"of teeth, missing, jagged.",-0.296
bingáw,v,verb,"of teeth, to lose a tooth, to knock out a tooth, to jag or notch accidentally.",-0.296
bíngkal,v,verb,"to break in a door, to force an entrance.",0.0
bírhen,n,noun,"virgin, mary, the mother of jesus christ.",0.0
bís’ak,v,verb,"of wood, to cleave, to split.",0.0
bisán,con,conjunction,"even if, although, in spite of.",-0.527
bisáya’,adj,adjective,"visayan, of visayan origin.",0.0
bísi,n,noun,"vice, substitute.",0.0
bisikléta,n,noun,bicycle.,0.0
bisikléta,v,verb,to ride a bicycle.,0.0
bísi,n,noun,vice-president.,0.0
bisíta,n,noun,"visitor, guest.",0.0
bisíta,v,verb,"to visit, to call upon, to pay a visit.",0.0
bísta,n,noun,"view, panorama, scene.",0.0
bísyu,n,noun,"vice, fault.",-0.402
bísyu,v,verb,"to be naughty, to be wicked, to disobey, to fuss.",-0.402
bítad,v,verb,"to open, to unfold, to spread out so as to see closely.",0.0
bitamína,n,noun,"vitamin, nutrient.",0.296
bítay,v,verb,"to hang, to string up, to suspend.",-0.318
bítbit,v,verb,"to bring along, to carry.",0.0
bitík,n,noun,"flea, tick.",0.0
bitín,n,noun,snake.,0.0
bitú’un,n,noun,star.,0.0
bíya’,v,verb,"to leave behind, to abandon.",-0.477
blángko,adj,adjective,"expressionless, blank, empty.",-0.202
blángko,n,noun,empty space provided on a piece of paper.,-0.202
blósa,n,noun,"blouse, top.",0.202
bokabuláryo,n,noun,vocabulary.,0.0
bodéga,n,noun,"warehouse, storage, cellar.",0.0
bóla,n,noun,"ball, round object.",0.0
bómba,n,noun,"bomb, hand pump for water.",0.0
bombéro,n,noun,fireman.,0.0
bombílya,n,noun,electric bulb.,0.0
bómbo,n,noun,drum.,0.0
boradór,n,noun,eraser.,0.0
bórda,n,noun,"embroidery, design.",0.0
bórda,v,verb,to embroider.,0.0
botélya,n,noun,bottle.,0.0
botíka,n,noun,"medicine store, drug store.",0.0
bóto,n,noun,vote.,0.0
bóto,v,verb,"to vote, to cast a vote.",0.0
bú’ang,adj,adjective,"fool, stupid, crazy.",-0.827
bú’ang,n,noun,"fool, simpleton, idiot.",-0.827
bu’áya,n,noun,"alligator, crocodile.",0.0
búbu,v,verb,"to baptize, to pour water into a container.",0.0
bubún,n,noun,well.,0.273
bubungán,n,noun,roof.,0.0
buká’,n,noun,"opening, crack.",0.0
buká’,adj,adjective,"open, cut, split, cracked.",0.0
buká’,v,verb,"to cut open, to crack.",0.0
búkad,v,verb,"to open, to unfold, to bloom, to undo a package.",0.0
bukál,n,noun,"bubble, froth.",0.0
bukál,v,verb,"to boil, to bubble.",0.0
bukás,adj,adjective,"opened, candid.",0.0
bukás,v,verb,"to open, to unfold, to begin.",0.0
búkaw,n,noun,owl.,0.0
búkbuk,n,noun,weevil.,0.0
búkbuk,v,verb,"to crash, to grind, to make into powder.",0.0
búkid,n,noun,"hill, mountain.",0.0
bukú,n,noun,"node, joint.",0.0
búku’,n,noun,"plan, proposal, intention, proposition.",0.0
búku’,v,verb,"to say, to plan, to think of, to intent to.",0.0
bukúbukú,n,noun,"joint, ankle.",0.0
búktut,n,noun,hunchback.,0.0
búkud,adj,adjective,"secure, strong.",0.691
bukúl,n,noun,"lump, swelling, protuberance; of plants, bud.",0.0
búkut,v,verb,"to confine, to isolate, to pen or coop up.",-0.202
búdhi’,n,noun,"conscience, inner self.",0.0
búdhi’,v,verb,"to betray, to be faithless, to be disloyal.",0.0
búdlay,adj,adjective,"difficult, hard.",-0.44
búdlay,v,verb,"to feel the difficulty, to tire.",-0.44
bugá,v,verb,"to belch forth, to spit out as a volcano.",0.0
bugál,n,noun,"pride, haughtiness.",0.34
bugál,v,verb,"to be proud, to show off.",0.34
bugál,adj,adjective,"plentiful, abundant.",0.34
bugál,v,verb,"to be plentiful, to progress.",0.34
bugás,n,noun,unhusked rice grains.,0.0
búg’at,adj,adjective,"heavy, burdensome, cumbersome.",-0.421
bugáy,n,noun,"grace, bounty, blessing.",0.718
bugáy,v,verb,"to shower with blessings, to give grace.",0.718
búgkus,n,noun,"bundle, string used to tie a package.",0.0
búgkus,v,verb,"to bundle together, to tie with a string.",0.0
búgnu’,v,verb,"to greet, to speak to, to interact with.",0.318
búgras,v,verb,"of string, to break off, to snap off.",0.0
búgsay,n,noun,oar.,0.0
búgsay,v,verb,"to row, to strike the water with an oar.",0.0
búgsuk,v,verb,"to erect by driving into the soil, to thrust through with force to make it stand.",0.0
búgtaw,v,verb,"to waken, to awake.",0.0
búgtu’,v,verb,"to snap, to break off.",0.0
búgtung,adj,adjective,"alone, one and only.",-0.25
búgtung,n,noun,only-child.,-0.25
búg’us,adj,adjective,"entire, complete, whole-hearted.",0.0
buhahá’,adj,adjective,"lavish, extravagant, spend-thrift.",0.0
búhat,v,verb,"to do, to make, to perform.",0.0
buháwi’,n,noun,tornado.,0.0
buhí’,adj,adjective,alive.,0.382
búhi’,v,verb,"to set free, to unhand, to ignite as of fire-crackers.",0.511
búhin,v,verb,"to subtract, to deduct, to decrease, to lessen.",0.0
buhís,n,noun,"tax, levy.",0.0
buhís,v,verb,to levy tax.,0.0
búhu’,n,noun,"hole, crevice, aperture.",0.0
búhu’,v,verb,to bore or drill a hole.,0.0
buhúk,n,noun,hair on the head.,0.0
bulá’,n,noun,"bubble, froth, foam.",0.0
bulá’,v,verb,"to bubble, to foam, to spume at the mouth.",0.0
búlak,n,noun,"flower, blossom, cotton fibers.",0.0
búlak,v,verb,"to bloom, to flower.",0.0
bulákwit,v,verb,"to snatch, to seize.",0.0
bulád,v,verb,"to spread out, to dry in the sun.",0.0
buladúr,n,noun,kite.,0.0
búlag,v,verb,"to divorce, to sever, to separate, to depart.",0.0
bulág,n,noun,"blind, beggar.",-0.402
bulág,adj,adjective,"depravity in eyesight, blind.",-0.402
buláhan,adj,adjective,"fortunate, lucky.",0.691
búlan,n,noun,"month, moon.",0.0
búlanbulan,adv,adverb,"monthly, every month.",0.0
búlang,v,verb,to participate in a cockfight.,0.0
búlaw,v,verb,"to oversleep, to wake up later than usual, to waken late in the day.",0.0
buláwan,n,noun,"gold, raw gold metal.",0.0
búlbug,v,verb,"to strike repeatedly, to beat against.",-0.128
bolkán,n,noun,volcano.,0.0
bulgár,adj,adjective,"vulgar, gaudy.",0.0
bulí’,n,noun,"anus, buttocks, rear.",0.0
bulídbulíd,v,verb,"to crumble, to roll over and over down a slope.",0.0
búlig,n,noun,"bunch of banana fruits intact on the trunk, help;  to help, to assist, to aid.",0.735
bulíng,n,noun,soot.,0.0
búltu,n,noun,"bulk, big bundle.",0.0
bulúng,n,noun,"medicine, drug, cure.",0.0
bulúng,v,verb,"to cure, to doctor.",0.0
búnak,v,verb,"to wet, to dampen.",0.0
búnak,adj,adjective,wet.,0.0
bún’ag,v,verb,to dry in the sun.,0.0
bunál,n,noun,"whip, lash.",0.0
bunál,v,verb,"to trash, to strike with a whip.",0.0
bunáyag,adj,adjective,"cordial, gracious.",0.557
búndul,adj,adjective,"slow, tardy.",0.0
bunít,n,noun,"fish hook, angle.",0.0
bunít,v,verb,"to hook, to fish, to angle.",0.0
búnlaw,v,verb,"to rinse, to finish washing with clean water.",0.402
búntul,v,verb,"to throw to the ground, to attack with force so as to offset the balance.",-0.477
bunú’,v,verb,"to stab with a sharp instrument, to pierce.",-0.586
búnuk,n,noun,"heavy rain, downpour.",0.0
búnuk,v,verb,to rain heavily.,0.0
bunút,n,noun,"coconut husk, scrub made from coconut husk.",0.0
bunút,v,verb,"to remove the husk from a coconut, to scrub the floor with a coconut husk.",0.0
búnyag,n,noun,baptism.,0.0
búnyag,v,verb,"to sprinkle, to water plants‚ to baptize.",0.0
búnga,n,noun,"fruit, consequence, result.",0.0
búnga,v,verb,"to bear fruit, to result in.",0.0
bungát,v,verb,"to speak out, to utter.",0.0
búngkag,v,verb,"to demolish, to take apart, to destroy, to dismantle.",-0.542
búnggu’,v,verb,"to bump against, to push against something with force.",0.0
búnghay,n,noun,"part, division.",0.0
búnghay,v,verb,"to form a part of, to become divided.",0.0
búngtud,n,noun,"low elevation of the ground, an elevation lower than a hill, slope.",-0.511
bungúl,n,noun,deaf.,0.0
búngut,n,noun,"beard, whiskers, moustache.",0.0
burará’,adj,adjective,"extravagant, lavish.",0.0
búrhut,v,verb,"to fizz out, to puff.",0.0
bus,n,noun,"bus, public vehicle.",0.0
busá’ag,v,verb,"to scatter into different directions, to break into pieces and scatter, to burst.",0.0
bús’ak,v,verb,"to chop wood, to chop wood for firewood.",0.0
busál,n,noun,"of dogs, mouth cover to prevent biting.",0.026
busáy,n,noun,"waterfall, spring.",0.0
búsbus,v,verb,"to cut open, to perform a caesarian operation.",-0.273
búskad,v,verb,"to spread open as in a flower, to unfold.",0.0
búsdik,v,verb,to split or burst open.,0.0
busisí’,adj,adjective,"scrupulous, meticulous.",0.0
búslut,v,verb,"to have a rent, to have a hole through the bottom.",0.0
busúg,adj,adjective,"satiated, full, satisfied with food.",0.421
búsul,n,noun,seed.,0.0
busún,n,noun,mailbox.,0.0
busúng,adj,adjective,"pregnant, with child.",0.0
busúng,v,verb,to be pregnant.,0.0
búswang,v,verb,to break or burst and discharge pus.,0.0
butáng,n,noun,"thing, object.",0.0
butáng,v,verb,"to put down, to lay on a place.",0.0
butángbútang,n,noun,"rumor, false accusation.",-0.25
butángbútang,v,verb,"to slander, to backbite, to spread false rumors.",-0.25
bútkun,n,noun,arm.,0.0
búthu’,v,verb,"to go to school, to study, to learn.",0.0
butí,n,noun,small pox.,0.0
butí’,v,verb,to pop like a corn or rice.,0.361
butíg,n,noun,"lie, falsehood.",0.0
butíg,adj,adjective,"liar, sly.",0.0
butíg,v,verb,"to tell a lie, to make a false statement.",0.0
bútlak,v,verb,"of the sun, to rise.",0.0
butónes,n,noun,button.,0.0
butúd,adj,adjective,"bloated, distended.",0.0
butúd,v,verb,"to become bloated, to suffer from the wind.",0.0
bútung,v,verb,"to pull, to drag.",-0.226
bútyag,v,verb,"to tell others, to disclose, to let out a secret.",0.0
bu’úl,n,noun,heel.,0.0
bú’ung,v,verb,"to break into small pieces, to scatter into fragments.",0.0
bú’ut,adj,adjective,"kind, amiable, considerate.",0.743
bu’út,n,noun,"will, wants, desire, wish.",0.66
bu’út,v,verb,"to will, to desire, to wish, to do as one pleases.",0.66
búya,n,noun,"bribe, fix.",-0.202
búya,v,verb,"to bribe, to buy like a person in marriage, to offer a dowry.",-0.202
buyáyag,v,verb,"to show up, to expose, to disclose a confidential matter.",-0.128
buyánbuyań,adj,adjective,"ne’er do well, neglectful.",-0.226
buyánbuyań,v,verb,"to neglect, to be nonchalant, to be unconcerned.",-0.226
buyáyaw,v,verb,"to abuse in strong language, to curse, to scold, to use swear words.",-0.807
búylug,v,verb,"to accompany, to join, to group together.",0.296
búyuk,v,verb,"to bend, to curve, to incline, to persuade.",0.0
buyúg,n,noun,bumblebee.,0.0
búyut,v,verb,"to grasp firmly, to hold onto.",0.0
bwás,adv,adverb,"tomorrow, next day.",0.0
byáhe,n,noun,"trip, journey, voyage.",0.0
byérnes,n,noun,friday.,0.0
byólin,n,noun,violin.,0.0
bwélta,v,verb,"to return, to come back, to retrace steps.",0.0
1-ka,pr,pronoun,you (short form of ikáw).,0.0
2-ka,pt,particle,designates quantity or amount.,0.0
1-ka-,va,verbal affix,variant of naká-.,0.0
2-ka-,na,noun formative,noun formative affix used with verbs designating reciprocal relationship.,0.0
3-ka-,aa,adjective formative,formative affix designating comparative and superlative degrees of comparison.,0.0
ka’agánhun,n,noun,"dawn, early morning.",0.0
1-ka-…-an,na,noun formative,noun formative affix.,0.0
ka-…-anan,na,noun formative,noun formative affix designating abstract plurality.,0.0
ka’áway,n,noun,"enemy, opponent, foe.",-0.751
kabalyéro,n,noun,"knight, gentleman.",0.0
kabán,n,noun,"chest, a native basket holding a quantity of approximately one cavan or 25 liters.",0.0
kabatá’an,n,noun,children.,0.0
kabáy,pt,particle,"hope so, in all probability, god willing.",0.612
kabáy,v,verb,"to wish for, to desire, to request.",0.612
kabáyu’,n,noun,horse.,0.0
kabáyu’,v,verb,to ride on horseback.,0.0
kabeséra,n,noun,"head of the table, chairman, leader.",0.0
kábig,v,verb,"to consider, to hold or take for, to look upon as.",0.0
kabít,id,idiom,mistress.,0.0
kabít,v,verb,to hand up.,0.0
kábu,n,noun,"foreman, overseer.",0.0
kabú’,n,noun,can or container used for pouring water over the body when taking a bath.,0.0
kabúg,n,noun,bat.,0.0
kabúgaw,n,noun,"native grapefruit, which is big and sweet.",0.459
kabús,adv,adverb,"not fit, not enough, hapless.",-0.019
kakás,v,verb,"to wash away, to take out, to dissolve.",0.0
kakí,adj,adjective,"brown, tan.",0.0
káda,adj,adjective,"every, each.",0.0
kádaw,v,verb,to wade in the water.,0.0
kádena,n,noun,chain.,0.0
kádlaw,n,noun,laughter.,0.494
kádlaw,v,verb,to laugh.,0.494
kádtu,v,verb,"to go to, to depart.",0.0
kafé,n,noun,coffee.,0.0
kág,con,conjunction,"and, furthermore.",0.0
kagáb’i,adv,adverb,"last night, the night preceding.",0.0
kagát,v,verb,"to bite, to snap, to catch between the teeth.",0.0
kágaw,n,noun,"germ, microbe.",0.0
kag’ína,adv,adverb,variant of ka’ína.,0.0
kagúla’,n,noun,"noise, excitement.",0.494
kagúla’,v,verb,"to be noisy, to be excited.",0.494
kagulángan,n,noun,"forest, uncleared land.",0.0
kagús,v,verb,to scrape off.,0.0
káha,n,noun,"jewel box, safe.",0.66
kahápun,adv,adverb,yesterday.,0.0
káhas,adj,adjective,"violent, daring.",-0.34
káhas,v,verb,"to dare, to make a challenge, to be violent.",-0.34
kahéro,n,noun,cashier.,0.0
káhig,v,verb,"to rake, to shovel.",0.0
kahigayúnan,n,noun,chance.,0.25
kahíl,n,noun,nectarine.,0.0
kahimtángan,n,noun,"situation, condition, position.",0.0
kahulugán,n,noun,meaning.,0.0
kahún,n,noun,box.,0.0
káhuy,n,noun,"tree, wood, timber.",0.0
ka’ína,adv,adverb,"earlier, a while ago.",0.0
ka’íngin,n,noun,"uphill land, land cleared by burning.",0.103
ka’íngin,v,verb,to clear a piece of land by burning.,0.103
kalabánan,adv,adverb,"mostly, for the greater part.",0.361
kalabánan,n,noun,majority.,0.361
kalabása,n,noun,yellow squash.,0.0
kalabéra,n,noun,"skeleton, framework.",0.0
kalág,n,noun,"ghost, soul, spirit.",-0.153
kaláha’,n,noun,frying pan.,0.0
kalám,adj,adjective,"sensitive to tickling, uncomfortable.",-0.382
kalám,v,verb,to become ticklish.,-0.382
kalamánsi’,n,noun,"lime, lemon.",0.0
kalámay,n,noun,refined sugar.,0.0
kalámbre,v,verb,"to chill, to tremble, to shiver.",-0.273
kalamidád,n,noun,calamity.,0.0
ka-…-la…-an,na,noun formative,noun formative affix designating abstract plurality.,0.0
kalán,n,noun,"native stove usually made of wrought iron elevated on three thin legs, fire pit made of three stones to hold the pot.",-0.34
kálas,v,verb,to rustle like dry leaves.,0.361
kalaykáy,n,noun,rake.,0.0
kálkal,v,verb,"of bones from a niche, to dig out.",0.0
kaldéro,n,noun,kettle made of wrought iron.,0.0
kalendáryo,n,noun,calendar.,0.0
kalésa,n,noun,"buggy, cart pulled by a horse.",0.0
káli,v,verb,to dig up.,0.0
kalibútan,n,noun,"universe, earth, world.",0.0
kalimutáw,n,noun,eyeball.,0.0
kalís,v,verb,to skim the top so as to make even.,0.202
kalít,v,verb,to take the opportunity.,0.421
kálu’,n,noun,"hat, cap.",0.0
ka-…-lu-…,na,noun formative,noun formative affix designating abstract plurality of state of being.,0.0
kálut,v,verb,"to scratch gently, to ease an itchy feeling.",0.599
kalú’uy,n,noun,"mercy, pity, clemency.",0.077
kálye,n,noun,"street, road, avenue.",0.0
káma,n,noun,bed.,0.0
kamálig,n,noun,barn.,0.0
kamánsi,n,noun,breadfruit.,0.0
kámang,v,verb,"to creep, to crawl, to walk on all fours.",0.0
kamángyan,n,noun,incense.,0.0
kamaróte,n,noun,"of a ship, cabin.",0.0
kamásun,n,noun,claw.,0.0
kamatáyan,n,noun,death.,-0.599
kamátis,n,noun,tomato.,0.0
kámbang,adj,adjective,"spotted, mixed, of two shades or colors.",0.0
kámbyu,v,verb,"to exchange, to barter, to swap.",0.0
kamí,pr,pronoun,we (exclusive first person plural nominal pronoun).,0.128
kamisadéntro,n,noun,men’s shirt.,0.0
kamiséta,n,noun,undershirt.,0.0
kamisún,n,noun,"ladies’ full slip, chemise.",0.0
kámlut,v,verb,"to paw, to touch.",0.0
kampanáryu,n,noun,belfry.,0.0
kampánya,n,noun,campaign.,0.0
kampánya,v,verb,to campaign.,0.0
kámpi,v,verb,"to side with, to be an ally to.",0.0
kámpo,n,noun,camp.,0.0
kampyón,n,noun,champion.,0.599
kamú,pr,pronoun,you (plural second person nominal pronoun).,0.0
kamumú’u,n,noun,claw.,0.0
kamústa,id,idiom,how are you.,0.0
kamústa,v,verb,"to greet, to shake hands with, to inquire of one’s health.",0.0
kamút,n,noun,hand.,0.494
kamúti,n,noun,sweet potato.,0.459
kamútingkáhuy,n,noun,cassava.,0.0
kanál,n,noun,"canal, ditch, drainage.",0.0
kánay,v,verb,"to subside as of winds and waves, to become less intense, to abate.",0.002
kandádu,n,noun,padlock.,0.0
kandádu,v,verb,to lock with a padlock.,0.0
kánday,pt,particle,personal name marker.,0.0
kandidáto,n,noun,candidate.,0.0
kandíla’,n,noun,candle.,0.0
kánding,n,noun,goat.,0.0
kándus,v,verb,"to scoop out, to serve on a dish from a pot.",0.153
kánta,n,noun,"song, tune.",0.0
kánta,v,verb,"to sing, to chant, to warble.",0.0
kantéro,n,noun,mason.,0.0
kantidád,n,noun,"quantity, amount.",0.0
kánto,n,noun,street corner.,0.0
kanú’,n,noun,american.,0.0
kán’un,n,noun,cooked steamed rice.,0.0
kányon,n,noun,cannon.,0.0
kapákapá,v,verb,"to flutter, to be confused, to be excited so as not able to settle down.",0.026
kapampángan,n,noun,"language spoken principally in pampanga, some four towns in tarlac, and two towns in bata’an.",0.0
kapatás,n,noun,foreman.,0.0
kapáyas,n,noun,papaya.,0.0
kápkap,v,verb,"to grope about, to feel one’s way like a blind man.",-0.052
kápid,n,noun,"twin, double.",0.0
kapílya,n,noun,small chapel.,0.0
kapín,adv,adverb,"more than, moreover, in addition.",0.0
kapitál,n,noun,capital.,0.0
kapitán,n,noun,captain.,0.0
kapitérya,n,noun,"cafeteria, canteen.",0.0
kapitólyo,n,noun,"capitol, provincial capitol.",0.0
kapituló,n,noun,chapter.,0.0
kaprítsu,n,noun,"mood, vices, wiles.",0.0
kaprítsu,adj,adjective,"flighty, vain‚ wily.",0.0
kapún,v,verb,"of pigs or animals, to circumcise.",0.0
kapuslánan,n,noun,"usefulness, advantage.",0.494
kapút,v,verb,"to hold onto, to grasp, to clutch.",0.0
kapúti,n,noun,raincoat.,0.0
kápuy,n,noun,"tiredness, exhaustion.",-0.361
kápuy,v,verb,"to be tired, to be exhausted.",-0.361
kápyut,v,verb,"to hang onto for support, to grasp for support.",0.66
karábkab,v,verb,"to inflame, to ignite, to burst into flame.",0.0
kárbaw,n,noun,"carabao, water buffalo.",0.0
karéra,n,noun,"race, contest.",0.0
karéra,v,verb,"to run a race, to race.",0.0
kárga,n,noun,"cargo, load.",0.0
kárga,v,verb,"to load, to carry a heavy load.",0.0
karí,v,verb,"to approach, to come near the speaker.",0.0
karidád,n,noun,charity.,0.421
karitéla,n,noun,horse and buggy.,0.0
karitún,n,noun,wheel.,0.0
kárne,n,noun,meat.,0.0
karnéro,n,noun,sheep.,0.0
karpentéro,n,noun,carpenter.,0.0
karsáda,n,noun,"road, street.",0.0
kartéro,n,noun,mailman.,0.0
kárton,n,noun,"box, carton.",0.0
karún,adv,adverb,later.,0.0
karús,v,verb,"to scratch, to claw.",0.0
karúskarús,adj,adjective,"written hurriedly, non-legible.",0.0
kasákit,n,noun,"suffering, hurt, sorrow.",-0.872
kasál,n,noun,"marriage, wedding.",0.0
kasál,v,verb,"to perform a marriage, to officiate a wedding.",0.0
kasán’u,adv,adverb,"a while ago, a little time passed.",0.0
kasangkápan,n,noun,"furniture, devices, materials.",0.0
kaséra,n,noun,"boarder, person who pays room and board.",0.0
kaséra,v,verb,to pay room and board.,0.0
kaseróla,n,noun,cooking pot.,0.0
kasilíngan,n,noun,neighbor.,0.0
kasílyas,n,noun,toilet.,0.0
kasimánwa,n,noun,folks from the same town or place of origin.,0.0
káso,n,noun,"legal case, lawsuit.",-0.103
kasualidád,intj,interjection,impossible.,0.0
kasúdlan,n,noun,"bowel, intestines.",0.0
kasugtánan,n,noun,"agreement, contract.",0.494
kasugu’án,n,noun,"order, command, rule, law.",0.0
katá’katá’,v,verb,"to talk idly, to gossip.",-0.178
katalágman,n,noun,"danger, hazard, harm, damage.",-0.878
katalanghága’,adj,adjective,"unbelievable, incredible.",0.202
katápu’,n,noun,"member, a person who is in something as a member.",0.0
katáru,n,noun,"cold, running nose.",0.0
katáru,v,verb,to have a cold.,0.0
katáw,n,noun,"nymph, mermaid.",0.0
katolikó,n,noun,"catholic, a member of the roman catholic church.",0.0
katórse,num,numeral,fourteen.,0.0
kátre,n,noun,bed.,0.0
katsíla’,n,noun,spaniard.,0.0
katúl,adj,adjective,itchy.,-0.273
katúl,v,verb,to be itchy.,-0.273
katúmbal,n,noun,pepper plant and fruit.,0.0
katúndan,n,noun,west.,0.0
katungdánan,n,noun,"duty, responsibility, obligation.",0.0
ka’ugalíngun,n,noun,"own self, one’s own.",0.0
ka’ún,v,verb,"to eat, to devour.",0.0
ka-…-un,na,noun formative,"noun formative affix designating state, quality, degree.",0.0
káwat,n,noun,"burglar, thief, robber.",-0.791
káwat,adj,adjective,"thief, robber.",-0.791
káwat,v,verb,"to steal, to rob.",-0.791
káway,v,verb,"to dangle, to wave a hand, to wave in the wind.",0.494
kawáyan,n,noun,bamboo.,0.0
káw’it,n,noun,hook.,0.0
káw’it,v,verb,"to hook in, to take hold of by a hook.",0.0
1-kay,con,conjunction,"because, for.",0.0
2-kay,pt,particle,personal name pre-possessive marker.,0.0
kayába,v,verb,to hurry up.,0.0
kayumánggi’,adj,adjective,"dark brown in complexion, tan.",0.0
kemiká,n,noun,chemistry.,0.0
kemikó,n,noun,chemist.,0.0
kerída,n,noun,"mistress, a woman with whom a man cohabitates without the advantage of marriage.",-0.188
késo,n,noun,cheese.,0.0
kibú’,v,verb,"to throb, to pound continuously like a heart.",0.772
kíbul,n,noun,corn on the feet.,0.0
kíbul,v,verb,to become calloused.,0.0
kibún,v,verb,"to surround, to besiege.",0.0
kibút,v,verb,"to surprise, to jolt, to startle.",-0.052
kidkid,v,verb,"to cut in thin slices, to slice very thinly.",-0.273
-kig-,va,verbal affix,social reciprocal actor focus affix.,0.0
kigás,n,noun,dryness.,0.0
kigás,adj,adjective,"dry, blight.",0.0
kíhad,v,verb,"to slice, with a knife.",0.0
kílag,v,verb,to look about curiously.,0.0
kilála,n,noun,"acquaintance, person with whom one has a facial acquaintance.",0.0
kilát,n,noun,lightning.,0.0
kílay,n,noun,eyebrow.,0.0
kílid,adv,adverb,"beside, on the brink.",0.0
kílo,n,noun,kilogram.,0.0
kilométro,n,noun,"kilometer, unit of distance measure which is equal to approximately 0.62 miles.",0.0
kímpit,n,noun,"pincer, prong, hair clip.",0.0
kímpit,v,verb,"to pick with a pincer, to pin hair together.",0.0
kina’ádman,n,noun,science.,0.0
kina-…-an,na,noun formative,noun formative affix designating plurality.,0.0
kinabúhi’,n,noun,"life, life cycle.",0.0
kinahánglan,v,verb,"to have need of, to demand.",-0.128
kinánglan,v,verb,variant of kinahánglan.,0.0
kínse,num,numeral,"fifteen.;  bimonthly, fortnightly.",0.0
kíntsay,n,noun,celery.,0.0
kínut,adj,adjective,"thrifty, economical, frugal.",0.0
kíngki,n,noun,native oil or kerosene lamp made usually of an empty bottle with coconut oil or kerosene and a wick.,-0.202
kíput,v,verb,"to shut, to close.",0.0
kiráb,v,verb,"to flash, to spark.",0.226
kisáp,v,verb,"to blink, to twinkle, to open and shut the eyes rapidly.",0.0
kískis,v,verb,"to scrape with a sharp instrument, to rub with something sharp.",0.0
kitá,pr,pronoun,we (inclusive first person plural nominal pronoun).,0.0
kíta’,v,verb,to see each other.,0.0
kitíd,adj,adjective,"slim, narrow.",0.0
kí’um,v,verb,to close lips together.,0.0
kláse,n,noun,class.,0.0
klásiko,adj,adjective,classic.,0.0
kliniká,n,noun,clinic.,0.0
kóbra,v,verb,to collect money.,0.0
kóbra,n,noun,collector.,0.0
kobrekáma,n,noun,bedspread.,0.0
kodák,n,noun,"camera, picture.",0.0
kolékta,n,noun,money collection in church.,0.0
kolékta,v,verb,"to collect, to gather together.",0.0
koléhiyo,n,noun,"college, especially a religious-order-managed school.",0.0
kolerá,n,noun,"cholera, dysentery.",0.0
kolíntas,n,noun,necklace.,0.0
kolór,n,noun,color.,0.0
komersyánte,n,noun,small-time businessman who peddles his wares moving from one town to another during market days.,0.0
komidór,n,noun,diningroom.,0.0
kompányar,v,verb,"to accompany with a piano, to join in.",0.296
kondisyón,n,noun,"condition, mood, good physical condition.",0.44
koného,n,noun,"rabbit, hare.",0.0
konsehál,n,noun,"municipal councilman, councilman.",0.0
konsého,n,noun,"municipal council, body of elected councilmen.",0.0
konsyérto,n,noun,orchestra concert.,0.0
kóntra,n,noun,"opponent, enemy.",-0.542
kóntra,v,verb,"to oppose, to resist, to counteract.",-0.542
kontráto,n,noun,"agreement, legal contract.",0.572
kongkréta,n,noun,"concrete, cement.",0.0
kongresísta,n,noun,"congressman, representative to congress.",0.0
kongréso,n,noun,"congress, legislature.",0.0
kópya,n,noun,"copy, duplicate.",0.0
kópya,v,verb,"to copy, to duplicate.",0.0
kordéro,n,noun,lamb.,0.0
koréo,n,noun,"mail, post office.",0.0
kóro,n,noun,"choir, chorus, place where the choir stays in church.",0.0
koróna,n,noun,crown.,0.0
korpínyo,n,noun,corset.,0.0
kórte,n,noun,"shape, design, judicial court.",0.0
kortesíya,n,noun,"courtesy, politeness.",0.361
kortína,n,noun,"curtain, drape.",0.0
koryénte,n,noun,"electric wire, electric current.",0.0
koryénte,v,verb,to get electrocuted.,0.0
kostúra,v,verb,to sew a dress.,0.0
kostúra,n,noun,dressmaker.,0.0
kótse,n,noun,"car, automobile.",0.0
krayóla,n,noun,crayon.,0.0
kriminál,n,noun,"criminal, convict.",-0.527
kristál,n,noun,"crystal, glass.",0.0
krísto,n,noun,jesus christ.,0.0
kristyáno,n,noun,christian.,0.0
ku,pr,pronoun,"i, me.",0.0
kúbay,v,verb,"to line up, to fall in line.",0.0
kubús,adj,adjective,"poor, destitute.",-0.477
kukú,n,noun,finger or toe nail.,0.0
kú’ku’,v,verb,to stoop.,0.0
kudál,n,noun,"fence, enclosure.",0.0
kúdkud,v,verb,to grate with a grater.,0.0
kudkurán,n,noun,"grater, native grater of jagged iron spoon-like shape nailed to a wooden seat.",0.0
kúdlit,n,noun,"line, mark.",0.0
kúdlit,v,verb,"to line, to mark, to draw with a pencil.",0.0
kugá’,v,verb,"to throttle, to strangle, to choke.",-0.542
kúgmat,n,noun,"terror, dread.",-0.751
kúgmat,v,verb,"to be terrified, to be frightened, to be scared.",-0.751
kúgus,v,verb,"to bear, to hug, to cradle like a baby, to carry a baby in the arms.",0.681
kúha’,v,verb,"to take, to get, to take away, to procure.",0.0
kúhit,v,verb,"to touch slightly to draw attention, to nudge.",0.0
kulá,n,noun,"glue, paste.",0.0
kulákig,adj,adjective,"sickly, emaciated.",0.0
kulámug,n,noun,dried mucus in the nose.,0.0
kúlang,adj,adjective,"lacking, incomplete, inadequate, short of.",-0.402
kúlang,v,verb,"to fall short of, to be inadequate.",-0.402
kúlba’,n,noun,"anxiety, nervousness.",-0.44
kúlba’,v,verb,"to be nervous, to be afraid.",-0.44
kúli’,adj,adjective,"slow, weak.",-0.44
kulíhut,adv,adverb,"last, hindmost.",0.0
kulú,n,noun,breadfruit.,0.0
kulúb,adj,adjective,"inverted, upset, turned over.",-0.382
kulúb,v,verb,"to invert, to turn over a deep container so that the bottom is up.",-0.382
kúlun,n,noun,clay cooking pot.,0.0
kulúng,v,verb,"to cage, to imprison.",0.0
kulyápis,adj,adjective,emaciated.,0.0
kumalágku’,n,noun,"thumb, big toe.",0.0
kumbúya,n,noun,partner.,0.0
kumbuyahán,n,noun,"company, partnership.",0.0
kumpaníya,n,noun,"company, business enterprise.",0.0
kumpáre,n,noun,"comrade, relationship between the godfather and parents of the godchild.",0.0
kumpisár,n,noun,confession.,0.0
kumpisár,v,verb,"to confess, to tell the truth.",0.0
kúmud,v,verb,"to grumble, to murmur, to sulk.",0.0
kún,con,conjunction,"if, possibly if, provided that.",0.0
kúndi’,con,conjunction,"although, but, well, therefore, might as well.",0.649
kundíman,n,noun,"filipino song which depicts mood changes of the people, usually written in the native languages and composed by filipinos.",0.0
kuntáni’,pt,particle,"maybe, if possible, i hope.",0.44
kunú,pt,particle,"according to, he or she said.",0.0
kunúl,adj,adjective,"interrupted, shrank, dry (like a river).",0.077
kunúl,v,verb,"to cease, to stop flowing, to run dry as a river.",0.077
kunúp,n,noun,"cloak, coat, overcoat.",0.0
kunút,adj,adjective,wrinkled.,0.0
kunút,v,verb,"to wrinkle, to crumple.",0.0
kúnyag,n,noun,"chill, cold chill.",0.0
kúnyag,v,verb,"to shake with chills, to shiver.",0.0
kúpkup,n,noun,"embrace, hug.",0.66
kúpkup,v,verb,"to embrace, to hug.",0.66
kupú’,v,verb,"to hang onto tightly, to embrace tightly, to cling to, to stick to like a lizard.",0.586
kúra,n,noun,"pastor of a parish, minister in charge of a certain area.",0.273
kúrba,n,noun,curve.,0.0
kúrba,v,verb,"to twist, to bend, to turn, to curve.",0.0
kurbáda,n,noun,"street corner, street curve.",0.0
kurbáta,n,noun,necktie.,0.0
kúri’,adj,adjective,"slow, weak.",-0.44
kúri’,v,verb,"to be slow, to have difficulty.",-0.44
kuribúng,v,verb,to isolate in a quiet room.,-0.202
kurinút,adj,adjective,"creased, wrinkled.",0.0
kurinút,n,noun,"crease, fold, wrinkle.",0.0
kurinút,v,verb,"to fold, to crease, to wrinkle.",0.0
kuríng,n,noun,cat.,0.0
kurisúng,n,noun,frown.,0.0
kurisúng,v,verb,to frown.,0.0
kúrit,n,noun,"line, mark, pencil mark.",0.0
kúrit,v,verb,"to make a line, to draw on paper with a pencil, to mark with a pencil.",0.0
kúrug,v,verb,"to shiver, to tremble, to shake.",-0.421
kusámkusám,v,verb,"to taste, to partake of a little food.",0.0
kúskus,v,verb,to scrape with a sharp instrument or with a scraper.,0.0
kúsi’,n,noun,"pinch, small piece.",0.0
kúsi’,v,verb,"to press or nip with fingernails, to pinch.",0.0
kusína,n,noun,kitchen.,0.0
kusinéro,n,noun,cook.,0.0
kusípad,v,verb,"to thumb through, to pick with the fingers like corn from the cob.",0.361
kusúg,adj,adjective,"strong, energetic, healthy.",0.836
kusúg,n,noun,"energy, strength.",0.836
kusúg,v,verb,"to become strong, to be energetic.",0.836
kúta’,n,noun,"prison, fort.",-0.511
kutáwkutáw,v,verb,"to dilute, to mix with water.",0.0
kútkut,n,noun,hole in the ground.,0.0
kútkut,v,verb,"to excavate, to dig, to scoop out dirt from the ground so as to make a hole.",0.0
kutíng,n,noun,kitten.,0.0
kutíngkúting,v,verb,"to pluck or strum a guitar, to pluck a string instrument.",0.0
kútis,n,noun,"skin complexion, facial complexion.",0.0
kutsára,n,noun,tablespoon.,0.0
kutsaríta,n,noun,teaspoon.,0.052
kutséro,n,noun,"coachman, rig driver, man who drives a kalésa.",-0.128
kutsílyo,n,noun,knife.,0.0
kútsukútsu,n,noun,"rumor, hearsay.",0.0
kútsukútsu,v,verb,"to chitchat, to gossip, to be rumored.",0.0
kutsún,n,noun,"cushion, bed mattress.",0.0
kútub,adv,adverb,until.,0.0
kutúl,v,verb,"to pick, to pluck from a plant, to gather flowers.",0.0
kútut,v,verb,to sting as a bee or a wasp.,0.0
kú’ub,v,verb,"to bow, to bend the head as if in hiding.",-0.296
kú’ut,v,verb,"to feel for, to fish out with the hand, to put one’s hand or arm in a hole.",0.751
kuyámpad,v,verb,"to run, to scamper off.",0.0
kúymi,n,noun,cashier.,0.0
kwadérno,n,noun,notebook.,0.0
kwádra,n,noun,stable.,0.296
kwádro,n,noun,"frame, picture frame.",0.0
kwáku,n,noun,"pipe, tobacco pipe.",0.0
kwán,pt,particle,whatchamacallit.,0.0
kwarénta,num,numeral,forty.,0.0
kwárta,n,noun,"money, cold cash.",0.0
kwártakwárta,n,noun,play money.,0.34
kwárto,n,noun,"room, enclosed area, bedroom.",0.0
kwátro,num,numeral,four.,0.0
kwéba,n,noun,cave.,0.0
kwélyo,n,noun,"collar, back of the neck.",0.0
kwénta,n,noun,"account, balance account.",0.0
kwénta,v,verb,"to account, to solve, to balance.",0.0
kwérdas,n,noun,string for a string instrument.,0.0
kwítis,n,noun,fireworks.,0.0
dá’an,adj,adjective,"old, used, worn out.",-0.296
dá’an,pt,particle,"beforehand, first of all, right away.",-0.296
pagkúha’,na,noun formative,dá’an sang pápel.,0.0
dabádabá,n,noun,"blaze, flame.",0.0
dabádabá,v,verb,"to flare up, to blaze, to be on fire.",0.0
dábdab,n,noun,"flare, flame, blaze.",0.0
dábdab,v,verb,"to flare up, to blaze, to be on fire.",0.0
dábuk,v,verb,"to kindle a fire, to build a fire, to ignite.",-0.586
dabúdabú,n,noun,"shower, drizzle.",0.0
dakbánwa,n,noun,city.,0.0
dakú’,adj,adjective,"big, bulky, huge, great.",0.751
dakú’,v,verb,"to become big, to make big.",0.751
dakúp,v,verb,"to catch, to trap, to snare, to capture, to arrest.",-0.572
dagámi,n,noun,"hay, straw.",0.0
dágat,n,noun,"sea, ocean.",0.0
dagát,n,noun,"seasickness, nausea.",0.0
dagát,v,verb,"to be seasick, to be nauseated.",0.0
dagáya’,adj,adjective,"many, plentiful, teeming, swarming.",0.0
dágdag,n,noun,"addition, native term for extra pieces given of items purchased.",0.0
dágdag,v,verb,"to let fall, to drop, to add something extra to a purchase.",0.0
dagpi’,n,noun,"rap, tap, pat.",0.0
dagpi’,v,verb,"to rap, to tap, to pat.",0.0
dagsa’,v,verb,"to transfer, to be washed ashore, to flow with the current.",0.0
dágta’,n,noun,"sap, stain, sticky sap of plants, mark.",0.0
dágta’,v,verb,"to stain, to blot, to mar.",0.0
dagum,n,noun,"sewing needle, injection needle.",0.0
dagusu’,v,verb,"to swarm, to move in a crowd.",0.0
dagu’ub,n,noun,thunder.,0.0
dagu’ub,v,verb,to thunder.,0.0
dágway,n,noun,"facial expression, shape, posture.",0.0
dahú’,v,verb,"to receive, to accept, to take form.",0.382
dahúm,n,noun,"expectations, anticipation.",0.103
dahúm,v,verb,walá’ akú nagdahúm nga ma’abút ka.,0.103
dáhun,n,noun,leaf.,0.0
da’ígun,n,noun,christmas carol.,0.0
da’ígun,v,verb,to sing christmas carols.,0.0
dalá,v,verb,"to bring, to carry, to transmit.",0.0
dalá,n,noun,"packages, things being carried, load.",0.0
dalág,adj,adjective,yellow.,0.0
dalága,n,noun,"unmarried girl, between the age of about fifteen to thirty.",0.0
dalágan,v,verb,"to run, to dash, to dart, to scamper.",0.0
dalagíta,n,noun,young girl between the age of ten years old to about fifteen years old.,0.0
dalámhak,adj,adjective,"wayward, disobedient, untoward.",0.0
dálan,n,noun,"street, road, path, cleared path.",0.103
dalándan,v,verb,"to descend quickly, to hurry down the stairs, to slide down the bannister.",0.0
dálangdálang,v,verb,"to lose oneself, to lose one’s way.",-0.66
daláwat,v,verb,"to buy cereal, especially rice or corn.",0.0
dáldal,v,verb,"to backbite, to spread false malicious talk, to talk against.",0.0
dalí’,adv,adverb,"immediately, hurriedly, quickly.",0.0
dalí’,adj,adjective,"quick, immediate.",0.0
dalí’,v,verb,"to be quick, to hurry, to hasten.",0.0
dalísay,adj,adjective,"pure, immaculate, untainted.",0.0
dalú’,v,verb,"to caress, to fondle.",0.0
dalúk,adj,adjective,"selfish, greedy, glutton.",-0.66
dalúdo,v,verb,"to swell, to rise, to become flooded.",0.0
dálum,adj,adjective,deep.,0.0
dálum,v,verb,"to deepen, to become deep.",0.0
dalúndun,v,verb,"to carry, to push along, to use water or slimy substance to push an object or food down the throat.",0.0
damán,n,noun,nightmare.,0.0
damán,v,verb,to have a nightmare.,0.0
damáng,n,noun,spider.,0.0
dámgu,n,noun,dream.,0.25
dámgu,v,verb,"to dream, to have a dream.",0.25
dámhag,v,verb,"to fall headlong, to fall on one’s face.",0.0
dámpig,v,verb,"to help, to aid, to side with.",0.402
dámu’,adj,adjective,"many, plenty.",0.0
dámu’,v,verb,"to be many, to augment in number, to increase.",0.0
damúg,n,noun,"of pigs, food.",0.0
damuhál,adj,adjective,"rude, unrefined in social manners.",-0.459
dámul,adj,adjective,"thick, dense, bulky.",0.0
dánlug,v,verb,"to slide, to slip.",0.0
dángat,v,verb,"to reach, to acquire, to get at, to secure, to take hold of.",0.361
dangúp,v,verb,"to take refuge, to cover, to shelter, to appeal.",0.0
dapádapá,n,noun,sole of the feet.,0.0
dápat,v,verb,"to be necessary, to be fit, to apply, to use.",0.361
dápaw,n,noun,chicken flea.,0.0
dapáy,n,noun,hawk.,0.0
dapít,adj,adjective,near.,0.0
dáplus,v,verb,"to slide off, to stray.",0.0
dápu’,v,verb,"to alight, to attack, to gather around as of birds.",-0.477
dapúg,n,noun,"stove, fireplace, fire pit.",-0.34
dáp’ung,n,noun,bonfire.,0.0
dáp’ung,v,verb,"to build a bonfire, to put on fire.",0.0
dápyus,v,verb,"to slide, to stray.",0.0
dásig,adv,adverb,"quickly, faster.",0.0
dásig,adj,adjective,"fast, quick.",0.0
dásig,v,verb,"to do something with speed and promptness, to hasten.",0.0
dás’il,v,verb,"to injure, to lacerate, to throw against.",0.0
dasúk,v,verb,"to fill, to crowd.",0.0
dasú’dasú’,adj,adjective,"impulsive, temperamental, risky.",-0.202
dasú’dasú’,v,verb,"to risk, to rush into without thought of consequences.",-0.202
dasún,adv,adverb,next.,0.0
dasún,adj,adjective,"later, next, to come after.",0.0
da’úg,n,noun,"gain, winnings.",0.784
da’úg,v,verb,"to win, to be superior, to overcome, to overthrow.",0.784
dá’ut,v,verb,"to injure, to hurt, to harm, to damage.",-0.878
dáya’,n,noun,"deceit, trick, dishonesty.",-0.494
dáya’,adj,adjective,"cheat, dishonest.",-0.494
dáya’,v,verb,"to trick, to cheat, to deceive.",-0.494
dayán,v,verb,"to walk or stroll about, to promenade.",0.0
dáyaw,v,verb,"to praise, to commend, to appreciate, to extol.",0.848
dayáw,adj,adjective,"capricious, vain.",-0.421
dáyun,v,verb,"to continue, to come in, to spend some time on.",0.0
de,pt,particle,"of, with.",0.0
debóto,adj,adjective,"devout, fervent.",0.273
dekolór,adj,adjective,"multi-colored, colored.",0.0
dekorá,v,verb,"to decorate, to put on ornaments.",0.0
de’ílo,n,noun,"linen cloth, white linen pair of pants.",0.0
delárgo,n,noun,long pants for men.,0.0
demokrásya,n,noun,democracy.,0.0
demónyo,n,noun,"devil, satan.",-0.66
dentísta,n,noun,dentist.,0.0
desgrásya,n,noun,"disaster, accident, disgrace.",-0.886
desgrásya,v,verb,"to have an accident, to have an unfortunate experience.",-0.886
desisyón,n,noun,decision.,0.0
desisyón,v,verb,"to make a decision, to decide.",0.0
destíno,n,noun,"destination, assignment for place of work.",0.0
desyémbre,n,noun,december.,0.0
dí,d,deictic,short form of dirí.,0.0
debúhu,n,noun,"design, embroidery.",0.0
diksyonáryo,n,noun,dictionary.,0.0
díkta,v,verb,"to dictate, nagdíkta ang ma’éstra sa kláse.",0.0
didál,n,noun,thimble.,0.0
dídtu,d,deictic,over there.,0.0
di’ín,adv,adverb,where.,0.0
díla’,n,noun,tongue.,0.0
dilántu,v,verb,"to expand in business, to improve in the family standard of living, to progress.",0.791
dílap,v,verb,"to lick, to lap, to drawl the tongue like a dog.",0.361
díli’,v,verb,"to forbid, to prohibit.",-0.318
dimát,v,verb,"to attract, to draw attention to, to allure.",0.361
díngding,n,noun,wall of a building.,0.0
dingút,adj,adjective,"stingy, miserly, selfish.",-0.796
dirá’,d,deictic,"there (near the listener, but far from the speaker).",0.0
direktór,n,noun,director.,0.0
diri,d,deictic,here.,0.0
diskúrso,n,noun,"speech, talk.",0.0
diskúrso,v,verb,"to give a speech, to talk formally.",0.0
disgústo,v,verb,"to be disgusted, to have a misunderstanding, to bear ill-feelings.",-0.735
disimulár,v,verb,"to overlook, to let pass, to make unnoticeable, to cover up.",0.0
disiplína,n,noun,discipline.,0.0
disprás,n,noun,masquerade.,0.0
dís’ug,v,verb,"to push, to jostle, to shove.",0.0
diwál,adj,adjective,lapping tongue.,0.0
diwál,v,verb,"to let the tongue hang out like a dog, to stick the tongue out.",0.0
diwáta’,n,noun,"idol, fairy.",0.0
díyas,n,noun,birthday.,0.0
dóble,adj,adjective,"double, twin.",0.0
doktór,n,noun,doctor.,0.0
dódong,n,noun,young boy from about age one to fifteen.,0.0
domínggo,n,noun,sunday.,0.0
-dor,na,noun formative,noun formative affix.,0.0
dormitóryo,n,noun,dormitory.,0.0
dós,num,numeral,two.,0.0
dóse,num,numeral,twelve.,0.0
doséna,n,noun,dozen.,0.0
du’ág,n,noun,"color, hue.",0.0
dú’aw,v,verb,"to drop in, to look in, to visit.",-0.273
duká’,v,verb,to nod with drowsiness.,0.0
dúkduk,v,verb,"to pound, to grind.",0.0
dukú’,v,verb,"to bow, to stoop down.",0.0
dukuménto,n,noun,document.,0.0
dukút,v,verb,"to stick to, to paste on.",0.0
dúda,n,noun,"doubt, suspicion.",-0.625
dúda,v,verb,"to doubt, to distrust, to suspect.",-0.625
dúga’,n,noun,"sap, juice.",0.0
dúgang,n,noun,addition.,0.0
dúgang,v,verb,"to increase, to add, to augment.",0.0
dúgay,adv,adverb,"of time, long.",0.0
dúgay,v,verb,"to tarry, to take a long time.",0.0
dugáydugáy,adv,adverb,"in a little while, frequently.",0.0
dúgkal,v,verb,"to thrust, to stick, to stab.",-0.586
dúghan,n,noun,"bosom, chest.",0.0
dúgmuk,v,verb,"to crush, to break by pressure.",-0.421
dugú’,n,noun,blood.,0.0
dugú’,v,verb,to bleed.,0.0
dúguk,v,verb,"to join, to take part in.",0.296
dugús,n,noun,honey.,0.0
dúgwak,n,noun,swan.,0.0
dúhadúha,v,verb,"to doubt, to hesitate, to waver.",-0.557
duhá,num,numeral,two.,0.0
dúhul,v,verb,"to give personally, to hand.",0.494
dúla’,v,verb,"to lose, to miss, to mislay.",-0.511
dúlang,n,noun,"mine, mineral mine.",0.0
dúlhug,v,verb,"to descend down a slope, to slide down an inclined plane or a slope.",0.0
dúlingdúling,v,verb,"to walk unsteadily, to stagger, to take irregular steps.",0.0
dúlug,v,verb,"to halt, to stop, to stand.",-0.296
dulúm,adj,adjective,"dark, dim.",0.0
dulúm,v,verb,"to darken, to get dusky, to become gloomy.",0.0
dulúnan,n,noun,"boundary, border, confine, demarcation.",0.0
dúlung,v,verb,"to approach, to come near, to draw near, to go in the direction of.",0.0
dúl’ung,v,verb,"to transport, to bring, to deliver, to conduct.",0.0
dulúnggan,n,noun,ear.,0.0
dúlut,n,noun,"offering, gift.",0.44
dúlut,v,verb,"to make a gift, to make an offering.",0.44
dúlsi,n,noun,"candy, pastry.",0.0
dumála,v,verb,"to manage, to lead, to conduct, to direct, to govern, to supervise.",0.0
dúmdum,v,verb,"to think, to recollect, to remember, to bear in mind, to recall.",0.0
dumíli’,v,verb,"to interdict, to ban, to forbid, to prohibit.",-0.71
dúmug,v,verb,"to scuffle, to wrestle, to struggle.",-0.318
dumulú’ung,n,noun,"alien, stranger, foreigner.",0.0
dumút,v,verb,"to abominate, to detest, to begrudge.",0.0
dunút,adj,adjective,"rotten, spoiled.",-0.511
dunút,v,verb,"to be rotten, to crush.",-0.511
dúngan,adv,adverb,"together, simultaneously.",0.0
dúngan,v,verb,"to be or do together, to be simultaneous.",0.0
dúngka’,v,verb,"to land, to arrive as a boat, to dock in port.",0.0
dúnglay,v,verb,to incline to the side.,0.0
dungúk,v,verb,"to look down, to incline one’s head forward, to bend the head.",0.0
dungúg,n,noun,"honor, fame, reputation.",0.727
dúpla’,v,verb,"to spit on, to spit.",0.0
dúsdus,v,verb,"to push, to shove, to mix.",0.0
dúsmu’,v,verb,to stumble.,0.0
dusú’,v,verb,"to push against, to shove, to thrust.",0.0
dúta’,n,noun,"land, soil, earth.",0.0
dú’ug,n,noun,"location, site, place.",0.0
dú’ul,n,noun,cork.,0.0
dúyan,n,noun,"swing, cradle, crib, hammock.",0.0
dúyan,v,verb,"to rock a cradle, to swing.",0.0
dúyu,adj,adjective,"dejected, sad.",-0.743
dwénde,n,noun,"dwarf, elf, leprechaun.",0.0
dyés,num,numeral,ten.,0.0
dyíp,n,noun,"jeepney, renovated war surplus jeeps used as public transportation.",-0.599
dyús,n,noun,"god, the almighty.",0.273
dyútay,adj,adjective,"tiny, small, little.",0.0
ebanghélyo,n,noun,"gospel, epistle.",0.0
eklípsi,n,noun,eclipse.,0.0
eksámin,n,noun,"examination, test.",0.0
eksámin,v,verb,to give or take an examination.,0.0
edád,n,noun,age.,0.0
eh,pt,particle,"filler which can mean, oh…, no….",0.0
eleksyón,n,noun,election.,0.0
eleksyón,v,verb,to hold an election.,0.0
elementárya,n,noun,elementary.,0.0
embahadór,n,noun,ambassador.,0.0
embalsamár,v,verb,to embalm.,0.0
empanáda,n,noun,native pie of meat baked with pastry crust.,0.0
empleyádo,n,noun,employee.,0.0
empýene,n,noun,ringworm.,0.0
enéro,n,noun,january.,0.0
enhenyéro,n,noun,engineer.,0.0
ensaláda,n,noun,salad.,0.0
entabládo,n,noun,"platform, stage.",0.0
éntra,v,verb,"to go in, to enter, to share in, to interfere, to participate.",0.296
entyénde,v,verb,"to understand, to grasp, to comprehend, to realize.",0.0
englatéra,n,noun,england.,0.0
epektíbo,adj,adjective,effective.,0.477
-ero,na,noun formative,noun formative affix designating type of work done.,0.0
eropláno,n,noun,airplane.,0.0
eskándalo,n,noun,scandal.,-0.44
eskándalo,adj,adjective,"rude, scandalous, lack in social refinement.",-0.44
eskándalo,v,verb,to create a scandal.,-0.44
eskiníta,n,noun,"aisle, alleyway.",0.0
eskóba,n,noun,"of shoes, brush.",0.0
eskultór,n,noun,sculptor.,0.0
eskwéla,n,noun,"student, pupil.",0.0
eskwelahán,n,noun,"school house, school.",0.0
eséna,n,noun,"screen, movie screen.",0.0
espáda,n,noun,"sword, spade.",0.0
espánya,n,noun,spain.,0.0
espanyól,n,noun,"spanish, spaniard.",0.0
espíritu,n,noun,"soul, spirit, ghost.",-0.153
espíya,n,noun,"agent, spy.",0.0
espíya,v,verb,to spy.,0.0
espóngha,n,noun,"powder puff, sponge.",0.0
estádo,n,noun,"state, province.",0.0
estádos,n,noun,united states.,0.421
estánte,n,noun,"shelf, bookcase.",0.0
estár,v,verb,"to inhabit, to stay, to live, to reside.",0.0
estasyón,n,noun,station.,0.0
estátwa,n,noun,statue.,0.0
estranghéro,n,noun,"foreigner, stranger.",0.0
estudyánte,n,noun,"learner, student.",0.0
fálda,n,noun,ladies skirt.,0.0
famílya,n,noun,"family, home.",0.0
febréro,n,noun,february.,0.0
floréra,n,noun,flower vase.,0.0
fránsya,n,noun,france.,0.0
gábi,n,noun,taro.,0.0
gáb’i,n,noun,"night, evening.",0.0
gabinéte,n,noun,"cabinet, an advisory body to the president of the country.",0.0
gabúk,adj,adjective,"rotten, decayed.",-0.71
gabúk,v,verb,"to be rotten, to decay.",-0.71
gábut,v,verb,"to pull out, to weed, to extract, to uproot.",0.0
gáhit,v,verb,to clear the way by cutting off grass.,0.273
gáhud,adj,adjective,"noisy, bothersome.",-0.459
gáhud,n,noun,"noise, clatter.",-0.459
gáhud,v,verb,"to be noisy, to make noise.",-0.459
gahúm,n,noun,"power, authority, precedence.",0.077
gá’id,v,verb,"to bind, to secure, to tie to, to hitch on to.",0.34
gálab,v,verb,"to cut with a sickle, to gather rice grains with a sickle.",-0.273
galánte,adj,adjective,"gallant, chivalrous, extravagant.",0.402
galapún,n,noun,bottle.,0.0
galatúng,n,noun,"firewood, chopped wood used for firewood.",0.0
galí’,pt,particle,"really, is that so, indeed, oh.",0.0
gáling,v,verb,"to mill, to grind.",0.0
galingán,n,noun,"grinder, mill.",0.0
galón,n,noun,gallon.,0.0
gál’um,n,noun,"rain cloud, gray cloud.",0.0
gál’um,adj,adjective,cloudy.,0.0
gál’um,v,verb,to become cloudy.,0.0
galyétas,n,noun,"crackers, cookie.",0.0
gamáy,adj,adjective,"small, little.",0.0
gámhun,n,noun,fog.,0.0
gámhun,adj,adjective,foggy.,0.0
gámit,v,verb,"to use, to devise.",0.0
gamósa,adj,adjective,velvety.,0.0
gamú,n,noun,"disturbance, conflict, confusion.",-0.727
gamú,v,verb,"to cause a disturbance, to throw into confusion, to take away peace.",-0.727
gamút,n,noun,root.,0.0
gána,n,noun,appetite.,0.0
gána,v,verb,to have appetite for.,0.0
ganánsya,n,noun,"winnings, gain.",0.784
gáni’,con,conjunction,"in fact, as a matter of fact.",0.026
gánit,v,verb,"to pinch, to twist, to pull one’s hair.",0.0
gántang,n,noun,ganta.,0.0
gantángan,n,noun,wooden measuring box with a volume content of approximately one ganta or three liters.,0.0
gánsa,n,noun,goose.,0.0
gansál,adj,adjective,"loud, deafening.",-0.296
gansál,n,noun,"noise, racket.",-0.296
gansál,v,verb,"to be noisy, to set up a racket.",-0.296
gánuy,v,verb,"to drag behind, to draw.",-0.226
ganghá’an,n,noun,"gate, entrance, door.",0.0
gápas,v,verb,"to cut down, to fell.",-0.273
gápus,v,verb,"to bind, to tie together, to tie the hands together.",0.0
gárab,v,verb,"to cut rice, to gather rice grains, grass or any dicot plant with a sharp instrument.",-0.273
gárab,n,noun,"reaper, small sharp blade in the palm used to cut rice grains from the stalk.",-0.273
gará’,v,verb,"to allure, to entice, to persuade, to prevail upon.",0.0
garáhi,n,noun,garage.,0.0
garantíya,n,noun,guarantee.,0.25
garúk,adj,adjective,"corrupt, depraved.",0.0
garúk,v,verb,to corrupt.,0.0
garút,adj,adjective,"tough, rowdy.",-0.128
gástos,n,noun,"expense, disbursement.",0.0
gástos,v,verb,"to spend, to expend, to disburse.",0.0
gástos,adj,adjective,"extravagant, spendthrift.",0.0
gatá’,n,noun,"juice, coconut milk.",0.0
gátas,n,noun,"milk, sap.",0.0
gatúmbal,n,noun,pepper.,0.0
gátung,v,verb,to burn as firewood.,0.0
gatús,num,numeral,hundred.,0.0
ga’úd,n,noun,"paddle, oar.",0.0
ga’úd,v,verb,"to row, to paddle, to propel by means of an oar.",0.0
gáwa,v,verb,to look out the window.,0.0
gáwad,v,verb,"to get at a price, to recover, to redeem a pawned item.",0.0
gáwgaw,n,noun,starch.,0.0
gayún,adj,adjective,"gorgeous, dressy.",0.612
géra,n,noun,"war, battle.",-0.758
géra,v,verb,to declare or fight a war.,-0.758
gíkan,v,verb,"to come from, to originate, to be derived from.",0.0
gíd,pt,particle,"very, extremely, most, intensifier.",0.0
gihápun,adv,adverb,always.,0.0
gíhu’,v,verb,"to move, to stir, to budge.",0.0
gilayún,adv,adverb,"soon, immediately, later.",0.0
gín-,va,verbal affix,general completed -un affix.,0.0
giná’,va,verbal affix,general durative -un affix.,0.0
giná…-an,va,verbal affix,general durative -an affix.,0.0
gín-…-an,va,verbal affix,general completed -an affix.,0.0
ginamús,n,noun,native fish sauce made out of marinated fish.,0.0
ginháwa,n,noun,"breath, respiration.",0.0
ginháwa,v,verb,"to breathe, to take in air.",0.0
ginikánan,n,noun,parent.,0.0
gín’ut,adj,adjective,"of climate, warm, hot.",0.226
ginú’u,n,noun,"sir, mister.",0.0
ginú’u,n,noun,god.,0.0
gisá,v,verb,"to fry with fat, to saute.",0.0
gisántes,n,noun,pea.,0.0
gísi’,v,verb,"to tear, to slit with a sharp instrument, to split, to break asunder.",0.0
gíray,v,verb,to tear or cut in strips.,-0.273
gitára,n,noun,guitar.,0.0
gitára,v,verb,to play a guitar.,0.0
governadór,n,noun,governor.,0.0
grábe,adj,adjective,"grave, serious.",-0.44
grádo,n,noun,grade.,0.0
grádwar,v,verb,to graduate.,0.0
gramátika,n,noun,grammar.,0.0
grása,n,noun,grease.,0.0
grásya,n,noun,"grace, blessing.",0.718
grátis,n,noun,"gratis, free.",0.542
grípo,n,noun,faucet.,0.0
gruméte,n,noun,crew.,0.0
grúpu,n,noun,group.,0.0
gubá’,v,verb,"to demolish, to destroy, to undo.",-0.542
gubán,n,noun,"group, brigade, caravan.",0.0
gúbat,n,noun,war.,-0.599
gúbat,v,verb,"to wage a war, to declare war.",-0.599
gúgma,n,noun,"love, adoration, affection.",0.91
gúhab,v,verb,to break in or through.,0.0
gúlang,n,noun,"age, maturity.",0.0
gúlang,v,verb,"to be old, to become mature, to ripen.",0.0
naggúlang,na,noun formative,ang mangá prútas.,0.0
gúlgul,v,verb,"to saw off, to cut off.",-0.273
gúlub,v,verb,"to cut, to trim, to crop closely.",-0.273
gulút,v,verb,to cut with a knife or scissors.,-0.273
gúma,n,noun,"rubber, tire.",0.0
gúmuk,v,verb,to squeeze or compress so as to crush.,-0.218
gumulúwa’,n,noun,"cast, mold.",0.0
gúmun,v,verb,"to muddle, to disorganize, to entangle, especially string or yarn, or thread.",0.0
gúnting,n,noun,"scissors, haircut.",0.0
gúnting,v,verb,to cut with a scissors.,0.0
gúra,n,noun,"cap, hat.",0.0
guráb,v,verb,"to grasp and to pull out grass, to weed.",0.0
guráyguráy,adj,adjective,"lined, striped.",0.0
gurípat,v,verb,"to twist the ears, to box the ears.",0.0
gústo,n,noun,"wants, desire, likes.",0.67
gústo,v,verb,"to care for, to want, to desire, to like.",0.67
gúsuk,n,noun,rib.,0.0
gúlpi,v,verb,"to shock, to jolt.",-0.382
gúlu’,v,verb,"to thrust, to put a stick or finger through a hole, to insert something through a crack.",0.0
gútrab,v,verb,to chop or cut off with a knife or a pair of scissors.,-0.273
gutúk,adj,adjective,"of clothes, tight.",0.0
gutúk,v,verb,to be tight.,0.0
gútum,n,noun,"hunger, craving.",-0.25
gútum,v,verb,"to crave for, to hunger for.",-0.25
gúyud,v,verb,"to tug along, to drag along, to pull, to trail along the ground.",-0.226
gwá’,adv,adverb,outside.,0.0
gwá’,v,verb,"to go or come outside, to appear, to make one’s appearance on stage.",0.0
gwápo,adj,adjective,"handsome, beautiful, pretty.",0.883
háblug,v,verb,"to swing, to dangle, to rock to and fro.",0.0
hábnus,v,verb,"to snatch, to pull with force, to draw away suddenly.",0.0
hábuk,v,verb,"to inflate, to blow up, to swell.",0.0
hábug,v,verb,"to swing, to rock back and forth.",0.0
hábul,n,noun,thick blanket.,0.0
habúl,adj,adjective,"of edged or pointed tools, dull, blunt.",-0.402
habúl,v,verb,to weave.,-0.402
habón,n,noun,washing soap.,0.0
habúy,v,verb,"to throw out, to cast, to shoot, to toss, to pitch.",-0.34
hábyug,v,verb,"to swing, hurl, to rock, especially to a far distance.",0.0
hakáb,adj,adjective,"ravenous, greedy.",-0.318
háklu’,v,verb,"to breathe in, to draw in, to inhale.",0.0
hákruy,v,verb,"to complain, to moan, to sigh.",-0.459
hakú’hakú’,adv,adverb,"hastily, hurriedly.",0.0
hákup,n,noun,"handful, fistful.",0.0
hákup,v,verb,"to take one handful, to scoop out using the hands.",0.0
hakús,n,noun,"embrace, hug.",0.66
hakús,v,verb,"to hug, to embrace, to clasp in one’s arms.",0.66
hákut,v,verb,"to carry to another place, to bring in successive loads, to transport.",0.273
hákwat,v,verb,"to lift, to carry light load.",0.0
hádluk,n,noun,"fear, apprehension.",-0.743
hádluk,adj,adjective,"fearful, diabolic, dreadful.",-0.743
hádluk,v,verb,"to be afraid, to fear, to be apprehensive.",-0.743
hágad,v,verb,"to persuade, to induce, to invite, to ask to come.",0.153
hágbas,v,verb,"to cut, to mow down grass, to cut down grass or weeds with a sickle or a reaper.",-0.494
haǵdan,n,noun,"stairs, ladder.",0.0
hágis,v,verb,"to trim, to cut off thorns.",-0.273
hágmak,v,verb,to fall headlong.,0.0
hagúp,adj,adjective,"domesticated, meek, tame, docile.",0.0
hagúp,v,verb,"to be tame, to domesticate, to break in.",0.0
háguphágup,v,verb,"to caress, to pet, to rub down.",0.0
halá,pt,particle,"watch out, see there, whoops.",0.0
hálab,v,verb,"to feed like animals on grass, to pasture, to graze.",0.361
halákhak,n,noun,"laughter, boisterous laugh.",0.778
halákhak,v,verb,to laugh loudly.,0.778
hálad,n,noun,"offer, dedication, gift.",0.44
hálad,v,verb,"to offer, to sacrifice, to bestow, to donate.",0.44
haláy,v,verb,"to drape, to hang to dry.",0.0
hál’id,v,verb,"to litter, to throw in an inconspicuous way, to put away in disorder.",-0.402
halígi,n,noun,"post, pillar.",0.0
halimbáwa’,n,noun,example.,0.0
halín,v,verb,"to leave, to depart, to come from someplace.",-0.052
hálin,v,verb,to transfer to another place.,0.0
halíntang,n,noun,"grade, step, degree.",0.0
hálit,v,verb,"to damage, to injure, to impair.",-0.494
halíya,n,noun,jelly made from coconut milk and brown sugar.,0.0
hál’u,n,noun,"mortar, pestle.",0.0
hálu’,v,verb,"to mix together, to beat together.",0.0
halu’án,n,noun,fresh water fish.,0.318
halúk,n,noun,"kiss, peck on the cheek.",0.421
halúk,v,verb,to give a kiss.,0.421
halúg,adj,adjective,loose.,-0.318
halúnhun,v,verb,"to swallow a big chunk of food without chewing, to gulp down the throat.",0.0
hálung,v,verb,"to handle with care, to treat tenderly, to cherish.",0.883
hálus,adv,adverb,"almost, somewhat, very close to.",0.0
hámak,v,verb,"to scorn, to hate.",-0.751
hámbal,n,noun,"speech, conversation, talk.",0.0
hámbal,adj,adjective,"talkative, conversant.",0.0
hámbal,v,verb,"to talk, to say, to tell, to speak.",0.0
hámbug,adj,adjective,"boastful, haughty, proud, hambug.",0.477
hámbug,v,verb,"to be boastful, to be proud.",0.477
hámbuy,v,verb,"to put, to place, to rest one’s arm upon.",0.0
hámpak,v,verb,"to beat, to whip, to whack.",0.0
hámpang,v,verb,"to play, to clown around, to gamble.",0.34
hámpang,n,noun,"game, play, stake.",0.34
hampángan,n,noun,toy.,0.0
hámpul,n,noun,"plaster, cover over a wound.",0.0
hámtang,v,verb,"to put, to place.",0.0
hámtung,n,noun,"maturity, manhood, womanhood.",0.0
hamún,n,noun,"ham, cured meat.",0.0
hamút,adj,adjective,"sweet smelling, fragrant, odorous.",0.459
hamút,v,verb,"to smell sweet, to be fragrant.",0.459
hamú’uk,adv,adverb,deep sleep.,0.0
hamú’ut,v,verb,"to be pleased, to be gratified.",0.67
hámyang,v,verb,"to lie on one’s back, to lie in state as of a corpse.",-0.572
hánas,v,verb,"to drill, to train, to practice, to rehearse.",0.0
hánda’,v,verb,"to prepare, to make ready.",0.361
hándum,n,noun,"wish, desire, ambition.;  souvenir, memory.",0.66
hándum,v,verb,"to long for, to wish for, to crave for.",0.66
hándung,n,noun,"shade, unlighted area.",0.0
handuráwan,n,noun,daydream.,0.0
hándus,v,verb,"to spear, to split, to bore or thrust through.",-0.25
haníg,v,verb,to line the bottom of a pan with leaves or the like to prevent the food from sticking.,0.382
haníp,adv,adverb,"even, uniform, of equal distance.",0.0
hantál,v,verb,"to stack, to pile.",0.0
hántup,v,verb,"to understand, to comprehend, to know, to conceive.",0.0
hánut,n,noun,"whip, lash.",0.0
hánut,v,verb,"to strike with a whip or cane, to flog, to beat.",0.0
hanú’ut,adj,adjective,"sincere, wholehearted.",0.402
hangád,v,verb,"to look up to, to honor, to admire, to raise one’s eyes to.",0.743
hangánhangán,adv,adverb,"easily, lazily, taking it easy.",0.649
hángbas,v,verb,to cut grass.,-0.273
hángkat,n,noun,"challenge, dare, provocation.",0.077
hángkat,v,verb,"to defy, to challenge, to dare.",0.077
hángdu’,v,verb,"to consent, to give a nod, to approve, to accept a proposal.",0.542
hángin,n,noun,wind.,0.0
hangúp,v,verb,"to understand, to comprehend.",0.0
hángus,v,verb,"to gasp for breath, to pant, to breathe fast and with difficulty.",-0.34
hapá’,v,verb,to prostrate oneself with arms outstretched.,0.0
hápaw,v,verb,"to skim, to make a sweeping motion over the top of a container to make even the contents.",0.202
hápay,v,verb,"to bend low, to lean onto for support.",0.153
hápdi’,adj,adjective,"painful, smart pain.",-0.542
hápdi’,n,noun,"pain, sting.",-0.542
hápdi’,v,verb,"to smart, to cause a sharp pain, to be painful.",-0.542
hapi’n,n,noun,"diaper, lining, cover.",0.0
hápit,v,verb,"to drop in, to pass by, to visit, to call upon.",-0.273
háplak,v,verb,"to fall flat on the ground, to lay flat.",0.0
háplas,v,verb,"to rub with ointment, to smear, to dab.",-0.361
háplay,v,verb,"to hang on to, to let hang.",0.0
háplik,v,verb,"to give a side stroke, to side sweep, to flick away.",0.0
háplit,v,verb,"to blow, to strike, to hit.",-0.128
háplus,v,verb,"to rub with ointment, to smear.",-0.361
hápu’,v,verb,"to be tired, to be exhausted.",-0.66
hapún,n,noun,"japanese, japan.",0.0
hápun,n,noun,afternoon.,0.0
hápun,v,verb,"to alight, to perch, to turn dark in the late afternoon.",0.0
hapús,adj,adjective,"easy, manageable.",0.44
hára,n,noun,"queen, empress.",0.0
harákhak,n,noun,"guffaw, laughter.",0.494
harákhak,v,verb,"to guffaw, to laugh loudly.",0.494
harána,n,noun,serenade.,0.0
harána,v,verb,"to serenade, to sing to a lady with intentions of courtship.",0.0
haranísta,n,noun,serenaders.,0.0
harásharás,adj,adjective,"harsh in manner, lacking in social refinement.",-0.44
hardín,n,noun,garden.;  gardener.,0.0
hári’,n,noun,"king, emperor.",0.0
hári’,v,verb,"to be king, to rule as a king, to reign.",0.0
harína,n,noun,flour.,0.0
harúput,n,noun,breeze.,0.0
harúthut,v,verb,"to sew in big stitches, to patch.",0.0
hásta,adv,adverb,until.,0.0
hátag,n,noun,"gift, donation.",0.44
hátag,v,verb,"to give, to make a gift, to bestow, to assign, to award.",0.44
hatúkhatúk,v,verb,"to prick, to hurt, to chop, to make several cuts with a sharp instrument.",-0.791
hatúd,v,verb,"to deliver personally, to carry a message.",0.0
háwa’,v,verb,"to make way, to leave an open space, to open a passage.",-0.052
háwak,n,noun,waistline.,0.0
háwan,v,verb,"to clear, to clean from obstruction, to clear a crowded area.",0.784
háw’as,v,verb,"to take out of, to remove from inside, to deliver from a container.",0.0
hawáthawát,v,verb,"to crave badly, to eat little by little.",-0.477
háwid,v,verb,"to retain, to stay, to keep possession of.",0.0
háya’,v,verb,to lay out a corpse.,-0.572
háyag,adj,adjective,"bright, shiny.",0.44
háyag,v,verb,to become bright.,0.44
hayáhay,n,noun,"flag, banner.",0.0
hayángháyang,v,verb,to lie down lazily.,0.0
hayát,adj,adjective,"slender, thin, lean.",0.0
hayáw,v,verb,"to make as if to strike, to threaten to strike, to raise the hand as if to strike.",-0.226
háyhay,v,verb,"to sigh, to moan, to utter a plaint or wail.",-0.128
háylu,v,verb,"to convince, to induce.",0.25
hayú’,n,noun,"pet name, nickname.",0.0
háyup,n,noun,animal.,0.0
héfe,n,noun,chief.,0.0
henerál,n,noun,"general, army officer with the rank of general.",0.0
heneró,n,noun,"cloth, bale of cloth.",0.0
heringílya,n,noun,syringe.,0.0
hibalú,v,verb,"to know, to be aware of, to understand, to comprehend.",0.0
hibí’,v,verb,"to cry, to weep, to whimper.",-0.778
hibubún’ut,v,verb,"to sob, sigh convulsively.",-0.226
híkap,v,verb,"to touch with the hand, to feel, to handle.",0.494
híkaw,n,noun,"envy, jealousy.",-0.527
híkaw,v,verb,"to envy, to be jealous of.",-0.527
híkay,v,verb,"to find fault, to ridicule, to despise.",-0.796
híkut,n,noun,cooked food.,0.0
híkut,v,verb,"to get ready, to bring on, to cook, to prepare in the kitchen.",0.0
hidá’it,n,noun,"peace, tranquility.",0.743
hidá’it,adj,adjective,"peaceful, tranquil.",0.743
hídlaw,n,noun,"longing, homesickness.",-0.44
hídlaw,v,verb,"to long for, to yearn for, to be homesick, to wish to see personally.",-0.44
higád,adv,adverb,"alongside, beside, on the edge.",0.0
higánte,n,noun,giant.,0.0
higayún,pt,particle,"in the event that, in the circumstance that.",0.0
hígku’,n,noun,"rubbish, dirt, dust, blemish, blot.",-0.34
hígku’,adj,adjective,"dirty, dusty.",-0.34
hígku’,v,verb,"to be dirty, to soil, to defile, to litter.",-0.34
hígda’,v,verb,to lie down.,0.0
higúgma,n,noun,"love, affection.",0.823
higúgma,v,verb,"to love, to have affection for, to adore.",0.823
hígup,v,verb,"to sip, to suck up, to slurp, as a soup.",-0.44
higút,n,noun,"rope, string.",0.0
higút,v,verb,"to bind, to tie, to secure, to fasten with a string or a rope.",0.0
hilabút,v,verb,"to interfere, to meddle.",0.0
hílak,v,verb,"to cherish, to hesitate to spend or give away because of sentimental or monetary value, to have high regard for.",0.637
hilamún,n,noun,"grass, weed.",0.0
hilám’us,v,verb,to wash the face.,0.0
hilánat,n,noun,fever.,0.0
hilánat,v,verb,"to have a fever, to be feverish.",0.0
hílap,v,verb,to cut into thin slices with an extremely sharp knife.,-0.273
hilapít,adv,adverb,"near, in the vicinity of.",0.0
hiláw,adj,adjective,"raw, unripe, fresh.",0.318
hiláy,v,verb,"to lean, to incline, to slant.",0.0
hilayú’,adv,adverb,"far away, remote.",0.0
hílu,n,noun,thread.,0.0
hilú’,n,noun,poison.,-0.542
hilú’,v,verb,"to poison, to give poison to.",-0.542
híl’ub,v,verb,"to complete, to finish, to terminate planting or tilling the soil.",0.0
híl’um,v,verb,"to guess, to sense, to suspect.",-0.296
hílut,n,noun,midwife.,0.0
hílut,v,verb,"to massage, to rub.",0.0
hílway,adj,adjective,"free, independent, safe.",0.735
hílway,n,noun,"freedom, independence.",0.735
himáya’,n,noun,"happiness, glory, bliss.",0.896
hímbis,n,noun,fish scales.,0.0
hímpit,adj,adjective,"perfect, faultless.",0.772
hímu,v,verb,"to make, to do, to perform.",0.0
himúd’us,n,noun,effort.,0.0
himúd’us,v,verb,"to exert oneself, to make great effort.",0.0
himúlat,v,verb,"to strive to obtain, to be earnest.",0.511
himúlbul,v,verb,to pluck clean of feathers or fur.,0.402
himulús,v,verb,"to be of use, to make serviceable, to take advantage of.",0.25
himúnung,adj,adjective,"quiet, silent.",0.0
himúnung,v,verb,"to become quiet, to become noiseless.",0.0
hím’ung,adj,adjective,"modest, refined, demure, graceful.",0.459
hímus,v,verb,"to arrange, to put away in an orderly manner.",0.0
himútad,v,verb,"to scrutinize, to look at closely.",0.0
himutígun,n,noun,"denial, refusal.",0.0
hináblus,n,noun,"niece, nephew.",0.0
hinákay,v,verb,"to hire, to pay for rent.",-0.103
hináli’,adv,adverb,"abruptly, suddenly.",0.0
hinámbit,v,verb,"to mention, to refer to, to allude.",0.0
hinámput,v,verb,"to draw near, to approach, to move in the direction of the speaker.",0.0
hináw,v,verb,to wash hands or face.,0.0
hínay,adv,adverb,"slowly, gently.",0.459
hínay,adj,adjective,"slow, weak, tender.",0.459
hínay,v,verb,"to do slowly, to be weak or gentle.",0.459
hínhin,adj,adjective,"graceful, demure, dainty.",0.459
híning,adj,adjective,"shiny, polished.",0.0
hínis,v,verb,"to rub, to polish, to clean.",0.402
hínlu’,adj,adjective,"smooth, elegant, dainty.",0.477
hinúlsul,n,noun,"repentance, regret, remorse.",-0.599
hinúlsul,v,verb,"to be sorry for, to repent, to regret.",-0.599
hinun’ánun,v,verb,"to exchange views on a subject, to apeak about, to discuss.",0.0
hingabút,v,verb,"to draw, to try to reach, to persecute, to molest, to seek to obtain.",-0.727
hingagáw,v,verb,"to reach the goal, to complete, to finish.",0.026
hingálan,v,verb,"to name, to call by name.",0.0
hingamú,v,verb,"to covet, to desire, to strive to obtain.",0.402
hinganíban,n,noun,weapon.,-0.296
hingapús,v,verb,"to end, to finish, to complete, to terminate.",0.0
hingí’ki’,v,verb,to clean the teeth of tartar.,0.402
hingukú,v,verb,"to cut the nails, to trim and clean the fingernails.",0.153
hingúyang,n,noun,food preparation.,0.0
hingúyang,v,verb,"to hesitate to spend, to waste, to spend unwisely.",0.0
híngyu’,v,verb,"to think, to plan, to have the intention, to deliberate.",0.0
hípag,n,noun,"sister-in-law, brother-in-law.",0.0
hípid,adj,adjective,"neat, orderly, dressy.",0.459
hípus,adj,adjective,"quiet, silent, still.",0.0
hípus,n,noun,"stillness, silence, quietness.",0.0
hípus,v,verb,"to be silent, to keep quiet, to keep still.",0.0
hírup,adj,adjective,"intimate, tender.",0.0
hírup,n,noun,"comrade, friend, close friend.",0.0
hísa,n,noun,"envy, jealousy.",-0.527
hísa,adj,adjective,"envious, jealous, selfish.",-0.527
hisáyud,v,verb,"to ask for an explanation, to request information.",0.0
híta’,n,noun,"thigh, crotch.",0.0
hítad,v,verb,"to stretch, to open and smooth out as of cloth or paper.",0.0
híwa’,n,noun,"chunck, sliced piece, one slice.",0.0
híwa’,v,verb,"to slice, to carve, to cut to pieces.",0.0
híwat,v,verb,"to celebrate, to hold a feast.",0.572
hiyás,n,noun,"precious stone, gem.",0.572
híyud,v,verb,to stretch out.,0.0
hornál,n,noun,"laborer, workman.",0.0
hu’ád,adj,adjective,counterfeit.,0.0
hu’ád,n,noun,"copy, duplicate.",0.0
hu’ád,v,verb,to copy.,0.0
húbad,v,verb,"to loosen, to untie, to solve, to translate.",0.202
hubág,n,noun,"swelling, boil.",0.0
hubág,adj,adjective,"swollen, bulging.",0.0
hubág,v,verb,"to swell, to bulge.",0.0
hubás,v,verb,"to evaporate, to dry up.",0.0
húben,adj,adjective,young.,0.0
húblag,n,noun,"social compatibility, social movement, organization with revolutionary functions and aims.",0.0
húblas,adj,adjective,naked.,0.0
húblas,v,verb,"to strip off, to take off.",0.0
húbu’,adj,adjective,"naked, unclad.",0.0
húbu’,v,verb,"to unclad, to take off.",0.0
hubúg,n,noun,drunk;  drunkard.,-0.34
hubúg,v,verb,"to become drunk, to drink to excess.",-0.34
hubún,n,noun,group.,0.0
húk’ab,v,verb,to loosen and fall off.,0.0
húkas,v,verb,"to remove, to detach, to take off.",0.0
hukúm,n,noun,judge.,0.0
hukúm,v,verb,"to pass judgement, to try a court case.",0.0
hudéyu,n,noun,jew.,0.0
hugák,adj,adjective,loose.,-0.318
hugák,v,verb,"to untie, to loosen.",-0.318
hugakúm,v,verb,"to clasp in the fist, to grab, to grasp, to usurp.",0.0
húgas,v,verb,to wash hands and other objects except clothes.,0.0
húgpa’,v,verb,"to land, to perch, to come to rest especially of flying objects.",0.0
húgpung,n,noun,"bundle, bouquet.",0.0
húgpung,v,verb,"to make a bundle, to join together as a group.",0.0
hugút,adj,adjective,tight.,0.0
húgyaw,n,noun,"noisy laughter, enjoyment.",0.727
húgyaw,v,verb,"to be joyful, to cheer.",0.727
húlag,n,noun,"movement, action.",0.0
húlag,v,verb,"to move, to stir, to get busy.",0.0
hulám,v,verb,to borrow.,0.0
húlas,n,noun,"perspiration, moisture.",0.0
húlas,v,verb,to perspire.,0.0
hulát,n,noun,"waiting, expectations.",0.0
hulát,v,verb,"to wait, to expect, to be ready for.",0.0
hulík,v,verb,to snap at or to swallow the bait.,0.0
húlid,v,verb,"to lie alongside, to lie together.",0.0
húlip,v,verb,"to fill in strips, to patch a hole in a mat.",0.0
húlug,v,verb,"to fall down, to tumble.",0.0
hulúnan,n,noun,"roost, place for resting.",0.0
hulúnan,v,verb,"to roost, to settle down for rest or sleep as with fowls.",0.0
húlyo,n,noun,july.,0.0
humán,adj,adjective,"finished, completed, terminated.",0.0
humán,v,verb,"to terminate, to accomplish, to finish.",0.0
humáy,n,noun,rice plant.,0.0
húmlad,v,verb,"to spread out, to open, to unfold.",0.0
húmuk,adj,adjective,"soft, feathery.",0.0
húmuk,v,verb,"to become soft, to become tender.",0.0
humút,n,noun,"smell, odor.;  cologne, perfume, essence.",0.0
humút,adj,adjective,"fragrant, sweet smelling, odorous.",0.0
huná’,adj,adjective,"fragile, frail.",0.0
huná’huná’,n,noun,"thoughts, ideas, opinion.",0.0
huná’huná’,v,verb,"to think, to have the idea, to consider.",0.0
hunás,n,noun,low tide.;  beach.,-0.273
hunás,v,verb,to have low tide.,-0.273
huní,n,noun,"sound, chirp, whine.",-0.361
huní,v,verb,"of birds and insects, to hum, to chirp, to whistle.",-0.361
húnit,adj,adjective,"durable, lasting.",0.0
hún’ug,n,noun,"dew, moisture on the ground.",0.0
húnung,v,verb,"to stop, to cease, to detain.",-0.612
hunús,n,noun,"shelf, drawer.",0.0
húnus,v,verb,"to draw out, to pull out as a drawer.",0.0
hunúsbu’,adj,adjective,"fretful, whimpering.",0.0
húnyo,n,noun,june.,0.0
hungúd,adj,adjective,intentional.,0.0
hungúd,v,verb,"to do intentionally, to act voluntarily.",0.0
hupay,n,noun,nightmare.,0.0
hupút,v,verb,"to keep, to hold, to have.",0.0
huragúk,n,noun,snore.,0.0
huragúk,v,verb,to snore.,0.0
huramúl,adj,adjective,damp.,0.0
hurínghúring,n,noun,"rumor, news.",0.0
hurínghúring,v,verb,"to be rumored, to be spread as news.",0.0
húrma,n,noun,"mold, cast.",0.0
húrma,v,verb,"to mold, to fit into a cast.",0.0
húrno,n,noun,oven.,0.0
húrno,v,verb,to bake in an oven.,0.0
hurubatún,n,noun,"maxim, saying.",0.0
hurúng,n,noun,"bad guy, goon.",-0.542
huruśhurus,adj,adjective,"cad, rude, without gentlemanly instincts.",-0.459
húsay,n,noun,"comb, settlement, solution.",0.318
húsay,v,verb,"to comb one’s hair, to settle, to arrange, to set in order.",0.318
húslu’,v,verb,"to unsheathe, to draw out by accident, to drop off its container.",-0.637
hústu,adv,adverb,"enough, adequate, correct, fit, just right.",0.527
hutík,n,noun,whisper.,0.0
hutík,v,verb,to speak in a whisper.,0.0
hú’u,adv,adverb,"yes, affirmative particle.",0.402
hu’úl,n,noun,"sadness, woe.",-0.691
hu’út,adj,adjective,tight.,0.0
hu’út,n,noun,tightness.,0.0
huwád,v,verb,"to copy, to duplicate.",0.0
huwés,n,noun,judge.,0.0
húy,intj,interjection,"hey, oh.",0.0
huyá’,n,noun,"shame, disgrace.",-0.743
huyá’,adj,adjective,"disgraceful, shameful.",-0.743
huyá’,v,verb,"to be ashamed, to feel reproach.",-0.743
húyab,v,verb,to run away suddenly with great speed.,0.625
húy’ab,n,noun,yawn.,0.0
húy’ab,v,verb,to yawn.,0.0
huyá’huyá’,n,noun,sensitive plant.,0.0
húyang,adj,adjective,"rickety, shaky.",-0.226
húyang,v,verb,"to shake, to be rickety.",-0.226
huyúp,n,noun,"blast, blow, breath.",0.0
huyúp,v,verb,"to blow, to breathe upon, to expel breath.",0.0
hwébes,n,noun,thursday.,0.0
1-i-,va,verbal affix,general proposed action instrumental affix.,0.0
2-i-,va,verbal affix,goal focus affix.,0.0
-i,va,verbal affix,benefactive-locative focus affix.,0.0
ibábaw,adv,adverb,"on top of, on the surface.",0.202
ibábaw,v,verb,"to be on top of, to put on top.",0.202
ibán,n,noun,"other, some other.",0.0
íbid’íbid,v,verb,"to chaperon, to tag along, to tail along.",0.0
íbug,v,verb,"to have a passion for, to crave for.",0.459
íbug,na,noun formative,’íbug akú sang páhu’.,0.459
íbug,na,noun formative,si gabriel.,0.459
2-ika-,va,verbal affix,designating possibility of an action to happen.,0.0
ikáw,pr,pronoun,you (singular second person nominal pronoun).,0.0
íkit,adj,adjective,"close together, dense, least possible space between the elements.",0.0
íkug,n,noun,tail.,0.0
ikúg’íkug,v,verb,"to tail along, to tag along, to wag the tail as a dog.",-0.052
idálum,adv,adverb,"underneath, below, at the bottom.",0.0
idálum,v,verb,"to put under, to demote, to descend.",0.0
ídas,n,noun,"furrow, line.",0.0
ídas,v,verb,"to line, to furrow.",0.0
idík,n,noun,"pigling, piglet.",0.0
ídlab,v,verb,"to catch fire, to burst into flame.",-0.34
idú’,n,noun,dog.,0.0
iga,va,verbal affix,designating proposed action for instrumental focus.,0.0
ígham,v,verb,"to cough slightly, to clear the throat so as to attract attention.",0.623
iglésya,n,noun,church.,0.0
ígpat,v,verb,"to spark, to flicker, to twinkle as of stars.",0.226
igsú’un,n,noun,relation between godchild and children of godparents.,0.0
igú’,v,verb,"to fit, to accommodate.",0.361
ígut,v,verb,"to creak, to emit a grating sound by friction.",-0.103
íhaw,v,verb,"to broil, to roast over live coal.",0.0
íhi,n,noun,axle bar.,0.0
íhi’,n,noun,urine.,0.0
íhi’,v,verb,"to urinate, to pass water.",0.0
íla,pr,pronoun,"their, theirs (third person plural pre-position source pronoun).",0.0
ilá,adj,adjective,"elusive, untamed, undomesticated.",0.0
íla’,v,verb,"to like, to admire, to appreciate, to wish for.",0.875
ilagá’,n,noun,"rodent, rat, mouse.",0.0
ilayá,n,noun,"hinterland, remote area.",0.0
ílig,n,noun,"flow, current.;  ditch, drainage.",0.0
ílig,v,verb,"to flow, to run through.",0.0
ilímnun,n,noun,"drink, beverage, liquor.",0.0
ílis,v,verb,"to change, to alter, to vary, to replace, to exchange.",0.0
ílu,n,noun,orphan.,0.0
ílu,v,verb,"to become an orphan, to be orphaned.",0.0
íluk,n,noun,armpit.,0.0
ílug,v,verb,"to follow, to imitate, to copy, to forge.",0.0
ilúng,n,noun,nose.,0.0
ilúy,n,noun,mother.,0.0
imbénto,n,noun,"invention, creation.",0.273
imbénto,v,verb,"to invent, to devise.",0.273
imbestigár,v,verb,"to investigate, to censure.",0.0
imbitasyón,n,noun,invitation.,0.0
imprénta,n,noun,printing press.,0.0
imprénta,v,verb,"to print, to put in paper through a printing press.",0.0
ímpun,v,verb,"to join together, to conglomerate, to associate, to pull talents together.",0.637
impúntu,adv,adverb,"of time, sharp, on the dot.",0.0
ímu,pr,pronoun,"your, yours (second person singular pre-position source pronoun).",0.0
ímul,adj,adjective,"poor, impoverized.",-0.477
ímul,v,verb,"to become poor, to lose money or wealth.",-0.477
ímun,n,noun,"jealousy, envy.",-0.527
ímun,v,verb,to feel jealous.,-0.527
impyérno,n,noun,"hell, nether world.",-0.681
1-in-,na,noun formative,noun formative affix.,0.0
2-in-,aa,adjective formative,formative affix to designate manner or state of being.,0.0
3-in-,va,verbal affix,designating manner of performance or state of being.,0.0
iná’,d,deictic,that (far from the speaker).,0.0
1-in-…-an,na,noun formative,noun formative affix.,0.0
2-in-…-an,va,verbal affix,completed action transitive verb affix.,0.0
inánu,n,noun,"dwarfish man, man of dwarfish proportions.",0.0
índay,n,noun,"younger girls of age one to fifteen, address term for girls chronologically younger than the speaker, address term for unfamiliar non-acquainted informal relationship.",0.0
índi’,adv,adverb,"negative particle, no.",-0.572
índis’índis,n,noun,"contest, competition.",0.0
índis’índis,v,verb,"to hold a contest, to compete.",0.0
ineksyón,n,noun,"injection, syringe.",0.0
ineksyón,v,verb,"to inject, to prick with a needle.",0.0
iní,d,deictic,this (near the speaker).,0.0
ínit,n,noun,"heat, temperature, heat of the sun, anger.",-0.572
ínit,adj,adjective,"warm, hot, in rage, passionate.",-0.572
ínit,v,verb,"to heat, to boil, to make angry, to enrage, to boil with passion or rage.",-0.572
inítan,n,noun,sunshine.,0.494
inosénte,adj,adjective,innocent.,0.34
insúltu,n,noun,"insult, ridicule.",-0.743
insúltu,v,verb,"to insult, to ridicule, to affront.",-0.743
interés,n,noun,"interest, raise.",0.459
interés,v,verb,"to be interested in, to covet.",0.459
intsík,n,noun,chinese.,0.0
íntu’,n,noun,flattery.,0.103
íntu’,v,verb,"to convince with good graces, to play ball with emotions, to flatter.",0.103
inúg-,na,noun formative,instrumental noun formative affix.,0.0
inúm,n,noun,"drink, beverage, liquor;  beverage, liquor.",0.0
inúm,v,verb,"to drink, to take in.",0.0
inúmul,n,noun,"fist, clinched fist.",0.0
ínut,adj,adjective,"frugal, stingy, thrifty.",-0.382
inútil,adj,adjective,"useless, decrepit, disabled.",-0.421
ínyu,pr,pronoun,"your, yours (second person plural pre-position source pronoun).",0.0
ingkáhi,n,noun,"lace, trimming for a dress.",0.0
ingkántu,n,noun,"fairy, evil spirit.",-0.572
ingkántu,adj,adjective,enchanted.,-0.572
inínglis,n,noun,english language.,0.0
ingít,adj,adjective,"irritable, angry, in bad temper.",-0.914
ingít,v,verb,"to be in a bad mood, to be irritated.",-0.914
íngud,v,verb,"to be close by, to move closer, to be intimate with, be beside of.",0.0
íngus,v,verb,"to sniffle, to draw air audibly.",0.0
ípa-,va,verbal affix,designating causation of action by the actor.,0.0
íping,v,verb,"to seat next to, to be at the side of, to adjoin.",0.0
ípit,v,verb,"to compress, to squeeze, to press between.",0.0
íput,n,noun,"feces, animal waste matter;  anus.",-0.402
íput,v,verb,to move the bowel.,-0.402
irás,v,verb,"to feel uncomfortable with, to have a low regard for.",-0.572
isá,num,numeral,one;  first.,0.0
ísda’,n,noun,fish.,0.0
ísda’,v,verb,"to catch fish, to go out to the sea to catch fish.",0.0
ísi’ísi,v,verb,"to walk unsteadily, to stagger, to be unsteady in walking.",0.0
ísip,n,noun,"number, count.",0.077
ísip,v,verb,"to count, to reckon, to enumerate.",0.077
ispíya,n,noun,"spy, fifth column.",0.0
ispíya,v,verb,"to spy, to watch closely.",0.0
-ista,na,noun formative,noun formative affix denoting profession or type of job.,0.0
istórya,n,noun,"conversation, story.",0.0
istórya,v,verb,"to tell a story, to converse.",0.0
ísu,n,noun,chalk.,0.0
ísug,n,noun,"courage, boldness, bravery.",0.836
ísug,adj,adjective,"bold, brave, courageous.",0.836
ísug,v,verb,"to become courageous, to make one’s self brave to face adversities.",0.836
ísul,v,verb,"to retreat, to move back, to step back so as to make way.",0.202
íswag,v,verb,"to move over, to extend, to move away, to make room.",0.178
ítik,n,noun,duckling.,0.0
ítik,v,verb,to tickle.,0.0
itikíta,n,noun,"trademark, label.",0.0
ítlug,n,noun,egg.,0.0
ítlug,v,verb,to lay an egg.,0.0
itúm,adj,adjective,"black, dark, dark in complexion.",0.0
itúm,v,verb,"to become black, to get a tan.",0.0
íwag,n,noun,"light, illumination.",0.0
íwat,adj,adjective,"grave, seriously ill.",-0.727
íya,pr,pronoun,"his, her, hers, its (third person singular pre-position source pronoun).",0.0
iyá,pt,particle,"specifier distinguishing particle used before or after a deictic, noun or pronoun chosen to be emphasized.",0.0
1-la-,va,verbal affix,"or group action affix, used together with general aspect affixes.",0.0
2-la-,na,noun formative,noun formative affix when combined with .,0.0
3-la-,aa,adjective formative,adjective formative affix.,0.0
-la-…-an,na,noun formative,noun formative affix designating repetitive or social action occurring in a place.,-0.25
lá’aw,v,verb,"to watch, to observe, to look out of the window.",0.0
labá,v,verb,"of clothes, to wash.",0.0
labá,n,noun,laundrywoman.,0.0
lába’,n,noun,"length, duration, extent.",0.0
lába’,adj,adjective,"long, extending for a considerable distance.",0.0
labábu,n,noun,"lavabo, washbasin.",0.0
lábag,v,verb,"to be against, to violate.",-0.494
labáha,n,noun,"razor blade, razor.",0.0
labán,con,conjunction,"besides, except, moreover, furthermore.",0.0
labatíba,n,noun,enema.,0.0
labatíba,v,verb,to give or apply an enema.,0.0
láb’as,adj,adjective,"raw, fresh as of fruits and vegetables.",0.318
labáw,adv,adverb,"aside from, besides, more than.",0.0
labáw,v,verb,"to surpass, to exceed.",0.0
labáy,v,verb,"to go through, to pass by.",0.0
labí,adv,adverb,"more than, exceedingly.",0.0
labí,v,verb,"to exceed, to surpass.",0.0
labú’,v,verb,"to strike with a machete or an ax, to smite with great force.",0.557
láb’uk,v,verb,"to sip, to take a draught.",0.0
labúgay,v,verb,"to stir, to mix especially liquids.",0.0
lábut,n,noun,"business, concern.",0.0
lábyug,v,verb,"to hurl, to fling, to throw to a far distance.",0.0
laká’,adj,adjective,"scarce, rare, sometimes.",0.0
lák’ang,n,noun,"big step, step which is as far as the legs can extend.",0.178
lák’ang,v,verb,"to step over, to make a big step.",0.178
lakát,n,noun,"trip, walk, business trip.",0.0
lakát,v,verb,"to walk, to go, to leave.",0.0
lákbang,v,verb,"to stride, to make a big step.",0.0
lakíp,v,verb,"to include, to enclose, to insert.",0.0
láklak,v,verb,to lap with the tongue.,0.0
láktaw,v,verb,"to pass over, to miss, to skip.",-0.153
láktud,v,verb,to take a short cut.,-0.273
ládlad,v,verb,"to open, to spread, to unfold.",0.0
lá’ga’,v,verb,"to boil, to cook in water.",0.0
lagabúng,v,verb,"to fall to the ground with a flop, to rumble.",-0.34
lagári’,n,noun,"saw, carpenter’s tool.",0.0
lagári’,v,verb,to cut with a saw.,0.0
lagás,v,verb,"to pursue, to run after, to chase.",0.0
lagátik,n,noun,"snap, clicking sound.",0.0
lagatúk,n,noun,"snap, dull thud, dull sound.",-0.66
lágawlágaw,v,verb,"to wander about, to roam around, to stroll.",0.0
lágda’,n,noun,"mark, sign, signature.",0.0
lági,adv,adverb,"frequently, often.",0.0
lágpit,n,noun,rat trap.,-0.318
lágtum,adj,adjective,"black, dark.",0.0
lagú,n,noun,earthworm.,0.0
lagú’,n,noun,"soiled clothes, laundry.",0.0
lagwérta,n,noun,"lawn, yard, orchard.",0.0
lágyu’,adv,adverb,"far, at a distance.",0.0
lágyu’,v,verb,"to run away, to flee, to go to a far off place.",0.0
lahúg,n,noun,"joke, teasing.",0.226
lahúgláhug,n,noun,"joke, teasing.",0.226
lahúgláhug,v,verb,"to joke, to make fun, to quip.",0.226
lá’in,adj,adjective,"bad, immodest, unfavorable, unjurous.",-0.542
la’ín,adj,adjective,"different, changed, dissimilar, various.",0.0
la’ín,v,verb,"to change, to be different.",0.0
lála,v,verb,"to weave, to weave together.",0.0
lalá’,v,verb,"to become seriously ill, to become severe.",-0.727
laláki,n,noun,"male, man, boy, male illicit lover.",0.586
laláw,v,verb,"to be in black mourning dress, to wear mourning clothes.",-0.7
lalím,n,noun,flavor.,0.0
lális,v,verb,"to pay no heed to, to disobey.",-0.382
lamá’lamá’,v,verb,"to cut into small pieces as of ribs, to cut meat with bones into thin pieces.",-0.494
lámang,con,conjunction,"but, only, mere, just.",0.0
laḿbat,n,noun,"net, woven rattan net of native beds.",0.0
lámbut,v,verb,"to reach, to arrive, to attain.",0.026
lamésa,n,noun,table.,0.0
laḿgud,adj,adjective,barren.,0.0
lamíg,n,noun,coldness.,0.0
lamíg,adj,adjective,"cold, cool, low in temperature for weather and liquids.",0.0
lamígas,n,noun,"grain, cereal.",0.0
lámluk,n,noun,moth.,0.0
lampás,v,verb,"to surpass, to overtake.",0.0
lampásu,n,noun,"rag, mop, scrub.",0.0
lampásu,v,verb,"to mop, to scrub the floor.",0.0
lampín,n,noun,baby’s diaper.,0.0
lampitáw,adj,adjective,"well-known, famous.",0.0
lampú’as,v,verb,"to pass, to reach beyond and move on.",0.026
lámpus,v,verb,"to hit someone with something, to strike hard with an instrument.",-0.226
lamúk,n,noun,mosquito.,0.0
lamúd,v,verb,"to mix with, to add to.",0.0
lamún,n,noun,blind.,-0.402
lámun,v,verb,"to eat like an animal, to gulp down food hungrily.",0.361
lána,n,noun,"wool, oil especially coconut oil.",0.0
lándung,n,noun,"shade, shadow.",0.0
lánsang,n,noun,nail.,0.0
lánsang,v,verb,to drive a nail.,0.0
lansítas,n,noun,pocket knife.,0.0
lánta,adj,adjective,"withered, faded as of plants and flowers.",0.0
lántaw,v,verb,"to watch, to see, to look out of the window.",0.0
lántun,n,noun,"tune, song, music, music sheet.",0.0
lántun,v,verb,to play a musical instrument.,0.0
lanúg,n,noun,"echo, black and blue mark, rotten portion.",-0.511
lányatlányat,n,noun,membrane.,0.0
láng,pt,particle,"only, also, just.",0.0
láng’at,n,noun,"interval, space between.",0.0
lángaw,n,noun,fly.,0.0
lángka’,n,noun,jackfruit.,0.0
lángkag,v,verb,"to worry, to be anxious about.",-0.599
lánggaw,n,noun,vinegar.,0.0
langís,n,noun,"oil, especially coconut oil.",0.0
lángit,n,noun,"heaven, sky, outer space.",0.511
láng’ug,adj,adjective,"rotten, foul odor of stagnant water.",-0.511
langúy,v,verb,to swim.,0.0
lápak,v,verb,"to trample on, to step on, to treat with pride or contempt.",0.077
lápad,n,noun,"width, area, broadness.",0.0
lápad,adj,adjective,"wide, broad, extensive.",0.0
lapá’lapá’,v,verb,"to cut into small pieces, to mangle.",-0.273
lápas,v,verb,"to violate, to disobey an order.",-0.494
lapáw,v,verb,"to be higher than, to exceed, to overflow.",0.0
lápdus,v,verb,"to hit with a strong force, to beat with intentions to destroy, to hit hard.",-0.153
lápis,n,noun,pencil.,0.0
lapít,adj,adjective,"near, close, intimate.",0.0
lapít,v,verb,"to approach, to move near, to be close by.",0.0
lápnag,v,verb,"to become extensive, to spread, to propagate.",0.0
lápsag,n,noun,"baby of age one to two, infant.",0.0
lápsi’,adj,adjective,"frail, wan, pale, pallid.",0.0
lápta,v,verb,"to extend, to spread, to scatter.",0.178
lápus,v,verb,"to pierce, to penetrate, to go through.",0.0
lapúyut,adj,adjective,"sticky, thick in texture especially of liquids.",0.0
lápyu,v,verb,"to tire, to get exhausted.",-0.361
laranghíta,n,noun,nectarine.,0.0
laráwan,n,noun,picture.,0.0
lárga,v,verb,"to travel away on a boat, to sail away.",0.0
lasáw,n,noun,molasses.,0.0
lás’ay,adj,adjective,"bland in taste, unsavory.",-0.44
lásu,n,noun,"ribbon, trimming.",0.0
láta,n,noun,"tin, can.",0.0
latá’,adj,adjective,"rotten, overcooked.",-0.511
látag,v,verb,"to bleach, to put out in the sun.",0.0
látay,v,verb,"to cross a narrow footbridge without support, to balance oneself on a narrow board.",-0.309
látid,v,verb,"to line, to mark, to limit, to make a boundary.",0.0
latigú,n,noun,whip.,0.0
latúk,n,noun,table.,0.0
látum,v,verb,to penetrate to the innermost part.,0.0
latún,n,noun,tin can with a volume content of five gallons.,0.0
latún,v,verb,"to infect, to contaminate.",0.0
lá’ug,v,verb,"to roam, to stroll, to walk about.",0.0
lá’um,v,verb,"to hope, to expect, to trust, to estimate.",0.735
la’ún,n,noun,"old maid, bachelor girl.",0.0
-la-…-un,na,noun formative,noun formative affix designating an action to be performed to the object or person referred to.,0.0
lá’ut,adj,adjective,"vile, bad, malicious, wicked.",-0.9
láwa’,n,noun,spider web.,0.0
láwag,v,verb,"to pronounce, to call out.",0.0
láwas,n,noun,"body, human body.;  representative.",0.0
láw’ay,adj,adjective,"ugly, offensive, repulsive.",-0.743
láwid,n,noun,"of distance, length.",0.0
láwid,adj,adjective,"of distance, long, long stretch.",0.0
láwig,adj,adjective,"lengthy, wide, broad, extensive.",0.0
láwlaw,adj,adjective,"loose about the waist, of clothing, loose.",-0.557
láya,n,noun,fish net.,0.0
láya’,v,verb,"to wither, to fade, to dry up as of flowers and plants.",0.0
láyag,n,noun,sail for a boat.,0.0
láyas,v,verb,"to run away, to flee from, to go away without permission, to run away from home.",0.0
layát,v,verb,to sag as of skin.,0.0
láygay,v,verb,"to advise, to talk, to lecture, to preach.",0.0
layí,n,noun,"law, bill.",0.0
layú’,n,noun,"of distance, far.",0.0
layú’,adj,adjective,"far, distant.",0.0
layú’,v,verb,"to go far, to go away, to be far.",0.0
layúng,v,verb,"to dry up, to wither.",0.0
leksyón,n,noun,lesson.,0.0
létse,n,noun,volume measure amounting to one eight-ounce tin can.,0.0
létse,intj,interjection,"damn, damn you.",0.0
-li-,va,verbal affix,variant of -la-.,0.0
libák,v,verb,"to backbite, to deride.",-0.273
libańg,v,verb,"to amuse, to entertain, to comfort.",0.758
libát,adj,adjective,cross-eyed.,0.0
libát,v,verb,to become cross-eyed.,0.0
líbra,n,noun,pound.,0.0
líbre,adj,adjective,"free, gratis.",0.542
libreríya,n,noun,library.,0.0
líbro,n,noun,book.,0.0
líbu,num,numeral,thousand.,0.0
líbud,v,verb,"to peddle door to door, to go around.",0.0
líbug,n,noun,bumblebee.,0.0
libúg,n,noun,"trouble, problem, worry.",-0.807
libúg,v,verb,"to be confused, to be worried, to have a problem.",-0.807
libún,n,noun,"enclosure, fence.",0.0
libún,v,verb,"to enclose, to surround.",0.0
líbut,v,verb,"to walk about, to roam around, to encircle.",0.0
líbut,n,noun,surrounding.,0.0
likáw,v,verb,"to shun, to avoid, to detour.",-0.296
líkday,v,verb,"to step to one side to allow another to pass, to make way, to step aside.",0.226
líkido,n,noun,liquid.,0.0
líki’,v,verb,"to bound, to spring, to leap with grace.",0.421
líksi,v,verb,"to jump around, to leap.",0.0
likú’,v,verb,"to turn the corner, to turn a street corner.",0.0
likúd,n,noun,back.,0.0
likúm,v,verb,"to hide a secret, to conceal.",-0.178
lígad,v,verb,"to pass by, to be part of the past.",0.0
naglígad,na,noun formative,ang enéro péro walá’ pa matapús ang trabáho ku.,0.0
ligás,n,noun,"garter, belt.",0.0
lígdung,adj,adjective,"modest, serious, conservative.",-0.077
lígid,v,verb,"to whirl, to roll, to turn over and over.",0.0
ligís,v,verb,"to mill, to crush into powder.",-0.153
lígu’,v,verb,"to take a bath, to bathe, to swim in the river or the ocean.",0.0
líg’un,adj,adjective,"steady, stable, strong.",0.67
ligúnlígun,v,verb,"to let melt, to swallow or dissolve in the mouth.",0.0
ligúy,adj,adjective,"negligent, truant.",0.0
ligúy,v,verb,"to play truant, to be lazy.",0.0
liháy,v,verb,"to fall against for support, to lean on.",0.402
lihí’,v,verb,"to forbid, to disapprove.",-0.318
líla,adj,adjective,"violet, lavender.",0.0
limá,num,numeral,five;  fifth.,0.0
límbung,n,noun,"lie, deceit.",-0.459
límbung,v,verb,"to cheat, to deceive, to double-cross.",-0.459
limitádo,adj,adjective,limited.,-0.226
limpyabúta,n,noun,bootblack.,0.0
límyo,adj,adjective,"clean, spotless, in order.",0.402
límyo,v,verb,"to clean, to put in order.",0.402
límug,v,verb,to gargle.,0.0
limús,n,noun,"alm, donation.",0.0
limús,v,verb,"to give alms, to donate.",0.0
límut,v,verb,to forget.,-0.226
linábhan,n,noun,washed clothes.,0.0
línas,v,verb,"to thresh as of rice, to trample upon.",0.0
línas,n,noun,thresher.,0.0
línaw,n,noun,"brook, stream.",0.0
líntak,v,verb,to emit a clicking sound.,0.0
líntuk,n,noun,bran.,0.0
línug,n,noun,earthquake.,0.0
línug,v,verb,"to have an earthquake, to shake like an earthquake.",0.0
linúng,adj,adjective,"calm, silent, peaceful.",0.67
língas,v,verb,"to distract, to confuse, to upset, to make noise.",-0.691
lingáw,v,verb,"to distract, to bother, to amuse, to relax.",0.25
lingáw,adj,adjective,"noisy, bothersome, distracting.",0.25
língkud,v,verb,to sit down.,0.0
linggánay,n,noun,bell.,0.0
línghud,adj,adjective,"of plants, young, new.",0.0
língin,adj,adjective,"dizzy, round.",-0.226
língin,v,verb,"to be dizzy, to have nausea, to feel the head spinning.",-0.226
língling,v,verb,"to peep through a small hole, to observe secretly through an aperture.",0.0
lipák,n,noun,"stick, small twig.",0.0
lípas,v,verb,to pass by as of time.,0.0
lipát,v,verb,"to forget, to lose the memory.",-0.557
lípay,n,noun,"happiness, joy, delight.",0.906
lípay,v,verb,"to be delighted, to feel happy.",0.906
lípun,v,verb,"to screen, to conceal, to hide.",-0.178
lípung,v,verb,"to faint, to fall unconscious.",0.0
líp’ut,n,noun,"shortness, brevity.",0.0
líp’ut,adj,adjective,"short, brief, curtailed.",0.0
lísang,v,verb,"to be terrified, to be frightened, to be shocked.",-0.848
lisénsya,n,noun,"license, permission.",0.0
lisénsya,v,verb,to ask permission.,0.0
lísi,v,verb,to look about curiously or searchingly.,0.0
lisík,v,verb,to fly like chips of wood.,0.361
lísngadlísngad,v,verb,"to linger, to tarry, to delay.",-0.318
lísta,n,noun,"list, roll.",0.0
lísta,v,verb,"to list down, to enlist, to enroll.",0.0
lístun,n,noun,"ribbon trimming, shoe string.",0.0
lísu,n,noun,seed.,0.0
lísu’,v,verb,"to turn about, to be awry.",0.0
lisúd,adj,adjective,"hard, difficult.",-0.44
lisúd,n,noun,"distress, hardship, difficulty.",-0.44
litík,v,verb,"to crack, to split, to have a flaw.",0.0
lítra,n,noun,letter of the alphabet.,0.0
lítro,n,noun,liter measure.,0.0
litsúgas,n,noun,lettuce.,0.0
lítsun,n,noun,whole pig roasted on live coal pit.,0.0
lítsun,v,verb,to roast a whole pig.,0.0
lítun,v,verb,"to migrate, to transfer, to move.",0.0
lí’ug,n,noun,neck.,0.0
liwáliwá,v,verb,"to relax, to take a vacation.",0.44
liwán,v,verb,"to do again, to repeat, to remodel.",0.0
liwát,adv,adverb,"again, repeatedly.",0.0
liwát,v,verb,"to do over, to remodel, to repeat.",0.0
liyón,n,noun,lion.,0.0
lóbo,n,noun,balloon.,0.0
lólo,n,noun,grandfather.,0.0
lóte,n,noun,"piece of land, lot.",0.0
-lu-,va,verbal affix,variant of -la-.,0.0
lú’ad,v,verb,"to spit out, to throw out of the mouth.",0.0
lubád,v,verb,"to solve, to translate, to interpret.",0.202
lúbag,v,verb,"to twist, to wring, to twist and pull.",0.0
lúbha’,v,verb,"to cheat, to betray.",-0.802
lubhá’,adj,adjective,"serious, grave.",-0.44
lubhá’,v,verb,"to be seriously ill, to get worse.",-0.44
lubí,n,noun,coconut.,0.0
lúbid,n,noun,"rope, string.",0.0
lúbid,v,verb,"to entwine, to make into a rope or string.",0.0
lubúg,adj,adjective,"murky, turbid.",0.0
lubúg,v,verb,to become murky.,0.0
lubúng,n,noun,"burial, crypt.",0.0
lubúng,v,verb,"to bury, to inter.",0.0
lukát,v,verb,"to pull or dig out together with the roots, to uproot.",0.0
lúku,v,verb,"to cheat, to trick.",-0.494
lukú,v,verb,"of dogs, to lie down with front legs bent under.",0.0
lúksu,v,verb,"to jump, to leap, to jump over.",0.0
lúkut,v,verb,"to wind up, to roll, to crumple.",0.0
lugár,n,noun,"place, site, location.",0.0
lúgdang,v,verb,"to sink, to disappear under the water.",-0.226
lúgpay,v,verb,"to mollify, to soothe, to counsel.",0.361
lú’gu’,v,verb,to shake.,-0.178
lugúm,n,noun,dye.,0.0
lugúm,v,verb,"to dye, to color with dye.",0.0
lúgus,v,verb,"to force to submit, to violate, to grab, to rape.",-0.836
lúha’,n,noun,tear.,0.0
lúhu,adj,adjective,"dressed up, elegant.",0.477
luhúd,v,verb,to kneel down.,0.0
lulú’,adj,adjective,"gentle, kind, meek, tender.",0.743
lumáy,n,noun,"love potion, charm.",0.784
lumáy,v,verb,"to entice, to attract strongly, to give a love potion.",0.784
lúmba’,n,noun,"race, contest.",0.0
lúmba’,v,verb,"to have a race, to hold a contest.",0.0
lúming,adj,adjective,"flabby, feeble, limp.",-0.296
lúmpag,v,verb,"to destroy, to demolish.",-0.542
lúmpat,v,verb,"to jump, to leap, to dive down.",0.0
lumús,v,verb,to drown.,-0.572
lúmut,n,noun,moss.,0.0
lumúy,v,verb,to put into the mouth and swallow down as of a pill.,0.0
lúnes,n,noun,monday.,0.0
lúnhaw,adj,adjective,green.,0.0
lúntad,v,verb,"to live, to reside, to emigrate.",0.0
lúnsay,adv,adverb,"steady, stable.",0.296
lúnud,v,verb,"to be inferior to, to be unbecoming, to sink.",-0.402
lungíb,n,noun,cave.,0.0
lungún,n,noun,"bier, crypt.",0.0
lunggú’,v,verb,to knock or push against especially the head.,0.0
lungúlúngu,v,verb,to shake the head for negation or disapproval.,-0.178
lupád,v,verb,"to fly, to soar in the air.",0.0
lúpig,v,verb,"to oppress, to overpower, to side with.",0.0
lupúk,v,verb,"to burst, to blow-out, to erupt.",0.0
lupúg,adj,adjective,crippled.,0.0
lúp’ug,v,verb,to sit or squat down with legs turned to one side as resting animals.,0.0
lupút,v,verb,"to have loose bowel movement, to have diarrhea.",-0.318
lúpyak,v,verb,to form a small depression in the ground.,-0.572
lusád,v,verb,"to alight, to land, to disembark.",0.0
lús’aw,adj,adjective,"faded, discolored.",0.0
lús’aw,v,verb,"to fade, to run in color, especially of cloth.",0.0
lúspad,adj,adjective,"wan, pale in face.",0.0
lúspad,v,verb,"to be pale or wan, to turn pale.",0.0
lusút,v,verb,"to emerge, to pass, to go through, to pierce.",0.0
luták,n,noun,clay.,0.0
lutás,v,verb,"to wean, to detach affection for something longed for.",0.527
lutáw,adj,adjective,"famous, big, afloat, popular.",0.421
lutáw,v,verb,"to float, to be famous, to be well-known.",0.421
lúthang,v,verb,"to shoot to death, to fire a gun.",-0.878
lútu,v,verb,"to mourn, to wear the black mourning attire.",-0.691
lútu’,n,noun,"cooked food, prepared food.",0.226
lútu’,adj,adjective,"cooked, ripe.",0.226
lútu’,v,verb,"to cook, to mature, to ripen.",0.226
lútus,v,verb,"to surpass, to outdo, to run after, to defeat.",-0.459
lú’uy,v,verb,"to have mercy, to have compassion for.",0.67
luwág,n,noun,"ladle, a native deep-bowled spoon used in cooking made from hard skin of the coconut and long bamboo handle.",-0.103
luwás,con,conjunction,"aside from, except, outside of.",0.0
luwás,v,verb,"to free, to redeem, to save.",0.0
lúya,adj,adjective,"decrepit, weak, frail.",-0.44
lúya,v,verb,"to become weak, to lose strength.",-0.44
lúy’a,n,noun,ginger.,0.0
lúyag,v,verb,"to want, to desire, to like.",0.67
lúyluy,v,verb,"to hand down, to droop.",0.494
luyú,adv,adverb,"by, near, beside.",0.0
1-ma-,va,verbal affix,proposed action affix of the  verb.,0.0
2-ma-,aa,adjective formative,"formative affix attached to nouns, verb or adjective roots.",0.0
ma-…-an,va,verbal affix,proposed action affix of the  verb for benefactive-locative focus.,0.0
ma’álwan,adj,adjective,"rude, mean.",-0.459
ma’áyu,adj,adjective,"well, good, fine.",0.7
1-ma-…-un,na,noun formative,noun formative affix designating a state of being as described by the adjective root.,0.0
2-ma-…-un,aa,adjective formative,formative affix designating state of being.,0.0
mábdus,v,verb,to be pregnant.,0.0
maká-,va,verbal affix,proposed action affix of the  verb for actor focus.,0.0
maka’áku’,n,noun,"god, the almighty.",0.273
makiná,n,noun,"machine, motor.",0.0
makinílya,n,noun,typewriter.,0.0
makinílya,v,verb,to type.,0.0
mákut,v,verb,"to make a fire, to begin to burn, to start to blaze.",-0.34
mádre,n,noun,"nun, catholic nun.",0.0
ma’éstro,n,noun,"teacher, instructor.",0.0
1-mag-,va,verbal affix,infinitive actor focus affix.,0.0
2-mag-,na,noun formative,noun formative affix designating reciprocal relationship.,0.0
magá’,va,verbal affix,proposed action affix of the  verb.,0.0
mág’an,adj,adjective,"light, trivial, cheerful.",0.527
mag’asáwa,n,noun,married couple.,0.0
mágka-,va,verbal affix,designating possibility of a reciprocal action to happen.,0.0
mágpa-,va,verbal affix,designating causation of action by the actor.,0.0
maǵpang-,va,verbal affix,magpanghilám’-us akú.,0.0
maguláng,n,noun,"older sibling, older in age.",0.0
mahál,adj,adjective,"expensive, dear, cherished.",0.71
mahímo,v,verb,"to be possible, to be feasible.",0.0
ma’ís,n,noun,corn.,0.0
malá,adj,adjective,dry.,0.0
malá,v,verb,"to become dry, to evaporate.",0.0
nagmalá,na,noun formative,ang pantalún ku.,0.0
maléta,n,noun,"piece of baggage, luggage.",0.0
málu,v,verb,"to give an alarm, to crow as of cocks.",-0.34
mán,pt,particle,"also, too.",0.0
mánang,n,noun,respect term for a lady older than the speaker.,0.477
mándo,n,noun,"command, announcement.",0.0
mándo,v,verb,"to rule, to lead, to command, to announce.",0.0
maného,v,verb,"to manipulate, to drive a car.",0.0
maní,n,noun,peanut.,0.0
manínay,n,noun,godmother.,0.0
mansánas,n,noun,apple.,0.0
mantíka’,n,noun,"cooking oil, shortening.",0.0
mantikílya,n,noun,butter.,0.0
mántil,n,noun,tablecloth.,0.0
mántsa,n,noun,"stain, spot.",0.0
mántsa,v,verb,"to stain, to mark.",0.0
mántu’,n,noun,veil used by women in church.,0.0
manúk,n,noun,chicken.,0.0
manúg-,na,noun formative,noun formative affix designating a type of job or work.,0.0
mán’ug,n,noun,"snake, serpent.",0.0
mánung,n,noun,respect term for men older than the speaker.,0.477
manyíka’,n,noun,doll.,0.0
1-mang-,va,verbal affix,active action affix usually designating plural or repeated action.,0.402
2-mang-,na,noun formative,noun formative affix designating type of job or profession.,0.0
mangá,pt,particle,marker.,0.0
mángga,n,noun,mango.,0.0
mánggad,n,noun,"wealth, property.",0.494
mánggad,adj,adjective,"rich, landed, wealthy.",0.494
mánghud,n,noun,"younger sibling, term used for people younger in age than the speaker.",0.0
mangín,va,verbal affix,"to become, to be like.",0.361
mangingísda’,n,noun,fisherman.,0.0
mangú’,adj,adjective,"unlettered, ignorant.",-0.273
mangungúma,n,noun,farmer.,0.0
mápa,n,noun,map.,0.0
marásmas,v,verb,to become wide awake.,0.0
márka,n,noun,"brand, mark, label.",0.0
marinéro,n,noun,sailor.,0.0
mármul,n,noun,marble.,0.0
márso,n,noun,march.,0.0
mártes,n,noun,tuesday.,0.0
martílyu,n,noun,hammer.,0.0
martír,n,noun,martyr.,0.0
mártsa,n,noun,"march, drill practice.",0.0
mártsa,v,verb,"to march, to drill.",0.0
maskará,n,noun,mask.,0.0
maskará,v,verb,to wear a mask.,0.0
máskin,con,conjunction,"even if, even though, as long as.",0.0
masyádo,adv,adverb,"too much, in excess.",0.0
mata,n,noun,eye.,0.0
mata,v,verb,to awaken.,0.0
matadéro,n,noun,butcher.,0.0
matárung,n,noun,"reason, cause.",0.0
matárung,adj,adjective,reasonable.,0.0
matáy,v,verb,"to die, to pass away.",-0.599
ma’úl,adj,adjective,numb.,-0.34
ma’úl,v,verb,to become numb.,-0.34
may-,aa,adjective formative,formative affix designating possession of the quality stated.,0.0
may-,na,noun formative,si ramóna.,0.0
may,v,verb,"to have, the existence of something, to be in existence.",0.0
máya,n,noun,wren.,0.0
mayád,adj,adjective,"good, fine, well.",0.7
mayád,v,verb,"to become well, to recover from being sick, to get well, to improve.",0.7
nagmáyad,na,noun formative,si carméla.,0.0
máyo,n,noun,may.,0.0
mayór,n,noun,mayor of a town or city.,0.0
mayordómo,n,noun,"butler, official of a ship.",0.0
medálya,n,noun,medal.,0.477
medikó,n,noun,doctor.,0.0
médya,n,noun,half.,0.0
médyas,n,noun,"socks, stocking.",0.0
mensáhe,n,noun,message.;  messenger.,0.0
merkádo,n,noun,open market.,0.0
mestisílya,n,noun,female half-breed.,0.0
mestíso,n,noun,"half-breed, male half-breed.",0.0
métro,n,noun,meter.,0.0
mikániko,n,noun,machinist.,0.0
mikróbyo,n,noun,"germ, microbe.",0.0
míl,num,numeral,thousand.,0.0
milágru,n,noun,miracle.,0.586
milágru,v,verb,to perform a miracle.,0.586
mílya,n,noun,mile.,0.0
milyún,num,numeral,million.,0.0
milyún,n,noun,millionaire.,0.0
mína,n,noun,"mineral mine, land mine.",0.0
minístro,n,noun,"minister, preacher.",0.0
mínus,adv,adverb,"before, less, of time.",0.0
mínus,v,verb,"to take out, to decrease, to make smaller.",0.0
minútu,n,noun,"of time, minute.",0.0
míngaw,n,noun,"loneliness, anguish.",-0.772
míngaw,adj,adjective,"lonely, cheerless.",-0.772
míngaw,v,verb,"to feel lonely, to feel distressed, ginmingáw akú kahápun.",-0.772
mísa,n,noun,roman catholic mass.,0.0
mísa,v,verb,to say mass.,0.0
misyonéro,n,noun,missionary.,0.0
mítlang,v,verb,"to say, to mention.",0.0
miyád,adj,adjective,"fine, good, well.",0.7
motór,n,noun,"motor, machine.",0.0
motór,adj,adjective,motorized.,0.0
motorsíklo,n,noun,motorcycle.,0.0
mu,pr,pronoun,"short form of nímu, second person post-position source pronoun.",0.0
mu,pt,particle,particle expressing affirmation of the statement of which it is the last word.,0.0
mú’ad,v,verb,"to augment, to increase, to multiply.",0.318
múklat,v,verb,to open one’s eyes in waking.,0.0
múda,n,noun,"mode, fashion.",0.0
múda,v,verb,to become the fashion.,0.0
mugún,v,verb,"to work for a daily wage, to earn.",0.0
múg’ut,v,verb,"to do something with violence, to have a grudge for.",-0.625
mulálung,v,verb,to see or perceive clearly.,0.402
muléstya,n,noun,"bother, trouble.",-0.625
muléstya,v,verb,"to bother, to molest, to cause trouble, to request.",-0.625
múlta,n,noun,"fine, penalty.",-0.296
múlta,v,verb,"to impose a fine, to be fined.",-0.296
munisípyo,n,noun,"municipal town hall, municipal office building.",0.0
múnu,con,conjunction,"said, according to, quoting particle.",0.0
múnu,v,verb,"to mention, to murmur, to say.",0.0
mungá’,n,noun,"hen, female chicken.",0.0
múngha,n,noun,"monk, isolated nun.",-0.318
murahág,adj,adjective,"pop-eyed, red-eyed.",0.0
múrto,n,noun,"ghost, spirit, apparition.",-0.153
muskitéro,n,noun,mosquito net.,0.0
muskobádo,n,noun,"unrefined sugar, brown sugar.",0.0
músika,n,noun,music.,0.0
músing,v,verb,"to disgrace, to taint.",-0.494
músmus,adj,adjective,"poor, just, only.",-0.477
mutsátso,n,noun,"man servant, paid male servant in the house.",0.0
mutún,n,noun,pulley.,0.0
mútya’,n,noun,pearl.,0.0
mwéstra,n,noun,"sample, model.",0.0
myémbro,n,noun,member.,0.0
myerkolés,n,noun,wednesday.,0.0
na,pt,particle,"already, still, yet.",0.0
na-,va,verbal affix,variant of ; completed action affix for the /ma-/ verb in optative mode.,0.0
na’,d,deictic,"that, from iná’.",0.0
na-…-an,va,verbal affix,conditional completed action affix of the  verb.,0.0
nábaw,adj,adjective,shallow.,0.0
naká-,va,verbal affix,conditional completed action affix of the  verb.,0.0
nákun,pr,pronoun,"my, mine, (first person singular post-position source pronoun).",0.0
nag-,va,verbal affix,completed action affix of the  verb.,0.0
naláng,pt,particle,"only, just, a limiting particle.",0.0
námit,adj,adjective,delicious.,0.572
námun,pr,pronoun,"our, ours (first person plural exclusive post-position pronoun).",0.128
nanám,adj,adjective,"delicious, tasty, spicy.",0.572
nánay,n,noun,"mother, respect form for older aunts or older ladies in the family.",0.477
nánday,pt,particle,post-position personal name marker.,0.0
nánu,pr,pronoun,variant of anu.,0.0
nangín,va,verbal affix,"became, was in the state of.",0.0
napúlu’,num,numeral,ten.,0.0
naranghíta,n,noun,nectarine.,0.0
nárs,n,noun,nurse.,0.0
nátun,pr,pronoun,"our, ours (first person plural inclusive post-position source pronoun).",0.0
ná’ug,v,verb,"to go down, to descend.",0.0
nawúng,n,noun,"countenance, face.",0.0
nay,n,noun,variant of nánay.,0.0
nayánáya,adj,adjective,"elegant, well-dressed.",0.477
náyun,adv,adverb,"beyond, over there.",0.0
nayún,n,noun,"of pig, sow.",0.0
negósyo,n,noun,"small business, business.;  merchant.",0.0
negósyo,v,verb,"to do business, to be in business.",0.0
néne’,n,noun,endearment term for young girls or the eldest girl in the family.,0.0
nérbyos,n,noun,"nervousness, anxiety.",-0.44
nérbyos,adj,adjective,"nervous, edgy, anxious.",-0.44
nérbyos,v,verb,"to be anxious, to be nervous.",-0.44
ni,d,deictic,"this, from iní.",0.0
ni,pt,particle,personal name post-position marker.,0.0
nígru,n,noun,"negro, black-complexioned person.",0.0
níla,pr,pronoun,their (third person plural post-position source pronoun).,0.0
nílag,v,verb,"to observe closely, to eavesdrop, to be on the watch surreptitiously.",0.0
nímu,pr,pronoun,your (second person singular post-position source pronoun).,0.0
nínyu,pr,pronoun,your (second person plural post-position source pronoun).,0.0
nípa,n,noun,"nipa palm, swampy palm.",0.0
nipiś,adj,adjective,"thin, reduced in volume.",0.0
nipiś,v,verb,"to be thinner, to reduce in volume or thickness.",0.0
nipúlun,adj,adjective,"round, circular, spherical.",0.0
níwang,adj,adjective,"lean, thin, of animals and people.",0.0
níwang,v,verb,"to reduce in weight, to become thinner.",0.0
níya,pr,pronoun,"her, his, its (third person singular post-position source pronoun).",0.0
niyúg,n,noun,coconut.,0.0
nobéla,n,noun,novel.,0.318
nobyémbre,n,noun,november.,0.0
nóbyo,n,noun,"sweetheart, groom.",0.649
nónong,n,noun,"endearment term for young boys, especially the second oldest in the family.",0.0
nónoy,n,noun,"endearment term for young boys, especially the youngest in the family.",0.0
nú,pr,pronoun,tag question word from anú.,0.0
nubú’,adj,adjective,short in height.,0.0
número,n,noun,number.,0.077
núsnus,v,verb,to rub hard.,-0.103
nwébe,num,numeral,nine.,0.0
nyébe,n,noun,snow.,0.0
nga,pt,particle,modifier connector.,0.0
ngá’a,adv,adverb,why.,0.0
ngálan,n,noun,name.,0.0
ngásal,v,verb,"to chatter, to talk boisterously.",0.0
ngáwa,n,noun,"surprise, apprehension.",-0.25
ngáwa,v,verb,"to be surprised, to shrink from, to be afraid of.",-0.25
ngídlis,v,verb,"to be horrified, to feel uncomfortable with, to be unpleasant or disagreeable.",-0.898
ngíl’ad,v,verb,"to loathe, to be sickened, to disgust.",-0.891
ngípun,n,noun,tooth.,0.0
ngísi,n,noun,"grin, giggle.",0.71
ngísi,v,verb,"to grin, to giggle.",0.71
ngíslu’,n,noun,"of the mouth, gum.",0.0
ngúrab,v,verb,"to murmur, to complain to oneself.",-0.361
ngúrub,n,noun,"frown, roar, growl.",0.0
ngúrub,v,verb,"to snarl, to growl, to frown.",0.0
ngútngut,v,verb,"to be painful, to feel a sharp pain, to ache.",-0.832
o,con,conjunction,or.,0.0
o,pt,particle,"okay, oh.",0.0
obíspo,n,noun,bishop.,0.0
okupádo,adj,adjective,"busy, occupied.",0.0
ónse,num,numeral,eleven.,0.0
operá,v,verb,"to operate, to be operated on.",0.0
opisína,n,noun,office.,0.0
opisyál,n,noun,official.,0.0
óras,n,noun,"time;  clock, watch, time piece.",0.0
orasyón,n,noun,"angelus, toll of bells come six o’clock in the afternoon.",0.0
órden,n,noun,cincture of priests on the head.,0.0
órden,v,verb,"to ordain, to bestow the cincture, so as to become a priest.",0.0
ordináryo,adj,adjective,"common, ordinary.",0.0
órgano,n,noun,organ.,0.0
ospitál,n,noun,hospital.,0.0
osyóso,adj,adjective,"curious, nosy.",0.318
otél,n,noun,hotel.,0.0
otsénta,num,numeral,eighty.,0.0
ótso,num,numeral,eight.,0.0
óbra,n,noun,"work, job, assignment.",0.0
óbra,v,verb,"to work, to do a job.",0.0
pa,pt,particle,"still, yet.",0.0
1-pa-,va,verbal affix,to move in the direction of.,0.0
2-pa-,na,noun formative,noun formative affix used with verbs.,0.0
-pa-,va,verbal affix,"designating causation of action, meaning to allow to happen, to make possible, to happen.",0.226
pá’a,n,noun,thigh.,0.0
pa’álam,v,verb,"to warn, to tell beforehand.",-0.103
pa’ánu,adv,adverb,how.,0.0
pa’ayún,v,verb,"to go towards, to make for, to point at.",0.0
paboríto,n,noun,favorite.,0.459
paboríto,adj,adjective,favorite.,0.459
pábrika,n,noun,factory.,0.0
pábu,n,noun,turkey.,0.0
paká’,n,noun,frog.,0.0
paka’isá,n,noun,first degree cousin.,0.0
pakarás,v,verb,to harrow.,0.0
pákaw,n,noun,"hilt, handle.",0.0
pakéte,n,noun,"pack, package.",0.0
páklang,n,noun,"stem, branch.",0.0
pákpak,n,noun,"feather, wing.",0.0
pákpak,v,verb,to beat off as to brush off dust or ants from a dress.,0.0
pákris,n,noun,bruise.,0.0
páksi’,v,verb,"to tear off from something, to take out from a book, to pluck off a flower.",0.0
pakú’,n,noun,sleeve.,0.0
pakút,n,noun,"guess, venture.",0.0
pakút,v,verb,"to venture a guess, to guess.",0.0
pákyaw,adj,adjective,"wholesale, in bulk.",0.0
padalá,n,noun,"thing sent, package sent.",0.0
padalá,v,verb,to send.,0.0
padáyun,v,verb,"to go onward, to continue.",0.0
padér,n,noun,concrete wall.,0.0
padíhut,v,verb,"to contrive, to perform, to set up, to organize.",0.0
padúgi’,v,verb,"to manage, to find a way, to contrive.",0.0
padúlung,v,verb,"to go to, to go in the direction of, to head for.",0.0
pádya’,n,noun,"prize, reward.",0.791
1-pag-,va,verbal affix,actor focus affix.,0.0
2-pag-,na,noun formative,noun formative affix when used with verbs.,0.0
pagáno,n,noun,"heathen, pagan.",0.0
1-pagka-,va,verbal affix,"immediately after, following, verbal affix designating action completed before another action.",0.0
2-pagka-,na,noun formative,"noun formative affix designating state of being, manner of being.",0.0
pagká’un,n,noun,food.,0.0
págsik,adj,adjective,"brisk, active, enthusiastic.",0.758
pág’un,adj,adjective,"strong, durable, firm, solid.",0.599
págut,v,verb,"to rave, to be furious, to gnash the teeth while asleep.",-0.572
páha,n,noun,"belt, waist band.",0.0
páhid,v,verb,"to wipe clean, to wipe away, to dry with a cloth.",0.402
pahítu’,n,noun,"technique, procedure, way, means.",0.0
pahítu’,v,verb,"to do, to find a way, to scheme, to process.",0.0
páhu’,n,noun,mango.,0.0
páhug,v,verb,"to frighten, to tease.",-0.572
pahulám,v,verb,"to lend, to let.",0.0
pahúway,n,noun,"rest, relaxation.",0.527
pahúway,v,verb,"to rest, to relax.",0.527
pa’ílub,v,verb,"to bear patiently or humbly, to give way, to give the chance to others.",0.25
pa’ínu’ínu,n,noun,"thought, idea.",0.0
pa’ínu’ínu,v,verb,"to think, to have the idea of.",0.0
pa’ít,n,noun,bitterness.,-0.402
pa’ít,adj,adjective,bitter.,-0.402
pa’íway,v,verb,"to repel, to avoid, to be careful of.",-0.153
pála,n,noun,"shovel, spade.",0.0
pála’,v,verb,"to erase with an eraser, to wipe out.",0.0
pala-,aa,adjective formative,formative affix designating habitual state of being or repeated action.,0.0
palákpak,n,noun,clapping of the hands.,0.0
palákpak,v,verb,to clap the hands.,0.0
palaktakún,n,noun,"riddle, problem.",-0.402
pálad,n,noun,"fate, palm.",0.0
palamanúg,v,verb,"to swell, to have black and blue marks.",0.0
palangána,n,noun,basin.,0.0
palángga’,n,noun,"beloved, sweetheart, favorite.",0.891
palángga’,v,verb,"to love, to care for.",0.891
pálapála,n,noun,trellis.,0.0
palasárun,n,noun,"project, plan.",0.0
palásyu,n,noun,palace.,0.0
pálay,n,noun,rice plant.,0.0
paláyas,n,noun,awning.,0.0
pálhit,v,verb,"to smear over, to plaster on to.",-0.361
palíbut,adv,adverb,around.,0.0
pálid,v,verb,to be blown away.,0.0
paligu’,v,verb,see ligu’.,0.0
palíhug,v,verb,to please.,0.318
palítu,n,noun,tooth pick.,0.0
pálpag,v,verb,"to strike or hit with something, to drive a nail.",-0.128
pálsu,v,verb,"to fail, to disappoint, to be unsuccessful.",-0.827
pálta,v,verb,to be absent.,0.0
paltéra,n,noun,midwife.,0.0
pálu,n,noun,masthead of a ship.,0.0
pálung,v,verb,"to put out, to extinguish, to blow out.",0.0
palús,v,verb,"to slip off, to free from grip.",0.511
pamáhaw,n,noun,"breakfast, snack.",0.0
pamáhaw,v,verb,"to eat breakfast, to eat a snack.",0.0
pamalándung,v,verb,"to meditate, to contemplate.",0.0
pamantalá’an,n,noun,newspaper.,0.0
pamángkut,n,noun,question.,0.0
pamángkut,v,verb,to ask a question.,0.0
pamatán’un,n,noun,youth.,0.0
památbat,v,verb,"to speak with authority, to lead a group in prayer, to sentence as a judge.",0.153
památi’,v,verb,to listen.,0.0
pamugún,v,verb,"to earn, to work at a job.",0.0
pamulúgsu’,v,verb,to gesticulate wildly and talk angrily.,-0.421
pamús’un,v,verb,to move the bowels.,0.0
paná’,n,noun,"arrow, bow.",0.0
panákut,n,noun,"ingredients, spice.",0.0
panakáyun,v,verb,"to sail, to take the boat.",0.0
panaderíya,n,noun,bakery.,0.0
panag’íya,v,verb,"to own, to acquire, to obtain.",0.0
panagsarí’,n,noun,predicate.,0.0
panahún,n,noun,"weather, climate.",0.0
panálgan,n,noun,storey.,0.0
panambítun,v,verb,"to sigh, to mourn, to cry.",-0.7
panámkun,v,verb,"to conceive, to crave for something while conceiving.",0.0
pananglítan,con,conjunction,"supposing, in case, if.",0.0
panáptun,n,noun,cloth.,0.0
pánas,v,verb,"to rub off, to erase, to wipe out.",0.0
paná’ug,v,verb,"to go down, to go downstairs.",0.0
panihúl,n,noun,whistle.,0.0
panihúl,v,verb,"to whistle, to be whistled at.",0.0
paní’id,n,noun,"experience, observation.",0.0
paní’id,v,verb,"to observe, to experience.",0.0
panílag,v,verb,"to watch, to scout, to observe surreptitiously.",0.0
pánit,n,noun,"skin, leather, bark.",0.0
pánit,v,verb,"to skin, to peel off.",0.0
pani’údtu,n,noun,lunch.,0.0
pani’údtu,v,verb,to eat lunch.,0.0
pánsit,n,noun,cooked noodles with mixed vegetables and dumplings.,-0.077
pantalón,n,noun,pair of pants.,0.0
pantálya,n,noun,dummy.,0.0
panúgyan,n,noun,"suggestion, recommendation.",0.0
panuláy,n,noun,"evil, devil, temptation.",-0.869
panyága,n,noun,lunch.,0.0
panyága,v,verb,to eat lunch.,0.0
panyápun,n,noun,"supper, dinner.",0.0
panyápun,v,verb,"to eat supper, to dine.",0.0
pányu’,n,noun,handkerchief.,0.0
1-pang-,va,verbal affix,frequent or repeated action affix of goal focus imperative mode.,0.0
2-pang-,na,noun formative,noun formative affix used to designate something used repeatedly.,0.0
-pang-,va,verbal affix,action affix.,0.0
pang-…-un,va,verbal affix,ginpangumústa akú ni presidénte márcos.,0.0
pangabáy,v,verb,"to request, to ask a favor.",0.402
pangabúdlay,n,noun,"effort, hard work.",-0.103
pangabúdlay,v,verb,"to work hard, to try to accomplish, to put effort into.",-0.103
pangabúhi’,n,noun,"life, way of life.",0.0
pangáku’,n,noun,"promise, oath, sworn statement.",0.318
pangáku’,v,verb,"to swear, to promise, to commit.",0.318
pangáku’,na,noun formative,magliwát.,0.318
pangádyi’,n,noun,"prayer, meditation.",0.0
pangádyi’,v,verb,"to pray, to meditate, to contemplate.",0.0
pangamúyu’,n,noun,"prayer, supplication.",0.0
pangamúyu’,v,verb,"to pray, to supplicate, to entreat god.",0.0
pangánud,n,noun,cloud.,0.0
pangáyaw,v,verb,"to migrate, to transfer to a place temporarily, to move to a new place.",0.0
pangáyu’,n,noun,"request, demand, thing asked for.",-0.128
pangáyu’,v,verb,"to ask, to request, to demand.",-0.128
pánggas,v,verb,"to sow, to plant seeds by hand.",0.494
panginhásun,n,noun,"sea shell, clam.",0.0
pangíta’,n,noun,"wage, earnings.",0.0
pangíta’,v,verb,"to look for, to search.",0.0
pángpang,n,noun,"brink, edge, coast, area close to a river or sea.",0.0
pangúlu,n,noun,"president, chief, leader.",0.0
pápa,n,noun,roman catholic pope.,0.0
papá,n,noun,father.,0.0
pá’pa’,v,verb,"to hammer, to strike a nail.",-0.128
pápas,v,verb,"to exterminate, to destroy.",-0.542
papél,n,noun,paper.,0.0
pára,con,conjunction,for.,0.0
parakáyda,n,noun,parachute.,0.0
paráda,n,noun,"parade, parking.",0.0
paráda,v,verb,"to hold a parade, to park a vehicle.",0.0
para’ísu,n,noun,paradise.,0.637
paralísis,n,noun,"paralysis, loss of sensation on any part of the body.",-0.318
paralítiku,n,noun,"paralytic, crippled person.",0.0
párapu,n,noun,paragraph.,0.0
parého,adv,adverb,"same, similarly.",0.0
parého,v,verb,"to be the same, to be similar.",0.0
pári’,n,noun,"priest, minister, preacher.",0.0
parílya,n,noun,broiling grill.,0.0
páris,n,noun,"pair, look-alike.",0.0
parmásya,n,noun,"pharmacy, drug store.",0.0
parmasyotika,n,noun,pharmacist.,0.0
párti,n,noun,"part, division, piece.",0.0
párti,adv,adverb,"about, in relation to.",0.0
partído,n,noun,political party.,0.402
parúl,n,noun,"lantern, christmas lanterns.",0.0
parút,v,verb,to miss a card in gambling.,-0.153
paryénte,n,noun,"relative, cousin.",0.0
pasák,n,noun,fern.,0.0
pásad,v,verb,"to establish, to erect, to put up.",0.0
pasagí’,adj,adjective,simple.,0.0
pasáhe,n,noun,"passage, trip.;  passenger.",0.0
pasamáno,n,noun,window sill.,0.0
pás’an,v,verb,"to bear on the shoulder, to carry on the shoulder.",0.0
pasápása,v,verb,to pass on from one hand to another.,0.494
pasapórte,n,noun,passport.,0.0
pasár,v,verb,"to pass through, to be over, to go by.",0.0
pasáw,n,noun,croton plant.,0.0
pasáy,v,verb,to eat the main meat course without rice.,0.0
pasáylu,v,verb,"to forgive, to excuse.",0.34
paskíl,n,noun,"placard, billboard.",0.0
páskwa,n,noun,christmas.,0.0
pasénsya,n,noun,"forgiveness, excuse.",0.34
pasénsya,v,verb,"to forgive, to excuse.",0.34
pasílyo,n,noun,"aisle, corridor.",0.0
pasimpálad,v,verb,"to take the risk, to chance it.",-0.026
pásis,n,noun,free pass.,0.511
páslaw,v,verb,"to be caught red-handed, to fail, to lose.",-0.735
páspas,v,verb,"to cut down as of trees, to fell many trees.",-0.273
pásta,n,noun,"paste, tooth filling.",0.0
pásta,v,verb,"to paste on, to fill a tooth cavity.",0.0
pastór,n,noun,"shepherd, parish priest.",0.0
pásu’,n,noun,"burn, scorch on a person’s skin.",0.0
pásu’,v,verb,"to get burned, to get scorched.",0.0
pasulábi,v,verb,"to prefer, to esteem, to give priority.",0.0
pásung,n,noun,native sack of woven palm leaves with the volume content of one cavan.,0.0
pásyar,n,noun,"stroll, walk.",0.0
pásyar,v,verb,"to take a walk, to stroll.",0.0
pasyénte,n,noun,sick patient.,-0.511
patadyúng,n,noun,native wrap-around skirt.,0.0
pátag,adj,adjective,"of land, plain, even, level.",0.0
patáni’,n,noun,pea pod.,0.0
patarásak,adj,adjective,eccentric.,0.0
pátas,adv,adverb,"equally, evenly.",0.0
pátas,v,verb,"to come out equal, to result in a tie.",0.0
patáwad,n,noun,"excuse, clemency, pardon.",0.382
patáwad,v,verb,"to give clemency, to pardon, to forgive, to excuse.",0.382
patáy,n,noun,"dead person, dead plant or animal, corpse.;  death.",-0.953
patáy,v,verb,"to kill, to put to death.",-0.953
páti,v,verb,"to believe, to obey, to be convinced.",0.402
patí’,adv,adverb,"including, also, with, together with.",0.0
pát’in,v,verb,"to sign, to mark, to enter in the list.",0.0
patíng,n,noun,"pigeon, dove.",0.0
patís,n,noun,fish sauce made from marinated shrimps or fish.,0.0
pátpat,v,verb,"to explain, to interpret, to translate.",0.0
pátu,n,noun,duck.,0.0
pátuk,v,verb,"to begin to do, to invent, to create, to start, to organize.",0.273
pát’ud,v,verb,"to be sure, to make sure.",0.557
patugsíling,n,noun,"consideration, thoughtfulness.",0.44
patugsíling,v,verb,"to be considerate, to think of other’s feelings.",0.44
patumbayá’,v,verb,"to neglect, to abandon.",-0.71
patúnda’,n,noun,warning.,-0.34
patúpátu,n,noun,"fabrication, lie, made-up story.",0.0
patúyang,v,verb,"to expose extravagantly, to show-off.",-0.153
pátyu,n,noun,"cemetery, tomb.",0.0
pa’úli’,v,verb,"to go home, to go back to the house.",0.0
pa’úmud,v,verb,"to abstain, to exercise patience.",0.0
pa’ún,n,noun,"bait, decoy.",0.0
pá’un,v,verb,"to isolate, to separate, to set aside.",-0.202
-pa-…-un,va,verbal affix,designating causation of action by the acor in the construction.,0.0
pa’úna,v,verb,"to allow to go ahead, to be first.",0.226
pawíkan,n,noun,sea turtle.,0.0
paya’ún,adj,adjective,childish.,-0.296
payág,n,noun,"small hut, hovel.",0.0
páypay,v,verb,"to fan for air, to beckon to, to call back with a hand gesture.",0.67
páyung,n,noun,"umbrella, parasol.",0.0
páyung,v,verb,to wear an umbrella.,0.0
pelígro,n,noun,"risk, danger.",-0.67
pensyón,n,noun,pension.,0.0
pensyón,v,verb,"to give a pension, to support through a pension.",0.0
péras,n,noun,pear.,0.0
peregríno,n,noun,pilgrim.,0.0
pérlas,n,noun,pearl.,0.0
péro,con,conjunction,"but, however.",0.0
personál,adj,adjective,personal.,0.0
peryódiko,n,noun,newspaper.,0.0
pesétas,n,noun,twenty centavo coin.,0.0
pétsa,n,noun,"date, day of the week and month of the year.",0.0
pi’áng,adj,adjective,"lame, cripple.",-0.421
pi’áng,v,verb,"to become lame, to become crippled, to limp.",-0.421
pikít,adj,adjective,"of clothes, tight.",0.0
píkpik,v,verb,"to pet, to pat on the back.",0.0
pikún,adj,adjective,"short-tempered, ill-natured.",0.0
pikúy,n,noun,parrot.,0.0
pidáso,n,noun,"piece, one part, one bite.",0.0
pígaw,adj,adjective,"frail, weak.",-0.44
pígaw,v,verb,"to become weak, to become frail.",-0.44
pígus,v,verb,"to oppress, to exploit.",-0.103
pihák,n,noun,"other side, reverse, pair, half.",0.0
pihák,v,verb,"to cut in two parts, to divide in half.",0.0
pilá,adv,adverb,"how much, how many.",0.0
píla,n,noun,"line, queue.",0.0
píla,v,verb,to stand in line.,0.0
pílak,n,noun,"silver, coin, silver money.",0.0
pilák,v,verb,"to throw, to cast away.",0.0
pilás,n,noun,"wound, bruise, soreness.",0.0
pílduras,n,noun,"medicine tablets, pill.",0.0
píli,n,noun,choice.,0.0
píli,v,verb,"to choose, to select, to elect.",0.0
pílik,v,verb,"of animals, to quiver, to shake.",-0.178
pilikulá,n,noun,"movie film, movie show.",0.0
pilipínas,n,noun,philippines.,0.0
pilipíno,n,noun,"filipino, citizen of the philippines.",0.0
pílit,v,verb,"to insist, to urge, to force, to compel.",0.0
pilít,adj,adjective,"sticky, clammy.",0.0
pilít,v,verb,"to stick on, to paste on.",0.0
pilósopo,n,noun,"philosopher, smark aleck.",0.0
pílpil,v,verb,"to weigh down, to put a weight on top.",0.202
pilú’,n,noun,"fold of the dress, hem.",0.0
pilú’,v,verb,"to fold over, to make a fold.",0.0
pimyénta,n,noun,red or white pepper.,0.0
pina-,aa,adjective formative,formative affix designating superlative degree quality.,0.0
piníkas,n,noun,"one piece, sliced piece, cut up pieces.",-0.273
pínsar,n,noun,"thought, idea.",0.0
pínsar,v,verb,"to think of, to have the idea that.",0.0
pínta,n,noun,paint.,0.0
pínta,v,verb,"to paint, to cover with paint.",0.0
píntal,n,noun,"bar, bolt.",0.0
píntal,v,verb,"to bolt, to bar an opening.",0.0
píntas,adj,adjective,"cruel, harsh, brutal.",-0.896
pintór,n,noun,painter.,0.0
píntuk,n,noun,"dot, blot.",0.0
pínu,adj,adjective,"fine, dainty, skilled product.",0.202
pínu,v,verb,"to refine, to produce something of fine workmanship, to smoothen.",0.202
pínya,n,noun,pineapple.,0.0
pínggan,n,noun,"plate, dish.",0.0
píhpih,v,verb,to brush off with the hand.,0.494
pípa,n,noun,tobacco pipe.,0.0
pípa,v,verb,to smoke a pipe.,0.0
pí’pi’,v,verb,to pat with the hand.,0.494
pipínu,n,noun,cucumber.,0.0
pirásu,n,noun,"piece, one part.",0.0
piríku,n,noun,parrot.,0.0
pírma,n,noun,signature.,0.0
pírma,v,verb,"to sign, to put one’s signature to.",0.0
pírme,adv,adverb,"always, constantly.",0.0
pírut,v,verb,"to wink, to squint the eye.",0.0
písan,adj,adjective,"diligent, industrious.",0.0
pisára,n,noun,blackboard.,0.0
písga’,v,verb,"to pinch, to press, to squeeze to extract liquid.",0.0
písi’,n,noun,"string, cord.",0.0
pisík,v,verb,"to fly off or jump off, of shrimps and fish, to make a quick and sudden movement, to flip.",0.0
pisíl,v,verb,"to compress, to grip, to press, to press with the fingers.",0.0
písngi,n,noun,cheek.,0.0
písngu’,n,noun,"sob, sobbing sound.",-0.557
písngu’,v,verb,to sob after weeping.,-0.557
písos,n,noun,peso bill.,0.0
píspis,n,noun,bird.,0.0
písta,n,noun,"fiesta, religious feast day of a saint, variant of pyésta.",0.477
písti,n,noun,"epidemic, pest, plague, drought.",0.0
pisú’,n,noun,chick.,0.0
pisúk,n,noun,moment.,0.0
pisúk,v,verb,to bat an eye.,0.0
pitáka,n,noun,"purse, handbag.",0.0
pitála’,n,noun,bolt.,0.0
pitík,n,noun,"beating, throbbing, flick.",-0.459
pitík,v,verb,to flick another person with a finger.,-0.459
pítla’,adj,adjective,gibberish.,0.0
pítsil,n,noun,pitcher.,0.0
pitú,num,numeral,seven.;  seventh; /napulug-/ seventeen; /ka-…-an/ seventy.,0.0
pítu,n,noun,whistle.,0.0
pítu,v,verb,"to blow a whistle, to whistle.",0.0
pí’ud,v,verb,to fold.,0.0
pí’ut,adj,adjective,"tight, crowded.",0.0
pí’ut,v,verb,"to become tight, to breathe with difficulty.",0.0
píyung,v,verb,"to shut, to close the eye.",0.0
pláka,n,noun,phonograph record.,0.0
planéta,n,noun,planet.,0.0
plántsa,n,noun,dry iron.,0.0
plántsa,v,verb,to iron with a dry iron.,0.0
plánu,n,noun,plan.,0.0
plánu,v,verb,to plan.,0.0
plása,n,noun,"park, plaza.",0.0
pláster,n,noun,"plaster, band aid.",0.0
platéro,n,noun,goldsmith.,0.0
platíto,n,noun,saucer.,0.0
pláto,n,noun,"dinner plate, dish.",0.0
pléte,n,noun,"fare, ticket for a plane or boat or bus ride.",0.0
plúma,n,noun,fountain pen.,0.0
pluméru,n,noun,feather duster.,0.0
póbre,adj,adjective,"poor, humble, unpretentious.",-0.477
póbre,n,noun,poverty.,-0.477
pomáda,n,noun,"pomade, men’s hair dressing.",0.0
porsyénto,n,noun,"percentage, interest.",0.459
póste,n,noun,"post, column.",0.0
postúŕa,adj,adjective,"dressed up, elegant, smartly dressed.",0.681
posturyóso,adj,adjective,"chic, dressy, elegantly dressed.",0.612
prémyo,n,noun,"prize, reward.",0.791
prénda,v,verb,to pawn.,0.0
préno,n,noun,"brake of a vehicle, stop.",-0.296
préno,v,verb,"to put on the brakes, to stop.",-0.296
presentár,v,verb,"to present oneself, to introduce, to give as a gift.",0.44
presidénte,n,noun,president.,0.0
présyo,n,noun,"price, cost price, selling price, cost.",0.0
pribádo,adj,adjective,private.,0.0
pribilíhiyu,n,noun,privilege.,0.361
primabéra,n,noun,spring.,0.0
prímo,n,noun,cousin.,0.0
prinsipál,n,noun,school principal.,0.0
príso,n,noun,prisoner.;  prison.,-0.778
príso,v,verb,"to put in prison, to imprison.",-0.778
príto,adj,adjective,fried.,0.0
príto,v,verb,"to fry, to cook in oil.",0.0
probár,v,verb,"to prove, to give proofs.",0.0
probínsya,n,noun,"province, state, political division.",0.0
probléma,n,noun,problem.,-0.402
prográma,n,noun,program.,0.0
propesór,n,noun,professor.,0.0
protésta,n,noun,"protest, complain.",-0.542
protésta,v,verb,"to complain, to protest.",-0.542
prupíta,n,noun,prophet.,0.0
prútas,n,noun,fruit.,0.0
pruwéba,n,noun,"proof, evidence.",0.0
pú’as,v,verb,"to calm, to ease, to become less strong.",0.779
pu’ása,n,noun,fasting.,0.0
pu’ása,v,verb,"to fast, to abstain from eating regular meals for penance.",0.0
públiku,n,noun,public.,0.0
puká,v,verb,"to stay up late at night, to have a late night.",0.0
púkan,v,verb,to cut a tree down.,-0.273
pukatúd,n,noun,elevation.,0.0
púkaw,v,verb,"to rouse, to waken.",0.0
púkpuk,v,verb,"to beat, to hammer down, to hit on the head.",0.0
púksi’,v,verb,"to pick flowers, to tear off.",0.0
púdag,v,verb,to stamp the feet in anger.,-0.572
púga’,v,verb,to squeeze so as to extract liquid.,0.0
púgad,n,noun,nest.,0.0
pugún,n,noun,"stove, native oven made of clay.",0.0
pugúng,v,verb,"to repress, to stop, to control.",-0.557
púgut,v,verb,"to cut off the head, to behead.",-0.273
púhag,v,verb,"to break open, to release the gate, to disturb one’s peace.",0.202
púhun,v,verb,"to conspire, to plot.",0.0
pulá,adj,adjective,"red, crimson.",0.0
pulá,v,verb,"to color with red, to turn red, to blush.",0.0
púlak,v,verb,"to fall off the tree or plant, to wither and fall.",0.0
puláw,v,verb,"to stay awake so as to watch, to have a late night.",0.0
púlbura,n,noun,gun powder.,-0.34
púlbus,n,noun,"powder, face powder, dusting powder.",0.0
pulgáda,n,noun,inch.,0.0
púli,v,verb,"to take sides in a fight, to ally with.",-0.382
púling,v,verb,to have a foreign object in the eye.,0.0
pulís,n,noun,"policeman, cop.",0.0
púlpug,v,verb,to drive or mash with a hammer.,0.0
pulséras,n,noun,bracelet.,0.0
púlsu,n,noun,pulse.,0.0
púlu,n,noun,handle of a knife.,0.0
púlu’,n,noun,island.,0.0
púlu’,num,numeral,variant of napúlu’.,0.0
púlung,n,noun,"message, word, advice.",0.0
púlung,v,verb,"to express oneself, to give a speech, to give an advice.",0.0
pulús,n,noun,"usefulness, profit, advantage, benefit.",0.844
púlut,v,verb,to pick up from the ground.,0.0
pumpyáng,n,noun,cymbal.,0.0
púna’,n,noun,net.,0.0
púna’,v,verb,"to trap in a net, to weave a net.",0.0
púnaw,v,verb,"to faint, to feel dizzy.",-0.226
púnda,n,noun,pillow case.,0.0
puní,n,noun,decoration.,0.0
puní,v,verb,"to decorate, to deck.",0.0
púnu’,n,noun,"tree trunk, leader, chief.",0.0
punú’,adj,adjective,full to capacity.,0.0
punú’,v,verb,to fill to capacity.,0.0
punú’an,n,noun,"beginning, start, authority, leader.",0.077
púnung,n,noun,fishpond.,0.0
púnta,n,noun,"tip, edge, end.",0.0
púntus,n,noun,"score, point.",0.0
púnyus,n,noun,"wrist, cuff.",0.0
pungá,adj,adjective,nasal manner of speech.,0.0
pungku’,v,verb,to sit down.,0.0
púnggud,n,noun,"pimple, blemish.",0.0
púnggul,v,verb,"to cut off from the plant, to prune.",-0.273
púngpung,n,noun,"bundle, bunch, bouquet of flowers.",0.0
púngpung,v,verb,"to bundle, to tie into a bundle.",0.0
púngsud,n,noun,"country, nation, community.",0.0
pú’pu’,v,verb,"to pluck from the plant or tree, to pick, to harvest.",0.0
púrma,n,noun,"form, shape.",0.0
púru,adv,adverb,"purely, all.",0.0
púrung,n,noun,"crown, veil, head cover.",0.0
pusá’,v,verb,"to break, to crack.",0.0
púsad,v,verb,"to pace up and down angrily, to stamp the feet in anger.",-0.758
pús’ang,v,verb,"to throw down on the floor, to put down with a bang.",0.0
púsdak,v,verb,"to throw down, to drop with considerable force.",-0.273
púsnga,n,noun,"snort, pant.",0.0
púsnga,v,verb,"to breathe through the nostrils, to snort.",0.0
puspurú,n,noun,"match, match stick.",0.0
pústa’,n,noun,"stake, bet.",0.0
pústa’,v,verb,"to bet, to put up as stake.",0.0
púsu’,n,noun,"heart, banana flower.",0.637
púsud,n,noun,"navel, belly button.",0.0
pús’un,n,noun,abdomen.,0.0
púswit,v,verb,"to burst through a small opening with force, especially of liquids.",0.0
putí’,adj,adjective,"white, fair in complexion.;  white.",0.318
pútul,v,verb,"to sever, to cut off.",-0.273
pútul,adj,adjective,"severed, cut, broken off.",-0.273
putús,n,noun,"wrapper, cover.",0.0
putús,v,verb,"to wrap, to tie into a package, to pack.",0.0
putút,adj,adjective,"of people, short.",0.0
putyúkan,n,noun,beehive.,0.0
pu’úk,n,noun,place.,0.0
pu’úd,n,noun,"country, nation.",0.0
pu’út,v,verb,"to lie for ambush, to hide, to conceal.",-0.178
púyu,n,noun,"cloth sack, cloth bag with a drawstring.",0.0
puyú,n,noun,"mudfish, freshwater fish.",0.0
puyú’,v,verb,"to live, to dwell, to reside.",0.128
púyus,v,verb,"to bind, to wrap up.",0.0
pwéde,adv,adverb,"all right, can be, its possible, certainly, yes.",0.625
pwérta,n,noun,"door, gate.",0.0
pwertáhan,n,noun,door.,0.0
pyáno,n,noun,piano.,0.0
pyánsa,n,noun,"bond, bail money.",0.0
pyánsa,v,verb,"to set bail, to bail out, to put a bond.",0.0
pyé,n,noun,one foot measure.,0.0
pyérde,v,verb,"to be defeated, to lose, to give up.",-0.7
pyésas,n,noun,spare parts.,0.0
pyésta,n,noun,"fiesta, religious feast of a patron saint which is celebrated with pomp and carnivalistic tradition.",0.778
rabanús,n,noun,radish.,0.0
rábrab,v,verb,"to tear off, to rip.",0.0
rádyo,n,noun,radio.,0.0
rámas,v,verb,"to rub, to scrape off.",0.0
rántsu,n,noun,ranch.,0.0
rásras,v,verb,"to slash, of clothing, to slit or to take out the stitching.",-0.273
ráyna,n,noun,"queen, empress.",0.0
rebólber,n,noun,"gun, revolver.",-0.34
reklámo,n,noun,"complaint, discontent.",-0.296
reklámo,v,verb,to complain.,-0.296
regálo,n,noun,"gift, present.",0.44
regálo,v,verb,to give a present.,0.44
reló,n,noun,"time piece, wrist watch.",0.0
relyéno,n,noun,stuffed chicken or fish.,0.0
rénda,n,noun,bridle.,0.0
rénta,n,noun,rent.,0.0
rénta,v,verb,"to rent, to hire.",0.0
repólyo,n,noun,cabbage.,0.0
representánte,n,noun,"representative, congressman.",0.0
reputasyon,n,noun,reputation.,0.0
resíbo,n,noun,receipt.,0.0
resíta,n,noun,prescription of a doctor.,0.0
resúlta,n,noun,"result, conclusion.",0.0
retobádo,adj,adjective,"naughty, impish.",0.0
retráto,n,noun,"picture, snapshot.",0.0
réyna,n,noun,queen.,0.0
rikádo,n,noun,"seasoning, spice.",0.0
rílis,n,noun,"train rail, railroad tracks.",0.0
rimís,adj,adjective,"delicious, tasty.",0.572
rípa,n,noun,"raffle, lottery.",0.0
ritásu,n,noun,remnant.,0.0
románsa,n,noun,romance.,0.557
rósa,adj,adjective,pink.,0.0
rosál,n,noun,gardenia.,0.0
rósas,n,noun,rose flower.,0.0
rúmpag,v,verb,"to destroy, to ruin, to take apart.",-0.807
rúsdak,v,verb,"to collapse, to fall over.",-0.494
rwéda,n,noun,wheel.,0.0
sa,adv,adverb,"by, on, at, in, relational particle.",0.0
sá’ad,n,noun,"promise, vow.",0.318
sá’ad,v,verb,"to vow, to promise.",0.318
sába’,v,verb,"to beat double time, to beat violently.",-0.586
sábak,n,noun,lap.,0.0
sábak,v,verb,to sit on the lap.,0.0
sábad,adj,adjective,"noisy, troublesome.",-0.612
sabadó,n,noun,saturday.,0.0
sabát,n,noun,"response, answer.",0.0
sabát,v,verb,"to respond, to answer.",0.0
sabáw,n,noun,"broth, soup.",0.0
sáb’it,v,verb,"to hang to accidentally, to put on.",-0.34
sáblag,v,verb,"to compromise, to meet half way.",0.0
sáblay,v,verb,to hang clothes or cloth.,0.0
sáblig,v,verb,"to douse with water, to sprinkle water.",0.0
sábnit,v,verb,"to snatch, to grab with force.",0.0
sabúd,v,verb,"to scatter, to sow.",0.0
sáb’ug,v,verb,"to scatter, to sow.",0.0
sábwag,v,verb,"to scatter, to sow.",0.0
sábya,v,verb,"to splash with water, to douse with liquid or powder, to throw at something.",0.0
sáka’,v,verb,"to enter, to go up, to ascend, to climb.",0.0
sakáda,n,noun,seasonal worker.,0.0
sakadéro,n,noun,sugarcane field laborer.,0.0
sakáy,v,verb,"to ride, to board.",0.0
sákdag,v,verb,"to help, to sustain, to support, to aid.",0.66
sakít,n,noun,"illness, pain, grief, sorrow.",-0.912
sakít,v,verb,"to be painful, to be hurt, to feel bad about.",-0.912
sakít,adj,adjective,"painful, sorrowful.",-0.912
sáklaw,v,verb,to feel slighted.,0.0
sáksak,v,verb,"to chop, to stab repeatedly, to cut into pieces.",-0.71
sáksi,n,noun,witness.,0.0
sáksi,v,verb,"to testify, to witness.",0.0
sáku,n,noun,"burlap bag, sack.",0.0
sáku’,n,noun,"busyness, hurry.",0.0
sáku’,adj,adjective,"busy, hurried.",0.0
sáku’,v,verb,"to hurry, to keep occupied, to be busy.",0.0
sákup,n,noun,"subjects, members.",0.0
sákup,v,verb,"to conquer, to be a member of, to enlist.",0.0
sákut,v,verb,"to mix, to blend, to put together.",0.0
sádtu,d,deictic,those (far from both the speaker and the listener).,0.0
sádtu,adv,adverb,"before, in the past.",0.0
sádya,n,noun,"happiness, joy, cheer.",0.893
sádya,adj,adjective,"happy, cheerful, joyful.",0.893
ság’a,v,verb,"to throw out water, to drain.",0.0
sagáhay,v,verb,"to overflow, to pour out abundantly.",0.0
sagáng,v,verb,"to prevent, to protect oneself, to defend.",0.402
ság’ang,n,noun,chin.,0.0
sagawák,v,verb,to burst out suddenly as water through a faucet.,0.0
ságbut,n,noun,"rubbish, grass.",0.0
ságing,n,noun,banana.,0.0
sagír’um,adj,adjective,"dim, doleful.",0.0
ságnuy,v,verb,"to drag in the water while cruising, to dunk in water.",-0.226
ság’ub,v,verb,"to draw water from a well, to fetch water.",0.273
sagúd,v,verb,"to take care of animals, to raise animals.",0.494
sag’úli’,n,noun,"loose coins, change in coins.",-0.318
sag’úli’,v,verb,"to be reconciled, to give loose change.",-0.318
sagúp,v,verb,"to save, to rescue.",0.758
ságyud,v,verb,"to trail behind as a train, to be too long so as to touch the floor or ground.",0.0
sáha’,n,noun,"bulb, seedling, young plant grown from the root of the mother plant.",0.0
sahí’,adj,adjective,"special, distinct, distinguished.",0.402
sahú’,v,verb,"to be accustomed to, to get along well.",0.273
sahúg,v,verb,"to disturb, to interrupt.",-0.625
sála,n,noun,"livingroom, hall, lounge area.",0.0
sála’,n,noun,strainer.,-0.202
sála’,v,verb,"to strain, to sift.",-0.202
salá’,n,noun,"mistake, crime, sin, error.",-0.904
salá’,v,verb,"to make a mistake, to commit an error.",-0.904
salákay,v,verb,"to overthrow, to attack.",-0.477
salamángka,n,noun,magic;  magician.,0.0
salámat,id,idiom,thank you.,0.361
salamíng,n,noun,mirror.,0.0
salampáti,n,noun,dove.,0.0
salapí’,n,noun,fifty centavo piece.,0.0
salápid,n,noun,braid.,0.0
salápid,v,verb,"to plait, to braid, to twist.",0.0
sálap,n,noun,fish net.,0.0
salápu’,v,verb,"to detect, to catch red-handed, to find.",0.0
salawáhan,adj,adjective,"fickle, unfaithful.",0.0
saláwsaw,n,noun,"examination, test.",0.0
salbáhe,adj,adjective,"haughty, unfaithful, rogue.",0.0
saliká’,v,verb,"to straddle, to sit astride.",0.0
salída,n,noun,"show, movie show.",0.0
sálig,n,noun,"trust, confidence.",0.765
sálig,v,verb,"to trust, to confide in, to depend on.",0.765
salimpapáw,adj,adjective,"superficial, hypocrite.",0.0
salimú’ang,adj,adjective,delirious.,0.0
salimú’ang,v,verb,"to be delirious, to rave.",0.0
salín,n,noun,"remnant, left-over, scrap.",0.0
salín,v,verb,"to leave something behind, to keep, to store for some other time.",0.0
salipádpad,v,verb,"to fling, to throw away.",0.0
sálmon,n,noun,"sardines, salmon.",0.0
sálmon,adj,adjective,orange.,0.0
sálsal,v,verb,"to forge, to hammer.",0.0
salsálun,n,noun,"iron, metal.",0.0
salú,v,verb,to catch.,0.0
sálu,v,verb,"to eat together, to partake of a meal together.",0.0
salúk,v,verb,to dip or scoop out with the hand or a dipper or ladle.,0.586
sálud,v,verb,to catch drops of water so as to gather in a container.,0.0
salúdu,n,noun,"salute, bow.",0.0
salúdu,v,verb,"to salute, to bow, to show respect.",0.0
salúg,n,noun,floor.,0.0
sálug,v,verb,"to mix, to mingle.",0.0
sálum,v,verb,"to dive for, to sink in.",0.0
sálup,v,verb,"to go down, to disappear, to penetrate.",-0.226
salusálu,v,verb,"to have a feast, to hold a banquet.",0.0
sál’ut,v,verb,"to insert, to get between.",0.0
samád,n,noun,"wound, injured part.",-0.402
samád,v,verb,"to wound, to injure, to destroy.",-0.402
sámay,adj,adjective,"striped, lined.",0.0
sámay,v,verb,to line with stripes.,0.0
sámbag,n,noun,tamarind.,0.0
sámbil,v,verb,to quirk.,0.0
sámbit,v,verb,"to refer to, to mention.",0.0
sámbud,v,verb,"to wind, to bind, to roll, to twist, to get entangled.",0.0
samí’,adv,adverb,"always, regularly.",0.0
sampaguíta,n,noun,native jasmin.,0.0
sampátun,n,noun,"expert, sage.",0.0
sámpuk,v,verb,"to fight head to head, to fight in man-to-man combat.",-0.765
sámput,v,verb,"to come to, to reach, to arrive at.",0.026
nagsámput,na,noun formative,silá sa syudád.,0.0
sámtang,con,conjunction,"meanwhile, while, meantime.",0.0
sámu’,v,verb,"to dilute, to mix together.",0.0
sámuk,n,noun,"noise, trouble, bother.",-0.625
sámuk,v,verb,"to bother, to cause trouble, to make noise.",-0.625
sánag,adj,adjective,"bright, shiny.",0.44
sánag,v,verb,"to be clear, to shine.",0.44
sándad,v,verb,"to knock over and fall, to stumble.",0.0
sánday,pt,particle,personal names nominal marker.,0.0
sandí’ay,v,verb,to lean on.,0.0
sándig,v,verb,to lean on for support.,0.402
sandíya,n,noun,"watermelon, watermelon seeds.",0.0
sánduk,n,noun,"ladle, big spoon.",0.0
sánduk,v,verb,to dig or scoop out.,0.0
sánlag,v,verb,"to fry, to cook in oil.",0.0
sánting,adj,adjective,"of string or ropes, tight.",0.0
sántu,n,noun,variant of sántus.,0.0
sántu’,v,verb,"to harmonize, to agree, to be of the same opinion.",0.637
sántus,n,noun,saint.,0.0
sántus,adj,adjective,"saintly, holy.",0.0
sán’u,adv,adverb,when.,0.0
sáng,pt,particle,indefinite noun marker.,0.0
sangá,n,noun,"branch, bough, twig.",0.0
sángkad,n,noun,"width, breadth, broadness.",0.0
sángkap,adj,adjective,"well-equipped, complete.",0.0
sángkap,n,noun,"furniture, devices, things, equipment.",0.0
sángkap,v,verb,"to furnish, to provide with, to equip.",0.0
sanggá,n,noun,"branch, twig, bough.",0.0
sánghid,v,verb,"to touch lightly, to sidesweep.",0.0
sánglit,con,conjunction,"even if, meanwhile.",0.0
sapá’,n,noun,"creek, brook, lake.",0.0
sapák,v,verb,"to pay attention to, to mind.",-0.103
sapá’sápa’,n,noun,"lagoon, man-made brook or creek.",0.0
sápat,n,noun,insect.,0.0
sapatéro,n,noun,shoemaker.,0.0
sapátus,n,noun,shoe.,0.0
sápsap,v,verb,"to chop so as to make even, to smoothen.",0.0
sapú,v,verb,"to discover, to find out.",0.0
sápul,v,verb,"to confer, to talk things over.",0.0
sapúpu,v,verb,to take care of.,0.494
sapút,v,verb,"to arrive, to reach.",0.026
saráng,v,verb,"to be able, to be possible, to be capable of, to be able to afford.",0.382
sarí,n,noun,"class, kind.",0.527
sárisári,adj,adjective,"different, of mixed kinds, combined.",0.0
sársa,n,noun,"sauce, gravy.",0.0
sarsyádo,n,noun,"meat dish of chicken, pork or meat with a little gravy.",0.0
sarút,n,noun,"pest, plague, epidemic.",0.0
sástre,n,noun,tailor.,0.0
sát’um,v,verb,"to know, to recognize.",0.0
sa’úlu,v,verb,"to memorize, to remember.",0.0
sa’úlug,v,verb,to celebrate.,0.572
sá’ut,n,noun,dance.,0.0
sá’ut,v,verb,to dance.,0.0
sáw’a,adj,adjective,"immoral, indecent.",-0.459
sawáy,n,noun,"brass metal, criticism.",-0.44
sawáy,v,verb,"to criticize, to correct, to mention so as to correct.",-0.44
sáwsaw,v,verb,"to soak, to put into, to dip.",0.0
sáya,n,noun,long skirt of old women.,0.0
sayásat,v,verb,"to investigate, to check, to diagnose.",0.0
sáylu,v,verb,"to transfer, to move over.",0.0
sáysay,v,verb,"to relate, to explain, to describe.",0.0
sáysay,n,noun,"history, story, explanation.",0.0
sáyud,v,verb,"to know, to discover, to hear about.",0.0
sayúp,v,verb,"to commit an error, to be at fault.",-0.494
sebuáno,n,noun,"language spoken principally in agusan, bohol, bukidnon, cebu, davao, lanao del norte, the eastern half of leyte, misamis occidental, negros, oriental, surigao, zamboanga del norte, zamboanga del sur, and in some towns in cotabato.",0.0
sekretaŕya,n,noun,secretary.,0.0
sekréto,n,noun,secret.,0.0
séda,n,noun,silk.,0.0
segúro,n,noun,insurance.,0.0
sélyo,n,noun,"stamp, postage.",0.0
semána,n,noun,week.,0.0
seménto,n,noun,"cement, concrete.",0.0
senádo,n,noun,senate;  senator.,0.0
sentábos,n,noun,"one centavo, one centavo coin.",0.0
sentimós,n,noun,"centavo coin, one centavo, one cent.",0.0
séntro,n,noun,"center, middle.",0.0
septyémbre,n,noun,september.,0.0
serbésa,n,noun,beer.,0.0
serbilyéta,n,noun,table napkin.,0.0
seremónya,n,noun,ceremony.,0.0
seréno,n,noun,watchman.,0.0
seténta,num,numeral,seventy.,0.0
séys,num,numeral,six.,0.0
seysénta,num,numeral,sixty.,0.0
si,pt,particle,personal name marker.,0.0
sibát,n,noun,"spear, lance.",0.0
sibín,n,noun,wash cloth.,0.0
sibín,v,verb,to wipe with a towel or wash cloth.,0.0
sibít,n,noun,straight pin.,0.226
sibít,v,verb,"to use a pin, to tuck together with a pin, to prick with a pin.",0.226
síbu,n,noun,grease.,0.0
síbu,v,verb,"to fit, to be enough.",0.0
síbu’,n,noun,"zero, nothing.",0.0
sibúyas,n,noun,onion.,0.0
síkad,v,verb,to kick with the foot.,0.0
sikréta,n,noun,detective.,0.0
síku,n,noun,elbow.,0.0
síku,v,verb,"to elbow, to nudge.",0.0
sikúp,v,verb,"to catch with the hands, as of fish.",0.0
síkway,v,verb,"to reject, to abandon, to jilt, to leave behind, to cast out.",-0.7
síd’ing,v,verb,"to peep, to look in for a little while.",0.0
sidlángan,n,noun,east.,0.0
síga,n,noun,"glow, shine.",0.0
síga,v,verb,"to shine, to give a glow.",0.0
sigahúm,v,verb,"to desire, to hanker after.",0.402
sigarílyo,n,noun,cigarette.,0.0
sígi,adv,adverb,"okay, alright, go ahead.",0.44
sígi,v,verb,"to go ahead, to go on, to continue.",0.44
sígput,v,verb,"to take up small particles, to collect the leavings.",0.0
sígu,v,verb,"to fit, to join perfectly.",0.836
sigúro,adv,adverb,"maybe, perhaps.",0.0
sigúro,adj,adjective,"certain, for sure.",0.0
siháy,v,verb,"to be different, to be in contrast, to separate from.",0.0
sihigún,n,noun,rod.,0.0
silá,pr,pronoun,they (third person plural nominal pronoun).,0.0
sílak,n,noun,"rays of the sun, heat of the sun.",0.0
sílak,v,verb,to shine brightly.,0.0
sílaw,adj,adjective,"glaring, extremely shiny, blinding.",0.0
sílhig,n,noun,broom.,0.0
sílhig,v,verb,to sweep.,0.0
síli,n,noun,eel.,0.0
síli’,adj,adjective,"brilliant, smart.",0.758
silíng,n,noun,"saying, talk, words.",0.0
silíng,v,verb,"to talk about, to say, to mention.",0.0
sílu,adj,adjective,square.,0.0
sílung,n,noun,"basement, shelter.",0.0
sílung,v,verb,to take shelter.,0.0
sílut,v,verb,"to punish, to condemn.",-0.718
símba,v,verb,"to worship, to go to church, to pay homage to.",0.202
símba,n,noun,church.,0.202
simbóryo,n,noun,"dome, belfry.",0.0
símbug,v,verb,"to mix, to dilute liquids.",0.0
símpli,adj,adjective,"simple, ordinary.",0.0
símpun,v,verb,"to join, to be together with.",0.296
sín,n,noun,galvanized iron.,0.0
siná’,d,deictic,"those, (far from the speaker).",0.0
síndi,n,noun,"flame, light.",0.0
síndi,v,verb,"to light, to put a match to.",0.0
siní,d,deictic,these.,0.0
síni,n,noun,"movie theatre, movie film.",0.0
sínsil,n,noun,chisel.,0.0
sinsílyo,n,noun,"small change, coins.",0.0
síntas,n,noun,"strip, ribbon of film.",0.0
sinú’,v,verb,to shake so as to feel the sound.,-0.178
sín’u,pr,pronoun,who.,0.0
sínyal,n,noun,"sign, symbol, gesture.",0.0
sínyal,v,verb,"to make a sign, to gesticulate, to beacon.",0.0
sínyas,n,noun,"hint, cue, gesture, sign.",0.0
sínyas,v,verb,"to give the cue, to call, to give a hint.",0.0
síng,pt,particle,variant of sang.,0.0
singkamás,n,noun,turnip.,0.0
síngki’,adj,adjective,"corny, unaccustomed, unsophisticated.",-0.296
síngko,num,numeral,five.,0.0
síngko,n,noun,five centavo piece.,0.0
singkwénta,num,numeral,fifty.,0.0
sínggit,n,noun,shout.,0.0
sínggit,v,verb,"to shout, to howl.",0.0
sínghut,n,noun,"sniff, smell.",0.0
sínghut,v,verb,"to sniff, to smell closely.",0.0
singíl,n,noun,"sprout, seedling.",0.0
singíl,v,verb,"to sprout, to germinate.",0.0
singít,n,noun,"pole, pole with a hook for gathering fruits.",0.0
síngsing,n,noun,ring.,0.0
sípa’,n,noun,"kick, filipino game of kick ball.",0.0
sípa’,v,verb,to kick.,0.0
sipák,v,verb,to separate from.,0.0
sipála,v,verb,"to insult, to scorn.",-0.718
sipí’,n,noun,"one piece, one piece of an orange.",0.0
sipílyo,n,noun,toothbrush.,0.0
sípit,v,verb,to carry under the arm.,0.0
síplat,n,noun,"glance, stolen glimpse.",-0.494
síplat,v,verb,to steal a look at.,-0.494
síp’un,n,noun,"cold, running nose.",0.0
sirá,n,noun,"lock, bar.",0.0
sirá,adj,adjective,"closed, locked.",0.0
sirá,v,verb,"to close, to lock.",0.0
sirgwélas,n,noun,tropical plum.,0.0
sirirítan,n,noun,cricket.,0.0
sír’um,n,noun,"dark, dusk.",0.0
sistéma,n,noun,system.,0.0
sítsit,v,verb,"to hiss at, to produce a long hissing sound so as to call attention.",0.0
sítyu,n,noun,political and area division smaller than a barrio or village.,0.0
si’úd,n,noun,"fish trap, loop.",-0.318
si’úd,v,verb,"to trap fish, to gather fish from a si’úd.",-0.318
síwil,n,noun,"twig, young sprout.",0.0
síya,n,noun,"chair, saddle.",0.0
siyám,num,numeral,nine.,0.0
sóbra,adv,adverb,"over, too much.",0.0
sóbra,n,noun,"lift-over, balance.",0.0
sóbra,v,verb,to be more than necessary.,0.0
sóbra,v,verb,"to add together, to get the sum.",0.0
sóbre,n,noun,envelope.,0.0
soldádo,n,noun,soldier.,0.0
soltéro,n,noun,single man of age fifteen and up.,0.0
sopá,n,noun,"couch, sofa.",0.0
sorbéte,n,noun,ice cream.,0.0
soríso,n,noun,sausage.,0.0
sú’ay,v,verb,"to debate, to dispute, to disobey.",-0.402
sú’ay,adj,adjective,"disobedient, hostile.",-0.402
subá’,n,noun,river.,0.0
subáng,n,noun,oldest child.,0.0
subáy,n,noun,"ant, red ant.",0.0
súbli’,v,verb,"to inherit, to be heir to.",0.0
súbli’,n,noun,"legacy, heritage; /mang-/ heir.",0.0
subú’,n,noun,"sadness, sorrow, loneliness.",-0.844
subú’,adj,adjective,"sad, lonely, sorrowful.",-0.844
subú’,v,verb,"to become sad, to feel lonely.",-0.844
súbul,v,verb,"to cast out, to drive away, to renounce.",0.0
subúng,adv,adverb,"now, like, similarly.",0.361
súka,n,noun,"spew, vomit.",0.0
súka,v,verb,"to vomit, to throw up.",0.0
súka’,n,noun,vinegar.,0.0
súkat,n,noun,measurement.,0.0
súkat,v,verb,to measure.,0.0
súk’ay,v,verb,"to dig up earth, to turn up earth with a hand tool.",0.494
súki’,n,noun,"favorite customer, favorite salesman.",0.718
súl’ub,v,verb,"to dress, to put on a dress, to wear a garment.",0.0
súksuk,n,noun,"apparel, dress, house lizard.",0.0
súksuk,v,verb,"to wear a garment, to put on, to don.",0.0
sukúb,v,verb,to measure the quantity of.,0.0
sukút,n,noun,"payment, price, collection.",0.0
sukút,v,verb,"to collect, to ask for payment.",0.0
súd’an,n,noun,"main course of a meal, viand to go with rice during a meal.",0.0
sugá’,n,noun,"light, electric bulb.",0.0
sugál,n,noun,"gambling, risk.",-0.273
sugál,v,verb,"to gamble, to take the risk.",-0.273
súgat,v,verb,to fetch people.,0.0
sugatá’,v,verb,"to encounter, to meet accidentally, to come from different directions.",-0.34
súgba,v,verb,"to roast, to broil, to broil directly on top of live coal.",0.202
súgbu,v,verb,"to jump overboard, to dive into.",0.0
súghaw,v,verb,"to glean, to pick after a reaper.",0.0
súgid,n,noun,"disclosure, story.",0.0
súgid,v,verb,"to tell, to disclose.",0.0
sugilánun,n,noun,"story, conversation.",0.0
sugilánun,v,verb,"to tell a story, to converse with.",0.0
súgpa’,v,verb,to spit blood.,0.0
súgpu,n,noun,lobster.,0.0
súgpun,n,noun,"connection, adjoining part, continuation.",0.0
súgpun,v,verb,"to adjoin, to connect, to continue.",0.0
súgu’,n,noun,"command, request.",0.0
súgu’,v,verb,"to request, to command, to decree.",0.0
súgud,n,noun,"start, beginning.",0.0
súgud,v,verb,"to start, to begin, to commence.",0.0
sugút,n,noun,"agreement, contract.",0.494
sugút,v,verb,"to consent, to agree, to allow, to permit.",0.494
súgyut,v,verb,"to urge on, to induce, to provoke.",-0.402
súhul,n,noun,"salary, pay.",-0.103
súhul,v,verb,"to pay wages, to give salary to.",-0.103
súhut,v,verb,"to creep through, to go under, to crawl through a narrow passage.",0.0
súhut,n,noun,bribe.,0.0
súlab,n,noun,blade.,0.0
sulábi,v,verb,"to pet, to discriminate, to prefer, to distinguish.",0.0
sulát,n,noun,"handwriting, letter.",0.0
sulát,v,verb,to write.,0.0
suláy,v,verb,"to tempt, to induce, to do otherwise.",0.0
súlda,v,verb,to weld together.,0.0
súlhay,adj,adjective,"comfortable, at ease.",0.7
súlhay,n,noun,"comfort, ease.",0.7
súlhay,v,verb,"to become easy, to live in comfort.",0.7
sulí’,v,verb,to turn upside down.,0.0
súlip,v,verb,"to pass under the house, to dive.",0.0
súlit,v,verb,"to test, to repeat, to do again.",0.0
súlu,adv,adverb,"alone, solely.",-0.25
sulú’,n,noun,torch.,0.0
súluk,n,noun,corner.,0.0
sulúd,id,idiom,"come in, enter.",0.0
sulúd,n,noun,"inside, room.",0.0
sulúd,v,verb,"to enter, to go inside, to put inside.",0.0
súlsul,v,verb,"to press on, to insist.",0.0
súlung,v,verb,"to inspect, to raid.",0.0
sulusakayán,n,noun,"toy boat, paper boat.",0.0
súma,n,noun,"sum, addition.",0.0
súma,v,verb,to add up.,0.0
súman,n,noun,sticky cooked rice wrapped in banana leaf.,0.0
súmbag,v,verb,"to box, to hit with the fist.",0.0
súmbung,v,verb,"to denounce, to accuse, to report.",-0.494
súm’ud,v,verb,"to loathe, to have more than enough so as to feel boredom, to cloy.",-0.67
súmpa’,n,noun,"oath, sworn statement, vow.",0.0
súmpa’,v,verb,"to take an oath, to swear, to make a big promise.",0.0
súmpung,v,verb,"to oppose, to resist, to fight, to have an argument with.",-0.625
sundáyag,v,verb,"to publish, to display, to explain.",0.0
súnlug,n,noun,"teasing, joke.",0.226
súnlug,v,verb,to tease.,0.226
súnsun,adj,adjective,"frequent, often.",0.0
súntuk,v,verb,"to pierce, to thrust, to go through.",0.0
sunú’,con,conjunction,according to.,0.0
sunúd,adv,adverb,next.,0.0
sunúd,v,verb,"to go after, to follow, to tag along.",0.0
sunúd,n,noun,"rules, laws, guidelines; /-lu-…-un/ leader, example, model, rules.",0.0
sunúdsunúd,adv,adverb,one after another.,0.0
sunúdsunúd,v,verb,"to tail, to tag along, to keep on following after.",0.0
súnug,n,noun,"fire, dest ctive burning.",-0.34
súnug,v,verb,"to set fire to, to burn, to raze.",-0.34
súngay,n,noun,horn.,0.0
súngay,v,verb,"to gore, to pierce with a horn.",0.0
súngka’,n,noun,"filipino game of stones, appeal.",0.0
súngka’,v,verb,to appeal a case in the upper court.,0.0
súnggu’,v,verb,"to bump into, to crash against, to knock hard against something.",-0.477
súnggud,v,verb,"to sulk, to resent, to be disappointed so as to sulk.",-0.586
súngsung,n,noun,"stopper, cork.",0.0
súngsung,v,verb,to close an opening with a stopper or a cork.,0.0
súngu,n,noun,antennae of insects.,0.0
súpas,n,noun,soup.,0.0
superbisór,n,noun,supervisor.,0.0
supládu,adj,adjective,"stubborn, over-bearing.",-0.402
súpsup,v,verb,"to sip in, to suck, to absorb.",-0.44
supúk,v,verb,"to contradict, to oppose, to fight someone smaller in size or younger in age.",-0.599
supúg,adj,adjective,"rabid, contagious, furious.",-0.727
súput,n,noun,paper sack or bag.,0.0
supút,v,verb,"to gather or collect in small amounts, to be against someone smaller in size.",0.0
súrsi,n,noun,"darning, patch.",0.0
súrsi,v,verb,"to darn, to patch.",0.0
sús,intj,interjection,"oh, my goodness, wow.",0.778
súsi’,v,verb,"to investigate, to look into, to try to discover, to research.",0.0
suspendér,v,verb,"to suspend, to reprieve.",-0.318
susténto,n,noun,"sustenance, maintenance.",0.0
súsu,n,noun,"mammary gland, breast.",0.0
súsu,v,verb,to nurse from the breast or bottle.,0.0
sutíl,adj,adjective,"naughty, mischievous.",0.0
sútsut,v,verb,"to prod from below with a very little force, to make a hissing sound to call attention.",0.0
súyup,v,verb,"to absorb, to suck in, to breathe in.",-0.44
swélas,n,noun,"of shoes, sole.",0.0
swéldo,n,noun,"salary, pay, wage.",-0.103
swéldo,v,verb,"to pay wages, to receive a salary.",-0.103
swérte,n,noun,"luck, fate.",0.459
swérte,adj,adjective,lucky.,0.459
syá,pr,pronoun,"he, she, it (third person singular nominal pronoun).",0.0
syápa,n,noun,badge.,0.0
syémpre,id,idiom,"of course, certainly, yes.",0.625
syén,num,numeral,hundred.,0.0
syénsya,n,noun,science.,0.0
syérto,adv,adverb,"certainly, surely.",0.649
syéte,num,numeral,seven.,0.0
syudád,n,noun,"city, metropolis.",0.0
ta,pr,pronoun,short form of nátun.,0.0
tá’as,adj,adjective,tall.,0.0
tá’as,v,verb,"to grow tall, to raise, to increase.",0.0
tába’,v,verb,to buy land or fields.,0.0
tabáku’,n,noun,"tobacco, cigar.",0.0
tabáku’,v,verb,"to smake a cigar, to chew tobacco.",0.0
tában,n,noun,"to run away with, to take away, to elope.",0.0
tábang,n,noun,"help, aid, succor.",0.402
tábang,v,verb,"to assist, to help.",0.402
táb’ang,adj,adjective,"tasteless, of liquid consistency, light, mild.",0.0
tábas,v,verb,"to sew, to cut cloth.",-0.273
tabíd,v,verb,"to link together with a rope or string, to attach to.",0.0
tabínas,n,noun,embarrassment.,-0.44
tabís,n,noun,"penalty, fine.",-0.296
tablétas,n,noun,"medicine tablet, pill.",0.0
tabú’,n,noun,"dipper, can used to scoop out water;  case, event, happening.",0.153
tabú’,v,verb,"to happen, to occur, to come to pass.",0.153
tábu’,v,verb,"to come together, to meet purposely, to fetch from an airport or pier.",0.0
tabúk,v,verb,"to go across, to cross over.",0.0
tábug,v,verb,"to drive away, using arm gestures.",0.0
tabún,n,noun,cover.,0.0
tabún,v,verb,to cover with something.,0.0
tak’an,v,verb,"to get disgusted with, to get bored, to become weary, to get tired of.",-0.859
naták’an,na,noun formative,akú magpamáti’ sa íya istórya.,0.0
tákam,v,verb,to munch or chew noisily.,0.0
tákas,n,noun,"land, dry land.",0.0
tákas,v,verb,"to disembark, to go ashore, to go out of the water.",0.0
tákdung,v,verb,to cover the head.,0.0
táklad,v,verb,"to ascend, to climb over an obstacle.",-0.361
táklap,v,verb,"to cover, to put or lay upon.",0.0
táklas,v,verb,"to climb up a steep or uncleared path, to climb over an obstacle.",-0.361
táklung,n,noun,snail.,0.0
táklus,v,verb,to hang an object around the hip or waist with a belt.,0.0
tákna’,n,noun,"hour, moment.",0.0
táktak,v,verb,"of petals or leaves, to fall one by one.",0.0
takúd,v,verb,"to put on, to connect, as of electric wire, to install.",0.0
takúp,n,noun,"cover, stopper.",0.0
takúp,v,verb,"to cover, to put a cover on.",0.0
takús,n,noun,"fit, measure, dimension.",0.361
tádlung,adj,adjective,straight.,0.226
tádlung,v,verb,to straighten.,0.226
tádtad,v,verb,"to chop, to mutilate.",0.0
tádyaw,n,noun,native clay jar designed to hold water.,0.0
tag,na,noun formative,noun formative affix designating type of work done by a person.,0.0
tag,pt,particle,adverbial formative affix designating quantity or value.,0.0
tagá,v,verb,"to be from, to come from, to originate from.",0.0
tagálog,n,noun,"language spoken principally in the greater manila area, and in bata’an, bulacan, occidental mindoro, oriental mindoro, quezon and rizal provinces.",0.361
tagám,v,verb,"to beware, to be careful of, to take the risk.",-0.128
tagám,n,noun,"danger, risk.",-0.128
tagasák,v,verb,"to make a slapping sound, to resound, to make a dripping sound like the rain.",0.361
tágay,v,verb,"to put out, to offer.",0.0
tagbaláy,n,noun,"owner of the house, host, or hostess.",0.0
tagbaláy,id,idiom,hello (anybody home).,0.0
tágbang,v,verb,to cast overboard.,0.0
tághul,n,noun,"howl, dog bark.",0.0
tághul,v,verb,"to howl, to bark like a dog.",0.0
tághuy,v,verb,"to wail, to sigh.",0.026
tagíptip,n,noun,mildew.,0.0
tag’íya,n,noun,"owner, possessor.",0.0
tágna’,n,noun,"guess, prediction, prophecy, forecast.",0.0
tágna’,v,verb,"to foretell, to predict, to guess.",0.0
tagpilá,adv,adverb,how much.,0.0
tágring,n,noun,"resonance, ringing sound as of a telephone.",0.0
tágring,v,verb,"to ring, to resound.",0.0
tágsa,adv,adverb,"each, each one, per person.",0.0
tágsatágsa,n,noun,"everyone, each one, one by one.",0.0
tágsing,adj,adjective,"oxytone, sonorous.",0.0
tágtag,v,verb,"to distribute, to apportion.",0.0
tágu’,v,verb,"to hide, to store away, to conceal.",-0.178
tagúb,n,noun,"sheath, scabbard.",0.0
tagudíli’,v,verb,"to condemn, to damn.",-0.649
tagúm,adj,adjective,blue.,0.0
tahál,v,verb,to sharpen a pencil.,0.0
táhaw,v,verb,"to become mild, to lose alcohol content, to be flat.",-0.402
tahí’,n,noun,"sewing, stitch.",0.0
tahí’,v,verb,to sew.,0.0
táhud,n,noun,"respect, honor, courtesy.",0.832
táhud,v,verb,to show respect or courtesy.,0.832
tahúm,adj,adjective,"beautiful, pretty.",0.796
tahúm,n,noun,"beauty, effulgence.",0.796
talágsa,adv,adverb,"rarely, scarcely, seldom.",0.0
talá’id,adv,adverb,"evenly distributed, evenly done.",0.0
talámnan,n,noun,"field, garden.",0.0
tálang,v,verb,"to miss the way, to lose one’s way.",-0.511
tál’as,v,verb,to run away.,0.0
talástas,n,noun,"edict, proclamation.",0.0
talástas,v,verb,"to know, to understand, to proclaim.",0.0
tálaw,adj,adjective,"chicken-hearted, coward.",-0.459
talikúd,v,verb,"to turn one’s back upon, to abandon, to desert.",-0.44
talimbabága,n,noun,centipede.,0.0
talíthi’,n,noun,"drizzle, shower.",0.0
talíwan,v,verb,"to bypass, to catch up and then leave behind, to overtake.",-0.052
nag-talíwan,na,noun formative,ang búlan sang febréro.,0.0
táltal,v,verb,to loosen especially with a jackscrew or a hammer.,0.0
talúdtud,n,noun,ridge.,0.0
talúm,adj,adjective,sharp as of knives and blades.,0.0
talúm,n,noun,sharpness.,0.0
talúng,n,noun,eggplant.,0.0
tál’us,v,verb,"to take another’s place, to substitute for someone.",0.0
talyér,n,noun,repair shop for cars.,0.0
táma’,adv,adverb,"correct, well, extremely, excessively.",0.273
táma’,v,verb,"to be correct, to fit into, to adjust well.",0.273
tamád,adj,adjective,"idle, lazy, indolent.",-0.361
tamáwu,n,noun,"dwarf, elf.",0.0
tamáy,v,verb,"to despise, to contempt.",-0.735
támbal,n,noun,"medicine, cure, remedy;  doctor, quack doctor.",0.0
támbal,v,verb,"to cure, to remedy.",0.0
tambalihán,n,noun,chameleon.,0.0
támbi,v,verb,"of sewing, to sew a small piece to a bigger piece of cloth, to have enough material.",0.0
támbu’,n,noun,bamboo shoot.,-0.34
támbuk,n,noun,"fatness, stoutness.",0.0
támbuk,adj,adjective,"fat, stout, obese.",0.0
támbung,v,verb,"to attend, to be present.",0.0
támbur,n,noun,drum.,0.0
tamíng,n,noun,"armor, shield.",0.0
tám’is,n,noun,sweetness.,0.494
tám’is,adj,adjective,sweet.,0.494
támpa’,n,noun,slap on the face.,0.153
támpa’,v,verb,to slap on the face.,0.153
támpad,adj,adjective,"frank, candid.",0.0
támpad,v,verb,"to confront, to be frank, to divulge.",0.0
tampálas,v,verb,to insult.,-0.511
tampálas,adj,adjective,cruel.,-0.511
támpi,v,verb,"to put on an apron, to put something over the dress so as to cover it.",0.0
támpis,n,noun,"apron, piece of cloth worn over the skirt for decoration.",-0.296
támpuk,v,verb,"to fill up a hole, to cover a hole.",0.0
tamúd,v,verb,to look upon.,0.0
támwa,v,verb,to peep out of.,0.0
támyaw,v,verb,"to greet, to entertain.",0.557
tanán,pr,pronoun,"all, everybody, everything.",0.0
tanáng,adj,adjective,ripe.,0.0
tán’aw,v,verb,"to see, to watch, to look at.",0.0
tánda’,n,noun,"mark, line, indication.",0.0
tándug,v,verb,"to touch, to move around.",0.0
tándus,adj,adjective,excellent.,0.572
táni’,adv,adverb,"if possible, perhaps, possibly.",0.0
tánsya,n,noun,"estimate, prediction.",0.0
tánsya,v,verb,"to estimate, to predict the quantity.",0.0
tanúm,n,noun,plant.,0.0
tanúm,v,verb,"to plant, to allow to grow.",0.0
tányag,n,noun,offer.,0.0
tányag,v,verb,"to offer as a bonus, to offer.",0.0
tangá,n,noun,cockroach.,0.0
tangá’,v,verb,"to look up, to look stupid, to have a blank stare.",-0.527
tángki,n,noun,tank container.,0.0
tangkúgu’,n,noun,nape of the neck.,0.0
tángis,n,noun,"cry, lament.",-0.727
tángis,v,verb,"to cry, to lament.",-0.727
tángla’,v,verb,to look up.,0.0
tangú’,n,noun,"nod, nodding movement of the head.",0.0
tangú’,v,verb,to nod the head for assent.,0.0
tangú’tángu’,v,verb,to nod the head repeatedly to show assent.,0.0
tápak,n,noun,"foot mark, footfall.",0.0
tápak,v,verb,"to tread barefooted, to step on.",0.0
tápán,adj,adjective,"flat, plain, level.",0.0
tapás,v,verb,"to cut down a big plant or tree, to chop down.",-0.273
tapát,v,verb,"to resolve, to tell the truth, to be frank.",0.599
tápi’,n,noun,"wood, board, lumber.",0.0
tapík,v,verb,"to transfer to, to stick to, to move over.",0.0
táplik,v,verb,"to flick, to jerk, to flick on the sides.",-0.34
tápna’,v,verb,to stop.,-0.296
tápnay,v,verb,"to carry or hold in the arms, to cradle in the arms like a baby.",0.361
tápu’,n,noun,"association, group, club.",0.0
tápu’,v,verb,"to join together as a group, to associate, to group together.",0.0
tapúk,adj,adjective,"brittle, delicate, non-durable.",0.052
tápuk,v,verb,"to throw away, to cast away to a far off place, to deport.",0.0
tapús,adj,adjective,"finished, completed.",0.0
tapús,v,verb,"to finish, to complete.",0.0
tapútapú,n,noun,dust.,0.0
tarhéta,n,noun,"card, identification.",0.0
társo,n,noun,"clown, joker.",0.128
tárung,n,noun,"reason, excuse.",0.077
tárung,v,verb,"to behave well, to straighten up.",0.077
tása,n,noun,drinking cup.,0.0
tásak,v,verb,"to put on one’s foot, to step into.",0.0
táslaw,adj,adjective,coward.,-0.459
tástas,v,verb,"to separate, to take off stitching after sewing, to remove stitching by a blade or any sharp instrument.",0.0
tátap,v,verb,"to look after, to take care of, to attend to.",0.494
tatay,n,noun,"father, respect form for older male relatives.",0.477
tátlu,num,numeral,three;  third; /ka-…-an/ thirty; /napulug-/ thirteen.,0.0
tá’ub,n,noun,"tide, high tide.",0.0
tawág,n,noun,"call, telephone call, beacon.",0.0
tawág,v,verb,"to call, to beacon.",0.0
táwgi,n,noun,mongo bean sprouts used as vegetable.,0.0
táwhay,adj,adjective,"peaceful, with ease, slow.",0.691
táwtaw,v,verb,"to drop and pull a fish hook into the water, to cast a hook in the water.",-0.273
táwu,n,noun,man.,0.0
táwu,v,verb,to be born.,0.0
tay,n,noun,variant of tátay.,0.0
tayá’,n,noun,"stake, bet.",0.0
tayá’,v,verb,"to bet, to put up as stake.",0.0
táytay,n,noun,bridge.,0.0
tayúbung,n,noun,starch.,0.0
táyug,adj,adjective,high up in the air.,0.0
táy’ug,v,verb,"to tremble, to shake.",-0.421
tayún,v,verb,"to funnel, to fill a bottle with liquid.",0.026
tayúyun,adj,adjective,easy.,0.44
téla,n,noun,cloth.,0.0
telebísyon,n,noun,television.,0.0
telegráma,n,noun,telegram.,0.0
telegráma,v,verb,to send a telegram.,0.0
teleponó,n,noun,telephone.,0.0
teleponó,v,verb,to call on the telephone.,0.0
témpla,n,noun,"flavor, mixture, consistency.",0.0
témpla,v,verb,"to mix, to tamper for consistency.",0.0
tempráno,adv,adverb,early.,0.0
tenér,v,verb,"to stay, to live in, to reside.",0.0
tenyénte,n,noun,lieutenant.,0.0
térno,n,noun,"matching coat and pants for men, matching shoes, handbag and dress for ladies, formal long native costume of filipinas with butterfly sleeves.",0.0
tesoréro,n,noun,treasurer.,0.128
testígo,n,noun,"witness, testimony.",0.0
testígo,v,verb,"to witness, to testify.",0.0
tí’,pt,particle,"well…, so, now then, you see, i told you so.",0.0
ti’áw,v,verb,"to tease, to make a joke of.",-0.026
ti’áwtí’aw,n,noun,"joke, teasing.",0.226
ti’áyun,v,verb,"to live together as husband and wife, to get along together, to be compatible in personality.",0.0
tibákla,n,noun,grasshopper.,0.0
tibáw’as,v,verb,"to escape, to set free.",0.612
tibúnug,adj,adjective,"healthy, robust.",0.625
tíb’ung,v,verb,"to raise, to lift.",0.0
tíbsuk,v,verb,to fall down head first.,0.0
tikáb,v,verb,to open one’s mouth.,0.0
tíkal,v,verb,"to talk too much, to prattle.",0.0
tikálun,adj,adjective,"proud, vainglorious.",0.477
tikáng,n,noun,"step, tread.",0.0
tikáng,v,verb,"to step on, to walk, to tread.",0.0
tíkas,v,verb,to steal.,-0.494
tíklud,v,verb,"to push away, to push behind.",0.0
tíklup,v,verb,to fold over.,0.0
tíkma’,v,verb,"to shock, to jolt.",-0.382
tikú’,adj,adjective,"crooked, bent, curved.",0.0
tikú’,v,verb,"to become bent, to make crooked.",0.0
tig,pt,particle,variant of tag.,0.0
tig-…-la-,na,noun formative,noun formative affix designating season of abundance or plurality.,0.0
tig…-li-,na,noun formative,variant of .,0.0
tíg’a,adj,adjective,"hard, solid.",0.052
tíg’a,v,verb,"to become hard, to solidify.",0.052
tigána,n,noun,left-overs.,0.0
tigána,v,verb,"to leave for later, to store away, to stock for later use.",0.0
tíg’ang,v,verb,"to set over the fire to cook, to cook steamed rice.",-0.34
tigayún,v,verb,"to become a reality, to make possible, to bring about.",0.0
tígbas,v,verb,to cut off with considerable force so as to make only one stroke.,-0.273
tígdas,adj,adjective,"severe, rigid, strict.",-0.477
tigíb,n,noun,chisel.,0.0
tig’ik,n,noun,"shriek, choking sound.",-0.459
tig’ik,v,verb,to shriek.,-0.459
tiglawás,n,noun,"representative, congressman, spokesman.",0.0
tigre,n,noun,tiger.,0.0
tigúlang,adj,adjective,"of people, old.",0.0
tigúlang,v,verb,"to grow old, to age.",0.0
tihín,v,verb,to walk on tiptoe.,0.0
tí’id,v,verb,to tread carefully or stealthily.,0.153
ti’íl,n,noun,"feet, foot, leg.",0.0
tiláw,v,verb,"to taste, to try.",0.0
timá’an,n,noun,"sign, signal, warning.",-0.34
timáwa’,n,noun,"mass of poor people, masses, citizenry.",-0.477
tímba’,n,noun,bucket used to fetch water from a well.,0.273
tímba’,v,verb,to draw water from a well.,0.273
tímbang,n,noun,"weight;  scale, balance.",0.0
tímbang,v,verb,"to weigh, to balance.",0.0
tímbre,n,noun,"seal, stamp.",0.0
tímbre,v,verb,"to seal with a seal, to mark, to earmark.",0.0
timbú’uk,v,verb,"to whirl upward with speed, to soar.",0.0
tín’ad,v,verb,to become prosperous.,0.477
tinápay,n,noun,"bread, cookie.",0.0
tín’aw,n,noun,"of water, clearness.",0.0
tín’aw,adj,adjective,"of water, clear.",0.0
tíndak,n,noun,kick.,0.0
tíndak,v,verb,to kick.,0.0
tínday,n,noun,calf.,0.0
tindéro,n,noun,"vendor, salesman.",0.0
tíndug,n,noun,"poise, stature.",0.0
tíndug,v,verb,"to stand, to arise.",0.0
tinedór,n,noun,fork.,0.0
tiniklíng,n,noun,filipino dance using bamboo poles.,0.0
tínlu’,n,noun,"cleanness, purity, virginity.",0.0
tínlu’,adj,adjective,"clean, pure.",0.0
tínta’,n,noun,ink.,0.0
tíntin,v,verb,"to canter, to walk carefully.",0.128
tinúla,n,noun,vegetable soup.,0.0
ting-,na,noun formative,noun formative affix designating season.,0.0
tingá’,v,verb,to breathe one’s last.,0.0
tingádlaw,n,noun,summer.,0.0
tíngal,v,verb,to force another’s mouth to open.,0.0
tingála,n,noun,"wonder, surprise, amazement.",0.681
tingála,v,verb,"to wonder, to be astonished, to be surprised.",0.681
tingkáya’,v,verb,"to fall flat on one’s back, to slide down and fall on one’s back.",0.0
tínggas,adj,adjective,"fleshy, plump, full.",0.0
tingúb,v,verb,"to come together, to combine, to put together.",0.0
tíngug,n,noun,voice.,0.0
tíngug,v,verb,"to make a sound, to speak after a stretch of silence.",0.0
tingúha’,n,noun,"to attempt, trial.",0.0
tingúha’,v,verb,"to try, to make great efforts to attain, to attempt.",0.0
típdas,n,noun,measles.,0.0
típhag,n,noun,landslide.,0.0
tipík,n,noun,"bit, small piece, chip.",0.0
tipík,v,verb,"to break in pieces, to chip off.",0.0
típig,v,verb,"to fold away, to deposit.",0.0
típu,n,noun,"poise, character type, personality.",0.0
típun,v,verb,"to gather together, to assemble.",0.0
típus,n,noun,typhoid fever.,0.0
tíra,v,verb,"to fight, to box, to kick, to batter.",-0.382
tiránte,n,noun,pants suspenders.,0.0
tísa’,n,noun,"chalk, brick.",0.0
tískug,adj,adjective,stiff.,0.0
tísluk,v,verb,to prick with a sharp or pointed end.,-0.34
tisúk,v,verb,to stick into.,0.0
tístis,v,verb,"to spite another out of envy, to backbite.",-0.67
títi’,n,noun,"nipple, feeding bottle.",0.0
títi’,v,verb,"to suck the breast, to feed from a bottle.",0.0
título,n,noun,"legal title, contract, title of ownership.",0.128
ti’ún,n,noun,"moment, a little while.",0.0
tíya,n,noun,"aunt, respect term for older females.",0.477
tiyán,n,noun,"stomach, abdomen.",0.0
tíyo,n,noun,"uncle, respect form for older male persons.",0.477
tíyug,v,verb,"to roam around, to turn around.",0.0
tiyúgtiyúg,n,noun,"tramp, prostitute.",0.0
tódas,v,verb,"to win all the tricks, to win the game.",0.796
tódo,adj,adjective,"full speed, fast, full blast.",0.0
tómo,n,noun,volume.,0.0
toneláda,n,noun,ton.,0.0
tóre,n,noun,"tower, steeple.",0.0
tóro,n,noun,"ox, bull.",0.0
tórpe,adj,adjective,"sheepish, dense, unthinking.",0.0
tórpe,intj,interjection,"brat, stupid, dumb.",0.0
totál,n,noun,"total, sum.",0.0
totál,con,conjunction,"anyhow, anyway.",0.0
tóto’,n,noun,endearment term for the eldest or the youngest boy in the family.,0.0
trabáho,n,noun,"work, job.",0.0
trabáho,v,verb,"to work, to do something.",0.0
trák,n,noun,truck.,0.0
trámbya,n,noun,trolley.,0.0
trángka,n,noun,"lock, bar.",0.0
trángka,v,verb,"to lock, to fasten securely.",0.0
trangkáso,n,noun,"flu, influenza.",-0.382
trapál,n,noun,"canvas, tent.",0.0
trápo,n,noun,"rag, wiper.",0.0
trápo,v,verb,to wipe with a rag.,0.0
trayángulo,n,noun,triangle.,0.0
trén,n,noun,train.,0.0
trés,num,numeral,three.,0.0
trése,num,numeral,thirteen;  thirteenth.,0.0
tréynta,num,numeral,thirty;  thirtieth.,0.0
tróno,n,noun,throne.,0.0
trumpéta,n,noun,"bugle, trumpet.",0.0
trúmpo,n,noun,"top, child’s toy.",0.202
trúsu,n,noun,log.,0.0
tsá,n,noun,tea.,0.0
tséke,n,noun,check.,0.0
tsinélas,n,noun,slipper.,0.0
tsokoláte,n,noun,"chocolate, brown color.",0.0
tsupér,n,noun,"chauffer, driver.",0.0
tú,d,deictic,"that younder, from atú.",0.0
tú’ad,v,verb,to accept one’s fault or error.,-0.421
tu’álya,n,noun,towel.,0.0
tú’aw,v,verb,"to cry out, to exclaim.",-0.477
tubá’,n,noun,fermented coconut drink.,0.0
tubá’,v,verb,"to cut down a banana plant, to gather mature fruits.",0.0
tubás,v,verb,"to harvest, to gather mature produce.",0.421
túbi’,n,noun,variant of túb ig.,0.0
túbig,n,noun,"water, liquid.",0.0
túblag,v,verb,to disturb.,-0.402
túbtub,adv,adverb,until.,0.0
tubú,n,noun,sugarcane.,0.0
túbu,n,noun,"pipe, tube.",0.0
túbu’,n,noun,growth.,0.382
túbu’,v,verb,"to grow, to germinate, to sprout.",0.382
túb’uk,v,verb,"to shoot up, to flare.",-0.34
tubúd,n,noun,"leak, drop, flow.",-0.542
tubúd,v,verb,"to leak, to flow in small drops.",-0.542
tubúg,v,verb,to wallow in a mud hole as a carabao.,0.0
tubús,v,verb,"to save, to redeem, to redeem a pawned item.",0.494
túka,v,verb,to turn.,0.0
tukád,v,verb,"to ascend, to go up.",0.0
tukáp,v,verb,to patch a hole.,0.0
tukár,n,noun,sound of a musical instrument.,0.0
tukár,v,verb,to play a musical instrument.,0.0
tukíb,v,verb,to open a little in order to peep.,0.0
túksu’,v,verb,to ask to recite in class.,0.0
túktuk,n,noun,"beak, bill, rust.",0.0
túktuk,v,verb,to get rusty.,0.0
tukúb,v,verb,"of animals, to catch and eat, to take the bait.",0.0
tukúd,n,noun,"cane, staff, support.",0.402
túkud,v,verb,"to establish, to build, to put up.",0.0
tukún,n,noun,pole used for support.,0.402
tukús,v,verb,to bid.,0.0
túdlu’,n,noun,finger;  teaching.,0.0
túdlu’,v,verb,"to point out, to teach.",0.0
tugák,v,verb,to loosen.,0.0
tugálbung,v,verb,to trap.,-0.318
túg’an,v,verb,"to promise, to pledge.",0.318
túbbung,v,verb,"to go down from a rural area to the town or city, to go to the seashore to buy fish.",0.0
túgda’,v,verb,"to add to the length of the conversation, to enter into a conversation.",0.0
túgdang,v,verb,"to dunk, to immerse, to dump.",-0.382
túgmaw,v,verb,"to immerse, to wet in the water.",0.0
túgnaw,n,noun,"coldness, cold.",0.0
túgnaw,v,verb,to feel cold.,0.0
túgpa’,v,verb,"to land, to alight from the air.",0.0
túgun,v,verb,"to request to get, to give a message, to ask.",0.0
túgut,v,verb,"to permit, to allow, to agree.",0.527
túgyan,v,verb,"to entrust, to bestow.",0.0
tuháw,v,verb,"to emerge, to appear.",0.0
túhay,adj,adjective,"different, distinct.",0.0
túhay,v,verb,"to become different, to deviate.",0.0
túhil,v,verb,to poke with a stick.,0.0
túhud,n,noun,knee.,0.0
túhuy,v,verb,to direct toward.,0.0
tú’ig,n,noun,year.,0.0
tú’igtú’ig,adv,adverb,"annually, yearly.",0.0
túlad,adv,adverb,"same, alike.",0.0
túl’an,n,noun,bone.,0.0
tuláy,n,noun,bridge.,0.0
túlda,n,noun,"tent, canvas cover or roofing.",0.0
túl’id,v,verb,to survey.,0.0
túlin,v,verb,"to order, to command.",0.0
túlis,v,verb,"to hold up, to steal.",-0.494
túltug,v,verb,"to strike, to beat, to pound with considerable force so as to make into powder.",-0.128
túltul,v,verb,"to know one’s way, to find one’s way.",0.0
túlu’,n,noun,"one drop, one drip.",-0.273
túlu’,v,verb,"to drip, to leak, to fall in drops.",-0.273
túluk,n,noun,"glance, look, glimpse.",0.0
túluk,v,verb,"to gaze at, to glimpse.",0.0
tulúd,v,verb,to push.,0.0
túlug,n,noun,"sleep, slumber.",0.0
túlug,v,verb,"to go to sleep, to fall asleep.",0.0
tulún,v,verb,"to swallow, to gulp down.",0.0
tulún’an,n,noun,book.,0.0
túman,v,verb,"to obey, to accomplish as requested.",0.421
túmba,v,verb,"to fall, to stumble.",0.0
túmbaktúmbak,n,noun,dragonfly.,0.0
túmban,v,verb,"to kick, to stamp on.",0.0
túmbas,adj,adjective,"equal to, the same amount.",0.0
túmbas,v,verb,"to pay off, to put up an amount equal to what is at stake.",0.0
tumbayá’,v,verb,"to neglect, to shake off responsibility.",-0.572
túmbu’,v,verb,"to bound, to hop, to play with coins or bottle covers for head-or-tail game.",0.34
túmbuk,n,noun,"dot, period.",0.0
túmbuk,v,verb,to put a period or a dot.,0.0
túmpi’,v,verb,"to stack, to pile.",0.0
túmpuk,n,noun,"pile, group.",0.0
túmpuk,v,verb,"to pile up, to group together, to put on one pile.",0.0
túm’uk,v,verb,"to press down, to compress.",0.0
túmud,v,verb,to point at.,0.0
túna,v,verb,"to give rise to, to be the cause of, to be the origin of.",0.0
túnaw,v,verb,"to melt, to digest, to dissolve.",0.0
túnay,adj,adjective,"real, genuine, actual.",0.0
túnda’,v,verb,"to announce, to make public.",0.0
túntu,adj,adjective,"stupid, ignorant, unsophisticated.",-0.772
túntu,intj,interjection,"you idiot, stupid.",-0.772
túntun,v,verb,"to lower down, to dangle.",-0.296
túnu,n,noun,musical tune.,0.0
tunúk,n,noun,"thorn, splinter.",0.0
tunúk,v,verb,to be pricked with a thorn or splinter.,0.0
túnud,v,verb,"to disappear, to sink.",-0.226
tunúg,n,noun,"sound, tone.",0.0
tunúg,v,verb,"to make a sound, to sound.",0.0
tún’ug,n,noun,dew.,0.0
tungá’,n,noun,"middle, center, half.",0.0
tungá’,adv,adverb,between.,0.0
tungá’,v,verb,to divide in two.,0.0
tungá’túnga’,n,noun,"bullseye, center, central figure.",0.0
túnghul,v,verb,"to hand over, to deliver personally.",0.494
túngtung,v,verb,"to put on top, to place upon.",0.202
tungúd,adv,adverb,"about, concerning, because.",0.0
tungúd,v,verb,"to concern, to refer to.",0.0
tupá’,v,verb,to fall down upon.,0.0
túpad,v,verb,"to be at the side of, to sit beside someone.",0.0
túpung,adv,adverb,equal in length.,0.0
túpung,v,verb,to make equal in length.,0.0
tusíno,n,noun,"homemade bacon, salted pork.",0.0
túsluk,v,verb,"to pierce, to prick with a pointed end, to inject.",-0.34
túsngaw,v,verb,"to blast, to burst.",0.0
tústa,n,noun,"toast, toasted bread or food.",0.0
tústa,v,verb,"to toast, to make brown.",0.0
túsu,adj,adjective,"cunning, sly, shrewd.",0.0
tús’un,v,verb,to carry on the head.,0.0
tutál,n,noun,total.,0.0
tutál,adv,adverb,"anyhow, anyway.",0.0
tú’tu’,v,verb,to reproach.,0.0
tútud,v,verb,to set fire to.,-0.34
tútum,v,verb,to become reliable.,0.0
tutúnlan,n,noun,throat.,0.0
tú’u,n,noun,"belief, devotion.",0.459
tú’u,v,verb,"to believe, to have the conviction.",0.459
tu’ú,n,noun,right side.,0.0
tú’ud,adj,adjective,"true, certain.",0.599
tu’ún,n,noun,"studies, learning, school work.",0.0
tu’ún,v,verb,"to study, to learn.",0.0
túwang,v,verb,"to help each other, to carry the load by sharing it with some others.",0.67
túwang,n,noun,"shareholder, partner.",0.67
tuwáy,n,noun,clam.,0.0
túytuy,v,verb,"to guide, to lead.",0.0
túyu’,n,noun,soy sauce.,0.0
tuyu’,n,noun,"intention, purpose, aim.",0.0
tuyu’,v,verb,"to do intentionally, to plan for.",0.0
tuyú,v,verb,"to feel sleepy, to be drowsy.",0.0
túyub,v,verb,to whirl around.,0.0
tyábaw,n,noun,"yell, scream, outburst.",-0.402
tyábaw,v,verb,"to shriek, to scream.",-0.402
tyánggi,n,noun,small corner store which carries a little bit of everything.,0.0
tyémpo,n,noun,"weather, climate, time.",0.0
tyénda,n,noun,"open market, supermarket which carries every possible item.",0.0
úba,v,verb,"to take off, especially clothing, to denude.",0.0
úbas,n,noun,grape.,0.0
ubáy,v,verb,"to guide, to direct.",0.0
úbi,n,noun,violet yam.,0.0
ubú,n,noun,cough.,0.0
ubú,v,verb,"to cough, to have a cough.",0.0
úbug,v,verb,"to wade, to walk in water.",0.0
úbus,v,verb,"to finish, to consume, to take the last bit.",0.0
ubús,adv,adverb,"below, under, beneath.",0.0
úkbung,n,noun,"tip, extreme end.",0.0
úklab,v,verb,"to separate from, to tear off from the surface, to detach.",0.0
ukún,con,conjunction,or else.,0.0
údtu,n,noun,noon.,0.0
ugá,adj,adjective,dry.,0.0
ugá,v,verb,"to dry, to get dry from heat.",0.0
ugáli’,n,noun,"conduct, habit, behavior.",0.0
ugáling,con,conjunction,"maybe, perhaps, but.",0.0
uganút,adj,adjective,tough.,-0.128
ugángan,n,noun,father or mother-in-law.,0.0
ugát,n,noun,vein.,0.0
ugayúng,n,noun,"drawl, groan, moan.",-0.153
úgbus,n,noun,"of plants, bud.",0.0
ugís,adj,adjective,"faded, worn out in appearance.",-0.296
ugís,v,verb,"to fade in color, to look over used.",-0.296
úgtu,n,noun,variant of údtu.,0.0
ugút,n,noun,"irritation, chagrin, madness.",-0.844
ugút,v,verb,"to feel chagrined, to be irritated.",-0.844
úguy’úguy,n,noun,humming sound.,0.0
úhaw,n,noun,thirst.,0.0
úhaw,v,verb,to feel thirsty.,0.0
uhú,intj,interjection,"see, look.",0.0
úla’,v,verb,"to spill out, to pour out.",0.0
uláklub,n,noun,eyelid.,0.0
ulán,n,noun,rain;  rainy season.,-0.077
uláng,n,noun,"lobster, fresh water shrimp.",0.318
úlay,adj,adjective,"chaste, virgin, pure.",0.0
úlhut,v,verb,to pop out suddenly without warning.,0.258
úli’,v,verb,"to return, to give back.",0.0
úli’,na,noun formative,"ang ímu líbro, ha.",0.0
ulí’,v,verb,"to go home, to go back to the house.",0.0
nag’ulí’,na,noun formative,silá.,0.0
ulihí,adv,adverb,late.,0.0
ulípun,n,noun,"poor man, servant.",-0.477
ulípun,adj,adjective,poor.,-0.477
úlu,n,noun,head.,0.0
úlu,v,verb,"to head, to be master of, to chairman.",0.0
ulú’úlu’,v,verb,"to comfort, to win over, to talk kindly so as to win the favor of.",0.946
úlud,n,noun,worm.,0.0
ulúnan,n,noun,pillow.,0.0
ulús,n,noun,"cloth, fabric.",0.0
-um-,va,verbal affix,designating completed action.,0.0
umá,n,noun,"farm, cultivated field.",0.0
umágad,n,noun,"daughter-in-law, son-in-law.",0.0
umál,adj,adjective,blunt.,0.0
umpisá,n,noun,"beginning, start.",0.0
umpisá,v,verb,"to commence, to start.",0.0
-un,va,verbal affix,infinitive goal focus affix.,0.0
úna,num,numeral,one;  first.,0.0
úna,v,verb,"to go ahead, to overtake.",0.0
úna,na,noun formative,kamí kay kadúgay sa íla.,0.0
únat,adj,adjective,"ductile, stretchable.",0.0
únat,v,verb,to stretch.,0.0
unáy,adj,adjective,"constant, stationary, permanent.",0.0
unáy,v,verb,to become permanent.,0.0
úndang,v,verb,"to finish, to stop.",-0.296
úntat,v,verb,"to stop, to interrupt, to disrupt.",-0.557
unúd,n,noun,"flesh, meat, insides, contents.",0.0
únung,v,verb,"to help out, to contribute towards the good end.",0.681
unús,n,noun,storm.,0.0
ungál,n,noun,"drawl, howl.",0.0
upá,n,noun,"bran, chaff.",0.0
úpak,n,noun,"peeling, skin of fruits.",0.0
úpak,v,verb,"to take the skin off, to peel.",0.0
upúd,n,noun,"companion, associate.",0.0
upúd,v,verb,"to go along with, to tag along.",0.0
úrung,v,verb,"to stop in surprise, or admiration.",0.527
úrung,na,noun formative,’urungán si mário pagkakíta’ niya kay mára.,0.527
usá,n,noun,deer.,0.0
úsang,v,verb,"to snarl, to fight like dogs, to chew like a dog.",0.34
usár,v,verb,to use.,0.0
úsbung,v,verb,"to exhale, to give off steam or an odorous smell.",0.0
úsik,v,verb,"to waste, to make something into a waste for trivial reasons.",-0.691
usísa’,n,noun,"inquiry, investigation.",0.0
usísa’,v,verb,"to inquire, to investigate, to check.",0.0
-uso,aa,adjective formative,"formative affix designating condition, quality or state of being.",0.0
ústya,n,noun,communion host used in roman catholic masses.,0.0
úsu,n,noun,"fashion, fad, vogue.",0.226
úswag,n,noun,"prosperity, success, progress.",0.758
úswag,v,verb,"to be successful, to progress, to develop.",0.758
útan,n,noun,vegetable.,0.0
útang,n,noun,"debt, credit.",0.026
útuk,n,noun,brain.,0.0
útud,n,noun,"sibling, brother, sister.",0.0
utúd,v,verb,"to sever, to cut off, to break off.",-0.273
uwák,n,noun,"crow, raven.",0.0
úwang,v,verb,"to howl loudly, to yelp like a helpless dog.",-0.128
uwáy,n,noun,rattan.,0.0
úy,intj,interjection,"hey, oh.",0.0
uyáng,n,noun,food which fell off from the plate during meal time; wasted item.,-0.494
uyáng,v,verb,"to waste away, to be clumsy so as to drop food from a service plate.",-0.494
uyapús,n,noun,"boil, swollen area in the skin.",0.0
úyat,v,verb,"to hold, to grasp.",0.0
uyayá’,adj,adjective,"careless, neglectful of personal appearance.",-0.67
úyug,v,verb,to shake as of a tree.,-0.178
úyun,v,verb,"to take a liking to, to be pleased with.",0.681
úy’uy,v,verb,"to collapse, to weaken and fall.",-0.718
wágkus,n,noun,"belt, sash, waist band.",0.0
wágwag,v,verb,to scatter accidentally.,-0.34
walá,n,noun,left side.,0.0
walá’,adv,adverb,"none, no.",0.0
wáli,n,noun,"sermon, preaching.",0.0
wáli,v,verb,"to preach, to give a lecture or sermon.",0.0
walís,adj,adjective,"ambidextrous, left-handed.",0.0
walú,num,numeral,eight.,0.0
waráwag,n,noun,"announcement, broadcast.",0.0
waráwag,v,verb,"to announce over the radio, to publish, to broadcast.",0.0
wasák,adj,adjective,"destroyed, demolished.",-0.494
wasák,v,verb,"to destroy, to demolish, to take apart.",-0.494
wás’ag,v,verb,"to scatter, to spread after being broken.",-0.477
wásay,n,noun,"ax, hatchet.",0.0
wásdak,v,verb,"to crumble to pieces, to fall into pieces, to fall by accident.",-0.477
wáslik,v,verb,to shake off from the hand with considerable force.,0.361
wáswas,v,verb,to shake out clothes.,-0.178
wíli,v,verb,"to be amused, to entertain.",0.625
wisík,v,verb,"to sprinkle with the hand, to spray with the hand.",0.751
y,con,conjunction,"and, for time.",0.0
yábi,n,noun,key.,0.0
yáb’uk,n,noun,"dust, dirt.",-0.34
yádtu,d,deictic,"objective demonstrative meaning there, far from both the speaker and the listener.",0.0
yágpis,adj,adjective,"lanky, thin.",0.0
yahúng,n,noun,"bowl, bowl container for food.",0.0
yámu’,v,verb,to complain.,-0.361
yaníb,v,verb,to surrender.,0.0
yánu,adj,adjective,"plain, simple, solid in color.",0.153
yángkutyángkut,n,noun,miscellaneous.,0.0
yánghag,v,verb,to stare at.,0.0
yára’,d,deictic,"objective demonstrative meaning there, far from the speaker.",0.0
yárda,n,noun,"yardstick, yard.",0.0
yári,d,deictic,"objective demonstrative meaning here, near the speaker.",0.0
ya’úb,v,verb,"to kneel down and bend one’s face until it touches the ground, to capitulate.",0.0
yáwa’,n,noun,devil.,-0.66
yáwyaw,v,verb,"to scold, to quarrel on top of one’s voice.",-0.226
yáyung,v,verb,"to bear, to carry something between two people, to transport a heavy object by having two people carry it on each end.",0.0
yélo,n,noun,ice.,0.0
yúbit,v,verb,"to tease, to make fun of, to ridicule.",-0.25
yukút,adj,adjective,"crumpled, wrinkled.",0.0
yukút,v,verb,"to crumple, to make wrinkles on.",0.0
yúdu,n,noun,iodine.,0.0
yúdyud,v,verb,"to pull, to drag on the ground.",-0.226
yuhúm,n,noun,"smile, grin.",0.681
yupúk,n,noun,dimple.,0.0
yurópa,n,noun,europe.,0.0
abaganhan,adj,adjective,broad-shouldered,0.0
abansada,adj,adjective,exposed to the wind,-0.077
abang,adj,adjective,window (opening for light and air),0.0
abayan,adj,adjective,(anatomy) waist,0.0
abelyana,adj,adjective,"brown, hazel",0.0
abierto,adj,adjective,neuter of abiertu,0.0
ablaw,adj,adjective,"friendly, sociable",0.727
abo,adj,adjective,(international standards) iso 639-3 language code for abon.,0.0
abo-abo,adj,adjective,"the color of ash, ashen",0.0
abo-abohon,adj,adjective,"ashen, ash-colored, grey, pale",0.052
abohon,adj,adjective,the color grey,0.052
abong,adj,adjective,(anatomy) top of head,0.202
aborido,adj,adjective,"disturbed, uneasy, upset, worried",-0.84
aboy,adj,adjective,"spouse
synonyms: asawa, abuyan
kang aboy ― my spouse",0.0
absuelto,adj,adjective,absolved,0.361
abunda,adj,adjective,"inflection of abundar:
third-person singular present indicative
second-person singular imperative",0.0
abyerto,adj,adjective,open; not closed,0.0
adelantado,adj,adjective,"(historical) a title bestowed by the king on certain nobles in the 15th-17th centuries, who granted them governorship of a province or charged them with conquering a foreign territory
1838, william h[ickling] prescott, history of the reign of ferdinand and isabella, the catholic. […], volume (please specify |volume=i to iii), boston, mass.: american stationers’ company; john b. russell, →oclc:the grand master […] communicated it to the principal chiefs on the borders ; among others , to don pedro henriquez , adelantado of andalusia , don juan de silva , count of cifuentes , don alonso de aguilar , and the marquis of cadiz .",0.765
aga-aga,adj,adjective,diminutive of ága: every morning,0.0
agdayan,adj,adjective,lazy,-0.361
agi,adj,adjective,(international standards) iso 639-3 language code for agariya.,0.0
agi-agi,adj,adjective,"story
synonym: istoriya",0.0
alabuton,adj,adjective,"cranky, eccentric",0.0
alan,adj,adjective,alternative form of alaunt.,0.0
alang-alang,adj,adjective,"immature, inappropriate, inconvenient, unsuitable",-0.34
alasoyon,adj,adjective,stately,0.0
alom,adj,adjective,"a tree, melanolepsis multiglandulosa",0.0
alunga-og,adj,adjective,"(of water) flat, insipid, stagnant, stale, vapid",-0.459
amat,adj,adjective,definite nominative/accusative plural of amë,0.273
amaynon,adj,adjective,paternal,0.0
aminhan,adj,adjective,"north
synonym: norte",0.0
amog,adj,adjective,(obsolete) to run amok,-0.296
anad,adj,adjective,"accustomed to; skilled at; expert in
synonym: antigo
anad yi kami sa kainda pag buhay.we are already accustomed to this way of life.",0.0
ananay,adj,adjective,"gentle, mild, soft, slow, noiseless, quiet, tranquil, quietly",0.477
andam,adj,adjective,"prepared; ready
synonyms: preparado, puwesto, handa",0.527
anhing,adj,adjective,dead; deceased; late,-0.649
antipatiko,adj,adjective,"repugnant, repulsive",0.0
antiyado,adj,adjective,buff (color),0.0
anyil,adj,adjective,laundry blue,0.0
anggid,adj,adjective,similar,0.0
anggid-anggid,adj,adjective,"diminutive of anggid: nearly alike, similar",0.0
apa,adj,adjective,(international standards) iso 639-2 & iso 639-5 language code for southern athabaskan languages.,0.0
apinas,adj,adjective,"difficult, scarce, trying",-0.361
arisgado,adj,adjective,"daring
synonym: mapangahas",0.361
asoy,adj,adjective,useful,0.44
atatayog,adj,adjective,useless; up to no good,-0.638
athag,adj,adjective,"clear, distinct",0.382
atrasado sa pagbayad,adj,adjective,delinquent,0.0
ba-og,adj,adjective,"gray, grey",0.052
baak,adj,adjective,crevice,0.0
baba-an,adj,adjective,glib; talkative,0.0
babayen-on,adj,adjective,effeminate,0.0
bacolodnon,adj,adjective,resident or inhabitant of bacolod,0.0
bag-o,adj,adjective,new,0.0
bagnas,adj,adjective,unripe,0.0
bahaw,adj,adjective,"cold (for food once served hot)
synonym: malipot",0.0
bahol,adj,adjective,"odor, smell, stink",-0.402
bakyas,adj,adjective,"(of soil) rocky, stony, barren",0.0
balaan,adj,adjective,sacred; holy,0.0
balaanon,adj,adjective,"(religion) saintly, blessed, holy",0.599
balanion,adj,adjective,magnetic,0.0
balason,adj,adjective,sandy,0.0
balasubas,adj,adjective,one who avoids meeting his obligations,-0.178
balaynon,adj,adjective,"domestic, homely",0.0
baldado,adj,adjective,"crippled, handicapped, maimed",0.0
balhag,adj,adjective,"printed, published",0.0
bali,adj,adjective,offering,0.0
balong,adj,adjective,"drunk; intoxicated
synonym: hubog",-0.34
balotanog,adj,adjective,"insufficient, unsatisfactory",0.0
balung,adj,adjective,bone,0.0
bantog,adj,adjective,fame,0.44
bangud sa,adj,adjective,concerning,0.0
baog,adj,adjective,sterile,0.0
barato,adj,adjective,neuter of baratu,0.0
basa,adj,adjective,"the catfish pangasius bocourti.
synonyms: (britain) cobbler, river cobbler",0.0
basa-basa,adj,adjective,to leaf through; to peruse; to skim,0.0
basag,adj,adjective,characteristic of the sound of a blown speaker,0.0
basag-ulo,adj,adjective,"brainless, stupid, silly",-0.511
basta,adj,adjective,"(obsolete outside spanish/portuguese/italian contexts) (that's) enough; stop!
c. 1590–1592 (date written), william shakespeare, “the taming of the shrew”, in mr. william shakespeares comedies, histories, & tragedies […] (first folio), london:  […]  isaac iaggard, and ed[ward] blount, published 1623, →oclc, [act i, scene i], page 212, column 1:baſta, content thee: for i haue it full.",-0.598
bastos,adj,adjective,plural of basto,0.0
bat-ol,adj,adjective,"dull, stupid, or obstinate",-0.807
batan-on,adj,adjective,young,0.0
bataon,adj,adjective,"(naga, informal) to court
synonyms: ilusiyonan, pidayan",0.0
batid,adj,adjective,"(formal) to know
synonym: aram",0.0
batohon,adj,adjective,"rocky, rugged, stone, stony",0.0
batok sa kasugoan,adj,adjective,"unconstitutional, unlawful",0.0
baug,adj,adjective,barren,0.0
baw-as,adj,adjective,"(usually said of women) barren, childless",0.0
baw-ing,adj,adjective,"(places) deserted, desolate, isolated, far away, lonely, secluded",-0.586
bawod,adj,adjective,"(metro cebu, bohol, leyte) alternative form of balod (“wave”)",0.0
bayud,adj,adjective,"unsteady, shaky, unstable
synonyms: bawod, mahuyang",-0.527
berde,adj,adjective,"a stringed instrument (chordophone) of bosnian origin, a large guitar-shaped instrument that is played upright, using a plectrum.",0.34
bilog,adj,adjective,"round; circular; spherical
synonyms: lidong, matalimon",0.0
binabaye,adj,adjective,a rooster with hen feathering,0.0
binaboy,adj,adjective,"hoggish, piggish",0.0
binata,adj,adjective,"juvenile, immature, puerile, childish",-0.296
binisaya,adj,adjective,visayan,0.0
binulan,adj,adjective,monthly,0.0
bingaw,adj,adjective,broken,-0.477
birhin,adj,adjective,virgin,0.0
bisaya,adj,adjective,an indigenous people of borneo.,0.0
bitas,adj,adjective,to rip; to tear apart,0.0
bitayan,adj,adjective,gallows; gibbet; scaffold,0.0
bokhon,adj,adjective,hairy,0.0
bug-at,adj,adjective,"heavy
antonym: gaan",0.0
bug-os,adj,adjective,"complete, whole",0.0
bugal,adj,adjective,arrogant,-0.494
buggaitan,adj,adjective,"prominent, famous, outstanding, excelling, excellent, surpassing others in skill, the best of its kind",0.969
bugnaw,adj,adjective,"cold, cool",0.318
buhaha,adj,adjective,"heedless, lavish, prodigal, wasteful",0.0
buhat,adj,adjective,"raise; lift; act of picking up something heavy
synonyms: alsa, tuon",0.0
buhi,adj,adjective,"to live
nabuhi si hesukristo sa dominggo sa pagkabanhawjesus rose again on easter sunday",0.0
bukas,adj,adjective,plural of buka,0.0
bukidnon,adj,adjective,rural,0.0
bulag,adj,adjective,to separate; to cause (things or people) to be separate,0.0
bulahan,adj,adjective,lucky; fortunate; blessed,0.863
bunayag makig-atubang,adj,adjective,genial,0.421
bunayag sing kabubut-on,adj,adjective,cordial,0.0
bundul,adj,adjective,"slow, dull, deliberate in action",-0.402
bungul,adj,adjective,stupid,-0.527
bus-og,adj,adjective,"pure, unadulterated,",0.0
busgon,adj,adjective,satiated,0.0
busong,adj,adjective,"pregnant
synonym: mabdos",0.0
busug,adj,adjective,"satiated, satisfied",0.421
busung,adj,adjective,alternative spelling of busong (“pregnant”),0.0
buta,adj,adjective,alternative form of boteh.,0.0
butad,adj,adjective,to pull,0.0
butok-butok,adj,adjective,diligent,0.0
buung,adj,adjective,"broken, smashed",-0.477
daan,adj,adjective,"(now rare) old (already used)
synonyms: luma, antigo
antonym: bago",0.0
dagaang,adj,adjective,"red, scarlet",0.0
dagangdang,adj,adjective,"red, scarlet",0.0
daginit,adj,adjective,"(of wind) gentle, soft, mild, tender, warm",0.586
dagway nga makahuhuya,adj,adjective,shabby,0.0
daku,adj,adjective,(anatomy) back,0.0
daku kaayo,adj,adjective,very big,0.0
daku-daku,adj,adjective,diminutive of daku,0.0
dalag,adj,adjective,mudfish,0.0
dalagku,adj,adjective,"big, large",0.0
dalamhak,adj,adjective,wayward,0.0
dalang-dalang,adj,adjective,astray,0.0
dalayawon,adj,adjective,"great, praiseworthy, laudable",0.827
dalisay,adj,adjective,pure,0.0
dalitan,adj,adjective,"poisonous, venomous",-0.572
dalok,adj,adjective,"greedy, gluttonous",-0.318
dalum,adj,adjective,(of depth) deep,0.0
damak,adj,adjective,"dirty, slovenly, untidy",-0.44
dapit,adj,adjective,"regarding; about
synonym: manunungod",0.0
dasig,adj,adjective,"(austria, switzerland, possibly dated) confused, intimidated
(the addition of quotations indicative of this usage is being sought:)",-0.637
delana,adj,adjective,woolen,0.0
dimaisip,adj,adjective,"countless, innumerable",0.0
dimalas,adj,adjective,unlucky; unfortunate,-0.459
dimasaysay,adj,adjective,"inexplicable, mysterious",0.0
dimatarung,adj,adjective,dishonest,-0.572
dimatungkad,adj,adjective,"bottomless, inscrutable, unfathomable",0.0
dingot,adj,adjective,nominative plural of dingo,0.0
diosnon,adj,adjective,devout,0.0
diosnon,adj,adjective,"divine, godly, godlike, pious",0.0
dipaha,adj,adjective,made of straw,0.0
diyotay,adj,adjective,"little, small
synonym: gamay",0.0
diyutay,adj,adjective,"deprecated, pre-2014 spelling of diyotay.",0.0
dorado,adj,adjective,"a mahi-mahi or dolphinfish (coryphaena hippurus), fish with a dorsal fin that runs the length of the body, also known for iridescent coloration.",0.0
dugoon,adj,adjective,"bloody, gory",-0.44
dugus,adj,adjective,the best part of a thing,0.637
dumaan,adj,adjective,old,0.0
dunot,adj,adjective,decayed; rotten,-0.71
dupak,adj,adjective,"dirty, foul, obscene, smutty",-0.772
dutan-on,adj,adjective,"earthly, worldly",0.0
enkantado,adj,adjective,magical,0.0
gabuk,adj,adjective,"rotten, decayed, decomposed",-0.71
gago,adj,adjective,jerk; bastard,-0.71
gamay,adj,adjective,alternative letter-case form of gamay.,0.0
gambal,adj,adjective,bulky,0.0
garot,adj,adjective,dense,0.0
gastado,adj,adjective,past participle of gastar,0.0
ginsugoran,adj,adjective,elementary,0.0
gipak,adj,adjective,broken,-0.477
gulang,adj,adjective,"mature (fruits)
antonym: linghod",0.421
gutok,adj,adjective,"(of a container, clothing, etc.) filled to the point tightness",0.0
gutom,adj,adjective,"hungry; famished
synonym: punaw
coordinate term: paha
gutom na an bisita.the visitor is already hungry.",0.0
habal,adj,adjective,"to mate; to copulate
synonyms: iyot, kayat, hilawas, jerjer, torjak",0.0
halampangan,adj,adjective,trifling,0.0
halandumon,adj,adjective,desirable,0.318
halang,adj,adjective,hot; pungent; spicy,0.0
halog,adj,adjective,ample,0.0
handa,adj,adjective,"prepared
synonyms: andam, preparado, puwesto",0.226
hanlug,adj,adjective,slippery,0.0
hanluk,adj,adjective,alternative spelling of hánlug,0.0
hangaway,adj,adjective,"martial, warlike",0.0
hanginan,adj,adjective,well-ventilated,0.0
haway,adj,adjective,(wearside) alternative spelling of howay.,0.0
hinali,adj,adjective,sudden,0.0
hinlo,adj,adjective,"smooth, level",0.0
hipos,adj,adjective,"to clean up; to collect, to gather",0.402
hubog,adj,adjective,"drunk; inebriated
synonyms: burat, buyong, nakainom, lango",-0.34
hubu,adj,adjective,accusative singular of huba,0.0
hubug,adj,adjective,alternative spelling of hubog (“drunk; intoxicated”),0.0
hugot,adj,adjective,"suicide (usually by a hangman's noose around one's neck)
synonym: pakagadan",-0.67
hugut,adj,adjective,tight,0.0
ignorante,adj,adjective,"ignorant
synonym: mangmang",-0.273
isa,adj,adjective,(international standards) iso 639-3 language code for isabi.,0.0
isa pa,adj,adjective,"likewise, plus",0.0
itom,adj,adjective,black (color/colour),0.0
kabanyagaan,adj,adjective,"mean, malicious, vile, wicked",-0.818
kabangis,adj,adjective,"fierceness, ferocity",-0.178
kabataon,adj,adjective,young,0.0
kadam-an,adj,adjective,many,0.0
kadiotay,adj,adjective,small,0.0
kapid,adj,adjective,nominative plural of kapp,0.0
katalaka,adj,adjective,"annoying, bothersome",-0.612
katsila,adj,adjective,"spanish
synonym: espanyol",0.0
laba,adj,adjective,"length (measurement)
synonym: lawig
antonym: lipot",0.0
lamokon,adj,adjective,filled with mosquitoes,0.0
lanog,adj,adjective,"weal; bruise, black eye",0.0
lapuyot,adj,adjective,"thick, condensed, coagulated",0.0
law-ay,adj,adjective,vulgar; debased,0.0
lipay,adj,adjective,"(naga) caterpillar
synonym: atitiras",0.0
lunangon,adj,adjective,muddy,0.0
maagol,adj,adjective,"lazy, indolent, idle",-0.361
maalam,adj,adjective,"learned, clever, wise",0.727
maalwan,adj,adjective,generous,0.511
maambas,adj,adjective,expensive or wasteful,0.0
maambong,adj,adjective,nice,0.421
maantod,adj,adjective,alternative form of maangtod (“burned”),0.0
maanyag,adj,adjective,"attractive; pretty; good-looking
synonyms: nindot, tahom",0.727
maanghit,adj,adjective,smelling like a goat,0.361
maaslum,adj,adjective,sour,0.0
maayo,adj,adjective,"good, nice
maayo kaayo ― very good
responsible
skillful, competent
beneficial
satisfying, pleasant
healthful",0.968
maayo-ayo,adj,adjective,"beautiful, seemly, pretty",0.796
mabahaw,adj,adjective,"stale, old",0.0
mabangis,adj,adjective,"ferocious; wild; cruel; mean
synonyms: maisog, makuri, maringis",-0.637
mabasa,adj,adjective,"(naga) to get wet; to get covered or impregnated with any liquid
synonym: madumog",0.0
mabaskug,adj,adjective,"loud
synonym: magansal",0.0
mabinantayon,adj,adjective,watchful,0.0
mabug-at,adj,adjective,heavy,0.0
mabulakon,adj,adjective,abounding in flowers,0.0
madali,adj,adjective,"quickly; hurriedly; rushingly
madali siyang naghali sa trabaho para magduman sa saiyang aki na nasa ospital.s/he quickly left from work to go to the hospital where her child is confined.",0.0
madanlog,adj,adjective,"elusive, or slippery",0.0
maduyug,adj,adjective,attracted,0.421
maganas,adj,adjective,"tasteless, insipid
antonym: marabó",-0.459
magarot,adj,adjective,"noisy, boisterous",-0.178
mahagup,adj,adjective,"tame, docile, gentle",0.44
maidlak,adj,adjective,glittering or sparkling,0.296
mainit,adj,adjective,"hot, sweltering
antonym: malipot",0.0
mainpolon,adj,adjective,round,0.0
maingol,adj,adjective,"rare, scarce",0.0
maitum,adj,adjective,black,0.0
makakululba,adj,adjective,"intimidating, disconcerting",-0.44
malipayon,adj,adjective,"happy
antonym: subo",0.572
malolot,adj,adjective,"affectionate, tender",0.44
manipis,adj,adjective,thin,0.0
mango,adj,adjective,"a tropical asian fruit tree, mangifera indica.
1980, bruce chatwin, the viceroy of ouidah, page 146:on the hot days, he would lie in the shade of a mango and let little eugenia clamber over his belly and tug at his beard.",0.0
mapait,adj,adjective,bitter,-0.421
mapiguson,adj,adjective,harsh,-0.44
mapinatopatoon,adj,adjective,"creative, imaginative, inventive",0.44
mapinatuboon,adj,adjective,"(of soil) good, fertile, productive",0.44
marabo,adj,adjective,"tasty, savoury
antonym: maganás",0.0
maramig,adj,adjective,cold,0.0
mataas,adj,adjective,"high, tall",0.0
matahum,adj,adjective,"beautiful, seemly, pretty",0.796
matalaw,adj,adjective,"cowardly
synonyms: matalsot, kobarde",-0.382
matam-is,adj,adjective,sweet,0.459
matataas,adj,adjective,"high, exalted
synonym: matáas",0.0
mauswagon,adj,adjective,"progressive; advanced
usa ka mauswagong lungsoda progressive town",0.25
negrense,adj,adjective,a native or inhabitant of the philippine island of negros,0.0
passinhon,adj,adjective,resident or inhabitant of passi,0.0
patay,adj,adjective,to kill,-0.691
pigaw,adj,adjective,"frail, weak",-0.44
pobre,adj,adjective,"poor; impoverished
synonym: mahidap
antonym: mayaman
pobre sana kami.we're just poor",-0.735
pototanon,adj,adjective,resident or inhabitant of pototan,0.0
pulut,adj,adjective,nominative plural of pulu,0.0
rami,adj,adjective,plural of ramus,0.0
ramig,adj,adjective,cold,0.0
sagahay,adj,adjective,overflowing,0.0
sagaynon,adj,adjective,resident or inhabitant of sagay,0.0
sagupra,adj,adjective,rough,0.0
salamwanan,adj,adjective,choosy,0.0
samad,adj,adjective,cut,-0.273
saramaylo,adj,adjective,confused,-0.318
sidlangan,adj,adjective,"east
synonym: mulud-an",0.0
sip-onon,adj,adjective,sniveler; sniffler,0.0
sulud,adj,adjective,nominative plural of sulg,0.0
tahum,adj,adjective,"beauty, prettiness, attractiveness",0.765
tanan,adj,adjective,"everyone, everything, everybody",0.0
tanang,adj,adjective,"overripe, rotten",-0.511
tanhaga,adj,adjective,"extraordinary, marvelous, wonderful",0.823
tarasak,adj,adjective,thoughtless; careless,-0.67
tayoyon,adj,adjective,"continuous, steady, without pause",0.0
tayuyon,adj,adjective,alternative spelling of tayóyon,0.0
tibunog,adj,adjective,"fat, plump, stout",0.178
tiilan,adj,adjective,the lower part of,-0.296
tilinguhaon,adj,adjective,worthwhile,0.34
timbolog,adj,adjective,"round, spherical",0.0
tipolon,adj,adjective,accusative singular of tipolo,0.0
too,adj,adjective,(international standards) iso 639-3 language code for xicotepec de juárez totonac.,0.0
torpe,adj,adjective,"dull, silly, slow
synonyms: charro, parvo, paspán",-0.382
tuig-tuig,adj,adjective,"yearly, annual: happening once a year",0.0
tuô,adj,adjective,right (as in a direction),0.0
utud,adj,adjective,something cut off or broken off,-0.637
waay,adj,adjective,without,0.0
wala,adj,adjective,alternative spelling of wallah.,0.0
abi,adj,adjective,(international standards) iso 639-3 language code for abidji.,0.0
amat-amat,adj,adjective,"gradually; slowly
synonym: malway-malway",0.0
asunto,adj,adjective,"home, residence; unit, housing unit, dwelling unit; dwelling, domicile, habitation (any place for living, especially one constructed for that purpose)
synonym: asumus
near-synonym: koti",0.052
basi,adj,adjective,stale,0.0
bisan,adj,adjective,"although; though; even though; even if
synonym: maskin",0.0
buas,adj,adjective,tomorrow,0.0
busa,adj,adjective,"consequently; hence; as a result; therefore, for this reason; ergo",0.0
dali,adj,adjective,"a timber tree (genus myristica) of guiana, whose wood is used for staves etc.",0.0
diin,adj,adjective,"your (singular)
1903, robert walser, der teich:aber chani de wüsse, was i dim härz isch?but can i really know what's in your heart?",0.677
dira,adj,adjective,"the arabian cubit, whose value varied by place, time, and item from about 25–75 cm (10 in–2 ft 5½ in).
1888, w.m.f. petrie, encyclopaedia britannica, 9th ed., vol. xxiv, ""weights and measures"", p. 490:
13·3—this measure does not seem to belong to very early times, and it may probably have originated in asia minor... and it may well be the origin of the dirá‘ stambuli of 26·6, twice 13·3.",0.542
dungan,adj,adjective,"simultaneous; coinciding
synonym: sabay-sabay",0.0
gihapon,adj,adjective,"always, as, always, usually",0.0
gilayon,adj,adjective,"again
synonym: liwat",0.0
indi,adj,adjective,"now
nə vaxt gedək yanına? i̇ndi yoxsa sonra?when shall we go visit him/her? now or later?",0.0
karon,adj,adjective,"now
antonym: unya",0.0
ngaa,adj,adjective,cloud,0.0
subong,adj,adjective,now,0.0
upod,adj,adjective,"too, also, as well as
synonyms: pud, usab, sab, sad",-0.25
apang,adj,adjective,but,0.0
buot,adj,adjective,to rub,0.0
kag,adj,adjective,(international standards) iso 639-3 language code for kajaman.,0.0
iya,det,determiner,(international standards) iso 639-3 language code for iyayu.,0.0
a-a,det,determiner,"alternative form of aa.
1883, clarence e. dutton, fourth annual report of the united states geological survey:
the second form of the lavas is called by the natives a-a, and its contrast with pahoehoe is about the greatest imaginable. it consists mainly of clinkers sometimes detached, sometimes partially agglutinated together with a bristling array of sharp, jagged, angular fragments.",0.758
aba,det,determiner,(international standards) iso 639-3 language code for abé.,0.0
aba-a,det,determiner,oh,0.0
abaa,det,determiner,"(archaic, british slang) contemptible; vile; silly.",-0.765
abao,det,determiner,"(biscayan) honeycomb
synonym: abaraska",0.0
abo,det,determiner,(international standards) iso 639-3 language code for abon.,0.0
adios,det,determiner,"(in spanish contexts) goodbye
synonyms: addio, adieu, aloha, arrivederci, auf wiedersehen, au revoir, bye, bye-bye, cheerio, cheers, ciao, farewell, good-by, good-bye, goodbye, good day, sayonara, shalom, ayubowan, so long, do svidanya",0.802
ahay,det,determiner,"an expression of anger, annoyance, disbelief, and/or displeasure, sometimes equivalent to the english come on and oh man",-0.718
hinugay,det,determiner,stop,-0.296
indi,det,determiner,"now
nə vaxt gedək yanına? i̇ndi yoxsa sonra?when shall we go visit him/her? now or later?",0.0
itot,det,determiner,to have sexual intercourse with someone,0.0
maayong aga,det,determiner,good morning!,0.493
maayong hapon,det,determiner,good afternoon! (from 1pm to 5:59pm),0.493
paalam,det,determiner,causative of álam,0.0
salamat gid,det,determiner,thank you very much!,0.42
uy,det,determiner,expression of surprise,0.273
yawa,det,determiner,"(theology) devil
synonym: diyablo",-0.66
alaypan hayop,ph,phrase,zoo,0.0
amay namon,ph,phrase,(christianity) lord's prayer,0.0
amba sang pispis,ph,phrase,warbler,0.0
anak nga babae,ph,phrase,daughter,0.0
apo nga babae,ph,phrase,granddaughter,0.0
apo nga lalaki,ph,phrase,grandson,0.0
asawa sang hari,ph,phrase,queen,0.0
asugi nga buhi,ph,phrase,quicksilver,0.0
atrasado sa pagbayad,ph,phrase,delinquent,0.0
bag-ong tuig,ph,phrase,new year's day,0.0
balahibo sang hayop,ph,phrase,"fur, sable",0.0
balayan sang sinulatan ukon dinalan,ph,phrase,syntax,0.0
banas sa higad sang suba,ph,phrase,"riverside
nagaistar ako banas sa higad sang suba.i live by the riverside.",0.0
bangud sa,ph,phrase,concerning,0.0
baston ni san hose,ph,phrase,hollyhock,0.0
batok sa kasugoan,ph,phrase,"unconstitutional, unlawful",0.0
bawod sang mga tudlo,ph,phrase,"wave (literally, bent fingers)",0.0
belada sa eskwelahan,ph,phrase,commencement,0.0
bisan diin,ph,phrase,"everywhere, somewhere, wherever",0.0
bisan sin-o,ph,phrase,"anybody, whoever",0.0
bunayag makig-atubang,ph,phrase,genial,0.421
bunayag sing kabubut-on,ph,phrase,cordial,0.0
dagway nga makahuhuya,ph,phrase,shabby,0.0
daku kaayo,ph,phrase,very big,0.0
de la cruz,ph,phrase,a common surname from spanish of religious origin,0.0
de la torre,ph,phrase,"a surname from spanish, equivalent to spanish de la torre, more widely spelled as dela torre. generally concentrated in negros occidental",0.0
de los reyes,ph,phrase,"a surname from spanish of religious origin, largely displaced by the spelling delos reyes",0.0
dela cruz,ph,phrase,a common christian surname from spanish,0.0
dela torre,ph,phrase,a surname from spanish,0.0
dunang manggad,ph,phrase,natural resources,0.361
dutang panublion,ph,phrase,patrimony,0.0
espiritu santo,ph,phrase,the largest island of vanuatu.,0.0
isa pa,ph,phrase,"likewise, plus",0.0
maayong aga,ph,phrase,good morning!,0.493
maayong gab-i,ph,phrase,good evening; good night,0.7
maayong hapon,ph,phrase,good afternoon! (from 1pm to 5:59pm),0.493
maghatag sing kinahanglan,ph,phrase,supply,0.0
napulo'g anum,ph,phrase,sixteen,0.0
napulo'g apat,ph,phrase,fourteen,0.0
napulo'g duha,ph,phrase,"deprecated, pre-2014 spelling of napulog duha.",0.0
napulo'g isa,ph,phrase,eleven,0.0
napulo'g lima,ph,phrase,"deprecated, pre-2014 spelling of napulog lima.",0.0
napulo'g pito,ph,phrase,"deprecated, pre-2014 spelling of napulog pito.",0.0
napulo'g siyam,ph,phrase,"deprecated, pre-2014 spelling of napulog siyam.",0.0
napulo'g tatlo,ph,phrase,thirteen,0.0
napulo'g walo,ph,phrase,"deprecated, pre-2014 spelling of napulog walo.",0.0
palangga ta ka,ph,phrase,"i love you
synonym: ginahigugma ko ikaw",0.637
salamat gid,ph,phrase,thank you very much!,0.42
sofronio española,ph,phrase,"a municipality of palawan, philippines.
meronyms: abo-abo, iraray, isumbo, labog, panitian, pulot center, pulot interior, pulot shore, punang — barangays of sofronio española
coordinate terms: aborlan, agutaya, araceli, balabac, bataraza, brooke's point, busuanga, cagayancillo, coron, culion, cuyo, dumaran, el nido, kalayaan, linapacan, magsaysay, narra, quezon, rizal, roxas, san vicente, sofronio española, taytay — cities and municipalities of palawan",0.0
tudlo sang dalaga,ph,phrase,a type of banana,0.0
aba,n,noun,(international standards) iso 639-3 language code for abé.,0.0
abad,n,noun,"well-furnished, well-equipped, well-organized, comfortable",0.511
abadesa,n,noun,abbess,0.0
abadia,n,noun,"abbey
synonym: abade-etxe",0.0
abaga,n,noun,(anatomy) shoulder,0.0
abaka,n,noun,alternative spelling of abaca.,0.0
abakahan,n,noun,someone or something abundant in abaca plants,0.0
abakan,n,noun,a small fish of a reddish color,0.0
abaniko,n,noun,"hand fan
synonyms: kayab, kabkab, pamaypay, yapyap",0.67
abano,n,noun,a havana cigar,0.0
abas,n,noun,a cutaneous disease; the scald-head. porrigo,0.0
abelyana,n,noun,"brown, hazel",0.0
abi-abi,n,noun,greeting; salutation,0.382
abian,n,noun,"underway, running",0.0
abilay,n,noun,beef jerky,0.0
abilidad,n,noun,ability; capability,0.318
abiogan,n,noun,archaic spelling of abyogan,0.0
abir,n,noun,"(india) an aromatic red powder that is used during the holi festival.[1]
synonym: gulal",0.0
abiso,n,noun,"advisory; announcement; notice; warning
synonym: pahibalo",-0.34
ablang,n,noun,"breadth, width",0.0
ablaw,n,noun,"friendly, sociable",0.727
ablay,n,noun,shawl,0.0
abo,n,noun,(international standards) iso 639-3 language code for abon.,0.0
abogado,n,noun,counsel; advisor; councilor; barrister.,0.0
abohan,n,noun,a dirty kitchen,-0.44
abokado,n,noun,avocado,0.0
abono,n,noun,second-person singular imperative of abonoj,0.0
abongho,n,noun,"anger, exasperation",-0.572
aborto,n,noun,"abortion, miscarriage",0.0
aboy-aboy,n,noun,diminutive of abóy,0.0
abrigana,n,noun,apéritif,0.0
abrigo,n,noun,"(southern) overcoat
synonym: beroki",0.0
abrilatas,n,noun,can opener,0.0
absolusyon,n,noun,(law) acquittal,0.0
absurdo,n,noun,"absurd
synonym: zentzugabe",0.0
abtik,n,noun,a quick movement of feet or hands; a flourish (dramatic gesture),0.0
abu,n,noun,(international standards) iso 639-3 language code for abure.,0.0
abud,n,noun,"(rare) budding
1923, julie m. lippmann, dreamland:[…]  he began to whistle merrily, and in an instant the whole world about him was bright of hue and joyous again, and looking, he saw, to his amazement, that the bare branches were abud.",0.931
abuela,n,noun,"a hispanic grandmother.
2022 february 17, diane scholfield, “letters to the editor: is ‘gringo’ offensive? that’s up to the person being called one”, in los angeles times‎[1], los angeles, calif.: los angeles times communications, →issn, →oclc, archived from the original on 17 february 2022:i, an abuela-aged woman of northern european ancestry, have lived within 50 miles of the mexican border most of my life. mexican culture is part of my life as much as any of my dna cultures, if not more, and i love it all.
2022 june 22, mia moretti, as told to margaret rhodes, “mia moretti’s weekend of wine and baja clams in valle de guadalupe”, in the strategist‎[2], new york, n.y.: new york media, →issn, →oclc, archived from the original on 22 june 2022:8 a.m. wake up early for breakfast at an abuela’s house
2022 july 14, mike gonzalez, “democrats are in denial about why they are losing hispanic voters”, in new york post‎[3], new york, n.y.: news corp, →issn, →oclc, archived from the original on 14 july 2022:[l]ook no further than this week’s surreal exchange between sen. josh hawley and a berkeley law professor insisting that men can and do get pregnant. yes, that happened, in a senate hearing. you say that to an abuela, and the most likely response will be “que?” followed by a quick “adios!”
2024 april 3, frank rojas, “‘carefluencers’ are helping older loved ones, and posting about it”, in the new york times‎[4], new york, n.y.: the new york times company, →issn, →oclc, archived from the original on 3 april 2024:on the east side of san jose, calif., there is an abuela who seems to have more grandchildren than she can count.",0.92
abuelo,n,noun,"(zamboangueño) grandfather
synonyms: (caviteño) lolo, (ternateño) agüelo",0.0
abusar,n,noun,"(intransitive, abusar de) to abuse (use improperly)",-0.637
abuso,n,noun,abuse,-0.637
abyan,n,noun,"companion
synonym: kauban",0.0
abyasion,n,noun,aviation,0.0
abyogan,n,noun,swing (hanging seat),0.0
ad-adan,n,noun,"slicer, a frame knife",0.0
ada,n,noun,(international standards) iso 639-2 & iso 639-3 language code for adangme.,0.0
adelpa,n,noun,nerium oleander; the only species in the genus nerium; an evergreen shrub or small tree in the dogbane family apocynaceae,0.0
adgaw,n,noun,"a small hairy tree, premna odorata",0.0
adikdik,n,noun,dandruff,0.0
adiong,n,noun,a large ship or ark,0.0
adlaw,n,noun,sun,0.0
adlawon,n,noun,full daylight after sunrise is over,0.0
administrasyon,n,noun,"administration, management",0.0
adobi,n,noun,"inflection of adobar:
first/third-person singular present subjunctive
third-person singular imperative",0.0
adorasyon,n,noun,worship,0.296
adorno,n,noun,"a clay ornament attached to a piece of pottery, usually at the rim.
1999, clarence bloomfield moore, jeffrey m. mitchem, the west and central florida expeditions of clarence bloomfield moore, page 25:willey (1949:324) suggested that this mound probably dates to late weeden island times, though the bird head rim adorno (luer 1992a:54, figure id; moore 1903:figure 63) might indicate a safety harbor component.",0.421
adtang,n,noun,the forehead,0.0
aduana,n,noun,"inflection of aduanar:
third-person singular present indicative
second-person singular imperative",0.0
adudulay,n,noun,a large earthworm,0.0
aga,n,noun,(international standards) iso 639-3 language code for aguano.,0.0
agalon,n,noun,(dated) a person who oversees and directs the work of others; a boss; a supervisor; a manager,0.0
aghon,n,noun,h-system spelling of aĝon,0.0
agi,n,noun,(international standards) iso 639-3 language code for agariya.,0.0
agigising,n,noun,"(anatomy) temple
the fine hairs on the temple
synonyms: dungandungan, tampihak",0.202
agila,n,noun,eagle,0.0
aginaldo,n,noun,christmas present,0.0
agogoling,n,noun,bumblebee,0.0
agtang,n,noun,the forehead; the part of the face above the eyebrows and below the hairline,0.0
agwa,n,noun,"water (only used in set expressions)
synonym: tubig",0.0
agwatato,n,noun,pimp,0.0
ahedres,n,noun,"(dated) chess
synonym: tses",0.0
ahensya,n,noun,alternative form of ahensiya,0.0
ahiti,n,noun,leek,0.0
ahos,n,noun,"garlic (allium sativum); a plant related to the onion, having a pungent bulb much used in cooking
synonym: lasuna",0.0
aihada,n,noun,goddaughter,0.0
aihado,n,noun,godson,0.0
akasya,n,noun,acacia tree,0.0
ala-asawa,n,noun,"concubine, mistress",0.0
alabri,n,noun,"a key, anything used for the purposes of opening something that is closed",0.0
alagad,n,noun,"but; however; yet
synonyms: pero, ugaring",0.0
alagaran,n,noun,third-person plural pluperfect indicative of alagar,0.0
alam,n,noun,"inferior, something or someone that is of a lower standing",-0.599
alanyon,n,noun,crop,0.0
alang-ang,n,noun,trivial cold; slight fever,-0.026
alasohan,n,noun,chimney,0.0
alat,n,noun,nonstandard form of halat,0.0
alaypan,n,noun,"asylum, nursery",0.0
alaypan hayop,n,noun,zoo,0.0
algodon,n,noun,"cotton
synonym: gapas",0.0
alhebra,n,noun,algebra,0.0
alibakaw,n,noun,betel nut,0.0
alibangbang,n,noun,"(naga) dragonfly
synonym: atibagros",0.0
aligi,n,noun,crab fat,0.0
alimokon,n,noun,pigeon,0.0
alimosan,n,noun,mudskipper,0.0
alimpulos,n,noun,a whirlwind; a tornado; a dust devil; a waterspout,-0.66
aliwatan,n,noun,wrist,0.0
alkansiya,n,noun,piggy bank,0.0
alkitran,n,noun,pitch,0.0
almanaki,n,noun,"almanac, calendar",0.0
almidon,n,noun,starch,0.0
almohada,n,noun,"cushion, pillow",0.0
almohadon,n,noun,a large cushion or pillow,0.0
almon,n,noun,nowhere,0.0
almoranas,n,noun,(pathology) hemorrhoid,0.0
alom,n,noun,"a tree, melanolepsis multiglandulosa",0.0
aloy,n,noun,termite,0.0
alpombra,n,noun,"carpet
synonym: karpet",0.0
alugbati,n,noun,the malabar spinach (basella alba),0.0
aluntaga,n,noun,the rung or step of a ladder,0.0
amapola,n,noun,a poppy; any plant of the genus papaver,0.0
amay,n,noun,"(transitive and intransitive, obsolete) to dismay; confound; be dismayed",-0.784
amba sang pispis,n,noun,warbler,0.0
ambahan,n,noun,"chanted verse, characterized by the use of seven-foot lines; by conspicuous lack of loanwords (from spanish, tagalog, or hiligaynon); by many archaic hanunoo terms; and by being sung always without instrumental accompaniment",-0.318
ambulansya,n,noun,ambulance,0.0
ami,n,noun,(international standards) iso 639-3 language code for amis.,0.0
amidol,n,noun,"the hydrochloride of the amino-phenol 2,4-diaminophenol, used as a photographic developer.",0.0
amihan,n,noun,"north
synonym: norte",0.0
aminhan,n,noun,"north
synonym: norte",0.0
amlig,n,noun,"care, caution",0.494
amo,n,noun,(international standards) iso 639-3 language code for amo.,0.0
amorokpok,n,noun,"meteorite, shooting star",0.0
amoy,n,noun,small monkey,0.0
ampis,n,noun,the front part of a bahag,0.0
ampo,n,noun,a javan snack food consisting of thin sticks of baked earth.,0.0
amumuklid,n,noun,toadstool,0.0
amyon,n,noun,"fragrance, scent, smell",0.0
anak,n,noun,"marks the topic of the clause, sentence, or conversation.
1905, john bachelor, an ainu-english-japanese dictionary (including a grammar of the ainu language):meko anak ne chikap ehopiye, ""the cat sprang upon the bird.""",0.077
anak nga babae,n,noun,daughter,0.0
anak-anak,n,noun,an adoptee; an adopted son or daughter,0.0
anay,n,noun,bandicoot,0.0
andamio,n,noun,"scaffold
synonym: estada",0.0
anekdota,n,noun,joke,0.296
anhel,n,noun,"yearning, desire
synonyms: deler, desig",0.494
anila,n,noun,beehive,0.0
aninipot,n,noun,firefly,0.0
ankla,n,noun,anchor,0.0
anting-anting,n,noun,(philippines) a filipino amulet or talisman.,0.0
antipara,n,noun,"eyeglasses, glasses, spectacles
synonyms: antiohos, tagosilang",0.0
anghel,n,noun,angel,0.0
anghit,n,noun,smell or odor of a goat,0.0
angkod,n,noun,incisor; front teeth,0.0
angso,n,noun,odor or stench of urine,-0.511
apan,n,noun,"(fandom slang) a member of an amateur press association.
1990 august, guy lillian, “'tis the season”, in mimosa‎[1], number 8, page 4:the greatest apan of all time lives on a quiet old street rising above hagerstown, maryland.
1998 october 3, brown, rich [dr gafia], “fan terms (1)”, in rec.arts.sf.fandom‎[2] (usenet), retrieved 13 june 2018, message-id <19981003020622.14181.00000964@ng52.aol.com>:most of the participants in the mundane apas are hobby printers—-and the disdain with which our fandom once viewed xeroxing of fanzines is but a pale reflection of the way mundane apans have looked upon the mimeo and the ditto as a means of publishing ""papers"" (as they call their amateur publications).
2006 may, arnie katz, “the thin veneer”, in confuson‎[3], volume 1, number 4:i immediately began a cutback. i remained an enthusiastic apan, but by the time i gafiated around 1976, i was in only one, fapa.",0.829
aparador,n,noun,cupboard,0.0
apdo,n,noun,gall; bile,0.0
apendisitis,n,noun,appendicitis,0.0
apian,n,noun,"relating to bees.
1904, harper's new monthly magazine, volume 108, page 559:in fact, apian, formican, vespal, and termital government is not a monarchy, but a pure democracy. the queens of ants, bees, wasps, and termites wear the crown of maternity — no other.",-0.421
apitong,n,noun,the medium hardwood tree dipterocarpus grandiflorus.,0.0
apo,n,noun,(international standards) iso 639-3 language code for ambul.,0.0
apo nga babae,n,noun,granddaughter,0.0
apo nga lalaki,n,noun,grandson,0.0
apog,n,noun,"(chemistry) lime
synonym: puti",0.0
apok,n,noun,ergative indefinite of apo,0.0
ara,n,noun,(international standards) iso 639-2 & iso 639-3 language code for arabic.,0.0
arina,n,noun,flour,0.0
aritmetika,n,noun,arithmetic,0.0
aritos,n,noun,earring,0.0
arnibal,n,noun,syrup,0.0
aro,n,noun,(international standards) iso 639-3 language code for araona.,0.0
aroro,n,noun,arrowroot,0.0
aros,n,noun,plural of aro,0.0
arpa,n,noun,harp (musical instrument),0.0
arte,n,noun,indefinite nominative/accusative plural of art,0.0
asawa sang hari,n,noun,queen,0.0
asero,n,noun,steel,0.0
asibar,n,noun,aloe vera,0.0
asilo,n,noun,"asylum, protection, shelter, refuge",0.0
asin,n,noun,salt,0.0
asinan,n,noun,third-person plural present indicative of asinar,0.0
aslang,n,noun,chin,0.0
aslum,n,noun,sourness,0.0
aso,n,noun,(international standards) iso 639-3 language code for dano.,0.0
asog,n,noun,"(historical) in pre-colonial bicol;  an effeminate man, who functions as a village priestess or medium",0.0
asoy,n,noun,useful,0.44
aspalto,n,noun,asphalt,0.0
asugi,n,noun,mercury,0.0
asugi nga buhi,n,noun,quicksilver,0.0
asukar,n,noun,sugar,0.0
asunto,n,noun,"home, residence; unit, housing unit, dwelling unit; dwelling, domicile, habitation (any place for living, especially one constructed for that purpose)
synonym: asumus
near-synonym: koti",0.052
asupre,n,noun,sulfur,0.0
aswang,n,noun,a shapeshifting evil creature in philippine mythology,-0.66
atake,n,noun,"attack
synonyms: salakay, sakyada, surong",-0.477
atatalo,n,noun,caterpillar,0.0
atay,n,noun,(anatomy) liver,0.0
atipalo,n,noun,earwig,0.0
atis,n,noun,sugar apple (annona squamosa),0.0
atog,n,noun,(anatomy) glans penis,0.0
atomo,n,noun,(physics) atom,0.0
atop,n,noun,"on the top of.
he sat atop the mountain, waiting for the end of the world.
1960 november, david morgan, “""piggyback""—u.s. success story”, in trains illustrated, page 684:for example, when trailers containing new automobiles were first piggybacked two areas of potential damage became evident: (1) diesel locomotive exhaust left a film of oil on the new autos; and (2) auto windshields could be scarred or cracked by the metal-tipped ""tell-tales"" which warn men atop trains of oncoming bridges or tunnels.
1966, the minnesota review, volume 6, page 242:a virtue is made out of a necessity, with the child feeling far more atop and master of his oddness, his behavior now deliberate or even clever.
2006, dewey lambdin, the gun ketch, page 48:""and other things,"" she echoed, nodding slowly and resting her body a little more atop him again.
2014, paul salopek, blessed. cursed. claimed., national geographic (december 2014)[1]
“monotheism was born here,” goren tells me atop a cliff overlooking the sheet of iron-colored water.
2025 april 24, anna silman, “now comes the ‘womanosphere’: the anti-feminist media telling women to be thin, fertile and republican”, in the guardian‎[2], →issn:the leading voices of the womanosphere are using a similar strategy. as brittany hugoboom put it in an op–ed for the rightwing outlet quillette: “conservatives will never win if they imagine themselves as combatants atop defensive battlements, hurling abuse on the mass media. we need to involve ourselves in the creation of pop culture.”",0.257
atsara,n,noun,alternative spelling of atchara (“filipino pickle”).,0.0
awa,n,noun,(international standards) iso 639-2 & iso 639-3 language code for awadhi.,0.0
awtopsiya,n,noun,autopsy,0.0
ayagan,n,noun,sieve,0.0
ayam-ayam,n,noun,ant,0.0
ayi,n,noun,(international standards) iso 639-3 language code for leyigha.,0.0
ayo,n,noun,"(slang) a greeting.
synonyms: hey, hi, yo
2004, michael daniel baptiste, cracked dreams, page 73:""ayo, red. it's the homie spits on the jack for you, blood."" ""ayo, homeboy,"" said red as he excitedly picked up the telephone receiver. ""what's up, fool?""
2007, reginald l. hall, in love with a thug, page 38:“ayo, wassup, girl,” he said to keisha as he continued to walk toward the back area where i stood.  […]  “ayo, wassup, playa?
2007, tony j. ward, jr., i've got to make it to heaven for going through hell: part 1, page 39:ayo toine, you think they'd put me down?
2007, nikki turner, christmas in the hood, page 289:""ayo, fam, you a'ight down there?"" victorious's cell mate asked.
2008, treasure hernandez, resurrection, page 106:""ayo, ma, where you going?"" a dude asked her as she walked by him.
2008, ashley jaquavis, the trophy wife, page 103:""ayo, kalil!"" a man's voice said from amidst the crowd. kalil looked up and saw his lil' man, peanut, distributing packets of heroin and taking money from the fiends.
2010, r green damon, somethin' to think about, page 197:""ayo, cee, listen to this shit here,"" said matt, passing him his cell.",0.558
aypon,n,noun,protege,0.0
ayuda,n,noun,"help, aid
synonym: aida",0.402
babae,n,noun,"dame, maid, mistress, girl",0.0
babana,n,noun,essive singular of baba,0.0
babaye,n,noun,woman or girl; female,0.0
babayi,n,noun,woman,0.0
babaylan,n,noun,a philippine shaman.,0.0
babha,n,noun,"wound, gash",0.0
baboy,n,noun,pig,0.0
bacolodnon,n,noun,resident or inhabitant of bacolod,0.0
badlu,n,noun,phlegm,0.0
bag-ohan,n,noun,"(daet, partido, sorsogon) alternative form of bagohan (“novice”)",0.0
baga,n,noun,(anatomy) lung,0.0
bagani,n,noun,"(historical) the class of warrior-leaders of various lumad ethnic groups of the island of mindanao, philippines.",0.0
baganihan,n,noun,hero,0.557
bagat-bagat,n,noun,centipede,0.0
bagatnan,n,noun,"south
synonym: habagatnan",0.0
bagis,n,noun,plural of bagi,0.0
bagol,n,noun,numb; insensible,-0.34
bagon,n,noun,(rail transport) railroad car (us); railway carriage (uk),0.0
bagoong,n,noun,a philippine condiment made from fermented fish or shrimps.,0.0
bagrong,n,noun,a roaring sound,0.0
bagsat,n,noun,bedbug,0.0
bagting,n,noun,sound of a bell; chime,0.0
bagtis,n,noun,mudfish,0.0
bagyo,n,noun,"typhoon, tropical cyclone, storm",0.0
baha,n,noun,"(dated) value, price, cost
bunlar nəyin bahasına nail oldu? ― at what cost was this achieved?
nəyin bahasına olursa olsun ― no matter what it takes",0.399
bahaw,n,noun,"cold (for food once served hot)
synonym: malipot",0.0
bahawbahaw,n,noun,ant,0.0
bahoy,n,noun,"witch, sorceress",-0.361
bairan,n,noun,a whetstone,0.0
baka,n,noun,"(voodoo) an evil spirit in haitian belief, often in the form of an animal.
1953, maya daren, the divine horsemen, mcpherson & company, published 2004, page 113:under his sign the malevolent bocor may take the shape of an animal, and men may be transformed into terrible bakas.
1969, milo rigaud, secrets of voodoo, page 83:a person has only to serve the baka incorrectly to have it turn against its owner and do him irremediable harm by reason of the very duality of its composition.
2001, jennie marcelle smith, when the hands are many, page 77:because a baka can destroy a family's (or even a whole neighborhood's) well-being, there is great interest in catching and destroying them.",-0.772
bakalaw,n,noun,codfish,0.0
bakolod,n,noun,hill; hillock; mound; slope,0.0
bakud,n,noun,"strength
synonyms: baskug, bukud, kusug, pag-un",0.494
bakyas,n,noun,"(of soil) rocky, stony, barren",0.0
bal-ag,n,noun,a metal file,0.0
balaba,n,noun,rattan,0.0
balabag,n,noun,impediment,0.0
balabaw,n,noun,"mouse; rat
synonyms: ambaw, ilaga",0.0
balagon,n,noun,vine,0.0
balahibo,n,noun,body hair,0.0
balahibo sang hayop,n,noun,"fur, sable",0.0
balaklon,n,noun,"commodities, goods, wares",0.0
balaligya,n,noun,"commodities, goods, merchandise",0.0
balanak,n,noun,(a kind of fish) mullet,0.0
balani,n,noun,plural of balanus,0.0
balangaw,n,noun,"rainbow
synonyms: hablondawani, dawani",0.0
balangitaw,n,noun,"(animal) alligator, crocodile",0.0
balaod,n,noun,law (body of rules established in a community by its authorities),0.0
balas,n,noun,"(archaic, now chiefly attributive) a type of rose-coloured spinel once thought to be a form of ruby.",0.0
balataan,n,noun,"(anatomy) uterus, womb",0.0
balatas,n,noun,plural of balata,0.0
balatian,n,noun,feeling; sensitivity,0.128
balatong,n,noun,"(naga) yardlong bean
synonyms: hantak, sitaw",0.0
balaw,n,noun,shrimp (small),0.0
balay,n,noun,"(archaic except sorsogon) house; home
synonym: harong",0.0
balayan sang sinulatan ukon dinalan,n,noun,syntax,0.0
balde,n,noun,"bucket, pail",0.0
balhas,n,noun,sweat,0.0
balidha,n,noun,law; legislation,0.0
baligya,n,noun,"goods, merchandise",0.0
balihawog,n,noun,"bolt, latch",0.0
balikawang,n,noun,(anatomy) haunch,0.0
baliko,n,noun,bent,0.0
balingon,n,noun,anchovy,0.0
balisbisan,n,noun,eaves,0.0
balising,n,noun,to relocate; to move something from one place to another,0.0
baliskag,n,noun,vertebra; spine,0.0
balita,n,noun,news,0.0
balitadhan,n,noun,honeysuckle,0.0
balo,n,noun,"ruining, spoiling, destruction",-0.691
balod,n,noun,"(sorsogon) wave; undulation
synonyms: alon, hukol",0.0
balota,n,noun,third-person singular past historic of baloter,0.0
balsamo,n,noun,mexican logwood (haematoxylum brasiletto),0.0
balunggay,n,noun,"a type of tree, the malunggay or horseradish tree, moringa oleifera",0.0
baluyot,n,noun,sack; bag; pouch; wallet,0.0
bana,n,noun,"(intransitive, mpakwithi) to climb",0.0
banaag,n,noun,beam of light,0.0
banag-banag,n,noun,"dawn, daybreak",0.0
banas,n,noun,present of bani,0.0
banas sa higad sang suba,n,noun,"riverside
nagaistar ako banas sa higad sang suba.i live by the riverside.",0.0
banda,n,noun,"(uncountable) a style of mexican brass band music, emerged in the 19th century.
2007 january 13, seth kugel, “the sounds of mexico hit new york airwaves”, in the new york times‎[3], archived from the original on 25 january 2021:with very little fanfare, wzaa had become the first fm station in new york offering a format known as mexican regiona, which includes genres like ranchera, banda and norteña music.",0.586
bandeha,n,noun,"platter, plate",0.0
bandehado,n,noun,platter,0.0
bandera,n,noun,flag,0.0
banhay,n,noun,a moderate slope or incline,0.0
banig,n,noun,"mat
synonym: hamak",0.0
banka,n,noun,bank (financial institution),0.0
banlas,n,noun,desert,0.0
bansag,n,noun,"nickname
synonyms: gaha, lulo",0.0
banta,n,noun,to warn someone not to do something,-0.103
bantay,n,noun,attendant,0.0
bantayan,n,noun,"guard-house, lookout station",0.0
bantolinaw,n,noun,ebony,0.0
banwa,n,noun,"town
synonym: barangay",0.0
banwahanon,n,noun,"related to towns, municipalities or their government; civic",0.0
banyo,n,noun,bath (the act of bathing),0.0
banga,n,noun,five,0.0
bangdan,n,noun,"cause, reason, motive",0.0
bangis,n,noun,"violence; cruelty
synonyms: isog, kuri, ringis",-0.84
bangka,n,noun,a canoe; an outrigger canoe or dugout,0.0
bangkaw,n,noun,"spear; harpoon (for hunting, killing animals)",-0.66
bangkay,n,noun,"cadaver; corpse; remains
synonyms: hawak, lawas, gadan",-0.572
bangkil,n,noun,"(zoology) fang
synonym: tango",0.0
bangko,n,noun,bank,0.0
banglid,n,noun,"elevation, hill",0.0
bangon,n,noun,to get up,0.0
bao,n,noun,(international standards) iso 639-3 language code for waimaha.,0.0
bapor,n,noun,"any craft designed for transportation on water, such as a ship or boat",0.0
baraha,n,noun,playing card,0.202
barahan,n,noun,yardstick,0.0
barandilya,n,noun,"rail, railing",0.0
barangay,n,noun,"the smallest local government unit in the philippines, a subdivision of a city or municipality.
synonym: barrio
near-synonyms: (rural) village, (urban) neighborhood, quarter, (urban) city block
1987, marcelo m. orense, nelia r. marquez, philippine yearbook, page 77:because of this active involvement of the civilian and other auxiliary units (e.g. barangay tanod), the police are able to devote their time and resources to the control and prevention of serious crimes.
1991 october 28, “miscellaneous and final provisions”, in official gazette: republic of the philippines, volume 87, number 43, page 263:the government service insurance system (gsis) shall establish and administer an appropriate system under which the punong barangay, the members of the sangguniang barangay, the barangay secretary, the barangay treasurer, and the members of the brangay tanod shall enjoy insurance coverage as provided in this code and other pertinent laws .
2021, deogenes nambayan agellon, criminal law case digests:the victim is always addressed as the ""datu"" or rich man of their barangay and enjoyed an economic ascendancy over marcelino, a mere barangay tanod.",0.828
barbero,n,noun,"barber; hairdresser
synonyms: parabulog, paratusar, paragunting, paragupit",0.0
barina,n,noun,"awl, drill",0.0
bario,n,noun,barium,0.0
barnis,n,noun,lacquer; varnish,0.0
barong,n,noun,"a cutting weapon similar to a cleaver, with a thick back and thin razor-like edge, used by the moros of the philippines.",-0.402
baroto,n,noun,"(philippines, nautical) a small dugout canoe boat from the philippines, which normally lacks outriggers and is usually used in calm waters.",0.318
barukan,n,noun,(anatomy) bladder,0.0
basi,n,noun,stale,0.0
basin,n,noun,"a wide bowl for washing, sometimes affixed to a wall.
c. 1590–1592 (date written), william shakespeare, “the taming of the shrew”, in mr. william shakespeares comedies, histories, & tragedies […] (first folio), london:  […]  isaac iaggard, and ed[ward] blount, published 1623, →oclc, [act ii, scene i]:first, as you know, my house within the cityis richly furnished with plate and gold,basins and ewers to lave her dainty hands;
1611, the holy bible, […] (king james version), london:  […]  robert barker, […], →oclc, john 13:5:after that he poureth water into a bason, and began to wash the disciples’ feet, and to wipe them with the towel wherewith he was girded.
1766, t[obias] smollett, “letter v”, in travels through france and italy. […], volume (please specify |volume=i or ii), london:  […]  r[oberts] baldwin, […], →oclc:what then, you will say, must a man sit with his chops and fingers up to the ears and knuckles in grease? no; let those who cannot eat without defiling themselves, step into another room, provided with basons and towels: but i think it would be better to institute schools, where youth may learn to eat their victuals, without daubing themselves, or giving offence to the eyes of one another.
1923, willa cather, one of ours‎[1], book one, chapter 1:everybody had washed before going to bed, apparently, and the bowls were ringed with a dark sediment which the hard, alkaline water had not dissolved. shutting the door on this disorder, he turned back to the kitchen, took mahailey’s tin basin, doused his face and head in cold water, and began to plaster down his wet hair.
synonym: sink",0.217
baskug,n,noun,"loudness (of noise)
synonym: gansal",0.0
baso,n,noun,"(slang) abbreviation of basically.
i mean yeah it's baso the same tbh",0.296
basol,n,noun,"blame; reproach
synonym: sudya",-0.34
baston,n,noun,(heraldry) obsolete form of baton.,-0.296
baston ni san hose,n,noun,hollyhock,0.0
basura,n,noun,"garbage; waste; rubbish; trash
synonym: ramog",-0.421
bata,n,noun,"a ceremonial double-headed drum played in triplet in the religion of santería, especially in cuba and puerto rico, originally from the yoruba of nigeria.
1990 october 28, paul simon, “the rhythm of the saints”, in the coast, warner bros.:two guitars, bata, bass drum and tambourine.
2019, marlon james, black leopard, red wolf, hamish hamilton, page 283:five drummers in front setting the dance—three beating barrel drums, a fourth beating a double-skin bata, and the fifth beating four small bata tied together.",-0.765
batad,n,noun,sorghum,0.0
batakan,n,noun,measuring rod; ruler,0.0
batasan,n,noun,manners; etiquette,0.0
bati-bati,n,noun,"diminutive of batî; gossip, hearsay, rumor",-0.178
batidor,n,noun,whisk,0.0
batiis,n,noun,(anatomy) leg,0.0
batiya,n,noun,"wood-carved basin; washbowl
synonym: dulang",0.0
bato,n,noun,stone,0.0
batobalani,n,noun,a lodestone,0.0
batobato,n,noun,the blue sea chub (kyphosus cinerascens),0.0
batog,n,noun,(historical) a rod or cane used for corporal punishment in russia.,-0.494
batok,n,noun,bark (loud utterance by a dog),0.0
batongmaidlak,n,noun,diamond,0.34
batota,n,noun,singular future passive participle of bati,0.202
batungdaan,n,noun,"monument (literally, old stone)",0.0
batuta,n,noun,baton (stick used by conductors),0.0
bawod,n,noun,"(metro cebu, bohol, leyte) alternative form of balod (“wave”)",0.0
bawod sang mga tudlo,n,noun,"wave (literally, bent fingers)",0.0
bay-ad,n,noun,(especially of a corpse) supine; lying on its back; reclined,-0.811
bayabas,n,noun,guava (tree and fruit),0.0
bayad,n,noun,to pay,-0.103
bayaw,n,noun,"brother-in-law
synonym: kunyado",0.0
baybay,n,noun,"sand, finely ground rock
synonym: basod",0.0
baybayon,n,noun,"beach; coast; shore
synonym: tampi",0.0
bayhon,n,noun,"form, figure, shape
synonym: porma",0.0
bayo,n,noun,(childish) a horse,-0.296
bayo-bayo,n,noun,pulse,0.0
bayoon,n,noun,"fabric, textile",0.0
beberon,n,noun,third-person plural preterite indicative of beber,0.0
beka,n,noun,"an ancient biblical unit of weight, half a shekel",0.0
belada sa eskwelahan,n,noun,commencement,0.0
belasyon,n,noun,"vigil, wake",0.0
bendisyon,n,noun,"benediction, blessing",0.494
bendita,n,noun,holy water,0.0
bentana,n,noun,"window
synonym: dungawan",0.0
berde,n,noun,"a stringed instrument (chordophone) of bosnian origin, a large guitar-shaped instrument that is played upright, using a plectrum.",0.34
berso,n,noun,verse (a poetic form or composition),0.0
bibi,n,noun,(india) a grandmother.,0.0
bibig,n,noun,(anatomy) lip,0.0
bibingka,n,noun,"a rice cake made using rice flour, sugar and coconut milk and wrapped in banana leaves.
2025 january 25, michael klein, “long-awaited filipino destination finally has an opening date”, in the philadelphia inquirer, volume 195, number 239, philadelphia, pa., →issn, →oclc, page b9, columns 1 and 4:nearly two years after starting work on their century-old building on girard avenue  […]  the lechon sisig bowls, ensaymada, and bibingka are expected to roll out of the kitchen starting feb. 8.  […]  besides house-made pastries such as calamansi doughnuts, ensaymada, bibingka, and ube handpies, breakfast options will include the rich tita with pork longganisa (a sausage similar to chorizo), egg, and cooper sharp cheese;  […]",0.599
bidyiw,n,noun,"harpoon, spear",0.0
bigki,n,noun,edge; rim; bank (of a river),0.0
bigote,n,noun,moustache (hair on upper lip),0.0
bihag,n,noun,captive (one who has been captured),0.0
bilad,n,noun,"(of a book) display, unfold, open",0.0
bilanggoan,n,noun,"prison
synonym: prisohan",-0.511
bilas,n,noun,co-sibling-in-law,0.0
bilat,n,noun,"(informal) a bilateral meeting.
2004, harvey j. langholtz, chris e. stout, the psychology of diplomacy, page 12:the bilats will often be no more than a few minutes, long enough to say hello and snap some photos […]
2009 july 8, peter baker, “family night for obamas miffs some in moscow”, in new york times‎[1]:the club is “a place to see and be seen,” as its web site says — that is, unless you are a visiting president who after a day and a half of blinis, beluga and bilats (the diplo term for “bilateral meetings”) just wants to hang out with the clan.
2024 september 24, jennifer peltz, “your short glossary to un general assembly meeting lingo”, in pbs newshour‎[2], pbs, retrieved 25 september 2024:bilateral (or “bilat,” for short): private meetings between leaders of one country and another. some argue the real value of unga lies in these tête-à-têtes and other personal, off-camera encounters among decision-makers.",-0.511
bilin,n,noun,(biochemistry) any of various biological pigments formed in many organisms as a metabolic product of certain porphyrins.,0.273
biling,n,noun,present participle and gerund of bile,0.0
bilog-bilog,n,noun,diminutive of bilóg,0.0
bilogon,n,noun,a cane or cudgel,0.0
bilugon,n,noun,alternative spelling of bilogón,0.0
binabaye,n,noun,a rooster with hen feathering,0.0
binangon,n,noun,to rise,0.0
binhi,n,noun,seed,0.0
binilanggo,n,noun,"prisoner; inmate; convict
synonyms: piniriso, priso",-0.542
bino,n,noun,(physics) the superpartner of the gauge boson corresponding to weak hypercharge. the w and z bosons are electroweakinos: winos and binos.,-0.44
binudngan,n,noun,"a handspun cloth, fabric, or textile",0.0
binuhatan,n,noun,"work, deed",0.0
bioleta,n,noun,violet (color),0.0
bisan diin,n,noun,"everywhere, somewhere, wherever",0.0
bisan sin-o,n,noun,"anybody, whoever",0.0
bisikleta,n,noun,bicycle,0.0
bisita,n,noun,visit,0.0
biskwit,n,noun,alternative form of biskuwit,0.0
bisyo,n,noun,"bad, wicked, naughty, disobedient",-0.784
bitas,n,noun,to rip; to tear apart,0.0
bitik,n,noun,flea,0.0
bitin,n,noun,"a snake; a legless reptile of the sub-order serpentes with a long, thin body and a fork-shaped tongue",0.0
bitok,n,noun,"any of the parasitic hookworms, roundworms, tapeworms and whipworms in humans and animals",0.0
bitoon,n,noun,misspelling of bituon,0.0
biyernes,n,noun,friday,0.0
bobo,n,noun,"a materialistic person who affects an anti-materialistic persona.
2000, david brooks, bobos in paradise […] , simon & schuster, →isbn, page 207:the small things—an olive grove or a small chapel—take on greater meaning to a bobo on vacation.
2011 april 12, alex lobrano, “bobo heaven in paris”, in t magazine‎[1], retrieved 26 june 2019:peruse the paris papers these days and you'll notice an obsession with bobos: no, they're not a team of cheerleaders or a troupe of clowns, but rich, artsy types known as  bourgeois bohemians,  who are now pretty much the tip of parisian tastemakers. so when friends who were recently staying in saint germain des pres asked me where to go to people watch, i told them to head for the ninth arrondissement  citadel of bobo cool.",0.972
bodega,n,noun,"a storehouse for maturing wine, a winery.",0.0
bohawi,n,noun,"cyclone, whirlwind",0.0
bohok,n,noun,hair,0.0
bokabularyo,n,noun,vocabulary,0.0
bokbok,n,noun,a type of boring insect,-0.318
boko-boko,n,noun,ankle,0.0
bokol,n,noun,plural of bakál,0.0
bola,n,noun,a throwing weapon made of weights on the ends of a cord.,-0.296
bolkan,n,noun,volcano,0.0
botones,n,noun,plural of botón,0.0
budhi,n,noun,to betray,-0.637
budiong,n,noun,trumpet; horn,0.0
budyong,n,noun,a marine gastropod of the family strombidae which lives in its own spiral shell,0.0
bug-at,n,noun,"heavy
antonym: gaan",0.0
bugas,n,noun,"milled rice, white rice",0.0
bugay,n,noun,to give,0.0
bugkos,n,noun,"bundle, parcel",0.0
bugsay,n,noun,"oar, paddle",0.0
buhaha,n,noun,"heedless, lavish, prodigal, wasteful",0.0
buhat,n,noun,"raise; lift; act of picking up something heavy
synonyms: alsa, tuon",0.0
buhin,n,noun,subtraction,0.0
buhis,n,noun,alternative form of buwis,0.0
buho,n,noun,"crevice, hole, opening, perforation, pit, vent",0.0
buho-buho,n,noun,"diminutive of búhò: a small hole, perforation, or pore",0.0
buhok,n,noun,hair (on head),0.0
bukad,n,noun,to expand,0.318
bukal,n,noun,"spring (body of water)
synonym: burabod",0.0
bukana,n,noun,mouth (of a river),0.0
bukaw,n,noun,"the philippine hawk-owl; a species complex of owls, in the family strigidae, endemic to the philippines",0.0
bukid,n,noun,mountain,0.0
bukidnon,n,noun,rural,0.0
bulador,n,noun,kite,0.0
bulak,n,noun,an indian nose ring usually worn by married women.,-0.296
bulak-bulak,n,noun,diminutive of búlak,0.0
bulakbol,n,noun,"truancy
synonyms: lakuwatsa, luok",0.0
bulalakaw,n,noun,"(astronomy) meteorite, shooting star",0.0
bulan,n,noun,moon,0.0
bulang,n,noun,"cockfight
synonyms: topada, sabong",0.0
bulangan,n,noun,cockpit (enclosure for cockfights),0.0
bulawan,n,noun,"gold (element)
synonym: oro",0.0
bulawanon,n,noun,"made of, or relating to, gold",0.0
bulbul,n,noun,"any of several passerine songbirds, of the family pycnonotidae (currently, 27 genera recognized), native to africa and eurasia.",0.0
buli,n,noun,(botany) fluttering elm (ulmus laevis),0.0
bulig,n,noun,a bunch or stem of bananas,0.0
buling,n,noun,"dirt, soot, stain",-0.34
bulinga,n,noun,the ovary; the lower part of a pistil or carpel that bears ovules and ripens into fruit,-0.296
bulto,n,noun,bale,0.0
buluadan,n,noun,where animals are bred,0.0
buluhatan,n,noun,workshop,0.0
buluhaton,n,noun,errand; task,0.0
bulukutan,n,noun,"enclosure, pen",0.0
bululngan,n,noun,"clinic, hospital, medical center",0.0
bululngon,n,noun,sick person,-0.511
bulunakan,n,noun,"laundry, laundry room, wash",0.0
bulung,n,noun,"drug, medicine",0.0
bulungan,n,noun,"spindle, spinning wheel",0.0
bulus,n,noun,the beginning of a flood in a flooded river,0.0
bulutangan,n,noun,"holder, rack",0.0
buluthoan,n,noun,"place of reunion, meetinghouse",0.0
bumulutho,n,noun,"schoolboy, schoolgirl, student",0.0
bun-ag,n,noun,birth,0.0
bunang,n,noun,"thread, yarn",0.0
bunit,n,noun,"(fishing): angle, hook",0.0
buntug,n,noun,stye,0.0
bunyag,n,noun,"baptism
synonym: bawtismo",0.0
bungalon,n,noun,the indian mangrove (avicennia officinalis),0.0
bungansiso,n,noun,whale,0.0
bunghay,n,noun,a party or group of people,0.402
bungil,n,noun,harelip,0.0
bungot,n,noun,"facial hair, especially the moustache",0.0
bungul,n,noun,stupid,-0.527
burangos,n,noun,beard,0.0
burus,n,noun,toothbrush,0.0
busal,n,noun,(maasina) thigh,0.0
busay,n,noun,waterfall,0.0
busilak,n,noun,"limestone, marble",0.0
buslot,n,noun,a hole; an opening,0.0
busol,n,noun,"push
synonyms: tulod, tuldang, ugsod",0.0
buta,n,noun,alternative form of boteh.,0.0
butakal,n,noun,"a male pig; a boar kept for breeding purposes
antonym: dulag",0.0
butang,n,noun,"that which is considered to exist as a separate entity, object, quality or concept",0.0
butang-butang,n,noun,"calumny, libel, or slander",0.0
buti,n,noun,"barrel, cask",0.0
butig,n,noun,wart,0.0
butigon,n,noun,"misleading, sly",-0.402
butiti,n,noun,pufferfish,0.0
butkon,n,noun,"(anatomy) arm
synonym: braso",0.0
buto,n,noun,"(anatomy) penis
synonyms: pikoy, pisot",0.0
butwas,n,noun,raise something to the surface,0.0
buyog,n,noun,a bumblebee,0.0
buyug,n,noun,wasp,0.0
daay,n,noun,a lump of earth,0.0
dabudabu,n,noun,shower,0.0
dado,n,noun,(architecture) the section of a pedestal above the base.,0.0
dag-on,n,noun,year,0.0
daga,n,noun,dagger,0.0
dagami,n,noun,straw,0.0
dagangbulan,n,noun,march,0.0
dagas,n,noun,"lunge
synonym: dagsang",0.0
dagat,n,noun,sea,0.0
dagaya,n,noun,abundance,0.0
dagotdot,n,noun,debris or refuse on a beach,-0.296
dagta,n,noun,alternative form of digta (“stain”),0.0
dagum,n,noun,sewing needle,0.0
daguob,n,noun,thunder,0.0
dagutdut,n,noun,alternative spelling of dagótdot,0.0
dagway,n,noun,"face
synonym: nawong",0.0
dahog,n,noun,"shoot, tendril",-0.34
dahon,n,noun,leaf,0.0
dahon-dahon,n,noun,"mantis, praying mantis",0.361
dakbanwa,n,noun,"city
synonym: siyudad",0.0
dakhari,n,noun,"emperor
synonym: emperador
coordinate term: dakhara",0.0
dakpulu,n,noun,"continent
synonym: kontinente",0.0
daku,n,noun,(anatomy) back,0.0
dal-ok,n,noun,"blister, pustule",0.0
dalaga,n,noun,(philippines) a young woman who has passed puberty but is not yet married; an eligible young woman.,0.0
dalagita,n,noun,young lady,0.0
dalakpon,n,noun,"malefactor, outlaw",0.0
dalamgohanon,n,noun,"dream, reverie",0.25
dalan,n,noun,road; path,0.0
dalanawan,n,noun,swamp,0.0
dalasaon,n,noun,"assail, crash",-0.402
dalaw,n,noun,"visit, visitation
synonyms: pagbisita, rukat, pagsungko, sunglog",0.0
dalayap,n,noun,key lime,0.0
dalimuos,n,noun,(of wind)gust,0.0
dalo,n,noun,"greedy, selfish
synonyms: hakog, hangol",-0.66
dalok,n,noun,"greedy, gluttonous",-0.318
dalunggan,n,noun,(anatomy) ear,0.0
damang,n,noun,"spider
synonyms: kaka, tambayawan",0.0
damgo,n,noun,a dream; imaginary events seen in the mind while sleeping,0.25
damol,n,noun,"(metrology) symbol for decamole, an si unit of amount of substance equal to 101 moles.",0.0
damot,n,noun,(anatomy) hand; arm,0.494
danaw,n,noun,lake,0.0
danlug,n,noun,slipperiness or greasiness,0.0
dangaw,n,noun,"a handspan (the distance measured by a human hand, from the tip of the thumb to the tip of the little finger)",0.494
dangog,n,noun,"hearing, listening (sensation)
synonym: himati",0.0
dapa-dapa,n,noun,sole,0.0
dapat,n,noun,"necessary
synonym: kaipohan",0.0
dapaw,n,noun,the itchiness or skin irritation resulting from playing or walking in grass,-0.361
dapay,n,noun,"hawk, bird of prey",0.0
dapig,n,noun,"companion, partner",0.0
daroos,n,noun,a severe cough,-0.382
datilis,n,noun,the calabur tree (muntingia calabura),0.0
dawdawan,n,noun,"machine, mill",0.0
daya,n,noun,(anatomy) blood,0.0
dayan,n,noun,"a rabbinic judge
1996, macy nulman, the encyclopedia of jewish prayer, page 375:a medieval hymn composed by the dayyan (""judge"") daniel b. yehudah of fourteenth-century rome, recited in the daily morning preliminary service, and by some, at the close of the arvit and musaf services on shabbat and festivals.
2024, david golinkin, “does jewish law require yeshivah students to be drafted at age 18?”, in responsa in a moment, volume 4, page 66:there is a famous story about rabbi yisrael salanter who ate on the bimah in vilna at the end of the yom kippur morning service in 1848 during a cholera epidemic, together with two other dayyanim, to persuade the congregation to eat during the epidemic.",0.361
dayok,n,noun,a fermented filipino condiment made from fish entrails (usually from yellowfin tuna) and salt.,0.0
debosyon,n,noun,devotion or piety,0.459
dedal,n,noun,(us) alternative spelling of daedal.,0.0
delargo,n,noun,"pants, trousers",0.0
depekto,n,noun,"defect, flaw",-0.34
dibuho,n,noun,"design, draft",0.0
digamohan,n,noun,"fireplace, hearth, kitchen",0.0
dinalan,n,noun,"sentence, word. verse",0.077
dinamita,n,noun,dynamite (class of explosives),0.178
dinuagan,n,noun,"painting, picture",0.0
dioktok,n,noun,seashells,0.0
dipaha,n,noun,made of straw,0.0
diperensya,n,noun,difference,0.0
diruskas,n,noun,screw,-0.103
disgrasya,n,noun,"accident, mishap",-0.477
diskurso,n,noun,speech,0.0
diskusyon,n,noun,"debate, discussion",0.0
distansya,n,noun,"distance, remoteness",0.0
distrito,n,noun,a congressional district,0.0
ditil,n,noun,clitoris,0.0
diwal,n,noun,"sticking the tongue out
synonym: walwal",0.0
diwata,n,noun,"(mythology, folklore) in filipino folklore, a fairy, spirit, usually a lesser god or goddess, believed to guard natural features such as forests.",0.649
doble,n,noun,first/third-person singular present subjunctive of doblar,0.0
dogwak,n,noun,"(animals): crane, heron",0.026
dokumento,n,noun,document,0.0
dool,n,noun,"inflection of dolen:
first-person singular present indicative
(in case of inversion) second-person singular present indicative
imperative",0.0
dorado,n,noun,"a mahi-mahi or dolphinfish (coryphaena hippurus), fish with a dorsal fin that runs the length of the body, also known for iridescent coloration.",0.0
dosena,n,noun,"dozen
year unknown, cecile motus, hiligaynon lessons, рипол классик (→isbn), page 214
nagapatindug sang taytay ang manga tawu sang kinahanglan sang enhenyero  kwarenta y singko ka bilug nga kahuy para sa ang dosena sang bulak tag po.60.  presyong pl.15 ang duha ka dosena. imelda sang apat ka dosena. mabakal ...",0.0
dosis,n,noun,dose,0.0
dotol,n,noun,(animals): tick,0.0
dotol-dotol,n,noun,diminutive of dotól: anything resembling a tick,0.0
duag,n,noun,stave,0.0
duaw,n,noun,"to visit
synonym: bisita",0.0
dugang,n,noun,"(formal) addition; act of adding something
synonym: dagdag",0.0
dughan,n,noun,(anatomy) the chest; the breast; the thorax; the bosom,0.0
dugo,n,noun,blood,0.0
dugos,n,noun,"honeycomb
synonym: anira",0.0
dugus,n,noun,the best part of a thing,0.637
dugwak,n,noun,the purple heron (ardea purpurea),0.026
duha-duha,n,noun,by pairs; two by two; two at a time,0.0
duko,n,noun,"stoop, act of bending over",0.0
dul-ay,n,noun,a lump of earth or dirt,-0.34
dulang,n,noun,"wood-carved basin; washbowl
synonym: batya",0.0
dulangan,n,noun,mine,0.0
dulat,n,noun,"awl, brad",0.0
dulis,n,noun,meteorite,0.0
dulog,n,noun,to sleep with; to cosleep,0.0
dulogan,n,noun,stationary,0.0
dulonan,n,noun,"border, boundary, demarcation",0.0
dulongan,n,noun,parking,0.0
dulot,n,noun,"gift, present
synonyms: regalo, premiyo, atang",0.44
dulud,n,noun,shin,0.0
dulugokan,n,noun,attraction,0.459
dulukdokan,n,noun,grinder,0.0
dulum,n,noun,darkness; gloom,-0.681
dulunggan,n,noun,ear,0.0
dulus,n,noun,"potter
synonym: dulusçu
dulus dəzgahı/çarxı ― potter's wheel
dulus kürəsi ― pottery kiln",0.0
dumalagan,n,noun,runaway,0.0
dumalagsa,n,noun,emigrant,0.0
dumalahan,n,noun,"engineer, executive",0.0
dumot,n,noun,"hatred, indignation, rage",-0.904
dumuluaw,n,noun,"guest, visitor",0.0
dumulugok,n,noun,audience,0.0
dumuluong,n,noun,"alien, foreigner, stranger",0.0
dunang manggad,n,noun,natural resources,0.361
dunkul,n,noun,firewood,0.0
dungan,n,noun,"simultaneous; coinciding
synonym: sabay-sabay",0.0
dungandungan,n,noun,temple,0.0
dungdung,n,noun,(idiomatic) to rain cats and dogs,0.0
dungganon,n,noun,"bigwig, celebrity, noble, royal",0.459
dungkaan,n,noun,"harbor; haven; port, wharf
synonyms: dulungkaan, dulungan",0.0
dungkul,n,noun,"firewood, log",0.0
dungog,n,noun,to hear,0.0
duog,n,noun,"place, site
synonym: lugar",0.0
dupak,n,noun,"dirty, foul, obscene, smutty",-0.772
dupla,n,noun,a form of bell used in some medieval clocks.[1][2],0.0
duplikado,n,noun,duplicate,0.0
dupoy,n,noun,breeze,0.0
duta,n,noun,clipping of dutasteride,0.0
dutang panublion,n,noun,patrimony,0.0
duyan,n,noun,cradle,0.0
duyog,n,noun,to provide musical accompaniment,0.0
duyong,n,noun,a dugong,0.0
dyanitor,n,noun,janitor,0.0
ebanhelyo,n,noun,archaic form of ebanghelyo,0.0
ebanghelyo,n,noun,gospel,0.0
edad,n,noun,"age
ano na an edad mo? ― how old are you now? (what is your age now?)",0.0
edukasyon,n,noun,"education
synonyms: nanudan, naukdan",0.0
ehemplo,n,noun,"example
synonym: halimbawa",0.0
ehersisyo,n,noun,an exercise; a physical activity intended to improve strength and fitness,0.802
eklipse,n,noun,"(astronomy) eclipse
synonyms: kulop, pagkulop",0.0
eksamen,n,noun,"examination, exam (formal test)",0.0
eleksyon,n,noun,"election
synonym: piniliay",0.0
elektrisidad,n,noun,"electricity
synonym: koriyente",0.0
elepante,n,noun,"elephant
synonym: gadya",0.0
embahada,n,noun,embassy,0.0
embahador,n,noun,ambassador,0.0
embudo,n,noun,funnel,0.026
empeine,n,noun,herpes,0.0
emperador,n,noun,emperor (ruler of an empire),0.0
enpermera,n,noun,attendant,0.0
entablado,n,noun,(theater) stage,0.0
esensya,n,noun,"essence; extract, tincture",0.0
eskandalo,n,noun,scandal,-0.44
eskoba,n,noun,brush,0.0
eskultor,n,noun,sculptor,0.0
eskuwela,n,noun,school; learning institute,0.0
eskwala,n,noun,(carpentry) square,0.0
espanya,n,noun,"spain (a country in southern europe, including most of the iberian peninsula)",0.0
espeho,n,noun,"(dated or dialectal) mirror
synonym: salming",0.0
espiritu,n,noun,spirit,0.178
estudyante,n,noun,alternative spelling of estudiyante,0.0
frankiyo,n,noun,postage,0.0
fresa,n,noun,strawberry (fruit),0.0
fuersa,n,noun,"force, strength, vigor",0.649
gab-e,n,noun,night,0.0
gab-i,n,noun,evening; night,0.0
gabi,n,noun,"colocasia esculenta, raised as a food primarily for its corm, which distantly resembles potato.",0.0
gabon,n,noun,good night,0.44
gahud,n,noun,"clatter, noise",0.0
gal-um,n,noun,raincloud,0.0
galab,n,noun,body,0.0
galingan,n,noun,grinder,0.0
galyetas,n,noun,"cracker, hardtack, biscuit",0.0
gamhon,n,noun,(botany) weed,0.0
gamo,n,noun,spoiled,0.0
gamosa,n,noun,"a rectangular cloth, typically of red and white, used in a variety of ritual actions in assamese culture.
2011, arupa patangia kalita, translated by deepika phukan, the story of felanee:mamoni's father was suggesting that both houses should fly an assamese gamosa like a flag and moni's father wouldn't hear of it.",0.361
gamot,n,noun,root,0.0
gana,n,noun,"inflection of ganar:
third-person singular present indicative
second-person singular imperative",0.0
ganhaan,n,noun,door,0.0
gansa,n,noun,alternative form of ganza (“kind of wild goose”).,0.0
gansilyo,n,noun,alternative form of gantsilyo,0.0
ganso,n,noun,"goose
synonym: gangsa",0.0
garahe,n,noun,garage,0.0
garapata,n,noun,"(us) a kind of wood tick.
1873, united states. navy department, annual reports of the navy department, page 188:[…]  principally among the former were the garapatas, a vicious species of wood-tick, which swarm almost every leaf and plant growing near the ground  […]
1890, thomas wallace knox, the boy travellers in mexico, page 508:one of the worst annoyances of their visit to uxmal was that whenever they moved about they became covered with garapatas. the garapata is a tick so small that it is hardly perceptible to the naked eye, but it is capable of making a bite or sting like that of a red ant or a hot needle.",0.572
garbanso,n,noun,"chickpea, garbanzo",0.0
garuk,n,noun,filth,0.0
gasolina,n,noun,"gasoline, petrol (motor fuel)",0.0
gata,n,noun,a kind of pastry in armenia and some neighboring countries.,0.0
gatas,n,noun,plural of gata,0.0
gatong,n,noun,firewood; fuel,0.0
gawahan,n,noun,window,0.0
gawgaw,n,noun,starch,0.0
gawi,n,noun,female,0.0
gesantes,n,noun,"snow pea, sugar snap pea",0.0
gia,n,noun,(international standards) iso 639-3 language code for kitja.,0.0
gibungan,n,noun,the junction of two or more rivers,0.0
gibwangan,n,noun,the junction of two or more rivers,0.0
gikan,n,noun,"(formal) from
synonym: hali",0.0
ginagihan,n,noun,incidents and events that happen to a person during their life,0.0
ginharian,n,noun,"domain; empire; kingdom; monarchy; realm; sovereignty
synonym: dakhari",0.0
ginhawa,n,noun,to breathe,0.0
ginhawaan,n,noun,"trachea, windpipe",0.0
ginikanan,n,noun,"(formal) origin
synonym: pinanghalian",0.0
ginoo,n,noun,deity; god,0.273
ginsakpan,n,noun,"realm, dominion",0.0
gintung-an,n,noun,"center, middle, midpoint",0.0
ginuo,n,noun,sir,0.0
ginutlan,n,noun,"interlude, interval",0.0
ginggon,n,noun,gingham,0.0
gingikanan,n,noun,"beginning, commencement, lineage, origin, root, source, start",0.0
gisi,n,noun,my brother,0.0
giwa-os,n,noun,"dearth of food, famine, misery",-0.791
giwaos,n,noun,alternative spelling of giwá-os,0.0
gora,n,noun,(south asia) pertaining to a fair-skinned or european person. [from 19th c.],0.0
grasya,n,noun,alternative spelling of grasiya,0.0
gratipikasyon,n,noun,"gratuity, reward, tip, (gratuity, reward)",0.813
gripo,n,noun,faucet; tap; spigot,0.0
grumete,n,noun,crew,0.0
guban,n,noun,"brigade, group, throng",0.0
gulang,n,noun,"mature (fruits)
antonym: linghod",0.421
guluwaan,n,noun,"exit, escape, egress",0.178
gumulua,n,noun,cast,0.0
gunting,n,noun,scissors,0.0
guray,n,noun,"streak, stripe",0.0
guray-guray,n,noun,stripe,0.0
gusok,n,noun,(anatomy) rib,0.0
gutom,n,noun,"hungry; famished
synonym: punaw
coordinate term: paha
gutom na an bisita.the visitor is already hungry.",0.0
guya,n,noun,"allegedly, supposedly; as if
niyə soruşursan? guya cavabını özün bilmirsən.why are you asking? as if you don't know the answer yourself.
sevmədiyi bir nəfər öləndə, yalandan ağladı, guya qanı qaralmışdı.when someone s/he didn't like died, s/he fake-cried, as if s/he were sad.",-0.391
guyum,n,noun,"ant, (various, species)",0.0
gwantes,n,noun,gloves,0.0
gwardya,n,noun,alternative form of guwardiya,0.0
habagat,n,noun,"south
synonym: sur",0.0
habol,n,noun,weave of cloth,0.0
habon,n,noun,soap,0.0
habul,n,noun,blanket,0.0
habyog,n,noun,a sweet cloudy drink made from fermented sugar palm sap,0.459
hadlok,n,noun,"to fear, to dread",-0.735
hagdanan,n,noun,"(dialectal, daet) alternative form of hagyanan",0.0
hagna,n,noun,"motion, proposal",0.0
hagunghung,n,noun,a rumbling sound,0.0
hagurot,n,noun,flash,0.0
haklu,n,noun,breathe,0.0
hakuhaku,n,noun,haste,0.0
hal-o,n,noun,pestle,0.0
hal-u,n,noun,pestle,0.0
halalban,n,noun,"meadow, pasture",0.0
halalongan,n,noun,"delicate, precaution",0.052
halaran,n,noun,third-person plural future indicative of halar,0.0
halas,n,noun,plural of hala,0.0
halea,n,noun,jelly,0.0
haligi,n,noun,column; pillar; post,0.0
halimbawa,n,noun,"for example; for instance
synonym: por ehemplo",0.0
halintang,n,noun,"degree, grade",0.0
haloan,n,noun,a mudfish,0.0
halon,n,noun,"(organic chemistry) a hydrocarbon (more precisely haloalkane) in which one or more hydrogen atoms have been replaced by halogens
synonym: haloalkane
2009 february 12, azadeh ensha, “a cellphone that is made with the environment in mind”, in new york times‎[1]:the renew is also free of polyvinyl chloride, asbestos, chlorofluorocarbons and halons.",0.511
haluk,n,noun,kiss,0.421
hamon,n,noun,"a wavy line found on steel products that have been hardened differentially, with soft and hard steel sections, where the tempered steel is separated from the softer parts by the hamon.",-0.103
hamot,n,noun,"aroma; fragrance
antonyms: bata, bangog",0.0
hampang,n,noun,"opposite
synonym: timbang",0.0
hampangan,n,noun,"instance of being across from, opposite of one another",0.0
hanluk,n,noun,alternative spelling of hánlug,0.0
hangaway,n,noun,"martial, warlike",0.0
hangga,n,noun,(pathology) chickenpox; varicella,0.0
hangin,n,noun,wind (movement of air),0.0
hanginero,n,noun,"windbag; braggart
synonym: hanginon",0.0
hapon,n,noun,afternoon,0.0
haroan,n,noun,a mudfish,0.0
harupot,n,noun,"breeze
synonym: huyuhoy",0.0
hawak,n,noun,"(anatomy) body; torso
synonym: lawas",0.0
hikab,n,noun,"(pathology) asthma
synonym: usang",0.0
hilanat,n,noun,"fever
synonym: kalentura",0.0
hima,n,noun,clam,0.0
himatayon,n,noun,"dying; about to die
synonym: himalatyon",-0.599
himaya,n,noun,glory; worship or praise,0.852
hinablos,n,noun,nephew ; niece,0.0
hinakay,n,noun,"a charge, fare, or fee",0.0
hinalabuab,n,noun,offspring,0.0
hinambalan,n,noun,promise,0.318
hinugyaw,n,noun,excitement,0.494
hingabot,n,noun,lust,0.0
hinganiban,n,noun,"(obsolete) any weapon, defensive or offensive
synonyms: hinagiban, armas",-0.743
hingudto,n,noun,the sun's zenith; midday,0.0
hinguyang,n,noun,expense,0.0
hiphip,n,noun,bribe,-0.202
hiwit,n,noun,"a bewitchment, charm, or spell",0.402
hiyas,n,noun,jewel,0.361
hoyohoy,n,noun,alternative spelling of huyuhoy,0.0
huad,n,noun,something that is counterfeit or facsimile,0.0
huaran,n,noun,example,0.0
hulip,n,noun,to replace; to take the place of; to supply the want of; to fulfill the end or office of,0.494
hulonan,n,noun,roost,0.0
hulugpaan,n,noun,"airport
hulugpaan sang roxas
roxas airport",0.0
hulusayon,n,noun,question,0.0
humbak,n,noun,wake; the path left behind a ship on the surface of the water,0.0
hupa,n,noun,quickly diminishing,0.0
husay,n,noun,"neat, well-arranged
synonym: pakarhay",0.459
hutik,n,noun,whisper,0.0
huyuhoy,n,noun,"(uncommon) breeze
synonyms: hayahay, paros",0.0
idalum,n,noun,underneath; beneath; below,0.0
ignorante,n,noun,"ignorant
synonym: mangmang",-0.273
ihi,n,noun,(international standards) iso 639-3 language code for ihievbe.,0.0
ikog,n,noun,tail,0.0
ilaga,n,noun,rat (medium-sized rodent of genus rattus),0.0
ilisan,n,noun,dressing room where someone changes clothing,0.0
ilo,n,noun,(international standards) iso 639-2 & iso 639-3 language code for ilocano.,0.0
ilok,n,noun,(anatomy) armpit,0.0
ilong,n,noun,nose,0.0
init,n,noun,"(computing) clipping of initialization.
after the sixth successive system init he had to concede that the database was corrupt.",0.273
inpierno,n,noun,hell,-0.681
ingol,n,noun,"scarcity, dearth",-0.511
ipot-ipot,n,noun,firefly,0.0
isa,n,noun,(international standards) iso 639-3 language code for isabi.,0.0
isda,n,noun,"(daet) fish
synonym: sira",0.0
itom,n,noun,black (color/colour),0.0
iyot,n,noun,"(vulgar) coitus; sexual intercourse
synonyms: habal, kayat, hilawas, jerjer, torjak",0.0
kaagahon,n,noun,dawn,0.0
kaambong,n,noun,handsomeness,0.527
kaaway,n,noun,enemy; foe,-0.751
kabakahan,n,noun,cattle,0.0
kabalyero,n,noun,peacock flower (caesalpinia pulcherrima),0.0
kabanyagaan,n,noun,"mean, malicious, vile, wicked",-0.818
kabangisan,n,noun,"violence; cruelty; wickedness
synonyms: kaisogan, kakurihan, karingisan",-0.902
kabayo,n,noun,horse,0.0
kabesera,n,noun,head of the table,0.0
kabuang,n,noun,madness; insanity,-0.765
kabugaw,n,noun,the kaffir lime (citrus hystrix),0.0
kabuhi,n,noun,"an illness characterized by dizziness, nausea, chills and symptoms similar to hyperacidity, gripes, heartburn and gastroesophageal reflux disease",-0.402
kabulig,n,noun,"assistant, helper
synonym: katabang",0.34
kadak-an,n,noun,hall,0.0
kadalag-an,n,noun,success,0.572
kadang,n,noun,"stilts
nagalakát silá sa kádang.they are walking on stilts.",0.0
kadugay,n,noun,duration,0.0
kadumot,n,noun,"hatred, grudge
antonym: higugma",-0.637
kadumut,n,noun,alternative spelling of kadumot,0.0
kagab-i,n,noun,last night,0.0
kagagmayan,n,noun,the poor or uninfluential members of a community,-0.477
kagaw,n,noun,scratching (relief for an itch),0.477
kagayonan,n,noun,"beauty; splendor
synonym: kadahoman",0.832
kagulangan,n,noun,old-growth forest,0.0
kahas,n,noun,daringness,0.34
kahikaw,n,noun,"envy, spite",-0.67
kahilwayan,n,noun,"freedom; liberty
synonym: kaluasan",0.823
kahinguyangan,n,noun,"expenditure, waste",-0.421
kahoy,n,noun,tree; wood,0.0
kahubug,n,noun,drunkenness; intoxication; inebriation,0.0
kaisug,n,noun,courage,0.494
kalabasa,n,noun,squash,0.0
kaladlawan,n,noun,comic,0.0
kalag,n,noun,"a ghost; a spirit; a soul
synonyms: espiritu, multo",-0.153
kalagday,n,noun,"gentleness, tenderness",0.421
kalaglagan,n,noun,"destruction, perdition, ruin",-0.818
kalamunding,n,noun,calamondin,0.0
kalan-on,n,noun,"food, especially rice",0.0
kalayo,n,noun,"fire; flame
synonym: laad",-0.34
kaldera,n,noun,caldera,0.0
kalibutan,n,noun,world,0.0
kalipay,n,noun,happiness,0.557
kalis,n,noun,a filipino sword akin to the kris.,0.0
kalisang,n,noun,"horror, terror",-0.796
kalooy,n,noun,"mercy
synonym: awa",0.361
kalsada,n,noun,"road; street
synonym: dalan",0.0
kamalig,n,noun,"hut
synonyms: payag-payag, lungalong, balayan",0.0
kamatayon,n,noun,"death
antonym: kinabuhi",-0.599
kamatis,n,noun,tomato,0.0
kamatuoran,n,noun,truth; veracity,0.318
kampana,n,noun,"large bell
synonym: bagtingan",0.0
kan-on,n,noun,boiled rice; cooked rice,0.0
kanding,n,noun,goat,0.0
kapanganuran,n,noun,the clouds,0.0
kapatid,n,noun,sibling,0.0
kapatol,n,noun,"strength, determination",0.71
kapaul,n,noun,"fatigue, weariness",-0.25
kapay,n,noun,"crazy; insane
synonyms: bua, loko, rungaw, lapong, lado, kablas",-0.625
kape,n,noun,(obsolete) pronunciation spelling of keep.,-0.296
kapid,n,noun,nominative plural of kapp,0.0
kapilya,n,noun,chapel,0.0
karabaw,n,noun,carabao; water buffalo,0.0
karnabal,n,noun,"carnival; fair traveling amusement park
synonym: perya",0.586
karwahe,n,noun,four-wheeled horse-drawn carriage,0.0
kasag,n,noun,crab (saltwater),0.0
kasing,n,noun,"a top or spinning top, made of wood and spun by a string",0.382
kasingkasing,n,noun,"(anatomy) heart
synonym: korason",0.637
kasirum,n,noun,evening,0.0
kasisit-an,n,noun,"difficulties, troubles",-0.637
kasulya,n,noun,(christianity) chasuble,0.0
katig,n,noun,outrigger,0.0
katsila,n,noun,"spanish
synonym: espanyol",0.0
katulundan,n,noun,sunset,0.0
kauswagan,n,noun,"advancement; improvement
synonym: kalamboan",0.459
kawa,n,noun,alternative form of kava.,0.0
kawatan,n,noun,"a toy
an paborito kong kawatan.my favorite toy.",0.459
kawayan,n,noun,"bamboo
synonyms: kalap, butong",0.0
kawayanan,n,noun,bamboo grove or plantation,0.0
kawing,n,noun,present participle and gerund of kaw,0.0
kawit,n,noun,"hook
synonym: gantso",0.0
kawkus,n,noun,caucus,0.0
kilat,n,noun,lightning (flash of light),0.0
kilay,n,noun,(anatomy) eyebrow; brow,0.0
kinataohan,n,noun,birthday,0.0
kolera,n,noun,"anger, rage
synonym: amorru",-0.807
kolintas,n,noun,rosary,0.0
koltson,n,noun,mattress,0.0
kompanyero,n,noun,"companion
synonyms: kaibahan, kabohan",0.0
konbensyon,n,noun,"convention, meeting",0.0
korason,n,noun,"(anatomy) heart
synonym: kasingkasing",0.637
kubrekama,n,noun,bedsheet; bedspread,0.0
kudyapi,n,noun,a boat-shaped lute,0.0
kulantro,n,noun,cilantro (us); coriander (uk),0.0
kuning,n,noun,yellow,0.0
kuring,n,noun,cat,0.0
kusina,n,noun,kitchen,0.0
kutkut,n,noun,alternative spelling of kutkot,0.0
kuto,n,noun,louse,-0.382
kutsara,n,noun,spoon,0.0
kutsarita,n,noun,teaspoon,0.052
kutsilyo,n,noun,(cutlery) kitchen knife,0.0
kutud,n,noun,"boundary, line",0.0
kuul,n,noun,"ball, especially a heavy one",0.0
kwadra,n,noun,shed,0.0
kwarentenas,n,noun,quarantine,0.0
labaha,n,noun,"razor
synonym: pang-ahit",0.0
lae,n,noun,(international standards) iso 639-3 language code for pattani.,0.0
lag-it,n,noun,"cheat, imposter, sneak, swindler, trickster",-0.599
lagari,n,noun,saw (tool),0.0
lagwerta,n,noun,alternative form of laguwerta,0.0
lagwertero,n,noun,gardener,0.0
lala,n,noun,alternative form of ilala.,0.0
lalaki,n,noun,"a man; a male human
coordinate term: babayi",0.0
lamok,n,noun,mosquito,0.0
landong,n,noun,"shadow
synonym: halon",0.0
lanog,n,noun,"weal; bruise, black eye",0.0
lansang,n,noun,nail (metal pin),0.0
langgaw,n,noun,vinegar,0.0
langit,n,noun,sky,0.0
langoy,n,noun,"swim, swimming",0.0
lap-ok,n,noun,blister,0.0
larawanan,n,noun,photographer's studio,0.0
lasi,n,noun,"to leave
1905, l. l. zamenhof, fundamento de esperanto, antaŭparolo:mi permesis al mi nur korekti la preserarojn; sed se ia vorto estis erare aŭ nelerte tradukita, mi ĝin lasis en tiu ĉi libro tute senŝanĝei allowed myself only to correct the printing errors; but if any word was erroneously or unskillfully translated, i left it in this book entirely unchanged",-0.202
latagon,n,noun,"valley, a rural area",0.0
latayan,n,noun,a narrow bridge often with no handrail,-0.296
latok,n,noun,(dated) small table,0.0
lawa,n,noun,spider,0.0
lawas,n,noun,old,0.0
layi,n,noun,"adultery
synonym: láè",0.0
libre,n,noun,"(obsolete, rare) especially of the will: free, independent, unconstrained.
1599, alexander hume, “of gods benefites bestowed vpon man”, in hymnes, or sacred songs, […], edinburgh: printed by robert walde-graue, […], →oclc; republished as john gardiner kinnear, editor, hymns and sacred songs, […] (bannatyne club publications; 41), edinburgh: printed by ballantyne and co. [for the bannatyne club], 1832, →oclc, page 10:he [god] adame lent a libre will to follow what he liſt, / and with his holy ſpirit, and grace his choſen dois aſſiſt: [...]",0.718
likod,n,noun,(anatomy) back,0.0
lima,n,noun,alternative letter-case form of lima of the icao/nato radiotelephony alphabet.,0.0
linaw,n,noun,"clarity, clearness
synonym: liwanag
antonyms: libog, labog",0.402
linog,n,noun,earthquake,0.0
linti,n,noun,"lentils
synonym: pãpudã",0.0
lingkoranan,n,noun,"a seat; a chair
synonym: siya",0.0
liog,n,noun,(anatomy) neck,0.0
liso,n,noun,"seed
synonym: binhi",0.0
lomot,n,noun,moss (plants of the division bryophyta),0.0
luab,n,noun,collar,0.0
lubi,n,noun,"(mythology) a mythological figure of albanian folklore imagined as a spiteful multiheaded serpentine dragon woman (also imagined as a serpent or demon), not dissimilar to a lernean hydra in ancient greek folklore. the number of heads varies from 7 to 100, and when one is cut off another grows in its place.
synonym: kuçedër",-0.572
lubong,n,noun,"burial (act of burying)
synonym: talbong",0.0
lugpitan,n,noun,"press, vice, clamp",0.0
luha,n,noun,tear,0.0
lunang,n,noun,mud,0.0
lungsod,n,noun,"city
synonym: siyudad",0.0
luy-a,n,noun,ginger (zingiber officinale),0.0
mais,n,noun,maize; corn,0.0
mamaw,n,noun,"(uk, dialect, scottish lowlands) one's mother.",-0.026
man-og,n,noun,snake,0.0
mananap,n,noun,"any animal
coordinate terms: hayop, ihalas",0.0
manang,n,noun,elder sister; big sister,0.0
manay,n,noun,"male
ca kading manay ― a male goat",0.0
manok,n,noun,"chicken, poultry, fowl",0.0
manol,n,noun,the arabian jasmine (jasminum sambac),0.0
manong,n,noun,elder brother; big brother,0.0
manoy,n,noun,"elder brother; big brother
nagtatabang si manoy sa samuyang mga magurang sa mga gibohon sa harong.our big brother helps our parents do housework.",0.382
mangga,n,noun,mango,0.0
mango,n,noun,"a tropical asian fruit tree, mangifera indica.
1980, bruce chatwin, the viceroy of ouidah, page 146:on the hot days, he would lie in the shade of a mango and let little eugenia clamber over his belly and tug at his beard.",0.0
maragomo,n,noun,short with someone,0.0
mata,n,noun,"a respectful title for a female spiritual leader or for a wife, mother, or grandmother of a male spiritual leader.",0.0
matápan,n,noun,"flat, level, plain",0.0
milok,n,noun,eyelash,0.0
monyeka,n,noun,alternative spelling of munyeka,0.0
multa,n,noun,fine,0.202
mumho,n,noun,fallen crumbs of cooked rice on the floor or table,-0.361
munga,n,noun,(obsolete) the bonnet monkey.,-0.296
musika,n,noun,music,0.0
namit,n,noun,"taste, flavor
synonyms: tana, lasa
ano an namit kaiyan?what's the taste of it?",0.0
negrense,n,noun,a native or inhabitant of the philippine island of negros,0.0
nipa,n,noun,a palm tree of the species nypa fruticans.,0.0
numero,n,noun,the sign ⟨ № ⟩.,0.0
ngalan,n,noun,name,0.0
okra,n,noun,"the edible immature mucilaginous seed pod (properly, capsule) of the abelmoschus esculentus.
1679, thomas trapham, a discourse of the state of health in the island of jamaica..., pages 59–60:...as a food easy of digestion may well be admitted likewise the young ocra an agreeable food as well for the species as individual, dressed variously according to pleasure...
1940, farmers' bulletin, number 232, page 7:select young okra, wash thoroughly, remove the stems, and wipe the okra dry.
1997, lisette verlander et al., the cookin' cajun cooking school cookbook, page 25:wash and dry okra, remove stems, and slice in one-inch rounds. (if using frozen okra, do not wash.) heat two tablespoons oil in a heavy saucepan other than black iron. saute okra in oil and vinegar, stirring often until ropiness is gone.
2006, francis n. wiltz, in the kitchen with papa wiltz, page 1:i hated cooking okra because it was so slimy when you first start.",0.844
paa,n,noun,(international standards) iso 639-2 & iso 639-5 language code for papuan languages.,0.0
paalam,n,noun,causative of álam,0.0
pabrika,n,noun,factory,0.0
pader,n,noun,stone or concrete wall or fence,0.0
padong,n,noun,umbrella,0.0
padugi,n,noun,method,0.0
paglaum,n,noun,hope,0.44
paka,n,noun,frog,0.0
paklay,n,noun,"a filipino dish made from various pork, goat, or beef tripe or offal (internal organs), with sautéed spices, such as julienned ginger, chilis (siling mahaba), bamboo shoots (labong), carrots, bell pepper, tomatoes, garlic, onions, and black pepper, among other ingredients, especially in the cuisine of central visayas and mindanao",0.0
palahubog,n,noun,"drunkard, alcoholic
synonyms: palainom, hinginom",0.0
panakot,n,noun,a spice,0.0
pananglitan,n,noun,"an analogy, example, or illustration",0.0
pangalikog,n,noun,a probe,0.0
panganud,n,noun,cloud,0.0
paryente,n,noun,"a relative
synonyms: relasyon, erensya",0.0
pasahi,n,noun,"extraordinary, exceptional, remarkable",0.598
passinhon,n,noun,resident or inhabitant of passi,0.0
patani,n,noun,lima beans,0.0
patatas,n,noun,a potato,0.0
patay,n,noun,to kill,-0.691
pating,n,noun,shark,0.0
patron,n,noun,"one who protects or supports; a defender or advocate.
c. 1590–1592 (date written), william shakespeare, “the taming of the shrew”, in mr. william shakespeares comedies, histories, & tragedies […] (first folio), london:  […]  isaac iaggard, and ed[ward] blount, published 1623, →oclc, [act iv, scene ii]:patron of my life and liberty
1590, edmund spenser, “book i, canto i”, in the faerie queene. […], london:  […]  [john wolfe] for william ponsonbie, →oclc:the patron of true holiness
1834–1838 (date written), thomas babington macaulay, “virginia”, in lays of ancient rome, london: longman, brown, green, and longmans, […], published 1842, →oclc, page 154:let him who works the client wrong beware the patron’s ire!
a guardian or intercessor; synonym of patron saint.
st. joseph is the patron of many different places.",0.812
payong,n,noun,(historical) a parasol used as a javanese emblem of rank.,0.0
pelikula,n,noun,(photography) film (medium used to capture images),0.0
petsay,n,noun,chinese cabbage (either napa cabbage or bok choy),0.0
pigtot,n,noun,coccyx; tailbone,0.0
pikoy,n,noun,"(anatomy, humorous) the penis
synonyms: buto, pisot",0.382
pilak,n,noun,silver,0.0
pildoras,n,noun,pill,0.0
pililion,n,noun,"nominee, one who is worthy or desirable to be chosen",0.637
pito,n,noun,a type of beer made from fermented millet or sorghum in parts of west africa.,0.0
piyansa,n,noun,(law) bail,0.0
pobre,n,noun,"poor; impoverished
synonym: mahidap
antonym: mayaman
pobre sana kami.we're just poor",-0.735
polbora,n,noun,"gunpowder
synonym: ubat",0.0
pototanon,n,noun,resident or inhabitant of pototan,0.0
premyo,n,noun,alternative form of premiyo,0.0
primo,n,noun,(music) the principal part of a duet.,0.0
probinsya,n,noun,alternative spelling of probinsiya,0.0
propeta,n,noun,prophet,0.0
pulu,n,noun,"a silky material obtained from the fibres of cibotium glaucum, a tree fern of hawaii.",0.0
punoan,n,noun,"base, foot (of trees)",0.0
punse,n,noun,a mixed alcoholic drink,0.0
puok,n,noun,too short,0.0
puol,n,noun,"monotonous; tedious, repetitious or lacking in variety",0.0
ra-ing,n,noun,"dirty, grimy, soiled. sullied",-0.691
ramay,n,noun,rice,0.0
rason,n,noun,"reason; excuse
synonym: dahilan",0.077
relihion,n,noun,religion,0.0
sabado,n,noun,saturday,0.0
sabak,n,noun,alternative form of sabat,0.0
sabat,n,noun,"(architecture) a roofing structure with the street beneath it in mediterranean and middle eastern architecture, serving to support buildings or to cool pedestrians by maximizing daytime shade and accelerating breezes.",0.612
sabila,n,noun,aloe,0.0
sablayan,n,noun,"clothesline
synonyms: halayhayan, balaybayan",0.0
sag-ang,n,noun,(anatomy) chin,0.0
sagad,n,noun,commonly; usually,0.0
sagaynon,n,noun,resident or inhabitant of sagay,0.0
saging,n,noun,banana,0.0
sakayanon,n,noun,a seafarer; a sailor or mariner,0.0
salakay,n,noun,"attack; assail
synonyms: atake, sakyada, surong",-0.477
salaming,n,noun,present participle and gerund of salam,0.0
salapi,n,noun,money,0.0
salbabida,n,noun,life preserver; life jacket,0.0
salsalon,n,noun,iron,0.0
salug,n,noun,floor,0.0
samad,n,noun,cut,-0.273
sambag,n,noun,"tamarind (tamarindus indica)
synonym: tamarindo",0.0
samong,n,noun,a species of top snail (trochus niloticus),0.202
sampal,n,noun,slap on the face,0.153
sansaw,n,noun,grass jelly,0.0
sanga,n,noun,"(australia, colloquial) sandwich.",0.0
sapatos,n,noun,shoe,0.0
semana,n,noun,week,0.0
sentimyento,n,noun,alternative form of sentimiyento,0.0
seremonya,n,noun,"ceremony
synonym: seremonyas",0.0
serip,n,noun,sheriff,0.0
sibat,n,noun,"to run away
synonyms: dulag, layas, rabas",0.0
sibuyas,n,noun,onion,0.0
sid-o,n,noun,"hiccup
synonym: sikdo",0.0
sidlangan,n,noun,"east
synonym: mulud-an",0.0
sidra,n,noun,cider,0.0
sielo,n,noun,"heaven, firmament, sky
synonym: langit",0.511
sikdo,n,noun,"hiccup
synonym: sid-o",0.0
siko,n,noun,elbow,0.0
sinelas,n,noun,alternative form of tsinelas,0.0
sip-on,n,noun,"(partido, sorsogon) alternative form of sìpon (“common cold”)",0.0
sip-onon,n,noun,sniveler; sniffler,0.0
sirip,n,noun,sheriff,0.0
siya,n,noun,alternative form of siella,0.0
sobre,n,noun,envelope,0.0
sokla,n,noun,silk,0.0
solang,n,noun,synonym of solange,0.0
soldado,n,noun,"a soldier, in spanish-speaking contexts.",0.0
suba,n,noun,(kasar) already,0.0
subay,n,noun,"bachelor, bachelorette; unmarried person. (mostly of men)
bütün subaylara qismət olsun.may [this] be the destiny for all bachelors. [usage 1]",0.0
sulod,n,noun,inside,0.0
sulog,n,noun,"rooster (young)
synonym: lalong",0.0
sulud,n,noun,nominative plural of sulg,0.0
sumalayhaw,n,noun,cockerel; young cock,-0.153
sun-adan,n,noun,fireplace,0.0
sundang,n,noun,(philippines) a kind of dagger or short machete.,0.0
sunlog,n,noun,tease,-0.318
sungay,n,noun,horn,0.0
suyak,n,noun,slashed tire,-0.226
taas,n,noun,plural of taa,0.0
tagiposoon,n,noun,"heart
synonym: kasingkasing",0.637
tagipusoon,n,noun,alternative form of tagiposoon,0.0
tagipusuon,n,noun,(anatomy) heart,0.637
tagna,n,noun,guess; predict,0.0
tahum,n,noun,"beauty, prettiness, attractiveness",0.765
takuri,n,noun,kettle; teapot,0.0
talong,n,noun,"eggplant, aubergine",0.0
tampis,n,noun,"apron, skirt",0.0
tampok,n,noun,elite,0.0
tampulanga,n,noun,(botany) hibiscus,0.0
tandaan,n,noun,"sign, signal",0.0
tanhaga,n,noun,"extraordinary, marvelous, wonderful",0.823
tanga,n,noun,"(historical) any of various former asian coins, including: a coin of portuguese india worth one tenth of a rupee; a gold coin of india issued by various muslim rulers; a silver coin of india, also issued by muslim rulers; and a former silver coin of tibet.
1810, richard haklvyt, hakluyt's collection of the early voyages, travels, and discoveries of the english nation- volume 2, page 410:the larines are woorth by just value basaruchies 93 and 3 fourth parts, and 4 larines make a seraphine of siluer, which is 5 tangas of good money, and these also haue serafagion of 6, 7, 8, 10, vntil 16, by the 100, for when the ships depart for the north, to say, for chaul, diu, cambaia, or bassaim, all cary of the same, because it is money more currant then any other.
1841, the literary gazette and journal of the belles lettres, page 136:the first and largest item is, the purchase of a wife, 25 rupees. culinary and other utensils.--bedding, 6 rupees; antimony for the lady's eyes, 3 tangas : an iron boiler, 2 rupees; a wooden bowl and spoons, 3 tangas; ....
1875, report of a mission to yarkund in 1873, under command of sir t[homas] d. forsyth, page 73:the prices range from 120 tangas = rupees 25 to 400 tangas = rupees 80.
1996, jonathan l. lee, the ""ancient supremacy"":, →isbn:three-sevenths, or 300,000 tangas (100,000 kabul rupees) were remitted to the amir as tribute, whilst the remaining sum, 400,000 tangas (rs. 133,333), was retained by the wali for his own expenses.
2003, ahmad hasan dani, vadim mikhaĭlovich masson, history of civilizations of central asia, →isbn:the samarkand tangas were initially 916 carats, and then rose to 960 carats. lower-carat tangas were issued in balkh (875 carats, 916 carats) and in tashkent. nevertheless, even the tangas issued under iskandar khan are referred to in documentary sources as 'pure'.",0.758
tangis,n,noun,plural of tangi,0.0
tangkugo,n,noun,(anatomy) nape,0.0
tao,n,noun,(international standards) iso 639-3 language code for yami.,0.0
tawo,n,noun,man; person; human being,0.0
taya,n,noun,"bet; wager
synonyms: pusta, usod",0.0
tayobong,n,noun,starch,0.0
telepono,n,noun,telephone,0.0
teolohia,n,noun,theology,0.0
tesorero,n,noun,treasurer,0.128
tibakla,n,noun,grasshopper,0.0
tigilinit,n,noun,summer,0.0
tiil,n,noun,"a foot, in its senses as
(anatomy) a human foot
(zoology) any equivalent body part of an animal",0.0
tiilan,n,noun,the lower part of,-0.296
tiki,n,noun,"carved talisman in humanoid form, common to the cultures of the pacific ocean.",0.0
tikling,n,noun,a rail; any member of the family rallidae,0.0
tikoy,n,noun,nian gao (a chinese new year cake made of glutinous rice flour),0.0
tililawan,n,noun,"test, trial",0.0
timaan,n,noun,symbol,0.0
timawa,n,noun,impoverished,0.0
timbangan,n,noun,"scale (device used to measure mass or weight)
synonyms: pesaran, baskula",0.0
tindak,n,noun,"kick
synonym: sipa",0.0
tingulan,n,noun,"rainy season; wet season; monsoon season
synonym: dagna",-0.077
tiyan,n,noun,"(anatomy) belly, abdomen",0.0
toktok,n,noun,to knock,0.0
tornilyo,n,noun,"screw, bolt
synonym: tuwerka",-0.103
toro,n,noun,a traditional japanese lantern.,0.0
tubig,n,noun,water,0.0
tudlo,n,noun,(anatomy) finger,0.0
tudlo sang dalaga,n,noun,a type of banana,0.0
tuhod,n,noun,(anatomy) knee,0.0
tuig,n,noun,year,0.0
tuko,n,noun,gecko,0.0
tul-an,n,noun,bone,0.0
tulug,n,noun,to sleep,0.0
tunok,n,noun,(botany) thorn,0.0
ugangan,n,noun,parent-in-law,0.0
ugtu,n,noun,noon,0.0
uhaw,n,noun,"thirsty
coordinate term: gutom",0.0
ulan,n,noun,alternative form of uhlan.,0.0
ulo,n,noun,(anatomy) head,0.0
ulod,n,noun,"worm
synonym: halod",0.0
unsa,n,noun,"(interrogative) what
nag-unsa ka? ― what are you doing?
unsa ang imong kinahanglan? ― what do you need?",0.0
upod,n,noun,"too, also, as well as
synonyms: pud, usab, sab, sad",-0.25
urang,n,noun,rain,0.0
urok,n,noun,"dimple
synonyms: pilok, lusot",0.0
usa,n,noun,(international standards) iso 639-3 language code for usarufa.,0.0
utak,n,noun,"(anatomy) brain
synonym: hutok",0.0
utang,n,noun,debt,-0.361
utod,n,noun,to cut,-0.273
utok,n,noun,brain,0.0
utud,n,noun,something cut off or broken off,-0.637
uyang,n,noun,grandmother,0.0
wala,n,noun,alternative spelling of wallah.,0.0
wasay,n,noun,an axe,-0.103
wayang,n,noun,"traditional indonesian arts performance (shadow puppetry, theatrical, dance, etc.) originating from java island.",0.0
yahong,n,noun,a soup bowl,0.0
yawa,n,noun,"(theology) devil
synonym: diyablo",-0.66
anum,n,noun,(twi) five,0.0
apat,n,noun,"four
synonym: kuwatro",0.0
duha,n,noun,"two
synonym: dos",0.0
gatus,n,noun,hundred,0.0
kalim-an,n,noun,"fifty
synonym: singkuwenta",0.0
kaluhaan,n,noun,"twenty
synonym: baynte",0.0
kan-uman,n,noun,"sixty
synonym: saisenta",0.0
kap-atan,n,noun,"forty
synonym: kuwarenta",0.0
kasiyaman,n,noun,"ninety
synonym: nobenta",0.0
libo,n,noun,thousand,0.0
napulo,n,noun,"ten; 10
synonym: diyes",0.0
napulo'g anum,n,noun,sixteen,0.0
napulo'g apat,n,noun,fourteen,0.0
napulo'g duha,n,noun,"deprecated, pre-2014 spelling of napulog duha.",0.0
napulo'g isa,n,noun,eleven,0.0
napulo'g lima,n,noun,"deprecated, pre-2014 spelling of napulog lima.",0.0
napulo'g pito,n,noun,"deprecated, pre-2014 spelling of napulog pito.",0.0
napulo'g siyam,n,noun,"deprecated, pre-2014 spelling of napulog siyam.",0.0
napulo'g tatlo,n,noun,thirteen,0.0
napulo'g walo,n,noun,"deprecated, pre-2014 spelling of napulog walo.",0.0
siyam,n,noun,nine,0.0
tatlo,n,noun,three,0.0
walo,n,noun,eight,0.0
halong,pb,phrasebook,"to handle with care
synonym: amlig",0.494
maayong gab-i,pb,phrasebook,good evening; good night,0.7
palangga ta ka,pb,phrasebook,"i love you
synonym: ginahigugma ko ikaw",0.637
bago,pb,phrasebook,"new (recently made or introduced)
antonyms: luma, daan",0.0
buot,pb,phrasebook,to rub,0.0
sulud,pb,phrasebook,nominative plural of sulg,0.0
adto,pr,pronoun,to go there (to a place far from both the speaker and listener),0.0
ako,pr,pronoun,(international standards) iso 639-3 language code for akurio.,0.0
aton,pr,pronoun,us,0.0
daya,pr,pronoun,(anatomy) blood,0.0
ikaw,pr,pronoun,you,0.0
ini,pr,pronoun,"(balakan, qakh, sheki, zaqatala) husband's brother
synonym: qayın",0.0
iya,pr,pronoun,(international standards) iso 639-3 language code for iyayu.,0.0
kami,pr,pronoun,"(religion, shinto) an animistic god or spirit in the shinto religion of japan.
2000, ree soesbee, “armies on the march”, in the crane (legend of the five rings), renton, wash.: wizards of the coast, →isbn, page 96:chanting the mantra of the fire kami, they called to the blaze, summoning the heart of each flickering flame to life.
2021, marie brennan [pseudonym; bryn neuenschwander], chapter 18, in the night parade of 100 demons (legend of the five rings), nottingham, nottinghamshire: aconyte books, →isbn, page 211:but ryōtora had definitely moved a shintai during the makeshift festival – and it must have been saiun-nushi’s, because sekken couldn’t imagine the shugenja could call a kami into a foreign vessel without noticing.",0.888
kamo,pr,pronoun,(in the plural) you,0.0
kita,pr,pronoun,we (inclusive),0.0
sila,pr,pronoun,cross-legged seating position,0.0
sin-o,pr,pronoun,who,0.0
siya,pr,pronoun,alternative form of siella,0.0
yari,pr,pronoun,(weaponry) any of various sizes of spear used in japanese martial arts.,-0.226
ab-ab,v,verb,to eat,0.0
aba,v,verb,(international standards) iso 639-3 language code for abé.,0.0
abaga,v,verb,(anatomy) shoulder,0.0
abak,v,verb,abacus,0.0
abak-abak,v,verb,diminutive of ábak,0.0
aban,v,verb,one,0.0
abaniko,v,verb,"hand fan
synonyms: kayab, kabkab, pamaypay, yapyap",0.67
abang,v,verb,window (opening for light and air),0.0
abang-abang,v,verb,"midnight horror (oroxylum indicum, a tree where its leaves are used as a plaster in treating boils and other swollen body parts)",-0.572
abat,v,verb,abbot (superior of an abbey),0.542
abat-abat,v,verb,diminutive of ábat,0.0
abay,v,verb,(obsolete) barking or baying of dogs at their prey. [attested from around (1150 to 1350) until the late 17th century.][1],-0.296
abay-abay,v,verb,diminutive of abáy,0.0
abi,v,verb,(international standards) iso 639-3 language code for abidji.,0.0
abi-abi,v,verb,greeting; salutation,0.382
abian,v,verb,"underway, running",0.0
abiar,v,verb,to invite,0.153
abibar,v,verb,"to urge, encourage, rouse",0.511
abiog,v,verb,"to move to and fro, to swing or rock",0.0
abisar,v,verb,"to advise, inform, notify",0.0
abiso,v,verb,"advisory; announcement; notice; warning
synonym: pahibalo",-0.34
ablang,v,verb,"breadth, width",0.0
ablay,v,verb,shawl,0.0
abo,v,verb,(international standards) iso 639-3 language code for abon.,0.0
abo-abo,v,verb,"the color of ash, ashen",0.0
abonar,v,verb,"to accredit, to make (someone) appear good",0.44
aboy,v,verb,"spouse
synonyms: asawa, abuyan
kang aboy ― my spouse",0.0
abrasita,v,verb,hug,0.477
abraso,v,verb,first-person singular present indicative of abrasar,0.0
abri,v,verb,(geology) a shelter; a cavity in a hillside; a shelter on the side of hill with an overhung rock as its roof[1] [first attested in the early 19th century.][2],0.0
abrisita,v,verb,alternative spelling of abrasíta,0.0
abtan,v,verb,arrive,0.0
abud,v,verb,"(rare) budding
1923, julie m. lippmann, dreamland:[…]  he began to whistle merrily, and in an instant the whole world about him was bright of hue and joyous again, and looking, he saw, to his amazement, that the bare branches were abud.",0.931
abukay,v,verb,red-vented cockatoo (cacatua haematuropygia),0.0
abung,v,verb,to intercept; to stop; to catch,-0.296
abusar,v,verb,"(intransitive, abusar de) to abuse (use improperly)",-0.637
abuso,v,verb,abuse,-0.637
abut,v,verb,"(intransitive) to touch by means of a mutual border, edge or end; to border on; to lie adjacent (to); to be contiguous (said of an area of land) [first attested around 1350 to 1470.][3]
it was a time when germany still abutted upon russia.
his land abuts on the road.",0.0
abut-abut,v,verb,frequentative of abút,0.0
abwa,v,verb,make,0.0
abyog,v,verb,"to swing, oscillate",0.0
adorno,v,verb,"a clay ornament attached to a piece of pottery, usually at the rim.
1999, clarence bloomfield moore, jeffrey m. mitchem, the west and central florida expeditions of clarence bloomfield moore, page 25:willey (1949:324) suggested that this mound probably dates to late weeden island times, though the bird head rim adorno (luer 1992a:54, figure id; moore 1903:figure 63) might indicate a safety harbor component.",0.421
agao,v,verb,to seize or take by force,0.0
agda,v,verb,"to invite
synonyms: alok, imbitar, kombida",0.153
agi,v,verb,(international standards) iso 639-3 language code for agariya.,0.0
agwanta,v,verb,to endure; to put up with; to tolerate,0.0
akal-akal,v,verb,to bubble or seethe,0.0
alagad,v,verb,"but; however; yet
synonyms: pero, ugaring",0.0
alamilaw,v,verb,to doze,0.0
alinga,v,verb,"to watch; to see over; to supervise
synonym: anila",0.0
alipasa,v,verb,"hurry, rush",0.0
almoranas,v,verb,(pathology) hemorrhoid,0.0
amba,v,verb,"a characteristic landform in ethiopia: a steep-sided, flat-topped mountain, often the site of a settlement.",0.0
amoma,v,verb,"regale, treat with food and drink",0.402
ampo,v,verb,a javan snack food consisting of thin sticks of baked earth.,0.0
anad,v,verb,"accustomed to; skilled at; expert in
synonym: antigo
anad yi kami sa kainda pag buhay.we are already accustomed to this way of life.",0.0
anila,v,verb,beehive,0.0
aninaw,v,verb,to observe carefully,0.128
ankla,v,verb,anchor,0.0
angkab,v,verb,a take a bite,0.0
arado,v,verb,plow/plough,0.0
asin,v,verb,salt,0.0
aslum,v,verb,sourness,0.0
aso,v,verb,(international standards) iso 639-3 language code for dano.,0.0
aspalto,v,verb,asphalt,0.0
athag,v,verb,"clear, distinct",0.382
atubang,v,verb,"manner of facing on a position
synonym: hampang",0.0
awat,v,verb,manila hemp (fiber of an abaca),0.0
ayag,v,verb,sift,0.0
ayo,v,verb,"(slang) a greeting.
synonyms: hey, hi, yo
2004, michael daniel baptiste, cracked dreams, page 73:""ayo, red. it's the homie spits on the jack for you, blood."" ""ayo, homeboy,"" said red as he excitedly picked up the telephone receiver. ""what's up, fool?""
2007, reginald l. hall, in love with a thug, page 38:“ayo, wassup, girl,” he said to keisha as he continued to walk toward the back area where i stood.  […]  “ayo, wassup, playa?
2007, tony j. ward, jr., i've got to make it to heaven for going through hell: part 1, page 39:ayo toine, you think they'd put me down?
2007, nikki turner, christmas in the hood, page 289:""ayo, fam, you a'ight down there?"" victorious's cell mate asked.
2008, treasure hernandez, resurrection, page 106:""ayo, ma, where you going?"" a dude asked her as she walked by him.
2008, ashley jaquavis, the trophy wife, page 103:""ayo, kalil!"" a man's voice said from amidst the crowd. kalil looked up and saw his lil' man, peanut, distributing packets of heroin and taking money from the fiends.
2010, r green damon, somethin' to think about, page 197:""ayo, cee, listen to this shit here,"" said matt, passing him his cell.",0.558
baak,v,verb,crevice,0.0
baas,v,verb,"(south africa) an employer, a boss (frequently used as a form of address).
1979, andré brink, a dry white season, vintage, published 1998, page 40:‘that's not what i'm complaining about, baas,’ said gordon.
1932, george bernard shaw, the adventures of the black girl in her search for god, hesperus press limited, published 1961, page 11:‘excuse me, baas,’ she said, 'you have knowing eyes.'",0.493
badlak,v,verb,"beam, dazzle, sparkle",0.421
bahon,v,verb,"sneeze
synonym: hatsing",0.0
bahoy,v,verb,"witch, sorceress",-0.361
bailo,v,verb,"(historical) title of the venetian envoy to particularly the sublime porte
1886, the journal of hellenic studies, volume 7, page 328:venice engaged to restore to the triarchs all property which the baili had conferred in fief since 1255.
2010, gábor ágoston, encyclopedia of the ottoman empire, page 73:in 1670 the bailo was considered responsible for all the venetian consuls in the ottoman empire.",0.735
bais,v,verb,plural of bai,0.0
bakal,v,verb,male kid (baby goat),0.0
balatian,v,verb,feeling; sensitivity,0.128
baleu,v,verb,to change; to transform; to transmogrify,0.0
balhag,v,verb,"printed, published",0.0
balhas,v,verb,sweat,0.0
balhin,v,verb,"alter, change, transform",0.0
bali,v,verb,offering,0.0
balibad,v,verb,to refuse,-0.296
baligya,v,verb,"goods, merchandise",0.0
balita,v,verb,news,0.0
balo,v,verb,"ruining, spoiling, destruction",-0.691
banta,v,verb,to warn someone not to do something,-0.103
bantay,v,verb,attendant,0.0
banga,v,verb,five,0.0
bangis,v,verb,"violence; cruelty
synonyms: isog, kuri, ringis",-0.84
bangon,v,verb,to get up,0.0
bangot,v,verb,"bind, tie",0.0
barit,v,verb,to sharpen,0.0
bas-on,v,verb,"to be damp, or wet",0.0
basa,v,verb,"the catfish pangasius bocourti.
synonyms: (britain) cobbler, river cobbler",0.0
basa-basa,v,verb,to leaf through; to peruse; to skim,0.0
basol,v,verb,"blame; reproach
synonym: sudya",-0.34
bata,v,verb,"a ceremonial double-headed drum played in triplet in the religion of santería, especially in cuba and puerto rico, originally from the yoruba of nigeria.
1990 october 28, paul simon, “the rhythm of the saints”, in the coast, warner bros.:two guitars, bata, bass drum and tambourine.
2019, marlon james, black leopard, red wolf, hamish hamilton, page 283:five drummers in front setting the dance—three beating barrel drums, a fourth beating a double-skin bata, and the fifth beating four small bata tied together.",-0.765
bati,v,verb,"alternative form of batty (“buttocks, anus; homosexual man”).",0.0
bato,v,verb,stone,0.0
batok,v,verb,bark (loud utterance by a dog),0.0
baton,v,verb,"a staff or truncheon, used for various purposes.",0.0
bawi,v,verb,woman,0.0
bayaw,v,verb,"brother-in-law
synonym: kunyado",0.0
baylo,v,verb,"change, exchange, replace",0.0
bendisyon,v,verb,"benediction, blessing",0.494
bendita,v,verb,holy water,0.0
bihag,v,verb,captive (one who has been captured),0.0
bika,v,verb,to spread one's legs,0.0
bilanggo,v,verb,to imprison; to jail,0.0
bilid,v,verb,mountain,0.0
bilin,v,verb,(biochemistry) any of various biological pigments formed in many organisms as a metabolic product of certain porphyrins.,0.273
bilwa,v,verb,alternative form of vilwa.,0.0
bino,v,verb,(physics) the superpartner of the gauge boson corresponding to weak hypercharge. the w and z bosons are electroweakinos: winos and binos.,-0.44
bisyo,v,verb,"bad, wicked, naughty, disobedient",-0.784
bitas,v,verb,to rip; to tear apart,0.0
bitay,v,verb,"to hang
to be or remain suspended
to cause (something) to be suspended, as from a hook, hanger, or the like
to execute (someone) by suspension from the neck
to be executed by suspension by one's neck from a gallows, a tree, or other raised bar, attached by a rope tied into a noose
to decorate (something) with hanging objects
(computing) to stop responding to manual input devices such as keyboard and mouse
(computing) to cause (a program or computer) to stop responding",-0.796
bitin,v,verb,"a snake; a legless reptile of the sub-order serpentes with a long, thin body and a fork-shaped tongue",0.0
bobo,v,verb,"a materialistic person who affects an anti-materialistic persona.
2000, david brooks, bobos in paradise […] , simon & schuster, →isbn, page 207:the small things—an olive grove or a small chapel—take on greater meaning to a bobo on vacation.
2011 april 12, alex lobrano, “bobo heaven in paris”, in t magazine‎[1], retrieved 26 june 2019:peruse the paris papers these days and you'll notice an obsession with bobos: no, they're not a team of cheerleaders or a troupe of clowns, but rich, artsy types known as  bourgeois bohemians,  who are now pretty much the tip of parisian tastemakers. so when friends who were recently staying in saint germain des pres asked me where to go to people watch, i told them to head for the ninth arrondissement  citadel of bobo cool.",0.972
bokbok,v,verb,a type of boring insect,-0.318
budhi,v,verb,to betray,-0.637
bug-os,v,verb,"complete, whole",0.0
bugalon,v,verb,to be or become proud,0.477
bugas,v,verb,"milled rice, white rice",0.0
bugay,v,verb,to give,0.0
bugkos,v,verb,"bundle, parcel",0.0
bugsay,v,verb,"oar, paddle",0.0
bugto,v,verb,to snap; to fracture or break apart suddenly,0.0
buhat,v,verb,"raise; lift; act of picking up something heavy
synonyms: alsa, tuon",0.0
buhin,v,verb,subtraction,0.0
buk-on,v,verb,to cut or open,-0.273
bukad,v,verb,to expand,0.318
bukadkad,v,verb,to bloom,0.0
buksan,v,verb,open,0.0
bulag,v,verb,to separate; to cause (things or people) to be separate,0.0
bulak,v,verb,an indian nose ring usually worn by married women.,-0.296
bulakbol,v,verb,"truancy
synonyms: lakuwatsa, luok",0.0
bulang,v,verb,"cockfight
synonyms: topada, sabong",0.0
buli,v,verb,(botany) fluttering elm (ulmus laevis),0.0
buligan,v,verb,third-person plural present indicative of buligar,0.0
buling,v,verb,"dirt, soot, stain",-0.34
bulung,v,verb,"drug, medicine",0.0
bulus,v,verb,the beginning of a flood in a flooded river,0.0
bunit,v,verb,"(fishing): angle, hook",0.0
buntug,v,verb,stye,0.0
bunggo,v,verb,alternative form of bangga,0.0
burnil,v,verb,to polish; to shine,0.0
buta,v,verb,alternative form of boteh.,0.0
butho,v,verb,to arrive suddenly and unannounced; to plump in,0.0
buti,v,verb,"barrel, cask",0.0
butok,v,verb,to make or force an animal to lie down on its side,0.0
butok-butok,v,verb,diligent,0.0
buung,v,verb,"broken, smashed",-0.477
buy-an,v,verb,"escape, to let to get away",0.178
buyagyag,v,verb,"betray, expose, make public, tell",-0.7
buyayaw,v,verb,to curse; to swear,-0.572
buylog,v,verb,accompany,0.0
buyot,v,verb,a woven bag,0.0
dab-ot,v,verb,to reach out,0.026
dabadaba,v,verb,kindling,0.0
dabdab,v,verb,"kindle, light",0.0
dag-on,v,verb,year,0.0
dagas,v,verb,"lunge
synonym: dagsang",0.0
dagat,v,verb,sea,0.0
dagsang,v,verb,"lunge
synonym: dagas",0.0
dagumak,v,verb,to wear out from frequent use,0.0
dagyang,v,verb,"enjoy oneself, frolic",0.494
dahog,v,verb,"shoot, tendril",-0.34
dakup,v,verb,"to catch, to apprehend, to arrest, to capture",-0.34
dala,v,verb,"(historical) the currency of hawaii between 1847 and 1898, equal to the united states dollar.
2018, todd a. watkins, introduction to microfinance:my mother kept a dollar bill in hawaiian currency—a dala—given to her as a souvenir of her brother's service in the army.",0.421
dalang-dalang,v,verb,astray,0.0
dalaw,v,verb,"visit, visitation
synonyms: pagbisita, rukat, pagsungko, sunglog",0.0
daldal,v,verb,"loquacity, talkativeness
synonym: tabil",0.0
dalhon,v,verb,to bring; to carry,0.0
dalin-as,v,verb,"skid, slip, slide
synonym: dakin-as",0.0
dalok,v,verb,"greedy, gluttonous",-0.318
dalum,v,verb,(of depth) deep,0.0
daman,v,verb,the rock hyrax.,0.0
damgohon,v,verb,to dream,0.25
damo,v,verb,"(chess, card games) queen
1908, henri vallienne, ĉu li?, ch. 3:la junulo miksis la kartojn kaj prenis unu el ili. ĝi estis la kera damo.the youth shuffled the cards and drew one of them. it was the queen of hearts.
1910, e. l. kearney (translator), la aventuroj de alicio en mirlando, translation of alice's adventures in wonderland by carroll, lewis, ch. 11:la kera damo bakis tortojn / en iu somertago!the queen of hearts, she made some tarts, / all on a summer day.",0.906
dampig,v,verb,"aid, help, support",0.66
dangat,v,verb,"(naga) love; affection; endearment
synonyms: daba, muot, mahal",0.823
dangaw,v,verb,"a handspan (the distance measured by a human hand, from the tip of the thumb to the tip of the little finger)",0.494
danggot,v,verb,wean,0.0
dapig,v,verb,"companion, partner",0.0
dapit,v,verb,"regarding; about
synonym: manunungod",0.0
daplos,v,verb,"(legazpi, sorsogon) sweat, perspiration
synonyms: ganot, hinang",0.0
daroos,v,verb,a severe cough,-0.382
daskon,v,verb,cram,0.0
daug,v,verb,romanization of 𐌳𐌰𐌿𐌲,0.0
daut,v,verb,nonstandard spelling of daot,0.0
dawat,v,verb,to receive,0.0
dawdaw,v,verb,"turn, spin",0.0
dawhat,v,verb,receive,0.0
deskarga,v,verb,unloading,0.0
dikta,v,verb,dictate,0.0
dingot,v,verb,nominative plural of dingo,0.0
dis-og,v,verb,"jostle, push",0.0
dogsing,v,verb,"to nudge or stroke, often flirtatiously",-0.026
dohol,v,verb,"a type of percussion instrument used in iran, afghanistan and kurdistan.",0.0
dool,v,verb,"inflection of dolen:
first-person singular present indicative
(in case of inversion) second-person singular present indicative
imperative",0.0
duag,v,verb,stave,0.0
dugang,v,verb,"(formal) addition; act of adding something
synonym: dagdag",0.0
dugmok,v,verb,"to break by applying pressure or weight, to crush",-0.421
dugus,v,verb,the best part of a thing,0.637
duha,v,verb,"two
synonym: dos",0.0
duha-duha,v,verb,by pairs; two by two; two at a time,0.0
duko,v,verb,"stoop, act of bending over",0.0
dula,v,verb,game,0.0
dulum,v,verb,darkness; gloom,-0.681
dulumugan,v,verb,swarm,0.0
dumaay,v,verb,fade,0.0
dumagaya,v,verb,flourish,0.0
dumagsa,v,verb,the northeast monsoon,0.0
dumar,v,verb,"tame, train",0.0
dumayon,v,verb,enter,0.0
dumdum,v,verb,"a soft-nosed bullet that expands on impact to cause a gaping wound.
march 1920, alice ballantine kirjassoff, “formosa the beautiful”, in national geographic magazine‎[1], page 267:he related to us how the savages make bullets from the heart of a very hard wood cured by a special process. these bullets are only effectual when fired from a short range, and when they lodge in the flesh they explode like dumdum bullets.(he here refers to tim soan, a taiwanese aboriginal person)",0.275
dumili,v,verb,prohibit,0.0
dumugo,v,verb,bleed,0.0
dumugok,v,verb,attend,0.0
dumukot,v,verb,to stick,0.0
dumulog,v,verb,pause,0.0
dumungka,v,verb,"harbor, land",0.0
dunoton,v,verb,crush,-0.153
dupak,v,verb,"dirty, foul, obscene, smutty",-0.772
duyanon,v,verb,swing,0.0
eksamen,v,verb,"examination, exam (formal test)",0.0
eskuwela,v,verb,school; learning institute,0.0
fuersa,v,verb,"force, strength, vigor",0.649
gaang,v,verb,"to heat, warm",0.226
gabuk,v,verb,"rotten, decayed, decomposed",-0.71
gabut,v,verb,"to pull out, to extract, to uproot",0.0
galing,v,verb,present participle and gerund of gale,0.0
gamit,v,verb,to use,0.0
ganyat,v,verb,past participle of ganyar,0.0
gapas,v,verb,sickle,0.0
garuk,v,verb,filth,0.0
gasolina,v,verb,"gasoline, petrol (motor fuel)",0.0
gatasan,v,verb,the spotfin lionfish (pterois antennata),0.0
gatong,v,verb,firewood; fuel,0.0
gaway,v,verb,tentacle,0.0
gikas,v,verb,to cut off or diminish,-0.273
gisa,v,verb,"way, manner
synonyms: modu, molde",0.0
gision,v,verb,"to rip, to tear
synonym: rabrabon",0.0
giyan,v,verb,"desire, inclination, liking for",0.66
godgod,v,verb,"follow up, look for, search for",0.0
gub-on,v,verb,disrupt,0.0
guyod,v,verb,"a drag
synonyms: gudgod, sidsid",-0.226
habok,v,verb,to swell,0.0
haboy,v,verb,"fling, hurl",0.0
hagad,v,verb,to ask for something,0.0
hagmak,v,verb,fall down,0.0
hagna,v,verb,"motion, proposal",0.0
haguk,v,verb,grasshopper (generic term),0.0
hagumhum,v,verb,to hum or coo,0.0
hagunung,v,verb,boom,0.0
hagung,v,verb,"to hum, coo",0.0
hagunghung,v,verb,a rumbling sound,0.0
hagup,v,verb,to be tame,0.0
halab,v,verb,graze,0.0
halay,v,verb,hang,0.0
halin,v,verb,to transfer,0.0
halit,v,verb,"(transitive, poetic) to cover
synonyms: zakrývat, přikrývat",0.0
halokhok,v,verb,grunt,0.0
halong,v,verb,"to handle with care
synonym: amlig",0.494
halunhun,v,verb,"gulp down, swallow",0.0
hambadan,v,verb,scorn,-0.402
handa,v,verb,"prepared
synonyms: andam, preparado, puwesto",0.226
hikog,v,verb,to hang oneself,0.0
hiliugyon,v,verb,to unite,0.0
hinlo,v,verb,"smooth, level",0.0
hingap-us,v,verb,to commit suicide by hanging,-0.511
hiphip,v,verb,bribe,-0.202
hubu,v,verb,accusative singular of huba,0.0
hukson,v,verb,"detach, dismount",0.0
hutik,v,verb,whisper,0.0
huyop,v,verb,to blow,0.0
ikog,v,verb,tail,0.0
ilig,v,verb,tooth,0.0
isa,v,verb,(international standards) iso 639-3 language code for isabi.,0.0
itot,v,verb,to have sexual intercourse with someone,0.0
iyot,v,verb,"(vulgar) coitus; sexual intercourse
synonyms: habal, kayat, hilawas, jerjer, torjak",0.0
kadton,v,verb,bite,0.0
kalikog,v,verb,to clean; to probe,0.402
kalis,v,verb,a filipino sword akin to the kris.,0.0
kamao,v,verb,"an extinct bird of hawaii, myadestes myadestinus.",0.0
kaon,v,verb,"(particle physics) any of four unstable subatomic particles, mesons, they are a combination of a strange quark or antiquark and either an up or down quark or antiquark
k0: strange quark + down antiquark
k0* (antiparticle of k0): down quark + strange antiquark
k+: strange quark + up antiquark
k- (antiparticle of k+): up quark + strange antiquark",-0.818
kapay,v,verb,"crazy; insane
synonyms: bua, loko, rungaw, lapong, lado, kablas",-0.625
kasal,v,verb,charcoal,0.0
kasla,v,verb,imperative passive of kasál,0.202
kaulangan,v,verb,"handicap
synonym: kaninan",0.0
kawing,v,verb,present participle and gerund of kaw,0.0
kinam,v,verb,taste,0.0
kinaw,v,verb,"glisten, shine, sparkle",0.421
kinot,v,verb,nominative plural of kino,0.0
kita,v,verb,we (inclusive),0.0
lag-it,v,verb,"cheat, imposter, sneak, swindler, trickster",-0.599
laham,v,verb,"to touch, feel",0.0
lakon,v,verb,genitive singular of lakko,0.0
lakum,v,verb,"to deceive; to cheat; to swindle
synonym: lakon",-0.844
lala,v,verb,alternative form of ilala.,0.0
lala-lala,v,verb,diminutive of lála,0.0
lansang,v,verb,nail (metal pin),0.0
laplap,v,verb,to drive out; to chase away; to drive,0.0
lapuyot,v,verb,"thick, condensed, coagulated",0.0
laum,v,verb,alternative form of laom,0.0
law-ay,v,verb,vulgar; debased,0.0
layi,v,verb,"adultery
synonym: láè",0.0
likay,v,verb,avoidance of danger by moving suddenly out of the way,-0.727
lima,v,verb,alternative letter-case form of lima of the icao/nato radiotelephony alphabet.,0.0
linaw,v,verb,"clarity, clearness
synonym: liwanag
antonyms: libog, labog",0.402
lipay,v,verb,"(naga) caterpillar
synonym: atitiras",0.0
luab,v,verb,collar,0.0
luhod,v,verb,kneeling,0.0
lulus,v,verb,plural of lulu,0.0
lumilaw,v,verb,doze,0.0
luta,v,verb,first-person singular aorist of lut,0.0
mabalong,v,verb,"to get drunk; to intoxicate
synonym: mahubog",-0.34
magbukal,v,verb,"to seethe, to bubble, to produce foam
synonym: magbula",0.0
magbulig,v,verb,"to aid, to help",0.402
magdamgo,v,verb,to dream,0.25
maghatag sing kinahanglan,v,verb,supply,0.0
mahubog,v,verb,"(sorsogon) to get drunk
synonyms: maburat, mabuyong",-0.34
matay,v,verb,to die,-0.599
multa,v,verb,fine,0.202
ngithil,v,verb,"to whine, whimper",-0.361
paabat,v,verb,causative of ábat,0.0
paabay,v,verb,causative of abáy,0.0
paagaw,v,verb,causative of ágao,0.0
paalam,v,verb,causative of álam,0.0
pahalin,v,verb,causative of hálin,0.0
pahat,v,verb,"a share; a portion of something, especially a portion given or allotted to someone",0.296
pahat-pahat,v,verb,diminutive of páhat,0.0
pamulut,v,verb,frequentative of púlut,0.0
pamuyayaw,v,verb,frequentative of buyáyaw,0.0
pangalikog,v,verb,a probe,0.0
pasahi,v,verb,"extraordinary, exceptional, remarkable",0.598
patalum,v,verb,to sharpen or hone a blade,0.0
pilak,v,verb,silver,0.0
piyansa,v,verb,(law) bail,0.0
pulut,v,verb,nominative plural of pulu,0.0
pungko,v,verb,"to squat; to crouch
synonyms: gak-ang, iskwat, puk-ong, tuk-ong, tungko",0.0
sabak,v,verb,alternative form of sabat,0.0
sablay,v,verb,"hanging of clothes
synonyms: halayhay, balaybay",0.0
sabtanay,v,verb,to answer,0.0
sadsad,v,verb,to dance,0.0
sagup,v,verb,"rescue, save",0.758
sal-on,v,verb,catch,0.0
samad,v,verb,cut,-0.273
samit,v,verb,"(phonetics) consonant
cingiltili samitlər ― voiced consonants
kar samitlər ― voiceless consonants",0.0
sapding,v,verb,"touch, graze, come in contact with",0.0
saylo,v,verb,to overshoot; to go past something; to go too far,0.0
sid-o,v,verb,"hiccup
synonym: sikdo",0.0
sikdo,v,verb,"hiccup
synonym: sid-o",0.0
sugod,v,verb,"sting (of a bee, wasp, etc.)
synonyms: lanit, haldat",0.0
sulud,v,verb,nominative plural of sulg,0.0
tandog,v,verb,"feel, touch",0.0
tanyag,v,verb,"offer, proffer",0.0
tanga,v,verb,"(historical) any of various former asian coins, including: a coin of portuguese india worth one tenth of a rupee; a gold coin of india issued by various muslim rulers; a silver coin of india, also issued by muslim rulers; and a former silver coin of tibet.
1810, richard haklvyt, hakluyt's collection of the early voyages, travels, and discoveries of the english nation- volume 2, page 410:the larines are woorth by just value basaruchies 93 and 3 fourth parts, and 4 larines make a seraphine of siluer, which is 5 tangas of good money, and these also haue serafagion of 6, 7, 8, 10, vntil 16, by the 100, for when the ships depart for the north, to say, for chaul, diu, cambaia, or bassaim, all cary of the same, because it is money more currant then any other.
1841, the literary gazette and journal of the belles lettres, page 136:the first and largest item is, the purchase of a wife, 25 rupees. culinary and other utensils.--bedding, 6 rupees; antimony for the lady's eyes, 3 tangas : an iron boiler, 2 rupees; a wooden bowl and spoons, 3 tangas; ....
1875, report of a mission to yarkund in 1873, under command of sir t[homas] d. forsyth, page 73:the prices range from 120 tangas = rupees 25 to 400 tangas = rupees 80.
1996, jonathan l. lee, the ""ancient supremacy"":, →isbn:three-sevenths, or 300,000 tangas (100,000 kabul rupees) were remitted to the amir as tribute, whilst the remaining sum, 400,000 tangas (rs. 133,333), was retained by the wali for his own expenses.
2003, ahmad hasan dani, vadim mikhaĭlovich masson, history of civilizations of central asia, →isbn:the samarkand tangas were initially 916 carats, and then rose to 960 carats. lower-carat tangas were issued in balkh (875 carats, 916 carats) and in tashkent. nevertheless, even the tangas issued under iskandar khan are referred to in documentary sources as 'pure'.",0.758
tangis,v,verb,plural of tangi,0.0
tangkugo,v,verb,(anatomy) nape,0.0
tao,v,verb,(international standards) iso 639-3 language code for yami.,0.0
tapan,v,verb,alternative form of tupan (“kind of drum”).,0.0
taya,v,verb,"bet; wager
synonyms: pusta, usod",0.0
telepono,v,verb,telephone,0.0
timawa,v,verb,impoverished,0.0
tindak,v,verb,"kick
synonym: sipa",0.0
toktok,v,verb,to knock,0.0
tubig,v,verb,water,0.0
tugot,v,verb,"to allow; to permit
synonym: permitir",0.226
tulak,v,verb,to go,0.0
tulug,v,verb,to sleep,0.0
tuo,v,verb,(international standards) iso 639-3 language code for tucano.,0.0
upod,v,verb,"too, also, as well as
synonyms: pud, usab, sab, sad",-0.25
uswag,v,verb,to progress; to develop; to advance,0.421
utang,v,verb,debt,-0.361
utud,v,verb,something cut off or broken off,-0.637
utud-utud,v,verb,diminutive of utúd: to cut something off,-0.273
uyon,v,verb,"act of agreeing
synonyms: payag, kasundo",0.34
wala,v,verb,alternative spelling of wallah.,0.0
