Word,Part of speech,affixation,meaning,example,English example,source
abaganhan,adjective,,broad-shouldered,,,https://en.wiktionary.org/wiki/abaganhan
abansada,adjective,,exposed to the wind,,,https://en.wiktionary.org/wiki/abansada
abang,adjective,,window (opening for light and air),,,https://en.wiktionary.org/wiki/abang
abayan,adjective,,(anatomy) waist,,,https://en.wiktionary.org/wiki/abayan
abelyana,adjective,,"brown, hazel",,,https://en.wiktionary.org/wiki/abelyana
abierto,adjective,,neuter of abiertu,,,https://en.wiktionary.org/wiki/abierto
ablaw,adjective,,"friendly, sociable",,,https://en.wiktionary.org/wiki/ablaw
abo,adjective,,(international standards) ISO 639-3 language code for Abon.,,,https://en.wiktionary.org/wiki/abo
abo-abo,adjective,,"the color of ash, ashen",,,https://en.wiktionary.org/wiki/abo-abo
abo-abohon,adjective,,"ashen, ash-colored, grey, pale",,,https://en.wiktionary.org/wiki/abo-abohon
abohon,adjective,,the color grey,,,https://en.wiktionary.org/wiki/abohon
abong,adjective,,(anatomy) top of head,,,https://en.wiktionary.org/wiki/abong
aborido,adjective,,"disturbed, uneasy, upset, worried",,,https://en.wiktionary.org/wiki/aborido
aboy,adjective,,"spouse
Synonyms: asawa, abuyan
kang aboy ― my spouse",,,https://en.wiktionary.org/wiki/aboy
absuelto,adjective,,absolved,,,https://en.wiktionary.org/wiki/absuelto
abunda,adjective,,"inflection of abundar:
third-person singular present indicative
second-person singular imperative",,,https://en.wiktionary.org/wiki/abunda
abyerto,adjective,,open; not closed,,,https://en.wiktionary.org/wiki/abyerto
adelantado,adjective,,"(historical) A title bestowed by the king on certain nobles in the 15th-17th centuries, who granted them governorship of a province or charged them with conquering a foreign territory
1838, William H[ickling] Prescott, History of the Reign of Ferdinand and Isabella, the Catholic. […], volume (please specify |volume=I to III), Boston, Mass.: American Stationers’ Company; John B. Russell, →OCLC:The grand master […] communicated it to the principal chiefs on the borders ; among others , to Don Pedro Henriquez , adelantado of Andalusia , Don Juan de Silva , count of Cifuentes , Don Alonso de Aguilar , and the marquis of Cadiz .",,,https://en.wiktionary.org/wiki/adelantado
aga-aga,adjective,,diminutive of ága: every morning,,,https://en.wiktionary.org/wiki/aga-aga
agdayan,adjective,,lazy,,,https://en.wiktionary.org/wiki/agdayan
agi,adjective,,(international standards) ISO 639-3 language code for Agariya.,,,https://en.wiktionary.org/wiki/agi
agi-agi,adjective,,"story
Synonym: istoriya",,,https://en.wiktionary.org/wiki/agi-agi
alabuton,adjective,,"cranky, eccentric",,,https://en.wiktionary.org/wiki/alabuton
alan,adjective,,Alternative form of alaunt.,,,https://en.wiktionary.org/wiki/alan
alang-alang,adjective,,"immature, inappropriate, inconvenient, unsuitable",,,https://en.wiktionary.org/wiki/alang-alang
alasoyon,adjective,,stately,,,https://en.wiktionary.org/wiki/alasoyon
alom,adjective,,"a tree, Melanolepsis multiglandulosa",,,https://en.wiktionary.org/wiki/alom
alunga-og,adjective,,"(of water) flat, insipid, stagnant, stale, vapid",,,https://en.wiktionary.org/wiki/alunga-og
amat,adjective,,definite nominative/accusative plural of amë,,,https://en.wiktionary.org/wiki/amat
amaynon,adjective,,paternal,,,https://en.wiktionary.org/wiki/amaynon
aminhan,adjective,,"north
Synonym: norte",,,https://en.wiktionary.org/wiki/aminhan
amog,adjective,,(obsolete) to run amok,,,https://en.wiktionary.org/wiki/amog
anad,adjective,,"accustomed to; skilled at; expert in
Synonym: antigo
Anad yi kami sa kainda pag buhay.We are already accustomed to this way of life.",,,https://en.wiktionary.org/wiki/anad
ananay,adjective,,"gentle, mild, soft, slow, noiseless, quiet, tranquil, quietly",,,https://en.wiktionary.org/wiki/ananay
andam,adjective,,"prepared; ready
Synonyms: preparado, puwesto, handa",,,https://en.wiktionary.org/wiki/andam
anhing,adjective,,dead; deceased; late,,,https://en.wiktionary.org/wiki/anhing
antipatiko,adjective,,"repugnant, repulsive",,,https://en.wiktionary.org/wiki/antipatiko
antiyado,adjective,,buff (color),,,https://en.wiktionary.org/wiki/antiyado
anyil,adjective,,laundry blue,,,https://en.wiktionary.org/wiki/anyil
anggid,adjective,,similar,,,https://en.wiktionary.org/wiki/anggid
anggid-anggid,adjective,,"diminutive of anggid: nearly alike, similar",,,https://en.wiktionary.org/wiki/anggid-anggid
apa,adjective,,(international standards) ISO 639-2 & ISO 639-5 language code for Southern Athabaskan languages.,,,https://en.wiktionary.org/wiki/apa
apinas,adjective,,"difficult, scarce, trying",,,https://en.wiktionary.org/wiki/apinas
arisgado,adjective,,"daring
Synonym: mapangahas",,,https://en.wiktionary.org/wiki/arisgado
asoy,adjective,,useful,,,https://en.wiktionary.org/wiki/asoy
atatayog,adjective,,useless; up to no good,,,https://en.wiktionary.org/wiki/atatayog
athag,adjective,,"clear, distinct",,,https://en.wiktionary.org/wiki/athag
atrasado sa pagbayad,adjective,,delinquent,,,https://en.wiktionary.org/wiki/atrasado_sa_pagbayad
ba-og,adjective,,"gray, grey",,,https://en.wiktionary.org/wiki/ba-og
baak,adjective,,crevice,,,https://en.wiktionary.org/wiki/baak
baba-an,adjective,,glib; talkative,,,https://en.wiktionary.org/wiki/baba-an
babayen-on,adjective,,effeminate,,,https://en.wiktionary.org/wiki/babayen-on
Bacolodnon,adjective,,resident or inhabitant of Bacolod,,,https://en.wiktionary.org/wiki/Bacolodnon
bag-o,adjective,,new,,,https://en.wiktionary.org/wiki/bag-o
bagnas,adjective,,unripe,,,https://en.wiktionary.org/wiki/bagnas
bahaw,adjective,,"cold (for food once served hot)
Synonym: malipot",,,https://en.wiktionary.org/wiki/bahaw
bahol,adjective,,"odor, smell, stink",,,https://en.wiktionary.org/wiki/bahol
bakyas,adjective,,"(of soil) rocky, stony, barren",,,https://en.wiktionary.org/wiki/bakyas
balaan,adjective,,sacred; holy,,,https://en.wiktionary.org/wiki/balaan
balaanon,adjective,,"(religion) saintly, blessed, holy",,,https://en.wiktionary.org/wiki/balaanon
balanion,adjective,,magnetic,,,https://en.wiktionary.org/wiki/balanion
balason,adjective,,sandy,,,https://en.wiktionary.org/wiki/balason
balasubas,adjective,,one who avoids meeting his obligations,,,https://en.wiktionary.org/wiki/balasubas
balaynon,adjective,,"domestic, homely",,,https://en.wiktionary.org/wiki/balaynon
baldado,adjective,,"crippled, handicapped, maimed",,,https://en.wiktionary.org/wiki/baldado
balhag,adjective,,"printed, published",,,https://en.wiktionary.org/wiki/balhag
bali,adjective,,offering,,,https://en.wiktionary.org/wiki/bali
balong,adjective,,"drunk; intoxicated
Synonym: hubog",,,https://en.wiktionary.org/wiki/balong
balotanog,adjective,,"insufficient, unsatisfactory",,,https://en.wiktionary.org/wiki/balotanog
balung,adjective,,bone,,,https://en.wiktionary.org/wiki/balung
bantog,adjective,,fame,,,https://en.wiktionary.org/wiki/bantog
bangud sa,adjective,,concerning,,,https://en.wiktionary.org/wiki/bangud_sa
baog,adjective,,sterile,,,https://en.wiktionary.org/wiki/baog
barato,adjective,,neuter of baratu,,,https://en.wiktionary.org/wiki/barato
basa,adjective,,"The catfish Pangasius bocourti.
Synonyms: (Britain) cobbler, river cobbler",,,https://en.wiktionary.org/wiki/basa
basa-basa,adjective,,to leaf through; to peruse; to skim,,,https://en.wiktionary.org/wiki/basa-basa
basag,adjective,,characteristic of the sound of a blown speaker,,,https://en.wiktionary.org/wiki/basag
basag-ulo,adjective,,"brainless, stupid, silly",,,https://en.wiktionary.org/wiki/basag-ulo
basta,adjective,,"(obsolete outside Spanish/Portuguese/Italian contexts) (that's) enough; stop!
c. 1590–1592 (date written), William Shakespeare, “The Taming of the Shrew”, in Mr. William Shakespeares Comedies, Histories, & Tragedies […] (First Folio), London:  […]  Isaac Iaggard, and Ed[ward] Blount, published 1623, →OCLC, [Act I, scene i], page 212, column 1:Baſta, content thee: for I haue it full.",,,https://en.wiktionary.org/wiki/basta
bastos,adjective,,plural of basto,,,https://en.wiktionary.org/wiki/bastos
bat-ol,adjective,,"dull, stupid, or obstinate",,,https://en.wiktionary.org/wiki/bat-ol
batan-on,adjective,,young,,,https://en.wiktionary.org/wiki/batan-on
bataon,adjective,,"(Naga, informal) to court
Synonyms: ilusiyonan, pidayan",,,https://en.wiktionary.org/wiki/bataon
batid,adjective,,"(formal) to know
Synonym: aram",,,https://en.wiktionary.org/wiki/batid
batohon,adjective,,"rocky, rugged, stone, stony",,,https://en.wiktionary.org/wiki/batohon
batok sa kasugoan,adjective,,"unconstitutional, unlawful",,,https://en.wiktionary.org/wiki/batok_sa_kasugoan
baug,adjective,,barren,,,https://en.wiktionary.org/wiki/baug
baw-as,adjective,,"(usually said of women) barren, childless",,,https://en.wiktionary.org/wiki/baw-as
baw-ing,adjective,,"(places) deserted, desolate, isolated, far away, lonely, secluded",,,https://en.wiktionary.org/wiki/baw-ing
bawod,adjective,,"(Metro Cebu, Bohol, Leyte) alternative form of balod (“wave”)",,,https://en.wiktionary.org/wiki/bawod
bayud,adjective,,"unsteady, shaky, unstable
Synonyms: bawod, mahuyang",,,https://en.wiktionary.org/wiki/bayud
berde,adjective,,"A stringed instrument (chordophone) of Bosnian origin, a large guitar-shaped instrument that is played upright, using a plectrum.",,,https://en.wiktionary.org/wiki/berde
bilog,adjective,,"round; circular; spherical
Synonyms: lidong, matalimon",,,https://en.wiktionary.org/wiki/bilog
binabaye,adjective,,a rooster with hen feathering,,,https://en.wiktionary.org/wiki/binabaye
binaboy,adjective,,"hoggish, piggish",,,https://en.wiktionary.org/wiki/binaboy
binata,adjective,,"juvenile, immature, puerile, childish",,,https://en.wiktionary.org/wiki/binata
Binisaya,adjective,,Visayan,,,https://en.wiktionary.org/wiki/Binisaya
binulan,adjective,,monthly,,,https://en.wiktionary.org/wiki/binulan
bingaw,adjective,,broken,,,https://en.wiktionary.org/wiki/bingaw
birhin,adjective,,virgin,,,https://en.wiktionary.org/wiki/birhin
Bisaya,adjective,,An indigenous people of Borneo.,,,https://en.wiktionary.org/wiki/Bisaya
bitas,adjective,,to rip; to tear apart,,,https://en.wiktionary.org/wiki/bitas
bitayan,adjective,,gallows; gibbet; scaffold,,,https://en.wiktionary.org/wiki/bitayan
bokhon,adjective,,hairy,,,https://en.wiktionary.org/wiki/bokhon
bug-at,adjective,,"heavy
Antonym: gaan",,,https://en.wiktionary.org/wiki/bug-at
bug-os,adjective,,"complete, whole",,,https://en.wiktionary.org/wiki/bug-os
bugal,adjective,,arrogant,,,https://en.wiktionary.org/wiki/bugal
buggaitan,adjective,,"prominent, famous, outstanding, excelling, excellent, surpassing others in skill, the best of its kind",,,https://en.wiktionary.org/wiki/buggaitan
bugnaw,adjective,,"cold, cool",,,https://en.wiktionary.org/wiki/bugnaw
buhaha,adjective,,"heedless, lavish, prodigal, wasteful",,,https://en.wiktionary.org/wiki/buhaha
buhat,adjective,,"raise; lift; act of picking up something heavy
Synonyms: alsa, tuon",,,https://en.wiktionary.org/wiki/buhat
buhi,adjective,,"to live
Nabuhi si Hesukristo sa Dominggo sa PagkabanhawJesus rose again on Easter Sunday",,,https://en.wiktionary.org/wiki/buhi
bukas,adjective,,plural of buka,,,https://en.wiktionary.org/wiki/bukas
bukidnon,adjective,,rural,,,https://en.wiktionary.org/wiki/bukidnon
bulag,adjective,,to separate; to cause (things or people) to be separate,,,https://en.wiktionary.org/wiki/bulag
bulahan,adjective,,lucky; fortunate; blessed,,,https://en.wiktionary.org/wiki/bulahan
bunayag makig-atubang,adjective,,genial,,,https://en.wiktionary.org/wiki/bunayag_makig-atubang
bunayag sing kabubut-on,adjective,,cordial,,,https://en.wiktionary.org/wiki/bunayag_sing_kabubut-on
bundul,adjective,,"slow, dull, deliberate in action",,,https://en.wiktionary.org/wiki/bundul
bungul,adjective,,stupid,,,https://en.wiktionary.org/wiki/bungul
bus-og,adjective,,"pure, unadulterated,",,,https://en.wiktionary.org/wiki/bus-og
busgon,adjective,,satiated,,,https://en.wiktionary.org/wiki/busgon
busong,adjective,,"pregnant
Synonym: mabdos",,,https://en.wiktionary.org/wiki/busong
busug,adjective,,"satiated, satisfied",,,https://en.wiktionary.org/wiki/busug
busung,adjective,,alternative spelling of busong (“pregnant”),,,https://en.wiktionary.org/wiki/busung
buta,adjective,,Alternative form of boteh.,,,https://en.wiktionary.org/wiki/buta
butad,adjective,,to pull,,,https://en.wiktionary.org/wiki/butad
butok-butok,adjective,,diligent,,,https://en.wiktionary.org/wiki/butok-butok
buung,adjective,,"broken, smashed",,,https://en.wiktionary.org/wiki/buung
daan,adjective,,"(now rare) old (already used)
Synonyms: luma, antigo
Antonym: bago",,,https://en.wiktionary.org/wiki/daan
dagaang,adjective,,"red, scarlet",,,https://en.wiktionary.org/wiki/dagaang
dagangdang,adjective,,"red, scarlet",,,https://en.wiktionary.org/wiki/dagangdang
daginit,adjective,,"(of wind) gentle, soft, mild, tender, warm",,,https://en.wiktionary.org/wiki/daginit
dagway nga makahuhuya,adjective,,shabby,,,https://en.wiktionary.org/wiki/dagway_nga_makahuhuya
daku,adjective,,(anatomy) back,,,https://en.wiktionary.org/wiki/daku
daku kaayo,adjective,,very big,,,https://en.wiktionary.org/wiki/daku_kaayo
daku-daku,adjective,,diminutive of daku,,,https://en.wiktionary.org/wiki/daku-daku
dalag,adjective,,mudfish,,,https://en.wiktionary.org/wiki/dalag
dalagku,adjective,,"big, large",,,https://en.wiktionary.org/wiki/dalagku
dalamhak,adjective,,wayward,,,https://en.wiktionary.org/wiki/dalamhak
dalang-dalang,adjective,,astray,,,https://en.wiktionary.org/wiki/dalang-dalang
dalayawon,adjective,,"great, praiseworthy, laudable",,,https://en.wiktionary.org/wiki/dalayawon
dalisay,adjective,,pure,,,https://en.wiktionary.org/wiki/dalisay
dalitan,adjective,,"poisonous, venomous",,,https://en.wiktionary.org/wiki/dalitan
dalok,adjective,,"greedy, gluttonous",,,https://en.wiktionary.org/wiki/dalok
dalum,adjective,,(of depth) deep,,,https://en.wiktionary.org/wiki/dalum
damak,adjective,,"dirty, slovenly, untidy",,,https://en.wiktionary.org/wiki/damak
dapit,adjective,,"regarding; about
Synonym: manunungod",,,https://en.wiktionary.org/wiki/dapit
dasig,adjective,,"(Austria, Switzerland, possibly dated) confused, intimidated
(The addition of quotations indicative of this usage is being sought:)",,,https://en.wiktionary.org/wiki/dasig
delana,adjective,,woolen,,,https://en.wiktionary.org/wiki/delana
dimaisip,adjective,,"countless, innumerable",,,https://en.wiktionary.org/wiki/dimaisip
dimalas,adjective,,unlucky; unfortunate,,,https://en.wiktionary.org/wiki/dimalas
dimasaysay,adjective,,"inexplicable, mysterious",,,https://en.wiktionary.org/wiki/dimasaysay
dimatarung,adjective,,dishonest,,,https://en.wiktionary.org/wiki/dimatarung
dimatungkad,adjective,,"bottomless, inscrutable, unfathomable",,,https://en.wiktionary.org/wiki/dimatungkad
dingot,adjective,,nominative plural of dingo,,,https://en.wiktionary.org/wiki/dingot
Diosnon,adjective,,devout,,,https://en.wiktionary.org/wiki/Diosnon
diosnon,adjective,,"divine, godly, godlike, pious",,,https://en.wiktionary.org/wiki/diosnon
dipaha,adjective,,made of straw,,,https://en.wiktionary.org/wiki/dipaha
diyotay,adjective,,"little, small
Synonym: gamay",,,https://en.wiktionary.org/wiki/diyotay
diyutay,adjective,,"Deprecated, pre-2014 spelling of diyotay.",,,https://en.wiktionary.org/wiki/diyutay
dorado,adjective,,"A mahi-mahi or dolphinfish (Coryphaena hippurus), fish with a dorsal fin that runs the length of the body, also known for iridescent coloration.",,,https://en.wiktionary.org/wiki/dorado
dugoon,adjective,,"bloody, gory",,,https://en.wiktionary.org/wiki/dugoon
dugus,adjective,,the best part of a thing,,,https://en.wiktionary.org/wiki/dugus
dumaan,adjective,,old,,,https://en.wiktionary.org/wiki/dumaan
dunot,adjective,,decayed; rotten,,,https://en.wiktionary.org/wiki/dunot
dupak,adjective,,"dirty, foul, obscene, smutty",,,https://en.wiktionary.org/wiki/dupak
dutan-on,adjective,,"earthly, worldly",,,https://en.wiktionary.org/wiki/dutan-on
enkantado,adjective,,magical,,,https://en.wiktionary.org/wiki/enkantado
gabuk,adjective,,"rotten, decayed, decomposed",,,https://en.wiktionary.org/wiki/gabuk
gago,adjective,,jerk; bastard,,,https://en.wiktionary.org/wiki/gago
gamay,adjective,,Alternative letter-case form of Gamay.,,,https://en.wiktionary.org/wiki/gamay
gambal,adjective,,bulky,,,https://en.wiktionary.org/wiki/gambal
garot,adjective,,dense,,,https://en.wiktionary.org/wiki/garot
gastado,adjective,,past participle of gastar,,,https://en.wiktionary.org/wiki/gastado
ginsugoran,adjective,,elementary,,,https://en.wiktionary.org/wiki/ginsugoran
gipak,adjective,,broken,,,https://en.wiktionary.org/wiki/gipak
gulang,adjective,,"mature (fruits)
Antonym: linghod",,,https://en.wiktionary.org/wiki/gulang
gutok,adjective,,"(of a container, clothing, etc.) filled to the point tightness",,,https://en.wiktionary.org/wiki/gutok
gutom,adjective,,"hungry; famished
Synonym: punaw
Coordinate term: paha
Gutom na an bisita.The visitor is already hungry.",,,https://en.wiktionary.org/wiki/gutom
habal,adjective,,"to mate; to copulate
Synonyms: iyot, kayat, hilawas, jerjer, torjak",,,https://en.wiktionary.org/wiki/habal
halampangan,adjective,,trifling,,,https://en.wiktionary.org/wiki/halampangan
halandumon,adjective,,desirable,,,https://en.wiktionary.org/wiki/halandumon
halang,adjective,,hot; pungent; spicy,,,https://en.wiktionary.org/wiki/halang
halog,adjective,,ample,,,https://en.wiktionary.org/wiki/halog
handa,adjective,,"prepared
Synonyms: andam, preparado, puwesto",,,https://en.wiktionary.org/wiki/handa
hanlug,adjective,,slippery,,,https://en.wiktionary.org/wiki/hanlug
hanluk,adjective,,alternative spelling of hánlug,,,https://en.wiktionary.org/wiki/hanluk
hangaway,adjective,,"martial, warlike",,,https://en.wiktionary.org/wiki/hangaway
hanginan,adjective,,well-ventilated,,,https://en.wiktionary.org/wiki/hanginan
haway,adjective,,(Wearside) Alternative spelling of howay.,,,https://en.wiktionary.org/wiki/haway
hinali,adjective,,sudden,,,https://en.wiktionary.org/wiki/hinali
hinlo,adjective,,"smooth, level",,,https://en.wiktionary.org/wiki/hinlo
hipos,adjective,,"to clean up; to collect, to gather",,,https://en.wiktionary.org/wiki/hipos
hubog,adjective,,"drunk; inebriated
Synonyms: burat, buyong, nakainom, lango",,,https://en.wiktionary.org/wiki/hubog
hubu,adjective,,accusative singular of huba,,,https://en.wiktionary.org/wiki/hubu
hubug,adjective,,alternative spelling of hubog (“drunk; intoxicated”),,,https://en.wiktionary.org/wiki/hubug
hugot,adjective,,"suicide (usually by a hangman's noose around one's neck)
Synonym: pakagadan",,,https://en.wiktionary.org/wiki/hugot
hugut,adjective,,tight,,,https://en.wiktionary.org/wiki/hugut
ignorante,adjective,,"ignorant
Synonym: mangmang",,,https://en.wiktionary.org/wiki/ignorante
isa,adjective,,(international standards) ISO 639-3 language code for Isabi.,,,https://en.wiktionary.org/wiki/isa
isa pa,adjective,,"likewise, plus",,,https://en.wiktionary.org/wiki/isa_pa
itom,adjective,,black (color/colour),,,https://en.wiktionary.org/wiki/itom
kabanyagaan,adjective,,"mean, malicious, vile, wicked",,,https://en.wiktionary.org/wiki/kabanyagaan
kabangis,adjective,,"fierceness, ferocity",,,https://en.wiktionary.org/wiki/kabangis
kabataon,adjective,,young,,,https://en.wiktionary.org/wiki/kabataon
kadam-an,adjective,,many,,,https://en.wiktionary.org/wiki/kadam-an
kadiotay,adjective,,small,,,https://en.wiktionary.org/wiki/kadiotay
kapid,adjective,,nominative plural of kapp,,,https://en.wiktionary.org/wiki/kapid
katalaka,adjective,,"annoying, bothersome",,,https://en.wiktionary.org/wiki/katalaka
Katsila,adjective,,"Spanish
Synonym: Espanyol",,,https://en.wiktionary.org/wiki/Katsila
laba,adjective,,"length (measurement)
Synonym: lawig
Antonym: lipot",,,https://en.wiktionary.org/wiki/laba
lamokon,adjective,,filled with mosquitoes,,,https://en.wiktionary.org/wiki/lamokon
lanog,adjective,,"weal; bruise, black eye",,,https://en.wiktionary.org/wiki/lanog
lapuyot,adjective,,"thick, condensed, coagulated",,,https://en.wiktionary.org/wiki/lapuyot
law-ay,adjective,,vulgar; debased,,,https://en.wiktionary.org/wiki/law-ay
lipay,adjective,,"(Naga) caterpillar
Synonym: atitiras",,,https://en.wiktionary.org/wiki/lipay
lunangon,adjective,,muddy,,,https://en.wiktionary.org/wiki/lunangon
maagol,adjective,,"lazy, indolent, idle",,,https://en.wiktionary.org/wiki/maagol
maalam,adjective,,"learned, clever, wise",,,https://en.wiktionary.org/wiki/maalam
maalwan,adjective,,generous,,,https://en.wiktionary.org/wiki/maalwan
maambas,adjective,,expensive or wasteful,,,https://en.wiktionary.org/wiki/maambas
maambong,adjective,,nice,,,https://en.wiktionary.org/wiki/maambong
maantod,adjective,,alternative form of maangtod (“burned”),,,https://en.wiktionary.org/wiki/maantod
maanyag,adjective,,"attractive; pretty; good-looking
Synonyms: nindot, tahom",,,https://en.wiktionary.org/wiki/maanyag
maanghit,adjective,,smelling like a goat,,,https://en.wiktionary.org/wiki/maanghit
maaslum,adjective,,sour,,,https://en.wiktionary.org/wiki/maaslum
maayo,adjective,,"good, nice
maayo kaayo ― very good
responsible
skillful, competent
beneficial
satisfying, pleasant
healthful",,,https://en.wiktionary.org/wiki/maayo
maayo-ayo,adjective,,"beautiful, seemly, pretty",,,https://en.wiktionary.org/wiki/maayo-ayo
mabahaw,adjective,,"stale, old",,,https://en.wiktionary.org/wiki/mabahaw
mabangis,adjective,,"ferocious; wild; cruel; mean
Synonyms: maisog, makuri, maringis",,,https://en.wiktionary.org/wiki/mabangis
mabasa,adjective,,"(Naga) to get wet; to get covered or impregnated with any liquid
Synonym: madumog",,,https://en.wiktionary.org/wiki/mabasa
mabaskug,adjective,,"loud
Synonym: magansal",,,https://en.wiktionary.org/wiki/mabaskug
mabinantayon,adjective,,watchful,,,https://en.wiktionary.org/wiki/mabinantayon
mabug-at,adjective,,heavy,,,https://en.wiktionary.org/wiki/mabug-at
mabulakon,adjective,,abounding in flowers,,,https://en.wiktionary.org/wiki/mabulakon
madali,adjective,,"quickly; hurriedly; rushingly
Madali siyang naghali sa trabaho para magduman sa saiyang aki na nasa ospital.S/he quickly left from work to go to the hospital where her child is confined.",,,https://en.wiktionary.org/wiki/madali
madanlog,adjective,,"elusive, or slippery",,,https://en.wiktionary.org/wiki/madanlog
maduyug,adjective,,attracted,,,https://en.wiktionary.org/wiki/maduyug
maganas,adjective,,"tasteless, insipid
Antonym: marabó",,,https://en.wiktionary.org/wiki/maganas
magarot,adjective,,"noisy, boisterous",,,https://en.wiktionary.org/wiki/magarot
mahagup,adjective,,"tame, docile, gentle",,,https://en.wiktionary.org/wiki/mahagup
maidlak,adjective,,glittering or sparkling,,,https://en.wiktionary.org/wiki/maidlak
mainit,adjective,,"hot, sweltering
Antonym: malipot",,,https://en.wiktionary.org/wiki/mainit
mainpolon,adjective,,round,,,https://en.wiktionary.org/wiki/mainpolon
maingol,adjective,,"rare, scarce",,,https://en.wiktionary.org/wiki/maingol
maitum,adjective,,black,,,https://en.wiktionary.org/wiki/maitum
makakululba,adjective,,"intimidating, disconcerting",,,https://en.wiktionary.org/wiki/makakululba
malipayon,adjective,,"happy
Antonym: subo",,,https://en.wiktionary.org/wiki/malipayon
malolot,adjective,,"affectionate, tender",,,https://en.wiktionary.org/wiki/malolot
manipis,adjective,,thin,,,https://en.wiktionary.org/wiki/manipis
mango,adjective,,"A tropical Asian fruit tree, Mangifera indica.
1980, Bruce Chatwin, The Viceroy of Ouidah, page 146:On the hot days, he would lie in the shade of a mango and let little Eugenia clamber over his belly and tug at his beard.",,,https://en.wiktionary.org/wiki/mango
mapait,adjective,,bitter,,,https://en.wiktionary.org/wiki/mapait
mapiguson,adjective,,harsh,,,https://en.wiktionary.org/wiki/mapiguson
mapinatopatoon,adjective,,"creative, imaginative, inventive",,,https://en.wiktionary.org/wiki/mapinatopatoon
mapinatuboon,adjective,,"(of soil) good, fertile, productive",,,https://en.wiktionary.org/wiki/mapinatuboon
marabo,adjective,,"tasty, savoury
Antonym: maganás",,,https://en.wiktionary.org/wiki/marabo
maramig,adjective,,cold,,,https://en.wiktionary.org/wiki/maramig
mataas,adjective,,"high, tall",,,https://en.wiktionary.org/wiki/mataas
matahum,adjective,,"beautiful, seemly, pretty",,,https://en.wiktionary.org/wiki/matahum
matalaw,adjective,,"cowardly
Synonyms: matalsot, kobarde",,,https://en.wiktionary.org/wiki/matalaw
matam-is,adjective,,sweet,,,https://en.wiktionary.org/wiki/matam-is
matataas,adjective,,"high, exalted
Synonym: matáas",,,https://en.wiktionary.org/wiki/matataas
mauswagon,adjective,,"progressive; advanced
usa ka mauswagong lungsoda progressive town",,,https://en.wiktionary.org/wiki/mauswagon
Negrense,adjective,,A native or inhabitant of the Philippine island of Negros,,,https://en.wiktionary.org/wiki/Negrense
Passinhon,adjective,,resident or inhabitant of Passi,,,https://en.wiktionary.org/wiki/Passinhon
patay,adjective,,to kill,,,https://en.wiktionary.org/wiki/patay
pigaw,adjective,,"frail, weak",,,https://en.wiktionary.org/wiki/pigaw
pobre,adjective,,"poor; impoverished
Synonym: mahidap
Antonym: mayaman
Pobre sana kami.We're just poor",,,https://en.wiktionary.org/wiki/pobre
Pototanon,adjective,,resident or inhabitant of Pototan,,,https://en.wiktionary.org/wiki/Pototanon
pulut,adjective,,nominative plural of pulu,,,https://en.wiktionary.org/wiki/pulut
rami,adjective,,plural of ramus,,,https://en.wiktionary.org/wiki/rami
ramig,adjective,,cold,,,https://en.wiktionary.org/wiki/ramig
sagahay,adjective,,overflowing,,,https://en.wiktionary.org/wiki/sagahay
Sagaynon,adjective,,resident or inhabitant of Sagay,,,https://en.wiktionary.org/wiki/Sagaynon
sagupra,adjective,,rough,,,https://en.wiktionary.org/wiki/sagupra
salamwanan,adjective,,choosy,,,https://en.wiktionary.org/wiki/salamwanan
samad,adjective,,cut,,,https://en.wiktionary.org/wiki/samad
saramaylo,adjective,,confused,,,https://en.wiktionary.org/wiki/saramaylo
sidlangan,adjective,,"east
Synonym: mulud-an",,,https://en.wiktionary.org/wiki/sidlangan
sip-onon,adjective,,sniveler; sniffler,,,https://en.wiktionary.org/wiki/sip-onon
sulud,adjective,,nominative plural of sulg,,,https://en.wiktionary.org/wiki/sulud
tahum,adjective,,"beauty, prettiness, attractiveness",,,https://en.wiktionary.org/wiki/tahum
tanan,adjective,,"everyone, everything, everybody",,,https://en.wiktionary.org/wiki/tanan
tanang,adjective,,"overripe, rotten",,,https://en.wiktionary.org/wiki/tanang
tanhaga,adjective,,"extraordinary, marvelous, wonderful",,,https://en.wiktionary.org/wiki/tanhaga
tarasak,adjective,,thoughtless; careless,,,https://en.wiktionary.org/wiki/tarasak
tayoyon,adjective,,"continuous, steady, without pause",,,https://en.wiktionary.org/wiki/tayoyon
tayuyon,adjective,,alternative spelling of tayóyon,,,https://en.wiktionary.org/wiki/tayuyon
tibunog,adjective,,"fat, plump, stout",,,https://en.wiktionary.org/wiki/tibunog
tiilan,adjective,,the lower part of,,,https://en.wiktionary.org/wiki/tiilan
tilinguhaon,adjective,,worthwhile,,,https://en.wiktionary.org/wiki/tilinguhaon
timbolog,adjective,,"round, spherical",,,https://en.wiktionary.org/wiki/timbolog
tipolon,adjective,,accusative singular of tipolo,,,https://en.wiktionary.org/wiki/tipolon
too,adjective,,(international standards) ISO 639-3 language code for Xicotepec de Juárez Totonac.,,,https://en.wiktionary.org/wiki/too
torpe,adjective,,"dull, silly, slow
Synonyms: charro, parvo, paspán",,,https://en.wiktionary.org/wiki/torpe
tuig-tuig,adjective,,"yearly, annual: happening once a year",,,https://en.wiktionary.org/wiki/tuig-tuig
tuô,adjective,,right (as in a direction),,,https://en.wiktionary.org/wiki/tu%C3%B4
utud,adjective,,something cut off or broken off,,,https://en.wiktionary.org/wiki/utud
waay,adjective,,without,,,https://en.wiktionary.org/wiki/waay
wala,adjective,,Alternative spelling of wallah.,,,https://en.wiktionary.org/wiki/wala
abi,adjective,,(international standards) ISO 639-3 language code for Abidji.,,,https://en.wiktionary.org/wiki/abi
amat-amat,adjective,,"gradually; slowly
Synonym: malway-malway",,,https://en.wiktionary.org/wiki/amat-amat
asunto,adjective,,"home, residence; unit, housing unit, dwelling unit; dwelling, domicile, habitation (any place for living, especially one constructed for that purpose)
Synonym: asumus
Near-synonym: koti",,,https://en.wiktionary.org/wiki/asunto
basi,adjective,,stale,,,https://en.wiktionary.org/wiki/basi
bisan,adjective,,"although; though; even though; even if
Synonym: maskin",,,https://en.wiktionary.org/wiki/bisan
buas,adjective,,tomorrow,,,https://en.wiktionary.org/wiki/buas
busa,adjective,,"consequently; hence; as a result; therefore, for this reason; ergo",,,https://en.wiktionary.org/wiki/busa
daan,adjective,,"(now rare) old (already used)
Synonyms: luma, antigo
Antonym: bago",,,https://en.wiktionary.org/wiki/daan
dali,adjective,,"A timber tree (genus Myristica) of Guiana, whose wood is used for staves etc.",,,https://en.wiktionary.org/wiki/dali
diin,adjective,,"your (singular)
1903, Robert Walser, Der Teich:Aber chani de wüsse, was i dim Härz isch?But can I really know what's in your heart?",,,https://en.wiktionary.org/wiki/diin
dira,adjective,,"The Arabian cubit, whose value varied by place, time, and item from about 25–75 cm (10 in–2 ft 5½ in).
1888, W.M.F. Petrie, Encyclopaedia Britannica, 9th ed., Vol. XXIV, ""Weights and Measures"", p. 490:
13·3—This measure does not seem to belong to very early times, and it may probably have originated in Asia Minor... And it may well be the origin of the dirá‘ Stambuli of 26·6, twice 13·3.",,,https://en.wiktionary.org/wiki/dira
dungan,adjective,,"simultaneous; coinciding
Synonym: sabay-sabay",,,https://en.wiktionary.org/wiki/dungan
gihapon,adjective,,"always, as, always, usually",,,https://en.wiktionary.org/wiki/gihapon
gilayon,adjective,,"again
Synonym: liwat",,,https://en.wiktionary.org/wiki/gilayon
indi,adjective,,"now
Nə vaxt gedək yanına? İndi yoxsa sonra?When shall we go visit him/her? Now or later?",,,https://en.wiktionary.org/wiki/indi
karon,adjective,,"now
Antonym: unya",,,https://en.wiktionary.org/wiki/karon
ngaa,adjective,,cloud,,,https://en.wiktionary.org/wiki/ngaa
subong,adjective,,now,,,https://en.wiktionary.org/wiki/subong
sulud,adjective,,nominative plural of sulg,,,https://en.wiktionary.org/wiki/sulud
upod,adjective,,"too, also, as well as
Synonyms: pud, usab, sab, sad",,,https://en.wiktionary.org/wiki/upod
apang,adjective,,but,,,https://en.wiktionary.org/wiki/apang
bisan,adjective,,"although; though; even though; even if
Synonym: maskin",,,https://en.wiktionary.org/wiki/bisan
buot,adjective,,to rub,,,https://en.wiktionary.org/wiki/buot
kag,adjective,,(international standards) ISO 639-3 language code for Kajaman.,,,https://en.wiktionary.org/wiki/kag
iya,determiner,,(international standards) ISO 639-3 language code for Iyayu.,,,https://en.wiktionary.org/wiki/iya
a-a,determiner,,"Alternative form of aa.
1883, Clarence E. Dutton, Fourth Annual report of the United States Geological Survey:
The second form of the lavas is called by the natives a-a, and its contrast with pahoehoe is about the greatest imaginable. It consists mainly of clinkers sometimes detached, sometimes partially agglutinated together with a bristling array of sharp, jagged, angular fragments.",,,https://en.wiktionary.org/wiki/a-a
aba,determiner,,(international standards) ISO 639-3 language code for Abé.,,,https://en.wiktionary.org/wiki/aba
aba-a,determiner,,oh,,,https://en.wiktionary.org/wiki/aba-a
abaa,determiner,,"(archaic, British slang) Contemptible; vile; silly.",,,https://en.wiktionary.org/wiki/abaa
abao,determiner,,"(Biscayan) honeycomb
Synonym: abaraska",,,https://en.wiktionary.org/wiki/abao
abo,determiner,,(international standards) ISO 639-3 language code for Abon.,,,https://en.wiktionary.org/wiki/abo
adios,determiner,,"(in Spanish contexts) goodbye
Synonyms: addio, adieu, aloha, arrivederci, auf Wiedersehen, au revoir, bye, bye-bye, cheerio, cheers, ciao, farewell, good-by, good-bye, goodbye, good day, sayonara, shalom, ayubowan, so long, do svidanya",,,https://en.wiktionary.org/wiki/adios
ahay,determiner,,"an expression of anger, annoyance, disbelief, and/or displeasure, sometimes equivalent to the English come on and oh man",,,https://en.wiktionary.org/wiki/ahay
hinugay,determiner,,stop,,,https://en.wiktionary.org/wiki/hinugay
indi,determiner,,"now
Nə vaxt gedək yanına? İndi yoxsa sonra?When shall we go visit him/her? Now or later?",,,https://en.wiktionary.org/wiki/indi
itot,determiner,,to have sexual intercourse with someone,,,https://en.wiktionary.org/wiki/itot
maayong aga,determiner,,good morning!,,,https://en.wiktionary.org/wiki/maayong_aga
maayong hapon,determiner,,good afternoon! (from 1PM to 5:59PM),,,https://en.wiktionary.org/wiki/maayong_hapon
paalam,determiner,,causative of álam,,,https://en.wiktionary.org/wiki/paalam
salamat gid,determiner,,thank you very much!,,,https://en.wiktionary.org/wiki/salamat_gid
uy,determiner,,expression of surprise,,,https://en.wiktionary.org/wiki/uy
yawa,determiner,,"(theology) devil
Synonym: diyablo",,,https://en.wiktionary.org/wiki/yawa
alaypan hayop,phrase,,zoo,,,https://en.wiktionary.org/wiki/alaypan_hayop
Amay Namon,phrase,,(Christianity) Lord's Prayer,,,https://en.wiktionary.org/wiki/Amay_Namon
amba sang pispis,phrase,,warbler,,,https://en.wiktionary.org/wiki/amba_sang_pispis
anak nga babae,phrase,,daughter,,,https://en.wiktionary.org/wiki/anak_nga_babae
apo nga babae,phrase,,granddaughter,,,https://en.wiktionary.org/wiki/apo_nga_babae
apo nga lalaki,phrase,,grandson,,,https://en.wiktionary.org/wiki/apo_nga_lalaki
asawa sang hari,phrase,,queen,,,https://en.wiktionary.org/wiki/asawa_sang_hari
asugi nga buhi,phrase,,quicksilver,,,https://en.wiktionary.org/wiki/asugi_nga_buhi
atrasado sa pagbayad,phrase,,delinquent,,,https://en.wiktionary.org/wiki/atrasado_sa_pagbayad
Bag-ong Tuig,phrase,,New Year's Day,,,https://en.wiktionary.org/wiki/Bag-ong_Tuig
balahibo sang hayop,phrase,,"fur, sable",,,https://en.wiktionary.org/wiki/balahibo_sang_hayop
balayan sang sinulatan ukon dinalan,phrase,,syntax,,,https://en.wiktionary.org/wiki/balayan_sang_sinulatan_ukon_dinalan
banas sa higad sang suba,phrase,,"riverside
Nagaistar ako banas sa higad sang suba.I live by the riverside.",,,https://en.wiktionary.org/wiki/banas_sa_higad_sang_suba
bangud sa,phrase,,concerning,,,https://en.wiktionary.org/wiki/bangud_sa
baston ni San Hose,phrase,,hollyhock,,,https://en.wiktionary.org/wiki/baston_ni_San_Hose
batok sa kasugoan,phrase,,"unconstitutional, unlawful",,,https://en.wiktionary.org/wiki/batok_sa_kasugoan
bawod sang mga tudlo,phrase,,"wave (literally, bent fingers)",,,https://en.wiktionary.org/wiki/bawod_sang_mga_tudlo
belada sa eskwelahan,phrase,,commencement,,,https://en.wiktionary.org/wiki/belada_sa_eskwelahan
bisan diin,phrase,,"everywhere, somewhere, wherever",,,https://en.wiktionary.org/wiki/bisan_diin
bisan sin-o,phrase,,"anybody, whoever",,,https://en.wiktionary.org/wiki/bisan_sin-o
bunayag makig-atubang,phrase,,genial,,,https://en.wiktionary.org/wiki/bunayag_makig-atubang
bunayag sing kabubut-on,phrase,,cordial,,,https://en.wiktionary.org/wiki/bunayag_sing_kabubut-on
dagway nga makahuhuya,phrase,,shabby,,,https://en.wiktionary.org/wiki/dagway_nga_makahuhuya
daku kaayo,phrase,,very big,,,https://en.wiktionary.org/wiki/daku_kaayo
de la Cruz,phrase,,a common surname from Spanish of religious origin,,,https://en.wiktionary.org/wiki/de_la_Cruz
de la Torre,phrase,,"a surname from Spanish, equivalent to Spanish de la Torre, more widely spelled as dela Torre. Generally concentrated in Negros Occidental",,,https://en.wiktionary.org/wiki/de_la_Torre
de los Reyes,phrase,,"a surname from Spanish of religious origin, largely displaced by the spelling delos Reyes",,,https://en.wiktionary.org/wiki/de_los_Reyes
dela Cruz,phrase,,a common Christian surname from Spanish,,,https://en.wiktionary.org/wiki/dela_Cruz
dela Torre,phrase,,a surname from Spanish,,,https://en.wiktionary.org/wiki/dela_Torre
dunang manggad,phrase,,natural resources,,,https://en.wiktionary.org/wiki/dunang_manggad
dutang panublion,phrase,,patrimony,,,https://en.wiktionary.org/wiki/dutang_panublion
Espiritu Santo,phrase,,The largest island of Vanuatu.,,,https://en.wiktionary.org/wiki/Espiritu_Santo
isa pa,phrase,,"likewise, plus",,,https://en.wiktionary.org/wiki/isa_pa
maayong aga,phrase,,good morning!,,,https://en.wiktionary.org/wiki/maayong_aga
maayong gab-i,phrase,,good evening; good night,,,https://en.wiktionary.org/wiki/maayong_gab-i
maayong hapon,phrase,,good afternoon! (from 1PM to 5:59PM),,,https://en.wiktionary.org/wiki/maayong_hapon
maghatag sing kinahanglan,phrase,,supply,,,https://en.wiktionary.org/wiki/maghatag_sing_kinahanglan
napulo'g anum,phrase,,sixteen,,,https://en.wiktionary.org/wiki/napulo%27g_anum
napulo'g apat,phrase,,fourteen,,,https://en.wiktionary.org/wiki/napulo%27g_apat
napulo'g duha,phrase,,"Deprecated, pre-2014 spelling of napulog duha.",,,https://en.wiktionary.org/wiki/napulo%27g_duha
napulo'g isa,phrase,,eleven,,,https://en.wiktionary.org/wiki/napulo%27g_isa
napulo'g lima,phrase,,"Deprecated, pre-2014 spelling of napulog lima.",,,https://en.wiktionary.org/wiki/napulo%27g_lima
napulo'g pito,phrase,,"Deprecated, pre-2014 spelling of napulog pito.",,,https://en.wiktionary.org/wiki/napulo%27g_pito
napulo'g siyam,phrase,,"Deprecated, pre-2014 spelling of napulog siyam.",,,https://en.wiktionary.org/wiki/napulo%27g_siyam
napulo'g tatlo,phrase,,thirteen,,,https://en.wiktionary.org/wiki/napulo%27g_tatlo
napulo'g walo,phrase,,"Deprecated, pre-2014 spelling of napulog walo.",,,https://en.wiktionary.org/wiki/napulo%27g_walo
palangga ta ka,phrase,,"I love you
Synonym: ginahigugma ko ikaw",,,https://en.wiktionary.org/wiki/palangga_ta_ka
salamat gid,phrase,,thank you very much!,,,https://en.wiktionary.org/wiki/salamat_gid
Sofronio Española,phrase,,"A municipality of Palawan, Philippines.
Meronyms: Abo-abo, Iraray, Isumbo, Labog, Panitian, Pulot Center, Pulot Interior, Pulot Shore, Punang — barangays of Sofronio Española
Coordinate terms: Aborlan, Agutaya, Araceli, Balabac, Bataraza, Brooke's Point, Busuanga, Cagayancillo, Coron, Culion, Cuyo, Dumaran, El Nido, Kalayaan, Linapacan, Magsaysay, Narra, Quezon, Rizal, Roxas, San Vicente, Sofronio Española, Taytay — cities and municipalities of Palawan",,,https://en.wiktionary.org/wiki/Sofronio_Espa%C3%B1ola
tudlo sang dalaga,phrase,,a type of banana,,,https://en.wiktionary.org/wiki/tudlo_sang_dalaga
aba,noun,,(international standards) ISO 639-3 language code for Abé.,,,https://en.wiktionary.org/wiki/aba
abad,noun,,"well-furnished, well-equipped, well-organized, comfortable",,,https://en.wiktionary.org/wiki/abad
abadesa,noun,,abbess,,,https://en.wiktionary.org/wiki/abadesa
abadia,noun,,"abbey
Synonym: abade-etxe",,,https://en.wiktionary.org/wiki/abadia
abaga,noun,,(anatomy) shoulder,,,https://en.wiktionary.org/wiki/abaga
abaka,noun,,Alternative spelling of abaca.,,,https://en.wiktionary.org/wiki/abaka
abakahan,noun,,someone or something abundant in abaca plants,,,https://en.wiktionary.org/wiki/abakahan
abakan,noun,,a small fish of a reddish color,,,https://en.wiktionary.org/wiki/abakan
abaniko,noun,,"hand fan
Synonyms: kayab, kabkab, pamaypay, yapyap",,,https://en.wiktionary.org/wiki/abaniko
abano,noun,,a Havana cigar,,,https://en.wiktionary.org/wiki/abano
abas,noun,,A cutaneous disease; the scald-head. porrigo,,,https://en.wiktionary.org/wiki/abas
abelyana,noun,,"brown, hazel",,,https://en.wiktionary.org/wiki/abelyana
abi-abi,noun,,greeting; salutation,,,https://en.wiktionary.org/wiki/abi-abi
abian,noun,,"underway, running",,,https://en.wiktionary.org/wiki/abian
abilay,noun,,beef jerky,,,https://en.wiktionary.org/wiki/abilay
abilidad,noun,,ability; capability,,,https://en.wiktionary.org/wiki/abilidad
abiogan,noun,,archaic spelling of abyogan,,,https://en.wiktionary.org/wiki/abiogan
abir,noun,,"(India) An aromatic red powder that is used during the Holi festival.[1]
Synonym: gulal",,,https://en.wiktionary.org/wiki/abir
abiso,noun,,"advisory; announcement; notice; warning
Synonym: pahibalo",,,https://en.wiktionary.org/wiki/abiso
ablang,noun,,"breadth, width",,,https://en.wiktionary.org/wiki/ablang
ablaw,noun,,"friendly, sociable",,,https://en.wiktionary.org/wiki/ablaw
ablay,noun,,shawl,,,https://en.wiktionary.org/wiki/ablay
abo,noun,,(international standards) ISO 639-3 language code for Abon.,,,https://en.wiktionary.org/wiki/abo
abogado,noun,,Counsel; advisor; councilor; barrister.,,,https://en.wiktionary.org/wiki/abogado
abohan,noun,,a dirty kitchen,,,https://en.wiktionary.org/wiki/abohan
abokado,noun,,avocado,,,https://en.wiktionary.org/wiki/abokado
abono,noun,,second-person singular imperative of abonoj,,,https://en.wiktionary.org/wiki/abono
abongho,noun,,"anger, exasperation",,,https://en.wiktionary.org/wiki/abongho
aborto,noun,,"abortion, miscarriage",,,https://en.wiktionary.org/wiki/aborto
aboy-aboy,noun,,diminutive of abóy,,,https://en.wiktionary.org/wiki/aboy-aboy
abrigana,noun,,apéritif,,,https://en.wiktionary.org/wiki/abrigana
abrigo,noun,,"(Southern) overcoat
Synonym: beroki",,,https://en.wiktionary.org/wiki/abrigo
abrilatas,noun,,can opener,,,https://en.wiktionary.org/wiki/abrilatas
absolusyon,noun,,(law) acquittal,,,https://en.wiktionary.org/wiki/absolusyon
absurdo,noun,,"absurd
Synonym: zentzugabe",,,https://en.wiktionary.org/wiki/absurdo
abtik,noun,,a quick movement of feet or hands; a flourish (dramatic gesture),,,https://en.wiktionary.org/wiki/abtik
abu,noun,,(international standards) ISO 639-3 language code for Abure.,,,https://en.wiktionary.org/wiki/abu
abud,noun,,"(rare) budding
1923, Julie M. Lippmann, Dreamland:[…]  he began to whistle merrily, and in an instant the whole world about him was bright of hue and joyous again, and looking, he saw, to his amazement, that the bare branches were abud.",,,https://en.wiktionary.org/wiki/abud
abuela,noun,,"A Hispanic grandmother.
2022 February 17, Diane Scholfield, “Letters to the Editor: Is ‘gringo’ offensive? That’s up to the person being called one”, in Los Angeles Times‎[1], Los Angeles, Calif.: Los Angeles Times Communications, →ISSN, →OCLC, archived from the original on 17 February 2022:I, an abuela-aged woman of Northern European ancestry, have lived within 50 miles of the Mexican border most of my life. Mexican culture is part of my life as much as any of my DNA cultures, if not more, and I love it all.
2022 June 22, Mia Moretti, as told to Margaret Rhodes, “Mia Moretti’s Weekend of Wine and Baja Clams in Valle de Guadalupe”, in The Strategist‎[2], New York, N.Y.: New York Media, →ISSN, →OCLC, archived from the original on 22 June 2022:8 a.m. Wake up early for breakfast at an abuela’s house
2022 July 14, Mike Gonzalez, “Democrats are in denial about why they are losing Hispanic voters”, in New York Post‎[3], New York, N.Y.: News Corp, →ISSN, →OCLC, archived from the original on 14 July 2022:[L]ook no further than this week’s surreal exchange between Sen. Josh Hawley and a Berkeley law professor insisting that men can and do get pregnant. Yes, that happened, in a Senate hearing. You say that to an abuela, and the most likely response will be “que?” followed by a quick “adios!”
2024 April 3, Frank Rojas, “‘Carefluencers’ Are Helping Older Loved Ones, and Posting About It”, in The New York Times‎[4], New York, N.Y.: The New York Times Company, →ISSN, →OCLC, archived from the original on 3 April 2024:On the east side of San Jose, Calif., there is an abuela who seems to have more grandchildren than she can count.",,,https://en.wiktionary.org/wiki/abuela
abuelo,noun,,"(Zamboangueño) grandfather
Synonyms: (Caviteño) lolo, (Ternateño) agüelo",,,https://en.wiktionary.org/wiki/abuelo
abusar,noun,,"(intransitive, abusar de) to abuse (use improperly)",,,https://en.wiktionary.org/wiki/abusar
abuso,noun,,abuse,,,https://en.wiktionary.org/wiki/abuso
abyan,noun,,"companion
Synonym: kauban",,,https://en.wiktionary.org/wiki/abyan
abyasion,noun,,aviation,,,https://en.wiktionary.org/wiki/abyasion
abyogan,noun,,swing (hanging seat),,,https://en.wiktionary.org/wiki/abyogan
ad-adan,noun,,"slicer, a frame knife",,,https://en.wiktionary.org/wiki/ad-adan
ada,noun,,(international standards) ISO 639-2 & ISO 639-3 language code for Adangme.,,,https://en.wiktionary.org/wiki/ada
adelpa,noun,,Nerium oleander; the only species in the genus Nerium; an evergreen shrub or small tree in the dogbane family Apocynaceae,,,https://en.wiktionary.org/wiki/adelpa
adgaw,noun,,"a small hairy tree, Premna odorata",,,https://en.wiktionary.org/wiki/adgaw
adikdik,noun,,dandruff,,,https://en.wiktionary.org/wiki/adikdik
adiong,noun,,a large ship or ark,,,https://en.wiktionary.org/wiki/adiong
adlaw,noun,,sun,,,https://en.wiktionary.org/wiki/adlaw
adlawon,noun,,full daylight after sunrise is over,,,https://en.wiktionary.org/wiki/adlawon
administrasyon,noun,,"administration, management",,,https://en.wiktionary.org/wiki/administrasyon
adobi,noun,,"inflection of adobar:
first/third-person singular present subjunctive
third-person singular imperative",,,https://en.wiktionary.org/wiki/adobi
adorasyon,noun,,worship,,,https://en.wiktionary.org/wiki/adorasyon
adorno,noun,,"A clay ornament attached to a piece of pottery, usually at the rim.
1999, Clarence Bloomfield Moore, Jeffrey M. Mitchem, The West and Central Florida Expeditions of Clarence Bloomfield Moore, page 25:Willey (1949:324) suggested that this mound probably dates to late Weeden Island times, though the bird head rim adorno (Luer 1992a:54, Figure Id; Moore 1903:Figure 63) might indicate a Safety Harbor component.",,,https://en.wiktionary.org/wiki/adorno
adtang,noun,,the forehead,,,https://en.wiktionary.org/wiki/adtang
aduana,noun,,"inflection of aduanar:
third-person singular present indicative
second-person singular imperative",,,https://en.wiktionary.org/wiki/aduana
adudulay,noun,,a large earthworm,,,https://en.wiktionary.org/wiki/adudulay
aga,noun,,(international standards) ISO 639-3 language code for Aguano.,,,https://en.wiktionary.org/wiki/aga
agalon,noun,,(dated) a person who oversees and directs the work of others; a boss; a supervisor; a manager,,,https://en.wiktionary.org/wiki/agalon
aghon,noun,,H-system spelling of aĝon,,,https://en.wiktionary.org/wiki/aghon
agi,noun,,(international standards) ISO 639-3 language code for Agariya.,,,https://en.wiktionary.org/wiki/agi
agigising,noun,,"(anatomy) temple
the fine hairs on the temple
Synonyms: dungandungan, tampihak",,,https://en.wiktionary.org/wiki/agigising
agila,noun,,eagle,,,https://en.wiktionary.org/wiki/agila
aginaldo,noun,,Christmas present,,,https://en.wiktionary.org/wiki/aginaldo
agogoling,noun,,bumblebee,,,https://en.wiktionary.org/wiki/agogoling
agtang,noun,,the forehead; the part of the face above the eyebrows and below the hairline,,,https://en.wiktionary.org/wiki/agtang
agwa,noun,,"water (only used in set expressions)
Synonym: tubig",,,https://en.wiktionary.org/wiki/agwa
agwatato,noun,,pimp,,,https://en.wiktionary.org/wiki/agwatato
ahedres,noun,,"(dated) chess
Synonym: tses",,,https://en.wiktionary.org/wiki/ahedres
ahensya,noun,,alternative form of ahensiya,,,https://en.wiktionary.org/wiki/ahensya
ahiti,noun,,leek,,,https://en.wiktionary.org/wiki/ahiti
ahos,noun,,"garlic (Allium sativum); a plant related to the onion, having a pungent bulb much used in cooking
Synonym: lasuna",,,https://en.wiktionary.org/wiki/ahos
aihada,noun,,goddaughter,,,https://en.wiktionary.org/wiki/aihada
aihado,noun,,godson,,,https://en.wiktionary.org/wiki/aihado
akasya,noun,,acacia tree,,,https://en.wiktionary.org/wiki/akasya
ala-asawa,noun,,"concubine, mistress",,,https://en.wiktionary.org/wiki/ala-asawa
alabri,noun,,"a key, anything used for the purposes of opening something that is closed",,,https://en.wiktionary.org/wiki/alabri
alagad,noun,,"but; however; yet
Synonyms: pero, ugaring",,,https://en.wiktionary.org/wiki/alagad
alagaran,noun,,third-person plural pluperfect indicative of alagar,,,https://en.wiktionary.org/wiki/alagaran
alam,noun,,"inferior, something or someone that is of a lower standing",,,https://en.wiktionary.org/wiki/alam
alanyon,noun,,crop,,,https://en.wiktionary.org/wiki/alanyon
alang-ang,noun,,trivial cold; slight fever,,,https://en.wiktionary.org/wiki/alang-ang
alasohan,noun,,chimney,,,https://en.wiktionary.org/wiki/alasohan
alat,noun,,nonstandard form of halat,,,https://en.wiktionary.org/wiki/alat
alaypan,noun,,"asylum, nursery",,,https://en.wiktionary.org/wiki/alaypan
alaypan hayop,noun,,zoo,,,https://en.wiktionary.org/wiki/alaypan_hayop
algodon,noun,,"cotton
Synonym: gapas",,,https://en.wiktionary.org/wiki/algodon
alhebra,noun,,algebra,,,https://en.wiktionary.org/wiki/alhebra
alibakaw,noun,,betel nut,,,https://en.wiktionary.org/wiki/alibakaw
alibangbang,noun,,"(Naga) dragonfly
Synonym: atibagros",,,https://en.wiktionary.org/wiki/alibangbang
aligi,noun,,crab fat,,,https://en.wiktionary.org/wiki/aligi
alimokon,noun,,pigeon,,,https://en.wiktionary.org/wiki/alimokon
alimosan,noun,,mudskipper,,,https://en.wiktionary.org/wiki/alimosan
alimpulos,noun,,a whirlwind; a tornado; a dust devil; a waterspout,,,https://en.wiktionary.org/wiki/alimpulos
aliwatan,noun,,wrist,,,https://en.wiktionary.org/wiki/aliwatan
alkansiya,noun,,piggy bank,,,https://en.wiktionary.org/wiki/alkansiya
alkitran,noun,,pitch,,,https://en.wiktionary.org/wiki/alkitran
almanaki,noun,,"almanac, calendar",,,https://en.wiktionary.org/wiki/almanaki
almidon,noun,,starch,,,https://en.wiktionary.org/wiki/almidon
almohada,noun,,"cushion, pillow",,,https://en.wiktionary.org/wiki/almohada
almohadon,noun,,a large cushion or pillow,,,https://en.wiktionary.org/wiki/almohadon
almon,noun,,nowhere,,,https://en.wiktionary.org/wiki/almon
almoranas,noun,,(pathology) hemorrhoid,,,https://en.wiktionary.org/wiki/almoranas
alom,noun,,"a tree, Melanolepsis multiglandulosa",,,https://en.wiktionary.org/wiki/alom
aloy,noun,,termite,,,https://en.wiktionary.org/wiki/aloy
alpombra,noun,,"carpet
Synonym: karpet",,,https://en.wiktionary.org/wiki/alpombra
alugbati,noun,,the Malabar spinach (Basella alba),,,https://en.wiktionary.org/wiki/alugbati
aluntaga,noun,,the rung or step of a ladder,,,https://en.wiktionary.org/wiki/aluntaga
amapola,noun,,a poppy; any plant of the genus Papaver,,,https://en.wiktionary.org/wiki/amapola
amay,noun,,"(transitive and intransitive, obsolete) to dismay; confound; be dismayed",,,https://en.wiktionary.org/wiki/amay
amba sang pispis,noun,,warbler,,,https://en.wiktionary.org/wiki/amba_sang_pispis
ambahan,noun,,"chanted verse, characterized by the use of seven-foot lines; by conspicuous lack of loanwords (from Spanish, Tagalog, or Hiligaynon); by many archaic Hanunoo terms; and by being sung always without instrumental accompaniment",,,https://en.wiktionary.org/wiki/ambahan
ambulansya,noun,,ambulance,,,https://en.wiktionary.org/wiki/ambulansya
ami,noun,,(international standards) ISO 639-3 language code for Amis.,,,https://en.wiktionary.org/wiki/ami
amidol,noun,,"The hydrochloride of the amino-phenol 2,4-diaminophenol, used as a photographic developer.",,,https://en.wiktionary.org/wiki/amidol
amihan,noun,,"north
Synonym: norte",,,https://en.wiktionary.org/wiki/amihan
aminhan,noun,,"north
Synonym: norte",,,https://en.wiktionary.org/wiki/aminhan
amlig,noun,,"care, caution",,,https://en.wiktionary.org/wiki/amlig
amo,noun,,(international standards) ISO 639-3 language code for Amo.,,,https://en.wiktionary.org/wiki/amo
amorokpok,noun,,"meteorite, shooting star",,,https://en.wiktionary.org/wiki/amorokpok
amoy,noun,,small monkey,,,https://en.wiktionary.org/wiki/amoy
ampis,noun,,the front part of a bahag,,,https://en.wiktionary.org/wiki/ampis
ampo,noun,,A Javan snack food consisting of thin sticks of baked earth.,,,https://en.wiktionary.org/wiki/ampo
amumuklid,noun,,toadstool,,,https://en.wiktionary.org/wiki/amumuklid
amyon,noun,,"fragrance, scent, smell",,,https://en.wiktionary.org/wiki/amyon
anak,noun,,"Marks the topic of the clause, sentence, or conversation.
1905, John Bachelor, An Ainu-English-Japanese Dictionary (Including a Grammar of the Ainu Language):Meko anak ne chikap ehopiye, ""the cat sprang upon the bird.""",,,https://en.wiktionary.org/wiki/anak
anak nga babae,noun,,daughter,,,https://en.wiktionary.org/wiki/anak_nga_babae
anak-anak,noun,,an adoptee; an adopted son or daughter,,,https://en.wiktionary.org/wiki/anak-anak
anay,noun,,bandicoot,,,https://en.wiktionary.org/wiki/anay
andamio,noun,,"scaffold
Synonym: estada",,,https://en.wiktionary.org/wiki/andamio
anekdota,noun,,joke,,,https://en.wiktionary.org/wiki/anekdota
anhel,noun,,"yearning, desire
Synonyms: deler, desig",,,https://en.wiktionary.org/wiki/anhel
anila,noun,,beehive,,,https://en.wiktionary.org/wiki/anila
aninipot,noun,,firefly,,,https://en.wiktionary.org/wiki/aninipot
ankla,noun,,anchor,,,https://en.wiktionary.org/wiki/ankla
anting-anting,noun,,(Philippines) A Filipino amulet or talisman.,,,https://en.wiktionary.org/wiki/anting-anting
antipara,noun,,"eyeglasses, glasses, spectacles
Synonyms: antiohos, tagosilang",,,https://en.wiktionary.org/wiki/antipara
anghel,noun,,angel,,,https://en.wiktionary.org/wiki/anghel
anghit,noun,,smell or odor of a goat,,,https://en.wiktionary.org/wiki/anghit
angkod,noun,,incisor; front teeth,,,https://en.wiktionary.org/wiki/angkod
angso,noun,,odor or stench of urine,,,https://en.wiktionary.org/wiki/angso
apan,noun,,"(fandom slang) A member of an amateur press association.
1990 August, Guy Lillian, “'Tis the Season”, in Mimosa‎[1], number 8, page 4:The greatest apan of all time lives on a quiet old street rising above Hagerstown, Maryland.
1998 October 3, Brown, Rich [Dr Gafia], “Fan Terms (1)”, in rec.arts.sf.fandom‎[2] (Usenet), retrieved 13 June 2018, message-ID <19981003020622.14181.00000964@ng52.aol.com>:Most of the participants in the mundane apas are hobby printers—-and the disdain with which our fandom once viewed Xeroxing of fanzines is but a pale reflection of the way mundane apans have looked upon the mimeo and the ditto as a means of publishing ""papers"" (as they call their amateur publications).
2006 May, Arnie Katz, “The Thin Veneer”, in confuSon‎[3], volume 1, number 4:I immediately began a cutback. I remained an enthusiastic apan, but by the time I gafiated around 1976, I was in only one, FAPA.",,,https://en.wiktionary.org/wiki/apan
aparador,noun,,cupboard,,,https://en.wiktionary.org/wiki/aparador
apdo,noun,,gall; bile,,,https://en.wiktionary.org/wiki/apdo
apendisitis,noun,,appendicitis,,,https://en.wiktionary.org/wiki/apendisitis
apian,noun,,"Relating to bees.
1904, Harper's New Monthly Magazine, volume 108, page 559:In fact, apian, formican, vespal, and termital government is not a monarchy, but a pure democracy. The queens of ants, bees, wasps, and termites wear the crown of maternity — no other.",,,https://en.wiktionary.org/wiki/apian
apitong,noun,,The medium hardwood tree Dipterocarpus grandiflorus.,,,https://en.wiktionary.org/wiki/apitong
apo,noun,,(international standards) ISO 639-3 language code for Ambul.,,,https://en.wiktionary.org/wiki/apo
apo nga babae,noun,,granddaughter,,,https://en.wiktionary.org/wiki/apo_nga_babae
apo nga lalaki,noun,,grandson,,,https://en.wiktionary.org/wiki/apo_nga_lalaki
apog,noun,,"(chemistry) lime
Synonym: puti",,,https://en.wiktionary.org/wiki/apog
apok,noun,,ergative indefinite of apo,,,https://en.wiktionary.org/wiki/apok
ara,noun,,(international standards) ISO 639-2 & ISO 639-3 language code for Arabic.,,,https://en.wiktionary.org/wiki/ara
arina,noun,,flour,,,https://en.wiktionary.org/wiki/arina
aritmetika,noun,,arithmetic,,,https://en.wiktionary.org/wiki/aritmetika
aritos,noun,,earring,,,https://en.wiktionary.org/wiki/aritos
arnibal,noun,,syrup,,,https://en.wiktionary.org/wiki/arnibal
aro,noun,,(international standards) ISO 639-3 language code for Araona.,,,https://en.wiktionary.org/wiki/aro
aroro,noun,,arrowroot,,,https://en.wiktionary.org/wiki/aroro
aros,noun,,plural of aro,,,https://en.wiktionary.org/wiki/aros
arpa,noun,,harp (musical instrument),,,https://en.wiktionary.org/wiki/arpa
arte,noun,,indefinite nominative/accusative plural of art,,,https://en.wiktionary.org/wiki/arte
artikulo,noun,,,,,https://en.wiktionary.org/wiki/artikulo
asawa sang hari,noun,,queen,,,https://en.wiktionary.org/wiki/asawa_sang_hari
asero,noun,,steel,,,https://en.wiktionary.org/wiki/asero
asibar,noun,,aloe vera,,,https://en.wiktionary.org/wiki/asibar
asilo,noun,,"asylum, protection, shelter, refuge",,,https://en.wiktionary.org/wiki/asilo
asin,noun,,salt,,,https://en.wiktionary.org/wiki/asin
asinan,noun,,third-person plural present indicative of asinar,,,https://en.wiktionary.org/wiki/asinan
aslang,noun,,chin,,,https://en.wiktionary.org/wiki/aslang
aslum,noun,,sourness,,,https://en.wiktionary.org/wiki/aslum
aso,noun,,(international standards) ISO 639-3 language code for Dano.,,,https://en.wiktionary.org/wiki/aso
asog,noun,,"(historical) in pre-colonial Bicol;  an effeminate man, who functions as a village priestess or medium",,,https://en.wiktionary.org/wiki/asog
asoy,noun,,useful,,,https://en.wiktionary.org/wiki/asoy
aspalto,noun,,asphalt,,,https://en.wiktionary.org/wiki/aspalto
asugi,noun,,mercury,,,https://en.wiktionary.org/wiki/asugi
asugi nga buhi,noun,,quicksilver,,,https://en.wiktionary.org/wiki/asugi_nga_buhi
asukar,noun,,sugar,,,https://en.wiktionary.org/wiki/asukar
asunto,noun,,"home, residence; unit, housing unit, dwelling unit; dwelling, domicile, habitation (any place for living, especially one constructed for that purpose)
Synonym: asumus
Near-synonym: koti",,,https://en.wiktionary.org/wiki/asunto
asupre,noun,,sulfur,,,https://en.wiktionary.org/wiki/asupre
aswang,noun,,A shapeshifting evil creature in Philippine mythology,,,https://en.wiktionary.org/wiki/aswang
atake,noun,,"attack
Synonyms: salakay, sakyada, surong",,,https://en.wiktionary.org/wiki/atake
atatalo,noun,,caterpillar,,,https://en.wiktionary.org/wiki/atatalo
atay,noun,,(anatomy) liver,,,https://en.wiktionary.org/wiki/atay
atipalo,noun,,earwig,,,https://en.wiktionary.org/wiki/atipalo
atis,noun,,sugar apple (Annona squamosa),,,https://en.wiktionary.org/wiki/atis
atog,noun,,(anatomy) glans penis,,,https://en.wiktionary.org/wiki/atog
atomo,noun,,(physics) atom,,,https://en.wiktionary.org/wiki/atomo
atop,noun,,"On the top of.
He sat atop the mountain, waiting for the end of the world.
1960 November, David Morgan, “""Piggyback""—U.S. success story”, in Trains Illustrated, page 684:For example, when trailers containing new automobiles were first piggybacked two areas of potential damage became evident: (1) diesel locomotive exhaust left a film of oil on the new autos; and (2) auto windshields could be scarred or cracked by the metal-tipped ""tell-tales"" which warn men atop trains of oncoming bridges or tunnels.
1966, The Minnesota Review, volume 6, page 242:A virtue is made out of a necessity, with the child feeling far more atop and master of his oddness, his behavior now deliberate or even clever.
2006, Dewey Lambdin, The Gun Ketch, page 48:""And other things,"" she echoed, nodding slowly and resting her body a little more atop him again.
2014, Paul Salopek, Blessed. Cursed. Claimed., National Geographic (December 2014)[1]
“Monotheism was born here,” Goren tells me atop a cliff overlooking the sheet of iron-colored water.
2025 April 24, Anna Silman, “Now comes the ‘womanosphere’: the anti-feminist media telling women to be thin, fertile and Republican”, in The Guardian‎[2], →ISSN:The leading voices of the womanosphere are using a similar strategy. As Brittany Hugoboom put it in an op–ed for the rightwing outlet Quillette: “Conservatives will never win if they imagine themselves as combatants atop defensive battlements, hurling abuse on the mass media. We need to involve ourselves in the creation of pop culture.”",,,https://en.wiktionary.org/wiki/atop
atsara,noun,,Alternative spelling of atchara (“Filipino pickle”).,,,https://en.wiktionary.org/wiki/atsara
awa,noun,,(international standards) ISO 639-2 & ISO 639-3 language code for Awadhi.,,,https://en.wiktionary.org/wiki/awa
awtopsiya,noun,,autopsy,,,https://en.wiktionary.org/wiki/awtopsiya
ayagan,noun,,sieve,,,https://en.wiktionary.org/wiki/ayagan
ayam-ayam,noun,,ant,,,https://en.wiktionary.org/wiki/ayam-ayam
ayi,noun,,(international standards) ISO 639-3 language code for Leyigha.,,,https://en.wiktionary.org/wiki/ayi
ayo,noun,,"(slang) A greeting.
Synonyms: hey, hi, yo
2004, Michael Daniel Baptiste, Cracked Dreams, page 73:""Ayo, Red. It's the homie Spits on the jack for you, blood."" ""Ayo, homeboy,"" said Red as he excitedly picked up the telephone receiver. ""What's up, fool?""
2007, Reginald L. Hall, In Love with a Thug, page 38:“Ayo, wassup, girl,” he said to Keisha as he continued to walk toward the back area where I stood.  […]  “Ayo, wassup, playa?
2007, Tony J. Ward, Jr., I've Got to Make It to Heaven for Going Through Hell: Part 1, page 39:Ayo Toine, you think they'd put me down?
2007, Nikki Turner, Christmas in the Hood, page 289:""Ayo, fam, you a'ight down there?"" Victorious's cell mate asked.
2008, Treasure Hernandez, Resurrection, page 106:""Ayo, ma, where you going?"" a dude asked her as she walked by him.
2008, Ashley JaQuavis, The Trophy Wife, page 103:""Ayo, Kalil!"" a man's voice said from amidst the crowd. Kalil looked up and saw his lil' man, Peanut, distributing packets of heroin and taking money from the fiends.
2010, R Green Damon, Somethin' to Think about, page 197:""Ayo, Cee, listen to this shit here,"" said Matt, passing him his cell.",,,https://en.wiktionary.org/wiki/ayo
aypon,noun,,protege,,,https://en.wiktionary.org/wiki/aypon
ayuda,noun,,"help, aid
Synonym: aida",,,https://en.wiktionary.org/wiki/ayuda
baba,noun,,,,,https://en.wiktionary.org/wiki/baba
babae,noun,,"dame, maid, mistress, girl",,,https://en.wiktionary.org/wiki/babae
babana,noun,,essive singular of baba,,,https://en.wiktionary.org/wiki/babana
babaye,noun,,woman or girl; female,,,https://en.wiktionary.org/wiki/babaye
babayi,noun,,woman,,,https://en.wiktionary.org/wiki/babayi
babaylan,noun,,A Philippine shaman.,,,https://en.wiktionary.org/wiki/babaylan
babha,noun,,"wound, gash",,,https://en.wiktionary.org/wiki/babha
baboy,noun,,pig,,,https://en.wiktionary.org/wiki/baboy
Bacolodnon,noun,,resident or inhabitant of Bacolod,,,https://en.wiktionary.org/wiki/Bacolodnon
badlu,noun,,phlegm,,,https://en.wiktionary.org/wiki/badlu
bag-ohan,noun,,"(Daet, Partido, Sorsogon) alternative form of bagohan (“novice”)",,,https://en.wiktionary.org/wiki/bag-ohan
baga,noun,,(anatomy) lung,,,https://en.wiktionary.org/wiki/baga
bagani,noun,,"(historical) The class of warrior-leaders of various Lumad ethnic groups of the island of Mindanao, Philippines.",,,https://en.wiktionary.org/wiki/bagani
baganihan,noun,,hero,,,https://en.wiktionary.org/wiki/baganihan
bagat-bagat,noun,,centipede,,,https://en.wiktionary.org/wiki/bagat-bagat
bagatnan,noun,,"south
Synonym: habagatnan",,,https://en.wiktionary.org/wiki/bagatnan
bagis,noun,,plural of bagi,,,https://en.wiktionary.org/wiki/bagis
bagol,noun,,numb; insensible,,,https://en.wiktionary.org/wiki/bagol
bagon,noun,,(rail transport) railroad car (US); railway carriage (UK),,,https://en.wiktionary.org/wiki/bagon
bagoong,noun,,A Philippine condiment made from fermented fish or shrimps.,,,https://en.wiktionary.org/wiki/bagoong
bagrong,noun,,a roaring sound,,,https://en.wiktionary.org/wiki/bagrong
bagsat,noun,,bedbug,,,https://en.wiktionary.org/wiki/bagsat
bagting,noun,,sound of a bell; chime,,,https://en.wiktionary.org/wiki/bagting
bagtis,noun,,mudfish,,,https://en.wiktionary.org/wiki/bagtis
bagyo,noun,,"typhoon, tropical cyclone, storm",,,https://en.wiktionary.org/wiki/bagyo
baha,noun,,"(dated) value, price, cost
Bunlar nəyin bahasına nail oldu? ― At what cost was this achieved?
nəyin bahasına olursa olsun ― no matter what it takes",,,https://en.wiktionary.org/wiki/baha
bahaw,noun,,"cold (for food once served hot)
Synonym: malipot",,,https://en.wiktionary.org/wiki/bahaw
bahawbahaw,noun,,ant,,,https://en.wiktionary.org/wiki/bahawbahaw
bahoy,noun,,"witch, sorceress",,,https://en.wiktionary.org/wiki/bahoy
bairan,noun,,a whetstone,,,https://en.wiktionary.org/wiki/bairan
baka,noun,,"(voodoo) An evil spirit in Haitian belief, often in the form of an animal.
1953, Maya Daren, The Divine Horsemen, McPherson & Company, published 2004, page 113:Under his sign the malevolent bocor may take the shape of an animal, and men may be transformed into terrible bakas.
1969, Milo Rigaud, Secrets of Voodoo, page 83:A person has only to serve the baka incorrectly to have it turn against its owner and do him irremediable harm by reason of the very duality of its composition.
2001, Jennie Marcelle Smith, When the Hands Are Many, page 77:Because a baka can destroy a family's (or even a whole neighborhood's) well-being, there is great interest in catching and destroying them.",,,https://en.wiktionary.org/wiki/baka
bakalaw,noun,,codfish,,,https://en.wiktionary.org/wiki/bakalaw
bakolod,noun,,hill; hillock; mound; slope,,,https://en.wiktionary.org/wiki/bakolod
bakud,noun,,"strength
Synonyms: baskug, bukud, kusug, pag-un",,,https://en.wiktionary.org/wiki/bakud
bakyas,noun,,"(of soil) rocky, stony, barren",,,https://en.wiktionary.org/wiki/bakyas
bal-ag,noun,,a metal file,,,https://en.wiktionary.org/wiki/bal-ag
balaba,noun,,rattan,,,https://en.wiktionary.org/wiki/balaba
balabag,noun,,impediment,,,https://en.wiktionary.org/wiki/balabag
balabaw,noun,,"mouse; rat
Synonyms: ambaw, ilaga",,,https://en.wiktionary.org/wiki/balabaw
balagon,noun,,vine,,,https://en.wiktionary.org/wiki/balagon
balahibo,noun,,body hair,,,https://en.wiktionary.org/wiki/balahibo
balahibo sang hayop,noun,,"fur, sable",,,https://en.wiktionary.org/wiki/balahibo_sang_hayop
balaklon,noun,,"commodities, goods, wares",,,https://en.wiktionary.org/wiki/balaklon
balaligya,noun,,"commodities, goods, merchandise",,,https://en.wiktionary.org/wiki/balaligya
balanak,noun,,(a kind of fish) mullet,,,https://en.wiktionary.org/wiki/balanak
balani,noun,,plural of balanus,,,https://en.wiktionary.org/wiki/balani
balangaw,noun,,"rainbow
Synonyms: hablondawani, dawani",,,https://en.wiktionary.org/wiki/balangaw
balangitaw,noun,,"(animal) alligator, crocodile",,,https://en.wiktionary.org/wiki/balangitaw
balaod,noun,,law (body of rules established in a community by its authorities),,,https://en.wiktionary.org/wiki/balaod
balas,noun,,"(archaic, now chiefly attributive) A type of rose-coloured spinel once thought to be a form of ruby.",,,https://en.wiktionary.org/wiki/balas
balataan,noun,,"(anatomy) uterus, womb",,,https://en.wiktionary.org/wiki/balataan
balatas,noun,,plural of balata,,,https://en.wiktionary.org/wiki/balatas
balatian,noun,,feeling; sensitivity,,,https://en.wiktionary.org/wiki/balatian
balatong,noun,,"(Naga) yardlong bean
Synonyms: hantak, sitaw",,,https://en.wiktionary.org/wiki/balatong
balaw,noun,,shrimp (small),,,https://en.wiktionary.org/wiki/balaw
balay,noun,,"(archaic except Sorsogon) house; home
Synonym: harong",,,https://en.wiktionary.org/wiki/balay
balayan sang sinulatan ukon dinalan,noun,,syntax,,,https://en.wiktionary.org/wiki/balayan_sang_sinulatan_ukon_dinalan
balde,noun,,"bucket, pail",,,https://en.wiktionary.org/wiki/balde
balhas,noun,,sweat,,,https://en.wiktionary.org/wiki/balhas
balidha,noun,,law; legislation,,,https://en.wiktionary.org/wiki/balidha
baligya,noun,,"goods, merchandise",,,https://en.wiktionary.org/wiki/baligya
balihawog,noun,,"bolt, latch",,,https://en.wiktionary.org/wiki/balihawog
balikawang,noun,,(anatomy) haunch,,,https://en.wiktionary.org/wiki/balikawang
baliko,noun,,bent,,,https://en.wiktionary.org/wiki/baliko
balingon,noun,,anchovy,,,https://en.wiktionary.org/wiki/balingon
balisbisan,noun,,eaves,,,https://en.wiktionary.org/wiki/balisbisan
balising,noun,,to relocate; to move something from one place to another,,,https://en.wiktionary.org/wiki/balising
baliskag,noun,,vertebra; spine,,,https://en.wiktionary.org/wiki/baliskag
balita,noun,,news,,,https://en.wiktionary.org/wiki/balita
balitadhan,noun,,honeysuckle,,,https://en.wiktionary.org/wiki/balitadhan
balo,noun,,"ruining, spoiling, destruction",,,https://en.wiktionary.org/wiki/balo
balod,noun,,"(Sorsogon) wave; undulation
Synonyms: alon, hukol",,,https://en.wiktionary.org/wiki/balod
balota,noun,,third-person singular past historic of baloter,,,https://en.wiktionary.org/wiki/balota
balsamo,noun,,Mexican logwood (Haematoxylum brasiletto),,,https://en.wiktionary.org/wiki/balsamo
balunggay,noun,,"a type of tree, the malunggay or horseradish tree, Moringa oleifera",,,https://en.wiktionary.org/wiki/balunggay
baluyot,noun,,sack; bag; pouch; wallet,,,https://en.wiktionary.org/wiki/baluyot
bana,noun,,"(intransitive, Mpakwithi) to climb",,,https://en.wiktionary.org/wiki/bana
banaag,noun,,beam of light,,,https://en.wiktionary.org/wiki/banaag
banag-banag,noun,,"dawn, daybreak",,,https://en.wiktionary.org/wiki/banag-banag
banas,noun,,present of bani,,,https://en.wiktionary.org/wiki/banas
banas sa higad sang suba,noun,,"riverside
Nagaistar ako banas sa higad sang suba.I live by the riverside.",,,https://en.wiktionary.org/wiki/banas_sa_higad_sang_suba
banda,noun,,"(uncountable) A style of Mexican brass band music, emerged in the 19th century.
2007 January 13, Seth Kugel, “The Sounds of Mexico Hit New York Airwaves”, in The New York Times‎[3], archived from the original on 25 January 2021:With very little fanfare, WZAA had become the first FM station in New York offering a format known as Mexican Regiona, which includes genres like ranchera, banda and norteña music.",,,https://en.wiktionary.org/wiki/banda
bandeha,noun,,"platter, plate",,,https://en.wiktionary.org/wiki/bandeha
bandehado,noun,,platter,,,https://en.wiktionary.org/wiki/bandehado
bandera,noun,,flag,,,https://en.wiktionary.org/wiki/bandera
banhay,noun,,a moderate slope or incline,,,https://en.wiktionary.org/wiki/banhay
banig,noun,,"mat
Synonym: hamak",,,https://en.wiktionary.org/wiki/banig
banka,noun,,bank (financial institution),,,https://en.wiktionary.org/wiki/banka
banlas,noun,,desert,,,https://en.wiktionary.org/wiki/banlas
bansag,noun,,"nickname
Synonyms: gaha, lulo",,,https://en.wiktionary.org/wiki/bansag
banta,noun,,to warn someone not to do something,,,https://en.wiktionary.org/wiki/banta
bantay,noun,,attendant,,,https://en.wiktionary.org/wiki/bantay
bantayan,noun,,"guard-house, lookout station",,,https://en.wiktionary.org/wiki/bantayan
bantolinaw,noun,,ebony,,,https://en.wiktionary.org/wiki/bantolinaw
banwa,noun,,"town
Synonym: barangay",,,https://en.wiktionary.org/wiki/banwa
banwahanon,noun,,"related to towns, municipalities or their government; civic",,,https://en.wiktionary.org/wiki/banwahanon
banyo,noun,,bath (the act of bathing),,,https://en.wiktionary.org/wiki/banyo
banga,noun,,five,,,https://en.wiktionary.org/wiki/banga
bangdan,noun,,"cause, reason, motive",,,https://en.wiktionary.org/wiki/bangdan
bangis,noun,,"violence; cruelty
Synonyms: isog, kuri, ringis",,,https://en.wiktionary.org/wiki/bangis
bangka,noun,,a canoe; an outrigger canoe or dugout,,,https://en.wiktionary.org/wiki/bangka
bangkaw,noun,,"spear; harpoon (for hunting, killing animals)",,,https://en.wiktionary.org/wiki/bangkaw
bangkay,noun,,"cadaver; corpse; remains
Synonyms: hawak, lawas, gadan",,,https://en.wiktionary.org/wiki/bangkay
bangkil,noun,,"(zoology) fang
Synonym: tango",,,https://en.wiktionary.org/wiki/bangkil
bangko,noun,,bank,,,https://en.wiktionary.org/wiki/bangko
banglid,noun,,"elevation, hill",,,https://en.wiktionary.org/wiki/banglid
bangon,noun,,to get up,,,https://en.wiktionary.org/wiki/bangon
bao,noun,,(international standards) ISO 639-3 language code for Waimaha.,,,https://en.wiktionary.org/wiki/bao
bapor,noun,,"any craft designed for transportation on water, such as a ship or boat",,,https://en.wiktionary.org/wiki/bapor
bara,noun,,,,,https://en.wiktionary.org/wiki/bara
baraha,noun,,playing card,,,https://en.wiktionary.org/wiki/baraha
barahan,noun,,yardstick,,,https://en.wiktionary.org/wiki/barahan
barandilya,noun,,"rail, railing",,,https://en.wiktionary.org/wiki/barandilya
barangay,noun,,"The smallest local government unit in the Philippines, a subdivision of a city or municipality.
Synonym: barrio
Near-synonyms: (rural) village, (urban) neighborhood, quarter, (urban) city block
1987, Marcelo M. Orense, Nelia R. Marquez, Philippine Yearbook, page 77:Because of this active involvement of the civilian and other auxiliary units (e.g. barangay tanod), the police are able to devote their time and resources to the control and prevention of serious crimes.
1991 October 28, “Miscellaneous and Final Provisions”, in Official Gazette: Republic of the Philippines, volume 87, number 43, page 263:The Government Service Insurance System (GSIS) shall establish and administer an appropriate system under which the punong barangay, the members of the sangguniang barangay, the barangay secretary, the barangay treasurer, and the members of the brangay tanod shall enjoy insurance coverage as provided in this Code and other pertinent laws .
2021, Deogenes Nambayan Agellon, Criminal Law Case Digests:The victim is always addressed as the ""datu"" or rich man of their Barangay and enjoyed an economic ascendancy over Marcelino, a mere barangay tanod.",,,https://en.wiktionary.org/wiki/barangay
barbero,noun,,"barber; hairdresser
Synonyms: parabulog, paratusar, paragunting, paragupit",,,https://en.wiktionary.org/wiki/barbero
barina,noun,,"awl, drill",,,https://en.wiktionary.org/wiki/barina
bario,noun,,barium,,,https://en.wiktionary.org/wiki/bario
barnis,noun,,lacquer; varnish,,,https://en.wiktionary.org/wiki/barnis
barong,noun,,"A cutting weapon similar to a cleaver, with a thick back and thin razor-like edge, used by the Moros of the Philippines.",,,https://en.wiktionary.org/wiki/barong
baroto,noun,,"(Philippines, nautical) A small dugout canoe boat from the Philippines, which normally lacks outriggers and is usually used in calm waters.",,,https://en.wiktionary.org/wiki/baroto
barukan,noun,,(anatomy) bladder,,,https://en.wiktionary.org/wiki/barukan
basi,noun,,stale,,,https://en.wiktionary.org/wiki/basi
basin,noun,,"A wide bowl for washing, sometimes affixed to a wall.
c. 1590–1592 (date written), William Shakespeare, “The Taming of the Shrew”, in Mr. William Shakespeares Comedies, Histories, & Tragedies […] (First Folio), London:  […]  Isaac Iaggard, and Ed[ward] Blount, published 1623, →OCLC, [Act II, scene i]:First, as you know, my house within the cityIs richly furnished with plate and gold,Basins and ewers to lave her dainty hands;
1611, The Holy Bible, […] (King James Version), London:  […]  Robert Barker, […], →OCLC, John 13:5:After that he poureth water into a bason, and began to wash the disciples’ feet, and to wipe them with the towel wherewith he was girded.
1766, T[obias] Smollett, “Letter V”, in Travels through France and Italy. […], volume (please specify |volume=I or II), London:  […]  R[oberts] Baldwin, […], →OCLC:What then, you will say, must a man sit with his chops and fingers up to the ears and knuckles in grease? No; let those who cannot eat without defiling themselves, step into another room, provided with basons and towels: but I think it would be better to institute schools, where youth may learn to eat their victuals, without daubing themselves, or giving offence to the eyes of one another.
1923, Willa Cather, One of Ours‎[1], Book One, Chapter 1:Everybody had washed before going to bed, apparently, and the bowls were ringed with a dark sediment which the hard, alkaline water had not dissolved. Shutting the door on this disorder, he turned back to the kitchen, took Mahailey’s tin basin, doused his face and head in cold water, and began to plaster down his wet hair.
Synonym: sink",,,https://en.wiktionary.org/wiki/basin
baskug,noun,,"loudness (of noise)
Synonym: gansal",,,https://en.wiktionary.org/wiki/baskug
baso,noun,,"(slang) Abbreviation of basically.
i mean yeah it's baso the same tbh",,,https://en.wiktionary.org/wiki/baso
basol,noun,,"blame; reproach
Synonym: sudya",,,https://en.wiktionary.org/wiki/basol
baston,noun,,(heraldry) Obsolete form of baton.,,,https://en.wiktionary.org/wiki/baston
baston ni San Hose,noun,,hollyhock,,,https://en.wiktionary.org/wiki/baston_ni_San_Hose
basura,noun,,"garbage; waste; rubbish; trash
Synonym: ramog",,,https://en.wiktionary.org/wiki/basura
bata,noun,,"A ceremonial double-headed drum played in triplet in the religion of santería, especially in Cuba and Puerto Rico, originally from the Yoruba of Nigeria.
1990 October 28, Paul Simon, “The Rhythm of the Saints”, in The Coast, Warner Bros.:Two guitars, bata, bass drum and tambourine.
2019, Marlon James, Black Leopard, Red Wolf, Hamish Hamilton, page 283:Five drummers in front setting the dance—three beating barrel drums, a fourth beating a double-skin bata, and the fifth beating four small bata tied together.",,,https://en.wiktionary.org/wiki/bata
batad,noun,,sorghum,,,https://en.wiktionary.org/wiki/batad
batakan,noun,,measuring rod; ruler,,,https://en.wiktionary.org/wiki/batakan
batasan,noun,,manners; etiquette,,,https://en.wiktionary.org/wiki/batasan
bati-bati,noun,,"diminutive of batî; gossip, hearsay, rumor",,,https://en.wiktionary.org/wiki/bati-bati
batidor,noun,,whisk,,,https://en.wiktionary.org/wiki/batidor
batiis,noun,,(anatomy) leg,,,https://en.wiktionary.org/wiki/batiis
batiya,noun,,"wood-carved basin; washbowl
Synonym: dulang",,,https://en.wiktionary.org/wiki/batiya
bato,noun,,stone,,,https://en.wiktionary.org/wiki/bato
batobalani,noun,,a lodestone,,,https://en.wiktionary.org/wiki/batobalani
batobato,noun,,the blue sea chub (Kyphosus cinerascens),,,https://en.wiktionary.org/wiki/batobato
batog,noun,,(historical) A rod or cane used for corporal punishment in Russia.,,,https://en.wiktionary.org/wiki/batog
batok,noun,,bark (loud utterance by a dog),,,https://en.wiktionary.org/wiki/batok
batongmaidlak,noun,,diamond,,,https://en.wiktionary.org/wiki/batongmaidlak
batota,noun,,singular future passive participle of bati,,,https://en.wiktionary.org/wiki/batota
batungdaan,noun,,"monument (literally, old stone)",,,https://en.wiktionary.org/wiki/batungdaan
batuta,noun,,baton (stick used by conductors),,,https://en.wiktionary.org/wiki/batuta
bawod,noun,,"(Metro Cebu, Bohol, Leyte) alternative form of balod (“wave”)",,,https://en.wiktionary.org/wiki/bawod
bawod sang mga tudlo,noun,,"wave (literally, bent fingers)",,,https://en.wiktionary.org/wiki/bawod_sang_mga_tudlo
bay-ad,noun,,(especially of a corpse) supine; lying on its back; reclined,,,https://en.wiktionary.org/wiki/bay-ad
bayabas,noun,,guava (tree and fruit),,,https://en.wiktionary.org/wiki/bayabas
bayad,noun,,to pay,,,https://en.wiktionary.org/wiki/bayad
bayaw,noun,,"brother-in-law
Synonym: kunyado",,,https://en.wiktionary.org/wiki/bayaw
baybay,noun,,"sand, finely ground rock
Synonym: basod",,,https://en.wiktionary.org/wiki/baybay
baybayon,noun,,"beach; coast; shore
Synonym: tampi",,,https://en.wiktionary.org/wiki/baybayon
bayhon,noun,,"form, figure, shape
Synonym: porma",,,https://en.wiktionary.org/wiki/bayhon
bayo,noun,,(childish) a horse,,,https://en.wiktionary.org/wiki/bayo
bayo-bayo,noun,,pulse,,,https://en.wiktionary.org/wiki/bayo-bayo
bayoon,noun,,"fabric, textile",,,https://en.wiktionary.org/wiki/bayoon
beberon,noun,,third-person plural preterite indicative of beber,,,https://en.wiktionary.org/wiki/beberon
beka,noun,,"an ancient Biblical unit of weight, half a shekel",,,https://en.wiktionary.org/wiki/beka
belada sa eskwelahan,noun,,commencement,,,https://en.wiktionary.org/wiki/belada_sa_eskwelahan
belasyon,noun,,"vigil, wake",,,https://en.wiktionary.org/wiki/belasyon
bendisyon,noun,,"benediction, blessing",,,https://en.wiktionary.org/wiki/bendisyon
bendita,noun,,holy water,,,https://en.wiktionary.org/wiki/bendita
bentana,noun,,"window
Synonym: dungawan",,,https://en.wiktionary.org/wiki/bentana
berde,noun,,"A stringed instrument (chordophone) of Bosnian origin, a large guitar-shaped instrument that is played upright, using a plectrum.",,,https://en.wiktionary.org/wiki/berde
berso,noun,,verse (a poetic form or composition),,,https://en.wiktionary.org/wiki/berso
bibi,noun,,(India) A grandmother.,,,https://en.wiktionary.org/wiki/bibi
bibig,noun,,(anatomy) lip,,,https://en.wiktionary.org/wiki/bibig
bibingka,noun,,"A rice cake made using rice flour, sugar and coconut milk and wrapped in banana leaves.
2025 January 25, Michael Klein, “Long-awaited Filipino destination finally has an opening date”, in The Philadelphia Inquirer, volume 195, number 239, Philadelphia, Pa., →ISSN, →OCLC, page B9, columns 1 and 4:Nearly two years after starting work on their century-old building on Girard Avenue  […]  the lechon sisig bowls, ensaymada, and bibingka are expected to roll out of the kitchen starting Feb. 8.  […]  Besides house-made pastries such as calamansi doughnuts, ensaymada, bibingka, and ube handpies, breakfast options will include the Rich Tita with pork longganisa (a sausage similar to chorizo), egg, and Cooper sharp cheese;  […]",,,https://en.wiktionary.org/wiki/bibingka
bidyiw,noun,,"harpoon, spear",,,https://en.wiktionary.org/wiki/bidyiw
bigki,noun,,edge; rim; bank (of a river),,,https://en.wiktionary.org/wiki/bigki
bigote,noun,,moustache (hair on upper lip),,,https://en.wiktionary.org/wiki/bigote
bihag,noun,,captive (one who has been captured),,,https://en.wiktionary.org/wiki/bihag
bilad,noun,,"(of a book) display, unfold, open",,,https://en.wiktionary.org/wiki/bilad
bilanggoan,noun,,"prison
Synonym: prisohan",,,https://en.wiktionary.org/wiki/bilanggoan
bilas,noun,,co-sibling-in-law,,,https://en.wiktionary.org/wiki/bilas
bilat,noun,,"(informal) A bilateral meeting.
2004, Harvey J. Langholtz, Chris E. Stout, The psychology of diplomacy, page 12:The bilats will often be no more than a few minutes, long enough to say hello and snap some photos […]
2009 July 8, Peter Baker, “Family Night for Obamas Miffs Some in Moscow”, in New York Times‎[1]:The club is “a place to see and be seen,” as its Web site says — that is, unless you are a visiting president who after a day and a half of blinis, beluga and bilats (the diplo term for “bilateral meetings”) just wants to hang out with the clan.
2024 September 24, Jennifer Peltz, “Your short glossary to UN General Assembly meeting lingo”, in PBS NewsHour‎[2], PBS, retrieved 25 September 2024:BILATERAL (or “bilat,” for short): Private meetings between leaders of one country and another. Some argue the real value of UNGA lies in these tête-à-têtes and other personal, off-camera encounters among decision-makers.",,,https://en.wiktionary.org/wiki/bilat
bilin,noun,,(biochemistry) Any of various biological pigments formed in many organisms as a metabolic product of certain porphyrins.,,,https://en.wiktionary.org/wiki/bilin
biling,noun,,present participle and gerund of bile,,,https://en.wiktionary.org/wiki/biling
bilog-bilog,noun,,diminutive of bilóg,,,https://en.wiktionary.org/wiki/bilog-bilog
bilogon,noun,,a cane or cudgel,,,https://en.wiktionary.org/wiki/bilogon
bilugon,noun,,alternative spelling of bilogón,,,https://en.wiktionary.org/wiki/bilugon
binabaye,noun,,a rooster with hen feathering,,,https://en.wiktionary.org/wiki/binabaye
binangon,noun,,to rise,,,https://en.wiktionary.org/wiki/binangon
binhi,noun,,seed,,,https://en.wiktionary.org/wiki/binhi
binilanggo,noun,,"prisoner; inmate; convict
Synonyms: piniriso, priso",,,https://en.wiktionary.org/wiki/binilanggo
bino,noun,,(physics) The superpartner of the gauge boson corresponding to weak hypercharge. The W and Z bosons are electroweakinos: winos and binos.,,,https://en.wiktionary.org/wiki/bino
binudngan,noun,,"a handspun cloth, fabric, or textile",,,https://en.wiktionary.org/wiki/binudngan
binuhatan,noun,,"work, deed",,,https://en.wiktionary.org/wiki/binuhatan
bioleta,noun,,violet (color),,,https://en.wiktionary.org/wiki/bioleta
bisan diin,noun,,"everywhere, somewhere, wherever",,,https://en.wiktionary.org/wiki/bisan_diin
bisan sin-o,noun,,"anybody, whoever",,,https://en.wiktionary.org/wiki/bisan_sin-o
bisikleta,noun,,bicycle,,,https://en.wiktionary.org/wiki/bisikleta
bisita,noun,,visit,,,https://en.wiktionary.org/wiki/bisita
biskwit,noun,,alternative form of biskuwit,,,https://en.wiktionary.org/wiki/biskwit
bisyo,noun,,"bad, wicked, naughty, disobedient",,,https://en.wiktionary.org/wiki/bisyo
bitas,noun,,to rip; to tear apart,,,https://en.wiktionary.org/wiki/bitas
bitik,noun,,flea,,,https://en.wiktionary.org/wiki/bitik
bitin,noun,,"a snake; a legless reptile of the sub-order Serpentes with a long, thin body and a fork-shaped tongue",,,https://en.wiktionary.org/wiki/bitin
bitok,noun,,"any of the parasitic hookworms, roundworms, tapeworms and whipworms in humans and animals",,,https://en.wiktionary.org/wiki/bitok
bitoon,noun,,misspelling of bituon,,,https://en.wiktionary.org/wiki/bitoon
Biyernes,noun,,Friday,,,https://en.wiktionary.org/wiki/Biyernes
bobo,noun,,"A materialistic person who affects an anti-materialistic persona.
2000, David Brooks, Bobos in Paradise […] , Simon & Schuster, →ISBN, page 207:The small things—an olive grove or a small chapel—take on greater meaning to a Bobo on vacation.
2011 April 12, Alex Lobrano, “Bobo Heaven in Paris”, in T Magazine‎[1], retrieved 26 June 2019:Peruse the Paris papers these days and you'll notice an obsession with bobos: no, they're not a team of cheerleaders or a troupe of clowns, but rich, artsy types known as  bourgeois bohemians,  who are now pretty much the tip of Parisian tastemakers. So when friends who were recently staying in Saint Germain des Pres asked me where to go to people watch, I told them to head for the Ninth Arrondissement  citadel of bobo cool.",,,https://en.wiktionary.org/wiki/bobo
bodega,noun,,"A storehouse for maturing wine, a winery.",,,https://en.wiktionary.org/wiki/bodega
bohawi,noun,,"cyclone, whirlwind",,,https://en.wiktionary.org/wiki/bohawi
bohok,noun,,hair,,,https://en.wiktionary.org/wiki/bohok
bokabularyo,noun,,vocabulary,,,https://en.wiktionary.org/wiki/bokabularyo
bokbok,noun,,a type of boring insect,,,https://en.wiktionary.org/wiki/bokbok
boko-boko,noun,,ankle,,,https://en.wiktionary.org/wiki/boko-boko
bokol,noun,,plural of bakál,,,https://en.wiktionary.org/wiki/bokol
bola,noun,,A throwing weapon made of weights on the ends of a cord.,,,https://en.wiktionary.org/wiki/bola
bolkan,noun,,volcano,,,https://en.wiktionary.org/wiki/bolkan
botones,noun,,plural of botón,,,https://en.wiktionary.org/wiki/botones
budhi,noun,,to betray,,,https://en.wiktionary.org/wiki/budhi
budiong,noun,,trumpet; horn,,,https://en.wiktionary.org/wiki/budiong
budyong,noun,,a marine gastropod of the family Strombidae which lives in its own spiral shell,,,https://en.wiktionary.org/wiki/budyong
bug-at,noun,,"heavy
Antonym: gaan",,,https://en.wiktionary.org/wiki/bug-at
bugas,noun,,"milled rice, white rice",,,https://en.wiktionary.org/wiki/bugas
bugay,noun,,to give,,,https://en.wiktionary.org/wiki/bugay
bugkos,noun,,"bundle, parcel",,,https://en.wiktionary.org/wiki/bugkos
bugsay,noun,,"oar, paddle",,,https://en.wiktionary.org/wiki/bugsay
buhaha,noun,,"heedless, lavish, prodigal, wasteful",,,https://en.wiktionary.org/wiki/buhaha
buhat,noun,,"raise; lift; act of picking up something heavy
Synonyms: alsa, tuon",,,https://en.wiktionary.org/wiki/buhat
buhin,noun,,subtraction,,,https://en.wiktionary.org/wiki/buhin
buhis,noun,,alternative form of buwis,,,https://en.wiktionary.org/wiki/buhis
buho,noun,,"crevice, hole, opening, perforation, pit, vent",,,https://en.wiktionary.org/wiki/buho
buho-buho,noun,,"diminutive of búhò: a small hole, perforation, or pore",,,https://en.wiktionary.org/wiki/buho-buho
buhok,noun,,hair (on head),,,https://en.wiktionary.org/wiki/buhok
bukad,noun,,to expand,,,https://en.wiktionary.org/wiki/bukad
bukal,noun,,"spring (body of water)
Synonym: burabod",,,https://en.wiktionary.org/wiki/bukal
bukana,noun,,mouth (of a river),,,https://en.wiktionary.org/wiki/bukana
bukaw,noun,,"the Philippine hawk-owl; a species complex of owls, in the family Strigidae, endemic to the Philippines",,,https://en.wiktionary.org/wiki/bukaw
bukid,noun,,mountain,,,https://en.wiktionary.org/wiki/bukid
bukidnon,noun,,rural,,,https://en.wiktionary.org/wiki/bukidnon
bulador,noun,,kite,,,https://en.wiktionary.org/wiki/bulador
bulak,noun,,An Indian nose ring usually worn by married women.,,,https://en.wiktionary.org/wiki/bulak
bulak-bulak,noun,,diminutive of búlak,,,https://en.wiktionary.org/wiki/bulak-bulak
bulakbol,noun,,"truancy
Synonyms: lakuwatsa, luok",,,https://en.wiktionary.org/wiki/bulakbol
bulalakaw,noun,,"(astronomy) meteorite, shooting star",,,https://en.wiktionary.org/wiki/bulalakaw
bulan,noun,,moon,,,https://en.wiktionary.org/wiki/bulan
bulang,noun,,"cockfight
Synonyms: topada, sabong",,,https://en.wiktionary.org/wiki/bulang
bulangan,noun,,cockpit (enclosure for cockfights),,,https://en.wiktionary.org/wiki/bulangan
bulawan,noun,,"gold (element)
Synonym: oro",,,https://en.wiktionary.org/wiki/bulawan
bulawanon,noun,,"made of, or relating to, gold",,,https://en.wiktionary.org/wiki/bulawanon
bulbul,noun,,"Any of several passerine songbirds, of the family Pycnonotidae (currently, 27 genera recognized), native to Africa and Eurasia.",,,https://en.wiktionary.org/wiki/bulbul
buli,noun,,(botany) fluttering elm (Ulmus laevis),,,https://en.wiktionary.org/wiki/buli
bulig,noun,,a bunch or stem of bananas,,,https://en.wiktionary.org/wiki/bulig
buling,noun,,"dirt, soot, stain",,,https://en.wiktionary.org/wiki/buling
bulinga,noun,,the ovary; the lower part of a pistil or carpel that bears ovules and ripens into fruit,,,https://en.wiktionary.org/wiki/bulinga
bulto,noun,,bale,,,https://en.wiktionary.org/wiki/bulto
buluadan,noun,,where animals are bred,,,https://en.wiktionary.org/wiki/buluadan
buluhatan,noun,,workshop,,,https://en.wiktionary.org/wiki/buluhatan
buluhaton,noun,,errand; task,,,https://en.wiktionary.org/wiki/buluhaton
bulukutan,noun,,"enclosure, pen",,,https://en.wiktionary.org/wiki/bulukutan
bululngan,noun,,"clinic, hospital, medical center",,,https://en.wiktionary.org/wiki/bululngan
bululngon,noun,,sick person,,,https://en.wiktionary.org/wiki/bululngon
bulunakan,noun,,"laundry, laundry room, wash",,,https://en.wiktionary.org/wiki/bulunakan
bulung,noun,,"drug, medicine",,,https://en.wiktionary.org/wiki/bulung
bulungan,noun,,"spindle, spinning wheel",,,https://en.wiktionary.org/wiki/bulungan
bulus,noun,,the beginning of a flood in a flooded river,,,https://en.wiktionary.org/wiki/bulus
bulutangan,noun,,"holder, rack",,,https://en.wiktionary.org/wiki/bulutangan
buluthoan,noun,,"place of reunion, meetinghouse",,,https://en.wiktionary.org/wiki/buluthoan
bumulutho,noun,,"schoolboy, schoolgirl, student",,,https://en.wiktionary.org/wiki/bumulutho
bun-ag,noun,,birth,,,https://en.wiktionary.org/wiki/bun-ag
bunang,noun,,"thread, yarn",,,https://en.wiktionary.org/wiki/bunang
bunit,noun,,"(fishing): angle, hook",,,https://en.wiktionary.org/wiki/bunit
buntug,noun,,stye,,,https://en.wiktionary.org/wiki/buntug
bunyag,noun,,"baptism
Synonym: bawtismo",,,https://en.wiktionary.org/wiki/bunyag
bungalon,noun,,the Indian mangrove (Avicennia officinalis),,,https://en.wiktionary.org/wiki/bungalon
bungansiso,noun,,whale,,,https://en.wiktionary.org/wiki/bungansiso
bunghay,noun,,a party or group of people,,,https://en.wiktionary.org/wiki/bunghay
bungil,noun,,harelip,,,https://en.wiktionary.org/wiki/bungil
bungot,noun,,"facial hair, especially the moustache",,,https://en.wiktionary.org/wiki/bungot
bungul,noun,,stupid,,,https://en.wiktionary.org/wiki/bungul
burangos,noun,,beard,,,https://en.wiktionary.org/wiki/burangos
burus,noun,,toothbrush,,,https://en.wiktionary.org/wiki/burus
busal,noun,,(Maasina) thigh,,,https://en.wiktionary.org/wiki/busal
busay,noun,,waterfall,,,https://en.wiktionary.org/wiki/busay
busilak,noun,,"limestone, marble",,,https://en.wiktionary.org/wiki/busilak
buslot,noun,,a hole; an opening,,,https://en.wiktionary.org/wiki/buslot
busol,noun,,"push
Synonyms: tulod, tuldang, ugsod",,,https://en.wiktionary.org/wiki/busol
buta,noun,,Alternative form of boteh.,,,https://en.wiktionary.org/wiki/buta
butakal,noun,,"a male pig; a boar kept for breeding purposes
Antonym: dulag",,,https://en.wiktionary.org/wiki/butakal
butang,noun,,"that which is considered to exist as a separate entity, object, quality or concept",,,https://en.wiktionary.org/wiki/butang
butang-butang,noun,,"calumny, libel, or slander",,,https://en.wiktionary.org/wiki/butang-butang
buti,noun,,"barrel, cask",,,https://en.wiktionary.org/wiki/buti
butig,noun,,wart,,,https://en.wiktionary.org/wiki/butig
butigon,noun,,"misleading, sly",,,https://en.wiktionary.org/wiki/butigon
butiti,noun,,pufferfish,,,https://en.wiktionary.org/wiki/butiti
butkon,noun,,"(anatomy) arm
Synonym: braso",,,https://en.wiktionary.org/wiki/butkon
buto,noun,,"(anatomy) penis
Synonyms: pikoy, pisot",,,https://en.wiktionary.org/wiki/buto
butwas,noun,,raise something to the surface,,,https://en.wiktionary.org/wiki/butwas
buyog,noun,,a bumblebee,,,https://en.wiktionary.org/wiki/buyog
buyug,noun,,wasp,,,https://en.wiktionary.org/wiki/buyug
daay,noun,,a lump of earth,,,https://en.wiktionary.org/wiki/daay
dabudabu,noun,,shower,,,https://en.wiktionary.org/wiki/dabudabu
dado,noun,,(architecture) The section of a pedestal above the base.,,,https://en.wiktionary.org/wiki/dado
dag-on,noun,,year,,,https://en.wiktionary.org/wiki/dag-on
daga,noun,,dagger,,,https://en.wiktionary.org/wiki/daga
dagami,noun,,straw,,,https://en.wiktionary.org/wiki/dagami
dagangbulan,noun,,March,,,https://en.wiktionary.org/wiki/dagangbulan
dagas,noun,,"lunge
Synonym: dagsang",,,https://en.wiktionary.org/wiki/dagas
dagat,noun,,sea,,,https://en.wiktionary.org/wiki/dagat
dagaya,noun,,abundance,,,https://en.wiktionary.org/wiki/dagaya
dagotdot,noun,,debris or refuse on a beach,,,https://en.wiktionary.org/wiki/dagotdot
dagta,noun,,alternative form of digta (“stain”),,,https://en.wiktionary.org/wiki/dagta
dagum,noun,,sewing needle,,,https://en.wiktionary.org/wiki/dagum
daguob,noun,,thunder,,,https://en.wiktionary.org/wiki/daguob
dagutdut,noun,,alternative spelling of dagótdot,,,https://en.wiktionary.org/wiki/dagutdut
dagway,noun,,"face
Synonym: nawong",,,https://en.wiktionary.org/wiki/dagway
dahog,noun,,"shoot, tendril",,,https://en.wiktionary.org/wiki/dahog
dahon,noun,,leaf,,,https://en.wiktionary.org/wiki/dahon
dahon-dahon,noun,,"mantis, praying mantis",,,https://en.wiktionary.org/wiki/dahon-dahon
dakbanwa,noun,,"city
Synonym: siyudad",,,https://en.wiktionary.org/wiki/dakbanwa
dakhari,noun,,"emperor
Synonym: emperador
Coordinate term: dakhara",,,https://en.wiktionary.org/wiki/dakhari
dakpulu,noun,,"continent
Synonym: kontinente",,,https://en.wiktionary.org/wiki/dakpulu
daku,noun,,(anatomy) back,,,https://en.wiktionary.org/wiki/daku
dal-ok,noun,,"blister, pustule",,,https://en.wiktionary.org/wiki/dal-ok
dalaga,noun,,(Philippines) A young woman who has passed puberty but is not yet married; an eligible young woman.,,,https://en.wiktionary.org/wiki/dalaga
dalagita,noun,,young lady,,,https://en.wiktionary.org/wiki/dalagita
dalakpon,noun,,"malefactor, outlaw",,,https://en.wiktionary.org/wiki/dalakpon
dalamgohanon,noun,,"dream, reverie",,,https://en.wiktionary.org/wiki/dalamgohanon
dalan,noun,,road; path,,,https://en.wiktionary.org/wiki/dalan
dalanawan,noun,,swamp,,,https://en.wiktionary.org/wiki/dalanawan
dalasaon,noun,,"assail, crash",,,https://en.wiktionary.org/wiki/dalasaon
dalaw,noun,,"visit, visitation
Synonyms: pagbisita, rukat, pagsungko, sunglog",,,https://en.wiktionary.org/wiki/dalaw
dalayap,noun,,Key lime,,,https://en.wiktionary.org/wiki/dalayap
dalimuos,noun,,(of wind)gust,,,https://en.wiktionary.org/wiki/dalimuos
dalo,noun,,"greedy, selfish
Synonyms: hakog, hangol",,,https://en.wiktionary.org/wiki/dalo
dalok,noun,,"greedy, gluttonous",,,https://en.wiktionary.org/wiki/dalok
dalunggan,noun,,(anatomy) ear,,,https://en.wiktionary.org/wiki/dalunggan
damang,noun,,"spider
Synonyms: kaka, tambayawan",,,https://en.wiktionary.org/wiki/damang
damgo,noun,,a dream; imaginary events seen in the mind while sleeping,,,https://en.wiktionary.org/wiki/damgo
damol,noun,,"(metrology) Symbol for decamole, an SI unit of amount of substance equal to 101 moles.",,,https://en.wiktionary.org/wiki/damol
damot,noun,,(anatomy) hand; arm,,,https://en.wiktionary.org/wiki/damot
danaw,noun,,lake,,,https://en.wiktionary.org/wiki/danaw
danlug,noun,,slipperiness or greasiness,,,https://en.wiktionary.org/wiki/danlug
dangaw,noun,,"a handspan (the distance measured by a human hand, from the tip of the thumb to the tip of the little finger)",,,https://en.wiktionary.org/wiki/dangaw
dangog,noun,,"hearing, listening (sensation)
Synonym: himati",,,https://en.wiktionary.org/wiki/dangog
dapa-dapa,noun,,sole,,,https://en.wiktionary.org/wiki/dapa-dapa
dapat,noun,,"necessary
Synonym: kaipohan",,,https://en.wiktionary.org/wiki/dapat
dapaw,noun,,the itchiness or skin irritation resulting from playing or walking in grass,,,https://en.wiktionary.org/wiki/dapaw
dapay,noun,,"hawk, bird of prey",,,https://en.wiktionary.org/wiki/dapay
dapig,noun,,"companion, partner",,,https://en.wiktionary.org/wiki/dapig
daroos,noun,,a severe cough,,,https://en.wiktionary.org/wiki/daroos
datilis,noun,,the calabur tree (Muntingia calabura),,,https://en.wiktionary.org/wiki/datilis
dawdawan,noun,,"machine, mill",,,https://en.wiktionary.org/wiki/dawdawan
daya,noun,,(anatomy) blood,,,https://en.wiktionary.org/wiki/daya
dayan,noun,,"A rabbinic judge
1996, Macy Nulman, The Encyclopedia of Jewish Prayer, page 375:A medieval hymn composed by the Dayyan (""Judge"") Daniel b. Yehudah of fourteenth-century Rome, recited in the daily morning Preliminary Service, and by some, at the close of the Arvit and Musaf services on Shabbat and festivals.
2024, David Golinkin, “Does Jewish Law Require Yeshivah Students To Be Drafted At Age 18?”, in Responsa in a Moment, volume 4, page 66:There is a famous story about Rabbi Yisrael Salanter who ate on the Bimah in Vilna at the end of the Yom Kippur morning service in 1848 during a cholera epidemic, together with two other Dayyanim, to persuade the congregation to eat during the epidemic.",,,https://en.wiktionary.org/wiki/dayan
dayok,noun,,A fermented Filipino condiment made from fish entrails (usually from yellowfin tuna) and salt.,,,https://en.wiktionary.org/wiki/dayok
debosyon,noun,,devotion or piety,,,https://en.wiktionary.org/wiki/debosyon
dedal,noun,,(US) Alternative spelling of daedal.,,,https://en.wiktionary.org/wiki/dedal
delargo,noun,,"pants, trousers",,,https://en.wiktionary.org/wiki/delargo
depekto,noun,,"defect, flaw",,,https://en.wiktionary.org/wiki/depekto
dibuho,noun,,"design, draft",,,https://en.wiktionary.org/wiki/dibuho
digamohan,noun,,"fireplace, hearth, kitchen",,,https://en.wiktionary.org/wiki/digamohan
dinalan,noun,,"sentence, word. verse",,,https://en.wiktionary.org/wiki/dinalan
dinamita,noun,,dynamite (class of explosives),,,https://en.wiktionary.org/wiki/dinamita
dinuagan,noun,,"painting, picture",,,https://en.wiktionary.org/wiki/dinuagan
dioktok,noun,,seashells,,,https://en.wiktionary.org/wiki/dioktok
dipaha,noun,,made of straw,,,https://en.wiktionary.org/wiki/dipaha
diperensya,noun,,difference,,,https://en.wiktionary.org/wiki/diperensya
diruskas,noun,,screw,,,https://en.wiktionary.org/wiki/diruskas
disgrasya,noun,,"accident, mishap",,,https://en.wiktionary.org/wiki/disgrasya
diskurso,noun,,speech,,,https://en.wiktionary.org/wiki/diskurso
diskusyon,noun,,"debate, discussion",,,https://en.wiktionary.org/wiki/diskusyon
distansya,noun,,"distance, remoteness",,,https://en.wiktionary.org/wiki/distansya
distrito,noun,,a congressional district,,,https://en.wiktionary.org/wiki/distrito
ditil,noun,,clitoris,,,https://en.wiktionary.org/wiki/ditil
diwal,noun,,"sticking the tongue out
Synonym: walwal",,,https://en.wiktionary.org/wiki/diwal
diwata,noun,,"(mythology, folklore) In Filipino folklore, a fairy, spirit, usually a lesser god or goddess, believed to guard natural features such as forests.",,,https://en.wiktionary.org/wiki/diwata
doble,noun,,first/third-person singular present subjunctive of doblar,,,https://en.wiktionary.org/wiki/doble
dogwak,noun,,"(animals): crane, heron",,,https://en.wiktionary.org/wiki/dogwak
dokumento,noun,,document,,,https://en.wiktionary.org/wiki/dokumento
dool,noun,,"inflection of dolen:
first-person singular present indicative
(in case of inversion) second-person singular present indicative
imperative",,,https://en.wiktionary.org/wiki/dool
dorado,noun,,"A mahi-mahi or dolphinfish (Coryphaena hippurus), fish with a dorsal fin that runs the length of the body, also known for iridescent coloration.",,,https://en.wiktionary.org/wiki/dorado
dosena,noun,,"dozen
year unknown, Cecile Motus, Hiligaynon Lessons, Рипол Классик (→ISBN), page 214
Nagapatindug sang taytay ang manga tawu sang Kinahanglan sang enhenyero  kwarenta y singko ka bilug nga kahuy para sa Ang dosena sang bulak tag PO.60.  presyong Pl.15 ang duha ka dosena. Imelda sang apat ka dosena. Mabakal ...",,,https://en.wiktionary.org/wiki/dosena
dosis,noun,,dose,,,https://en.wiktionary.org/wiki/dosis
dotol,noun,,(animals): tick,,,https://en.wiktionary.org/wiki/dotol
dotol-dotol,noun,,diminutive of dotól: anything resembling a tick,,,https://en.wiktionary.org/wiki/dotol-dotol
duag,noun,,stave,,,https://en.wiktionary.org/wiki/duag
duaw,noun,,"to visit
Synonym: bisita",,,https://en.wiktionary.org/wiki/duaw
dugang,noun,,"(formal) addition; act of adding something
Synonym: dagdag",,,https://en.wiktionary.org/wiki/dugang
dughan,noun,,(anatomy) the chest; the breast; the thorax; the bosom,,,https://en.wiktionary.org/wiki/dughan
dugo,noun,,blood,,,https://en.wiktionary.org/wiki/dugo
dugos,noun,,"honeycomb
Synonym: anira",,,https://en.wiktionary.org/wiki/dugos
dugus,noun,,the best part of a thing,,,https://en.wiktionary.org/wiki/dugus
dugwak,noun,,the purple heron (Ardea purpurea),,,https://en.wiktionary.org/wiki/dugwak
duha-duha,noun,,by pairs; two by two; two at a time,,,https://en.wiktionary.org/wiki/duha-duha
duko,noun,,"stoop, act of bending over",,,https://en.wiktionary.org/wiki/duko
dul-ay,noun,,a lump of earth or dirt,,,https://en.wiktionary.org/wiki/dul-ay
dulang,noun,,"wood-carved basin; washbowl
Synonym: batya",,,https://en.wiktionary.org/wiki/dulang
dulangan,noun,,mine,,,https://en.wiktionary.org/wiki/dulangan
dulat,noun,,"awl, brad",,,https://en.wiktionary.org/wiki/dulat
dulis,noun,,meteorite,,,https://en.wiktionary.org/wiki/dulis
dulog,noun,,to sleep with; to cosleep,,,https://en.wiktionary.org/wiki/dulog
dulogan,noun,,stationary,,,https://en.wiktionary.org/wiki/dulogan
dulonan,noun,,"border, boundary, demarcation",,,https://en.wiktionary.org/wiki/dulonan
dulongan,noun,,parking,,,https://en.wiktionary.org/wiki/dulongan
dulot,noun,,"gift, present
Synonyms: regalo, premiyo, atang",,,https://en.wiktionary.org/wiki/dulot
dulud,noun,,shin,,,https://en.wiktionary.org/wiki/dulud
dulugokan,noun,,attraction,,,https://en.wiktionary.org/wiki/dulugokan
dulukdokan,noun,,grinder,,,https://en.wiktionary.org/wiki/dulukdokan
dulum,noun,,darkness; gloom,,,https://en.wiktionary.org/wiki/dulum
dulunggan,noun,,ear,,,https://en.wiktionary.org/wiki/dulunggan
dulus,noun,,"potter
Synonym: dulusçu
dulus dəzgahı/çarxı ― potter's wheel
dulus kürəsi ― pottery kiln",,,https://en.wiktionary.org/wiki/dulus
dumalagan,noun,,runaway,,,https://en.wiktionary.org/wiki/dumalagan
dumalagsa,noun,,emigrant,,,https://en.wiktionary.org/wiki/dumalagsa
dumalahan,noun,,"engineer, executive",,,https://en.wiktionary.org/wiki/dumalahan
dumot,noun,,"hatred, indignation, rage",,,https://en.wiktionary.org/wiki/dumot
dumuluaw,noun,,"guest, visitor",,,https://en.wiktionary.org/wiki/dumuluaw
dumulugok,noun,,audience,,,https://en.wiktionary.org/wiki/dumulugok
dumuluong,noun,,"alien, foreigner, stranger",,,https://en.wiktionary.org/wiki/dumuluong
dunang manggad,noun,,natural resources,,,https://en.wiktionary.org/wiki/dunang_manggad
dunkul,noun,,firewood,,,https://en.wiktionary.org/wiki/dunkul
dungan,noun,,"simultaneous; coinciding
Synonym: sabay-sabay",,,https://en.wiktionary.org/wiki/dungan
dungandungan,noun,,temple,,,https://en.wiktionary.org/wiki/dungandungan
dungdung,noun,,(idiomatic) to rain cats and dogs,,,https://en.wiktionary.org/wiki/dungdung
dungganon,noun,,"bigwig, celebrity, noble, royal",,,https://en.wiktionary.org/wiki/dungganon
dungkaan,noun,,"harbor; haven; port, wharf
Synonyms: dulungkaan, dulungan",,,https://en.wiktionary.org/wiki/dungkaan
dungkul,noun,,"firewood, log",,,https://en.wiktionary.org/wiki/dungkul
dungog,noun,,to hear,,,https://en.wiktionary.org/wiki/dungog
duog,noun,,"place, site
Synonym: lugar",,,https://en.wiktionary.org/wiki/duog
dupak,noun,,"dirty, foul, obscene, smutty",,,https://en.wiktionary.org/wiki/dupak
dupla,noun,,A form of bell used in some medieval clocks.[1][2],,,https://en.wiktionary.org/wiki/dupla
duplikado,noun,,duplicate,,,https://en.wiktionary.org/wiki/duplikado
dupoy,noun,,breeze,,,https://en.wiktionary.org/wiki/dupoy
duta,noun,,Clipping of dutasteride,,,https://en.wiktionary.org/wiki/duta
dutang panublion,noun,,patrimony,,,https://en.wiktionary.org/wiki/dutang_panublion
duyan,noun,,cradle,,,https://en.wiktionary.org/wiki/duyan
duyog,noun,,to provide musical accompaniment,,,https://en.wiktionary.org/wiki/duyog
duyong,noun,,a dugong,,,https://en.wiktionary.org/wiki/duyong
dyanitor,noun,,janitor,,,https://en.wiktionary.org/wiki/dyanitor
ebanhelyo,noun,,archaic form of ebanghelyo,,,https://en.wiktionary.org/wiki/ebanhelyo
ebanghelyo,noun,,gospel,,,https://en.wiktionary.org/wiki/ebanghelyo
edad,noun,,"age
Ano na an edad mo? ― How old are you now? (What is your age now?)",,,https://en.wiktionary.org/wiki/edad
edukasyon,noun,,"education
Synonyms: nanudan, naukdan",,,https://en.wiktionary.org/wiki/edukasyon
ehemplo,noun,,"example
Synonym: halimbawa",,,https://en.wiktionary.org/wiki/ehemplo
ehersisyo,noun,,an exercise; a physical activity intended to improve strength and fitness,,,https://en.wiktionary.org/wiki/ehersisyo
eklipse,noun,,"(astronomy) eclipse
Synonyms: kulop, pagkulop",,,https://en.wiktionary.org/wiki/eklipse
eksamen,noun,,"examination, exam (formal test)",,,https://en.wiktionary.org/wiki/eksamen
eleksyon,noun,,"election
Synonym: piniliay",,,https://en.wiktionary.org/wiki/eleksyon
elektrisidad,noun,,"electricity
Synonym: koriyente",,,https://en.wiktionary.org/wiki/elektrisidad
elepante,noun,,"elephant
Synonym: gadya",,,https://en.wiktionary.org/wiki/elepante
embahada,noun,,embassy,,,https://en.wiktionary.org/wiki/embahada
embahador,noun,,ambassador,,,https://en.wiktionary.org/wiki/embahador
embudo,noun,,funnel,,,https://en.wiktionary.org/wiki/embudo
empeine,noun,,herpes,,,https://en.wiktionary.org/wiki/empeine
emperador,noun,,emperor (ruler of an empire),,,https://en.wiktionary.org/wiki/emperador
enpermera,noun,,attendant,,,https://en.wiktionary.org/wiki/enpermera
entablado,noun,,(theater) stage,,,https://en.wiktionary.org/wiki/entablado
esensya,noun,,"essence; extract, tincture",,,https://en.wiktionary.org/wiki/esensya
eskandalo,noun,,scandal,,,https://en.wiktionary.org/wiki/eskandalo
eskoba,noun,,brush,,,https://en.wiktionary.org/wiki/eskoba
eskultor,noun,,sculptor,,,https://en.wiktionary.org/wiki/eskultor
eskuwela,noun,,school; learning institute,,,https://en.wiktionary.org/wiki/eskuwela
eskwala,noun,,(carpentry) square,,,https://en.wiktionary.org/wiki/eskwala
Espanya,noun,,"Spain (a country in Southern Europe, including most of the Iberian peninsula)",,,https://en.wiktionary.org/wiki/Espanya
espeho,noun,,"(dated or dialectal) mirror
Synonym: salming",,,https://en.wiktionary.org/wiki/espeho
espiritu,noun,,spirit,,,https://en.wiktionary.org/wiki/espiritu
estudyante,noun,,alternative spelling of estudiyante,,,https://en.wiktionary.org/wiki/estudyante
frankiyo,noun,,postage,,,https://en.wiktionary.org/wiki/frankiyo
fresa,noun,,strawberry (fruit),,,https://en.wiktionary.org/wiki/fresa
fuersa,noun,,"force, strength, vigor",,,https://en.wiktionary.org/wiki/fuersa
gab-e,noun,,night,,,https://en.wiktionary.org/wiki/gab-e
gab-i,noun,,evening; night,,,https://en.wiktionary.org/wiki/gab-i
gabi,noun,,"Colocasia esculenta, raised as a food primarily for its corm, which distantly resembles potato.",,,https://en.wiktionary.org/wiki/gabi
gabon,noun,,good night,,,https://en.wiktionary.org/wiki/gabon
gahud,noun,,"clatter, noise",,,https://en.wiktionary.org/wiki/gahud
gal-um,noun,,raincloud,,,https://en.wiktionary.org/wiki/gal-um
galab,noun,,body,,,https://en.wiktionary.org/wiki/galab
galingan,noun,,grinder,,,https://en.wiktionary.org/wiki/galingan
galyetas,noun,,"cracker, hardtack, biscuit",,,https://en.wiktionary.org/wiki/galyetas
gamhon,noun,,(botany) weed,,,https://en.wiktionary.org/wiki/gamhon
gamo,noun,,spoiled,,,https://en.wiktionary.org/wiki/gamo
gamosa,noun,,"A rectangular cloth, typically of red and white, used in a variety of ritual actions in Assamese culture.
2011, Arupa Patangia Kalita, translated by Deepika Phukan, The Story of Felanee:Mamoni's father was suggesting that both houses should fly an Assamese gamosa like a flag and Moni's father wouldn't hear of it.",,,https://en.wiktionary.org/wiki/gamosa
gamot,noun,,root,,,https://en.wiktionary.org/wiki/gamot
gana,noun,,"inflection of ganar:
third-person singular present indicative
second-person singular imperative",,,https://en.wiktionary.org/wiki/gana
ganhaan,noun,,door,,,https://en.wiktionary.org/wiki/ganhaan
gansa,noun,,Alternative form of ganza (“kind of wild goose”).,,,https://en.wiktionary.org/wiki/gansa
gansilyo,noun,,alternative form of gantsilyo,,,https://en.wiktionary.org/wiki/gansilyo
ganso,noun,,"goose
Synonym: gangsa",,,https://en.wiktionary.org/wiki/ganso
garahe,noun,,garage,,,https://en.wiktionary.org/wiki/garahe
garapata,noun,,"(US) A kind of wood tick.
1873, United States. Navy Department, Annual Reports of the Navy Department, page 188:[…]  principally among the former were the garapatas, a vicious species of wood-tick, which swarm almost every leaf and plant growing near the ground  […]
1890, Thomas Wallace Knox, The Boy Travellers in Mexico, page 508:One of the worst annoyances of their visit to Uxmal was that whenever they moved about they became covered with garapatas. The garapata is a tick so small that it is hardly perceptible to the naked eye, but it is capable of making a bite or sting like that of a red ant or a hot needle.",,,https://en.wiktionary.org/wiki/garapata
garbanso,noun,,"chickpea, garbanzo",,,https://en.wiktionary.org/wiki/garbanso
garuk,noun,,filth,,,https://en.wiktionary.org/wiki/garuk
gasolina,noun,,"gasoline, petrol (motor fuel)",,,https://en.wiktionary.org/wiki/gasolina
gata,noun,,A kind of pastry in Armenia and some neighboring countries.,,,https://en.wiktionary.org/wiki/gata
gatas,noun,,plural of gata,,,https://en.wiktionary.org/wiki/gatas
gatong,noun,,firewood; fuel,,,https://en.wiktionary.org/wiki/gatong
gawahan,noun,,window,,,https://en.wiktionary.org/wiki/gawahan
gawgaw,noun,,starch,,,https://en.wiktionary.org/wiki/gawgaw
gawi,noun,,female,,,https://en.wiktionary.org/wiki/gawi
gesantes,noun,,"snow pea, sugar snap pea",,,https://en.wiktionary.org/wiki/gesantes
gia,noun,,(international standards) ISO 639-3 language code for Kitja.,,,https://en.wiktionary.org/wiki/gia
gibungan,noun,,the junction of two or more rivers,,,https://en.wiktionary.org/wiki/gibungan
gibwangan,noun,,the junction of two or more rivers,,,https://en.wiktionary.org/wiki/gibwangan
gikan,noun,,"(formal) from
Synonym: hali",,,https://en.wiktionary.org/wiki/gikan
ginagihan,noun,,incidents and events that happen to a person during their life,,,https://en.wiktionary.org/wiki/ginagihan
ginharian,noun,,"domain; empire; kingdom; monarchy; realm; sovereignty
Synonym: dakhari",,,https://en.wiktionary.org/wiki/ginharian
ginhawa,noun,,to breathe,,,https://en.wiktionary.org/wiki/ginhawa
ginhawaan,noun,,"trachea, windpipe",,,https://en.wiktionary.org/wiki/ginhawaan
ginikanan,noun,,"(formal) origin
Synonym: pinanghalian",,,https://en.wiktionary.org/wiki/ginikanan
ginoo,noun,,deity; god,,,https://en.wiktionary.org/wiki/ginoo
ginsakpan,noun,,"realm, dominion",,,https://en.wiktionary.org/wiki/ginsakpan
gintung-an,noun,,"center, middle, midpoint",,,https://en.wiktionary.org/wiki/gintung-an
ginuo,noun,,sir,,,https://en.wiktionary.org/wiki/ginuo
ginutlan,noun,,"interlude, interval",,,https://en.wiktionary.org/wiki/ginutlan
ginggon,noun,,gingham,,,https://en.wiktionary.org/wiki/ginggon
gingikanan,noun,,"beginning, commencement, lineage, origin, root, source, start",,,https://en.wiktionary.org/wiki/gingikanan
gisi,noun,,my brother,,,https://en.wiktionary.org/wiki/gisi
giwa-os,noun,,"dearth of food, famine, misery",,,https://en.wiktionary.org/wiki/giwa-os
giwaos,noun,,alternative spelling of giwá-os,,,https://en.wiktionary.org/wiki/giwaos
gora,noun,,(South Asia) Pertaining to a fair-skinned or European person. [from 19th c.],,,https://en.wiktionary.org/wiki/gora
grasya,noun,,alternative spelling of grasiya,,,https://en.wiktionary.org/wiki/grasya
gratipikasyon,noun,,"gratuity, reward, tip, (gratuity, reward)",,,https://en.wiktionary.org/wiki/gratipikasyon
gripo,noun,,faucet; tap; spigot,,,https://en.wiktionary.org/wiki/gripo
grumete,noun,,crew,,,https://en.wiktionary.org/wiki/grumete
guban,noun,,"brigade, group, throng",,,https://en.wiktionary.org/wiki/guban
gulang,noun,,"mature (fruits)
Antonym: linghod",,,https://en.wiktionary.org/wiki/gulang
guluwaan,noun,,"exit, escape, egress",,,https://en.wiktionary.org/wiki/guluwaan
gumulua,noun,,cast,,,https://en.wiktionary.org/wiki/gumulua
gunting,noun,,scissors,,,https://en.wiktionary.org/wiki/gunting
guray,noun,,"streak, stripe",,,https://en.wiktionary.org/wiki/guray
guray-guray,noun,,stripe,,,https://en.wiktionary.org/wiki/guray-guray
gusok,noun,,(anatomy) rib,,,https://en.wiktionary.org/wiki/gusok
gutom,noun,,"hungry; famished
Synonym: punaw
Coordinate term: paha
Gutom na an bisita.The visitor is already hungry.",,,https://en.wiktionary.org/wiki/gutom
guya,noun,,"allegedly, supposedly; as if
Niyə soruşursan? Guya cavabını özün bilmirsən.Why are you asking? As if you don't know the answer yourself.
Sevmədiyi bir nəfər öləndə, yalandan ağladı, guya qanı qaralmışdı.When someone s/he didn't like died, s/he fake-cried, as if s/he were sad.",,,https://en.wiktionary.org/wiki/guya
guyum,noun,,"ant, (various, species)",,,https://en.wiktionary.org/wiki/guyum
gwantes,noun,,gloves,,,https://en.wiktionary.org/wiki/gwantes
gwardya,noun,,alternative form of guwardiya,,,https://en.wiktionary.org/wiki/gwardya
habagat,noun,,"south
Synonym: sur",,,https://en.wiktionary.org/wiki/habagat
habol,noun,,weave of cloth,,,https://en.wiktionary.org/wiki/habol
habon,noun,,soap,,,https://en.wiktionary.org/wiki/habon
habul,noun,,blanket,,,https://en.wiktionary.org/wiki/habul
habyog,noun,,a sweet cloudy drink made from fermented sugar palm sap,,,https://en.wiktionary.org/wiki/habyog
hadlok,noun,,"to fear, to dread",,,https://en.wiktionary.org/wiki/hadlok
hagdanan,noun,,"(dialectal, Daet) alternative form of hagyanan",,,https://en.wiktionary.org/wiki/hagdanan
hagna,noun,,"motion, proposal",,,https://en.wiktionary.org/wiki/hagna
hagunghung,noun,,a rumbling sound,,,https://en.wiktionary.org/wiki/hagunghung
hagurot,noun,,flash,,,https://en.wiktionary.org/wiki/hagurot
haklu,noun,,breathe,,,https://en.wiktionary.org/wiki/haklu
hakuhaku,noun,,haste,,,https://en.wiktionary.org/wiki/hakuhaku
hal-o,noun,,pestle,,,https://en.wiktionary.org/wiki/hal-o
hal-u,noun,,pestle,,,https://en.wiktionary.org/wiki/hal-u
halalban,noun,,"meadow, pasture",,,https://en.wiktionary.org/wiki/halalban
halalongan,noun,,"delicate, precaution",,,https://en.wiktionary.org/wiki/halalongan
halaran,noun,,third-person plural future indicative of halar,,,https://en.wiktionary.org/wiki/halaran
halas,noun,,plural of hala,,,https://en.wiktionary.org/wiki/halas
halea,noun,,jelly,,,https://en.wiktionary.org/wiki/halea
haligi,noun,,column; pillar; post,,,https://en.wiktionary.org/wiki/haligi
halimbawa,noun,,"for example; for instance
Synonym: por ehemplo",,,https://en.wiktionary.org/wiki/halimbawa
halintang,noun,,"degree, grade",,,https://en.wiktionary.org/wiki/halintang
haloan,noun,,a mudfish,,,https://en.wiktionary.org/wiki/haloan
halon,noun,,"(organic chemistry) A hydrocarbon (more precisely haloalkane) in which one or more hydrogen atoms have been replaced by halogens
Synonym: haloalkane
2009 February 12, Azadeh Ensha, “A Cellphone That Is Made With the Environment in Mind”, in New York Times‎[1]:The Renew is also free of polyvinyl chloride, asbestos, chlorofluorocarbons and halons.",,,https://en.wiktionary.org/wiki/halon
haluk,noun,,kiss,,,https://en.wiktionary.org/wiki/haluk
hamon,noun,,"A wavy line found on steel products that have been hardened differentially, with soft and hard steel sections, where the tempered steel is separated from the softer parts by the hamon.",,,https://en.wiktionary.org/wiki/hamon
hamot,noun,,"aroma; fragrance
Antonyms: bata, bangog",,,https://en.wiktionary.org/wiki/hamot
hampang,noun,,"opposite
Synonym: timbang",,,https://en.wiktionary.org/wiki/hampang
hampangan,noun,,"instance of being across from, opposite of one another",,,https://en.wiktionary.org/wiki/hampangan
hanluk,noun,,alternative spelling of hánlug,,,https://en.wiktionary.org/wiki/hanluk
hangaway,noun,,"martial, warlike",,,https://en.wiktionary.org/wiki/hangaway
hangga,noun,,(pathology) chickenpox; varicella,,,https://en.wiktionary.org/wiki/hangga
hangin,noun,,wind (movement of air),,,https://en.wiktionary.org/wiki/hangin
hanginero,noun,,"windbag; braggart
Synonym: hanginon",,,https://en.wiktionary.org/wiki/hanginero
hapon,noun,,afternoon,,,https://en.wiktionary.org/wiki/hapon
haroan,noun,,a mudfish,,,https://en.wiktionary.org/wiki/haroan
harupot,noun,,"breeze
Synonym: huyuhoy",,,https://en.wiktionary.org/wiki/harupot
hawak,noun,,"(anatomy) body; torso
Synonym: lawas",,,https://en.wiktionary.org/wiki/hawak
hikab,noun,,"(pathology) asthma
Synonym: usang",,,https://en.wiktionary.org/wiki/hikab
hilanat,noun,,"fever
Synonym: kalentura",,,https://en.wiktionary.org/wiki/hilanat
hima,noun,,clam,,,https://en.wiktionary.org/wiki/hima
himatayon,noun,,"dying; about to die
Synonym: himalatyon",,,https://en.wiktionary.org/wiki/himatayon
himaya,noun,,glory; worship or praise,,,https://en.wiktionary.org/wiki/himaya
hinablos,noun,,nephew ; niece,,,https://en.wiktionary.org/wiki/hinablos
hinakay,noun,,"a charge, fare, or fee",,,https://en.wiktionary.org/wiki/hinakay
hinalabuab,noun,,offspring,,,https://en.wiktionary.org/wiki/hinalabuab
hinambalan,noun,,promise,,,https://en.wiktionary.org/wiki/hinambalan
hinugyaw,noun,,excitement,,,https://en.wiktionary.org/wiki/hinugyaw
hingabot,noun,,lust,,,https://en.wiktionary.org/wiki/hingabot
hinganiban,noun,,"(obsolete) any weapon, defensive or offensive
Synonyms: hinagiban, armas",,,https://en.wiktionary.org/wiki/hinganiban
hingudto,noun,,the sun's zenith; midday,,,https://en.wiktionary.org/wiki/hingudto
hinguyang,noun,,expense,,,https://en.wiktionary.org/wiki/hinguyang
hiphip,noun,,bribe,,,https://en.wiktionary.org/wiki/hiphip
hiwit,noun,,"a bewitchment, charm, or spell",,,https://en.wiktionary.org/wiki/hiwit
hiyas,noun,,jewel,,,https://en.wiktionary.org/wiki/hiyas
hoyohoy,noun,,alternative spelling of huyuhoy,,,https://en.wiktionary.org/wiki/hoyohoy
huad,noun,,something that is counterfeit or facsimile,,,https://en.wiktionary.org/wiki/huad
huaran,noun,,example,,,https://en.wiktionary.org/wiki/huaran
hulip,noun,,to replace; to take the place of; to supply the want of; to fulfill the end or office of,,,https://en.wiktionary.org/wiki/hulip
hulonan,noun,,roost,,,https://en.wiktionary.org/wiki/hulonan
hulugpaan,noun,,"airport
Hulugpaan sang Roxas
Roxas Airport",,,https://en.wiktionary.org/wiki/hulugpaan
hulusayon,noun,,question,,,https://en.wiktionary.org/wiki/hulusayon
humbak,noun,,wake; the path left behind a ship on the surface of the water,,,https://en.wiktionary.org/wiki/humbak
hupa,noun,,quickly diminishing,,,https://en.wiktionary.org/wiki/hupa
husay,noun,,"neat, well-arranged
Synonym: pakarhay",,,https://en.wiktionary.org/wiki/husay
hutik,noun,,whisper,,,https://en.wiktionary.org/wiki/hutik
huyuhoy,noun,,"(uncommon) breeze
Synonyms: hayahay, paros",,,https://en.wiktionary.org/wiki/huyuhoy
idalum,noun,,underneath; beneath; below,,,https://en.wiktionary.org/wiki/idalum
ignorante,noun,,"ignorant
Synonym: mangmang",,,https://en.wiktionary.org/wiki/ignorante
ihi,noun,,(international standards) ISO 639-3 language code for Ihievbe.,,,https://en.wiktionary.org/wiki/ihi
ikog,noun,,tail,,,https://en.wiktionary.org/wiki/ikog
ilaga,noun,,rat (medium-sized rodent of Genus Rattus),,,https://en.wiktionary.org/wiki/ilaga
ilisan,noun,,dressing room where someone changes clothing,,,https://en.wiktionary.org/wiki/ilisan
ilo,noun,,(international standards) ISO 639-2 & ISO 639-3 language code for Ilocano.,,,https://en.wiktionary.org/wiki/ilo
ilok,noun,,(anatomy) armpit,,,https://en.wiktionary.org/wiki/ilok
ilong,noun,,nose,,,https://en.wiktionary.org/wiki/ilong
init,noun,,"(computing) Clipping of initialization.
After the sixth successive system init he had to concede that the database was corrupt.",,,https://en.wiktionary.org/wiki/init
inpierno,noun,,hell,,,https://en.wiktionary.org/wiki/inpierno
ingol,noun,,"scarcity, dearth",,,https://en.wiktionary.org/wiki/ingol
ipot-ipot,noun,,firefly,,,https://en.wiktionary.org/wiki/ipot-ipot
isa,noun,,(international standards) ISO 639-3 language code for Isabi.,,,https://en.wiktionary.org/wiki/isa
isda,noun,,"(Daet) fish
Synonym: sira",,,https://en.wiktionary.org/wiki/isda
itom,noun,,black (color/colour),,,https://en.wiktionary.org/wiki/itom
iyot,noun,,"(vulgar) coitus; sexual intercourse
Synonyms: habal, kayat, hilawas, jerjer, torjak",,,https://en.wiktionary.org/wiki/iyot
kaagahon,noun,,dawn,,,https://en.wiktionary.org/wiki/kaagahon
kaambong,noun,,handsomeness,,,https://en.wiktionary.org/wiki/kaambong
kaaway,noun,,enemy; foe,,,https://en.wiktionary.org/wiki/kaaway
kabakahan,noun,,cattle,,,https://en.wiktionary.org/wiki/kabakahan
kabalyero,noun,,peacock flower (Caesalpinia pulcherrima),,,https://en.wiktionary.org/wiki/kabalyero
kabanyagaan,noun,,"mean, malicious, vile, wicked",,,https://en.wiktionary.org/wiki/kabanyagaan
kabangisan,noun,,"violence; cruelty; wickedness
Synonyms: kaisogan, kakurihan, karingisan",,,https://en.wiktionary.org/wiki/kabangisan
kabayo,noun,,horse,,,https://en.wiktionary.org/wiki/kabayo
kabesera,noun,,head of the table,,,https://en.wiktionary.org/wiki/kabesera
kabuang,noun,,madness; insanity,,,https://en.wiktionary.org/wiki/kabuang
kabugaw,noun,,the Kaffir lime (Citrus hystrix),,,https://en.wiktionary.org/wiki/kabugaw
kabuhi,noun,,"an illness characterized by dizziness, nausea, chills and symptoms similar to hyperacidity, gripes, heartburn and gastroesophageal reflux disease",,,https://en.wiktionary.org/wiki/kabuhi
kabulig,noun,,"assistant, helper
Synonym: katabang",,,https://en.wiktionary.org/wiki/kabulig
kadak-an,noun,,hall,,,https://en.wiktionary.org/wiki/kadak-an
kadalag-an,noun,,success,,,https://en.wiktionary.org/wiki/kadalag-an
kadang,noun,,"stilts
Nagalakát silá sa kádang.They are walking on stilts.",,,https://en.wiktionary.org/wiki/kadang
kadugay,noun,,duration,,,https://en.wiktionary.org/wiki/kadugay
kadumot,noun,,"hatred, grudge
Antonym: higugma",,,https://en.wiktionary.org/wiki/kadumot
kadumut,noun,,alternative spelling of kadumot,,,https://en.wiktionary.org/wiki/kadumut
kagab-i,noun,,last night,,,https://en.wiktionary.org/wiki/kagab-i
kagagmayan,noun,,the poor or uninfluential members of a community,,,https://en.wiktionary.org/wiki/kagagmayan
kagaw,noun,,scratching (relief for an itch),,,https://en.wiktionary.org/wiki/kagaw
kagayonan,noun,,"beauty; splendor
Synonym: kadahoman",,,https://en.wiktionary.org/wiki/kagayonan
kagulangan,noun,,old-growth forest,,,https://en.wiktionary.org/wiki/kagulangan
kahas,noun,,daringness,,,https://en.wiktionary.org/wiki/kahas
kahikaw,noun,,"envy, spite",,,https://en.wiktionary.org/wiki/kahikaw
kahilwayan,noun,,"freedom; liberty
Synonym: kaluasan",,,https://en.wiktionary.org/wiki/kahilwayan
kahinguyangan,noun,,"expenditure, waste",,,https://en.wiktionary.org/wiki/kahinguyangan
kahoy,noun,,tree; wood,,,https://en.wiktionary.org/wiki/kahoy
kahubug,noun,,drunkenness; intoxication; inebriation,,,https://en.wiktionary.org/wiki/kahubug
kaisug,noun,,courage,,,https://en.wiktionary.org/wiki/kaisug
kalabasa,noun,,squash,,,https://en.wiktionary.org/wiki/kalabasa
kaladlawan,noun,,comic,,,https://en.wiktionary.org/wiki/kaladlawan
kalag,noun,,"a ghost; a spirit; a soul
Synonyms: espiritu, multo",,,https://en.wiktionary.org/wiki/kalag
kalagday,noun,,"gentleness, tenderness",,,https://en.wiktionary.org/wiki/kalagday
kalaglagan,noun,,"destruction, perdition, ruin",,,https://en.wiktionary.org/wiki/kalaglagan
kalamunding,noun,,calamondin,,,https://en.wiktionary.org/wiki/kalamunding
kalan-on,noun,,"food, especially rice",,,https://en.wiktionary.org/wiki/kalan-on
kalayo,noun,,"fire; flame
Synonym: laad",,,https://en.wiktionary.org/wiki/kalayo
kaldera,noun,,caldera,,,https://en.wiktionary.org/wiki/kaldera
kalibutan,noun,,world,,,https://en.wiktionary.org/wiki/kalibutan
kalipay,noun,,happiness,,,https://en.wiktionary.org/wiki/kalipay
kalis,noun,,A Filipino sword akin to the kris.,,,https://en.wiktionary.org/wiki/kalis
kalisang,noun,,"horror, terror",,,https://en.wiktionary.org/wiki/kalisang
kalooy,noun,,"mercy
Synonym: awa",,,https://en.wiktionary.org/wiki/kalooy
kalsada,noun,,"road; street
Synonym: dalan",,,https://en.wiktionary.org/wiki/kalsada
kamalig,noun,,"hut
Synonyms: payag-payag, lungalong, balayan",,,https://en.wiktionary.org/wiki/kamalig
kamatayon,noun,,"death
Antonym: kinabuhi",,,https://en.wiktionary.org/wiki/kamatayon
kamatis,noun,,tomato,,,https://en.wiktionary.org/wiki/kamatis
kamatuoran,noun,,truth; veracity,,,https://en.wiktionary.org/wiki/kamatuoran
kampana,noun,,"large bell
Synonym: bagtingan",,,https://en.wiktionary.org/wiki/kampana
kan-on,noun,,boiled rice; cooked rice,,,https://en.wiktionary.org/wiki/kan-on
kanding,noun,,goat,,,https://en.wiktionary.org/wiki/kanding
kapanganuran,noun,,the clouds,,,https://en.wiktionary.org/wiki/kapanganuran
kapatid,noun,,sibling,,,https://en.wiktionary.org/wiki/kapatid
kapatol,noun,,"strength, determination",,,https://en.wiktionary.org/wiki/kapatol
kapaul,noun,,"fatigue, weariness",,,https://en.wiktionary.org/wiki/kapaul
kapay,noun,,"crazy; insane
Synonyms: bua, loko, rungaw, lapong, lado, kablas",,,https://en.wiktionary.org/wiki/kapay
kape,noun,,(obsolete) Pronunciation spelling of keep.,,,https://en.wiktionary.org/wiki/kape
kapid,noun,,nominative plural of kapp,,,https://en.wiktionary.org/wiki/kapid
kapilya,noun,,chapel,,,https://en.wiktionary.org/wiki/kapilya
karabaw,noun,,carabao; water buffalo,,,https://en.wiktionary.org/wiki/karabaw
karnabal,noun,,"carnival; fair traveling amusement park
Synonym: perya",,,https://en.wiktionary.org/wiki/karnabal
karwahe,noun,,four-wheeled horse-drawn carriage,,,https://en.wiktionary.org/wiki/karwahe
kasag,noun,,crab (saltwater),,,https://en.wiktionary.org/wiki/kasag
kasing,noun,,"a top or spinning top, made of wood and spun by a string",,,https://en.wiktionary.org/wiki/kasing
kasingkasing,noun,,"(anatomy) heart
Synonym: korason",,,https://en.wiktionary.org/wiki/kasingkasing
kasirum,noun,,evening,,,https://en.wiktionary.org/wiki/kasirum
kasisit-an,noun,,"difficulties, troubles",,,https://en.wiktionary.org/wiki/kasisit-an
kasulya,noun,,(Christianity) chasuble,,,https://en.wiktionary.org/wiki/kasulya
katig,noun,,outrigger,,,https://en.wiktionary.org/wiki/katig
Katsila,noun,,"Spanish
Synonym: Espanyol",,,https://en.wiktionary.org/wiki/Katsila
katulundan,noun,,sunset,,,https://en.wiktionary.org/wiki/katulundan
kauswagan,noun,,"advancement; improvement
Synonym: kalamboan",,,https://en.wiktionary.org/wiki/kauswagan
kawa,noun,,Alternative form of kava.,,,https://en.wiktionary.org/wiki/kawa
kawatan,noun,,"a toy
An paborito kong kawatan.My favorite toy.",,,https://en.wiktionary.org/wiki/kawatan
kawayan,noun,,"bamboo
Synonyms: kalap, butong",,,https://en.wiktionary.org/wiki/kawayan
kawayanan,noun,,bamboo grove or plantation,,,https://en.wiktionary.org/wiki/kawayanan
kawing,noun,,present participle and gerund of kaw,,,https://en.wiktionary.org/wiki/kawing
kawit,noun,,"hook
Synonym: gantso",,,https://en.wiktionary.org/wiki/kawit
kawkus,noun,,caucus,,,https://en.wiktionary.org/wiki/kawkus
kilat,noun,,lightning (flash of light),,,https://en.wiktionary.org/wiki/kilat
kilay,noun,,(anatomy) eyebrow; brow,,,https://en.wiktionary.org/wiki/kilay
kinataohan,noun,,birthday,,,https://en.wiktionary.org/wiki/kinataohan
kolera,noun,,"anger, rage
Synonym: amorru",,,https://en.wiktionary.org/wiki/kolera
kolintas,noun,,rosary,,,https://en.wiktionary.org/wiki/kolintas
koltson,noun,,mattress,,,https://en.wiktionary.org/wiki/koltson
kompanyero,noun,,"companion
Synonyms: kaibahan, kabohan",,,https://en.wiktionary.org/wiki/kompanyero
konbensyon,noun,,"convention, meeting",,,https://en.wiktionary.org/wiki/konbensyon
korason,noun,,"(anatomy) heart
Synonym: kasingkasing",,,https://en.wiktionary.org/wiki/korason
kubrekama,noun,,bedsheet; bedspread,,,https://en.wiktionary.org/wiki/kubrekama
kudyapi,noun,,a boat-shaped lute,,,https://en.wiktionary.org/wiki/kudyapi
kulantro,noun,,cilantro (US); coriander (UK),,,https://en.wiktionary.org/wiki/kulantro
kuning,noun,,yellow,,,https://en.wiktionary.org/wiki/kuning
kuring,noun,,cat,,,https://en.wiktionary.org/wiki/kuring
kusina,noun,,kitchen,,,https://en.wiktionary.org/wiki/kusina
kutkut,noun,,alternative spelling of kutkot,,,https://en.wiktionary.org/wiki/kutkut
kuto,noun,,louse,,,https://en.wiktionary.org/wiki/kuto
kutsara,noun,,spoon,,,https://en.wiktionary.org/wiki/kutsara
kutsarita,noun,,teaspoon,,,https://en.wiktionary.org/wiki/kutsarita
kutsilyo,noun,,(cutlery) kitchen knife,,,https://en.wiktionary.org/wiki/kutsilyo
kutud,noun,,"boundary, line",,,https://en.wiktionary.org/wiki/kutud
kuul,noun,,"ball, especially a heavy one",,,https://en.wiktionary.org/wiki/kuul
kwadra,noun,,shed,,,https://en.wiktionary.org/wiki/kwadra
kwarentenas,noun,,quarantine,,,https://en.wiktionary.org/wiki/kwarentenas
labaha,noun,,"razor
Synonym: pang-ahit",,,https://en.wiktionary.org/wiki/labaha
lae,noun,,(international standards) ISO 639-3 language code for Pattani.,,,https://en.wiktionary.org/wiki/lae
lag-it,noun,,"cheat, imposter, sneak, swindler, trickster",,,https://en.wiktionary.org/wiki/lag-it
lagari,noun,,saw (tool),,,https://en.wiktionary.org/wiki/lagari
lagwerta,noun,,alternative form of laguwerta,,,https://en.wiktionary.org/wiki/lagwerta
lagwertero,noun,,gardener,,,https://en.wiktionary.org/wiki/lagwertero
lala,noun,,Alternative form of ilala.,,,https://en.wiktionary.org/wiki/lala
lalaki,noun,,"a man; a male human
Coordinate term: babayi",,,https://en.wiktionary.org/wiki/lalaki
lamok,noun,,mosquito,,,https://en.wiktionary.org/wiki/lamok
landong,noun,,"shadow
Synonym: halon",,,https://en.wiktionary.org/wiki/landong
lanog,noun,,"weal; bruise, black eye",,,https://en.wiktionary.org/wiki/lanog
lansang,noun,,nail (metal pin),,,https://en.wiktionary.org/wiki/lansang
langgaw,noun,,vinegar,,,https://en.wiktionary.org/wiki/langgaw
langit,noun,,sky,,,https://en.wiktionary.org/wiki/langit
langoy,noun,,"swim, swimming",,,https://en.wiktionary.org/wiki/langoy
lap-ok,noun,,blister,,,https://en.wiktionary.org/wiki/lap-ok
larawanan,noun,,photographer's studio,,,https://en.wiktionary.org/wiki/larawanan
lasi,noun,,"to leave
1905, L. L. Zamenhof, Fundamento de Esperanto, Antaŭparolo:Mi permesis al mi nur korekti la preserarojn; sed se ia vorto estis erare aŭ nelerte tradukita, mi ĝin lasis en tiu ĉi libro tute senŝanĝeI allowed myself only to correct the printing errors; but if any word was erroneously or unskillfully translated, I left it in this book entirely unchanged",,,https://en.wiktionary.org/wiki/lasi
latagon,noun,,"valley, a rural area",,,https://en.wiktionary.org/wiki/latagon
latayan,noun,,a narrow bridge often with no handrail,,,https://en.wiktionary.org/wiki/latayan
latok,noun,,(dated) small table,,,https://en.wiktionary.org/wiki/latok
lawa,noun,,spider,,,https://en.wiktionary.org/wiki/lawa
lawas,noun,,old,,,https://en.wiktionary.org/wiki/lawas
layi,noun,,"adultery
Synonym: láè",,,https://en.wiktionary.org/wiki/layi
libre,noun,,"(obsolete, rare) Especially of the will: free, independent, unconstrained.
1599, Alexander Hume, “Of Gods Benefites Bestowed vpon Man”, in Hymnes, or Sacred Songs, […], Edinburgh: Printed by Robert Walde-graue, […], →OCLC; republished as John Gardiner Kinnear, editor, Hymns and Sacred Songs, […] (Bannatyne Club Publications; 41), Edinburgh: Printed by Ballantyne and Co. [for the Bannatyne Club], 1832, →OCLC, page 10:He [God] Adame lent a libre will to follow what he liſt, / And with his holy ſpirit, and grace his choſen dois aſſiſt: [...]",,,https://en.wiktionary.org/wiki/libre
likod,noun,,(anatomy) back,,,https://en.wiktionary.org/wiki/likod
lima,noun,,Alternative letter-case form of Lima of the ICAO/NATO radiotelephony alphabet.,,,https://en.wiktionary.org/wiki/lima
linaw,noun,,"clarity, clearness
Synonym: liwanag
Antonyms: libog, labog",,,https://en.wiktionary.org/wiki/linaw
linog,noun,,earthquake,,,https://en.wiktionary.org/wiki/linog
linti,noun,,"lentils
Synonym: pãpudã",,,https://en.wiktionary.org/wiki/linti
lingkoranan,noun,,"a seat; a chair
Synonym: siya",,,https://en.wiktionary.org/wiki/lingkoranan
liog,noun,,(anatomy) neck,,,https://en.wiktionary.org/wiki/liog
liso,noun,,"seed
Synonym: binhi",,,https://en.wiktionary.org/wiki/liso
lomot,noun,,moss (plants of the division Bryophyta),,,https://en.wiktionary.org/wiki/lomot
luab,noun,,collar,,,https://en.wiktionary.org/wiki/luab
lubi,noun,,"(mythology) a mythological figure of Albanian folklore imagined as a spiteful multiheaded serpentine dragon woman (also imagined as a serpent or demon), not dissimilar to a Lernean Hydra in Ancient Greek folklore. The number of heads varies from 7 to 100, and when one is cut off another grows in its place.
Synonym: kuçedër",,,https://en.wiktionary.org/wiki/lubi
lubong,noun,,"burial (act of burying)
Synonym: talbong",,,https://en.wiktionary.org/wiki/lubong
lugpitan,noun,,"press, vice, clamp",,,https://en.wiktionary.org/wiki/lugpitan
luha,noun,,tear,,,https://en.wiktionary.org/wiki/luha
lunang,noun,,mud,,,https://en.wiktionary.org/wiki/lunang
lungsod,noun,,"city
Synonym: siyudad",,,https://en.wiktionary.org/wiki/lungsod
luy-a,noun,,ginger (Zingiber officinale),,,https://en.wiktionary.org/wiki/luy-a
mais,noun,,maize; corn,,,https://en.wiktionary.org/wiki/mais
mamaw,noun,,"(UK, dialect, Scottish lowlands) One's mother.",,,https://en.wiktionary.org/wiki/mamaw
man-og,noun,,snake,,,https://en.wiktionary.org/wiki/man-og
mananap,noun,,"any animal
Coordinate terms: hayop, ihalas",,,https://en.wiktionary.org/wiki/mananap
manang,noun,,elder sister; big sister,,,https://en.wiktionary.org/wiki/manang
manay,noun,,"male
ca kading manay ― a male goat",,,https://en.wiktionary.org/wiki/manay
manok,noun,,"chicken, poultry, fowl",,,https://en.wiktionary.org/wiki/manok
manol,noun,,the Arabian jasmine (Jasminum sambac),,,https://en.wiktionary.org/wiki/manol
manong,noun,,elder brother; big brother,,,https://en.wiktionary.org/wiki/manong
manoy,noun,,"elder brother; big brother
Nagtatabang si manoy sa samuyang mga magurang sa mga gibohon sa harong.Our big brother helps our parents do housework.",,,https://en.wiktionary.org/wiki/manoy
mangga,noun,,mango,,,https://en.wiktionary.org/wiki/mangga
mango,noun,,"A tropical Asian fruit tree, Mangifera indica.
1980, Bruce Chatwin, The Viceroy of Ouidah, page 146:On the hot days, he would lie in the shade of a mango and let little Eugenia clamber over his belly and tug at his beard.",,,https://en.wiktionary.org/wiki/mango
maragomo,noun,,short with someone,,,https://en.wiktionary.org/wiki/maragomo
mata,noun,,"A respectful title for a female spiritual leader or for a wife, mother, or grandmother of a male spiritual leader.",,,https://en.wiktionary.org/wiki/mata
matápan,noun,,"flat, level, plain",,,https://en.wiktionary.org/wiki/mat%C3%A1pan
milok,noun,,eyelash,,,https://en.wiktionary.org/wiki/milok
monyeka,noun,,alternative spelling of munyeka,,,https://en.wiktionary.org/wiki/monyeka
multa,noun,,fine,,,https://en.wiktionary.org/wiki/multa
mumho,noun,,fallen crumbs of cooked rice on the floor or table,,,https://en.wiktionary.org/wiki/mumho
munga,noun,,(obsolete) The bonnet monkey.,,,https://en.wiktionary.org/wiki/munga
musika,noun,,music,,,https://en.wiktionary.org/wiki/musika
namit,noun,,"taste, flavor
Synonyms: tana, lasa
Ano an namit kaiyan?What's the taste of it?",,,https://en.wiktionary.org/wiki/namit
Negrense,noun,,A native or inhabitant of the Philippine island of Negros,,,https://en.wiktionary.org/wiki/Negrense
nipa,noun,,A palm tree of the species Nypa fruticans.,,,https://en.wiktionary.org/wiki/nipa
numero,noun,,The sign ⟨ № ⟩.,,,https://en.wiktionary.org/wiki/numero
ngalan,noun,,name,,,https://en.wiktionary.org/wiki/ngalan
okra,noun,,"The edible immature mucilaginous seed pod (properly, capsule) of the Abelmoschus esculentus.
1679, Thomas Trapham, A Discourse of the State of Health in the Island of Jamaica..., pages 59–60:...as a food easy of digestion may well be admitted likewise the young Ocra an agreeable Food as well for the species as individual, dressed variously according to pleasure...
1940, Farmers' Bulletin, number 232, page 7:Select young okra, wash thoroughly, remove the stems, and wipe the okra dry.
1997, Lisette Verlander et al., The Cookin' Cajun Cooking School Cookbook, page 25:Wash and dry okra, remove stems, and slice in one-inch rounds. (If using frozen okra, do not wash.) Heat two tablespoons oil in a heavy saucepan other than black iron. Saute okra in oil and vinegar, stirring often until ropiness is gone.
2006, Francis N. Wiltz, In the Kitchen with Papa Wiltz, page 1:I hated cooking okra because it was so slimy when you first start.",,,https://en.wiktionary.org/wiki/okra
paa,noun,,(international standards) ISO 639-2 & ISO 639-5 language code for Papuan languages.,,,https://en.wiktionary.org/wiki/paa
paalam,noun,,causative of álam,,,https://en.wiktionary.org/wiki/paalam
pabrika,noun,,factory,,,https://en.wiktionary.org/wiki/pabrika
pader,noun,,stone or concrete wall or fence,,,https://en.wiktionary.org/wiki/pader
padong,noun,,umbrella,,,https://en.wiktionary.org/wiki/padong
padugi,noun,,method,,,https://en.wiktionary.org/wiki/padugi
paglaum,noun,,hope,,,https://en.wiktionary.org/wiki/paglaum
paka,noun,,frog,,,https://en.wiktionary.org/wiki/paka
paklay,noun,,"a Filipino dish made from various pork, goat, or beef tripe or offal (internal organs), with sautéed spices, such as julienned ginger, chilis (siling mahaba), bamboo shoots (labong), carrots, bell pepper, tomatoes, garlic, onions, and black pepper, among other ingredients, especially in the cuisine of Central Visayas and Mindanao",,,https://en.wiktionary.org/wiki/paklay
palahubog,noun,,"drunkard, alcoholic
Synonyms: palainom, hinginom",,,https://en.wiktionary.org/wiki/palahubog
panakot,noun,,a spice,,,https://en.wiktionary.org/wiki/panakot
pananglitan,noun,,"an analogy, example, or illustration",,,https://en.wiktionary.org/wiki/pananglitan
pangalikog,noun,,a probe,,,https://en.wiktionary.org/wiki/pangalikog
panganud,noun,,cloud,,,https://en.wiktionary.org/wiki/panganud
paryente,noun,,"a relative
Synonyms: relasyon, erensya",,,https://en.wiktionary.org/wiki/paryente
pasahi,noun,,"extraordinary, exceptional, remarkable",,,https://en.wiktionary.org/wiki/pasahi
Passinhon,noun,,resident or inhabitant of Passi,,,https://en.wiktionary.org/wiki/Passinhon
patani,noun,,lima beans,,,https://en.wiktionary.org/wiki/patani
patatas,noun,,a potato,,,https://en.wiktionary.org/wiki/patatas
patay,noun,,to kill,,,https://en.wiktionary.org/wiki/patay
pating,noun,,shark,,,https://en.wiktionary.org/wiki/pating
patron,noun,,"One who protects or supports; a defender or advocate.
c. 1590–1592 (date written), William Shakespeare, “The Taming of the Shrew”, in Mr. William Shakespeares Comedies, Histories, & Tragedies […] (First Folio), London:  […]  Isaac Iaggard, and Ed[ward] Blount, published 1623, →OCLC, [Act IV, scene ii]:patron of my life and liberty
1590, Edmund Spenser, “Book I, Canto I”, in The Faerie Queene. […], London:  […]  [John Wolfe] for William Ponsonbie, →OCLC:the patron of true holiness
1834–1838 (date written), Thomas Babington Macaulay, “Virginia”, in Lays of Ancient Rome, London: Longman, Brown, Green, and Longmans, […], published 1842, →OCLC, page 154:Let him who works the client wrong beware the patron’s ire!
A guardian or intercessor; synonym of patron saint.
St. Joseph is the patron of many different places.",,,https://en.wiktionary.org/wiki/patron
payong,noun,,(historical) A parasol used as a Javanese emblem of rank.,,,https://en.wiktionary.org/wiki/payong
pelikula,noun,,(photography) film (medium used to capture images),,,https://en.wiktionary.org/wiki/pelikula
petsay,noun,,Chinese cabbage (either napa cabbage or bok choy),,,https://en.wiktionary.org/wiki/petsay
pigtot,noun,,coccyx; tailbone,,,https://en.wiktionary.org/wiki/pigtot
pikoy,noun,,"(anatomy, humorous) the penis
Synonyms: buto, pisot",,,https://en.wiktionary.org/wiki/pikoy
pilak,noun,,silver,,,https://en.wiktionary.org/wiki/pilak
pildoras,noun,,pill,,,https://en.wiktionary.org/wiki/pildoras
pililion,noun,,"nominee, one who is worthy or desirable to be chosen",,,https://en.wiktionary.org/wiki/pililion
pito,noun,,A type of beer made from fermented millet or sorghum in parts of West Africa.,,,https://en.wiktionary.org/wiki/pito
piyansa,noun,,(law) bail,,,https://en.wiktionary.org/wiki/piyansa
pobre,noun,,"poor; impoverished
Synonym: mahidap
Antonym: mayaman
Pobre sana kami.We're just poor",,,https://en.wiktionary.org/wiki/pobre
polbora,noun,,"gunpowder
Synonym: ubat",,,https://en.wiktionary.org/wiki/polbora
Pototanon,noun,,resident or inhabitant of Pototan,,,https://en.wiktionary.org/wiki/Pototanon
premyo,noun,,alternative form of premiyo,,,https://en.wiktionary.org/wiki/premyo
primo,noun,,(music) The principal part of a duet.,,,https://en.wiktionary.org/wiki/primo
probinsya,noun,,alternative spelling of probinsiya,,,https://en.wiktionary.org/wiki/probinsya
propeta,noun,,prophet,,,https://en.wiktionary.org/wiki/propeta
pulu,noun,,"A silky material obtained from the fibres of Cibotium glaucum, a tree fern of Hawaii.",,,https://en.wiktionary.org/wiki/pulu
punoan,noun,,"base, foot (of trees)",,,https://en.wiktionary.org/wiki/punoan
punse,noun,,a mixed alcoholic drink,,,https://en.wiktionary.org/wiki/punse
puok,noun,,too short,,,https://en.wiktionary.org/wiki/puok
puol,noun,,"monotonous; tedious, repetitious or lacking in variety",,,https://en.wiktionary.org/wiki/puol
ra-ing,noun,,"dirty, grimy, soiled. sullied",,,https://en.wiktionary.org/wiki/ra-ing
ramay,noun,,rice,,,https://en.wiktionary.org/wiki/ramay
rason,noun,,"reason; excuse
Synonym: dahilan",,,https://en.wiktionary.org/wiki/rason
relihion,noun,,religion,,,https://en.wiktionary.org/wiki/relihion
Sabado,noun,,Saturday,,,https://en.wiktionary.org/wiki/Sabado
sabak,noun,,alternative form of sabat,,,https://en.wiktionary.org/wiki/sabak
sabat,noun,,"(architecture) A roofing structure with the street beneath it in Mediterranean and Middle Eastern architecture, serving to support buildings or to cool pedestrians by maximizing daytime shade and accelerating breezes.",,,https://en.wiktionary.org/wiki/sabat
sabila,noun,,aloe,,,https://en.wiktionary.org/wiki/sabila
sablayan,noun,,"clothesline
Synonyms: halayhayan, balaybayan",,,https://en.wiktionary.org/wiki/sablayan
sag-ang,noun,,(anatomy) chin,,,https://en.wiktionary.org/wiki/sag-ang
sagad,noun,,commonly; usually,,,https://en.wiktionary.org/wiki/sagad
Sagaynon,noun,,resident or inhabitant of Sagay,,,https://en.wiktionary.org/wiki/Sagaynon
saging,noun,,banana,,,https://en.wiktionary.org/wiki/saging
sakayanon,noun,,a seafarer; a sailor or mariner,,,https://en.wiktionary.org/wiki/sakayanon
salakay,noun,,"attack; assail
Synonyms: atake, sakyada, surong",,,https://en.wiktionary.org/wiki/salakay
salaming,noun,,present participle and gerund of salam,,,https://en.wiktionary.org/wiki/salaming
salapi,noun,,money,,,https://en.wiktionary.org/wiki/salapi
salbabida,noun,,life preserver; life jacket,,,https://en.wiktionary.org/wiki/salbabida
salsalon,noun,,iron,,,https://en.wiktionary.org/wiki/salsalon
salug,noun,,floor,,,https://en.wiktionary.org/wiki/salug
samad,noun,,cut,,,https://en.wiktionary.org/wiki/samad
sambag,noun,,"tamarind (Tamarindus indica)
Synonym: tamarindo",,,https://en.wiktionary.org/wiki/sambag
samong,noun,,a species of top snail (Trochus niloticus),,,https://en.wiktionary.org/wiki/samong
sampal,noun,,slap on the face,,,https://en.wiktionary.org/wiki/sampal
sansaw,noun,,grass jelly,,,https://en.wiktionary.org/wiki/sansaw
sanga,noun,,"(Australia, colloquial) Sandwich.",,,https://en.wiktionary.org/wiki/sanga
sapatos,noun,,shoe,,,https://en.wiktionary.org/wiki/sapatos
semana,noun,,week,,,https://en.wiktionary.org/wiki/semana
sentimyento,noun,,alternative form of sentimiyento,,,https://en.wiktionary.org/wiki/sentimyento
seremonya,noun,,"ceremony
Synonym: seremonyas",,,https://en.wiktionary.org/wiki/seremonya
serip,noun,,sheriff,,,https://en.wiktionary.org/wiki/serip
sibat,noun,,"to run away
Synonyms: dulag, layas, rabas",,,https://en.wiktionary.org/wiki/sibat
sibuyas,noun,,onion,,,https://en.wiktionary.org/wiki/sibuyas
sid-o,noun,,"hiccup
Synonym: sikdo",,,https://en.wiktionary.org/wiki/sid-o
sidlangan,noun,,"east
Synonym: mulud-an",,,https://en.wiktionary.org/wiki/sidlangan
sidra,noun,,cider,,,https://en.wiktionary.org/wiki/sidra
sielo,noun,,"heaven, firmament, sky
Synonym: langit",,,https://en.wiktionary.org/wiki/sielo
sikdo,noun,,"hiccup
Synonym: sid-o",,,https://en.wiktionary.org/wiki/sikdo
siko,noun,,elbow,,,https://en.wiktionary.org/wiki/siko
sinelas,noun,,alternative form of tsinelas,,,https://en.wiktionary.org/wiki/sinelas
sip-on,noun,,"(Partido, Sorsogon) alternative form of sìpon (“common cold”)",,,https://en.wiktionary.org/wiki/sip-on
sip-onon,noun,,sniveler; sniffler,,,https://en.wiktionary.org/wiki/sip-onon
sirip,noun,,sheriff,,,https://en.wiktionary.org/wiki/sirip
siya,noun,,alternative form of siella,,,https://en.wiktionary.org/wiki/siya
sobre,noun,,envelope,,,https://en.wiktionary.org/wiki/sobre
sokla,noun,,silk,,,https://en.wiktionary.org/wiki/sokla
solang,noun,,synonym of solange,,,https://en.wiktionary.org/wiki/solang
soldado,noun,,"A soldier, in Spanish-speaking contexts.",,,https://en.wiktionary.org/wiki/soldado
suba,noun,,(kasar) already,,,https://en.wiktionary.org/wiki/suba
subay,noun,,"bachelor, bachelorette; unmarried person. (mostly of men)
Bütün subaylara qismət olsun.May [this] be the destiny for all bachelors. [usage 1]",,,https://en.wiktionary.org/wiki/subay
sulod,noun,,inside,,,https://en.wiktionary.org/wiki/sulod
sulog,noun,,"rooster (young)
Synonym: lalong",,,https://en.wiktionary.org/wiki/sulog
sulud,noun,,nominative plural of sulg,,,https://en.wiktionary.org/wiki/sulud
sumalayhaw,noun,,cockerel; young cock,,,https://en.wiktionary.org/wiki/sumalayhaw
sun-adan,noun,,fireplace,,,https://en.wiktionary.org/wiki/sun-adan
sundang,noun,,(Philippines) A kind of dagger or short machete.,,,https://en.wiktionary.org/wiki/sundang
sunlog,noun,,tease,,,https://en.wiktionary.org/wiki/sunlog
sungay,noun,,horn,,,https://en.wiktionary.org/wiki/sungay
suyak,noun,,slashed tire,,,https://en.wiktionary.org/wiki/suyak
taas,noun,,plural of taa,,,https://en.wiktionary.org/wiki/taas
tagiposoon,noun,,"heart
Synonym: kasingkasing",,,https://en.wiktionary.org/wiki/tagiposoon
tagipusoon,noun,,alternative form of tagiposoon,,,https://en.wiktionary.org/wiki/tagipusoon
tagipusuon,noun,,(anatomy) heart,,,https://en.wiktionary.org/wiki/tagipusuon
tagna,noun,,guess; predict,,,https://en.wiktionary.org/wiki/tagna
tahum,noun,,"beauty, prettiness, attractiveness",,,https://en.wiktionary.org/wiki/tahum
takuri,noun,,kettle; teapot,,,https://en.wiktionary.org/wiki/takuri
talong,noun,,"eggplant, aubergine",,,https://en.wiktionary.org/wiki/talong
tampis,noun,,"apron, skirt",,,https://en.wiktionary.org/wiki/tampis
tampok,noun,,elite,,,https://en.wiktionary.org/wiki/tampok
tampulanga,noun,,(botany) hibiscus,,,https://en.wiktionary.org/wiki/tampulanga
tandaan,noun,,"sign, signal",,,https://en.wiktionary.org/wiki/tandaan
tanhaga,noun,,"extraordinary, marvelous, wonderful",,,https://en.wiktionary.org/wiki/tanhaga
tanga,noun,,"(historical) Any of various former Asian coins, including: a coin of Portuguese India worth one tenth of a rupee; a gold coin of India issued by various Muslim rulers; a silver coin of India, also issued by Muslim rulers; and a former silver coin of Tibet.
1810, Richard Haklvyt, Hakluyt's Collection of the Early Voyages, Travels, and DIscoveries of the English Nation- Volume 2, page 410:The larines are woorth by just value basaruchies 93 and 3 fourth parts, and 4 larines make a seraphine of siluer, which is 5 tangas of good money, and these also haue serafagion of 6, 7, 8, 10, vntil 16, by the 100, for when the ships depart for the North, to say, for Chaul, Diu, Cambaia, or Bassaim, all cary of the same, because it is money more currant then any other.
1841, The Literary Gazette and Journal of the Belles Lettres, page 136:The first and largest item is, the purchase of a wife, 25 rupees. Culinary and other utensils.--Bedding, 6 rupees; antimony for the lady's eyes, 3 tangas : an iron boiler, 2 rupees; a wooden bowl and spoons, 3 tangas; ....
1875, Report of a Mission to Yarkund in 1873, under command of Sir T[homas] D. Forsyth, page 73:The prices range from 120 tangas = Rupees 25 to 400 tangas = Rupees 80.
1996, Jonathan L. Lee, The ""Ancient Supremacy"":, →ISBN:Three-sevenths, or 300,000 tangas (100,000 Kabul rupees) were remitted to the Amir as tribute, whilst the remaining sum, 400,000 tangas (Rs. 133,333), was retained by the wali for his own expenses.
2003, Ahmad Hasan Dani, Vadim Mikhaĭlovich Masson, History of Civilizations of Central Asia, →ISBN:The Samarkand tangas were initially 916 carats, and then rose to 960 carats. Lower-carat tangas were issued in Balkh (875 carats, 916 carats) and in Tashkent. Nevertheless, even the tangas issued under Iskandar Khan are referred to in documentary sources as 'pure'.",,,https://en.wiktionary.org/wiki/tanga
tangis,noun,,plural of tangi,,,https://en.wiktionary.org/wiki/tangis
tangkugo,noun,,(anatomy) nape,,,https://en.wiktionary.org/wiki/tangkugo
tao,noun,,(international standards) ISO 639-3 language code for Yami.,,,https://en.wiktionary.org/wiki/tao
tawo,noun,,man; person; human being,,,https://en.wiktionary.org/wiki/tawo
taya,noun,,"bet; wager
Synonyms: pusta, usod",,,https://en.wiktionary.org/wiki/taya
tayobong,noun,,starch,,,https://en.wiktionary.org/wiki/tayobong
telepono,noun,,telephone,,,https://en.wiktionary.org/wiki/telepono
teolohia,noun,,theology,,,https://en.wiktionary.org/wiki/teolohia
tesorero,noun,,treasurer,,,https://en.wiktionary.org/wiki/tesorero
tibakla,noun,,grasshopper,,,https://en.wiktionary.org/wiki/tibakla
tigilinit,noun,,summer,,,https://en.wiktionary.org/wiki/tigilinit
tiil,noun,,"a foot, in its senses as
(anatomy) a human foot
(zoology) any equivalent body part of an animal",,,https://en.wiktionary.org/wiki/tiil
tiilan,noun,,the lower part of,,,https://en.wiktionary.org/wiki/tiilan
tiki,noun,,"Carved talisman in humanoid form, common to the cultures of the Pacific Ocean.",,,https://en.wiktionary.org/wiki/tiki
tikling,noun,,a rail; any member of the family Rallidae,,,https://en.wiktionary.org/wiki/tikling
tikoy,noun,,nian gao (a Chinese New Year cake made of glutinous rice flour),,,https://en.wiktionary.org/wiki/tikoy
tililawan,noun,,"test, trial",,,https://en.wiktionary.org/wiki/tililawan
timaan,noun,,symbol,,,https://en.wiktionary.org/wiki/timaan
timawa,noun,,impoverished,,,https://en.wiktionary.org/wiki/timawa
timbangan,noun,,"scale (device used to measure mass or weight)
Synonyms: pesaran, baskula",,,https://en.wiktionary.org/wiki/timbangan
tindak,noun,,"kick
Synonym: sipa",,,https://en.wiktionary.org/wiki/tindak
tingulan,noun,,"rainy season; wet season; monsoon season
Synonym: dagna",,,https://en.wiktionary.org/wiki/tingulan
tiyan,noun,,"(anatomy) belly, abdomen",,,https://en.wiktionary.org/wiki/tiyan
toktok,noun,,to knock,,,https://en.wiktionary.org/wiki/toktok
tornilyo,noun,,"screw, bolt
Synonym: tuwerka",,,https://en.wiktionary.org/wiki/tornilyo
toro,noun,,A traditional Japanese lantern.,,,https://en.wiktionary.org/wiki/toro
tubig,noun,,water,,,https://en.wiktionary.org/wiki/tubig
tudlo,noun,,(anatomy) finger,,,https://en.wiktionary.org/wiki/tudlo
tudlo sang dalaga,noun,,a type of banana,,,https://en.wiktionary.org/wiki/tudlo_sang_dalaga
tuhod,noun,,(anatomy) knee,,,https://en.wiktionary.org/wiki/tuhod
tuig,noun,,year,,,https://en.wiktionary.org/wiki/tuig
tuko,noun,,gecko,,,https://en.wiktionary.org/wiki/tuko
tul-an,noun,,bone,,,https://en.wiktionary.org/wiki/tul-an
tulug,noun,,to sleep,,,https://en.wiktionary.org/wiki/tulug
tunok,noun,,(botany) thorn,,,https://en.wiktionary.org/wiki/tunok
ugangan,noun,,parent-in-law,,,https://en.wiktionary.org/wiki/ugangan
ugtu,noun,,noon,,,https://en.wiktionary.org/wiki/ugtu
uhaw,noun,,"thirsty
Coordinate term: gutom",,,https://en.wiktionary.org/wiki/uhaw
ulan,noun,,Alternative form of uhlan.,,,https://en.wiktionary.org/wiki/ulan
ulo,noun,,(anatomy) head,,,https://en.wiktionary.org/wiki/ulo
ulod,noun,,"worm
Synonym: halod",,,https://en.wiktionary.org/wiki/ulod
unsa,noun,,"(interrogative) what
Nag-unsa ka? ― What are you doing?
Unsa ang imong kinahanglan? ― What do you need?",,,https://en.wiktionary.org/wiki/unsa
upod,noun,,"too, also, as well as
Synonyms: pud, usab, sab, sad",,,https://en.wiktionary.org/wiki/upod
urang,noun,,rain,,,https://en.wiktionary.org/wiki/urang
urok,noun,,"dimple
Synonyms: pilok, lusot",,,https://en.wiktionary.org/wiki/urok
usa,noun,,(international standards) ISO 639-3 language code for Usarufa.,,,https://en.wiktionary.org/wiki/usa
utak,noun,,"(anatomy) brain
Synonym: hutok",,,https://en.wiktionary.org/wiki/utak
utang,noun,,debt,,,https://en.wiktionary.org/wiki/utang
utod,noun,,to cut,,,https://en.wiktionary.org/wiki/utod
utok,noun,,brain,,,https://en.wiktionary.org/wiki/utok
utud,noun,,something cut off or broken off,,,https://en.wiktionary.org/wiki/utud
uyang,noun,,grandmother,,,https://en.wiktionary.org/wiki/uyang
wala,noun,,Alternative spelling of wallah.,,,https://en.wiktionary.org/wiki/wala
wasay,noun,,an axe,,,https://en.wiktionary.org/wiki/wasay
wayang,noun,,"Traditional Indonesian arts performance (shadow puppetry, theatrical, dance, etc.) originating from Java island.",,,https://en.wiktionary.org/wiki/wayang
yahong,noun,,a soup bowl,,,https://en.wiktionary.org/wiki/yahong
yawa,noun,,"(theology) devil
Synonym: diyablo",,,https://en.wiktionary.org/wiki/yawa
anum,noun,,(Twi) five,,,https://en.wiktionary.org/wiki/anum
apat,noun,,"four
Synonym: kuwatro",,,https://en.wiktionary.org/wiki/apat
duha,noun,,"two
Synonym: dos",,,https://en.wiktionary.org/wiki/duha
gatus,noun,,hundred,,,https://en.wiktionary.org/wiki/gatus
isa,noun,,(international standards) ISO 639-3 language code for Isabi.,,,https://en.wiktionary.org/wiki/isa
kalim-an,noun,,"fifty
Synonym: singkuwenta",,,https://en.wiktionary.org/wiki/kalim-an
kaluhaan,noun,,"twenty
Synonym: baynte",,,https://en.wiktionary.org/wiki/kaluhaan
kan-uman,noun,,"sixty
Synonym: saisenta",,,https://en.wiktionary.org/wiki/kan-uman
kap-atan,noun,,"forty
Synonym: kuwarenta",,,https://en.wiktionary.org/wiki/kap-atan
kasiyaman,noun,,"ninety
Synonym: nobenta",,,https://en.wiktionary.org/wiki/kasiyaman
libo,noun,,thousand,,,https://en.wiktionary.org/wiki/libo
lima,noun,,Alternative letter-case form of Lima of the ICAO/NATO radiotelephony alphabet.,,,https://en.wiktionary.org/wiki/lima
napulo,noun,,"ten; 10
Synonym: diyes",,,https://en.wiktionary.org/wiki/napulo
napulo'g anum,noun,,sixteen,,,https://en.wiktionary.org/wiki/napulo%27g_anum
napulo'g apat,noun,,fourteen,,,https://en.wiktionary.org/wiki/napulo%27g_apat
napulo'g duha,noun,,"Deprecated, pre-2014 spelling of napulog duha.",,,https://en.wiktionary.org/wiki/napulo%27g_duha
napulo'g isa,noun,,eleven,,,https://en.wiktionary.org/wiki/napulo%27g_isa
napulo'g lima,noun,,"Deprecated, pre-2014 spelling of napulog lima.",,,https://en.wiktionary.org/wiki/napulo%27g_lima
napulo'g pito,noun,,"Deprecated, pre-2014 spelling of napulog pito.",,,https://en.wiktionary.org/wiki/napulo%27g_pito
napulo'g siyam,noun,,"Deprecated, pre-2014 spelling of napulog siyam.",,,https://en.wiktionary.org/wiki/napulo%27g_siyam
napulo'g tatlo,noun,,thirteen,,,https://en.wiktionary.org/wiki/napulo%27g_tatlo
napulo'g walo,noun,,"Deprecated, pre-2014 spelling of napulog walo.",,,https://en.wiktionary.org/wiki/napulo%27g_walo
pito,noun,,A type of beer made from fermented millet or sorghum in parts of West Africa.,,,https://en.wiktionary.org/wiki/pito
siyam,noun,,nine,,,https://en.wiktionary.org/wiki/siyam
tatlo,noun,,three,,,https://en.wiktionary.org/wiki/tatlo
walo,noun,,eight,,,https://en.wiktionary.org/wiki/walo
balaw,noun,,shrimp (small),,,https://en.wiktionary.org/wiki/balaw
halong,phrasebook,,"to handle with care
Synonym: amlig",,,https://en.wiktionary.org/wiki/halong
maayong gab-i,phrasebook,,good evening; good night,,,https://en.wiktionary.org/wiki/maayong_gab-i
palangga ta ka,phrasebook,,"I love you
Synonym: ginahigugma ko ikaw",,,https://en.wiktionary.org/wiki/palangga_ta_ka
bago,phrasebook,,"new (recently made or introduced)
Antonyms: luma, daan",,,https://en.wiktionary.org/wiki/bago
buot,phrasebook,,to rub,,,https://en.wiktionary.org/wiki/buot
sulud,phrasebook,,nominative plural of sulg,,,https://en.wiktionary.org/wiki/sulud
adto,pronoun,,to go there (to a place far from both the speaker and listener),,,https://en.wiktionary.org/wiki/adto
ako,pronoun,,(international standards) ISO 639-3 language code for Akurio.,,,https://en.wiktionary.org/wiki/ako
aton,pronoun,,us,,,https://en.wiktionary.org/wiki/aton
daya,pronoun,,(anatomy) blood,,,https://en.wiktionary.org/wiki/daya
ikaw,pronoun,,you,,,https://en.wiktionary.org/wiki/ikaw
ini,pronoun,,"(Balakan, Qakh, Sheki, Zaqatala) husband's brother
Synonym: qayın",,,https://en.wiktionary.org/wiki/ini
iya,pronoun,,(international standards) ISO 639-3 language code for Iyayu.,,,https://en.wiktionary.org/wiki/iya
kami,pronoun,,"(religion, Shinto) An animistic god or spirit in the Shinto religion of Japan.
2000, Ree Soesbee, “Armies on the March”, in The Crane (Legend of the Five Rings), Renton, Wash.: Wizards of the Coast, →ISBN, page 96:Chanting the mantra of the fire kami, they called to the blaze, summoning the heart of each flickering flame to life.
2021, Marie Brennan [pseudonym; Bryn Neuenschwander], chapter 18, in The Night Parade of 100 Demons (Legend of the Five Rings), Nottingham, Nottinghamshire: Aconyte Books, →ISBN, page 211:But Ryōtora had definitely moved a shintai during the makeshift festival – and it must have been Saiun-nushi’s, because Sekken couldn’t imagine the shugenja could call a kami into a foreign vessel without noticing.",,,https://en.wiktionary.org/wiki/kami
kamo,pronoun,,(in the plural) you,,,https://en.wiktionary.org/wiki/kamo
kita,pronoun,,we (inclusive),,,https://en.wiktionary.org/wiki/kita
sila,pronoun,,cross-legged seating position,,,https://en.wiktionary.org/wiki/sila
sin-o,pronoun,,who,,,https://en.wiktionary.org/wiki/sin-o
siya,pronoun,,alternative form of siella,,,https://en.wiktionary.org/wiki/siya
yari,pronoun,,(weaponry) Any of various sizes of spear used in Japanese martial arts.,,,https://en.wiktionary.org/wiki/yari
ab-ab,verb,,to eat,,,https://en.wiktionary.org/wiki/ab-ab
aba,verb,,(international standards) ISO 639-3 language code for Abé.,,,https://en.wiktionary.org/wiki/aba
abaga,verb,,(anatomy) shoulder,,,https://en.wiktionary.org/wiki/abaga
abak,verb,,abacus,,,https://en.wiktionary.org/wiki/abak
abak-abak,verb,,diminutive of ábak,,,https://en.wiktionary.org/wiki/abak-abak
aban,verb,,one,,,https://en.wiktionary.org/wiki/aban
abaniko,verb,,"hand fan
Synonyms: kayab, kabkab, pamaypay, yapyap",,,https://en.wiktionary.org/wiki/abaniko
abang,verb,,window (opening for light and air),,,https://en.wiktionary.org/wiki/abang
abang-abang,verb,,"midnight horror (Oroxylum indicum, a tree where its leaves are used as a plaster in treating boils and other swollen body parts)",,,https://en.wiktionary.org/wiki/abang-abang
abat,verb,,abbot (superior of an abbey),,,https://en.wiktionary.org/wiki/abat
abat-abat,verb,,diminutive of ábat,,,https://en.wiktionary.org/wiki/abat-abat
abay,verb,,(obsolete) Barking or baying of dogs at their prey. [Attested from around (1150 to 1350) until the late 17th century.][1],,,https://en.wiktionary.org/wiki/abay
abay-abay,verb,,diminutive of abáy,,,https://en.wiktionary.org/wiki/abay-abay
abi,verb,,(international standards) ISO 639-3 language code for Abidji.,,,https://en.wiktionary.org/wiki/abi
abi-abi,verb,,greeting; salutation,,,https://en.wiktionary.org/wiki/abi-abi
abian,verb,,"underway, running",,,https://en.wiktionary.org/wiki/abian
abiar,verb,,to invite,,,https://en.wiktionary.org/wiki/abiar
abibar,verb,,"to urge, encourage, rouse",,,https://en.wiktionary.org/wiki/abibar
abiog,verb,,"to move to and fro, to swing or rock",,,https://en.wiktionary.org/wiki/abiog
abisar,verb,,"to advise, inform, notify",,,https://en.wiktionary.org/wiki/abisar
abiso,verb,,"advisory; announcement; notice; warning
Synonym: pahibalo",,,https://en.wiktionary.org/wiki/abiso
ablang,verb,,"breadth, width",,,https://en.wiktionary.org/wiki/ablang
ablay,verb,,shawl,,,https://en.wiktionary.org/wiki/ablay
abo,verb,,(international standards) ISO 639-3 language code for Abon.,,,https://en.wiktionary.org/wiki/abo
abo-abo,verb,,"the color of ash, ashen",,,https://en.wiktionary.org/wiki/abo-abo
abonar,verb,,"to accredit, to make (someone) appear good",,,https://en.wiktionary.org/wiki/abonar
aboy,verb,,"spouse
Synonyms: asawa, abuyan
kang aboy ― my spouse",,,https://en.wiktionary.org/wiki/aboy
abrasita,verb,,hug,,,https://en.wiktionary.org/wiki/abrasita
abraso,verb,,first-person singular present indicative of abrasar,,,https://en.wiktionary.org/wiki/abraso
abri,verb,,(geology) a shelter; a cavity in a hillside; a shelter on the side of hill with an overhung rock as its roof[1] [First attested in the early 19th century.][2],,,https://en.wiktionary.org/wiki/abri
abrisita,verb,,alternative spelling of abrasíta,,,https://en.wiktionary.org/wiki/abrisita
abtan,verb,,arrive,,,https://en.wiktionary.org/wiki/abtan
abud,verb,,"(rare) budding
1923, Julie M. Lippmann, Dreamland:[…]  he began to whistle merrily, and in an instant the whole world about him was bright of hue and joyous again, and looking, he saw, to his amazement, that the bare branches were abud.",,,https://en.wiktionary.org/wiki/abud
abukay,verb,,red-vented cockatoo (Cacatua haematuropygia),,,https://en.wiktionary.org/wiki/abukay
abung,verb,,to intercept; to stop; to catch,,,https://en.wiktionary.org/wiki/abung
abusar,verb,,"(intransitive, abusar de) to abuse (use improperly)",,,https://en.wiktionary.org/wiki/abusar
abuso,verb,,abuse,,,https://en.wiktionary.org/wiki/abuso
abut,verb,,"(intransitive) To touch by means of a mutual border, edge or end; to border on; to lie adjacent (to); to be contiguous (said of an area of land) [First attested around 1350 to 1470.][3]
It was a time when Germany still abutted upon Russia.
His land abuts on the road.",,,https://en.wiktionary.org/wiki/abut
abut-abut,verb,,frequentative of abút,,,https://en.wiktionary.org/wiki/abut-abut
abwa,verb,,make,,,https://en.wiktionary.org/wiki/abwa
abyog,verb,,"to swing, oscillate",,,https://en.wiktionary.org/wiki/abyog
adorno,verb,,"A clay ornament attached to a piece of pottery, usually at the rim.
1999, Clarence Bloomfield Moore, Jeffrey M. Mitchem, The West and Central Florida Expeditions of Clarence Bloomfield Moore, page 25:Willey (1949:324) suggested that this mound probably dates to late Weeden Island times, though the bird head rim adorno (Luer 1992a:54, Figure Id; Moore 1903:Figure 63) might indicate a Safety Harbor component.",,,https://en.wiktionary.org/wiki/adorno
agao,verb,,to seize or take by force,,,https://en.wiktionary.org/wiki/agao
agda,verb,,"to invite
Synonyms: alok, imbitar, kombida",,,https://en.wiktionary.org/wiki/agda
agi,verb,,(international standards) ISO 639-3 language code for Agariya.,,,https://en.wiktionary.org/wiki/agi
agwanta,verb,,to endure; to put up with; to tolerate,,,https://en.wiktionary.org/wiki/agwanta
akal-akal,verb,,to bubble or seethe,,,https://en.wiktionary.org/wiki/akal-akal
alagad,verb,,"but; however; yet
Synonyms: pero, ugaring",,,https://en.wiktionary.org/wiki/alagad
alamilaw,verb,,to doze,,,https://en.wiktionary.org/wiki/alamilaw
alinga,verb,,"to watch; to see over; to supervise
Synonym: anila",,,https://en.wiktionary.org/wiki/alinga
alipasa,verb,,"hurry, rush",,,https://en.wiktionary.org/wiki/alipasa
almoranas,verb,,(pathology) hemorrhoid,,,https://en.wiktionary.org/wiki/almoranas
amba,verb,,"A characteristic landform in Ethiopia: a steep-sided, flat-topped mountain, often the site of a settlement.",,,https://en.wiktionary.org/wiki/amba
amoma,verb,,"regale, treat with food and drink",,,https://en.wiktionary.org/wiki/amoma
ampo,verb,,A Javan snack food consisting of thin sticks of baked earth.,,,https://en.wiktionary.org/wiki/ampo
anad,verb,,"accustomed to; skilled at; expert in
Synonym: antigo
Anad yi kami sa kainda pag buhay.We are already accustomed to this way of life.",,,https://en.wiktionary.org/wiki/anad
anila,verb,,beehive,,,https://en.wiktionary.org/wiki/anila
aninaw,verb,,to observe carefully,,,https://en.wiktionary.org/wiki/aninaw
ankla,verb,,anchor,,,https://en.wiktionary.org/wiki/ankla
angkab,verb,,a take a bite,,,https://en.wiktionary.org/wiki/angkab
arado,verb,,plow/plough,,,https://en.wiktionary.org/wiki/arado
asin,verb,,salt,,,https://en.wiktionary.org/wiki/asin
aslum,verb,,sourness,,,https://en.wiktionary.org/wiki/aslum
aso,verb,,(international standards) ISO 639-3 language code for Dano.,,,https://en.wiktionary.org/wiki/aso
aspalto,verb,,asphalt,,,https://en.wiktionary.org/wiki/aspalto
athag,verb,,"clear, distinct",,,https://en.wiktionary.org/wiki/athag
atubang,verb,,"manner of facing on a position
Synonym: hampang",,,https://en.wiktionary.org/wiki/atubang
awat,verb,,Manila hemp (fiber of an abaca),,,https://en.wiktionary.org/wiki/awat
ayag,verb,,sift,,,https://en.wiktionary.org/wiki/ayag
ayo,verb,,"(slang) A greeting.
Synonyms: hey, hi, yo
2004, Michael Daniel Baptiste, Cracked Dreams, page 73:""Ayo, Red. It's the homie Spits on the jack for you, blood."" ""Ayo, homeboy,"" said Red as he excitedly picked up the telephone receiver. ""What's up, fool?""
2007, Reginald L. Hall, In Love with a Thug, page 38:“Ayo, wassup, girl,” he said to Keisha as he continued to walk toward the back area where I stood.  […]  “Ayo, wassup, playa?
2007, Tony J. Ward, Jr., I've Got to Make It to Heaven for Going Through Hell: Part 1, page 39:Ayo Toine, you think they'd put me down?
2007, Nikki Turner, Christmas in the Hood, page 289:""Ayo, fam, you a'ight down there?"" Victorious's cell mate asked.
2008, Treasure Hernandez, Resurrection, page 106:""Ayo, ma, where you going?"" a dude asked her as she walked by him.
2008, Ashley JaQuavis, The Trophy Wife, page 103:""Ayo, Kalil!"" a man's voice said from amidst the crowd. Kalil looked up and saw his lil' man, Peanut, distributing packets of heroin and taking money from the fiends.
2010, R Green Damon, Somethin' to Think about, page 197:""Ayo, Cee, listen to this shit here,"" said Matt, passing him his cell.",,,https://en.wiktionary.org/wiki/ayo
baak,verb,,crevice,,,https://en.wiktionary.org/wiki/baak
baas,verb,,"(South Africa) An employer, a boss (frequently used as a form of address).
1979, André Brink, A Dry White Season, Vintage, published 1998, page 40:‘That's not what I'm complaining about, Baas,’ said Gordon.
1932, George Bernard Shaw, The Adventures of the Black Girl in her Search for God, Hesperus Press Limited, published 1961, page 11:‘Excuse me, baas,’ she said, 'you have knowing eyes.'",,,https://en.wiktionary.org/wiki/baas
badlak,verb,,"beam, dazzle, sparkle",,,https://en.wiktionary.org/wiki/badlak
bahon,verb,,"sneeze
Synonym: hatsing",,,https://en.wiktionary.org/wiki/bahon
bahoy,verb,,"witch, sorceress",,,https://en.wiktionary.org/wiki/bahoy
bailo,verb,,"(historical) title of the Venetian envoy to particularly the Sublime Porte
1886, The Journal of Hellenic Studies, volume 7, page 328:Venice engaged to restore to the triarchs all property which the baili had conferred in fief since 1255.
2010, Gábor Ágoston, Encyclopedia of the Ottoman Empire, page 73:In 1670 the bailo was considered responsible for all the Venetian consuls in the Ottoman Empire.",,,https://en.wiktionary.org/wiki/bailo
bais,verb,,plural of bai,,,https://en.wiktionary.org/wiki/bais
bakal,verb,,male kid (baby goat),,,https://en.wiktionary.org/wiki/bakal
balatian,verb,,feeling; sensitivity,,,https://en.wiktionary.org/wiki/balatian
baleu,verb,,to change; to transform; to transmogrify,,,https://en.wiktionary.org/wiki/baleu
balhag,verb,,"printed, published",,,https://en.wiktionary.org/wiki/balhag
balhas,verb,,sweat,,,https://en.wiktionary.org/wiki/balhas
balhin,verb,,"alter, change, transform",,,https://en.wiktionary.org/wiki/balhin
bali,verb,,offering,,,https://en.wiktionary.org/wiki/bali
balibad,verb,,to refuse,,,https://en.wiktionary.org/wiki/balibad
baligya,verb,,"goods, merchandise",,,https://en.wiktionary.org/wiki/baligya
balita,verb,,news,,,https://en.wiktionary.org/wiki/balita
balo,verb,,"ruining, spoiling, destruction",,,https://en.wiktionary.org/wiki/balo
banta,verb,,to warn someone not to do something,,,https://en.wiktionary.org/wiki/banta
bantay,verb,,attendant,,,https://en.wiktionary.org/wiki/bantay
banga,verb,,five,,,https://en.wiktionary.org/wiki/banga
bangis,verb,,"violence; cruelty
Synonyms: isog, kuri, ringis",,,https://en.wiktionary.org/wiki/bangis
bangon,verb,,to get up,,,https://en.wiktionary.org/wiki/bangon
bangot,verb,,"bind, tie",,,https://en.wiktionary.org/wiki/bangot
barit,verb,,to sharpen,,,https://en.wiktionary.org/wiki/barit
bas-on,verb,,"to be damp, or wet",,,https://en.wiktionary.org/wiki/bas-on
basa,verb,,"The catfish Pangasius bocourti.
Synonyms: (Britain) cobbler, river cobbler",,,https://en.wiktionary.org/wiki/basa
basa-basa,verb,,to leaf through; to peruse; to skim,,,https://en.wiktionary.org/wiki/basa-basa
basol,verb,,"blame; reproach
Synonym: sudya",,,https://en.wiktionary.org/wiki/basol
bata,verb,,"A ceremonial double-headed drum played in triplet in the religion of santería, especially in Cuba and Puerto Rico, originally from the Yoruba of Nigeria.
1990 October 28, Paul Simon, “The Rhythm of the Saints”, in The Coast, Warner Bros.:Two guitars, bata, bass drum and tambourine.
2019, Marlon James, Black Leopard, Red Wolf, Hamish Hamilton, page 283:Five drummers in front setting the dance—three beating barrel drums, a fourth beating a double-skin bata, and the fifth beating four small bata tied together.",,,https://en.wiktionary.org/wiki/bata
bati,verb,,"Alternative form of batty (“buttocks, anus; homosexual man”).",,,https://en.wiktionary.org/wiki/bati
bato,verb,,stone,,,https://en.wiktionary.org/wiki/bato
batok,verb,,bark (loud utterance by a dog),,,https://en.wiktionary.org/wiki/batok
baton,verb,,"A staff or truncheon, used for various purposes.",,,https://en.wiktionary.org/wiki/baton
bawi,verb,,woman,,,https://en.wiktionary.org/wiki/bawi
bayaw,verb,,"brother-in-law
Synonym: kunyado",,,https://en.wiktionary.org/wiki/bayaw
baylo,verb,,"change, exchange, replace",,,https://en.wiktionary.org/wiki/baylo
bendisyon,verb,,"benediction, blessing",,,https://en.wiktionary.org/wiki/bendisyon
bendita,verb,,holy water,,,https://en.wiktionary.org/wiki/bendita
bihag,verb,,captive (one who has been captured),,,https://en.wiktionary.org/wiki/bihag
bika,verb,,to spread one's legs,,,https://en.wiktionary.org/wiki/bika
bilanggo,verb,,to imprison; to jail,,,https://en.wiktionary.org/wiki/bilanggo
bilid,verb,,mountain,,,https://en.wiktionary.org/wiki/bilid
bilin,verb,,(biochemistry) Any of various biological pigments formed in many organisms as a metabolic product of certain porphyrins.,,,https://en.wiktionary.org/wiki/bilin
bilwa,verb,,Alternative form of vilwa.,,,https://en.wiktionary.org/wiki/bilwa
bino,verb,,(physics) The superpartner of the gauge boson corresponding to weak hypercharge. The W and Z bosons are electroweakinos: winos and binos.,,,https://en.wiktionary.org/wiki/bino
bisyo,verb,,"bad, wicked, naughty, disobedient",,,https://en.wiktionary.org/wiki/bisyo
bitas,verb,,to rip; to tear apart,,,https://en.wiktionary.org/wiki/bitas
bitay,verb,,"to hang
to be or remain suspended
to cause (something) to be suspended, as from a hook, hanger, or the like
to execute (someone) by suspension from the neck
to be executed by suspension by one's neck from a gallows, a tree, or other raised bar, attached by a rope tied into a noose
to decorate (something) with hanging objects
(computing) to stop responding to manual input devices such as keyboard and mouse
(computing) to cause (a program or computer) to stop responding",,,https://en.wiktionary.org/wiki/bitay
bitin,verb,,"a snake; a legless reptile of the sub-order Serpentes with a long, thin body and a fork-shaped tongue",,,https://en.wiktionary.org/wiki/bitin
bobo,verb,,"A materialistic person who affects an anti-materialistic persona.
2000, David Brooks, Bobos in Paradise […] , Simon & Schuster, →ISBN, page 207:The small things—an olive grove or a small chapel—take on greater meaning to a Bobo on vacation.
2011 April 12, Alex Lobrano, “Bobo Heaven in Paris”, in T Magazine‎[1], retrieved 26 June 2019:Peruse the Paris papers these days and you'll notice an obsession with bobos: no, they're not a team of cheerleaders or a troupe of clowns, but rich, artsy types known as  bourgeois bohemians,  who are now pretty much the tip of Parisian tastemakers. So when friends who were recently staying in Saint Germain des Pres asked me where to go to people watch, I told them to head for the Ninth Arrondissement  citadel of bobo cool.",,,https://en.wiktionary.org/wiki/bobo
bokbok,verb,,a type of boring insect,,,https://en.wiktionary.org/wiki/bokbok
budhi,verb,,to betray,,,https://en.wiktionary.org/wiki/budhi
bug-os,verb,,"complete, whole",,,https://en.wiktionary.org/wiki/bug-os
bugalon,verb,,to be or become proud,,,https://en.wiktionary.org/wiki/bugalon
bugas,verb,,"milled rice, white rice",,,https://en.wiktionary.org/wiki/bugas
bugay,verb,,to give,,,https://en.wiktionary.org/wiki/bugay
bugkos,verb,,"bundle, parcel",,,https://en.wiktionary.org/wiki/bugkos
bugsay,verb,,"oar, paddle",,,https://en.wiktionary.org/wiki/bugsay
bugto,verb,,to snap; to fracture or break apart suddenly,,,https://en.wiktionary.org/wiki/bugto
buhat,verb,,"raise; lift; act of picking up something heavy
Synonyms: alsa, tuon",,,https://en.wiktionary.org/wiki/buhat
buhin,verb,,subtraction,,,https://en.wiktionary.org/wiki/buhin
buk-on,verb,,to cut or open,,,https://en.wiktionary.org/wiki/buk-on
bukad,verb,,to expand,,,https://en.wiktionary.org/wiki/bukad
bukadkad,verb,,to bloom,,,https://en.wiktionary.org/wiki/bukadkad
buksan,verb,,open,,,https://en.wiktionary.org/wiki/buksan
bulag,verb,,to separate; to cause (things or people) to be separate,,,https://en.wiktionary.org/wiki/bulag
bulak,verb,,An Indian nose ring usually worn by married women.,,,https://en.wiktionary.org/wiki/bulak
bulakbol,verb,,"truancy
Synonyms: lakuwatsa, luok",,,https://en.wiktionary.org/wiki/bulakbol
bulang,verb,,"cockfight
Synonyms: topada, sabong",,,https://en.wiktionary.org/wiki/bulang
buli,verb,,(botany) fluttering elm (Ulmus laevis),,,https://en.wiktionary.org/wiki/buli
buligan,verb,,third-person plural present indicative of buligar,,,https://en.wiktionary.org/wiki/buligan
buling,verb,,"dirt, soot, stain",,,https://en.wiktionary.org/wiki/buling
bulung,verb,,"drug, medicine",,,https://en.wiktionary.org/wiki/bulung
bulus,verb,,the beginning of a flood in a flooded river,,,https://en.wiktionary.org/wiki/bulus
bunit,verb,,"(fishing): angle, hook",,,https://en.wiktionary.org/wiki/bunit
buntug,verb,,stye,,,https://en.wiktionary.org/wiki/buntug
bunggo,verb,,alternative form of bangga,,,https://en.wiktionary.org/wiki/bunggo
burnil,verb,,to polish; to shine,,,https://en.wiktionary.org/wiki/burnil
buta,verb,,Alternative form of boteh.,,,https://en.wiktionary.org/wiki/buta
butho,verb,,to arrive suddenly and unannounced; to plump in,,,https://en.wiktionary.org/wiki/butho
buti,verb,,"barrel, cask",,,https://en.wiktionary.org/wiki/buti
butok,verb,,to make or force an animal to lie down on its side,,,https://en.wiktionary.org/wiki/butok
butok-butok,verb,,diligent,,,https://en.wiktionary.org/wiki/butok-butok
buung,verb,,"broken, smashed",,,https://en.wiktionary.org/wiki/buung
buy-an,verb,,"escape, to let to get away",,,https://en.wiktionary.org/wiki/buy-an
buyagyag,verb,,"betray, expose, make public, tell",,,https://en.wiktionary.org/wiki/buyagyag
buyayaw,verb,,to curse; to swear,,,https://en.wiktionary.org/wiki/buyayaw
buylog,verb,,accompany,,,https://en.wiktionary.org/wiki/buylog
buyot,verb,,a woven bag,,,https://en.wiktionary.org/wiki/buyot
dab-ot,verb,,to reach out,,,https://en.wiktionary.org/wiki/dab-ot
dabadaba,verb,,kindling,,,https://en.wiktionary.org/wiki/dabadaba
dabdab,verb,,"kindle, light",,,https://en.wiktionary.org/wiki/dabdab
dag-on,verb,,year,,,https://en.wiktionary.org/wiki/dag-on
dagas,verb,,"lunge
Synonym: dagsang",,,https://en.wiktionary.org/wiki/dagas
dagat,verb,,sea,,,https://en.wiktionary.org/wiki/dagat
dagsang,verb,,"lunge
Synonym: dagas",,,https://en.wiktionary.org/wiki/dagsang
dagumak,verb,,to wear out from frequent use,,,https://en.wiktionary.org/wiki/dagumak
dagyang,verb,,"enjoy oneself, frolic",,,https://en.wiktionary.org/wiki/dagyang
dahog,verb,,"shoot, tendril",,,https://en.wiktionary.org/wiki/dahog
dakup,verb,,"to catch, to apprehend, to arrest, to capture",,,https://en.wiktionary.org/wiki/dakup
dala,verb,,"(historical) The currency of Hawaii between 1847 and 1898, equal to the United States dollar.
2018, Todd A. Watkins, Introduction to Microfinance:My mother kept a dollar bill in Hawaiian currency—a dala—given to her as a souvenir of her brother's service in the army.",,,https://en.wiktionary.org/wiki/dala
dalang-dalang,verb,,astray,,,https://en.wiktionary.org/wiki/dalang-dalang
dalaw,verb,,"visit, visitation
Synonyms: pagbisita, rukat, pagsungko, sunglog",,,https://en.wiktionary.org/wiki/dalaw
daldal,verb,,"loquacity, talkativeness
Synonym: tabil",,,https://en.wiktionary.org/wiki/daldal
dalhon,verb,,to bring; to carry,,,https://en.wiktionary.org/wiki/dalhon
dalin-as,verb,,"skid, slip, slide
Synonym: dakin-as",,,https://en.wiktionary.org/wiki/dalin-as
dalok,verb,,"greedy, gluttonous",,,https://en.wiktionary.org/wiki/dalok
dalum,verb,,(of depth) deep,,,https://en.wiktionary.org/wiki/dalum
daman,verb,,The rock hyrax.,,,https://en.wiktionary.org/wiki/daman
damgohon,verb,,to dream,,,https://en.wiktionary.org/wiki/damgohon
damo,verb,,"(chess, card games) queen
1908, Henri Vallienne, Ĉu li?, ch. 3:La junulo miksis la kartojn kaj prenis unu el ili. Ĝi estis la kera damo.The youth shuffled the cards and drew one of them. It was the queen of hearts.
1910, E. L. Kearney (translator), La aventuroj de Alicio en Mirlando, translation of Alice's Adventures in Wonderland by Carroll, Lewis, ch. 11:La Kera Damo bakis tortojn / En iu somertago!The Queen of Hearts, she made some tarts, / All on a summer day.",,,https://en.wiktionary.org/wiki/damo
dampig,verb,,"aid, help, support",,,https://en.wiktionary.org/wiki/dampig
dangat,verb,,"(Naga) love; affection; endearment
Synonyms: daba, muot, mahal",,,https://en.wiktionary.org/wiki/dangat
dangaw,verb,,"a handspan (the distance measured by a human hand, from the tip of the thumb to the tip of the little finger)",,,https://en.wiktionary.org/wiki/dangaw
danggot,verb,,wean,,,https://en.wiktionary.org/wiki/danggot
dapig,verb,,"companion, partner",,,https://en.wiktionary.org/wiki/dapig
dapit,verb,,"regarding; about
Synonym: manunungod",,,https://en.wiktionary.org/wiki/dapit
daplos,verb,,"(Legazpi, Sorsogon) sweat, perspiration
Synonyms: ganot, hinang",,,https://en.wiktionary.org/wiki/daplos
daroos,verb,,a severe cough,,,https://en.wiktionary.org/wiki/daroos
daskon,verb,,cram,,,https://en.wiktionary.org/wiki/daskon
daug,verb,,romanization of 𐌳𐌰𐌿𐌲,,,https://en.wiktionary.org/wiki/daug
daut,verb,,nonstandard spelling of daot,,,https://en.wiktionary.org/wiki/daut
dawat,verb,,to receive,,,https://en.wiktionary.org/wiki/dawat
dawdaw,verb,,"turn, spin",,,https://en.wiktionary.org/wiki/dawdaw
dawhat,verb,,receive,,,https://en.wiktionary.org/wiki/dawhat
deskarga,verb,,unloading,,,https://en.wiktionary.org/wiki/deskarga
dikta,verb,,dictate,,,https://en.wiktionary.org/wiki/dikta
dingot,verb,,nominative plural of dingo,,,https://en.wiktionary.org/wiki/dingot
dis-og,verb,,"jostle, push",,,https://en.wiktionary.org/wiki/dis-og
dogsing,verb,,"to nudge or stroke, often flirtatiously",,,https://en.wiktionary.org/wiki/dogsing
dohol,verb,,"A type of percussion instrument used in Iran, Afghanistan and Kurdistan.",,,https://en.wiktionary.org/wiki/dohol
dool,verb,,"inflection of dolen:
first-person singular present indicative
(in case of inversion) second-person singular present indicative
imperative",,,https://en.wiktionary.org/wiki/dool
duag,verb,,stave,,,https://en.wiktionary.org/wiki/duag
dugang,verb,,"(formal) addition; act of adding something
Synonym: dagdag",,,https://en.wiktionary.org/wiki/dugang
dugmok,verb,,"to break by applying pressure or weight, to crush",,,https://en.wiktionary.org/wiki/dugmok
dugus,verb,,the best part of a thing,,,https://en.wiktionary.org/wiki/dugus
duha,verb,,"two
Synonym: dos",,,https://en.wiktionary.org/wiki/duha
duha-duha,verb,,by pairs; two by two; two at a time,,,https://en.wiktionary.org/wiki/duha-duha
duko,verb,,"stoop, act of bending over",,,https://en.wiktionary.org/wiki/duko
dula,verb,,game,,,https://en.wiktionary.org/wiki/dula
dulum,verb,,darkness; gloom,,,https://en.wiktionary.org/wiki/dulum
dulumugan,verb,,swarm,,,https://en.wiktionary.org/wiki/dulumugan
dumaay,verb,,fade,,,https://en.wiktionary.org/wiki/dumaay
dumagaya,verb,,flourish,,,https://en.wiktionary.org/wiki/dumagaya
dumagsa,verb,,the northeast monsoon,,,https://en.wiktionary.org/wiki/dumagsa
dumar,verb,,"tame, train",,,https://en.wiktionary.org/wiki/dumar
dumayon,verb,,enter,,,https://en.wiktionary.org/wiki/dumayon
dumdum,verb,,"A soft-nosed bullet that expands on impact to cause a gaping wound.
March 1920, Alice Ballantine Kirjassoff, “FORMOSA THE BEAUTIFUL”, in National Geographic Magazine‎[1], page 267:He related to us how the savages make bullets from the heart of a very hard wood cured by a special process. These bullets are only effectual when fired from a short range, and when they lodge in the flesh they explode like dumdum bullets.(He here refers to Tim Soan, a Taiwanese aboriginal person)",,,https://en.wiktionary.org/wiki/dumdum
dumili,verb,,prohibit,,,https://en.wiktionary.org/wiki/dumili
dumugo,verb,,bleed,,,https://en.wiktionary.org/wiki/dumugo
dumugok,verb,,attend,,,https://en.wiktionary.org/wiki/dumugok
dumukot,verb,,to stick,,,https://en.wiktionary.org/wiki/dumukot
dumulog,verb,,pause,,,https://en.wiktionary.org/wiki/dumulog
dumungka,verb,,"harbor, land",,,https://en.wiktionary.org/wiki/dumungka
dunoton,verb,,crush,,,https://en.wiktionary.org/wiki/dunoton
dupak,verb,,"dirty, foul, obscene, smutty",,,https://en.wiktionary.org/wiki/dupak
duyanon,verb,,swing,,,https://en.wiktionary.org/wiki/duyanon
eksamen,verb,,"examination, exam (formal test)",,,https://en.wiktionary.org/wiki/eksamen
eskuwela,verb,,school; learning institute,,,https://en.wiktionary.org/wiki/eskuwela
fuersa,verb,,"force, strength, vigor",,,https://en.wiktionary.org/wiki/fuersa
gaang,verb,,"to heat, warm",,,https://en.wiktionary.org/wiki/gaang
gabuk,verb,,"rotten, decayed, decomposed",,,https://en.wiktionary.org/wiki/gabuk
gabut,verb,,"to pull out, to extract, to uproot",,,https://en.wiktionary.org/wiki/gabut
galing,verb,,present participle and gerund of gale,,,https://en.wiktionary.org/wiki/galing
gamit,verb,,to use,,,https://en.wiktionary.org/wiki/gamit
ganyat,verb,,past participle of ganyar,,,https://en.wiktionary.org/wiki/ganyat
gapas,verb,,sickle,,,https://en.wiktionary.org/wiki/gapas
garuk,verb,,filth,,,https://en.wiktionary.org/wiki/garuk
gasolina,verb,,"gasoline, petrol (motor fuel)",,,https://en.wiktionary.org/wiki/gasolina
gatasan,verb,,the spotfin lionfish (Pterois antennata),,,https://en.wiktionary.org/wiki/gatasan
gatong,verb,,firewood; fuel,,,https://en.wiktionary.org/wiki/gatong
gaway,verb,,tentacle,,,https://en.wiktionary.org/wiki/gaway
gikas,verb,,to cut off or diminish,,,https://en.wiktionary.org/wiki/gikas
gisa,verb,,"way, manner
Synonyms: modu, molde",,,https://en.wiktionary.org/wiki/gisa
gision,verb,,"to rip, to tear
Synonym: rabrabon",,,https://en.wiktionary.org/wiki/gision
giyan,verb,,"desire, inclination, liking for",,,https://en.wiktionary.org/wiki/giyan
godgod,verb,,"follow up, look for, search for",,,https://en.wiktionary.org/wiki/godgod
gub-on,verb,,disrupt,,,https://en.wiktionary.org/wiki/gub-on
guyod,verb,,"a drag
Synonyms: gudgod, sidsid",,,https://en.wiktionary.org/wiki/guyod
habok,verb,,to swell,,,https://en.wiktionary.org/wiki/habok
haboy,verb,,"fling, hurl",,,https://en.wiktionary.org/wiki/haboy
hagad,verb,,to ask for something,,,https://en.wiktionary.org/wiki/hagad
hagmak,verb,,fall down,,,https://en.wiktionary.org/wiki/hagmak
hagna,verb,,"motion, proposal",,,https://en.wiktionary.org/wiki/hagna
haguk,verb,,grasshopper (generic term),,,https://en.wiktionary.org/wiki/haguk
hagumhum,verb,,to hum or coo,,,https://en.wiktionary.org/wiki/hagumhum
hagunung,verb,,boom,,,https://en.wiktionary.org/wiki/hagunung
hagung,verb,,"to hum, coo",,,https://en.wiktionary.org/wiki/hagung
hagunghung,verb,,a rumbling sound,,,https://en.wiktionary.org/wiki/hagunghung
hagup,verb,,to be tame,,,https://en.wiktionary.org/wiki/hagup
halab,verb,,graze,,,https://en.wiktionary.org/wiki/halab
halay,verb,,hang,,,https://en.wiktionary.org/wiki/halay
halin,verb,,to transfer,,,https://en.wiktionary.org/wiki/halin
halit,verb,,"(transitive, poetic) to cover
Synonyms: zakrývat, přikrývat",,,https://en.wiktionary.org/wiki/halit
halokhok,verb,,grunt,,,https://en.wiktionary.org/wiki/halokhok
halong,verb,,"to handle with care
Synonym: amlig",,,https://en.wiktionary.org/wiki/halong
halunhun,verb,,"gulp down, swallow",,,https://en.wiktionary.org/wiki/halunhun
hambadan,verb,,scorn,,,https://en.wiktionary.org/wiki/hambadan
handa,verb,,"prepared
Synonyms: andam, preparado, puwesto",,,https://en.wiktionary.org/wiki/handa
hikog,verb,,to hang oneself,,,https://en.wiktionary.org/wiki/hikog
hiliugyon,verb,,to unite,,,https://en.wiktionary.org/wiki/hiliugyon
hinlo,verb,,"smooth, level",,,https://en.wiktionary.org/wiki/hinlo
hingap-us,verb,,to commit suicide by hanging,,,https://en.wiktionary.org/wiki/hingap-us
hiphip,verb,,bribe,,,https://en.wiktionary.org/wiki/hiphip
hubu,verb,,accusative singular of huba,,,https://en.wiktionary.org/wiki/hubu
hukson,verb,,"detach, dismount",,,https://en.wiktionary.org/wiki/hukson
hutik,verb,,whisper,,,https://en.wiktionary.org/wiki/hutik
huyop,verb,,to blow,,,https://en.wiktionary.org/wiki/huyop
ikog,verb,,tail,,,https://en.wiktionary.org/wiki/ikog
ilig,verb,,tooth,,,https://en.wiktionary.org/wiki/ilig
isa,verb,,(international standards) ISO 639-3 language code for Isabi.,,,https://en.wiktionary.org/wiki/isa
itot,verb,,to have sexual intercourse with someone,,,https://en.wiktionary.org/wiki/itot
iyot,verb,,"(vulgar) coitus; sexual intercourse
Synonyms: habal, kayat, hilawas, jerjer, torjak",,,https://en.wiktionary.org/wiki/iyot
kadton,verb,,bite,,,https://en.wiktionary.org/wiki/kadton
kalikog,verb,,to clean; to probe,,,https://en.wiktionary.org/wiki/kalikog
kalis,verb,,A Filipino sword akin to the kris.,,,https://en.wiktionary.org/wiki/kalis
kamao,verb,,"An extinct bird of Hawaii, Myadestes myadestinus.",,,https://en.wiktionary.org/wiki/kamao
kaon,verb,,"(particle physics) any of four unstable subatomic particles, mesons, they are a combination of a strange quark or antiquark and either an up or down quark or antiquark
K0: strange quark + down antiquark
K0* (antiparticle of K0): down quark + strange antiquark
K+: strange quark + up antiquark
K- (antiparticle of K+): up quark + strange antiquark",,,https://en.wiktionary.org/wiki/kaon
kapay,verb,,"crazy; insane
Synonyms: bua, loko, rungaw, lapong, lado, kablas",,,https://en.wiktionary.org/wiki/kapay
kasal,verb,,charcoal,,,https://en.wiktionary.org/wiki/kasal
kasla,verb,,imperative passive of kasál,,,https://en.wiktionary.org/wiki/kasla
kaulangan,verb,,"handicap
Synonym: kaninan",,,https://en.wiktionary.org/wiki/kaulangan
kawing,verb,,present participle and gerund of kaw,,,https://en.wiktionary.org/wiki/kawing
kinam,verb,,taste,,,https://en.wiktionary.org/wiki/kinam
kinaw,verb,,"glisten, shine, sparkle",,,https://en.wiktionary.org/wiki/kinaw
kinot,verb,,nominative plural of kino,,,https://en.wiktionary.org/wiki/kinot
kita,verb,,we (inclusive),,,https://en.wiktionary.org/wiki/kita
lag-it,verb,,"cheat, imposter, sneak, swindler, trickster",,,https://en.wiktionary.org/wiki/lag-it
laham,verb,,"to touch, feel",,,https://en.wiktionary.org/wiki/laham
lakon,verb,,genitive singular of lakko,,,https://en.wiktionary.org/wiki/lakon
lakum,verb,,"to deceive; to cheat; to swindle
Synonym: lakon",,,https://en.wiktionary.org/wiki/lakum
lala,verb,,Alternative form of ilala.,,,https://en.wiktionary.org/wiki/lala
lala-lala,verb,,diminutive of lála,,,https://en.wiktionary.org/wiki/lala-lala
lansang,verb,,nail (metal pin),,,https://en.wiktionary.org/wiki/lansang
laplap,verb,,to drive out; to chase away; to drive,,,https://en.wiktionary.org/wiki/laplap
lapuyot,verb,,"thick, condensed, coagulated",,,https://en.wiktionary.org/wiki/lapuyot
laum,verb,,alternative form of laom,,,https://en.wiktionary.org/wiki/laum
law-ay,verb,,vulgar; debased,,,https://en.wiktionary.org/wiki/law-ay
layi,verb,,"adultery
Synonym: láè",,,https://en.wiktionary.org/wiki/layi
likay,verb,,avoidance of danger by moving suddenly out of the way,,,https://en.wiktionary.org/wiki/likay
lima,verb,,Alternative letter-case form of Lima of the ICAO/NATO radiotelephony alphabet.,,,https://en.wiktionary.org/wiki/lima
linaw,verb,,"clarity, clearness
Synonym: liwanag
Antonyms: libog, labog",,,https://en.wiktionary.org/wiki/linaw
lipay,verb,,"(Naga) caterpillar
Synonym: atitiras",,,https://en.wiktionary.org/wiki/lipay
luab,verb,,collar,,,https://en.wiktionary.org/wiki/luab
luhod,verb,,kneeling,,,https://en.wiktionary.org/wiki/luhod
lulus,verb,,plural of lulu,,,https://en.wiktionary.org/wiki/lulus
lumilaw,verb,,doze,,,https://en.wiktionary.org/wiki/lumilaw
luta,verb,,first-person singular aorist of lut,,,https://en.wiktionary.org/wiki/luta
mabalong,verb,,"to get drunk; to intoxicate
Synonym: mahubog",,,https://en.wiktionary.org/wiki/mabalong
magbukal,verb,,"to seethe, to bubble, to produce foam
Synonym: magbula",,,https://en.wiktionary.org/wiki/magbukal
magbulig,verb,,"to aid, to help",,,https://en.wiktionary.org/wiki/magbulig
magdamgo,verb,,to dream,,,https://en.wiktionary.org/wiki/magdamgo
maghatag sing kinahanglan,verb,,supply,,,https://en.wiktionary.org/wiki/maghatag_sing_kinahanglan
mahubog,verb,,"(Sorsogon) to get drunk
Synonyms: maburat, mabuyong",,,https://en.wiktionary.org/wiki/mahubog
matay,verb,,to die,,,https://en.wiktionary.org/wiki/matay
multa,verb,,fine,,,https://en.wiktionary.org/wiki/multa
ngithil,verb,,"to whine, whimper",,,https://en.wiktionary.org/wiki/ngithil
paabat,verb,,causative of ábat,,,https://en.wiktionary.org/wiki/paabat
paabay,verb,,causative of abáy,,,https://en.wiktionary.org/wiki/paabay
paagaw,verb,,causative of ágao,,,https://en.wiktionary.org/wiki/paagaw
paalam,verb,,causative of álam,,,https://en.wiktionary.org/wiki/paalam
pahalin,verb,,causative of hálin,,,https://en.wiktionary.org/wiki/pahalin
pahat,verb,,"a share; a portion of something, especially a portion given or allotted to someone",,,https://en.wiktionary.org/wiki/pahat
pahat-pahat,verb,,diminutive of páhat,,,https://en.wiktionary.org/wiki/pahat-pahat
pamulut,verb,,frequentative of púlut,,,https://en.wiktionary.org/wiki/pamulut
pamuyayaw,verb,,frequentative of buyáyaw,,,https://en.wiktionary.org/wiki/pamuyayaw
pangalikog,verb,,a probe,,,https://en.wiktionary.org/wiki/pangalikog
pasahi,verb,,"extraordinary, exceptional, remarkable",,,https://en.wiktionary.org/wiki/pasahi
patalum,verb,,to sharpen or hone a blade,,,https://en.wiktionary.org/wiki/patalum
pilak,verb,,silver,,,https://en.wiktionary.org/wiki/pilak
piyansa,verb,,(law) bail,,,https://en.wiktionary.org/wiki/piyansa
pulut,verb,,nominative plural of pulu,,,https://en.wiktionary.org/wiki/pulut
pungko,verb,,"to squat; to crouch
Synonyms: gak-ang, iskwat, puk-ong, tuk-ong, tungko",,,https://en.wiktionary.org/wiki/pungko
sabak,verb,,alternative form of sabat,,,https://en.wiktionary.org/wiki/sabak
sablay,verb,,"hanging of clothes
Synonyms: halayhay, balaybay",,,https://en.wiktionary.org/wiki/sablay
sabtanay,verb,,to answer,,,https://en.wiktionary.org/wiki/sabtanay
sadsad,verb,,to dance,,,https://en.wiktionary.org/wiki/sadsad
sagup,verb,,"rescue, save",,,https://en.wiktionary.org/wiki/sagup
sal-on,verb,,catch,,,https://en.wiktionary.org/wiki/sal-on
samad,verb,,cut,,,https://en.wiktionary.org/wiki/samad
samit,verb,,"(phonetics) consonant
cingiltili samitlər ― voiced consonants
kar samitlər ― voiceless consonants",,,https://en.wiktionary.org/wiki/samit
sapding,verb,,"touch, graze, come in contact with",,,https://en.wiktionary.org/wiki/sapding
saylo,verb,,to overshoot; to go past something; to go too far,,,https://en.wiktionary.org/wiki/saylo
sid-o,verb,,"hiccup
Synonym: sikdo",,,https://en.wiktionary.org/wiki/sid-o
sikdo,verb,,"hiccup
Synonym: sid-o",,,https://en.wiktionary.org/wiki/sikdo
sugod,verb,,"sting (of a bee, wasp, etc.)
Synonyms: lanit, haldat",,,https://en.wiktionary.org/wiki/sugod
sulud,verb,,nominative plural of sulg,,,https://en.wiktionary.org/wiki/sulud
tandog,verb,,"feel, touch",,,https://en.wiktionary.org/wiki/tandog
tanyag,verb,,"offer, proffer",,,https://en.wiktionary.org/wiki/tanyag
tanga,verb,,"(historical) Any of various former Asian coins, including: a coin of Portuguese India worth one tenth of a rupee; a gold coin of India issued by various Muslim rulers; a silver coin of India, also issued by Muslim rulers; and a former silver coin of Tibet.
1810, Richard Haklvyt, Hakluyt's Collection of the Early Voyages, Travels, and DIscoveries of the English Nation- Volume 2, page 410:The larines are woorth by just value basaruchies 93 and 3 fourth parts, and 4 larines make a seraphine of siluer, which is 5 tangas of good money, and these also haue serafagion of 6, 7, 8, 10, vntil 16, by the 100, for when the ships depart for the North, to say, for Chaul, Diu, Cambaia, or Bassaim, all cary of the same, because it is money more currant then any other.
1841, The Literary Gazette and Journal of the Belles Lettres, page 136:The first and largest item is, the purchase of a wife, 25 rupees. Culinary and other utensils.--Bedding, 6 rupees; antimony for the lady's eyes, 3 tangas : an iron boiler, 2 rupees; a wooden bowl and spoons, 3 tangas; ....
1875, Report of a Mission to Yarkund in 1873, under command of Sir T[homas] D. Forsyth, page 73:The prices range from 120 tangas = Rupees 25 to 400 tangas = Rupees 80.
1996, Jonathan L. Lee, The ""Ancient Supremacy"":, →ISBN:Three-sevenths, or 300,000 tangas (100,000 Kabul rupees) were remitted to the Amir as tribute, whilst the remaining sum, 400,000 tangas (Rs. 133,333), was retained by the wali for his own expenses.
2003, Ahmad Hasan Dani, Vadim Mikhaĭlovich Masson, History of Civilizations of Central Asia, →ISBN:The Samarkand tangas were initially 916 carats, and then rose to 960 carats. Lower-carat tangas were issued in Balkh (875 carats, 916 carats) and in Tashkent. Nevertheless, even the tangas issued under Iskandar Khan are referred to in documentary sources as 'pure'.",,,https://en.wiktionary.org/wiki/tanga
tangis,verb,,plural of tangi,,,https://en.wiktionary.org/wiki/tangis
tangkugo,verb,,(anatomy) nape,,,https://en.wiktionary.org/wiki/tangkugo
tao,verb,,(international standards) ISO 639-3 language code for Yami.,,,https://en.wiktionary.org/wiki/tao
tapan,verb,,Alternative form of tupan (“kind of drum”).,,,https://en.wiktionary.org/wiki/tapan
taya,verb,,"bet; wager
Synonyms: pusta, usod",,,https://en.wiktionary.org/wiki/taya
telepono,verb,,telephone,,,https://en.wiktionary.org/wiki/telepono
timawa,verb,,impoverished,,,https://en.wiktionary.org/wiki/timawa
tindak,verb,,"kick
Synonym: sipa",,,https://en.wiktionary.org/wiki/tindak
toktok,verb,,to knock,,,https://en.wiktionary.org/wiki/toktok
tubig,verb,,water,,,https://en.wiktionary.org/wiki/tubig
tugot,verb,,"to allow; to permit
Synonym: permitir",,,https://en.wiktionary.org/wiki/tugot
tulak,verb,,to go,,,https://en.wiktionary.org/wiki/tulak
tulug,verb,,to sleep,,,https://en.wiktionary.org/wiki/tulug
tuo,verb,,(international standards) ISO 639-3 language code for Tucano.,,,https://en.wiktionary.org/wiki/tuo
upod,verb,,"too, also, as well as
Synonyms: pud, usab, sab, sad",,,https://en.wiktionary.org/wiki/upod
uswag,verb,,to progress; to develop; to advance,,,https://en.wiktionary.org/wiki/uswag
utang,verb,,debt,,,https://en.wiktionary.org/wiki/utang
utud,verb,,something cut off or broken off,,,https://en.wiktionary.org/wiki/utud
utud-utud,verb,,diminutive of utúd: to cut something off,,,https://en.wiktionary.org/wiki/utud-utud
uyon,verb,,"act of agreeing
Synonyms: payag, kasundo",,,https://en.wiktionary.org/wiki/uyon
wala,verb,,Alternative spelling of wallah.,,,https://en.wiktionary.org/wiki/wala
