word,POS symbol,POS word,placement,affix,meaning,Example,English Sample,Page
a,pt,particle,,,"oh, well, hesitating filler.",,,28
-a,va,verbal affix,imperative,/-un/,affix.,Kuhá’a ang líbro sa lamésa.,Get the book from the table.,28
abakáda,n,noun,,,alphabet.,,,28
abága,n,noun,,,shoulder.,,,28
abalóryo,n,noun,,,"rosary beads, strung beads, necklace.",,,28
ábay,n,noun,,,"of weddings, witness.",,,28
abáw,intj,interjection,,,"oh, wow, really.",,,28
aberíya,v,verb,,/mag-/,"to have engine trouble, to stop.",Nag’aberíya ang kótse.,The car had engine trouble.,28
abí’,pt,particle,,,"let me see, would you please, hey, excuse please.",Abí’ husáya ánay iní.,Would you please solve this first.,28
ábi’ábi,v,verb,,"/mag-,-un/","to greet, to shake hands with.",Gin’ábi’ábi sya sang mangá táwu.,He was greeted by the people.,28
,adj,adjective,,/ma-…-un/,"kind, friendly, civil.",Ma’abí’abíhun si Cármen.,Carmen is kind.,28
abogádo,n,noun,,,"lawyer, attorney-at-law.",,,28
abóso,n,noun,,,abuse.,,,28
,v,verb,,"/mag-, -un/","to abuse, to take advantage of.",Nag’abóso ang báta’ sang íya manga pribilihiyó.,The child abused his privileges. 1,28
ábri,v,verb,,"/mag-,-un/","to unlock, to unfasten, to open.",Nag’ábri si Pédro sang bintána.,Pedro opened a window.,29
Abríl,n,noun,,,April.,,,29
ábtik,adj,adjective,,/ma-/,"active, brisk, lively.",,,29
abú,n,noun,,,ash.,,,29
abúnu,n,noun,,,fertilizer.,,,29
,v,verb,,"/mag-,-un/",to fertilize.,,,29
abút,v,verb,,"/mag-,-un/","to arrive, to reach, to come to.",Nag’abút sya kahápun.,He arrived yesterday.,29
,adj,adjective,,/…-la-…-un/,"cranky, irritable, moody.",,,29
Alabútun,na,noun formative,,,ang tigúlang.,,The old man is already cranky.,29
ábyan,n,noun,,,"friend, buddy.",,,29
ákig,n,noun,,,"anger, hatred.",,,29
,v,verb,,/-an/,"to be angry, to scold.",Gin’akígan sya sang ma’éstra.,The teacher scolded her.,29
akú,pr,pronoun,,,"I, me (first person singular nominal pronoun).",,,29
áku’,v,verb,,"/mag-,-un/","to own, to claim, to promise, to swear, to admit.",Gin áku’nya ang salá’.,He admitted the guilt.,29
ákun,pr,pronoun,,,"my, mine (first person singular pre-possessive pronoun).",,,29
ádlaw,n,noun,,,"day, birthday, anniversary.",,,29
ádlaw’ádlaw,adv,adverb,,,"daily, everyday.",,2,29
-ado,aa,adjective formative,adjective,,formative affix designating conditions or state of being.,Baldádo ang ákun láwas.,My body is all tired out.,30
ága,n,noun,,,morning.,,,30
agálun,n,noun,,,"master, boss.",,,30
ágaw,v,verb,,"/mag-,-un/","to grab, to seize, to take by force, to usurp.",Gin’ágaw sang báta’ ang lápis.,The child grabbed the pencil.,30
ágay,v,verb,,/mag-/,"to flow slowly, to drip in small drops.",,,30
ágbay,v,verb,,"/mag-,-an/",to put one’s arm on or about the shoulder of another person.,Nag ágbay sya kay Cárlos. He put his arms around Carlos’ shoulder.,,30
ágda,v,verb,,"/mag-,-un/","to ask, to invite.",Gin’ágda sya pára sa pyésta.,He was invited to the fiesta.,30
ági,n,noun,,/pa-/,"handwriting;  way, means.",,,30
,v,verb,,/mag-/,"to pass by for something, to pass through.",,,30
agí’,n,noun,,,hermaphrodite.,,,30
,adj,adjective,,,"effeminate, sissy.",,,30
Agósto,n,noun,,,August.,,,30
agrimensór,n,noun,,,surveyor.,,,30
ágsa,v,verb,,/mag-/,to work another’s field for part of the produce.,,,30
,n,noun,,/-dor/,tenant.,,,30
ágsik,v,verb,,"/mag-,-an/","to fly off, to scatter, to spray.",Nag’ágsik ang túbig.,The water sprayed. 3,30
ágtang,n,noun,,,forehead.,,,31
agúd,con,conjunction,,,so that.,,,31
águm,v,verb,,"/mag-,-un/","to obtain, to attain, to achieve, to possess.",Gin’águm nya ang katibawásan sa pangabúhi’.,He attained success in life.,31
,n,noun,,/kina-…-an/,"possessions, things.",,,31
ágwa,n,noun,,,"perfume, cologne.",,,31
agwánta,v,verb,,"/mag-,-un/","to bear, to tolerate, to suffer.",Nag’ agwánta sya sang madámu’ nga kasákit.,He suffered through a lot of heartaches.,31
ahá’,v,verb,,"/mag-,-un/","to insist, to ask fervently.",Nag’ahá’ sya nga ma’upúd sa síni.,He insisted that he go to the movies [with them).,31
ahénsya,n,noun,,,pawnshop.,,,31
ahénte,n,noun,,,agent.,,,31
áhos,n,noun,,,garlic.,,,31
alabá’ab,adj,adjective,,,"of liquid, lukewarm.",,,31
álak,n,noun,,,"hard drink, liquor.",,,31
alágad,n,noun,,,adopted person.,,,31
,v,verb,,"/mag-,-an/","to adopt, to take care of someone.",Nag’alágad sya sang báta’ nga laláki.,She adopted a baby boy.,31
aláhas,n,noun,,,jewelry.,,,31
álam,n,noun,,/ka-/,"wisdom, knowledge.",,,31
,adj,adjective,,/ma-/,"bright, smart, brilliant.",,4,31
,v,verb,,/mag-/,"to become smart, to become brilliant.",,,32
alámbre,n,noun,,,wire.,,,32
alangá’ang,n,noun,,,slight fever.,,,32
,adj,adjective,,/ma-/,"feverish, having a slight temperature.",,,32
álang’álang,adj,adjective,,,"doubtful, immature.",,,32
,v,verb,,/mag-/,to hesitate.,,,32
alangáy,adj,adjective,,,"equal, the same.",,,32
alás,pt,particle,,,time particle used with time-telling from dos until dose.,Alás tres na. It is already three o’clock.,,32
álat,n,noun,,/ka-/,saltiness.,,,32
,adj,adjective,,/ma-/,salty.,,,32
alát,n,noun,,,native basket made of woven bamboo strips.,,,32
álay,v,verb,,"/mag-,-an/",to be still through constant tension of the muscles.,,,32
aláy’ay,v,verb,,"/mag-,-un/","to cradle, to support, to hold arms under some person or thing so as to support.",Nag’aláy’ay si Manuel kag si Jose kay Noel.,Manuel and Jose carried Noel.,32
alkálde,n,noun,,,mayor.,,,32
alkánse,n,noun,,,loss in terms of money.,,,32
,v,verb,,/ma-/,"to lose some amount due to mismanagement in selling, to fail to gain.",,,32
,na,noun formative,,,’alkánse akú sa pagbalígya’.,,I failed to gain by selling it. 5,32
alkansíya,n,noun,,,"coin bank, empty coconut shell used as a coin bank.",,,33
alkítran,n,noun,,,"tar, asphalt.",,,33
alibángbang,n,noun,,,butterfly.,,,33
aligútgut,n,noun,,,"rage, wrath.",,,33
alimángu,n,noun,,,crab.,,,33
alipúlus,n,noun,,,"cyclone, eddy.",,,33
alíntun,v,verb,,"/mag-,-un/","to transfer, to hand down.",Gin’alíntun ni José ang balíta’ kay Joséfa.,Jose related the incident to Josefa.,33
alísto,adj,adjective,,,"alert, ready, prompt.",,,33
almasín,n,noun,,,"store, small market.",,,33
almidól,n,noun,,,starch.,,,33
almiránte,n,noun,,,"of the navy, admiral.",,,33
alpabéto,n,noun,,,alphabet.,,,33
alpómbra,n,noun,,,"carpet, rug.",,,33
álsa,v,verb,,"/mag-,-un/","to raise, to lift, to elevate slightly.",Gin’álsa nya ang báskit.,He lifted the basket.,33
alúm,n,noun,,,mole.,,,33
alúng’ung,n,noun,,,"opinion, idea, thought, knowledge.",,,33
áman,v,verb,,"/mag-,-un/",to prepare.,Gin’-áman ni nánay ang pagká’un sa bisíta.,Mother prepared the food for the visitor.,33
amargóso,n,noun,,,bitter melon.,,,33
amát’amát,adv,adverb,,,"gradually, little by little.",,6,33
,v,verb,,"/mag-,-un/","to start slowly, to gain speed, to leave one by one.",Nag’ámat’ámat na silá.,They left one by one.,34
amáy,n,noun,,,father.,,,34
ámba,n,noun,,,"prayer, chant, song.",,,34
,v,verb,,"/mag-,-un/","to sing, to pray, to adore.",Nag’ámba si Artúro.,Arturo sang.,34
ámbit,v,verb,,"/mag-,-un/","to participate, to share in.",Gin’ámbit nya ang kadunggánun.,He shared in the honor.,34
ámbung,n,noun,,/ka-/,"radiance, beauty.",,,34
,adj,adjective,,/ma-/,"radiant, effulgent, beautiful.",,,34
ámbut,id,idiom,,,I don’t know.,,,34
Amérika,n,noun,,,America.,,,34
amerikána,n,noun,,,"formal coat for men, female American citizen.",,,34
Amerikáno,n,noun,,,American citizen.,,,34
amidúl,n,noun,,,variant of almidúl.,,,34
amígo,n,noun,,,"friend, buddy.",,,34
amimíluk,n,noun,,,eyelash.,,,34
amínhan,n,noun,,,north.,,,34
ámlig,v,verb,,"/mag-,-an/","to handle with care, to be, careful.",Gin’-amligán ni Élsa ang íyang bág’ung líbro.,Elsa was careful with her new book.,34
ámpu’,n,noun,,,"prayer, pleading.",,7,34
,v,verb,,"/mag-,-un/","to pray, to beseech, to beg, to plead.",Nag’ámpu’ si Salvacíon sa Dyos.,Salvacion prayed to God.,35
ámu,n,noun,,,"boss, employer, master.",,,35
amú,pr,pronoun,,,"it, that.",,,35
,adv,adverb,,,similarly.,,,35
amú’,n,noun,,,monkey.,,,35
amúma,v,verb,,"/mag-,-un/","to be hospitable, to entertain.",,,35
ámun,pr,pronoun,,,"our, ours (first person exclusive plural pre-possessive pronoun).",,,35
ámut,n,noun,,,"subscription, donation, contribution.",,,35
,v,verb,,"/mag-,-un/","to contribute, to help by giving something.",Nag’ámut akú pára sa simbáhan.,I gave something for the church.,35
ámyun,adj,adjective,,/ma-/,fragrant.,,,35
1-an,va,verbal affix,,,"infinitive, benefactive-locative focus affix.",Gústo ku sultán si José.,I would like to write to Jose.; proposed action affix of this verb. Sulatán ku si José. I will write to Jose.; imperative action affix of this verb. Sulatan mu si José. You write to Jose.,35
2-an,va,verbal affix,verbal,,designating reciprocity of action.,Nagkita’áy silá.,They saw each other.,35
3-an,na,noun formative,,,noun formative affix designating a container or a place where an action occurs.,Nagsugál kamí sa sugálan.,We gambled in the gambling den.,35
anák,n,noun,,,child.,,8,35
,v,verb,,"/mag-,-un/","to bear a child, to give birth, to be godparent to a child during baptism or confirmation.",Nag’anák si Lucille sa búnyag.,Lucille stood as a godmother for a baptism ceremony.,36
1-anan,na,noun formative,,,noun formative affix denoting reciprocal action.,Táman ka’ínit ang sumbagánay sa síni.,The boxing episode in the film was very intense.; noun formative affix designating a container or a place. Butangánan iná’ sang mangá líbro. Those are bookshelves.,36
2-anan,va,verbal affix,verbal,,designating reciprocity of action.,Nagsumbagánay silá.,They boxed each other.,36
anád,adj,adjective,,,"usual, sophisticated, accustomed to.",,,36
,v,verb,,/ma-/,"to be accustomed to, to make familiar through experience.",Na’ánad akú mag’inúm sang tsa.,I am used to drinking tea.,36
ánay,pt,particle,,,"please, wait a minute.",Hulat ánay.,Please wait a minute.,36
,n,noun,,,termite.,,,36
-ánay,na,noun formative,,,variant of -ánan.,,,36
ánaw,n,noun,,,"deluge, great flood.",,,36
ándam,v,verb,,"/mag-,-un/","to be cautious, to be careful, to beware, to be prepared.",Nag’ámdam sa pagmaného si Pedro.,Pedro was cautious with his driving.,36
andámyu,n,noun,,,gangplank.,,,36
ándar,v,verb,,/mag-/,"to function, to work.",Nag’ándar ang motor.,The motor worked. 9,36
anhíng,adj,adjective,,,"late, departed, living comparatively recently.",,,37
áni,n,noun,,,"harvest, produce.",,,37
,v,verb,,"/mag-,-un/","to harvest, to reap.",Nag áni akú sang humáy.,I harvested some palay.,37
aningál,v,verb,,"/mag-,-un/",to have the delusion of hearing a familiar sound.,Gin’aningál nya ang tíngug ní nánay. She seemed to hear mother’s voice.,,37
ántes,adv,adverb,,,"earlier, before, in advance, previously.",,,37
antígu,v,verb,,/mag-/,"to know, to be knowledgeable.",Nag’antígu akú magmaného sang kótse.,I learned how to drive a car.,37
ánting’ánting,n,noun,,,"amulet, talisman.",,,37
antipatikú,adj,adjective,,,"unsympathetic, settled aversion.",,,37
ántud,adj,adjective,,/ma-/,"fetid, of odor, burnt.",,,37
ántus,v,verb,,"/mag-,-un/","to bear, to suffer, to endure.",Nag’ántus akú sang kapobréhan.,I suffered through poverty.,37
antyúhus,n,noun,,,"spectacles, eyeglasses.",,,37
anu,pr,pronoun,,,what.,Anú iní?.,What is this?.,37
,v,verb,,"/mag-,-un/","to become, to do with.",Nag’anú ka?.,What did you do?.,37
ánud,v,verb,,"/mag-,-un/","to drift, to flow with the current.",Gin ánud ang baláy pagbahá’.,The house was towed away during the flood.,37
ánum,num,numeral,,,six.,,10,37
1-ánun,aa,adjective formative,adjective,,formative affix attached to nouns to designate abundance in possession.,Manggaránun si Conchita.,Conchita is rich.,38
2-anun,na,noun formative,,,noun formative affix designating state of being.,Banwahánun si Teresíta.,Teresita is from the town.,38
anúnsyo,n,noun,,,"announcement, broadcast.",,,38
,v,verb,,"/mag-,-un/","to announce, to broadcast, to make public.",,,38
ányag,adj,adjective,,/ma-/,"beautiful, pretty.",,,38
ányo,n,noun,,,year.,,,38
áng,pt,particle,,,definite noun marker.,Ang líbro ára’ sa lamésa.,The book is on the table.,38
ángay,adj,adjective,,,"appropriate, becoming.",,,38
,v,verb,,"/mag-,-an/","to be well matched, to be equal, to look becoming, to fit.",,,38
ángkab,v,verb,,"/mag-,-un/","of animals, to snap, to bite, to seize with teeth so as to grip or bite.",Gin’ángkab sang idú’ ang báta’.,The dog bit the child.,38
ángkla,n,noun,,,anchor.,,,38
ángkun,v,verb,,"/mag-,-un/","to acquire, to attain, to possess.",Nag’ángkun sya sang kwárta.,He acquired some money.,38
ángga’,n,noun,,,"nickname, pet name.",,,38
,v,verb,,"/mag-,-un/","to fondle, to caress, to pet, to care for very much.",,,38
ánggid,adj,adjective,,,"alike, similar.",,11,38
,v,verb,,"/mag-,-un/","to be alike, to compare.",Nag’ánggid ang íya hitsúra sa íya amáy.,He looks like his father.,39
angút,v,verb,,"/mag-,-un/","to join together, to tie together, to fasten together.",,,39
ápa,n,noun,,,cone.,,,39
apá’,n,noun,,,"mute, dumb.",,,39
ápang,con,conjunction,,,"but, however.","Gústo ku magbakál ápang walá’akú sang kwárta. I would like to buy, but I don’t have any money.",,39
aparadór,n,noun,,,"closet, cabinet.",,,39
ápas,v,verb,,"/mag-,-un/","to follow, to go after.",Nag’ápas akú sa ákun bána sa Maníla’.,I followed my husband to Manila.,39
ápat,num,numeral,,/ka-…-an/,four;  forty; /ika-/ fourth; /napulug-/ fourteen.,,,39
ápdu,n,noun,,,gall bladder.,,,39
apelyédo,n,noun,,,"surname, last name.",,,39
ápin,v,verb,,"/mag-,-an/","to support, to side with, to be an ally to, to defend.",,,39
apínas,adj,adjective,,,scarce.,,,39
aplá’ag,v,verb,,"/mag-, -un/","to spread, to break and scatter.",Nag’aplá’ag ang florera.,The flower vase scattered into pieces.,39
apú,n,noun,,,grandchild.,,,39
ápuk,v,verb,,"/mag-,-un/","to throw, to be blown aside.",,,39
ápug,n,noun,,,lime.,,12,39
apurá,v,verb,,"/mag-,-un/","to make haste, to hasten.",Nag’apurá akú kay ulihí na akú.,I was in a hurry because I was already late.,40
ára’,d,deictic,,,there (short form to mean far from the speaker).,ára’ dirá’ d there (full form to mean far from the speaker).,,40
arádu,n,noun,,,plow.,,,40
,v,verb,,"/mag-,-un/","to plow, to use a plow to break up or turn the soil.",Nag’arádu si Pedro kahápun.,Pedro plowed the field yesterday.,40
árko,n,noun,,,arch.,,,40
aresgádo,adj,adjective,,,"adventurous, daring, foolhardy.",,,40
ári,d,deictic,,,here (short form to mean near the speaker).,,,40
arí’arí,adj,adjective,,,stunted in growth.,ári dirí d here (full form to mean near the speaker).,,40
aritmétika,n,noun,,,arithmetic.,,,40
arítus,n,noun,,,earring.,,,40
ármas,n,noun,,,"weapon, arms.",,,40
árte,n,noun,,/-ista/,"art, design, decoration;  actor, actress.",,,40
,adj,adjective,,/ma-/,"creative, artistic, vain.",,,40
artíkulo,n,noun,,,article.,,,40
arúy,intj,interjection,,,ouch.,,13,40
-aryo,na,noun formative,,,noun formative affix designating state of being.,Milyonaŕyo na si López.,Lopez is already a millionaire.,41
ásab,adj,adjective,,/ma-/,"voracious, gluttonous, ravenous.",,,41
asál,v,verb,,"/mag-,-un/",to roast particularly on a pit.,Nag asál kamí sang bábuy.,We roasted a pig.,41
ásang,n,noun,,,fish gill.,,,41
asáwa,n,noun,,,wife.,,,41
,v,verb,,"/mag-,-un/","to take a wife, to marry.",,,41
aséro,n,noun,,,steel.,,,41
asílo,n,noun,,,"sanctuary, institution of relief or care for the destitute or afflicted.",,,41
asikáso,v,verb,,"/mag-, -un/","to take care of, to attend to.",Nag’asikáso akú sang umá.,I took care of the farm.,41
asín,n,noun,,,salt.,,,41
,adj,adjective,,/ma-/,salty.,,,41
áslum,n,noun,,,sourness.,,,41
,adj,adjective,,/ma-/,sour.,,,41
asú,n,noun,,,smoke.,,,41
,v,verb,,"/mag-,-an/",to smoke.,Nag’asú ang kaláyu.,The fire smoked.,41
asúkar,n,noun,,,refined sugar.,,,41
asúgi,n,noun,,,"mercury, quicksilver.",,,41
asúl,adj,adjective,,,blue.,,14,41
asúntu,n,noun,,,"lawsuit, a case before a court.",,,42
áswang,n,noun,,,"witch, sorceress.",,,42
asyendéro,n,noun,,,"big landowner, sugar magnate.",,,42
atataró,n,noun,,,caterpillar.,,,42
atáke,v,verb,,"/mag-,-un/","to attack, to assault, to fall upon.",Gin’atáke sang mangá soldádo ang mangá tulisán.,The soldiers attacked the bandits.,42
atáy,n,noun,,,liver.,,,42
atendér,v,verb,,"/mag-, -an/","to attend to, to look after.",,,42
aténsyon,n,noun,,,attention.,,,42
áthag,adj,adjective,,/ma-/,"clear, distinct.",,,42
atí,n,noun,,"/mag-, -un/","to rob, to plunder, to steal, to sack.",Nag’atí ang mangá Huk sa búkid.,The Huks plundered the mountain area.,42
atipán,v,verb,,"/mag-,-un/","to take care of, to attend to.",Nag’atipán akú sang pasyénte.,I took care of the patient.,42
atipuyúng,v,verb,,/-un/,"to be dizzy, to feel faint.",Gin’atipuyúng akú ka’ína.,I felt faint earlier today.,42
átras,v,verb,,"/mag-,-un/","to go behind, to move back.",Nag’átras akú.,I moved back.,42
atráso,adj,adjective,,,"late, delayed.",,,42
atsára,n,noun,,,pickled green papaya.,,,42
atú,d,deictic,,,"that (short form to mean yonder, far from both the speaker and the listener).",,15,42
atúbang,v,verb,,"/mag-,-un/","to face, to confront, to stand before.",Nag’atúbang akú sa ímu.,I faced you.,43
,adv,adverb,,/-an/,in front of.,Sa atubángan sang kapitólyo ang tindáhan.,"The store is in front of the capitol. atú dídtu d there (long form), yonder, far from both the speaker and the listener.",43
átun,pr,pronoun,,,"our, ours (first person inclusive pre-possessive pronoun).",,,43
atúp,n,noun,,,roof.,,,43
atutúli,n,noun,,,earwax.,,,43
áwa’,n,noun,,,"mercy, compassion, pity.",,,43
,v,verb,,/ma-/,to have compassion for.,Na’áwa’ si Alfónso kay Ana.,Alfonso pitied Ana.,43
áwas,v,verb,,/mag-/,to overflow.,,,43
awát,v,verb,,"/mag-,-un/","to annoy, to waste another person’s time, to delay.",Gin’awát mu lang akú.,You just wasted my time.,43
áway,n,noun,,/ka-/,"combat, fight, assault.;  opponent.",,,43
,v,verb,,"/mag-,-un/","to fight, to go to war.",Nag’áway si Mariáno kag si Cárlos.,Mariano and Carlos had a fight.,43
áwto,n,noun,,,"car, automobile.",,,43
áy,intj,interjection,,,"oh, ouch, oh no.",,,43
-ay,va,verbal affix,,,variant of -an.,,,43
ayág,v,verb,,"/mag-,-un/","to sift, to screen, to strain.",Gin’ayág ku ang harína.,I sifted the flour. 16,43
ayám,v,verb,,/mang-/,to hunt.,Nangayám silá sang usá.,They hunted for deer.,44
ayáp,v,verb,,"/mag-,-un/","to adopt, to be willing to accept something new, to take up and practice as one’s own.",Gin’ayáp ku ang ílu.,I adopted the orphan.,44
ayáw,v,verb,,"/ma-…-an,-an/","to have more than enough, to be satiated, to be abundantly fed.",,,44
,na,noun formative,,,’ayáwan si Pédro sang pagká’un.,,Pedro was more than satisfied with the food.,44
áyhan,con,conjunction,,,"perhaps, therefore.",Sigúro ang kandidáto ku áyhan ang mada’úg.,Perhaps my candidate will win.,44
áyu,v,verb,,"/mag-,-un/","to become well, to fix something to make it work, to become good.",Nag’áyu ang masakítún sang hináli’.,The sick person got well rapidly.,44
,adj,adjective,,/ma-/,"fine, good, well.",,,44
áyu’,n,noun,,,"bargain, discount.",,,44
,v,verb,,"/mag-, -un/","to bargain, to ask for a discount.",Gin’áyu’ ku ang pŕesyo.,I asked for a discount of the price. 17,44
bá’bá,n,noun,,,mouth.,,,45
babáyi,n,noun,,,"female, woman.",,,45
bábuy,n,noun,,,"pig, pork.",,,45
báka,n,noun,,,"cow, beef.",,,45
baká’,adj,adjective,,,"bow-legged, walking as if under a strain.",,,45
,v,verb,,/mag-/,to walk under weight.,Nag’báka’ si José.,Jose walked under weight.,45
bakág,v,verb,,/-un/,"to get annoyed, to lose one’s patience.",Ginbakág akú sang hulát sa íya.,I got annoyed waiting for him.,45
bakál,v,verb,,"/mag-, -un/","to buy, to purchase.",,,45
bakasyón,n,noun,,,"vacation, leisure trip.",,,45
,v,verb,,/mag-/,"to take a vacation, to go on a trip.",,,45
bákbak,v,verb,,"/mag-, -un/",to strip off.,Ginbákbak ku ang pánit sang káhuy.,I stripped off the bark of the tree.,45
bákhaw,n,noun,,,mangrove.,,,45
bákhu’,v,verb,,"/mag-, -un/","to sigh, to moan, to lament.",Nagbákhu’ silá sang pagkamatáy sang íla amáy.,They mourned the death of their father.,45
báknal,adj,adjective,,/ma-/,"burdensome, onerous, bulky.",,,45
báknit,v,verb,,"/mag-, -un/","to nudge, to pinch, to pluck.",,,45
bákud,adj,adjective,,/ma-/,"strong, stiff.",,18,45
,v,verb,,/mag-/,"to become strong, to stiffen.",,,46
bákul,v,verb,,"/mag-, -un/",to beat or baffle with blows using a piece of wood or a piece of metal.,Ginbákul si Juán sang mangá hurúng.,Juan was badly beaten by some goons.,46
bakúlud,n,noun,,,"slope, hill.",,,46
bakúna,n,noun,,,vaccination.,,,46
,v,verb,,"/mag-, -an/",to vaccinate.,Ginbakunáhan akú sang kolerá.,I was immunized against cholera.,46
bádlu’,n,noun,,,phlegm.,,,46
bádlung,v,verb,,"/mag-, -un/","to point out a fault or mistake, to correct by telling a person.",Ginbádlung ku ang ákun mánghud.,I corrected the behavior of my younger sister.,46
bága,n,noun,,,"ember, live coal.",,,46
bagáhe,n,noun,,,"luggage, piece of baggage, cargo.",,,46
bagáng,v,verb,,"/mag-, -un/","to heat, to make red hot.",Ginbagáng ku ang plántsa.,I heated the iron.,46
baganíhan,n,noun,,,hero.,,,46
bagásu,n,noun,,,bagasse.,,,46
bagátnan,n,noun,,,south.,,,46
bágay,n,noun,,,"thing, idea, notion, effects.",,,46
bágid,v,verb,,"/mag-, -un/","to rub together, to strike together.",Nagbág’id akú sang duhá ka batú.,I rubbed two stones together. bágnas,46
,adj,adjective,,,"of fruits, unripe, nearly ripe.",,19,46
bágrung,n,noun,,,"roaring sound, thunderous sound.",,,47
,v,verb,,"/mag-, -un/","to roar, to thunder, to make a deafening sound.",,,47
bágrut,v,verb,,"/mag-, -un/",to gnash or grind one’s teeth.,Nagbágrut ang ngípun mu kagáb’i.,You ground your teeth (in your sleep) last night.,47
bágsak,n,noun,,,bedbug.,,,47
bágting,v,verb,,"/mag-, -un/","to ring a bell, to toll.",Nagbágting ang lingánay.,The bell rang.,47
bágtung,v,verb,,"/mag-, -un/",to wrap in a bundle especially with a woven cloth.,Nagbágtung kamí sang mangá kamátis.,We wrapped some tomatoes.,47
bágu,adv,adverb,,,before.,,,47
bág’u,adj,adjective,,,"new, recent, unfamiliar, novel.",,,47
,v,verb,,"/mag-, -un/","to make new, to change, to renew.",Nagbág’u ang ímu batásan.,You have changed your ways.,47
bagúl,n,noun,,,hard shell of the coconut.,,,47
bágyu,n,noun,,,"rainstorm, typhoon, hurricane.",,,47
,v,verb,,/mag-/,"to be stormy, to be forceful.",Nagbágyu sa Maníla.,There was a storm in Manila.,47
bahá’,n,noun,,,flood.,,,47
,v,verb,,"/mag-, -an/",to cover with a flood.,Nagbahá sa Kaneohe sádtung naglígad nga semána.,"There was a flood in Kaneohe last week.; /mag-, -an/ to scatter abundantly, to 20.",47
bahála’,v,verb,,,to be responsible for.,Bahála’ ka na siná’.,You are responsible for that.,48
báhin,n,noun,,,"part, chapter, share.",,,48
,v,verb,,"/mag-, -un/","to divide, to deal with‚ to make small parts of.",Ginbáhin ang lóte sa mangá anák nya.,The lot was divided among the children.,48
báhit,v,verb,,"/mag-, -un/",to take something out from the fire.,Ginbáhit ku ang sinúgba nga bábuy.,I took the roasted pork out of the fire.,48
báhu,n,noun,,,"of music, bass.",,,48
báhu’,n,noun,,,"smell, odor, stink.",,,48
,adj,adjective,,,"odorous, pungent, acrid smelling, stinking.",,,48
bahúg,n,noun,,,food for pigs.,,,48
,v,verb,,"/mag-, -un/","of animals, to feed swine, or any animal; of people, to eat mixed foods simultaneously.",Nagbahúg akú sang bábuy.,I fed the pigs.,48
bahúl,adj,adjective,,/ma-/,"coarse, loose or rough texture.",,,48
bahún,n,noun,,,sneeze.,,,48
,v,verb,,/mag-/,to sneeze.,,,48
bá’id,v,verb,,"/mag-, -un/","to sharpen, to rub against a stone so as to sharpen.",,,48
bá’is,v,verb,,"/mag-, -un/","to argue, to dispute, to debate.",Ginbá’is nya si Rubén.,He argued with Ruben. 21,48
bála,n,noun,,,bullet.,,,49
balá,pt,particle,,,question particle to express doubt or uncertainty; tag question particle.,"Ma’éstro si Pédro, índi’ balá?. Pedro is a teacher, isn’t he?",,49
balá’an,adj,adjective,,,"divine, godlike, heavenly.",,,49
balábag,v,verb,,"/mag-, -un/","to frustrate, to block, to lay across as of a log.",Nagbalábag ang áwto sa kálye.,The car blocked the street.,49
baláka,v,verb,,"/mag-, -un/","to feel concerned about something or somebody, to worry.",Ginbaláka sya sang hitabú.,He felt concerned about the incident.,49
bál’ag,v,verb,,"/mag-, -an/","to file, to rub and make smooth with a file.",,,49
balágun,n,noun,,,"vine, climbing plant.",,,49
balahíbu,n,noun,,,"of animals, fur; of people, skin hair.",,,49
balának,n,noun,,,mullet.,,,49
balánse,v,verb,,"/mag-, -un/","to balance, to shift, to bring to a state of equipoise or stability.",Nagbalánse si Juán sa bángku.,Juan balanced himself on top of the bench.,49
balangáw,n,noun,,,rainbow.,,,49
balás,n,noun,,,sand.,,,49
balása,v,verb,,"/mag-, -un/","to shuffle, to mix up as of cards.",Ginabalása ku ang mangá baráha.,I shuffled the cards.,49
balasúbas,adj,adjective,,,"rowdy, rude, good-for-nothing, inconsiderate.",,22,49
balatí’an,n,noun,,,"disease, illness, feeling, physical condition.",,,50
,v,verb,,/mag-/,"to suffer from a disease, to be sick.",Nagbalatí’an si Ricárdo sang kolerá.,Ricardo was sick of cholera.,50
baláy,n,noun,,,"house, home, dwelling, building.",,,50
,v,verb,,"/mag-, -an/","to build a house, to put up a house or building.",,,50
bálaybálay,n,noun,,,playhouse.,,,50
,v,verb,,"/mag-, -un/",to go from one house to another.,Ginbaláybaláy nilá ang báryu.,They went to every house in the barrio.,50
baláybay,n,noun,,,"verse, recitation, rhyme, poetry.",,,50
balbolá,n,noun,,,valve.,,,50
bálda,n,noun,,,"pain, sickness, ache, soreness.",,,50
,adj,adjective,,/-ado/,"paralytic, sickly, low resistance against illness.",Baldádo ang láwas ni Glória.,Gloria is very sickly.,50
báldi,n,noun,,,"bucket, pail.",,,50
baldúsa,n,noun,,,"concrete pavement, cemented floor.",,,50
bále,v,verb,,,"to be about, to amount to, to equal to.",Bále ánum ka písos ang ímu útang.,Your debt amounts to six pesos.,50
bálhas,n,noun,,,"perspiration, sweat, condensation.",,,50
,v,verb,,/-un/,"to perspire, to sweat.",Ginbálhas si Artúro pagkatápus maghámpang sang basketból.,Arturo perspired after playing basketball.,50
bálhin,v,verb,,"/mag-, -un/","to change, to exchange.",,23,50
balí’,n,noun,,,"fracture, break.",,,51
,adj,adjective,,,"broken, fractured.",,,51
,v,verb,,"/mag-, -un/","to break, to fracture, to rapture.",Ginbáli’ ku ang lápis.,I broke the pencil.,51
balíbad,n,noun,,,"excuse, reason, refusal.",,,51
,v,verb,,"/mag-, -an/","to find an excuse, to give a reason, to refuse.",Ginbalibáran ku ang imbitasyón.,I refused the invitation.,51
balík,v,verb,,"/mag-, -un/","to come back, to return, to retrace one’s steps.",,,51
balikawáng,n,noun,,,hip.,,,51
balikíd,v,verb,,"/mag-, -un/","to turn one’s head to look back, to turn over to the other side in a lying position.",Nagabalikíd si Noél pára makíta’ nya ang dalága nga matahúm.,Noel looked back so that he could see the beautiful lady.,51
balígya’,n,noun,,,goods for sale.,,,51
,v,verb,,"/mag-, -un/","to sell, to dispose of by sale.",,,51
balískad,v,verb,,"/mag-, -un/","to turn upside down, to invert, to turn over.",Nagbalískad ang papél sa hángin.,The paper overturned in the wind.,51
balíswa’,v,verb,,"/mag-, -un/","to turn over, to turn upside down, to invert.",Ginbalíswa’ ni Joselíto ang pláto.,Joselito turned the plate over.,51
balíta’,n,noun,,,"news, report.",,24,51
,v,verb,,"/mag-, -un/","to inform, to tell the news, to report.",Ginbalíta ni Cecília nga makádtu sya sa Amérika.,Cecilia told the news that she will go to America.,52
bálu,n,noun,,,"widow, widower.",,,52
balú’,n,noun,,,"knot, loop, bow.",,,52
,v,verb,,"/mag-, -un/","to entwine, to knot, to tie in a loop or bow.",,,52
balúd,n,noun,,,ocean wave.,,,52
,adj,adjective,,/ma-/,"rough seas, wavy.",,,52
bálun,n,noun,,,"provisions, a stock of needed materials or supplies collected beforehand.",,,52
,v,verb,,"/mag-, -un/","to take provisions along, to bring money or food on a trip.",,,52
balúta,n,noun,,,ballot.,,,52
bálsa,n,noun,,,"raft, ferry, a native raft made of tied bamboo trunks.",,,52
bálus,n,noun,,,"answer, reply, revenge, reprisal, reward, vendetta.",,,52
,v,verb,,"/mag-, -an/","to answer, to reply, to strike back, to take revenge on.",Nagbálus akú sa sulát ni nánay.,I answered the letter of my mother.,52
balúskay,v,verb,,"/mag-, -un/","to rummage, to make a thorough search.",Ginbalúskay ku ang mangá báyu sa pagpangíta’ sang ákun síngsing.,I rummaged through my clothes to look for my ring.,52
balút,n,noun,,,"unhatched embryo of duck or chicken, boiled and eaten as a delicacy.",,25,52
balyéna,n,noun,,,whale.,,,53
bána,n,noun,,,husband.,,,53
baná’ag,n,noun,,,"dawn, early morning, rays of the sun.",,,53
banás,n,noun,,,"path, a footpath through uncleared areas.",,,53
bánda,n,noun,,,"cord or strip of material serving chiefly for decoration, a music band or group of musicians organized for playing together.",,,53
bandehádo,n,noun,,,platter.,,,53
bandéra,n,noun,,,flag.,,,53
bándo,n,noun,,,"announcement, broadcast, declaration.",,,53
,v,verb,,"/mag-, -un/","to announce, to make public, to inform the public, to declare.",,,53
bánhaw,v,verb,,/ma-/,"to resurrect, to rise from the dead.",Nabánhaw si Krísto.,Christ resurrected.,53
baníg,n,noun,,,native mat made from strips of palm leaves woven together.,,,53
baníhut,adj,adjective,,,"stubborn, obstinate, persistent, unyielding.",,,53
bansúli’,v,verb,,"/mag-, -un/","to tumble, to be together in a confused mass.",Nagbansúli’ akú.,I tumbled over.,53
bánta’,n,noun,,,"guess, opinion, supposition, estimate.",,,53
,v,verb,,/-un/,"to guess, to opine, to suppose, to estimate.",Ginbánta’ ku ang túbig pára sa kán’un.,I estimated the water for the rice.,53
bántal,v,verb,,"/mag-, -un/",to bundle or wrap together with a piece of cloth or clothing.,Ginbántal ku ang ákun mangá báyu’.,I wrapped my clothes together. 26,53
bantála’,n,noun,,,"announcement, advertisement, broadcast.",,,54
,v,verb,,"/mag-, -un/","to announce or broadcast over the air, to advertise.",Ginbantála’ sa rádyo nga napatáy si Kennedy.,It was announced on the radio that Kennedy was assassinated.,54
bántay,n,noun,,,"watchman, watcher, guard, observer.",,,54
,v,verb,,"/mag-, -an/","to watch over, to guard, to observe.",,,54
bánting,v,verb,,"/mag-, -un/",to brace or tie together with a rope.,Ginbánting ku ang kawáyan.,I fastened the bamboos together.,54
bántug,adj,adjective,,,"renowned, famous, eminent, distinguished, noted.",,,54
,v,verb,,/-un/,"to be rumored, to be considered a hearsay, to become well-known.",Ginbántug si Teodóro nga ma’áyung doktór.,Teodoro was well-known as a good doctor.,54
bánwa,n,noun,,/-anun/,"town, community, a compactly settled area usually larger than a village but smaller than a city;  citizen.",,,54
bányo,n,noun,,,bathroom.,,,54
bangá’,n,noun,,,native earthen jar used as water container.,,,54
bángkay,n,noun,,,"corpse, dead body.",,,54
bangkéta,n,noun,,,"sidewalk, concrete pavement.",,,54
bangkéte,n,noun,,,"banquet, ceremonious meal.",,,54
bángko,n,noun,,,bank.,,27,54
bángku’,n,noun,,,wooden bench long enough for two or more people to sit on.,,,55
bangdánan,n,noun,,,"reason, cause, motive for refusal.",,,55
bángday,v,verb,,"/mag-, -un/",to lean against as for support.,Nagbángday ang púnu’ sang ságing sa padér.,The banana tree leaned against the wall.,55
bángga’,v,verb,,"/mag-, -un/","to collide, to bump against.",,,55
bángig,v,verb,,"/mag-, -un/","to quarrel, to start a fight.",Ginbángig ni Lóla si Lólo.,Grandmother quarreled with Grandfather.,55
bangís,adj,adjective,,/ma-/,"brutal, cruel, inhuman, ferocious, fierce.",,,55
bangúd,con,conjunction,,,"regarding, concerning, relating to, because of, therefore.","Bangúd sang aksidénte, nabúlag si Córa.",Cora became blind because of the accident.,55
bángun,v,verb,,/mag-/,"to arise, to get up from bed, to get up from a lying position.",,,55
bapór,n,noun,,,"boat, ship.",,,55
bará,v,verb,,"/mag-, -an/","to clog, to impede with extraneous matter.",,,55
bára,n,noun,,,"bar, a long straight piece of wood or metal, crowbar.",,,55
baráha,n,noun,,,"deck of playing cards, card.",,,55
barandílya,n,noun,,,"railing made of iron serving as a guard or support, iron guard rail.",,,55
baratílyo,n,noun,,,bargain sale.,,,55
baráto,adj,adjective,,,"cheap, inexpensive.",,28,55
,v,verb,,"/mag-, -an/","to make cheap, to reduce in price.",Nagbaráto na ang présyo sang bugás.,The price of rice has gone down.,56
bárbas,n,noun,,,beard.,,,56
,v,verb,,"/magpa-, -an/",to shave the beard off.,Ginbarbasán si José ni Mário. Carlos shaved off Mario’s beard.,,56
barbéro,n,noun,,,barber.,,,56
barílis,n,noun,,,barrel.,,,56
barína,n,noun,,,awl.,,,56
,v,verb,,"/mag-, -an/","to drill, to bore a hole with an awl.",,,56
barukán,n,noun,,,urinary bladder.,,,56
barútu,n,noun,,,"canoe, a native canoe made from carved trunks of trees.",,,56
báryu,n,noun,,,a unit of local government and area division having the status of a village.,,,56
bása,v,verb,,"/mag-, -un/",to read.,,,56
basá’,adj,adjective,,,"wet, soaked.",,,56
,v,verb,,"/mag-, -un/","to wet, to soak with liquid.",Ginbasá’ ku ang tu’álya.,I wet the towel.,56
baság,adj,adjective,,,"of sound, hoarse, dull, broken.",,,56
básbas,v,verb,,"/mag-, -an/","of plants and trees, to cut, to trim.",,,56
báskit,n,noun,,,basket.,,,56
báskug,adj,adjective,,/ma-/,"of sound, loud; of force, strong.",,29,56
bási’,v,verb,,,"may, may be, might.",Bási’ índi akú maka’abút sa alás tres. I may not arrive at three o’clock.,,57
báso,n,noun,,,drinking glass.,,,57
básta,con,conjunction,,,"because, provided, as long as, if, just, I said so.",Makádtu akú sa Lunéta básta hapítun nínyu akú.,I will go to Luneta if you pass by for me.,57
,pt,particle,,,"I said so, it has been agreed upon.",Básta!.,I have already said so!.,57
bástun,n,noun,,,"walking stick, cane.",,,57
bástus,adj,adjective,,,"rude, uncouth, offensive in manner or action, lacking in social refinement.",,,57
básul,v,verb,,"/mag-, -un/","to scold, to chide, to blame, to regret, to repent, to reproach.",,,57
basúra,n,noun,,,"garbage, trash, litter.",,,57
básya,v,verb,,"/mag-, -an/","of water, to pour out with force, to throw out.",Nagbásya kamí sang túbig sa dálan.,We threw water into the street.,57
báta,n,noun,,,"a loose garment usually worn in bed, nightgown.",,,57
báta’,n,noun,,,"child, baby, young girl or boy usually below the age of ten years old.",,,57
,adj,adjective,,,"young, immature.",,,57
,v,verb,,/mag-/,"to deliver a child, to bear a child.",,,57
batá’batá’,adj,adjective,,,"younger, childish.",,,57
bátak,v,verb,,"/mag-, -un/","to pull upward, to raise.",Ginbátak ku ang tímba’ sa bubún.,I raised the bucket up the well. 30,57
batás,v,verb,,"/mag-, -un/","to bear, to suffer, to endure.",Nagbátas ikáw sang dakúng kasákit.,You endured a great affliction.,58
,n,noun,,/pag-/,endurance.,,,58
batásan,n,noun,,,"manner, character, custom, behavior.",,,58
batí,v,verb,,"/mag-, -un/","of liquid and powder, to beat together, to mix together.",Ginbatí ku ang ítlug.,I beat the egg.,58
batí’,v,verb,,"/maka-, ma-…-an/","to hear, to be able to hear.",Mabati’án ku ang hámbal sa sunúd nga kwárto.,I can hear the talk in the next room.,58
báti’,n,noun,,/pag-/,feelings.,,,58
batí’batí’,v,verb,,/magpa-/,to eavesdrop.,Nagmamati’batí’ si Cora sa balíta’ ni Josefína.,Cora eavesdropped on the news of Josefina.,58
batíd,adj,adjective,,,"clever, cunning, ingenious.",,,58
batí’is,n,noun,,,"leg, shin.",,,58
batinggílan,adj,adjective,,,"flirt, loose in morality.",,,58
bátsi,n,noun,,,hole on the road.,,,58
batú,n,noun,,,"rock, stone, pebble.",,,58
bátu’,v,verb,,"/mag-, -un/","to resist, to oppose, to fight, to challenge.",,,58
batúbaláni’,n,noun,,,magnet.,,,58
batúbatú,v,verb,,"/mag-, -un/","to spell, to count one by one.",Ginbatúbatú ku ang mangá lítra.,I spelled the letters. 31,58
bátuk,v,verb,,"/mag-, -un/","to resist, to oppose to compete, to debate.",,,59
bátug,n,noun,,,egg yolk.,,,59
bátun,v,verb,,"/mag-, -un/","to receive, to accept, to take.",,,59
batúta,n,noun,,,"police club, wooden club.",,,59
bátya’,n,noun,,,native wide wooden tub or basin.,,,59
bátyag,n,noun,,,"feeling, sense.",,,59
,v,verb,,"/mag-, -un/","to feel, to have a sensation.",Ginbátyag ku ang kasakít sa ákun úlu.,I felt the pain on my head.,59
ba’ú,n,noun,,,land turtle.,,,59
ba’úg,adj,adjective,,,"of egg, rotten, sterile.",,,59
báw’as,adj,adjective,,,"of people, sterile, barren, childless.",,,59
báwi’,v,verb,,"/mag-, -un/","to redeem, to take back, to reclaim.",,,59
bawtisár,v,verb,,"/mag-, -an/","to baptize, to pour water on the head as in baptism.",Nagbawtisár ang pári sang mangá báta.,The priest baptized the children.,59
báya’,v,verb,,/-an/,"to leave, to quit, to abandon.",Ginbayá’an sang asáwa ang íya bána.,The wife left the husband.,59
bayábas,n,noun,,,guava.,,,59
báyad,n,noun,,,payment.,,,59
,v,verb,,"/mag-, -un/","to pay, to settle an account, to spend.",,,59
bayáw,n,noun,,,"sister-in-law, brother-in-law.",,32,59
báyaw,v,verb,,"/mag-, -un/","to elevate, to lift, to raise as a host during Roman Catholic mass service.",,,60
báybay,n,noun,,,"beach, coast, shore.",,,60
baylíhan,n,noun,,,dancehall.,,,60
báylu,v,verb,,"/mag-, -an/","to exchange, to substitute, to swap.",Ginbayluhán ku ang báyu’ sang sapátus.,I exchanged the dress for a pair of shoes.,60
bayú,v,verb,,"/mag-, -un/","to box, to maul, to pound.",Nagbayú kamí sang humáy.,We pounded some rice.,60
báyu’,n,noun,,,"dress, clothing, apparel.",,,60
bayú’ung,n,noun,,,bag made of woven palm leaves.,,,60
bentáha’,n,noun,,,"advantage, edge.",,,60
bérde,adj,adjective,,,green.,,,60
bersíkulu,n,noun,,,verse.,,,60
beteráno,n,noun,,,veteran.,,,60
béynte,num,numeral,,/ika-/,twenty;  twentieth.,,,60
bíbi,n,noun,,,duck.,,,60
bibíg,n,noun,,,lip.,,,60
Bíbliya,n,noun,,,Bible.,,,60
Bikoláno,n,noun,,,"language spoken principally in Albay, Camarines Sur, Catanduanes, Sorsogon, the southern half of Camarines Norte, and in some towns of Masbate.",,,60
biktíma,n,noun,,,victim.,,,60
bigúti,n,noun,,,moustache.,,33,60
bíhag,n,noun,,,"captive, hostage.",,,61
,adj,adjective,,/maka-R/,"captivating, attractive.",Makabibíhag ang matá ni Lucille.,Lucille has captivating eyes.,61
,v,verb,,"/mag-, -un/","to capture, to abduct, to kidnap, to attract, to bait.",Ginbíhag sang tulisán ang anák sang milyonáryo.,The bandit kidnapped the child of the millionaire.,61
bílang,v,verb,,/-un/,"to consider, to esteem as.",Ginbílang akú nga myérmbro sang famílya.,I was considered a member of the family.,61
bilánggu,n,noun,,,prisoner.,,,61
,v,verb,,"/mag-, -un/","to capture, to imprison.",,,61
bilás,n,noun,,,the affinal relation of husbands or wives of siblings.,,,61
bilí,n,noun,,,"cost, amount, price.",,,61
,v,verb,,/mag-/,"to be worth, to cost, to be the price of.",Nagbilí ang síngsing sang mahál.,The ring is worth much.,61
bilíd,v,verb,,"/mag-, -un/","to hold with the hands so as to inspect closely, especially clothes.",Ginbilíd ku ang téla.,I looked at the cloth closely.,61
bílin,n,noun,,,"request, last words.",,,61
,v,verb,,"/mag-, -un/","to enjoin, to leave behind.",Ginbílin ku ang ákun líbro sa lamésa.,I left my book on the table.,61
bilín,n,noun,,/na-/,"balance account, remainder, left over.",,,61
bílug,n,noun,,,"piece, part.",,34,61
bilúg,adj,adjective,,/ma-/,"round, circle.",,,62
bílyar,n,noun,,,"billiard, pool.",,,62
bilyéte,n,noun,,,ticket.,,,62
binágbinág,v,verb,,"/mag-, -un/","to consider, to ponder, to apportion.",,,62
binágun,n,noun,,,native machete.,,,62
bínhi’,n,noun,,,"seedling, plant grown from seed.",,,62
bíno,n,noun,,,wine.,,,62
bintána’,n,noun,,,window.,,,62
bingáw,adj,adjective,,,"of teeth, missing, jagged.",,,62
,v,verb,,/ma-/,"of teeth, to lose a tooth, to knock out a tooth, to jag or notch accidentally.",Nabíngaw si Cárlos sang binayú sya ni Jáime.,Carlos lost a tooth when Jaime hit him.,62
bíngkal,v,verb,,"/mag-, -un/","to break in a door, to force an entrance.",Ginbíngkal ni Pédro ang bintána’.,Pedro broke the window.,62
bírhen,n,noun,,,"virgin, Mary, the mother of Jesus Christ.",,,62
bís’ak,v,verb,,"/mag-, -un/","of wood, to cleave, to split.",Nagbís’ak si Juan sang galatúng.,Juan split some firewood.,62
bisán,con,conjunction,,,"even if, although, in spite of.",Nagkádtu sya sa eskwelahán bisán malúya ang íya láwas.,"He went to school even though he is not feeling well. bisán anú pr anything. bisán di’ín adv anywhere, either. 35",62
bisáya’,adj,adjective,,,"visayan, of visayan origin.",,,63
bísi,n,noun,,,"vice, substitute.",,,63
bisikléta,n,noun,,,bicycle.,,,63
,v,verb,,"/mag-, -un/",to ride a bicycle.,Nagbisikletá si Jáime pabánwa.,Jaime rode the bicycle to town.,63
bísi,n,noun,,,vice-president.,presidénte.,,63
bisíta,n,noun,,,"visitor, guest.",,,63
,v,verb,,"/mag-, -an/","to visit, to call upon, to pay a visit.",,,63
bísta,n,noun,,,"view, panorama, scene.",,,63
bísyu,n,noun,,,"vice, fault.",,,63
,v,verb,,/mag-/,"to be naughty, to be wicked, to disobey, to fuss.",Nagbísyu ang báta’ kagábi’i.,The child made a fuss last night.,63
bítad,v,verb,,"/mag-, -un/","to open, to unfold, to spread out so as to see closely.",Ginbítad ni María ang téla.,Maria spread out the cloth.,63
bitamína,n,noun,,,"vitamin, nutrient.",,,63
bítay,v,verb,,"/mag-, -un/","to hang, to string up, to suspend.",Ginbítay ang kriminál.,The criminal was hanged.,63
bítbit,v,verb,,"/mag-, -un/","to bring along, to carry.",Nagbítbit akú sang báskit.,I carried a basket. 36,63
bitík,n,noun,,,"flea, tick.",,,64
bitín,n,noun,,,snake.,,,64
bitú’un,n,noun,,,star.,,,64
bíya’,v,verb,,"/mag-, -an/","to leave behind, to abandon.",Ginbiyá’an nilá ang íla baláy.,They abandoned their house.,64
blángko,adj,adjective,,,"expressionless, blank, empty.",,,64
,n,noun,,,empty space provided on a piece of paper.,,,64
blósa,n,noun,,,"blouse, top.",,,64
bokabuláryo,n,noun,,,vocabulary.,,,64
bodéga,n,noun,,,"warehouse, storage, cellar.",,,64
bóla,n,noun,,,"ball, round object.",,,64
bómba,n,noun,,,"bomb, hand pump for water.",,,64
bombéro,n,noun,,,fireman.,,,64
bombílya,n,noun,,,electric bulb.,,,64
bómbo,n,noun,,,drum.,,,64
boradór,n,noun,,,eraser.,,,64
bórda,n,noun,,,"embroidery, design.",,,64
,v,verb,,"/mag-, -an/",to embroider.,,,64
botélya,n,noun,,,bottle.,,,64
botíka,n,noun,,,"medicine store, drug store.",,,64
bóto,n,noun,,,vote.,,,64
,v,verb,,"/mag-, -an/","to vote, to cast a vote.",,37,64
bú’ang,adj,adjective,,,"fool, stupid, crazy.",,,65
,n,noun,,,"fool, simpleton, idiot.",,,65
bu’áya,n,noun,,,"alligator, crocodile.",,,65
búbu,v,verb,,"/mag-, -un/","to baptize, to pour water into a container.",Ginbúbu ku ang túbig sa batíya.,I poured the water into the basin.,65
bubún,n,noun,,,well.,,,65
bubungán,n,noun,,,roof.,,,65
buká’,n,noun,,,"opening, crack.",,,65
,adj,adjective,,,"open, cut, split, cracked.",,,65
,v,verb,,"/mag-, -un/","to cut open, to crack.",Ginbuká’ ku ang ákun alkansíya.,I opened my piggy bank.,65
búkad,v,verb,,"/mag-, -un/","to open, to unfold, to bloom, to undo a package.",Nagbúkad ang búlak.,The flower opened.,65
bukál,n,noun,,,"bubble, froth.",,,65
,v,verb,,/mag-/,"to boil, to bubble.",Nagbukál ang kán’un.,The rice boiled.,65
bukás,adj,adjective,,,"opened, candid.",,,65
,v,verb,,"/mag-, -an/","to open, to unfold, to begin.",Ginbúksan ku ang pwertáhan.,I opened the door.,65
búkaw,n,noun,,,owl.,,,65
búkbuk,n,noun,,,weevil.,,,65
,v,verb,,"/mag-, -un/","to crash, to grind, to make into powder.",Ginbúkbuk ku ang ma’ís.,I ground the corn. 38,65
búkid,n,noun,,,"hill, mountain.",,,66
bukú,n,noun,,,"node, joint.",,,66
búku’,n,noun,,,"plan, proposal, intention, proposition.",,,66
,v,verb,,"/mag-, -un/","to say, to plan, to think of, to intent to.",Ginbúku’ ku nga mapáYuropa.,I was planning to go to Europe.,66
bukúbukú,n,noun,,,"joint, ankle.",,,66
búktut,n,noun,,,hunchback.,,,66
búkud,adj,adjective,,/ma-/,"secure, strong.",,,66
bukúl,n,noun,,,"lump, swelling, protuberance; of plants, bud.",,,66
búkut,v,verb,,"/mag-, -un/","to confine, to isolate, to pen or coop up.",Ginbúkut ku ang manúk pára magtámbuk.,I cooped up the chicken to fatten it.,66
búdhi’,n,noun,,,"conscience, inner self.",,,66
,v,verb,,"/mag-, -an/","to betray, to be faithless, to be disloyal.",Nagbúdhi’ sya sa íya ilúy.,She was disloyal to her mother.,66
búdlay,adj,adjective,,/ma-/,"difficult, hard.",,,66
,v,verb,,"/ma-, -an/","to feel the difficulty, to tire.",Nabudlayán akú sang trabáho.,I found the job hard.,66
bugá,v,verb,,"/mag-, -un/","to belch forth, to spit out as a volcano.",Ginbugá sang bolkán ang mangá bága.,The volcano belched out lava.,66
bugál,n,noun,,,"pride, haughtiness.",,39,66
,v,verb,,"/magpa-, -pa-…-un/","to be proud, to show off.",Nagpabugál si Cármen sang íya báyu’.,Carmen showed off her dress. bugána’,67
,adj,adjective,,,"plentiful, abundant.",,,67
,v,verb,,/mag-/,"to be plentiful, to progress.",,,67
bugás,n,noun,,,unhusked rice grains.,,,67
búg’at,adj,adjective,,/ma-/,"heavy, burdensome, cumbersome.",,,67
bugáy,n,noun,,,"grace, bounty, blessing.",,,67
,v,verb,,/-an/,"to shower with blessings, to give grace.",Ginbugayán silá sang Ginú’u.,They were blessed by God.,67
búgkus,n,noun,,,"bundle, string used to tie a package.",,,67
,v,verb,,"/mag-, -un/","to bundle together, to tie with a string.",Ginbúgkus ku ang mangá búlak.,I tied the flowers together.,67
búgnu’,v,verb,,"/mag-, -un/","to greet, to speak to, to interact with.",Ginbúgnu’ ku si Alfónso ka’ína.,I greeted Alfonso a little while ago.,67
búgras,v,verb,,"/mag-, -un/","of string, to break off, to snap off.",Ginbúgras ku ang kolíntas.,I broke off the necklace.,67
búgsay,n,noun,,,oar.,,,67
,v,verb,,/mag-/,"to row, to strike the water with an oar.",,,67
búgsuk,v,verb,,"/mag-, -un/","to erect by driving into the soil, to thrust through with force to make it stand.",Ginbúgsuk nilá ang póste.,They thrust the post into the soil.,67
búgtaw,v,verb,,"/mag-, -un/","to waken, to awake.",,40,67
búgtu’,v,verb,,"/ma-, -un/","to snap, to break off.",Ginbúgtu’ ku ang lúbid.,I broke the string.,68
búgtung,adj,adjective,,,"alone, one and only.",,,68
,n,noun,,,only-child.,,,68
búg’us,adj,adjective,,,"entire, complete, whole-hearted.",,,68
buhahá’,adj,adjective,,,"lavish, extravagant, spend-thrift.",,,68
búhat,v,verb,,"/mag-, -un/","to do, to make, to perform.",,,68
buháwi’,n,noun,,,tornado.,,,68
buhí’,adj,adjective,,,alive.,,,68
búhi’,v,verb,,"/mag-, -an/","to set free, to unhand, to ignite as of fire-crackers.",Ginbuhí’an ku ang píspis.,I set the bird free.,68
búhin,v,verb,,"/mag-, -un/","to subtract, to deduct, to decrease, to lessen.",Nagbúhin akú sang apát ka mansánas sa lamésa.,I took out four apples from the table.,68
buhís,n,noun,,,"tax, levy.",,,68
,v,verb,,/-an/,to levy tax.,Ginbuhisán na ang mangá turísta.,They levied tax on the tourists.,68
búhu’,n,noun,,,"hole, crevice, aperture.",,,68
,v,verb,,"/mag-, -an/",to bore or drill a hole.,Ginbuhú’an ang díngding.,The wall was bored through.,68
buhúk,n,noun,,,hair on the head.,,,68
bulá’,n,noun,,,"bubble, froth, foam.",,,68
,v,verb,,/mag-/,"to bubble, to foam, to spume at the mouth.",Nagbulá’ ang serbésa.,The beer bubbled. 41,68
búlak,n,noun,,,"flower, blossom, cotton fibers.",,,69
,v,verb,,/mag-/,"to bloom, to flower.",Nagbúlak ang tanúm.,The plant flowered.,69
bulákwit,v,verb,,"/mag-, -un/","to snatch, to seize.",Ginbulákwit sang táwu ang maléta.,The man snatched the bag.,69
bulád,v,verb,,"/mag-, -un/","to spread out, to dry in the sun.",Nagbulád si Nena sang mangá báyu’.,Nena dried some clothes (under the sun).,69
buladúr,n,noun,,,kite.,,,69
búlag,v,verb,,"/mag-, -an/","to divorce, to sever, to separate, to depart.",Nagbúlag ang mag’asáwa.,The couple separated.,69
bulág,n,noun,,,"blind, beggar.",,,69
,adj,adjective,,,"depravity in eyesight, blind.",,,69
buláhan,adj,adjective,,,"fortunate, lucky.",,,69
búlan,n,noun,,,"month, moon.",,,69
búlanbulan,adv,adverb,,,"monthly, every month.",,,69
búlang,v,verb,,"/mag-, -un/",to participate in a cockfight.,Nagbúlang si Pédro.,Pedro went to a cockfight.,69
búlaw,v,verb,,/mag-/,"to oversleep, to wake up later than usual, to waken late in the day.",,,69
buláwan,n,noun,,,"gold, raw gold metal.",,,69
búlbug,v,verb,,"/mag-, -un/","to strike repeatedly, to beat against.",Ginbúlbug si José sang mangá hubúg.,Jose was beaten by drunk men.,69
bolkán,n,noun,,,volcano.,,42,69
bulgár,adj,adjective,,,"vulgar, gaudy.",,,70
bulí’,n,noun,,,"anus, buttocks, rear.",,,70
bulídbulíd,v,verb,,/mag-/,"to crumble, to roll over and over down a slope.",Nagbulídbulíd akú sa bánglid.,I rolled down the hill.,70
búlig,n,noun,,"/mag-, -an/","bunch of banana fruits intact on the trunk, help;  to help, to assist, to aid.",,,70
bulíng,n,noun,,,soot.,,,70
búltu,n,noun,,,"bulk, big bundle.",,,70
bulúng,n,noun,,,"medicine, drug, cure.",,,70
,v,verb,,"/mag-, -un/","to cure, to doctor.",,,70
búnak,v,verb,,"/mag-, -un/","to wet, to dampen.",Ginbúnak ku ang tu’álya.,I wet the towel.,70
,adj,adjective,,,wet.,Bunák ang tu’álya.,The towel is wet.,70
bún’ag,v,verb,,"/mag-, -un/",to dry in the sun.,,,70
bunál,n,noun,,,"whip, lash.",,,70
,v,verb,,"/mag-, an/","to trash, to strike with a whip.",Ginbunálan si José.,Jose was whipped.,70
bunáyag,adj,adjective,,,"cordial, gracious.",,,70
búndul,adj,adjective,,/ma-/,"slow, tardy.",,,70
bunít,n,noun,,,"fish hook, angle.",,,70
,v,verb,,"/mag-, -un/","to hook, to fish, to angle.",,,70
búnlaw,v,verb,,"/mag-, -an/","to rinse, to finish washing with clean water.",,43,70
búntul,v,verb,,"/mag-, -un/","to throw to the ground, to attack with force so as to offset the balance.",Ginbúntul akú sang idú’.,The dog attacked me ferociously.,71
bunú’,v,verb,,"/mag-, -un/","to stab with a sharp instrument, to pierce.",Ginbunú’ si Roméo.,Romeo was stabbed.,71
búnuk,n,noun,,,"heavy rain, downpour.",,,71
,v,verb,,"/mag-, -an/",to rain heavily.,Nagbúnuk kahápun.,It rained heavily yesterday.,71
bunút,n,noun,,,"coconut husk, scrub made from coconut husk.",,,71
,v,verb,,"/mag-, -an/","to remove the husk from a coconut, to scrub the floor with a coconut husk.",Nagbunút si Lúmen sang lubí.,Lumen husked a coconut.,71
búnyag,n,noun,,,baptism.,,,71
,v,verb,,"/mag-, -un/","to sprinkle, to water plants‚ to baptize.",Nagbúnyag akú sang tanúm sa hardín.,I watered the plants in the garden.,71
búnga,n,noun,,,"fruit, consequence, result.",,,71
,v,verb,,"/mag-, -un/","to bear fruit, to result in.",Nagbúnga ang káhuy.,The tree bore some fruits.,71
bungát,v,verb,,"/mag-, -un/","to speak out, to utter.",,,71
búngkag,v,verb,,"/mag-, -un/","to demolish, to take apart, to destroy, to dismantle.",Ginbúngkay nilá ang baláy.,They took the house apart.,71
búnggu’,v,verb,,"/mag-, -un/","to bump against, to push against something with force.",Nagbúnggu’ ang duhá ka áwtu.,Two cars collided. 44,71
búnghay,n,noun,,,"part, division.",,,72
,v,verb,,"/mag-, -un/","to form a part of, to become divided.",,,72
búngtud,n,noun,,,"low elevation of the ground, an elevation lower than a hill, slope.",,,72
bungúl,n,noun,,,deaf.,,,72
búngut,n,noun,,,"beard, whiskers, moustache.",,,72
burará’,adj,adjective,,,"extravagant, lavish.",,,72
búrhut,v,verb,,/mag-/,"to fizz out, to puff.",,,72
bus,n,noun,,,"bus, public vehicle.",,,72
busá’ag,v,verb,,"/mag-, -un/","to scatter into different directions, to break into pieces and scatter, to burst.",Nagbusá’ag ang pláto pagkahúlug.,The plate scattered into pieces when it fell.,72
bús’ak,v,verb,,"/mag-, -un/","to chop wood, to chop wood for firewood.",,,72
busál,n,noun,,,"of dogs, mouth cover to prevent biting.",,,72
busáy,n,noun,,,"waterfall, spring.",,,72
búsbus,v,verb,,"/mag-, -an/","to cut open, to perform a Caesarian operation.",,,72
búskad,v,verb,,/mag-/,"to spread open as in a flower, to unfold.",Nagbúskad ang búlak.,The flower opened into fullness.,72
búsdik,v,verb,,/mag-/,to split or burst open.,Nagbúsdik ang lóbo.,The balloon burst.,72
busisí’,adj,adjective,,/ma-/,"scrupulous, meticulous.",,45,72
búslut,v,verb,,/ma-/,"to have a rent, to have a hole through the bottom.",Nabúslut ang súput.,The paper sack gave way.,73
busúg,adj,adjective,,,"satiated, full, satisfied with food.",,,73
búsul,n,noun,,,seed.,,,73
busún,n,noun,,,mailbox.,,,73
busúng,adj,adjective,,,"pregnant, with child.",,,73
,v,verb,,/mag-/,to be pregnant.,Nagbusúng sya.,She was pregnant.,73
búswang,v,verb,,/mag-/,to break or burst and discharge pus.,Nagbúswang ang íya uyapús.,Her boil burst.,73
butáng,n,noun,,,"thing, object.",,,73
,v,verb,,"/mag-, -un/","to put down, to lay on a place.",,,73
butángbútang,n,noun,,,"rumor, false accusation.",,,73
,v,verb,,"/mag-, -un/","to slander, to backbite, to spread false rumors.",Ginbutángbútang nya nga makáwat kunú si Nína.,She spread the false rumor that Nina is a thief.,73
bútkun,n,noun,,,arm.,,,73
búthu’,v,verb,,"/mag-, -an/","to go to school, to study, to learn.",Nagbúthu’ si Lourdes sa Maníla’.,Lourdes studied in Manila.,73
butí,n,noun,,,small pox.,,,73
butí’,v,verb,,/mag-/,to pop like a corn or rice.,Nagbutí’ ang ma’ís.,The corn popped.,73
butíg,n,noun,,,"lie, falsehood.",,,73
,adj,adjective,,/-un/,"liar, sly.",,46,73
,v,verb,,"/mag-, -un/","to tell a lie, to make a false statement.",Nagbutíg ka sa ákun.,You lied to me.,74
bútlak,v,verb,,/mag-/,"of the sun, to rise.",Nagbútlak ang ádlaw.,The sun rose.,74
butónes,n,noun,,,button.,,,74
butúd,adj,adjective,,,"bloated, distended.",,,74
,v,verb,,/mag-/,"to become bloated, to suffer from the wind.",,,74
bútung,v,verb,,"/mag-, -un/","to pull, to drag.",,,74
bútyag,v,verb,,"/mag-, -un/","to tell others, to disclose, to let out a secret.",Ginbútyag ku ang íya sekréto.,I told her secret.,74
bu’úl,n,noun,,,heel.,,,74
bú’ung,v,verb,,/-un/,"to break into small pieces, to scatter into fragments.",Ginbú’ung ku ang báso.,I broke the drinking glass.,74
bú’ut,adj,adjective,,/ma-/,"kind, amiable, considerate.",,,74
bu’út,n,noun,,,"will, wants, desire, wish.",,,74
,v,verb,,"/mag-, -un/","to will, to desire, to wish, to do as one pleases.",Ginbu’út ku táni’ nga magupúd.,I would have wanted to go along.,74
búya,n,noun,,,"bribe, fix.",,,74
,v,verb,,"/mag-, -un/","to bribe, to buy like a person in marriage, to offer a dowry.",Ang íla kasál ginbúya lang sang íla mangá ginikánan.,Their wedding was fixed by their parents. 47,74
buyáyag,v,verb,,/-un/,"to show up, to expose, to disclose a confidential matter.",Ginbuyáyag ku ang sekréto.,I desclosed the secret.,75
buyánbuyań,adj,adjective,,,"ne’er do well, neglectful.",,,75
,v,verb,,/-an/,"to neglect, to be nonchalant, to be unconcerned.",Ginbuyanbuyánan nya ang íya famílya.,He neglected to take care of his family.,75
buyáyaw,v,verb,,"/mag-, -un/","to abuse in strong language, to curse, to scold, to use swear words.",Ginbuyáyaw ni María ang masábad nga mangá báta’.,Maria strongly scolded the noisy children.,75
búylug,v,verb,,"/mag-, -un/","to accompany, to join, to group together.",,,75
búyuk,v,verb,,"/mag-, -un/","to bend, to curve, to incline, to persuade.",Ginbúyuk ku ang sangá sang bayábas.,I bent the branch of the guava.,75
buyúg,n,noun,,,bumblebee.,,,75
búyut,v,verb,,"/mag-, -an/","to grasp firmly, to hold onto.",Nagbuyút akú sa kay Nánay.,I held onto Mother.,75
bwás,adv,adverb,,,"tomorrow, next day.",,,75
byáhe,n,noun,,,"trip, journey, voyage.",,,75
Byérnes,n,noun,,,Friday.,,,75
byólin,n,noun,,,violin.,,,75
bwélta,v,verb,,"/mag-, -un/","to return, to come back, to retrace steps.",Nagbwélta kamí sa estasyón.,We went back to the station. 48,75
1-ka,pr,pronoun,,,you (short form of ikáw).,,,76
2-ka,pt,particle,,,designates quantity or amount.,May ára’ ánum ka síya sa kwárto.,There are four chairs in the room.,76
1-ka-,va,verbal affix,,,variant of naká-.,Kasulát na akú.,I have written already.,76
2-ka-,na,noun formative,,,noun formative affix used with verbs designating reciprocal relationship.,Ka’útud ku si Lucille.,Lucille is my sister.; noun formative affix used with adjectives and verbs designating abstractness. Makabibíhag ang íya kagwápa. Her beauty is captivating.,76
3-ka-,aa,adjective formative,adjective,,formative affix designating comparative and superlative degrees of comparison.,Katahúm sa ímu!.,How beautiful you are!.,76
ka’agánhun,n,noun,,,"dawn, early morning.",,,76
1-ka-…-an,na,noun formative,plural,,noun formative affix.,Naghámpang ang mangá kabatá’an.,The children played. 2-ka-…-an numa numeral affix designating tenths. Nag’ísip síla hásta sa kapituhán. They counted to seventy.,76
ka-…-anan,na,noun formative,,,noun formative affix designating abstract plurality.,Ginsunúd nilá ang kasugtánan.,They followed the agreement.,76
ka’áway,n,noun,,,"enemy, opponent, foe.",,49,76
kabalyéro,n,noun,,,"knight, gentleman.",,,77
kabán,n,noun,,,"chest, a native basket holding a quantity of approximately one cavan or 25 liters.",,,77
kabatá’an,n,noun,,,children.,,,77
kabáy,pt,particle,,,"hope so, in all probability, God willing.",Kabáy pa nga ma’áyu ang ímu byáhe.,I hope you have a pleasant trip.,77
,v,verb,,"/magpang-, pang-…-un/","to wish for, to desire, to request.",Nagpangabáy akú nga báklan sang bág’ung sapatus.,I requested (them) to buy a new pair of shoes for me.,77
kabáyu’,n,noun,,,horse.,,,77
,v,verb,,"/mang-, -un/",to ride on horseback.,Nangabáyu kamí kahápun.,We went riding yesterday.,77
kabeséra,n,noun,,,"head of the table, chairman, leader.",,,77
kábig,v,verb,,"/mag-, -un/","to consider, to hold or take for, to look upon as.",Ginkábig námun sya nga amáy.,We treated him like a father.,77
kabít,id,idiom,,,mistress.,,,77
,v,verb,,/mag-/,to hand up.,Nagkábit sya sang retráto sa díngding.,He hung the picture on the wall.,77
kábu,n,noun,,,"foreman, overseer.",,,77
kabú’,n,noun,,,can or container used for pouring water over the body when taking a bath.,,,77
kabúg,n,noun,,,bat.,,50,77
kabúgaw,n,noun,,,"native grapefruit, which is big and sweet.",,,78
kabús,adv,adverb,,,"not fit, not enough, hapless.",,,78
kakás,v,verb,,"/mag-, -un/","to wash away, to take out, to dissolve.",Nagkakás akú sang pínta sa díngding.,I removed the paint from the wall.,78
kakí,adj,adjective,,,"brown, tan.",,,78
káda,adj,adjective,,,"every, each.",,,78
kádaw,v,verb,,/mag-/,to wade in the water.,,,78
kádena,n,noun,,,chain.,,,78
kádlaw,n,noun,,,laughter.,,,78
,v,verb,,"/mag-, -an/",to laugh.,Nagkádlaw si Cora.,Cora laughed.,78
kádtu,v,verb,,"/mag-, -an/","to go to, to depart.",,,78
kafé,n,noun,,,coffee.,,,78
kág,con,conjunction,,,"and, furthermore.",,,78
kagáb’i,adv,adverb,,,"last night, the night preceding.",,,78
kagát,v,verb,,"/mag-, -un/","to bite, to snap, to catch between the teeth.",Ginkagát si Victór sang idú’.,Victor was bitten by a dog.,78
kágaw,n,noun,,,"germ, microbe.",,,78
kag’ína,adv,adverb,,,variant of ka’ína.,,,78
kagúla’,n,noun,,,"noise, excitement.",,51,78
,v,verb,,"/mag-, -un/","to be noisy, to be excited.",Nagkagúla’ ang mangá táwu sa hitabú’.,The people were excited because of the incident.,79
kagulángan,n,noun,,,"forest, uncleared land.",,,79
kagús,v,verb,,"/mag-, -un/",to scrape off.,Nagkagús akú sang bulíng sa kaláha’.,I scraped off soot from the bottom of the pan.,79
káha,n,noun,,,"jewel box, safe.",,,79
kahápun,adv,adverb,,,yesterday.,,,79
káhas,adj,adjective,,/ma-/,"violent, daring.",,,79
,v,verb,,/mang-/,"to dare, to make a challenge, to be violent.",Nangáhas si Alfrédong masulúd sa baláy.,Alfredo dared enter the house.,79
kahéro,n,noun,,,cashier.,,,79
káhig,v,verb,,"/mag-, -un/","to rake, to shovel.",,,79
kahigayúnan,n,noun,,,chance.,,,79
kahíl,n,noun,,,nectarine.,,,79
kahimtángan,n,noun,,,"situation, condition, position.",,,79
kahulugán,n,noun,,,meaning.,,,79
kahún,n,noun,,,box.,,,79
káhuy,n,noun,,,"tree, wood, timber.",,,79
ka’ína,adv,adverb,,,"earlier, a while ago.",,,79
ka’íngin,n,noun,,,"uphill land, land cleared by burning.",,52,79
,v,verb,,"/mag-, -un/",to clear a piece of land by burning.,Nagka’ingín si Pédro.,Pedro cleared his field.,80
kalabánan,adv,adverb,,,"mostly, for the greater part.",,,80
,n,noun,,,majority.,,,80
kalabása,n,noun,,,yellow squash.,,,80
kalabéra,n,noun,,,"skeleton, framework.",,,80
kalág,n,noun,,,"ghost, soul, spirit.",,,80
kaláha’,n,noun,,,frying pan.,,,80
kalám,adj,adjective,,/ma-/,"sensitive to tickling, uncomfortable.",,,80
,v,verb,,/mag-/,to become ticklish.,Nagkalám ang ákun ilúng.,My nose tickled.,80
kalamánsi’,n,noun,,,"lime, lemon.",,,80
kalámay,n,noun,,,refined sugar.,,,80
kalámbre,v,verb,,/-un/,"to chill, to tremble, to shiver.",Ginkalámbre akú kagáb’i.,I had a chill last night.,80
kalamidád,n,noun,,,calamity.,,,80
ka-…-la…-an,na,noun formative,,,noun formative affix designating abstract plurality.,May ára’ gid pírme nga katalágman.,Danger is always there.,80
kalán,n,noun,,,"native stove usually made of wrought iron elevated on three thin legs, fire pit made of three stones to hold the pot.",,,80
kálas,v,verb,,"/mag-, -un/",to rustle like dry leaves.,Nagkálas ang mangá dáhun.,The leaves rustled. 53,80
kalaykáy,n,noun,,,rake.,,,81
kálkal,v,verb,,"/mag-, -un/","of bones from a niche, to dig out.",,,81
kaldéro,n,noun,,,kettle made of wrought iron.,,,81
kalendáryo,n,noun,,,calendar.,,,81
kalésa,n,noun,,,"buggy, cart pulled by a horse.",,,81
káli,v,verb,,"/mag-, -un/",to dig up.,Ginkáli ku ang kamúti.,I dug up some sweet potatoes.,81
kalibútan,n,noun,,,"universe, earth, world.",,,81
kalimutáw,n,noun,,,eyeball.,,,81
kalís,v,verb,,"/mag-, -un/",to skim the top so as to make even.,Ginkalís sang tindéra ang bugás sa gantángan.,The salesgirl skimmed the rice in the container.,81
kalít,v,verb,,"/mag-, -un/",to take the opportunity.,Nagkalít si Manuél nga mamásyar kay walá’ pa trabáho.,"Manuel took a stroll, meanwhile he had no work to do.",81
kálu’,n,noun,,,"hat, cap.",,,81
ka-…-lu-…,na,noun formative,,,noun formative affix designating abstract plurality of state of being.,Kahulúya’ sang natabú’.,What happened was really a shame.,81
kálut,v,verb,,"/mag-, -un/","to scratch gently, to ease an itchy feeling.",Ginkálut ku ang ákun úlu.,I scratched my head.,81
kalú’uy,n,noun,,,"mercy, pity, clemency.",,,81
kálye,n,noun,,,"street, road, avenue.",,54,81
káma,n,noun,,,bed.,,,82
kamálig,n,noun,,,barn.,,,82
kamánsi,n,noun,,,breadfruit.,,,82
kámang,v,verb,,"/mag-, -un/","to creep, to crawl, to walk on all fours.",,,82
kamángyan,n,noun,,,incense.,,,82
kamaróte,n,noun,,,"of a ship, cabin.",,,82
kamásun,n,noun,,,claw.,,,82
kamatáyan,n,noun,,,death.,,,82
kamátis,n,noun,,,tomato.,,,82
kámbang,adj,adjective,,,"spotted, mixed, of two shades or colors.",,,82
kámbyu,v,verb,,"/mag-, -un/","to exchange, to barter, to swap.",,,82
kamí,pr,pronoun,,,we (exclusive first person plural nominal pronoun).,,,82
kamisadéntro,n,noun,,,men’s shirt.,,,82
kamiséta,n,noun,,,undershirt.,,,82
kamisún,n,noun,,,"ladies’ full slip, chemise.",,,82
kámlut,v,verb,,"/mag-, -un/","to paw, to touch.",Ginkamlut ku ang isda.,I touched the fish.,82
kampanáryu,n,noun,,,belfry.,,,82
kampánya,n,noun,,,campaign.,,,82
,v,verb,,"/mag-, -un/",to campaign.,Nagkampánya ang kandidáto.,The candidate campaigned. 55,82
kámpi,v,verb,,"/mag-, -an/","to side with, to be an ally to.",Nagkámpi ang América sa South Vietnám.,,83
kámpo,n,noun,,,camp.,,,83
kampyón,n,noun,,,champion.,,,83
kamú,pr,pronoun,,,you (plural second person nominal pronoun).,,,83
kamumú’u,n,noun,,,claw.,,,83
kamústa,id,idiom,,,how are you.,,,83
,v,verb,,"/magpang-, -un/","to greet, to shake hands with, to inquire of one’s health.",Ginkamústa ku si Senadór Aquíno.,I shook hands with Senator Aquino.,83
kamút,n,noun,,,hand.,,,83
kamúti,n,noun,,,sweet potato.,,,83
kamútingkáhuy,n,noun,,,cassava.,,,83
kanál,n,noun,,,"canal, ditch, drainage.",,,83
kánay,v,verb,,/mag-/,"to subside as of winds and waves, to become less intense, to abate.",Nagkánay na ang hángin.,The winds abated already.,83
kandádu,n,noun,,,padlock.,,,83
,v,verb,,"/mag-, -an/",to lock with a padlock.,Nagkandádu pa sya sang bodéga.,He went to lock the warehouse.,83
kánday,pt,particle,plural,,personal name marker.,Kánday Cármen kag José silá.,They are Carmen and Jose.; plural pre-possessive personal name marker. Kánday 56,83
kandidáto,n,noun,,,candidate.,,,84
kandíla’,n,noun,,,candle.,,,84
kánding,n,noun,,,goat.,,,84
kándus,v,verb,,"/mag-, -un/","to scoop out, to serve on a dish from a pot.",Nagkándus akú sang adóbo sa kaldéro.,I scooped out some adobo from the pot.,84
kánta,n,noun,,,"song, tune.",,,84
,v,verb,,"/mag-, -un/","to sing, to chant, to warble.",,,84
kantéro,n,noun,,,mason.,,,84
kantidád,n,noun,,,"quantity, amount.",,,84
kánto,n,noun,,,street corner.,,,84
kanú’,n,noun,,,American.,,,84
kán’un,n,noun,,,cooked steamed rice.,,,84
kányon,n,noun,,,cannon.,,,84
kapákapá,v,verb,,/mag-/,"to flutter, to be confused, to be excited so as not able to settle down.",Nagkapákapá silá pag’abút sang Presidénte.,They were excitedly confused when the President arrived. 57,84
Kapampángan,n,noun,,,"language spoken principally in Pampanga, some four towns in Tarlac, and two towns in Bata’an.",,,85
kapatás,n,noun,,,foreman.,,,85
kapáyas,n,noun,,,papaya.,,,85
kápkap,v,verb,,/mang-/,"to grope about, to feel one’s way like a blind man.",Nangápkap akú sa dulúm.,I gnoped my way in the dark.,85
kápid,n,noun,,,"twin, double.",,,85
kapílya,n,noun,,,small chapel.,,,85
kapín,adv,adverb,,,"more than, moreover, in addition.",,,85
kapitál,n,noun,,,capital.,,,85
kapitán,n,noun,,,captain.,,,85
kapitérya,n,noun,,,"cafeteria, canteen.",,,85
kapitólyo,n,noun,,,"capitol, provincial capitol.",,,85
kapituló,n,noun,,,chapter.,,,85
kaprítsu,n,noun,,,"mood, vices, wiles.",,,85
,adj,adjective,,/-sa/,"flighty, vain‚ wily.",Kapritsúsa na si Ramóna péro báta’ pa lang gáni’.,"Ramona is still young, but she is already wily.",85
kapún,v,verb,,/-un/,"of pigs or animals, to circumcise.",,,85
kapuslánan,n,noun,,,"usefulness, advantage.",,,85
kapút,v,verb,,"/mag-, -un/","to hold onto, to grasp, to clutch.",Nagkapút akú sang kutsílyo.,I clutched a knife.,85
kapúti,n,noun,,,raincoat.,,58,85
kápuy,n,noun,,,"tiredness, exhaustion.",,,86
,v,verb,,/-un/,"to be tired, to be exhausted.",,,86
kápyut,v,verb,,"/mag-, -an/","to hang onto for support, to grasp for support.",Nagkápyut akú sa sangá.,I held onto the branch.,86
karábkab,v,verb,,/mag-/,"to inflame, to ignite, to burst into flame.",Nagkarábkab ang kaláyu.,The fire burst into flame.,86
kárbaw,n,noun,,,"carabao, water buffalo.",,,86
karéra,n,noun,,,"race, contest.",,,86
,v,verb,,/mag-/,"to run a race, to race.",,,86
kárga,n,noun,,,"cargo, load.",,,86
,v,verb,,"/mag-, -un/","to load, to carry a heavy load.",Nagkárga silá sang mangá saku sang bugás.,They loaded sacks of rice.,86
karí,v,verb,,"/mag-, -un/","to approach, to come near the speaker.",Nagkarí ikáw kahápun.,You came here yesterday.,86
karidád,n,noun,,,charity.,,,86
karitéla,n,noun,,,horse and buggy.,,,86
karitún,n,noun,,,wheel.,,,86
kárne,n,noun,,,meat.,,,86
karnéro,n,noun,,,sheep.,,,86
karpentéro,n,noun,,,carpenter.,,,86
karsáda,n,noun,,,"road, street.",,,86
kartéro,n,noun,,,mailman.,,59,86
kárton,n,noun,,,"box, carton.",,,87
karún,adv,adverb,,,later.,,,87
karús,v,verb,,/-un/,"to scratch, to claw.",Ginkarús akú sang kuríng.,The cat scratched me.,87
karúskarús,adj,adjective,,,"written hurriedly, non-legible.",,,87
kasákit,n,noun,,,"suffering, hurt, sorrow.",,,87
kasál,n,noun,,,"marriage, wedding.",,,87
,v,verb,,"/mag-, -un/","to perform a marriage, to officiate a wedding.",Ginkasál sang pári’ si María kag si Pédro.,"Maria and Pedro were married by the priest.; /magpa-, -pa-…-un/ to get married, to marry, to wed. Nagpakasál si María kag si Pédro. Maria and Pedro got married.",87
kasán’u,adv,adverb,,,"a while ago, a little time passed.",,,87
kasangkápan,n,noun,,,"furniture, devices, materials.",,,87
kaséra,n,noun,,,"boarder, person who pays room and board.",,,87
,v,verb,,/mang-/,to pay room and board.,Nangaséra akú kánday Mrs. Sántos.,I stayed with Mrs. Santos.,87
kaseróla,n,noun,,,cooking pot.,,,87
kasilíngan,n,noun,,,neighbor.,,,87
kasílyas,n,noun,,,toilet.,,,87
kasimánwa,n,noun,,,folks from the same town or place of origin.,,,87
káso,n,noun,,,"legal case, lawsuit.",,60,87
kasualidád,intj,interjection,,,impossible.,,,88
kasúdlan,n,noun,,,"bowel, intestines.",,,88
kasugtánan,n,noun,,,"agreement, contract.",,,88
kasugu’án,n,noun,,,"order, command, rule, law.",,,88
katá’katá’,v,verb,,/mag-/,"to talk idly, to gossip.",,,88
katalágman,n,noun,,,"danger, hazard, harm, damage.",,,88
katalanghága’,adj,adjective,,,"unbelievable, incredible.",,,88
katápu’,n,noun,,,"member, a person who is in something as a member.",,,88
katáru,n,noun,,,"cold, running nose.",,,88
,v,verb,,/-un/,to have a cold.,Ginkatáru akú sang naglígad nga semána.,I had a cold last week.,88
katáw,n,noun,,,"nymph, mermaid.",,,88
katolikó,n,noun,,,"Catholic, a member of the Roman Catholic Church.",,,88
katórse,num,numeral,,,fourteen.,,,88
kátre,n,noun,,,bed.,,,88
katsíla’,n,noun,,,Spaniard.,,,88
katúl,adj,adjective,,/ma-/,itchy.,,,88
,v,verb,,/mag-/,to be itchy.,Nagkatúl ang áku úlu.,My head itched.,88
katúmbal,n,noun,,,pepper plant and fruit.,,,88
katúndan,n,noun,,,west.,,,88
katungdánan,n,noun,,,"duty, responsibility, obligation.",,61,88
ka’ugalíngun,n,noun,,,"own self, one’s own.",,,89
ka’ún,v,verb,,"/mag-, -un/","to eat, to devour.",Ginka’ún nilá ang prútas.,"They ate the fruits.; /magpa-, -pa-…-un/ to feed. Ginpaká’un ku ang mangá báta’. I fed the children.",89
ka-…-un,na,noun formative,,,"noun formative affix designating state, quality, degree.",Ang kalip’után sang báyu’ni Dína ginbádlung sang ilúy níya. The shortness of Dina’s dress was commented on by her mother.,,89
káwat,n,noun,,/ma-/,"burglar, thief, robber.",,,89
,adj,adjective,,/ma-/,"thief, robber.",,,89
,v,verb,,"/mag-, -un/","to steal, to rob.",Ginkáwat sang makáwat nga ákun reló.,The robber stole my watch.,89
káway,v,verb,,"/mag-, -un/","to dangle, to wave a hand, to wave in the wind.",Nagkáway ang bandéra.,The flag waved on.,89
kawáyan,n,noun,,,bamboo.,,,89
káw’it,n,noun,,,hook.,,,89
,v,verb,,"/mag-, -un/","to hook in, to take hold of by a hook.",Ginkáw’it ku ang pwertáhan.,I hooked the door.,89
1-kay,con,conjunction,,,"because, for.",Indí’ akú makakádtu kay masakít akú. I cannot go because I’m sick.,,89
2-kay,pt,particle,singular,,personal name pre-possessive marker.,Kay Juán iní. This is Juan’s.; particle designating direction towards or to. Naglakát ang báta’ sa kay Pédro.,The child went to Pedro. 62,89
kayába,v,verb,,/-un/,to hurry up.,Ginkayába ku ang trabáho.,"I worked hurriedly. káy sa con than, used to express difference in manner, state, or quality of two items. kay sín’u pr whose (singular).",90
kayumánggi’,adj,adjective,,,"dark brown in complexion, tan.",,,90
kemiká,n,noun,,,chemistry.,,,90
kemikó,n,noun,,,chemist.,,,90
kerída,n,noun,,,"mistress, a woman with whom a man cohabitates without the advantage of marriage.",,,90
késo,n,noun,,,cheese.,,,90
kibú’,v,verb,,/mag-/,"to throb, to pound continuously like a heart.",Nagkibú’ ang dúghan ku.,My heart throbbed.,90
kíbul,n,noun,,,corn on the feet.,,,90
,v,verb,,/-un/,to become calloused.,,,90
kibún,v,verb,,"/mag-, -un/","to surround, to besiege.",Ginkibún akú sang mangá píspis.,The birds surrounded me.,90
kibút,v,verb,,/-un/,"to surprise, to jolt, to startle.",Ginkibút ni Mário si Rósa.,Mario startled Rosa.,90
kidkid,v,verb,,"/mag-, -un/","to cut in thin slices, to slice very thinly.",Ginkídkid ku ang késo.,I sliced the cheese.,90
-kig-,va,verbal affix,,,social reciprocal actor focus affix.,Nakigbátuk si Mário kay Davíd.,Mario debated with David. 63,90
kigás,n,noun,,/ka-/,dryness.,,,91
,adj,adjective,,/ma-/,"dry, blight.",,,91
kíhad,v,verb,,"/mag-, -un/","to slice, with a knife.",Ginkíhad ku ang kamátis.,I sliced the tomato.,91
kílag,v,verb,,/mag-/,to look about curiously.,Nagkílag kamí sa dálan.,We looked about curiously on the way.,91
kilála,n,noun,,,"acquaintance, person with whom one has a facial acquaintance.",,,91
kilát,n,noun,,,lightning.,,,91
kílay,n,noun,,,eyebrow.,,,91
kílid,adv,adverb,,,"beside, on the brink.",,,91
kílo,n,noun,,,kilogram.,,,91
kilométro,n,noun,,,"kilometer, unit of distance measure which is equal to approximately 0.62 miles.",,,91
kímpit,n,noun,,,"pincer, prong, hair clip.",,,91
,v,verb,,"/mag-, -un/","to pick with a pincer, to pin hair together.",Nagkímpit si Lóurdes sang íya buhúk.,Lourdes pinned her hair together.,91
kina’ádman,n,noun,,,science.,,,91
kina-…-an,na,noun formative,,,noun formative affix designating plurality.,Nadúla ang mangá kina’adman nilá.,Their properties were lost.,91
kinabúhi’,n,noun,,,"life, life cycle.",,64,91
kinahánglan,v,verb,,"/mag-, -un/","to have need of, to demand.",Ginkinahánglan ku ang búlig nilá.,I demanded for their help.,92
kinánglan,v,verb,,,variant of kinahánglan.,,,92
kínse,num,numeral,,/-nal/,"fifteen.;  bimonthly, fortnightly.",,,92
kíntsay,n,noun,,,celery.,,,92
kínut,adj,adjective,,/ma-/,"thrifty, economical, frugal.",,,92
kíngki,n,noun,,,native oil or kerosene lamp made usually of an empty bottle with coconut oil or kerosene and a wick.,,,92
kíput,v,verb,,"/mag-, -un/","to shut, to close.",,,92
kiráb,v,verb,,"/mag-, -an/","to flash, to spark.",,,92
kisáp,v,verb,,/mag-/,"to blink, to twinkle, to open and shut the eyes rapidly.",,,92
kískis,v,verb,,"/mag-, -un/","to scrape with a sharp instrument, to rub with something sharp.",Ginkískis nilá ang balahíbo sang bábuy nga litsunún.,They scraped off the fur of the pig to be roasted.,92
kitá,pr,pronoun,,,we (inclusive first person plural nominal pronoun).,,,92
kíta’,v,verb,,/mag-/,to see each other.,Nagkíta’ kamí ka’ína.,"We saw each other earlier.; /mang-, pang-…-un/ to seek, to look for, to search for. Ginpangíta’ ku ang arítus nga nadúla’. I looked for my lost earrings.",92
kitíd,adj,adjective,,/ma-/,"slim, narrow.",,,92
kí’um,v,verb,,"/mag-, -un/",to close lips together.,Ginki’úm ku ang ákun bibíg.,I pursed my lips. 65,92
kláse,n,noun,,,class.,,,93
klásiko,adj,adjective,,,classic.,,,93
kliniká,n,noun,,,clinic.,,,93
kóbra,v,verb,,"/mag-, -un/",to collect money.,Nagkóbra akú sang swéldo.,I collected my salary.,93
,n,noun,,/-dor/,collector.,,,93
kobrekáma,n,noun,,,bedspread.,,,93
kodák,n,noun,,,"camera, picture.",,,93
kolékta,n,noun,,,money collection in church.,,,93
,v,verb,,"/mag-, -un/","to collect, to gather together.",,,93
koléhiyo,n,noun,,,"college, especially a religious-order-managed school.",,,93
kolerá,n,noun,,,"cholera, dysentery.",,,93
kolíntas,n,noun,,,necklace.,,,93
kolór,n,noun,,,color.,,,93
komersyánte,n,noun,,,small-time businessman who peddles his wares moving from one town to another during market days.,,,93
komidór,n,noun,,,diningroom.,,,93
kompányar,v,verb,,"/mag-, -an/","to accompany with a piano, to join in.",Nagkom-pányar akú kay Rosíta. I accompanied Rosita’s (song) on the piano.,,93
kondisyón,n,noun,,,"condition, mood, good physical condition.",,66,93
koného,n,noun,,,"rabbit, hare.",,,94
konsehál,n,noun,,,"municipal councilman, councilman.",,,94
konsého,n,noun,,,"municipal council, body of elected councilmen.",,,94
konsyérto,n,noun,,,orchestra concert.,,,94
kóntra,n,noun,,,"opponent, enemy.",,,94
,v,verb,,"/mag-, -un/","to oppose, to resist, to counteract.",Ginkóntra námun silá.,We opposed them.,94
kontráto,n,noun,,,"agreement, legal contract.",,,94
kongkréta,n,noun,,,"concrete, cement.",,,94
kongresísta,n,noun,,,"congressman, representative to Congress.",,,94
kongréso,n,noun,,,"congress, legislature.",,,94
kópya,n,noun,,,"copy, duplicate.",,,94
,v,verb,,"/mag-, -un/","to copy, to duplicate.",,,94
kordéro,n,noun,,,lamb.,,,94
koréo,n,noun,,,"mail, post office.",,,94
kóro,n,noun,,,"choir, chorus, place where the choir stays in church.",,,94
koróna,n,noun,,,crown.,,,94
korpínyo,n,noun,,,corset.,,,94
kórte,n,noun,,,"shape, design, judicial court.",,,94
kortesíya,n,noun,,,"courtesy, politeness.",,,94
kortína,n,noun,,,"curtain, drape.",,67,94
koryénte,n,noun,,,"electric wire, electric current.",,,95
,v,verb,,"/ma-, -un/",to get electrocuted.,Nakoryénte akú.,I was electrocuted.,95
kostúra,v,verb,,/mag-/,to sew a dress.,Nagkostúra si María sa báyu’ ni Nánay. Maria sewed Mother’s dress.,,95
,n,noun,,/-era/,dressmaker.,,,95
kótse,n,noun,,,"car, automobile.",,,95
krayóla,n,noun,,,crayon.,,,95
kriminál,n,noun,,,"criminal, convict.",,,95
kristál,n,noun,,,"crystal, glass.",,,95
Krísto,n,noun,,,Jesus Christ.,,,95
kristyáno,n,noun,,,christian.,,,95
ku,pr,pronoun,,/mag-/,"I, me.","(short form of nákun). kubá kub́á v  to throb, to palpitate, to beat like the heart. Nagkubákubá ang dúghan ku.",My heart throbbed.,95
kúbay,v,verb,,"/mag-, -un/","to line up, to fall in line.",Nagkúbay ang mangá tawu.,The people lined up.,95
kubús,adj,adjective,,,"poor, destitute.",,,95
kukú,n,noun,,,finger or toe nail.,,,95
kú’ku’,v,verb,,/mag-/,to stoop.,Nagkú’ku’ si Lucille.,Lucille stooped down.,95
kudál,n,noun,,,"fence, enclosure.",,68,95
kúdkud,v,verb,,"/mag-, -un/",to grate with a grater.,Ginkúdkud ku ang lubí sa kudkurán.,I grated the coconut with the grater.,96
kudkurán,n,noun,,,"grater, native grater of jagged iron spoon-like shape nailed to a wooden seat.",,,96
kúdlit,n,noun,,,"line, mark.",,,96
,v,verb,,"/mag-, -an/","to line, to mark, to draw with a pencil.",Nagkúdlit akú sa papél.,I drew on the paper.,96
kugá’,v,verb,,/-un/,"to throttle, to strangle, to choke.",Ginkugá’ ku ang idú’.,I choked the dog.,96
kúgmat,n,noun,,,"terror, dread.",,,96
,v,verb,,/-un/,"to be terrified, to be frightened, to be scared.",Ginkúgmat akú sa notísya.,I was terrified with the news.,96
kúgus,v,verb,,"/mag-, -un/","to bear, to hug, to cradle like a baby, to carry a baby in the arms.",Ginkúgus ku ang báta’.,I carried the child.,96
kúha’,v,verb,,"/mag-, -un/","to take, to get, to take away, to procure.",,,96
kúhit,v,verb,,"/mag-, -un/","to touch slightly to draw attention, to nudge.",Ginkúhit ku si María.,I nudged Maria.,96
kulá,n,noun,,,"glue, paste.",,,96
kulákig,adj,adjective,,,"sickly, emaciated.",,,96
kulámug,n,noun,,,dried mucus in the nose.,,,96
kúlang,adj,adjective,,,"lacking, incomplete, inadequate, short of.",,69,96
,v,verb,,"/mag-, -un/","to fall short of, to be inadequate.",Nagkúlang ang mangá libro pára sa kláse.,The books were not enough for the class.,97
kúlba’,n,noun,,,"anxiety, nervousness.",,,97
,v,verb,,/-an/,"to be nervous, to be afraid.",Ginkulba’án akú paglínug kahápun.,I was nervous during the earthquake yesterday.,97
kúli’,adj,adjective,,,"slow, weak.",,,97
kulíhut,adv,adverb,,,"last, hindmost.",,,97
kulú,n,noun,,,breadfruit.,,,97
kulúb,adj,adjective,,,"inverted, upset, turned over.",,,97
,v,verb,,/mag-/,"to invert, to turn over a deep container so that the bottom is up.",Nagkulúb ang yahúng.,The bowl turned over.,97
kúlun,n,noun,,,clay cooking pot.,,,97
kulúng,v,verb,,"/mag-, -un/","to cage, to imprison.",Ginkulúng ku ang píspis.,I caged the bird.,97
kulyápis,adj,adjective,,,emaciated.,,,97
kumalágku’,n,noun,,,"thumb, big toe.",,,97
kumbúya,n,noun,,,partner.,,,97
kumbuyahán,n,noun,,,"company, partnership.",,,97
kumpaníya,n,noun,,,"company, business enterprise.",,,97
kumpáre,n,noun,,,"comrade, relationship between the godfather and parents of the godchild.",,70,97
kumpisár,n,noun,,,confession.,,,98
,v,verb,,"/mag-, -un/","to confess, to tell the truth.",,,98
kúmud,v,verb,,"/mag-, -un/","to grumble, to murmur, to sulk.",Nagkúmud si Maria sa kwárto kay walá’ sya pagbákli sang sapátus.,Maria sulked in the room because no one bought her a new pair of shoes.,98
kún,con,conjunction,,,"if, possibly if, provided that.","Kun indí’ akú gina-kápuy, makádtu táni’ akú.","I would go if I were not feeling so tired. kún kís’a adv occasionally, sometimes, rarely.",98
kúndi’,con,conjunction,,,"although, but, well, therefore, might as well.","Walá’ man sya dirá’ sa baláy kundí’ malakát naláng kitá, a.",We might as well go. She is not home anyway.,98
kundíman,n,noun,,,"Filipino song which depicts mood changes of the people, usually written in the native languages and composed by Filipinos.",,,98
kuntáni’,pt,particle,,,"maybe, if possible, I hope.",Gústo ku kuntáni’ ma’upúd.,"This particle implies a possibility and hope for something favorable in the future, but a regret of past events. I would like to go along (if possible).",98
kunú,pt,particle,,,"according to, he or she said.",Makádtu sya kunú sa Pampánga.,This is a quoting particle. He said he will go to Pampanga.,98
kunúl,adj,adjective,,,"interrupted, shrank, dry (like a river).",,,98
,v,verb,,/mag-/,"to cease, to stop flowing, to run dry as a river.",Nagkunúl ang subá’.,The river ran dry. 71,98
kunúp,n,noun,,,"cloak, coat, overcoat.",,,99
kunút,adj,adjective,,,wrinkled.,,,99
,v,verb,,"/mag-, -an/","to wrinkle, to crumple.",Nagkunút ang íya ágtang pagkabatí nya sang notísya.,His forehead wrinkled when he heard the news.,99
kúnyag,n,noun,,,"chill, cold chill.",,,99
,v,verb,,/-un/,"to shake with chills, to shiver.",Ginkúnyag akú kahápun.,I had a chill yesterday.,99
kúpkup,n,noun,,,"embrace, hug.",,,99
,v,verb,,"/mag-, -an/","to embrace, to hug.",Ginkupkupán ku si Lóla.,I embraced my grandmother.,99
kupú’,v,verb,,"/mag-, -an/","to hang onto tightly, to embrace tightly, to cling to, to stick to like a lizard.",Nagkupú ang súksuk sa díngding.,The lizard clinged to the wall.,99
kúra,n,noun,,,"pastor of a parish, minister in charge of a certain area.",,,99
kúrba,n,noun,,,curve.,,,99
,v,verb,,"/mag-, -un/","to twist, to bend, to turn, to curve.",Nagkúrba ang alámbre.,The wire curved.,99
kurbáda,n,noun,,,"street corner, street curve.",,,99
kurbáta,n,noun,,,necktie.,,,99
kúri’,adj,adjective,,/ma-/,"slow, weak.",,72,99
,v,verb,,/mag-/,"to be slow, to have difficulty.",Nagkúri’ sya magka’ún.,He slowed down his eating.,100
kuribúng,v,verb,,/magpa-/,to isolate in a quiet room.,Nagpakuribúng akú sa kwárto.,I isolated myself in the room.,100
kurinút,adj,adjective,,,"creased, wrinkled.",,,100
,n,noun,,,"crease, fold, wrinkle.",,,100
,v,verb,,"/mag-, -un/","to fold, to crease, to wrinkle.",Nagkurinút ang papél.,The paper is wrinkled.,100
kuríng,n,noun,,,cat.,,,100
kurisúng,n,noun,,,frown.,,,100
,v,verb,,"/mag-, -an/",to frown.,,,100
kúrit,n,noun,,,"line, mark, pencil mark.",,,100
,v,verb,,"/mag-, -an/","to make a line, to draw on paper with a pencil, to mark with a pencil.",Ginkurítan ku ang papél.,I marked the paper.,100
kúrug,v,verb,,/mag-/,"to shiver, to tremble, to shake.",Nagkúrug akú sa katúgnaw.,I shivered from the cold.,100
kusámkusám,v,verb,,"/mag-, -un/","to taste, to partake of a little food.",Nagkusámkusám akú sa kusína.,I tasted the food in the kitchen.,100
kúskus,v,verb,,"/mag-, -un/",to scrape with a sharp instrument or with a scraper.,Nagkúskus akú sang lubí.,I scraped the coconut from the nut.,100
kúsi’,n,noun,,,"pinch, small piece.",,73,100
,v,verb,,"/mag-, -un/","to press or nip with fingernails, to pinch.",Ginkúsi’ ku si Noél.,I pinched Noel.,101
kusína,n,noun,,,kitchen.,,,101
kusinéro,n,noun,,,cook.,,,101
kusípad,v,verb,,"/mag-, -un/","to thumb through, to pick with the fingers like corn from the cob.",Nagkusípad kamí sang ma’ís.,We picked corn grains.,101
kusúg,adj,adjective,,/ma-/,"strong, energetic, healthy.",,,101
,n,noun,,,"energy, strength.",,,101
,v,verb,,/mag-/,"to become strong, to be energetic.",Nagkusúg si Senén sang pagdakú’ nya.,Senen grew stronger as he became older.,101
kúta’,n,noun,,,"prison, fort.",,,101
kutáwkutáw,v,verb,,"/mag-, -un/","to dilute, to mix with water.",,,101
kútkut,n,noun,,,hole in the ground.,,,101
,v,verb,,"/mag-, -an/","to excavate, to dig, to scoop out dirt from the ground so as to make a hole.",Nagkútkut kamí pára sa bubún.,We excavated for a well.,101
kutíng,n,noun,,,kitten.,,,101
kutíngkúting,v,verb,,"/mag-, -un/","to pluck or strum a guitar, to pluck a string instrument.",Nagkutíngkúting ánay sya sa gitára bágo magkánta.,"He strummed the guitar first, before he started his song.",101
kútis,n,noun,,,"skin complexion, facial complexion.",,,101
kutsára,n,noun,,,tablespoon.,,74,101
kutsaríta,n,noun,,,teaspoon.,,,102
kutséro,n,noun,,,"coachman, rig driver, man who drives a kalésa.",,,102
kutsílyo,n,noun,,,knife.,,,102
kútsukútsu,n,noun,,,"rumor, hearsay.",,,102
,v,verb,,"/mag, -un/","to chitchat, to gossip, to be rumored.",,,102
kutsún,n,noun,,,"cushion, bed mattress.",,,102
kútub,adv,adverb,,,until.,,,102
kutúl,v,verb,,"/mag-, -un/","to pick, to pluck from a plant, to gather flowers.",Nagkutúl akú sang mangá rosál sa hárdin.,I picked some gardenias from the garden.,102
kútut,v,verb,,"/mag-, -un/",to sting as a bee or a wasp.,Ginkútut sang búyug ang báta’.,The bee stung the child.,102
kú’ub,v,verb,,"/mag-, -an/","to bow, to bend the head as if in hiding.",Nagkú’ub akú sa lamésa.,I hid my head under the table.,102
kú’ut,v,verb,,"/mag-, -un/","to feel for, to fish out with the hand, to put one’s hand or arm in a hole.",,,102
kuyámpad,v,verb,,"/mag-, -un/","to run, to scamper off.",Nagkuyámpad silá sa plása.,They ran to the plaza.,102
kúymi,n,noun,,,cashier.,,,102
kwadérno,n,noun,,,notebook.,,,102
kwádra,n,noun,,,stable.,,75,102
kwádro,n,noun,,,"frame, picture frame.",,,103
kwáku,n,noun,,,"pipe, tobacco pipe.",,,103
kwán,pt,particle,,,whatchamacallit.,,,103
kwarénta,num,numeral,,,forty.,,,103
kwárta,n,noun,,,"money, cold cash.",,,103
kwártakwárta,n,noun,,,play money.,,,103
kwárto,n,noun,,,"room, enclosed area, bedroom.",,,103
kwátro,num,numeral,,,four.,,,103
kwéba,n,noun,,,cave.,,,103
kwélyo,n,noun,,,"collar, back of the neck.",,,103
kwénta,n,noun,,,"account, balance account.",,,103
,v,verb,,"/mag-, -un/","to account, to solve, to balance.",,,103
kwérdas,n,noun,,,string for a string instrument.,,,103
kwítis,n,noun,,,fireworks.,,76,103
,d,deictic,,,,,,104
dá’an,adj,adjective,,,"old, used, worn out.",,,104
,pt,particle,,,"beforehand, first of all, right away.",,,104
Pagkúha’,na,noun formative,,,dá’an sang pápel.,,Get a paper beforehand.,104
dabádabá,n,noun,,,"blaze, flame.",,,104
,v,verb,,/mag-/,"to flare up, to blaze, to be on fire.",Nagdabádabá ang kaláyu.,The fire blazed.,104
dábdab,n,noun,,,"flare, flame, blaze.",,,104
,v,verb,,"/mag-, -an/","to flare up, to blaze, to be on fire.",,,104
dábuk,v,verb,,"/mag-, -un/","to kindle a fire, to build a fire, to ignite.",Nagdábuk akú sang hilamún.,I ignited the grass.,104
dabúdabú,n,noun,,,"shower, drizzle.",,,104
dakbánwa,n,noun,,,city.,,,104
dakú’,adj,adjective,,,"big, bulky, huge, great.",,,104
,v,verb,,"/mag-, -an/","to become big, to make big.",Nagdakú’ ang báta’.,The child has grown bigger.,104
dakúp,v,verb,,"/mag-, -un/","to catch, to trap, to snare, to capture, to arrest.",Nagdakúp silá sang ísda’.,They caught a fish.,104
dagámi,n,noun,,,"hay, straw.",,,104
dágat,n,noun,,,"sea, ocean.",,77,104
,d,deictic,,,,,,105
dagát,n,noun,,,"seasickness, nausea.",,,105
,v,verb,,/-un/,"to be seasick, to be nauseated.",Gindagát akú sang pagsakáy ku sa bapór.,I felt seasick when I rode on the boat.,105
dagáya’,adj,adjective,,,"many, plentiful, teeming, swarming.",,,105
dágdag,n,noun,,,"addition, native term for extra pieces given of items purchased.",May dágdag ini?.,Do you give extra for this?.,105
,v,verb,,"/ma-, -un/","to let fall, to drop, to add something extra to a purchase.",Gindágdag ku ang líbro.,I dropped the book.,105
dagpi’,n,noun,,,"rap, tap, pat.",,,105
,v,verb,,"/mag-, -un/","to rap, to tap, to pat.",Gindágpi’ ku ang lamúk.,I tapped the mosquito.,105
dagsa’,v,verb,,"/mag-, -un/","to transfer, to be washed ashore, to flow with the current.",Gindágsa’ ang káhuy sa báybay.,The tree was washed ashore on the beach.,105
dágta’,n,noun,,,"sap, stain, sticky sap of plants, mark.",,,105
,v,verb,,"/mag-, -an/","to stain, to blot, to mar.",,,105
dagum,n,noun,,,"sewing needle, injection needle.",,,105
dagusu’,v,verb,,/mag-/,"to swarm, to move in a crowd.",Nagdagúsu’ ang mangá táwu sa aksidénte.,The people crowded around the scene of the accident.,105
dagu’ub,n,noun,,,thunder.,,,105
,v,verb,,/mag-/,to thunder.,,,105
dágway,n,noun,,,"facial expression, shape, posture.",,78,105
dahú’,v,verb,,"/mag-, -un/","to receive, to accept, to take form.",Gindahú’ ku ang sulát ni Mr.,de la Cruz. I received the letter from Mr. de la Cruz.,106
dahúm,n,noun,,,"expectations, anticipation.",,,106
,v,verb,,"/mag-, -un/",Walá’ akú nagdahúm nga ma’abút ka.,,I did not expect you to come.,106
dáhun,n,noun,,,leaf.,,,106
da’ígun,n,noun,,,Christmas carol.,,,106
,v,verb,,"/mag-, -an/",to sing Christmas carols.,Nagda’ígun kamí kagáb’i. We sang Christmas carols last night.,,106
dalá,v,verb,,"/mag-, -un/","to bring, to carry, to transmit.",,,106
,n,noun,,,"packages, things being carried, load.",,,106
dalág,adj,adjective,,,yellow.,,,106
dalága,n,noun,,,"unmarried girl, between the age of about fifteen to thirty.",,,106
dalágan,v,verb,,"/mag-, -un/","to run, to dash, to dart, to scamper.",,,106
dalagíta,n,noun,,,young girl between the age of ten years old to about fifteen years old.,,,106
dalámhak,adj,adjective,,,"wayward, disobedient, untoward.",,,106
dálan,n,noun,,,"street, road, path, cleared path.",,,106
dalándan,v,verb,,/mag-/,"to descend quickly, to hurry down the stairs, to slide down the bannister.",Nagdalándan ang báta’ sa hágdan.,The child slid down the stairs. 79,106
,d,deictic,,,,,,107
dálangdálang,v,verb,,/mag-/,"to lose oneself, to lose one’s way.",Nagdálangdálang akú sa dálan.,I lost my way.,107
daláwat,v,verb,,"/mag-, -un/","to buy cereal, especially rice or corn.",Nagdaláwat akú sang bugás.,I bought some rice.,107
dáldal,v,verb,,"/mag-, -un/","to backbite, to spread false malicious talk, to talk against.",Gindáldal ni María si Joséfa.,Maria talked against Josefa.,107
dalí’,adv,adverb,,,"immediately, hurriedly, quickly.",,,107
,adj,adjective,,/ma-/,"quick, immediate.",,,107
,v,verb,,"/mag-, -un/","to be quick, to hurry, to hasten.",Nagdalí’ kamí pára ma’ abután namun ang eroplano.,"We hurried up so we could catch the plane. dalí’ lang adv in a little while, awhile.",107
dalísay,adj,adjective,,,"pure, immaculate, untainted.",,,107
dalú’,v,verb,,"/mag-, -un/","to caress, to fondle.",Gindalú’ ku ang báta’ I caressed the child.,,107
dalúk,adj,adjective,,,"selfish, greedy, glutton.",,,107
dalúdo,v,verb,,/mag-/,"to swell, to rise, to become flooded.",Nagdalúdu ang subá’.,The river flooded the area.,107
dálum,adj,adjective,,/ma-/,deep.,,,107
,v,verb,,/mag-/,"to deepen, to become deep.",,,107
dalúndun,v,verb,,"/magpa-, -pa-…-an/","to carry, to push along, to use water or slimy substance to push an object or food down the throat.",,80,107
damán,n,noun,,,nightmare.,,,108
,v,verb,,/magpa-/,to have a nightmare.,Nagpadáman si Josefína kagáb’i.,Josefina had a nightmare last night.,108
damáng,n,noun,,,spider.,,,108
dámgu,n,noun,,,dream.,,,108
,v,verb,,"/mag-, -un/","to dream, to have a dream.",,,108
dámhag,v,verb,,/mag-/,"to fall headlong, to fall on one’s face.",Nagdámhag ang báta’ sa salúg.,The child fell headlong on the floor.,108
dámpig,v,verb,,"/mag-, -an/","to help, to aid, to side with.",Gindampigán ku si María.,I sided with Maria.,108
dámu’,adj,adjective,,/ma-/,"many, plenty.",,,108
,v,verb,,"/mag-, -an/","to be many, to augment in number, to increase.",,,108
damúg,n,noun,,,"of pigs, food.",,,108
damuhál,adj,adjective,,,"rude, unrefined in social manners.",,,108
dámul,adj,adjective,,/ma-/,"thick, dense, bulky.",,,108
dánlug,v,verb,,/ma-/,"to slide, to slip.",Nadánlug akú.,I slipped.,108
dángat,v,verb,,/-un/,"to reach, to acquire, to get at, to secure, to take hold of.",Gindángat ni Mário ang Lunéta sa lakát.,Mario reached Luneta by walking. 81,108
,d,deictic,,,,,,109
dangúp,v,verb,,/mag-/,"to take refuge, to cover, to shelter, to appeal.",Nagdangúp silá kay Mr. Tórres.,They appealed for aid to Mr. Torres.,109
dapádapá,n,noun,,,sole of the feet.,,,109
dápat,v,verb,,,"to be necessary, to be fit, to apply, to use.",Dápat makúha’ nátun ang eksámin.,It is necessary that we take the examination.,109
dápaw,n,noun,,,chicken flea.,,,109
dapáy,n,noun,,,hawk.,,,109
dapít,adj,adjective,,,near.,,,109
dáplus,v,verb,,/mag-/,"to slide off, to stray.",Nagdáplus ang kutsílyo sa kamút ku.,The knife slid off my hand.,109
dápu’,v,verb,,"/mag-, -an/","to alight, to attack, to gather around as of birds.",Nagdápu’ ang alibángbang sa búlak.,The butterfly alighted on the flower.,109
dapúg,n,noun,,,"stove, fireplace, fire pit.",,,109
dáp’ung,n,noun,,,bonfire.,,,109
,v,verb,,"/mag-, -an/","to build a bonfire, to put on fire.",Nagdáp’ung sila sa íla lagwérta.,They had a bonfire in their yard.,109
dápyus,v,verb,,/mag-/,"to slide, to stray.",Nagdápyus ang ti’íl ku sa lápuk.,My foot slid in the mud.,109
dásig,adv,adverb,,,"quickly, faster.",,,109
,adj,adjective,,/ma-/,"fast, quick.",,,109
,v,verb,,/mag-/,"to do something with speed and promptness, to hasten.",Nagdásig sila.,They hurried. 82,109
dás’il,v,verb,,/-un/,"to injure, to lacerate, to throw against.",Gindás’il si Ana sa higád pagka’aksidénte nilá.,Ana was thrown to the side when they had an accident.,110
dasúk,v,verb,,"/mag-, -un/","to fill, to crowd.",Gindasúk ku ang mangá báyu’ sa maléta.,I filled the bag with clothes.,110
dasú’dasú’,adj,adjective,,,"impulsive, temperamental, risky.",,,110
,v,verb,,/mag-/,"to risk, to rush into without thought of consequences.",Nagdasú’dasú’ si María nga malakát pakádtung Rússia.,Maria rushed into leaving for Russia.,110
dasún,adv,adverb,,,next.,,,110
,adj,adjective,,/ma-/,"later, next, to come after.",,,110
da’úg,n,noun,,,"gain, winnings.",,,110
,v,verb,,/mag-/,"to win, to be superior, to overcome, to overthrow.",,,110
dá’ut,v,verb,,/ma-/,"to injure, to hurt, to harm, to damage.",Nadá’ut ang reputasyón nya sang natabú’.,"Her reputation was damaged after the incident. dáw sa adv seem similar, like.",110
dáya’,n,noun,,,"deceit, trick, dishonesty.",,,110
,adj,adjective,,/ma-/,"cheat, dishonest.",,,110
,v,verb,,"/mag-, -an/","to trick, to cheat, to deceive.",Nagdáya’ si Manuél sa paghámpang sang baráha.,Manuel cheated in the card game.,110
dayán,v,verb,,"/mag-, -un/","to walk or stroll about, to promenade.",,83,110
,d,deictic,,,,,,111
dáyaw,v,verb,,"/mag-, -un/","to praise, to commend, to appreciate, to extol.",Gindáyaw ang ímu trabáho sa eskwelahán.,Your work was commended in school.,111
dayáw,adj,adjective,,/ma-/,"capricious, vain.",,,111
dáyun,v,verb,,"/magpa-, -pa-…-un/","to continue, to come in, to spend some time on.",Nagpadáyun ang Presidénte sa paghámbal.,The President went on speaking.,111
de,pt,particle,,,"of, with.",De motor ang íya barútu.,His canoe is motorized.,111
debóto,adj,adjective,,,"devout, fervent.",,,111
dekolór,adj,adjective,,,"multi-colored, colored.",,,111
dekorá,v,verb,,"/mag-, -an/","to decorate, to put on ornaments.",Nagdekora kamí sang baylíhan.,We decorated the ballroom.,111
de’ílo,n,noun,,,"linen cloth, white linen pair of pants.",,,111
delárgo,n,noun,,,long pants for men.,,,111
demokrásya,n,noun,,,democracy.,,,111
demónyo,n,noun,,,"devil, Satan.",,,111
dentísta,n,noun,,,dentist.,,,111
desgrásya,n,noun,,,"disaster, accident, disgrace.",,,111
,v,verb,,/ma-/,"to have an accident, to have an unfortunate experience.",Nadesgrásya ang bus kahápun.,The bus met an accident yesterday.,111
desisyón,n,noun,,,decision.,,,111
,v,verb,,"/mag-, -un/","to make a decision, to decide.",,84,111
destíno,n,noun,,,"destination, assignment for place of work.",,,112
Desyémbre,n,noun,,,December.,,,112
dí,d,deictic,,,short form of dirí.,,,112
debúhu,n,noun,,,"design, embroidery.",,,112
diksyonáryo,n,noun,,,dictionary.,,,112
díkta,v,verb,,"/mag-, -un/","to dictate, Nagdíkta ang ma’éstra sa kláse.",,The teacher dictated in class.,112
didál,n,noun,,,thimble.,,,112
dídtu,d,deictic,,,over there.,,,112
di’ín,adv,adverb,,,where.,dí’in sadtu pr which of those over there. dí’in siná’ pr which of those. dí’in siní pr which of these.,,112
díla’,n,noun,,,tongue.,,,112
dilántu,v,verb,,/mag-/,"to expand in business, to improve in the family standard of living, to progress.",Nagdilántu ang ákun negósyo.,My business expanded.,112
dílap,v,verb,,"/mag-, -an/","to lick, to lap, to drawl the tongue like a dog.",Gindilápan akú sang idú’.,The dog licked me.,112
díli’,v,verb,,/-un/,"to forbid, to prohibit.",Gindíli’ ang paghabúy sang papél sa eskwelahán.,It was forbidden to throw paper around the school campus. 85,112
,d,deictic,,,,,,113
dimát,v,verb,,/ma-/,"to attract, to draw attention to, to allure.",Nadímat ang turísta sang Lunéta.,The tourist was attracted to Luneta.,113
díngding,n,noun,,,wall of a building.,,,113
dingút,adj,adjective,,,"stingy, miserly, selfish.",,,113
dirá’,d,deictic,,,"there (near the listener, but far from the speaker).",,,113
direktór,n,noun,,,director.,,,113
diri,d,deictic,,,here.,,,113
diskúrso,n,noun,,,"speech, talk.",,,113
,v,verb,,/mag-/,"to give a speech, to talk formally.",,,113
disgústo,v,verb,,"/mag-, -un/","to be disgusted, to have a misunderstanding, to bear ill-feelings.",Nagdisgústo si María kay Ana.,Maria and Ana had a misunderstanding.,113
disimulár,v,verb,,"/mag-, -un/","to overlook, to let pass, to make unnoticeable, to cover up.",Gindisimulár naláng námun kay makahulúya’.,We tried to overlook it because it was shameful.,113
disiplína,n,noun,,,discipline.,,,113
disprás,n,noun,,,masquerade.,,,113
dís’ug,v,verb,,/-un/,"to push, to jostle, to shove.",,,113
diwál,adj,adjective,,,lapping tongue.,,,113
,v,verb,,"/mag-, -an/","to let the tongue hang out like a dog, to stick the tongue out.",Gindiwalán sang báta’ ang ma’estro.,The child stuck his tongue out at the teacher.,113
diwáta’,n,noun,,,"idol, fairy.",,86,113
díyas,n,noun,,,birthday.,,,114
dóble,adj,adjective,,,"double, twin.",,,114
doktór,n,noun,,,doctor.,,,114
Dódong,n,noun,,,young boy from about age one to fifteen.,,,114
Domínggo,n,noun,,,Sunday.,,,114
-dor,na,noun formative,,,noun formative affix.,Kobradór ang íya tátay.,His father is a collector.,114
dormitóryo,n,noun,,,dormitory.,,,114
dós,num,numeral,,,two.,,,114
dóse,num,numeral,,,twelve.,,,114
doséna,n,noun,,,dozen.,,,114
du’ág,n,noun,,,"color, hue.",,,114
dú’aw,v,verb,,"/mag-, -un/","to drop in, to look in, to visit.",Nagdú’aw kamí kay Mariáno sa ospitál.,We visited Mariano in the hospital.,114
duká’,v,verb,,/mag-/,to nod with drowsiness.,Nagduká’ akú sa síni.,I felt drowsy in the movie.,114
dúkduk,v,verb,,"/mag-, -un/","to pound, to grind.",Nagdúkduk silá sang ma’ís.,They ground some corn.,114
dukú’,v,verb,,/mag-/,"to bow, to stoop down.",,,114
dukuménto,n,noun,,,document.,,,114
dukút,v,verb,,"/mag-, -un/","to stick to, to paste on.",,,114
dúda,n,noun,,,"doubt, suspicion.",,87,114
,d,deictic,,,,,,115
,v,verb,,"/mag-, -an/","to doubt, to distrust, to suspect.",Nagdúda akú sa íya.,I doubted her.,115
dúga’,n,noun,,,"sap, juice.",,,115
dúgang,n,noun,,,addition.,,,115
,v,verb,,"/mag-, -an/","to increase, to add, to augment.",Nagdúgang ang trabáho.,The work increased.,115
dúgay,adv,adverb,,,"of time, long.",,,115
,v,verb,,/mag-/,"to tarry, to take a long time.",Nagdúgay kamí sa eskwelahán.,We stayed a long time in school.,115
dugáydugáy,adv,adverb,,,"in a little while, frequently.",,,115
dúgkal,v,verb,,"/mag-, -un/","to thrust, to stick, to stab.",,,115
dúghan,n,noun,,,"bosom, chest.",,,115
dúgmuk,v,verb,,"/mag-, -un/","to crush, to break by pressure.",Gindúgmuk ku ang pildorás.,I crushed the tablet.,115
dugú’,n,noun,,,blood.,,,115
,v,verb,,/mag-/,to bleed.,,,115
dúguk,v,verb,,"/mag-, -an/","to join, to take part in.",Nagdúguk akú sa kasál.,I took part in the wedding procession.,115
dugús,n,noun,,,honey.,,,115
dúgwak,n,noun,,,swan.,,,115
dúhadúha,v,verb,,"/mag-, -un/","to doubt, to hesitate, to waver.",Nagduhádúha akú kun makádtu o indí’.,I wavered on whether to go or not. 88,115
duhá,num,numeral,,,two.,,,116
dúhul,v,verb,,"/mag-, -un/","to give personally, to hand.",Gindúhul sang kartéro ang sulát.,The mailman delivered the letter personally.,116
dúla’,v,verb,,"/ma-, -un/","to lose, to miss, to mislay.",Nadúla’ ang síngsing.,The ring got lost.,116
dúlang,n,noun,,,"mine, mineral mine.",,,116
dúlhug,v,verb,,/mag-/,"to descend down a slope, to slide down an inclined plane or a slope.",Nagdulhug ang báta’.,The child slid down.,116
dúlingdúling,v,verb,,/mag-/,"to walk unsteadily, to stagger, to take irregular steps.",Nagdúlingdúling si Pédro pa’úli’.,Pedro staggered home.,116
dúlug,v,verb,,/mag-/,"to halt, to stop, to stand.",Nagdúlug ang dyip sa baláy.,The jeepney stopped at home.,116
dulúm,adj,adjective,,/ma-/,"dark, dim.",,,116
,v,verb,,/mag-/,"to darken, to get dusky, to become gloomy.",Nagdulúm ang kalibútan pag’abút sang gáb’i.,The world turned dark with the coming of night.,116
dulúnan,n,noun,,,"boundary, border, confine, demarcation.",,,116
dúlung,v,verb,,/magpa-/,"to approach, to come near, to draw near, to go in the direction of.",Nagpadúlung si José sa eskwelahán.,Jose went in the direction of the school.,116
dúl’ung,v,verb,,"/mag-, -un/","to transport, to bring, to deliver, to conduct.",Gindúl’ung ni Juán ang padalá sa íya.,Juan delivered what was sent through him.,116
dulúnggan,n,noun,,,ear.,,89,116
,d,deictic,,,,,,117
dúlut,n,noun,,,"offering, gift.",,,117
,v,verb,,"/mag-, -un/","to make a gift, to make an offering.",Nagdúlut si Cárlos sang búlak sa ákun.,Carlos gave me a flower.,117
dúlsi,n,noun,,,"candy, pastry.",,,117
dumála,v,verb,,"/mag-, -un/","to manage, to lead, to conduct, to direct, to govern, to supervise.",,,117
dúmdum,v,verb,,"/mag-, -un/","to think, to recollect, to remember, to bear in mind, to recall.",Nagdúmdum akú nga mabú’ut si Senén.,I thought Senen was good.,117
dumíli’,v,verb,,"/mag-, -un/","to interdict, to ban, to forbid, to prohibit.",Gindumíli ang paghabúy sang papél.,The throwing of paper was prohibited.,117
dúmug,v,verb,,"/mag-, -un/","to scuffle, to wrestle, to struggle.",,,117
dumulú’ung,n,noun,,,"alien, stranger, foreigner.",,,117
dumút,v,verb,,"/mag-, -an/","to abominate, to detest, to begrudge.",Gindúmtan si Manuél sang mangá táwu.,Manuel was begrudged by the people.,117
dunút,adj,adjective,,,"rotten, spoiled.",,,117
,v,verb,,/ma-/,"to be rotten, to crush.",Nadúnut ang mansánas.,The apple rotted.,117
dúngan,adv,adverb,,,"together, simultaneously.",,,117
,v,verb,,"/mag-, -un/","to be or do together, to be simultaneous.",Nagdúngan silá paghámbal.,They talked at the same time. 90,117
dúngka’,v,verb,,"/mag-, -an/","to land, to arrive as a boat, to dock in port.",Nagdúngka’ ang bapór.,The boat has docked.,118
dúnglay,v,verb,,/mag-/,to incline to the side.,Nagdúnglay ang báta’ sa a bága ku.,The child inclined his head on my shoulder.,118
dungúk,v,verb,,/mag-/,"to look down, to incline one’s head forward, to bend the head.",Nagdungúk akú.,I looked down.,118
dungúg,n,noun,,,"honor, fame, reputation.",,,118
dúpla’,v,verb,,"/mag-, -un/","to spit on, to spit.",Gindúpla’ ku ang bulúng.,I spit the medicine.,118
dúsdus,v,verb,,/mag-/,"to push, to shove, to mix.",Nagdúsdus akú sang kalukálu.,I mixed the fried rice together.,118
dúsmu’,v,verb,,/ma-/,to stumble.,Nadúsmu’ akú pagdalágan.,I stumbled while I was running.,118
dusú’,v,verb,,"/mag-, -un/","to push against, to shove, to thrust.",,,118
dúta’,n,noun,,,"land, soil, earth.",,,118
dú’ug,n,noun,,,"location, site, place.",,,118
dú’ul,n,noun,,,cork.,,,118
dúyan,n,noun,,,"swing, cradle, crib, hammock.",,,118
,v,verb,,"/mag-, -un/","to rock a cradle, to swing.",Nagdúyan akú sang báta.,I rocked the baby.,118
dúyu,adj,adjective,,,"dejected, sad.",,,118
dwénde,n,noun,,,"dwarf, elf, leprechaun.",,91,118
,d,deictic,,,,,,119
dyés,num,numeral,,,ten.,,,119
dyíp,n,noun,,,"jeepney, renovated war surplus jeeps used as public transportation.",,,119
Dyús,n,noun,,,"God, the Almighty.",,,119
dyútay,adj,adjective,,,"tiny, small, little.",,92,119
ebanghélyo,n,noun,,,"gospel, epistle.",,,120
eklípsi,n,noun,,,eclipse.,,,120
eksámin,n,noun,,,"examination, test.",,,120
,v,verb,,"/mag-, -un/",to give or take an examination.,,,120
edád,n,noun,,,age.,,,120
eh,pt,particle,,,"filler which can mean, oh…, no….",,,120
eleksyón,n,noun,,,election.,,,120
,v,verb,,/mag-/,to hold an election.,,,120
elementárya,n,noun,,,elementary.,,,120
embahadór,n,noun,,,ambassador.,,,120
embalsamár,v,verb,,"/mag-, -un/",to embalm.,,,120
empanáda,n,noun,,,native pie of meat baked with pastry crust.,,,120
empleyádo,n,noun,,,employee.,,,120
empýene,n,noun,,,ringworm.,,,120
Enéro,n,noun,,,January.,,,120
enhenyéro,n,noun,,,engineer.,,,120
ensaláda,n,noun,,,salad.,,,120
entabládo,n,noun,,,"platform, stage.",,,120
éntra,v,verb,,"/mag-, -an/","to go in, to enter, to share in, to interfere, to participate.",Nag’éntra akú sa prográma.,I participated in the program. 93,120
entyénde,v,verb,,"/ma-, -an/","to understand, to grasp, to comprehend, to realize.",Na’intyendihán ku ang íya bu’út silingún.,I understood what he wanted to say.,121
Englatéra,n,noun,,,England.,,,121
epektíbo,adj,adjective,,,effective.,,,121
-ero,na,noun formative,,,noun formative affix designating type of work done.,Basuréro si Ricárdo.,Ricardo is a garbageman.,121
eropláno,n,noun,,,airplane.,,,121
eskándalo,n,noun,,,scandal.,,,121
,adj,adjective,,/-oso/,"rude, scandalous, lack in social refinement.",,,121
,v,verb,,/mag-/,to create a scandal.,Nag’eskándalo silá.,They created a scandal.,121
eskiníta,n,noun,,,"aisle, alleyway.",,,121
eskóba,n,noun,,,"of shoes, brush.",,,121
eskultór,n,noun,,,sculptor.,,,121
eskwéla,n,noun,,,"student, pupil.",,,121
eskwelahán,n,noun,,,"school house, school.",,,121
eséna,n,noun,,,"screen, movie screen.",,,121
espáda,n,noun,,,"sword, spade.",,,121
Espánya,n,noun,,,Spain.,,,121
Espanyól,n,noun,,,"Spanish, Spaniard.",,,121
espíritu,n,noun,,,"soul, spirit, ghost.",,94,121
espíya,n,noun,,,"agent, spy.",,,122
,v,verb,,"/mag-, -an/",to spy.,,,122
espóngha,n,noun,,,"powder puff, sponge.",,,122
estádo,n,noun,,,"state, province.",,,122
Estádos,n,noun,,,United States.,Unídos.,,122
estánte,n,noun,,,"shelf, bookcase.",,,122
estár,v,verb,,"/mag-, -an/","to inhabit, to stay, to live, to reside.",Nag’estar kamí sa Iloílo sang ísa ka tú’ig.,We lived in Iloilo for a year.,122
estasyón,n,noun,,,station.,,,122
estátwa,n,noun,,,statue.,,,122
estranghéro,n,noun,,,"foreigner, stranger.",,,122
estudyánte,n,noun,,,"learner, student.",,95,122
fálda,n,noun,,,ladies skirt.,,,123
famílya,n,noun,,,"family, home.",,,123
Febréro,n,noun,,,February.,,,123
floréra,n,noun,,,flower vase.,,,123
Fránsya,n,noun,,,France.,,96,123
gábi,n,noun,,,taro.,,,124
gáb’i,n,noun,,,"night, evening.",,,124
gabinéte,n,noun,,,"cabinet, an advisory body to the President of the country.",,,124
gabúk,adj,adjective,,,"rotten, decayed.",,,124
,v,verb,,/ma-/,"to be rotten, to decay.",Nagábuk ang káhuy.,The tree decayed.,124
gábut,v,verb,,"/mag-, -un/","to pull out, to weed, to extract, to uproot.",Gingábut ku ang hilamún.,I pulled the weed.,124
gáhit,v,verb,,"/mag-, -un/",to clear the way by cutting off grass.,Gingáhit ku ang mangá hilamún sa dálan.,I cut off the grass on the path.,124
gáhud,adj,adjective,,/ma-/,"noisy, bothersome.",,,124
,n,noun,,,"noise, clatter.",,,124
,v,verb,,/mag-/,"to be noisy, to make noise.",Naggáhud kamí.,We made noise.,124
gahúm,n,noun,,,"power, authority, precedence.",,,124
gá’id,v,verb,,"/mag-, -un/","to bind, to secure, to tie to, to hitch on to.",Gingá’id ku ang ang kárbaw sa póste.,I tied the carabao to the post.,124
gálab,v,verb,,"/mag-, -un/","to cut with a sickle, to gather rice grains with a sickle.",Naggálab ang mangungúmaqsang humáy.,The farmer gathered rice.,124
galánte,adj,adjective,,,"gallant, chivalrous, extravagant.",,97,124
galapún,n,noun,,,bottle.,,,125
galatúng,n,noun,,,"firewood, chopped wood used for firewood.",,,125
galí’,pt,particle,,,"really, is that so, indeed, oh.",,,125
gáling,v,verb,,"/mag-, -un/","to mill, to grind.",Gingáling ku ang karne.,I ground the meat.,125
galingán,n,noun,,,"grinder, mill.",,,125
galón,n,noun,,,gallon.,,,125
gál’um,n,noun,,,"rain cloud, gray cloud.",,,125
,adj,adjective,,/ma-/,cloudy.,,,125
,v,verb,,/mag-/,to become cloudy.,,,125
galyétas,n,noun,,,"crackers, cookie.",,,125
gamáy,adj,adjective,,/ma-/,"small, little.",,,125
gámhun,n,noun,,,fog.,,,125
,adj,adjective,,/ma-/,foggy.,,,125
gámit,v,verb,,"/mag-, -un/","to use, to devise.",,,125
gamósa,adj,adjective,,,velvety.,,,125
gamú,n,noun,,,"disturbance, conflict, confusion.",,,125
,v,verb,,/mag-/,"to cause a disturbance, to throw into confusion, to take away peace.",Naggamú ang pláno kay walá’ nagka’-entyendíhan.,The plans got confused because there was no understanding.,125
gamút,n,noun,,,root.,,,125
gána,n,noun,,,appetite.,,98,125
,v,verb,,/-an/,to have appetite for.,Ginganáhan akú.,I had the appetite (to eat).,126
ganánsya,n,noun,,,"winnings, gain.",,,126
gáni’,con,conjunction,,,"in fact, as a matter of fact.","Walá’ gáni’ akú nakabása kay walá’ sang oŕas. In fact, I have not read because I did not have time.; therefore, so that, so… Gáni’ makádtu nalanǵ kamí.",Therefore we will go.,126
gánit,v,verb,,"/mag-, -un/","to pinch, to twist, to pull one’s hair.",Gingánit ku ang mangá putí’ kung buhúk.,I pulled my white hairs.,126
gántang,n,noun,,,ganta.,,,126
gantángan,n,noun,,,wooden measuring box with a volume content of approximately one ganta or three liters.,,,126
gánsa,n,noun,,,goose.,,,126
gansál,adj,adjective,,/ma-/,"loud, deafening.",,,126
,n,noun,,,"noise, racket.",,,126
,v,verb,,/mag-/,"to be noisy, to set up a racket.",Naggansál ang makiná.,The machine made such a racket.,126
gánuy,v,verb,,"/mag-, -un/","to drag behind, to draw.",Gingánuy ku ang báka pa’uli’.,I dragged the cow home.,126
ganghá’an,n,noun,,,"gate, entrance, door.",,,126
gápas,v,verb,,"/mag-, -un/","to cut down, to fell.",Gingápas námun ang mangá púnu’ sang ságing.,We cut down the banana plants. 99,126
gápus,v,verb,,"/mag-, -un/","to bind, to tie together, to tie the hands together.",Gingápus si Juán sang mangá tulisán.,Juan was bound by the robbers.,127
gárab,v,verb,,"/mag-, -un/","to cut rice, to gather rice grains, grass or any dicot plant with a sharp instrument.",Naggárab akú sang humáy.,I cut some rice.,127
,n,noun,,/garáb/,"reaper, small sharp blade in the palm used to cut rice grains from the stalk.",,,127
gará’,v,verb,,/-un/,"to allure, to entice, to persuade, to prevail upon.",Gingará’ si Ágnes ni Márta sa síni.,Martha persuaded Agnes to go to the movie with her.,127
garáhi,n,noun,,,garage.,,,127
garantíya,n,noun,,,guarantee.,,,127
garúk,adj,adjective,,,"corrupt, depraved.",,,127
,v,verb,,/-un/,to corrupt.,,,127
garút,adj,adjective,,/ma-/,"tough, rowdy.",,,127
gástos,n,noun,,,"expense, disbursement.",,,127
,v,verb,,"/mag-, -un/","to spend, to expend, to disburse.",Naggástos kamí sang madámu’ pagkádtu námun sa Hongkong.,We spent a lot when we went to Hong Kong.,127
,adj,adjective,,/-ora/,"extravagant, spendthrift.",,,127
gatá’,n,noun,,,"juice, coconut milk.",,,127
gátas,n,noun,,,"milk, sap.",,,127
gatúmbal,n,noun,,,pepper.,,100,127
gátung,v,verb,,"/mag-, -un/",to burn as firewood.,Gingátung ku ang galatúng.,I burned the firewood.,128
gatús,num,numeral,,,hundred.,,,128
ga’úd,n,noun,,,"paddle, oar.",,,128
,v,verb,,"/mag-, -un/","to row, to paddle, to propel by means of an oar.",Nagga’úd si Juán.,Juan paddled.,128
gáwa,v,verb,,/mag-/,to look out the window.,Naggáwa si Nánay.,Mother looked out of the window.,128
gáwad,v,verb,,"/mag-, -un/","to get at a price, to recover, to redeem a pawned item.",Gingáwad ku ang ginprénda kung síngsing.,I redeemed my pawned ring.,128
gáwgaw,n,noun,,,starch.,,,128
gayún,adj,adjective,,/ma-/,"gorgeous, dressy.",,,128
géra,n,noun,,,"war, battle.",,,128
,v,verb,,/mag-/,to declare or fight a war.,Naggéra sa Vietnam.,There was war in Vietnam.,128
gíkan,v,verb,,/mag-/,"to come from, to originate, to be derived from.",Naggíkan iní sa Mindanáo.,This came from Mindanao.,128
gíd,pt,particle,,,"very, extremely, most, intensifier.",,,128
gihápun,adv,adverb,,,always.,,,128
gíhu’,v,verb,,"/mag-, -un/","to move, to stir, to budge.",Gingíhu’ ku ang lamésa.,I moved the table.,128
gilayún,adv,adverb,,,"soon, immediately, later.",,,128
gín-,va,verbal affix,,,general completed -un affix.,Ginbása ku ang sulát.,I read the letter. 101,128
giná’,va,verbal affix,,,general durative -un affix.,Ginabása ku ang sulát.,I am reading the letter.,129
giná…-an,va,verbal affix,,,general durative -an affix.,Ginasulatán ku sya.,I am writing to him.,129
gín-…-an,va,verbal affix,,,general completed -an affix.,Ginsulatán ku sya.,I wrote to him.,129
ginamús,n,noun,,,native fish sauce made out of marinated fish.,,,129
ginháwa,n,noun,,,"breath, respiration.",,,129
,v,verb,,/mag-/,"to breathe, to take in air.",Nagginháwa pa si Cárlos.,Carlos was still breathing.,129
ginikánan,n,noun,,,parent.,,,129
gín’ut,adj,adjective,,/ma-/,"of climate, warm, hot.",,,129
ginú’u,n,noun,,,"sir, mister.",,,129
Ginú’u,n,noun,,,God.,,,129
gisá,v,verb,,"/mag-, -un/","to fry with fat, to saute.",Gingisá sang kusinéro ang áhos kag sibúyas.,The cook sauted the garlic and the onions.,129
gisántes,n,noun,,,pea.,,,129
gísi’,v,verb,,"/mag-, -un/","to tear, to slit with a sharp instrument, to split, to break asunder.",Gingísi’ ni Líto ang papél.,Lito tore the paper.,129
gíray,v,verb,,"/mag-, -un/",to tear or cut in strips.,Gingíray sang babáyi ang dáhun.,The woman cut the banana leaf into smaller pieces.,129
gitára,n,noun,,,guitar.,,,129
,v,verb,,/mag-/,to play a guitar.,Naggitára akú.,I played the guitar. 102,129
governadór,n,noun,,,governor.,,,130
grábe,adj,adjective,,,"grave, serious.",,,130
grádo,n,noun,,,grade.,,degree.,130
grádwar,v,verb,,/mag-/,to graduate.,,,130
gramátika,n,noun,,,grammar.,,,130
grása,n,noun,,,grease.,,,130
grásya,n,noun,,,"grace, blessing.",,,130
grátis,n,noun,,,"gratis, free.",,,130
grípo,n,noun,,,faucet.,,,130
gruméte,n,noun,,,crew.,,,130
grúpu,n,noun,,,group.,,,130
gubá’,v,verb,,"/mag-, -un/","to demolish, to destroy, to undo.",Gingubá’ námun ang baláy.,We demolished the house.,130
gubán,n,noun,,,"group, brigade, caravan.",,,130
gúbat,n,noun,,,war.,,,130
,v,verb,,"/mag-, -un/","to wage a war, to declare war.",,,130
gúgma,n,noun,,,"love, adoration, affection.",,,130
gúhab,v,verb,,/-un/,to break in or through.,Gingúhab ku ang díngding.,I tore the wall down.,130
gúlang,n,noun,,,"age, maturity.",,,130
,v,verb,,/mag-/,"to be old, to become mature, to ripen.",,,130
Naggúlang,na,noun formative,,,ang mangá prútas.,,The fruits matured already. 103,130
gúlgul,v,verb,,"/mag-, -un/","to saw off, to cut off.",Gingúlgul ku ang lí’ug sang manúk.,I cut off the neck of the chicken.,131
gúlub,v,verb,,"/mag-, -un/","to cut, to trim, to crop closely.",Gingúlub sang mananáhi’ ang téla.,The dressmaker cut the cloth.,131
gulút,v,verb,,"/mag-, -un/",to cut with a knife or scissors.,Gingulút ku ang téla.,I cut the cloth.,131
gúma,n,noun,,,"rubber, tire.",,,131
gúmuk,v,verb,,/-un/,to squeeze or compress so as to crush.,Gingúmuk ku ang papél.,I crushed the paper into a ball.,131
gumulúwa’,n,noun,,,"cast, mold.",,,131
gúmun,v,verb,,/-un/,"to muddle, to disorganize, to entangle, especially string or yarn, or thread.",Gingúmun sang kuríng ang hílu.,The cat entangled the thread.,131
gúnting,n,noun,,,"scissors, haircut.",,,131
,v,verb,,"/mag-, -un/",to cut with a scissors.,Naggúnting akú sang papél.,I cut paper.,131
gúra,n,noun,,,"cap, hat.",,,131
guráb,v,verb,,"/mag-, -un/","to grasp and to pull out grass, to weed.",Naggúrab ang hardinéro sang hilamún.,The gardner pulled out some grass.,131
guráyguráy,adj,adjective,,,"lined, striped.",,,131
gurípat,v,verb,,"/mag-, -un/","to twist the ears, to box the ears.",Gingurípat ku si Noél kay sutíl. I boxed Noel’s ears because he was naughty.,,131
gústo,n,noun,,,"wants, desire, likes.",,104,131
,v,verb,,/ma-…-an/,"to care for, to want, to desire, to like.",Nagustohán ku ang pagká’un.,I liked the food.,132
gúsuk,n,noun,,,rib.,,,132
gúlpi,v,verb,,"/mag-, -un/","to shock, to jolt.",Gingúlpi nya akú ka’ína.,He jolted me a while ago.,132
gúlu’,v,verb,,"/mag-, -un/","to thrust, to put a stick or finger through a hole, to insert something through a crack.",Gingúlu’ ku ang ákun túdlu’ sa galapún.,I put my finger inside the bottle.,132
gútrab,v,verb,,"/mag-, -un/",to chop or cut off with a knife or a pair of scissors.,Gingútrab ku ang téla.,I cut the cloth.,132
gutúk,adj,adjective,,,"of clothes, tight.",,,132
,v,verb,,"/mag-, -an/",to be tight.,Naggutúk na ang báyu’ sa ákun.,The dress is already tight for me.,132
gútum,n,noun,,,"hunger, craving.",,,132
,v,verb,,/-un/,"to crave for, to hunger for.",Gingutúm si María.,Maria felt hungry.,132
gúyud,v,verb,,"/mag-, -un/","to tug along, to drag along, to pull, to trail along the ground.",Naggúyud akú sang kánding.,I pulled a goat.,132
gwá’,adv,adverb,,,outside.,,,132
,v,verb,,"/mag-, -un/","to go or come outside, to appear, to make one’s appearance on stage.",Naggwá’ si Belén.,Belen went outside.,132
gwápo,adj,adjective,,,"handsome, beautiful, pretty.",,105,132
háblug,v,verb,,"/mag-, -un/","to swing, to dangle, to rock to and fro.",Nagháblug si Mário sang dúyan.,Mario was swinging the swing to and fro.,133
hábnus,v,verb,,"/mag-, -un/","to snatch, to pull with force, to draw away suddenly.",Ginhábnus sang makáwat ang báskit sang babayi.,The thief snatched away the basket of the woman.,133
hábuk,v,verb,,/mag-/,"to inflate, to blow up, to swell.",Naghábuk ang lóbo.,The balloon was inflated.,133
hábug,v,verb,,"/mag-, -un/","to swing, to rock back and forth.",Naghábug ang báta’ sa dúyan.,The child is swinging.,133
hábul,n,noun,,,thick blanket.,,,133
habúl,adj,adjective,,/ma-/,"of edged or pointed tools, dull, blunt.",,,133
,v,verb,,"/mag-, -un/",to weave.,Naghabúl akú sang baróng.,I wove a barong cloth.,133
habón,n,noun,,,washing soap.,,,133
habúy,v,verb,,"/mag-, -un/","to throw out, to cast, to shoot, to toss, to pitch.",,,133
hábyug,v,verb,,"/mag-, -un/","to swing, hurl, to rock, especially to a far distance.",,,133
hakáb,adj,adjective,,,"ravenous, greedy.",,,133
háklu’,v,verb,,"/mag-, -un/","to breathe in, to draw in, to inhale.",Nagháklu’ akú sang láb’as nga hángin.,I inhaled fresh air. 106,133
hákruy,v,verb,,/mang-/,"to complain, to moan, to sigh.",Nanghákruy akú sang trabáho.,I complained about the work.,134
hakú’hakú’,adv,adverb,,,"hastily, hurriedly.",,,134
hákup,n,noun,,,"handful, fistful.",,,134
,v,verb,,"/mag-, -un/","to take one handful, to scoop out using the hands.",Naghákup akú sang bugás.,I took a handful of rice.,134
hakús,n,noun,,,"embrace, hug.",,,134
,v,verb,,"/mag-, -un/","to hug, to embrace, to clasp in one’s arms.",Ginhakús ku ang ákun amíga.,I embraced my friend.,134
hákut,v,verb,,"/mag-, -un/","to carry to another place, to bring in successive loads, to transport.",Ginhákut námun ang ámun mangá kárga.,We transported out bags.,134
hákwat,v,verb,,"/mag-, -un/","to lift, to carry light load.",Naghákwat kamí sang ámun líbro.,We carried our books.,134
hádluk,n,noun,,/ka-/,"fear, apprehension.",,,134
,adj,adjective,,/maka-/,"fearful, diabolic, dreadful.",,,134
,v,verb,,"/ma-, -an/","to be afraid, to fear, to be apprehensive.",Nahádluk akú sa múrtu.,I am afraid of ghosts.,134
hágad,v,verb,,"/mang-, -un/","to persuade, to induce, to invite, to ask to come.",Ginhágad ni Córa akú sa íla baláy.,Cora invited me to their house.,134
hágbas,v,verb,,"/mag-, -un/","to cut, to mow down grass, to cut down grass or weeds with a sickle or a reaper.",Ginhágbas sang táwu ang hilamún.,The man cut the grass. 107,134
haǵdan,n,noun,,,"stairs, ladder.",,,135
hágis,v,verb,,"/mag-, -un/","to trim, to cut off thorns.",Naghágis si Rosíta sang rósas.,Rosita trimmed the rose plant.,135
hágmak,v,verb,,/mag-/,to fall headlong.,Naghágmak akú sa dálan.,I fell down the pathway.,135
hagúp,adj,adjective,,/ma-/,"domesticated, meek, tame, docile.",,,135
,v,verb,,/mag-/,"to be tame, to domesticate, to break in.",Naghágup na ang kabáyu’.,The horse is already broken in.,135
háguphágup,v,verb,,/-un/,"to caress, to pet, to rub down.",Ginhagúphágúp ku ang ákun kuríng.,I patted my cat.,135
halá,pt,particle,,,"watch out, see there, whoops.",Halá ka!.,Particle which gives a go signal to keep going. See what you did!,135
hálab,v,verb,,"/mag-, -un/","to feed like animals on grass, to pasture, to graze.",Naghálab ang báka.,The cow pastured.,135
halákhak,n,noun,,,"laughter, boisterous laugh.",,,135
,v,verb,,/mag-/,to laugh loudly.,Naghalákhak kamí sa ti’áw ni Cárlos.,We laughed at the jokes of Carlos.,135
hálad,n,noun,,,"offer, dedication, gift.",,,135
,v,verb,,"/mag-, -an/","to offer, to sacrifice, to bestow, to donate.",Naghálad akú sang búlak sa Mahál nga Bírhen.,I offered flowers to the Virgin Mother. 108,135
haláy,v,verb,,"/mag-, -un/","to drape, to hang to dry.",Naghaláy ang labandéra sang mangá linábhan nya.,The laundrywoman hung her wash.,136
hál’id,v,verb,,"/mag-, -un/","to litter, to throw in an inconspicuous way, to put away in disorder.",Ginhál’id ku ánay ang mangá papél sa higád kay ári na ang bisíta.,I hurriedly put the papers aside because the visitor is already here.,136
halígi,n,noun,,,"post, pillar.",,,136
halimbáwa’,n,noun,,,example.,,,136
halín,v,verb,,"/mag-, -an/","to leave, to depart, to come from someplace.",Naghalín akú sa opisína.,I came from the office.,136
hálin,v,verb,,"/mag-, -an/",to transfer to another place.,Naghálin kamí sang baláy.,We moved to another house.,136
halíntang,n,noun,,,"grade, step, degree.",,,136
hálit,v,verb,,"/-un, -an/","to damage, to injure, to impair.",Ginhalítan sang úlud ang tanúm.,The worm has damaged the plant.,136
halíya,n,noun,,,jelly made from coconut milk and brown sugar.,,,136
hál’u,n,noun,,,"mortar, pestle.",,,136
hálu’,v,verb,,"/mag-, -un/","to mix together, to beat together.",Ginhálu’ ku ang mangá útan.,I mixed the vegetables together.,136
halu’án,n,noun,,,fresh water fish.,,,136
halúk,n,noun,,,"kiss, peck on the cheek.",,109,136
,v,verb,,"/mag-, -an/",to give a kiss.,Naghalúk ang báta’ sa íya ilúy.,The child kissed her mother.,137
halúg,adj,adjective,,,loose.,,,137
halúnhun,v,verb,,"/mag-, -un/","to swallow a big chunk of food without chewing, to gulp down the throat.",Ginhalúnhun sang laláki ang isá ka ságing.,The man swallowed one whole banana.,137
hálung,v,verb,,"/-un, -an/","to handle with care, to treat tenderly, to cherish.",Ginhalúngan ku ang ákung bág’ung makinílya.,I took good care of my new typewriter.,137
hálus,adv,adverb,,,"almost, somewhat, very close to.",,,137
hámak,v,verb,,/-un/,"to scorn, to hate.",Ginhámak ni Márcos ang gobernadór.,Marcos scorned the governor.,137
hámbal,n,noun,,,"speech, conversation, talk.",,,137
,adj,adjective,,/pala-/,"talkative, conversant.",,,137
,v,verb,,"/mag-, -un/","to talk, to say, to tell, to speak.",,,137
hámbug,adj,adjective,,,"boastful, haughty, proud, hambug.",,,137
,v,verb,,/magpang-/,"to be boastful, to be proud.",Nagpanghámbug si María nga manggaránun kunú silá.,Maria boasted that they are supposed to be rich.,137
hámbuy,v,verb,,/mag-/,"to put, to place, to rest one’s arm upon.",Naghámbuy si Lóurdes sa abága ku.,Lourdes supported herself on my shoulder.,137
hámpak,v,verb,,"/mag-, -un/","to beat, to whip, to whack.",Ginhámpak ang sutíl nga báta’ sang íya amáy.,The naughty child was beaten by his father. 110,137
hámpang,v,verb,,"/mag-, -un/","to play, to clown around, to gamble.",,,138
,n,noun,,,"game, play, stake.",,,138
hampángan,n,noun,,,toy.,,,138
hámpul,n,noun,,,"plaster, cover over a wound.",,,138
hámtang,v,verb,,/ma-/,"to put, to place.",Nahámtang ang baláy sa ma’ayung lugár.,The house is in an ideal location.,138
hámtung,n,noun,,/pagka-/,"maturity, manhood, womanhood.",,,138
hamún,n,noun,,,"ham, cured meat.",,,138
hamút,adj,adjective,,/ma-/,"sweet smelling, fragrant, odorous.",,,138
,v,verb,,/mag-/,"to smell sweet, to be fragrant.",Naghamút ang baláy tungúd sa búlak.,The house smelled sweet because of the flower.,138
hamú’uk,adv,adverb,,,deep sleep.,,,138
hamú’ut,v,verb,,/ma-/,"to be pleased, to be gratified.",Nahumú’ut ang Lólo sa íya mangá apú.,The Grandfather was pleased with his grandchildren.,138
hámyang,v,verb,,"/mag-, -un/","to lie on one’s back, to lie in state as of a corpse.",Ginhámyang ang patáy sa punerárya.,The body lay in state at the funeral parlor.,138
hánas,v,verb,,"/mag-, -un/","to drill, to train, to practice, to rehearse.",Naghánas ang mangá soldádo.,The soldiers drilled.,138
hánda’,v,verb,,"/mag-, -un/","to prepare, to make ready.",Naghánda’ silá sang madámu’ nga pagká’un.,They prepared so much food. 111,138
hándum,n,noun,,/-anan/,"wish, desire, ambition.;  souvenir, memory.",,,139
,v,verb,,"/mag-, -un/","to long for, to wish for, to crave for.",,,139
hándung,n,noun,,,"shade, unlighted area.",,,139
handuráwan,n,noun,,,daydream.,,,139
hándus,v,verb,,"/mag-, -un/","to spear, to split, to bore or thrust through.",,,139
haníg,v,verb,,"/mag-, -un/",to line the bottom of a pan with leaves or the like to prevent the food from sticking.,Naghaníg akú sang kán’un.,I lined the pot for the rice.,139
haníp,adv,adverb,,,"even, uniform, of equal distance.",,,139
hantál,v,verb,,/-un/,"to stack, to pile.",Ginhántal ku ang káhuy sa idálum sang baláy.,I piled the wood under the house.,139
hántup,v,verb,,/ma-/,"to understand, to comprehend, to know, to conceive.",Nahántup ku ang silíng mu.,I understood what you said.,139
hánut,n,noun,,,"whip, lash.",,,139
,v,verb,,"/mag-, -un/","to strike with a whip or cane, to flog, to beat.",Ginhánut si Víctor sang íya amáy.,Victor was whipped by his father.,139
hanú’ut,adj,adjective,,,"sincere, wholehearted.",,,139
hangád,v,verb,,/-un/,"to look up to, to honor, to admire, to raise one’s eyes to.",Ginhangád ku ang katahúm ni Lucía.,I admired the beauty of Lucia.,139
hangánhangán,adv,adverb,,,"easily, lazily, taking it easy.",,112,139
hángbas,v,verb,,/mang-/,to cut grass.,Nanghángbas ang hardinéro san hilamún.,The gardener cut the grass.,140
hángkat,n,noun,,,"challenge, dare, provocation.",,,140
,v,verb,,/-un/,"to defy, to challenge, to dare.",Ginhángkat ni Juán si Pédro.,Juan challenged Pedro.,140
hángdu’,v,verb,,"/mag-, -un/","to consent, to give a nod, to approve, to accept a proposal.",Ginhángdu’ ku ang imbitasyón.,I accepted the invitation.,140
hángin,n,noun,,,wind.,,,140
hangúp,v,verb,,/ma-/,"to understand, to comprehend.",Nahangúp ku ang silíng nya.,I understood what he said.,140
hángus,v,verb,,/mag-/,"to gasp for breath, to pant, to breathe fast and with difficulty.",Naghángus sya pag’abút nya.,He was panting when he arrived.,140
hapá’,v,verb,,/mag-/,to prostrate oneself with arms outstretched.,Naghapá’ ang pári’ sa áltar.,The priest prostrated before the altar.,140
hápaw,v,verb,,"/mag-, -an/","to skim, to make a sweeping motion over the top of a container to make even the contents.",Ginhapáwan sang tindéro ang bugás.,The salesman skimmed the top of the rice.,140
hápay,v,verb,,"/mag-, -un/","to bend low, to lean onto for support.",Naghápay ang ságing.,The banana plant leaned forward.,140
hápdi’,adj,adjective,,/ma-/,"painful, smart pain.",,,140
,n,noun,,,"pain, sting.",,113,140
,v,verb,,"/mag-, -an/","to smart, to cause a sharp pain, to be painful.",Naghápdi’ ang ákun samád.,My wound became painful.,141
hapi’n,n,noun,,,"diaper, lining, cover.",,,141
hápit,v,verb,,"/mag-, -un/","to drop in, to pass by, to visit, to call upon.",Ginhápit námun si Ána.,We passed by for Ana.,141
háplak,v,verb,,"/mag-, -un/","to fall flat on the ground, to lay flat.",Ginháplak ku ang dáhun sang ságing sa lamésa.,I put the banana leaf flat on the table.,141
háplas,v,verb,,"/mag-, -an/","to rub with ointment, to smear, to dab.",Ginhaplasán ku sang Vicks ang likúd nya.,I rubbed Vicks vaporub on his back.,141
háplay,v,verb,,"/mag-, -un/","to hang on to, to let hang.",Ginháplay ni Cecile ang íya buhúk.,Cecile let her hair hang down her back.,141
háplik,v,verb,,"/mag-, -un/","to give a side stroke, to side sweep, to flick away.",Ginháplik ku ang basá’ nga papél.,I flicked the wet piece of paper.,141
háplit,v,verb,,"/mag-, -un/","to blow, to strike, to hit.",,,141
háplus,v,verb,,"/mag-, -un/","to rub with ointment, to smear.",,,141
hápu’,v,verb,,/-un/,"to be tired, to be exhausted.",,,141
Hapún,n,noun,,,"Japanese, Japan.",,,141
hápun,n,noun,,,afternoon.,,,141
,v,verb,,"/mag-, -an/","to alight, to perch, to turn dark in the late afternoon.",Naghápun ang píspis.,The bird alighted.,141
hapús,adj,adjective,,/ma-/,"easy, manageable.",,114,141
hára,n,noun,,,"queen, empress.",,,142
harákhak,n,noun,,,"guffaw, laughter.",,,142
,v,verb,,"/mag-, -an/","to guffaw, to laugh loudly.",Nagharákhak ang táwu.,The man laughed out loud.,142
harána,n,noun,,,serenade.,,,142
,v,verb,,/mag-/,"to serenade, to sing to a lady with intentions of courtship.",Nagharána si José kay Línda.,Jose serenaded Linda.,142
haranísta,n,noun,,,serenaders.,,,142
harásharás,adj,adjective,,,"harsh in manner, lacking in social refinement.",,,142
hardín,n,noun,,/-ero/,garden.;  gardener.,,,142
hári’,n,noun,,,"king, emperor.",,,142
,v,verb,,/mag-/,"to be king, to rule as a king, to reign.",Naghári’ si Hirohíto sa Hapún.,Hirohito reigned as emperor of Japan.,142
harína,n,noun,,,flour.,,,142
harúput,n,noun,,,breeze.,,,142
harúthut,v,verb,,"/mag-, -un/","to sew in big stitches, to patch.",Ginharúthut ku lang ánay ang báyu.,I stitched the dress in big stitches first.,142
hásta,adv,adverb,,,until.,,,142
hátag,n,noun,,,"gift, donation.",,,142
,v,verb,,"/mag-, -un/","to give, to make a gift, to bestow, to assign, to award.",Ginhátag ku ang regálo.,I gave the gift. 115,142
hatúkhatúk,v,verb,,/-un/,"to prick, to hurt, to chop, to make several cuts with a sharp instrument.",Ginhatúkhatúk ku sang kutsílyo ang púnu’ sang ságing.,I cut the banana trunk with a knife several times.,143
hatúd,v,verb,,"/mag-, -un/","to deliver personally, to carry a message.",Ginhatúd ku ang pakéte nya.,I delivered her package.,143
háwa’,v,verb,,"/mag-, -an/","to make way, to leave an open space, to open a passage.",Nagháwa’ ang mangá táwu pára maka’ági ang bisíta.,The people cleared the way for the visitor.,143
háwak,n,noun,,,waistline.,,,143
háwan,v,verb,,"/mag-, -an/","to clear, to clean from obstruction, to clear a crowded area.",Nagháwan kamí sang hardín.,We cleaned the garden.,143
háw’as,v,verb,,"/mag-, -un/","to take out of, to remove from inside, to deliver from a container.",Ginháw’as ku ang ma’ínit nga túbig sa dapúg.,I removed the hot water from the stove.,143
hawáthawát,v,verb,,/ma-/,"to crave badly, to eat little by little.",Naghawáthawát ang ginháwa ku magka’ún sang páhu’.,I craved to eat mangoes.,143
háwid,v,verb,,"/mag-, -an/","to retain, to stay, to keep possession of.",Ginhawíran ku ang ákun amíga.,I asked my friend to stay.,143
háya’,v,verb,,"/mag-, -un/",to lay out a corpse.,,,143
háyag,adj,adjective,,/ma-/,"bright, shiny.",,,143
,v,verb,,/mag-/,to become bright.,Nagháyag ang sugá’.,"The light became brighter.; /magpa-, -un-…-pa-/ to become manifest, 116.",143
hayáhay,n,noun,,,"flag, banner.",,,144
hayángháyang,v,verb,,/mag-/,to lie down lazily.,Naghayángháyang si Ricárdo sa báybay.,Ricardo lay on the beach lazily.,144
hayát,adj,adjective,,,"slender, thin, lean.",,,144
hayáw,v,verb,,"/mag-, -un/","to make as if to strike, to threaten to strike, to raise the hand as if to strike.",Naghayáw akú sang kamút nga tú’u.,I raised my right hand.,144
háyhay,v,verb,,/mag-/,"to sigh, to moan, to utter a plaint or wail.",,,144
háylu,v,verb,,/-un/,"to convince, to induce.",Ginháylu ku si Arnáldo nga magkánta.,I convinced Arnaldo to sing.,144
hayú’,n,noun,,,"pet name, nickname.",,,144
háyup,n,noun,,,animal.,,,144
héfe,n,noun,,,chief.,,,144
henerál,n,noun,,,"general, army officer with the rank of general.",,,144
heneró,n,noun,,,"cloth, bale of cloth.",,,144
heringílya,n,noun,,,syringe.,,,144
hibalú,v,verb,,"/maka-, ma-…-an/","to know, to be aware of, to understand, to comprehend.",Makahibalú kitá sang balíta’ bwas.,We will know the news tomorrow.,144
hibí’,v,verb,,/mag-/,"to cry, to weep, to whimper.",,117,144
hibubún’ut,v,verb,,/mag-/,"to sob, sigh convulsively.",Naghibubún’ut si María sang hibí’.,Maria convulsively cried.,145
híkap,v,verb,,/-un/,"to touch with the hand, to feel, to handle.",Ginhíkap no José ang kamút ni María.,Jose touched the hand of Maria.,145
híkaw,n,noun,,/ka-/,"envy, jealousy.",,,145
,v,verb,,"/ma-, -an/","to envy, to be jealous of.",Nakíkaw si Glória sa kagwápa ni Délia.,Gloria envies the beauty of Delia.,145
híkay,v,verb,,"/mag-, -un/","to find fault, to ridicule, to despise.",Naghíkay si Ángela kay José.,Angela despised Jose.,145
híkut,n,noun,,,cooked food.,,,145
,v,verb,,"/mag-, -un/","to get ready, to bring on, to cook, to prepare in the kitchen.",Naghíkut silá.,They cooked.,145
hidá’it,n,noun,,,"peace, tranquility.",,,145
,adj,adjective,,/ma-…-un/,"peaceful, tranquil.",,,145
hídlaw,n,noun,,,"longing, homesickness.",,,145
,v,verb,,/-un/,"to long for, to yearn for, to be homesick, to wish to see personally.",Ginhídlaw akú sa ímu.,I yearned for you.,145
higád,adv,adverb,,,"alongside, beside, on the edge.",,,145
higánte,n,noun,,,giant.,,,145
higayún,pt,particle,,,"in the event that, in the circumstance that.",,,145
hígku’,n,noun,,,"rubbish, dirt, dust, blemish, blot.",,,145
,adj,adjective,,/ma-/,"dirty, dusty.",,118,145
,v,verb,,"/mag-, -an/","to be dirty, to soil, to defile, to litter.",,,146
hígda’,v,verb,,"/mag-, -an/",to lie down.,Naghígda’ akú.,I laid down.,146
higúgma,n,noun,,,"love, affection.",See gúgma.,,146
,v,verb,,"/mag-, -un/","to love, to have affection for, to adore.",Ginhigúgma ku ang ákun ilúy.,I loved my mother.,146
hígup,v,verb,,"/mag-, -un/","to sip, to suck up, to slurp, as a soup.",Ginhígup ku ang sabáw.,I slurped the soup.,146
higút,n,noun,,,"rope, string.",,,146
,v,verb,,"/mag-, -un/","to bind, to tie, to secure, to fasten with a string or a rope.",Ginhigút ku ang kárbaw sa halígi.,I tied the carabao to the post.,146
hilabút,v,verb,,/mang-/,"to interfere, to meddle.",Nanghilabút sya sa indí’ nya probléma. She meddled in other people’s problems.,,146
hílak,v,verb,,/ma-/,"to cherish, to hesitate to spend or give away because of sentimental or monetary value, to have high regard for.",Nahílak si María maggástos.,Maria hesitates to spend too much.,146
hilamún,n,noun,,,"grass, weed.",,,146
hilám’us,v,verb,,"/mag-, -an/",to wash the face.,Naghilám’us si José.,Jose washed his face.,146
hilánat,n,noun,,,fever.,,,146
,v,verb,,/-an/,"to have a fever, to be feverish.",Ginahilántan si Ofélia.,Ofelia has a fever. 119,146
hílap,v,verb,,"/mag-, -un/",to cut into thin slices with an extremely sharp knife.,Naghílap si Lúmen sang kárne.,Lumen cut the meat.,147
hilapít,adv,adverb,,,"near, in the vicinity of.",,,147
hiláw,adj,adjective,,,"raw, unripe, fresh.",,,147
hiláy,v,verb,,"/mag-, -un/","to lean, to incline, to slant.",Naghiláy akú sa síya.,I leaned on the chair.,147
hilayú’,adv,adverb,,,"far away, remote.",,,147
hílu,n,noun,,,thread.,,,147
hilú’,n,noun,,,poison.,,,147
,v,verb,,/-an/,"to poison, to give poison to.",Ginhilu’án ku ang ilagá’.,I poisoned the rat.,147
híl’ub,v,verb,,"/mag-, -un/","to complete, to finish, to terminate planting or tilling the soil.",Ginhíl’ub ku ang talámnan.,I finished planting the field.,147
híl’um,v,verb,,/ma-/,"to guess, to sense, to suspect.",Nahíl’um ni Nánay ang natabú’.,Mother guessed what happened.,147
hílut,n,noun,,,midwife.,,,147
,v,verb,,"/mag-, -un/","to massage, to rub.",Ginhílut ku ang íya masakít nga kamút.,I massaged his aching hand.,147
hílway,adj,adjective,,,"free, independent, safe.",,,147
,n,noun,,/ka-…-an/,"freedom, independence.",,,147
himáya’,n,noun,,,"happiness, glory, bliss.",,,147
hímbis,n,noun,,,fish scales.,,120,147
hímpit,adj,adjective,,,"perfect, faultless.",,,148
hímu,v,verb,,"/mag-, -un/","to make, to do, to perform.",,,148
himúd’us,n,noun,,/pag-/,effort.,,,148
,v,verb,,"/mag-, -un/","to exert oneself, to make great effort.",Naghimúd’us si Vída nga matapús nya íya pagtu’ún.,Vida made sure that she could finish her course.,148
himúlat,v,verb,,"/mag-, -un/","to strive to obtain, to be earnest.",Naghimúlat si Manuél nga makabakál sang áwto.,Manuel strove to buy a car.,148
himúlbul,v,verb,,"/mag-, -an/",to pluck clean of feathers or fur.,Ginhimulbulán ku ang manúk.,I plucked the feathers off the chicken.,148
himulús,v,verb,,"/mag-, -un/","to be of use, to make serviceable, to take advantage of.",Naghimulús si Edwárdo sang mánggad sang íya tíyo.,Edwardo took advantage of the wealth of his uncle.,148
himúnung,adj,adjective,,,"quiet, silent.",,,148
,v,verb,,/mag-/,"to become quiet, to become noiseless.",Naghimúnung ang mangá báta’.,The children became quiet.,148
hím’ung,adj,adjective,,,"modest, refined, demure, graceful.",,,148
hímus,v,verb,,"/mag-, -un/","to arrange, to put away in an orderly manner.",Ginhímus sang mutsátsa ang hampángan sang mangá báta’.,The maid put away the toys of the children.,148
himútad,v,verb,,"/mag-, -an/","to scrutinize, to look at closely.",Ginhimutáran ku gid ang báyu nya nga mahál kunú.,I scrutinized the dress she claimed to be very expensive. 121,148
himutígun,n,noun,,,"denial, refusal.",,,149
hináblus,n,noun,,,"niece, nephew.",,,149
hinákay,v,verb,,"/mag-, -un/","to hire, to pay for rent.",Naghinákay akú sang baláy.,I rented a house.,149
hináli’,adv,adverb,,,"abruptly, suddenly.",,,149
hinámbit,v,verb,,"/mag-, -un/","to mention, to refer to, to allude.",,See sambit.,149
hinámput,v,verb,,/mag-/,"to draw near, to approach, to move in the direction of the speaker.",Naghinámput na ang mangá bisíta.,See samput. The guests have arrived.,149
hináw,v,verb,,/mang-/,to wash hands or face.,Nanghináw akú sa grípo.,I washed my hands in the faucet.,149
hínay,adv,adverb,,,"slowly, gently.",,,149
,adj,adjective,,/ma-/,"slow, weak, tender.",,,149
,v,verb,,"/mag-, -an/","to do slowly, to be weak or gentle.",Naghínay ang íya paglakát.,His pace became slow.,149
hínhin,adj,adjective,,/ma-/,"graceful, demure, dainty.",,,149
híning,adj,adjective,,/ma-/,"shiny, polished.",,,149
hínis,v,verb,,"/mag-, -un/","to rub, to polish, to clean.",Naghínis akú sang kaldéro.,I polished the kettle.,149
hínlu’,adj,adjective,,/ma-/,"smooth, elegant, dainty.",,,149
hinúlsul,n,noun,,,"repentance, regret, remorse.",,122,149
,v,verb,,"/mag-, -un/","to be sorry for, to repent, to regret.",Naghinúlsul akú sang ákun mangá salá’.,I repented for my sins.,150
hinun’ánun,v,verb,,"/mag-, -un/","to exchange views on a subject, to apeak about, to discuss.",Naghinun’ánun akú kay Tátay tungúd sa polítika.,I discussed politics with my father.,150
hingabút,v,verb,,"/mag-, -un/","to draw, to try to reach, to persecute, to molest, to seek to obtain.",Naghingabút si Cárlos sa katapusán nga byáhe sang bus.,Carlos tried to catch the last trip of the bus.,150
hingagáw,v,verb,,"/mag-, -un/","to reach the goal, to complete, to finish.",Ginhingagáw ku nga matápus ang trabáho sa Marso.,I tried to finish the work by March.,150
hingálan,v,verb,,/-an/,"to name, to call by name.","Ginhingánlan nilá ang báta’ sang, Elísa.",They called the baby Elisa.,150
hingamú,v,verb,,"/mag-, -un/","to covet, to desire, to strive to obtain.",Naghingamú si José nga mangín pangúlu.,Jose strove to become a president.,150
hinganíban,n,noun,,,weapon.,,,150
hingapús,v,verb,,"/mag-, -un/","to end, to finish, to complete, to terminate.",Naghingapús na si Gil sa íya pagtu’ún.,Gil has finished studying already.,150
hingí’ki’,v,verb,,/mag-/,to clean the teeth of tartar.,Naghingí’ki’ si Lóla.,Lola cleaned her teeth.,150
hingukú,v,verb,,"/mag-, -an/","to cut the nails, to trim and clean the fingernails.",Naghingukú si Lucílle.,Lucille manicured her nails. 123,150
hingúyang,n,noun,,,food preparation.,,,151
,v,verb,,"/mag-, -un/","to hesitate to spend, to waste, to spend unwisely.",Naghingúyang si María maggástos.,Maria hesitated to spend too much.,151
híngyu’,v,verb,,"/mag-, -un/","to think, to plan, to have the intention, to deliberate.",Naghíngyu’akúng makádtu sa Cebú.,I planned on going to Cebu.,151
hípag,n,noun,,,"sister-in-law, brother-in-law.",,,151
hípid,adj,adjective,,/ma-/,"neat, orderly, dressy.",,,151
hípus,adj,adjective,,/ma-/,"quiet, silent, still.",,,151
,n,noun,,/ka-/,"stillness, silence, quietness.",,,151
,v,verb,,/mag-/,"to be silent, to keep quiet, to keep still.",Naghípus ang kláse.,The class became quiet.,151
hírup,adj,adjective,,/ma-/,"intimate, tender.",,,151
,n,noun,,/ka-/,"comrade, friend, close friend.",,,151
hísa,n,noun,,/ka-/,"envy, jealousy.",,,151
,adj,adjective,,/ma-/,"envious, jealous, selfish.",,,151
hisáyud,v,verb,,/mag-/,"to ask for an explanation, to request information.",Naghisáyud akú sang pláno.,I asked about the plan.,151
híta’,n,noun,,,"thigh, crotch.",,,151
hítad,v,verb,,"/mag-, -un/","to stretch, to open and smooth out as of cloth or paper.",Ginhitad ku ang papél.,I smoothed out the paper.,151
híwa’,n,noun,,,"chunck, sliced piece, one slice.",,124,151
,v,verb,,"/mag-, -un/","to slice, to carve, to cut to pieces.",,,152
híwat,v,verb,,"/mag-, -un/","to celebrate, to hold a feast.",Ginhíwat nya ang íya ka’adláwan.,She celebrated her birthday.,152
hiyás,n,noun,,,"precious stone, gem.",,,152
híyud,v,verb,,/mag-/,to stretch out.,Naghíyud si José.,Jose stretched forth.,152
hornál,n,noun,,,"laborer, workman.",,,152
hu’ád,adj,adjective,,,counterfeit.,,,152
,n,noun,,,"copy, duplicate.",,,152
,v,verb,,"/mag-, -un/",to copy.,,,152
húbad,v,verb,,"/mag-, -un/","to loosen, to untie, to solve, to translate.",Ginhúbad ku ang higút.,I untied the string.,152
hubág,n,noun,,,"swelling, boil.",,,152
,adj,adjective,,,"swollen, bulging.",,,152
,v,verb,,/mag-/,"to swell, to bulge.",Naghubág ang ákun matá.,My eye is swollen.,152
hubás,v,verb,,"/mag-, -an/","to evaporate, to dry up.",Naghubás ang túbig sa labadór.,The water in the basin evaporated.,152
húben,adj,adjective,,,young.,,,152
húblag,n,noun,,,"social compatibility, social movement, organization with revolutionary functions and aims.",,,152
húblas,adj,adjective,,,naked.,,125,152
,v,verb,,"/mag-, -an/","to strip off, to take off.",,,153
húbu’,adj,adjective,,,"naked, unclad.",,,153
,v,verb,,"/mag-, -an/","to unclad, to take off.",,,153
hubúg,n,noun,,/pala-/,drunk;  drunkard.,,,153
,v,verb,,/ma-/,"to become drunk, to drink to excess.",,,153
hubún,n,noun,,,group.,,,153
húk’ab,v,verb,,/un/,to loosen and fall off.,Ninhúk’ab ku ang gúma sang áwto.,I removed the tire of the car.,153
húkas,v,verb,,"/mag-, -un/","to remove, to detach, to take off.",Naghúkas akú sang mangá aláhas.,I took off my jewelry.,153
hukúm,n,noun,,,judge.,,,153
,v,verb,,/mag-/,"to pass judgement, to try a court case.",,,153
Hudéyu,n,noun,,,Jew.,,,153
hugák,adj,adjective,,,loose.,,,153
,v,verb,,"/mag-, -an/","to untie, to loosen.",Ginhugakán ni Juán ang íya páha.,Juan loosened his belt.,153
hugakúm,v,verb,,/-un/,"to clasp in the fist, to grab, to grasp, to usurp.",Ginhugakúm ni Alfónso ang mánggad sang íya amáy.,Alfonso usurped all the wealth of his father.,153
húgas,v,verb,,"/mag-, -an/",to wash hands and other objects except clothes.,Naghúgas akú sang pínggan.,I washed the plates. 126,153
húgpa’,v,verb,,/mag-/,"to land, to perch, to come to rest especially of flying objects.",Naghúgpa’ ang eropláno.,The airplane landed.,154
húgpung,n,noun,,,"bundle, bouquet.",,,154
,v,verb,,"/mag-, -un/","to make a bundle, to join together as a group.",Ginhúgpung ku ang mangá búlak.,I bundled the flowers.,154
hugút,adj,adjective,,,tight.,,,154
húgyaw,n,noun,,,"noisy laughter, enjoyment.",,,154
,v,verb,,/mag-/,"to be joyful, to cheer.",Naghúgyaw ang mangá táwu sa Presidente.,The people cheered the President.,154
húlag,n,noun,,,"movement, action.",,,154
,v,verb,,"/mag-, -un/","to move, to stir, to get busy.",,,154
hulám,v,verb,,"/mag-, -un/",to borrow.,,,154
húlas,n,noun,,,"perspiration, moisture.",,,154
,v,verb,,/-un-…-an/,to perspire.,Ginhulásan akú.,I perspired.,154
hulát,n,noun,,,"waiting, expectations.",,,154
,v,verb,,"/mag-, -un/","to wait, to expect, to be ready for.",,,154
hulík,v,verb,,/mag-/,to snap at or to swallow the bait.,Naghulík ang ísda’ sa pa’ún.,The fish snapped at the bait.,154
húlid,v,verb,,"/mag-, -an/","to lie alongside, to lie together.",Naghúlid silá magkatulúg.,They slept together. 127,154
húlip,v,verb,,"/mag-, -an/","to fill in strips, to patch a hole in a mat.",Naghúlip akú sang baníg.,I patched a mat.,155
húlug,v,verb,,/ma-/,"to fall down, to tumble.",Nahúlug ang líbro.,"The book fell.; /-un/ to drop, to throw. Ginhúlug ku ang líbro. I dropped the book.",155
hulúnan,n,noun,,,"roost, place for resting.",,,155
,v,verb,,/mag-/,"to roost, to settle down for rest or sleep as with fowls.",,,155
Húlyo,n,noun,,,July.,,,155
humán,adj,adjective,,,"finished, completed, terminated.",,,155
,v,verb,,"/ma-, -un/","to terminate, to accomplish, to finish.",Nahumán ku ang trabáho.,I finished the work.,155
humáy,n,noun,,,rice plant.,,,155
húmlad,v,verb,,"/mag-, -un/","to spread out, to open, to unfold.",Naghúmlad ang bandéra.,The flag spread out.,155
húmuk,adj,adjective,,/ma-/,"soft, feathery.",,,155
,v,verb,,/mag-/,"to become soft, to become tender.",Naghúmuk ang kárne pagkalá’ga’.,The meat became soft after it was boiled.,155
humút,n,noun,,/pa-/,"smell, odor.;  cologne, perfume, essence.",,,155
,adj,adjective,,/ma-/,"fragrant, sweet smelling, odorous.",,,155
huná’,adj,adjective,,/ma-/,"fragile, frail.",,,155
huná’huná’,n,noun,,,"thoughts, ideas, opinion.",,128,155
,v,verb,,"/mag-, -un/","to think, to have the idea, to consider.",,,156
hunás,n,noun,,/-an/,low tide.;  beach.,,,156
,v,verb,,/mag-/,to have low tide.,,,156
huní,n,noun,,,"sound, chirp, whine.",,,156
,v,verb,,/mag-/,"of birds and insects, to hum, to chirp, to whistle.",Naghuní ang píspis.,The bird chirped.,156
húnit,adj,adjective,,/ma-/,"durable, lasting.",,,156
hún’ug,n,noun,,,"dew, moisture on the ground.",,,156
húnung,v,verb,,"/mag-, -un/","to stop, to cease, to detain.",,,156
hunús,n,noun,,,"shelf, drawer.",,,156
húnus,v,verb,,"/mag-, -un/","to draw out, to pull out as a drawer.",,,156
hunúsbu’,adj,adjective,,/ma-/,"fretful, whimpering.",,,156
Húnyo,n,noun,,,June.,,,156
hungúd,adj,adjective,,,intentional.,,,156
,v,verb,,/-un/,"to do intentionally, to act voluntarily.",Ginhungúd ni Manuél ang pagtápak sa ímu.,Manuel stepped on your foot intentionally.,156
hupay,n,noun,,,nightmare.,,,156
hupút,v,verb,,"/mag-, -un/","to keep, to hold, to have.",,,156
huragúk,n,noun,,,snore.,,,156
,v,verb,,/mag-/,to snore.,,,156
huramúl,adj,adjective,,/ma-/,damp.,,129,156
hurínghúring,n,noun,,,"rumor, news.",,,157
,v,verb,,/-un/,"to be rumored, to be spread as news.",Ginhurínghúring nga nakasál na kunú si Nina It was rumored that Nina got married.,,157
húrma,n,noun,,,"mold, cast.",,,157
,v,verb,,"/mag-, -un/","to mold, to fit into a cast.",,,157
húrno,n,noun,,,oven.,,,157
,v,verb,,"/mag-, -un/",to bake in an oven.,,,157
hurubatún,n,noun,,,"maxim, saying.",,,157
hurúng,n,noun,,,"bad guy, goon.",,,157
huruśhurus,adj,adjective,,,"cad, rude, without gentlemanly instincts.",,,157
húsay,n,noun,,,"comb, settlement, solution.",,,157
,v,verb,,"/mag-, -un/","to comb one’s hair, to settle, to arrange, to set in order.",,,157
húslu’,v,verb,,"/ma-, -un/","to unsheathe, to draw out by accident, to drop off its container.",Nahúslu ang kutsílyo sa púlu.,The knife came off its handle.,157
hústu,adv,adverb,,,"enough, adequate, correct, fit, just right.",,,157
hutík,n,noun,,,whisper.,,,157
,v,verb,,"/mag-, -un/",to speak in a whisper.,,,157
hú’u,adv,adverb,,,"yes, affirmative particle.",,,157
hu’úl,n,noun,,/ka-/,"sadness, woe.",,,157
hu’út,adj,adjective,,,tight.,,130,157
,n,noun,,/ka-/,tightness.,,,158
huwád,v,verb,,"/mag-, -un/","to copy, to duplicate.",,,158
huwés,n,noun,,,judge.,,,158
húy,intj,interjection,,,"hey, oh.",,,158
huyá’,n,noun,,,"shame, disgrace.",,,158
,adj,adjective,,/ka-…-lu-…/,"disgraceful, shameful.",,,158
,v,verb,,/ma-/,"to be ashamed, to feel reproach.",Nahuyá’ akú.,I am ashamed.,158
húyab,v,verb,,/mag-/,to run away suddenly with great speed.,Naghúyab si Noél pakádto sa plása.,Noel ran to the plaza.,158
húy’ab,n,noun,,,yawn.,,,158
,v,verb,,/magpang-/,to yawn.,Nagpanghúy’ab si Líta.,Lita yawned.,158
huyá’huyá’,n,noun,,,sensitive plant.,,,158
húyang,adj,adjective,,/ma-/,"rickety, shaky.",,,158
,v,verb,,"/mag-, -un/","to shake, to be rickety.",Ginhúyang ku ang púno sang bayábas.,I shook the guava tree.,158
huyúp,n,noun,,,"blast, blow, breath.",,,158
,v,verb,,"/mag-, -un/","to blow, to breathe upon, to expel breath.",Ginhuyúp ku ang tapútapú.,I blew the dust away.,158
Hwébes,n,noun,,,Thursday.,,131,158
1-i-,va,verbal affix,,,general proposed action instrumental affix.,Ikíhad ku ang kutsílyo sang kárne.,I will cut the meat with the knife.; imperative instrumental affix. Ikíhad mu ang kutsílyo sang kárne. Cut the meat with the knife.,159
2-i-,va,verbal affix,imperative,,goal focus affix.,Ihátag mu ang sulát kay Mérle.,Give the letter to Merle.,159
-i,va,verbal affix,imperative,,benefactive-locative focus affix.,Tagá’i and táwu sang kwárta.,Give the man some money.,159
ibábaw,adv,adverb,,,"on top of, on the surface.",,,159
,v,verb,,"/magpa-, -un-…-pa-/","to be on top of, to put on top.",Ginpa’ibábaw ku ang papél sa líbro.,I put the paper on top of the book.,159
ibán,n,noun,,,"other, some other.",,,159
íbid’íbid,v,verb,,/mag-/,"to chaperon, to tag along, to tail along.",Nag’-ibíd’íbid ang mańghud sa maguláng niya.,The younger child tagged along the older one.,159
íbug,v,verb,,/ma-/,"to have a passion for, to crave for.",,,159
,na,noun formative,,,’íbug akú sang páhu’.,1-iká- numa ordinal numeral affix.,I crave for mango. Sa ikaduháng grádo,159
,na,noun formative,,,si Gabriel.,,Gabriel is in the second grade now.,159
2-ika-,va,verbal affix,verbal,,designating possibility of an action to happen.,Ikasulát ku ang lápis.,I will be able to write with the pencil.,159
ikáw,pr,pronoun,,,you (singular second person nominal pronoun).,,132,159
íkit,adj,adjective,,/ma-/,"close together, dense, least possible space between the elements.",,,160
íkug,n,noun,,,tail.,,,160
ikúg’íkug,v,verb,,/magpang-/,"to tail along, to tag along, to wag the tail as a dog.",,,160
idálum,adv,adverb,,,"underneath, below, at the bottom.",,,160
,v,verb,,"/magpa-, -un…-pa-/","to put under, to demote, to descend.",Ginpa’idálum ku ang kárton sa lamésa.,I put the box under the table.,160
ídas,n,noun,,,"furrow, line.",,,160
,v,verb,,"/mag-, -un/","to line, to furrow.",Gin’ídas ku ang talámnan.,I made furrows in the rice field.,160
idík,n,noun,,,"pigling, piglet.",,,160
ídlab,v,verb,,/mag-/,"to catch fire, to burst into flame.",Nag’ídlab ang kaláyu.,The fire burst into flame.,160
idú’,n,noun,,,dog.,,,160
iga,va,verbal affix,verbal,,designating proposed action for instrumental focus.,Igasulát ku ang lápis.,More formal form of i-. I will write with the pencil.,160
ígham,v,verb,,/mag-/,"to cough slightly, to clear the throat so as to attract attention.",Nag’ígham akú sa kláse.,I cleared my throat in class.,160
iglésya,n,noun,,,church.,,,160
ígpat,v,verb,,"/mag-, -an/","to spark, to flicker, to twinkle as of stars.",Nag’ígpat ang kíngki.,The lamp emitted a spark. 133,160
igsú’un,n,noun,,,relation between godchild and children of godparents.,,,161
igú’,v,verb,,/mag-/,"to fit, to accommodate.",Nag’ígu’ ang pitú ka táwu sa íya kótse.,Seven people were accommodated in his car.,161
ígut,v,verb,,/mag-/,"to creak, to emit a grating sound by friction.",Nag’ígut ang motór.,The machine creaked.,161
íhaw,v,verb,,"/mag-, -un/","to broil, to roast over live coal.",,,161
íhi,n,noun,,,axle bar.,,,161
íhi’,n,noun,,,urine.,,,161
,v,verb,,"/mag-, -an/","to urinate, to pass water.",Nag’íhi’ sya.,He urinated.,161
íla,pr,pronoun,,,"their, theirs (third person plural pre-position source pronoun).",,,161
ilá,adj,adjective,,/ma-/,"elusive, untamed, undomesticated.",,,161
íla’,v,verb,,"/ma-, -an/","to like, to admire, to appreciate, to wish for.",Na’íla’ akú sa íya.,I like her.,161
ilagá’,n,noun,,,"rodent, rat, mouse.",,,161
ilayá,n,noun,,,"hinterland, remote area.",,,161
ílig,n,noun,,/-an/,"flow, current.;  ditch, drainage.",,,161
,v,verb,,"/mag-, -an/","to flow, to run through.",Nag’ílig ang túbig sa médya’ágwa.,Water flows through the awning.,161
ilímnun,n,noun,,,"drink, beverage, liquor.",,,161
ílis,v,verb,,"/mag-, -an/","to change, to alter, to vary, to replace, to exchange.",Nag’ílis akú sang báyu’.,I changed my clothes. 134,161
ílu,n,noun,,,orphan.,,,162
,v,verb,,/ma-/,"to become an orphan, to be orphaned.",,,162
íluk,n,noun,,,armpit.,,,162
ílug,v,verb,,"/mag-, -un/","to follow, to imitate, to copy, to forge.",,I imitated the handwriting of Lourdes.,162
ilúng,n,noun,,,nose.,,,162
ilúy,n,noun,,,mother.,,,162
imbénto,n,noun,,,"invention, creation.",,,162
,v,verb,,"/mag-, -un/","to invent, to devise.",,,162
imbestigár,v,verb,,"/mag-, -un/","to investigate, to censure.",,,162
imbitasyón,n,noun,,,invitation.,,,162
imprénta,n,noun,,,printing press.,,,162
,v,verb,,"/mag-, -un/","to print, to put in paper through a printing press.",,,162
ímpun,v,verb,,"/mag-, -un/","to join together, to conglomerate, to associate, to pull talents together.",Nag’ímpun ang mangá estudyánte sa libreríya.,The students gathered in the library.,162
impúntu,adv,adverb,,,"of time, sharp, on the dot.",,135,162
ímu,pr,pronoun,,,"your, yours (second person singular pre-position source pronoun).",,,163
ímul,adj,adjective,,,"poor, impoverized.",,,163
,v,verb,,/mag-/,"to become poor, to lose money or wealth.",,,163
ímun,n,noun,,/ka-/,"jealousy, envy.",,,163
,v,verb,,/ma-/,to feel jealous.,Na’ímun ang asáwa ni Patérno sa íya. Paterno’s wife is jealous of him.,,163
impyérno,n,noun,,,"hell, nether world.",,,163
1-in-,na,noun formative,,,noun formative affix.,Tilawí ang iníhaw.,Taste the roast.,163
2-in-,aa,adjective formative,adjective,,formative affix to designate manner or state of being.,Manámit ang sinúgbang ísda’.,The broiled fish is delicious.,163
3-in-,va,verbal affix,verbal,,designating manner of performance or state of being.,Sinúgba ku ang ísda’.,I broiled the fish.,163
iná’,d,deictic,,,that (far from the speaker).,,,163
1-in-…-an,na,noun formative,,,noun formative affix.,Malayú’ ang íya inapúkan.,He was thrown to a far place.,163
2-in-…-an,va,verbal affix,,,completed action transitive verb affix.,Linábhan ku ang mangá lagú’.,I washed the soiled clothes.,163
inánu,n,noun,,,"dwarfish man, man of dwarfish proportions.",,,163
índay,n,noun,,,"younger girls of age one to fifteen, address term for girls chronologically younger than the speaker, address term for unfamiliar non-acquainted informal relationship.",,136,163
índi’,adv,adverb,,,"negative particle, no.",,,164
índis’índis,n,noun,,,"contest, competition.",,,164
,v,verb,,/magpa-/,"to hold a contest, to compete.",Nagpaíndis’índis silá sa kláse.,They had a contest in class.,164
ineksyón,n,noun,,,"injection, syringe.",,,164
,v,verb,,"/mag-, -an/","to inject, to prick with a needle.",,,164
iní,d,deictic,,,this (near the speaker).,,,164
ínit,n,noun,,,"heat, temperature, heat of the sun, anger.",,,164
,adj,adjective,,/ma-/,"warm, hot, in rage, passionate.",,,164
,v,verb,,"/mag-, -un/","to heat, to boil, to make angry, to enrage, to boil with passion or rage.",Nag’ínit ang ákun úlu pagkakíta’ ku kay Juán.,I boiled with anger when I saw Juan.,164
inítan,n,noun,,,sunshine.,,,164
inosénte,adj,adjective,,,innocent.,,,164
insúltu,n,noun,,,"insult, ridicule.",,,164
,v,verb,,"/mag-, -un/","to insult, to ridicule, to affront.",,,164
interés,n,noun,,,"interest, raise.",,,164
,v,verb,,"/mag-, -an/","to be interested in, to covet.",Naginterés ang kwárta ku sa bángko.,My money earned interest in the bank.,164
Intsík,n,noun,,,Chinese.,,,164
íntu’,n,noun,,,flattery.,,137,164
,v,verb,,"/mag-, -un/","to convince with good graces, to play ball with emotions, to flatter.",Gin’íntu’ ku si Cárlos pára dál’un niya akú sa síni.,I flattered Carlos so that he will bring me to the movie.,165
inúg-,na,noun formative,,,instrumental noun formative affix.,Inugsulát iní.,This is something to write with.,165
inúm,n,noun,,/-li-/,"drink, beverage, liquor;  beverage, liquor.",,,165
,v,verb,,"/mag-, -un/","to drink, to take in.",,,165
inúmul,n,noun,,,"fist, clinched fist.",,,165
ínut,adj,adjective,,/ma-/,"frugal, stingy, thrifty.",,,165
inútil,adj,adjective,,,"useless, decrepit, disabled.",,,165
ínyu,pr,pronoun,,,"your, yours (second person plural pre-position source pronoun).",,,165
ingkáhi,n,noun,,,"lace, trimming for a dress.",,,165
ingkántu,n,noun,,,"fairy, evil spirit.",,,165
,adj,adjective,,/-ado/,enchanted.,,,165
inínglis,n,noun,,,English language.,,,165
ingít,adj,adjective,,,"irritable, angry, in bad temper.",,,165
,v,verb,,"/mag-, -un/","to be in a bad mood, to be irritated.",,,165
íngud,v,verb,,"/mag-, -un/","to be close by, to move closer, to be intimate with, be beside of.",Nag’íngud ang síya kag ang lamésa.,The chair and the table are close together.,165
íngus,v,verb,,/mag-/,"to sniffle, to draw air audibly.",,138,165
ípa-,va,verbal affix,verbal,,designating causation of action by the actor.,Ipatahí’ ku ang báyu’.,I will have the dress sewed.,166
íping,v,verb,,"/mag-, -an/","to seat next to, to be at the side of, to adjoin.",Gin’ipíngan ku si Lóurdes.,I sat beside Lourdes.,166
ípit,v,verb,,"/mag-, -un/","to compress, to squeeze, to press between.",Gin’ípit ku ang kalamánsi.,I squeezed the lime.,166
íput,n,noun,,/-li-…-an/,"feces, animal waste matter;  anus.",,,166
,v,verb,,/mag-/,to move the bowel.,,,166
irás,v,verb,,/ma-/,"to feel uncomfortable with, to have a low regard for.",,,166
isá,num,numeral,,/ika-/,one;  first.,,,166
ísda’,n,noun,,,fish.,,,166
,v,verb,,/magpang-/,"to catch fish, to go out to the sea to catch fish.",Nagpangísda’ ang mangá mangingísda’.,The fisherman went out to catch fish.,166
ísi’ísi,v,verb,,/mag-/,"to walk unsteadily, to stagger, to be unsteady in walking.",Nag’ísi’ísi ang hubúg.,The drunk man staggered.,166
ísip,n,noun,,,"number, count.",,,166
,v,verb,,"/mag-, -un/","to count, to reckon, to enumerate.",,,166
ispíya,n,noun,,,"spy, fifth column.",,,166
,v,verb,,"/mag-, -an/","to spy, to watch closely.",,,166
-ista,na,noun formative,,,noun formative affix denoting profession or type of job.,Nasahísta si José.,Jose is a masseur. 139,166
istórya,n,noun,,,"conversation, story.",,,167
,v,verb,,"/mag-, -un/","to tell a story, to converse.",,,167
ísu,n,noun,,,chalk.,,,167
ísug,n,noun,,/ka-/,"courage, boldness, bravery.",,,167
,adj,adjective,,/ma-/,"bold, brave, courageous.",,,167
,v,verb,,"/mag-, -un/","to become courageous, to make one’s self brave to face adversities.",Gin’ísug ku ang bu’ut ku.,I made myself brave enough.,167
ísul,v,verb,,"/mag-, -un/","to retreat, to move back, to step back so as to make way.",Nag’ísul akú pára maka’ági sya.,I moved back so she can pass.,167
íswag,v,verb,,"/mag-, -un/","to move over, to extend, to move away, to make room.",Gin’íswag ku ang lamésa.,I moved the table.,167
ítik,n,noun,,,duckling.,,,167
,v,verb,,/-un/,to tickle.,,,167
itikíta,n,noun,,,"trademark, label.",,,167
ítlug,n,noun,,,egg.,,,167
,v,verb,,/mag-/,to lay an egg.,,,167
itúm,adj,adjective,,,"black, dark, dark in complexion.",,,167
,v,verb,,/mag-/,"to become black, to get a tan.",,,167
íwag,n,noun,,,"light, illumination.",,,167
íwat,adj,adjective,,/ma-/,"grave, seriously ill.",,140,167
íya,pr,pronoun,,,"his, her, hers, its (third person singular pre-position source pronoun).",,,168
iyá,pt,particle,,,"specifier distinguishing particle used before or after a deictic, noun or pronoun chosen to be emphasized.",Ákun líbro iná’ íya.,That book is mine. 141,168
1-la-,va,verbal affix,plural,,"or group action affix, used together with general aspect affixes.",Nag’úlupud ang mangá báta’ sa tindáhan.,The children went to the store with someone.,169
2-la-,na,noun formative,plural,/mag-/,noun formative affix when combined with .,Mag’ulútud silá.,They are brothers and sisters.,169
3-la-,aa,adjective formative,plural,,adjective formative affix.,Mabúg’at ang mangá dalágkung batú.,The boulders are heavy.,169
-la-…-an,na,noun formative,,,noun formative affix designating repetitive or social action occurring in a place.,Halampángan iní.,This is a playground.,169
lá’aw,v,verb,,"/mag-, -un/","to watch, to observe, to look out of the window.",Naglá’aw ang dalága sa íya haranísta.,The lady looked out of the window to acknowledge her serenader.,169
labá,v,verb,,"/mag-, -an/","of clothes, to wash.",,,169
,n,noun,,/-era/,laundrywoman.,,,169
lába’,n,noun,,/ka-/,"length, duration, extent.",,,169
,adj,adjective,,/ma-/,"long, extending for a considerable distance.",,,169
labábu,n,noun,,,"lavabo, washbasin.",,,169
lábag,v,verb,,/-un/,"to be against, to violate.",Ginlábag mu ang kasugu’án.,You disobeyed the rule. 142,169
labáha,n,noun,,,"razor blade, razor.",,,170
labán,con,conjunction,,,"besides, except, moreover, furthermore.",,,170
labatíba,n,noun,,,enema.,,,170
,v,verb,,"/mag-, -un/",to give or apply an enema.,,,170
láb’as,adj,adjective,,,"raw, fresh as of fruits and vegetables.",,,170
labáw,adv,adverb,,,"aside from, besides, more than.",,,170
,v,verb,,"/mag-, -an/","to surpass, to exceed.",Naglabáw ang íya kamisún.,Her slip was showing.,170
labáy,v,verb,,/mag-/,"to go through, to pass by.",,,170
labí,adv,adverb,,,"more than, exceedingly.",,,170
,v,verb,,/mag-/,"to exceed, to surpass.",,,170
labú’,v,verb,,"/mag-, -un/","to strike with a machete or an ax, to smite with great force.",Ginlabú’ ku ang púnu’ sang ságing.,I struck the trunk of the banana plant.,170
láb’uk,v,verb,,"/mag-, -un/","to sip, to take a draught.",Nagláb’uk si Roméo sang tubá’ sa tyénda.,Romeo took a sip of tuba in the store.,170
labúgay,v,verb,,"/mag-, -un/","to stir, to mix especially liquids.",,,170
lábut,n,noun,,,"business, concern.",,,170
lábyug,v,verb,,"/mag-, -un/","to hurl, to fling, to throw to a far distance.",Ginlábyug ku ang batú.,I hurled the stone.,170
laká’,adj,adjective,,/ma-/,"scarce, rare, sometimes.",,143,170
lák’ang,n,noun,,,"big step, step which is as far as the legs can extend.",,,171
,v,verb,,"/mag-, -an/","to step over, to make a big step.",Ginlak’angán ku si Manuél.,I stepped over Manuel.,171
lakát,n,noun,,,"trip, walk, business trip.",,,171
,v,verb,,"/mag-, -un/","to walk, to go, to leave.",,,171
lákbang,v,verb,,"/mag-, -an/","to stride, to make a big step.",,,171
lakíp,v,verb,,/-un/,"to include, to enclose, to insert.",,,171
láklak,v,verb,,"/mag-, -un/",to lap with the tongue.,Ginláklak sang bábuy ang damúg.,the pig ate the food.,171
láktaw,v,verb,,"/mag-, -an/","to pass over, to miss, to skip.",,,171
láktud,v,verb,,"/mag-, -un/",to take a short cut.,Ginláktud ku ang dálan.,I made a short cut.,171
ládlad,v,verb,,"/mag-, -un/","to open, to spread, to unfold.",Nagládlad akú sang mantél.,I spread the table cloth.,171
lá’ga’,v,verb,,"/mag-, -un/","to boil, to cook in water.",,,171
lagabúng,v,verb,,/mag-/,"to fall to the ground with a flop, to rumble.",Naglagabúng ang sin pagkahúlug.,The sheet of galvanized iron rumbled when it fell.,171
lagári’,n,noun,,,"saw, carpenter’s tool.",,,171
,v,verb,,"/mag-, -un/",to cut with a saw.,,,171
lagás,v,verb,,"/mag-, -un/","to pursue, to run after, to chase.",,,171
lagátik,n,noun,,,"snap, clicking sound.",,144,171
lagatúk,n,noun,,,"snap, dull thud, dull sound.",,,172
lágawlágaw,v,verb,,/mag-/,"to wander about, to roam around, to stroll.",Naglagáwlaǵaw akú sa plása.,I strolled through the park.,172
lágda’,n,noun,,,"mark, sign, signature.",,,172
lági,adv,adverb,,,"frequently, often.",,,172
lágpit,n,noun,,,rat trap.,,,172
lágtum,adj,adjective,,/ma-/,"black, dark.",,,172
lagú,n,noun,,,earthworm.,,,172
lagú’,n,noun,,,"soiled clothes, laundry.",,,172
lagwérta,n,noun,,,"lawn, yard, orchard.",,,172
lágyu’,adv,adverb,,,"far, at a distance.",,,172
,v,verb,,"/magpa-, -un…-pa-/","to run away, to flee, to go to a far off place.",,,172
lahúg,n,noun,,,"joke, teasing.",,,172
lahúgláhug,n,noun,,,"joke, teasing.",,,172
,v,verb,,"/mag-, -un/","to joke, to make fun, to quip.",,,172
lá’in,adj,adjective,,/ma-/,"bad, immodest, unfavorable, unjurous.",,,172
la’ín,adj,adjective,,,"different, changed, dissimilar, various.",,,172
,v,verb,,"/mag-, -un/","to change, to be different.",Nagla’ín ang ákun ísip.,I changed my mind.,172
lála,v,verb,,"/mag-, -un/","to weave, to weave together.",Naglála akú sang baníg.,I wove a mat. 145,172
lalá’,v,verb,,/mag-/,"to become seriously ill, to become severe.",Naglalá’ ang íya balatí’an.,She became more sick.,173
laláki,n,noun,,,"male, man, boy, male illicit lover.",,,173
laláw,v,verb,,/mag-/,"to be in black mourning dress, to wear mourning clothes.",Naglaláw si Ána sa íya ilúy.,Ana mourned for her mother.,173
lalím,n,noun,,,flavor.,,,173
lális,v,verb,,"/mag-, -an/","to pay no heed to, to disobey.",,,173
lamá’lamá’,v,verb,,"/mag-, -un/","to cut into small pieces as of ribs, to cut meat with bones into thin pieces.",Ginlamá’lamá’ ku ang gúsuk.,I cut the ribs.,173
lámang,con,conjunction,,,"but, only, mere, just.","Lúyag akú magbakál sang báyu’ lámang walá’ akú sang kwárta. I would like to buy a dress, but I don’t have money.",,173
laḿbat,n,noun,,,"net, woven rattan net of native beds.",,,173
lámbut,v,verb,,"/ma-, -un/","to reach, to arrive, to attain.",Ginlámbut ku ang syudád sang Báguio.,I reached the city of Baguio.,173
lamésa,n,noun,,,table.,,,173
laḿgud,adj,adjective,,,barren.,,,173
lamíg,n,noun,,,coldness.,,,173
,adj,adjective,,/ma-/,"cold, cool, low in temperature for weather and liquids.",,,173
lamígas,n,noun,,,"grain, cereal.",,,173
lámluk,n,noun,,,moth.,,146,173
lampás,v,verb,,"/mag-, -an/","to surpass, to overtake.",Ginlampasán ku ang áwtu.,I overtook the car.,174
lampásu,n,noun,,,"rag, mop, scrub.",,,174
,v,verb,,"/mag-, -an/","to mop, to scrub the floor.",Naglampásu akú.,I mopped the floor.,174
lampín,n,noun,,,baby’s diaper.,,,174
lampitáw,adj,adjective,,,"well-known, famous.",,,174
lampú’as,v,verb,,"/mag-, -un/","to pass, to reach beyond and move on.",Ginlampú’as ku ang eksámin.,I passed the exams.,174
lámpus,v,verb,,"/mag-, -un/","to hit someone with something, to strike hard with an instrument.",Ginlámpus ku ang síya.,I threw the chair very hard on the floor.,174
lamúk,n,noun,,,mosquito.,,,174
lamúd,v,verb,,"/mag-, -un/","to mix with, to add to.",Naglamúd akú sang ma’ís sa bugás.,I mixed corn with the rice.,174
lamún,n,noun,,,blind.,,,174
lámun,v,verb,,"/mag-, -un/","to eat like an animal, to gulp down food hungrily.",,,174
lána,n,noun,,,"wool, oil especially coconut oil.",,,174
lándung,n,noun,,,"shade, shadow.",,,174
lánsang,n,noun,,,nail.,,,174
,v,verb,,"/mag-, -un/",to drive a nail.,,,174
lansítas,n,noun,,,pocket knife.,,,174
lánta,adj,adjective,,,"withered, faded as of plants and flowers.",,147,174
lántaw,v,verb,,"/mag-, -un/","to watch, to see, to look out of the window.",,,175
lántun,n,noun,,,"tune, song, music, music sheet.",,,175
,v,verb,,"/mag-, -un/",to play a musical instrument.,Naglántun akú sang pyáno.,I played the piano.,175
lanúg,n,noun,,,"echo, black and blue mark, rotten portion.",,,175
lányatlányat,n,noun,,,membrane.,,,175
láng,pt,particle,,,"only, also, just.",Iní na lang.,This one (only).,175
láng’at,n,noun,,,"interval, space between.",,,175
lángaw,n,noun,,,fly.,,,175
lángka’,n,noun,,,jackfruit.,,,175
lángkag,v,verb,,"/mag-, -un/","to worry, to be anxious about.",Naglángkag akú sang hulát kay Joséfa.,I got worried waiting for Josefa.,175
lánggaw,n,noun,,,vinegar.,,,175
langís,n,noun,,,"oil, especially coconut oil.",,,175
lángit,n,noun,,,"heaven, sky, outer space.",,,175
láng’ug,adj,adjective,,/ma-/,"rotten, foul odor of stagnant water.",,,175
langúy,v,verb,,"/mag-, -un/",to swim.,,,175
lápak,v,verb,,"/mag-, -un/","to trample on, to step on, to treat with pride or contempt.",Naglápak silá sa lápuk.,They stepped on the mud.,175
lápad,n,noun,,/ka-/,"width, area, broadness.",,148,175
,adj,adjective,,/ma-/,"wide, broad, extensive.",,,176
lapá’lapá’,v,verb,,"/mag-, -un/","to cut into small pieces, to mangle.",Ginlapá’lapá’ niya ang kárne.,He cut the meat to pieces.,176
lápas,v,verb,,"/mag-, -un/","to violate, to disobey an order.",Naglápas si José sa kasugtánan.,Jose violated the agreement.,176
lapáw,v,verb,,"/mag-, -an/","to be higher than, to exceed, to overflow.",Naglápaw ang túbig.,The water overflowed.,176
lápdus,v,verb,,"/mag-, -un/","to hit with a strong force, to beat with intentions to destroy, to hit hard.",Ginlápdus ku ang síya.,I hit the chair against something.,176
lápis,n,noun,,,pencil.,,,176
lapít,adj,adjective,,/ma-/,"near, close, intimate.",,,176
,v,verb,,"/magpa-, -an…-pa-/","to approach, to move near, to be close by.",Nagpalapít si Manuél.,Manuel moved closer.,176
lápnag,v,verb,,"/mag-, -an/","to become extensive, to spread, to propagate.",Naglápnag ang balíta’.,The news spread.,176
lápsag,n,noun,,,"baby of age one to two, infant.",,,176
lápsi’,adj,adjective,,/ma-/,"frail, wan, pale, pallid.",,,176
lápta,v,verb,,"/mag-, -an/","to extend, to spread, to scatter.",,,176
lápus,v,verb,,/mag-/,"to pierce, to penetrate, to go through.",,,176
lapúyut,adj,adjective,,/ma-/,"sticky, thick in texture especially of liquids.",,149,176
lápyu,v,verb,,"/mag-, -un/","to tire, to get exhausted.",Naglápyu ang íya láwas sa trabáho.,He felt tired because of work.,177
laranghíta,n,noun,,,nectarine.,,,177
laráwan,n,noun,,,picture.,,,177
lárga,v,verb,,/mag-/,"to travel away on a boat, to sail away.",Naglárga si Nánay kahápun.,Mother left yesterday.,177
lasáw,n,noun,,,molasses.,,,177
lás’ay,adj,adjective,,/ma-/,"bland in taste, unsavory.",,,177
lásu,n,noun,,,"ribbon, trimming.",,,177
láta,n,noun,,,"tin, can.",,,177
latá’,adj,adjective,,,"rotten, overcooked.",,,177
látag,v,verb,,"/mag-, -un/","to bleach, to put out in the sun.",,,177
látay,v,verb,,"/mag-, -an/","to cross a narrow footbridge without support, to balance oneself on a narrow board.",Naglátay kamí sa tuláy patabúk sa subá’.,We crossed a narrow footbridge across the river.,177
látid,v,verb,,"/mag-, -un/","to line, to mark, to limit, to make a boundary.",Naglátid si Manuél sang kudál.,Manuel marked the area to be fenced in.,177
latigú,n,noun,,,whip.,,,177
latúk,n,noun,,,table.,,,177
látum,v,verb,,/mag-/,to penetrate to the innermost part.,Naglátum ang pínta sa káhuy.,The paint penetrated into the wood. 150,177
latún,n,noun,,,tin can with a volume content of five gallons.,,,178
,v,verb,,"/mag-, -un/","to infect, to contaminate.",Naglatún ang trangkásu ni Pédro sa ákun. I was contaminated by Pedro’s flu.,,178
lá’ug,v,verb,,/mag-/,"to roam, to stroll, to walk about.",Naglá’ug kamí kagáb’i.,We roamed around last night.,178
lá’um,v,verb,,/mag-/,"to hope, to expect, to trust, to estimate.",Naglá’um akú nga ma abút si Imélda.,I expected Imelda to come.,178
la’ún,n,noun,,,"old maid, bachelor girl.",,,178
-la-…-un,na,noun formative,,,noun formative affix designating an action to be performed to the object or person referred to.,Ang bilitayún ára’ sa prisohán.,The person to be hanged is inside the prison.,178
lá’ut,adj,adjective,,/ma-/,"vile, bad, malicious, wicked.",,,178
láwa’,n,noun,,,spider web.,,,178
láwag,v,verb,,"/mag-, -un/","to pronounce, to call out.",Ginláwag ang ngálan ku.,My name was called.,178
láwas,n,noun,,/tig-/,"body, human body.;  representative.",,,178
láw’ay,adj,adjective,,/ma-/,"ugly, offensive, repulsive.",,,178
láwid,n,noun,,/ka-/,"of distance, length.",,,178
,adj,adjective,,/ma-/,"of distance, long, long stretch.",,,178
láwig,adj,adjective,,/ma-/,"lengthy, wide, broad, extensive.",,,178
láwlaw,adj,adjective,,,"loose about the waist, of clothing, loose.",,,178
láya,n,noun,,,fish net.,,151,178
láya’,v,verb,,/mag-/,"to wither, to fade, to dry up as of flowers and plants.",,,179
láyag,n,noun,,,sail for a boat.,,,179
láyas,v,verb,,"/mag-, -an/","to run away, to flee from, to go away without permission, to run away from home.",,,179
layát,v,verb,,/mag-/,to sag as of skin.,Naglayát ang íya pánit.,Her skin sagged.,179
láygay,v,verb,,"/mag-, -un/","to advise, to talk, to lecture, to preach.",Nagláygay ang pári’.,The priest gave some advice.,179
layí,n,noun,,,"law, bill.",,,179
layú’,n,noun,,/ka-/,"of distance, far.",,,179
,adj,adjective,,/ma-/,"far, distant.",,,179
,v,verb,,/magpa-/,"to go far, to go away, to be far.",,,179
layúng,v,verb,,"/mag-, -un/","to dry up, to wither.",Naglayúng ang dáhun sang ságing.,The banana leaf withered.,179
leksyón,n,noun,,,lesson.,,,179
létse,n,noun,,,volume measure amounting to one eight-ounce tin can.,,,179
,intj,interjection,,,"damn, damn you.","letse flán n egg pie, custard.",,179
-li-,va,verbal affix,,,variant of -la-.,,,179
libák,v,verb,,"/mang-, -un/","to backbite, to deride.",Ginlibák ku si Córa.,I derided Cora. 152,179
libańg,v,verb,,"/mag-, -un/","to amuse, to entertain, to comfort.",Ginlibańg ku ang báta’.,I comforted the child.,180
libát,adj,adjective,,,cross-eyed.,,,180
,v,verb,,/mag-/,to become cross-eyed.,,,180
líbra,n,noun,,,pound.,,,180
líbre,adj,adjective,,,"free, gratis.",,,180
libreríya,n,noun,,,library.,,,180
líbro,n,noun,,,book.,,,180
líbu,num,numeral,,,thousand.,,,180
líbud,v,verb,,"/mag-, -un/","to peddle door to door, to go around.",Naglíbud ang tigúlang sang súman.,The old woman went around selling rice cake.,180
líbug,n,noun,,,bumblebee.,,,180
libúg,n,noun,,,"trouble, problem, worry.",,,180
,v,verb,,/mag-/,"to be confused, to be worried, to have a problem.",Naglibúg ang úlu ku.,I am confused.,180
libún,n,noun,,,"enclosure, fence.",,,180
,v,verb,,"/mag-, -un/","to enclose, to surround.",Naglibún akú sang kurtína sa kwárto.,I put curtains around the room.,180
líbut,v,verb,,"/mag-, -un/","to walk about, to roam around, to encircle.",,,180
,n,noun,,,surrounding.,,153,180
likáw,v,verb,,"/mag-, -an/","to shun, to avoid, to detour.",Naglikáw ang trak sa bátsi.,The truck avoided the hole in the road.,181
líkday,v,verb,,/mag-/,"to step to one side to allow another to pass, to make way, to step aside.",,,181
líkido,n,noun,,,liquid.,,,181
líki’,v,verb,,/mag-/,"to bound, to spring, to leap with grace.",Naglikí’ si Índay sa sá’ut.,Inday danced gracefully.,181
líksi,v,verb,,"/mag-, -un/","to jump around, to leap.",,,181
likú’,v,verb,,/mag-/,"to turn the corner, to turn a street corner.",,,181
likúd,n,noun,,,back.,,,181
likúm,v,verb,,"/mag-, -un/","to hide a secret, to conceal.",Naglikúm akú sang sekréto.,I concealed a secret.,181
lígad,v,verb,,/mag-/,"to pass by, to be part of the past.",,,181
Naglígad,na,noun formative,,,ang Enéro péro walá’ pa matapús ang trabáho ku.,,"January is already over, but my work is not done yet.",181
ligás,n,noun,,,"garter, belt.",,,181
lígdung,adj,adjective,,/ma-/,"modest, serious, conservative.",,,181
lígid,v,verb,,/mag-/,"to whirl, to roll, to turn over and over.",Naglígid ang batú sa bánglid.,The boulder rolled down the hill.,181
ligís,v,verb,,"/mag-, -un/","to mill, to crush into powder.",Nagligís akú sang má’is.,I milled some corn. 154,181
lígu’,v,verb,,/ma-/,"to take a bath, to bathe, to swim in the river or the ocean.",Nalígu’ akú.,I took a bath.,182
líg’un,adj,adjective,,/ma-/,"steady, stable, strong.",,,182
ligúnlígun,v,verb,,"/mag-, -un/","to let melt, to swallow or dissolve in the mouth.",Ginligúnlígun ku ang ákun bá’ba’.,I melted the candy in my mouth.,182
ligúy,adj,adjective,,,"negligent, truant.",,,182
,v,verb,,/mag-/,"to play truant, to be lazy.",,,182
liháy,v,verb,,"/mag-, -un/","to fall against for support, to lean on.",Nagliháy si Lucílle sa ákun.,Lucille leaned on me.,182
lihí’,v,verb,,"/mag-, -un/","to forbid, to disapprove.",Ginalihí’ku ang paggámit sang ópyum.,I disapprove of using narcotics.,182
líla,adj,adjective,,,"violet, lavender.",,,182
limá,num,numeral,,/ika-/,five;  fifth.,,,182
límbung,n,noun,,,"lie, deceit.",,,182
,v,verb,,"/mag-, -an/","to cheat, to deceive, to double-cross.",,,182
limitádo,adj,adjective,,,limited.,,,182
limpyabúta,n,noun,,,bootblack.,,,182
límyo,adj,adjective,,,"clean, spotless, in order.",,,182
,v,verb,,"/mag-, -an/","to clean, to put in order.",,,182
límug,v,verb,,/mang-/,to gargle.,Nanglímug si Ernésto sang túbig.,Ernesto gargled water.,182
limús,n,noun,,,"alm, donation.",,155,182
,v,verb,,"/mag-, -un/","to give alms, to donate.",,,183
límut,v,verb,,"/ma-, ma-…-an/",to forget.,,,183
linábhan,n,noun,,,washed clothes.,,,183
línas,v,verb,,"/mag-, -un/","to thresh as of rice, to trample upon.",Naglínas kamí sang humáy.,We threshed rice.,183
,n,noun,,/-an/,thresher.,,,183
línaw,n,noun,,,"brook, stream.",,,183
líntak,v,verb,,/mang-/,to emit a clicking sound.,Nanglíntak si Artúro sa ákun.,He clicked at me.,183
líntuk,n,noun,,,bran.,,,183
línug,n,noun,,,earthquake.,,,183
,v,verb,,/mag-/,"to have an earthquake, to shake like an earthquake.",,,183
linúng,adj,adjective,,/ma-/,"calm, silent, peaceful.",,,183
língas,v,verb,,/mag-/,"to distract, to confuse, to upset, to make noise.",Naglíngas si Vicénte sa kláse.,Vicente distracted the class.,183
lingáw,v,verb,,"/mag-, -un/","to distract, to bother, to amuse, to relax.",Ginlingáw ku ang ákun útud.,I amused my brother.,183
,adj,adjective,,/ma-/,"noisy, bothersome, distracting.",,,183
língkud,v,verb,,"/mag-, -an/",to sit down.,,,183
linggánay,n,noun,,,bell.,,,183
línghud,adj,adjective,,/ma-/,"of plants, young, new.",,156,183
língin,adj,adjective,,/ma-/,"dizzy, round.",,,184
,v,verb,,/mag-/,"to be dizzy, to have nausea, to feel the head spinning.",Naglíngin ang ákun úlu.,My head is dizzy.,184
língling,v,verb,,"/mag-, -un/","to peep through a small hole, to observe secretly through an aperture.",Naglíngling si José.,Jose peeped.,184
lipák,n,noun,,,"stick, small twig.",,,184
lípas,v,verb,,/mag-/,to pass by as of time.,Naglípas ang isá ka semána bágu nagkita’áy kamí.,One week passed before we saw each other.,184
lipát,v,verb,,"/ma-, ma-…-an/","to forget, to lose the memory.",Nalipát akú.,I forgot.,184
lípay,n,noun,,/ka-/,"happiness, joy, delight.",,,184
,v,verb,,"/ma-, ma-…-an/","to be delighted, to feel happy.",Nalípay akú nga tapús na.,I am glad it is all over.,184
lípun,v,verb,,/mag-/,"to screen, to conceal, to hide.",Naglípun si Heléna sang hábul.,Helena hid under the blanket.,184
lípung,v,verb,,/ma-/,"to faint, to fall unconscious.",,,184
líp’ut,n,noun,,/ka-/,"shortness, brevity.",,,184
,adj,adjective,,/ma-/,"short, brief, curtailed.",,,184
lísang,v,verb,,/mag-/,"to be terrified, to be frightened, to be shocked.",Naglísang ang kabáyu’ sa lupúk.,The horse was terrified with the bursting sound.,184
lisénsya,n,noun,,,"license, permission.",,157,184
,v,verb,,"/mag-, -an/",to ask permission.,Naglisénsya si Vída sa íya ilúy nga malakát.,Vida asked permission from her mother to leave.,185
lísi,v,verb,,/mag-/,to look about curiously or searchingly.,Naglísi ang báta’ sa dálan.,The child looked about curiously.,185
lisík,v,verb,,/mag-/,to fly like chips of wood.,Naglisík ang káhuy pagbús’ak ku.,Chips flew about when I chopped the wood.,185
lísngadlísngad,v,verb,,/mag-/,"to linger, to tarry, to delay.",Naglísngadlísngad si Victória sa íya trabáho.,Victoria delayed her work.,185
lísta,n,noun,,,"list, roll.",,,185
,v,verb,,"/mag-, -un/","to list down, to enlist, to enroll.",,,185
lístun,n,noun,,,"ribbon trimming, shoe string.",,,185
lísu,n,noun,,,seed.,,,185
lísu’,v,verb,,"/mag-, -un/","to turn about, to be awry.",Naglísu’ ang táwu sa tu’u.,the man turned to the right.,185
lisúd,adj,adjective,,/ma-/,"hard, difficult.",,,185
,n,noun,,/ka-/,"distress, hardship, difficulty.",,,185
litík,v,verb,,/mag-/,"to crack, to split, to have a flaw.",Naglitík ang kúlun.,The clay pot cracked.,185
lítra,n,noun,,,letter of the alphabet.,,,185
lítro,n,noun,,,liter measure.,,,185
litsúgas,n,noun,,,lettuce.,,,185
lítsun,n,noun,,,whole pig roasted on live coal pit.,,158,185
,v,verb,,"/mag-, -un/",to roast a whole Pig.,,,186
lítun,v,verb,,"/mag-, -un/","to migrate, to transfer, to move.",Naglítun kamí sa bág’u nga baláy.,We moved to the new house.,186
lí’ug,n,noun,,,neck.,,,186
liwáliwá,v,verb,,/magpa-/,"to relax, to take a vacation.",Nagpaliwáliwá silá sa Yurópa.,They took a vacation in Europe.,186
liwán,v,verb,,"/mag-, -un/","to do again, to repeat, to remodel.",Nagliwán si Élma sang báyu’ ku.,Elma remodelled my dress.,186
liwát,adv,adverb,,,"again, repeatedly.",,,186
,v,verb,,"/mag-, -un/","to do over, to remodel, to repeat.",,,186
liyón,n,noun,,,lion.,,,186
lóbo,n,noun,,,balloon.,,,186
lólo,n,noun,,,grandfather.,,,186
lóte,n,noun,,,"piece of land, lot.",,,186
-lu-,va,verbal affix,,,variant of -la-.,,,186
lú’ad,v,verb,,"/mag-, -un/","to spit out, to throw out of the mouth.",Ginlú’ad ku ang pagká’un.,I spit out the food.,186
lubád,v,verb,,"/mag-, -un/","to solve, to translate, to interpret.",,,186
lúbag,v,verb,,"/mag-, -un/","to twist, to wring, to twist and pull.",,,186
lúbha’,v,verb,,/-un/,"to cheat, to betray.",Ginlúbha’ niya akú.,He betrayed me. 159,186
lubhá’,adj,adjective,,/ma-/,"serious, grave.",,,187
,v,verb,,/mag-/,"to be seriously ill, to get worse.",Naglubhá’ ang íya balatí’an.,He got worse.,187
lubí,n,noun,,,coconut.,,,187
lúbid,n,noun,,,"rope, string.",,,187
,v,verb,,"/mag-, -un/","to entwine, to make into a rope or string.",,,187
lubúg,adj,adjective,,/ma-/,"murky, turbid.",,,187
,v,verb,,/mag-/,to become murky.,Naglubúg ang túbig.,The water became murky.,187
lubúng,n,noun,,,"burial, crypt.",,,187
,v,verb,,"/mag-, -un/","to bury, to inter.",,,187
lukát,v,verb,,"/mag-, -un/","to pull or dig out together with the roots, to uproot.",Ginlukát ku ang tanúm.,I dug out the plant.,187
lúku,v,verb,,"/mag-, -un/","to cheat, to trick.",Ginlúku ku si Élsa.,I tricked Elsa.,187
lukú,v,verb,,/mag-/,"of dogs, to lie down with front legs bent under.",Naglukú ang idú’.,The dog lay down.,187
lúksu,v,verb,,"/mag-, -un/","to jump, to leap, to jump over.",,,187
lúkut,v,verb,,"/mag-, -un/","to wind up, to roll, to crumple.",Naglúkut akú sang papél.,I crumpled the paper.,187
lugár,n,noun,,,"place, site, location.",,160,187
lúgdang,v,verb,,"/ma-, -un/","to sink, to disappear under the water.",Nalúgdang ang bapór.,The boat sank.,188
lúgpay,v,verb,,/-an/,"to mollify, to soothe, to counsel.",Ginlugpayán ku si Líto.,I mollified Lito.,188
lú’gu’,v,verb,,"/mag-, -un/",to shake.,Ginlú’hu’ ku ang bulúng sa botélya.,I shook the medicine in the bottle.,188
lugúm,n,noun,,,dye.,,,188
,v,verb,,"/mag-, -un/","to dye, to color with dye.",,,188
lúgus,v,verb,,"/mag-, -un/","to force to submit, to violate, to grab, to rape.",Ginlúgus ni Glória ang mánggad sang útud niya.,Gloria usurped the wealth of her sister.,188
lúha’,n,noun,,,tear.,,,188
lúhu,adj,adjective,,,"dressed up, elegant.",,,188
luhúd,v,verb,,"/mag-, -an/",to kneel down.,,,188
lulú’,adj,adjective,,/ma-/,"gentle, kind, meek, tender.",,,188
lumáy,n,noun,,,"love potion, charm.",,,188
,v,verb,,"/mag-, -un/","to entice, to attract strongly, to give a love potion.",Ginlumáy sya.,He was enticed.,188
lúmba’,n,noun,,,"race, contest.",,,188
,v,verb,,/mag-/,"to have a race, to hold a contest.",,,188
lúming,adj,adjective,,/ma-/,"flabby, feeble, limp.",,,188
lúmpag,v,verb,,"/mag-, -un/","to destroy, to demolish.",Ginlúmpag ku ang baláy.,I demolished the house. 161,188
lúmpat,v,verb,,"/mag-, -un/","to jump, to leap, to dive down.",,,189
lumús,v,verb,,/ma-/,to drown.,Nalumús ang báta’.,The child drowned.,189
lúmut,n,noun,,,moss.,,,189
lumúy,v,verb,,"/mag-, -un/",to put into the mouth and swallow down as of a pill.,Naglumpúy akú sang tablétas.,I took a pill.,189
Lúnes,n,noun,,,Monday.,,,189
lúnhaw,adj,adjective,,,green.,,,189
lúntad,v,verb,,/mag-/,"to live, to reside, to emigrate.",Naglúntad akú dirí sang iśa ka tú’ig.,I moved here last year.,189
lúnsay,adv,adverb,,,"steady, stable.",,,189
lúnud,v,verb,,"/ma-, -un/","to be inferior to, to be unbecoming, to sink.",Nalúnud ang bapór.,The boat sank.,189
lungíb,n,noun,,,cave.,,,189
lungún,n,noun,,,"bier, crypt.",,,189
lunggú’,v,verb,,"/mag-, -un/",to knock or push against especially the head.,Naglunggú’ ang úlu sang báta’.,The child knocked his head.,189
lungúlúngu,v,verb,,"/mag-, -un/",to shake the head for negation or disapproval.,Naglungúlúngu ang sya.,He shook his head.,189
lupád,v,verb,,"/mag-, -un/","to fly, to soar in the air.",,,189
lúpig,v,verb,,"/mag-, -un/","to oppress, to overpower, to side with.",Naglúpig si Manuél kay Mr. Rámos.,Manuel sided with Mr. Ramos.,189
lupúk,v,verb,,/mag-/,"to burst, to blow-out, to erupt.",,162,189
lupúg,adj,adjective,,,crippled.,,,190
lúp’ug,v,verb,,/mag-/,to sit or squat down with legs turned to one side as resting animals.,Naglup’úg ang idú’ sa salúg.,The dog lay on the floor.,190
lupút,v,verb,,/mag-/,"to have loose bowel movement, to have diarrhea.",,,190
lúpyak,v,verb,,/mag-/,to form a small depression in the ground.,Naglúpyak ang dúta’ sa línug.,The ground caved in because of the earthquake.,190
lusád,v,verb,,/mag-/,"to alight, to land, to disembark.",Naglusád ang táwu sa eropláno.,The man disembarked from the plane.,190
lús’aw,adj,adjective,,,"faded, discolored.",,,190
,v,verb,,/mag-/,"to fade, to run in color, especially of cloth.",Naglús’aw ang ákun báyu.,My dress ran.,190
lúspad,adj,adjective,,/ma-/,"wan, pale in face.",,,190
,v,verb,,/mag-/,"to be pale or wan, to turn pale.",,,190
lusút,v,verb,,/mag-/,"to emerge, to pass, to go through, to pierce.",Naglusút ang lápis sa papél.,The pencil went through to the paper.,190
luták,n,noun,,,clay.,,,190
lutás,v,verb,,"/mag-, -un/","to wean, to detach affection for something longed for.",,,190
lutáw,adj,adjective,,,"famous, big, afloat, popular.",,,190
,v,verb,,/mag-/,"to float, to be famous, to be well-known.",,163,190
lúthang,v,verb,,"/mag-, -un/","to shoot to death, to fire a gun.",Ginlúthang ku ang manúk.,I shot the chicken.,191
lútu,v,verb,,"/mag-, -an/","to mourn, to wear the black mourning attire.",,,191
lútu’,n,noun,,,"cooked food, prepared food.",,,191
,adj,adjective,,,"cooked, ripe.",,,191
,v,verb,,"/mag-, -un/","to cook, to mature, to ripen.",,,191
lútus,v,verb,,/-un/,"to surpass, to outdo, to run after, to defeat.",Ginlútus ni Pédro si Vicénte sa eleksyón.,Pedro defeated Vicente during the elections.,191
lú’uy,v,verb,,/ma-…-an/,"to have mercy, to have compassion for.",Nalu’úyan ku si Ester.,I feel sorry for Ester.,191
luwág,n,noun,,,"ladle, a native deep-bowled spoon used in cooking made from hard skin of the coconut and long bamboo handle.",,,191
luwás,con,conjunction,,,"aside from, except, outside of.",,,191
,v,verb,,"/mag-, -un/","to free, to redeem, to save.",Ginluwás sang Dyús ang tanán.,God redeemed everyone.,191
lúya,adj,adjective,,/ma-/,"decrepit, weak, frail.",,,191
,v,verb,,/mag-/,"to become weak, to lose strength.",,,191
lúy’a,n,noun,,,ginger.,,,191
lúyag,v,verb,,"/ma-, ma-…-an/","to want, to desire, to like.",,,191
lúyluy,v,verb,,/mag-/,"to hand down, to droop.",,,191
luyú,adv,adverb,,,"by, near, beside.",,164,191
1-ma-,va,verbal affix,,/mag-/,proposed action affix of the  verb.,Mabakál akú sang líbro.,Variant of /maga-/. I will buy a book.; proposed action affix of the /ma-/verb. Mabakál ku ang sapátus pára kay Cora. I will be able to buy the pair of shoes for Cora.,192
2-ma-,aa,adjective formative,adjective,,"formative affix attached to nouns, verb or adjective roots.",Mahumút ang búlak.,The flower is fragrant.,192
ma-…-an,va,verbal affix,,/ma-/,proposed action affix of the  verb for benefactive-locative focus.,Mabáklan ku regálo sang si Néna.,I will be able to buy a gift for Nena.,192
ma’álwan,adj,adjective,,,"rude, mean.",,,192
ma’áyu,adj,adjective,,,"well, good, fine.",,,192
1-ma-…-un,na,noun formative,,,noun formative affix designating a state of being as described by the adjective root.,Ang masakitún gindalá sa ospitál.,The sick person was brought to the hospital.,192
2-ma-…-un,aa,adjective formative,adjective,,formative affix designating state of being.,Ma’alamún si José.,Jose is wise.,192
mábdus,v,verb,,/mag-/,to be pregnant.,,,192
maká-,va,verbal affix,,/maka-/,proposed action affix of the  verb for actor focus.,Makakánta si Razéla bwas.,Razela will be able to sing tomorrow.,192
Maka’áku’,n,noun,,,"God, the Almighty.",,,192
makiná,n,noun,,,"machine, motor.",,,192
makinílya,n,noun,,,typewriter.,,165,192
,v,verb,,"/mag-, -un/",to type.,Ginmákinílya ku ang sulát.,I typed the letter.,193
mákut,v,verb,,"/magpa-, -pa-…-un/","to make a fire, to begin to burn, to start to blaze.",Ginpamákut ku ang papél sa dapúg.,I used paper to kindle fire in the stove.,193
mádre,n,noun,,,"nun, Catholic nun.",,,193
ma’éstro,n,noun,,,"teacher, instructor.",,,193
1-mag-,va,verbal affix,,,infinitive actor focus affix.,Gústo ku magka’ún.,I would like to eat.,193
2-mag-,na,noun formative,,,noun formative affix designating reciprocal relationship.,Mag’asáwa si Pédro kag si Catalína.,Pedro and Catalina are husband and wife.,193
magá’,va,verbal affix,,/mag-/,proposed action affix of the  verb.,,,193
mág’an,adj,adjective,,/ma-/,"light, trivial, cheerful.",,,193
mag’asáwa,n,noun,,,married couple.,,,193
mágka-,va,verbal affix,verbal,,designating possibility of a reciprocal action to happen.,Nagkadis-gústo si Razél kag si Teresíta.,Razel and Teresita had a misunderstanding.,193
mágpa-,va,verbal affix,verbal,,designating causation of action by the actor.,Gusto ni José mag-patahí’ sang pantalón.,Jose would like a pair of pants sewed for him. To go in the direction of. NagpaManíla’ akú. I went to Manila.,193
maǵpang-,va,verbal affix,verbal,,Magpanghilám’-us akú.,,I will wash my face.,193
maguláng,n,noun,,,"older sibling, older in age.",,166,193
mahál,adj,adjective,,,"expensive, dear, cherished.",,,194
mahímo,v,verb,,,"to be possible, to be feasible.",,,194
ma’ís,n,noun,,,corn.,,,194
malá,adj,adjective,,/ma-/,dry.,,,194
,v,verb,,/mag-/,"to become dry, to evaporate.",,,194
Nagmalá,na,noun formative,,,ang pantalún ku.,,My pants are already dry.,194
maléta,n,noun,,,"piece of baggage, luggage.",,,194
málu,v,verb,,/magpa-/,"to give an alarm, to crow as of cocks.",,,194
mán,pt,particle,,,"also, too.",Ma’áyu man.,"Fine, too.",194
mánang,n,noun,,,respect term for a lady older than the speaker.,,,194
mándo,n,noun,,,"command, announcement.",,,194
,v,verb,,"/mag-, -un/","to rule, to lead, to command, to announce.",Ginmándo sang tenyénte nga mag’ámlig sa kaláyu.,The lieutenant announced to be careful of the fire.,194
maného,v,verb,,"/mag-, -un/","to manipulate, to drive a car.",Nagmaného si Senén sang kótse.,Senen drove a car.,194
maní,n,noun,,,peanut.,,,194
manínay,n,noun,,,godmother.,,,194
mansánas,n,noun,,,apple.,,,194
mantíka’,n,noun,,,"cooking oil, shortening.",,,194
mantikílya,n,noun,,,butter.,,,194
mántil,n,noun,,,tablecloth.,,167,194
mántsa,n,noun,,,"stain, spot.",,,195
,v,verb,,"/mag-, -an/","to stain, to mark.",Nagmántsa ang dúga’ sang úbas sa báyu’ ku.,Grape juice stained my dress.,195
mántu’,n,noun,,,veil used by women in church.,,,195
manúk,n,noun,,,chicken.,,,195
manúg-,na,noun formative,,,noun formative affix designating a type of job or work.,Manugbúlung si Pédro.,Pedro is a doctor.,195
mán’ug,n,noun,,,"snake, serpent.",,,195
mánung,n,noun,,,respect term for men older than the speaker.,,,195
manyíka’,n,noun,,,doll.,,,195
1-mang-,va,verbal affix,,,active action affix usually designating plural or repeated action.,Manghulám akú sang líbro.,I will borrow books.,195
2-mang-,na,noun formative,,,noun formative affix designating type of job or profession.,Mangungúma si Cárlos.,Carlos is a farmer.,195
mangá,pt,particle,plural,,marker.,,,195
mángga,n,noun,,,mango.,,,195
mánggad,n,noun,,,"wealth, property.",,,195
,adj,adjective,,/-anun/,"rich, landed, wealthy.",,,195
mánghud,n,noun,,,"younger sibling, term used for people younger in age than the speaker.",,,195
mangín,va,verbal affix,,,"to become, to be like.",Mangín presidénte ang táwung iná’.,That man will become a president. 168,195
mangingísda’,n,noun,,,fisherman.,,,196
mangú’,adj,adjective,,,"unlettered, ignorant.",,,196
mangungúma,n,noun,,,farmer.,,,196
mápa,n,noun,,,map.,,,196
marásmas,v,verb,,/mag-/,to become wide awake.,,,196
márka,n,noun,,,"brand, mark, label.",,,196
marinéro,n,noun,,,sailor.,,,196
mármul,n,noun,,,marble.,,,196
Márso,n,noun,,,March.,,,196
Mártes,n,noun,,,Tuesday.,,,196
martílyu,n,noun,,,hammer.,,,196
martír,n,noun,,,martyr.,,,196
mártsa,n,noun,,,"march, drill practice.",,,196
,v,verb,,/mag-/,"to march, to drill.",,,196
maskará,n,noun,,,mask.,,,196
,v,verb,,/mag-/,to wear a mask.,,,196
máskin,con,conjunction,,,"even if, even though, as long as.",,,196
masyádo,adv,adverb,,,"too much, in excess.",,,196
mata,n,noun,,,eye.,,,196
,v,verb,,/mag-/,to awaken.,,,196
matadéro,n,noun,,,butcher.,,,196
matárung,n,noun,,,"reason, cause.",,169,196
,adj,adjective,,,reasonable.,,,197
matáy,v,verb,,/ma-/,"to die, to pass away.",Namatáy si Lálo.,Grandfather died.,197
ma’úl,adj,adjective,,,numb.,,,197
,v,verb,,/ma-/,to become numb.,Nama’úl ang ti’íl ku.,My foot became numb.,197
may-,aa,adjective formative,adjective,,formative affix designating possession of the quality stated.,May’edád.,,197
,na,noun formative,,,si Ramóna.,,Ramona is already old.,197
may,v,verb,,,"to have, the existence of something, to be in existence.",May ára’ akúng lápis.,I have a pencil.,197
máya,n,noun,,,wren.,,,197
mayád,adj,adjective,,,"good, fine, well.",,,197
,v,verb,,/mag-/,"to become well, to recover from being sick, to get well, to improve.",,,197
Nagmáyad,na,noun formative,,,si Carméla.,,Carmela is already well.,197
Máyo,n,noun,,,May.,,,197
mayór,n,noun,,,mayor of a town or city.,,,197
mayordómo,n,noun,,,"butler, official of a ship.",,,197
medálya,n,noun,,,medal.,,,197
medikó,n,noun,,,doctor.,,,197
médya,n,noun,,,half.,,,197
médyas,n,noun,,,"socks, stocking.",,,197
mensáhe,n,noun,,/-ero/,message.;  messenger.,,170,197
merkádo,n,noun,,,open market.,,,198
mestisílya,n,noun,,,female half-breed.,,,198
mestíso,n,noun,,,"half-breed, male half-breed.",,,198
métro,n,noun,,,meter.,,,198
mikániko,n,noun,,,machinist.,,,198
mikróbyo,n,noun,,,"germ, microbe.",,,198
míl,num,numeral,,,thousand.,,,198
milágru,n,noun,,,miracle.,,,198
,v,verb,,/mag-/,to perform a miracle.,,,198
mílya,n,noun,,,mile.,,,198
milyún,num,numeral,,,million.,,,198
,n,noun,,/-aryo/,millionaire.,,,198
mína,n,noun,,,"mineral mine, land mine.",,,198
minístro,n,noun,,,"minister, preacher.",,,198
mínus,adv,adverb,,,"before, less, of time.",Mínus tres pára alás dos.,It is three minutes before two.,198
,v,verb,,"/mag-, -an/","to take out, to decrease, to make smaller.",Nagmínus ang bilí sang aẃto.,The price of the car decreased.,198
minútu,n,noun,,,"of time, minute.",,,198
míngaw,n,noun,,/ka-/,"loneliness, anguish.",,,198
,adj,adjective,,/ma-/,"lonely, cheerless.",,,198
,v,verb,,/-un/,"to feel lonely, to feel distressed, Ginmingáw akú kahápun.",,I felt lonely yesterday. 171,198
mísa,n,noun,,,Roman Catholic mass.,,,199
,v,verb,,/mag-/,to say mass.,Nagmísa si Pádre Déver.,Father Dever said mass.,199
misyonéro,n,noun,,,missionary.,,,199
mítlang,v,verb,,/ma-/,"to say, to mention.",Namítlang ku ang ngálan mu.,I mentioned your name.,199
miyád,adj,adjective,,,"fine, good, well.",Variant of mayád.,,199
motór,n,noun,,,"motor, machine.",,,199
,adj,adjective,,/de/,motorized.,,,199
motorsíklo,n,noun,,,motorcycle.,,,199
mu,pr,pronoun,,,"short form of nímu, second person post-position source pronoun.",,,199
,pt,particle,,,particle expressing affirmation of the statement of which it is the last word.,Amú gid iní mu.,"This is it, you know.",199
mú’ad,v,verb,,"/mag-, -un/","to augment, to increase, to multiply.",Nagmú’-ad ang íla mánggad.,Their wealth increased.,199
múklat,v,verb,,"/mag-, -un/",to open one’s eyes in waking.,Nagmúklat ang matá ni Juán. Juan’s eyes opened.,,199
múda,n,noun,,,"mode, fashion.",,,199
,v,verb,,"/mag-, -un/",to become the fashion.,,,199
mugún,v,verb,,/magpa-/,"to work for a daily wage, to earn.",Nagpamugún ang Tátay ku sa kafetérya.,My Father worked in the cafeteria. 172,199
múg’ut,v,verb,,/ma-/,"to do something with violence, to have a grudge for.",Namúg’ut si María kay José.,Maria held a grudge for Jose.,200
mulálung,v,verb,,/mag-; ma-/,to see or perceive clearly.,,,200
muléstya,n,noun,,,"bother, trouble.",,,200
,v,verb,,"/mag-, -un/","to bother, to molest, to cause trouble, to request.",,,200
múlta,n,noun,,,"fine, penalty.",,,200
,v,verb,,"/mag-, -an/","to impose a fine, to be fined.",Ginmultahán si Gabriél sang $5.00.,Gabriel was fined $5.00.,200
munisípyo,n,noun,,,"municipal town hall, municipal office building.",,,200
múnu,con,conjunction,,,"said, according to, quoting particle.","Ma’áyu iná”, múnu ni Juán. “That’s good”, said Juan.",,200
,v,verb,,"/mag-, -un/","to mention, to murmur, to say.",Nagmúnu si Nánay nga makádtu kunú sya sa bángko.,Mother said something about going to the bank.,200
mungá’,n,noun,,,"hen, female chicken.",,,200
múngha,n,noun,,,"monk, isolated nun.",,,200
murahág,adj,adjective,,,"pop-eyed, red-eyed.",,,200
múrto,n,noun,,,"ghost, spirit, apparition.",,,200
muskitéro,n,noun,,,mosquito net.,,,200
muskobádo,n,noun,,,"unrefined sugar, brown sugar.",,,200
músika,n,noun,,,music.,,173,200
músing,v,verb,,"/ma-…-an, -an/","to disgrace, to taint.",Ginmusingán niya ang íya dungúg.,He disgraced himself.,201
músmus,adj,adjective,,,"poor, just, only.",,,201
mutsátso,n,noun,,,"man servant, paid male servant in the house.",,,201
mutún,n,noun,,,pulley.,,,201
mútya’,n,noun,,,pearl.,,,201
mwéstra,n,noun,,,"sample, model.",,,201
myémbro,n,noun,,,member.,,,201
Myerkolés,n,noun,,,Wednesday.,,174,201
,n,noun,,,,,,202
na,pt,particle,,,"already, still, yet.",Alás dos na. It is already two o’clock.,,202
na-,va,verbal affix,,/gina-/,variant of ; completed action affix for the /ma-/ verb in optative mode.,Nakúha’ nilá ang prémyo.,They won the prize.,202
na’,d,deictic,,,"that, from iná’.",,,202
na-…-an,va,verbal affix,,/ma-…-an/,conditional completed action affix of the  verb.,Nakadtu’án na ni Lucílle ang Ameriká.,Lucille has been to America already.,202
nábaw,adj,adjective,,/ma-/,shallow.,,,202
naká-,va,verbal affix,,/maka-/,conditional completed action affix of the  verb.,Nakasulát na akú.,I have written already.,202
nákun,pr,pronoun,,,"my, mine, (first person singular post-position source pronoun).",,,202
nag-,va,verbal affix,,/mag-/,completed action affix of the  verb.,Nagdalágan akú.,I am running. -nal numa numeral affix designating regular occurrence in a span of time. Kinsénal ang swéldo námun. We get our salary every fifteen days.,202
naláng,pt,particle,,,"only, just, a limiting particle.",,,202
námit,adj,adjective,,/ma-/,delicious.,,,202
námun,pr,pronoun,,,"our, ours (first person plural exclusive post-position pronoun).",,175,202
,n,noun,,,,,,203
nanám,adj,adjective,,/ma-/,"delicious, tasty, spicy.",,,203
nánay,n,noun,,,"mother, respect form for older aunts or older ladies in the family.",,,203
nánday,pt,particle,plural,,post-position personal name marker.,Baláy nánday Cárlos iná’. That’s the house of Carlos (and others).; plural non-focused personal name marker. Ginhulám nánday Cárlos kag María ang mangá líbro.,"Carlos, Maria (and others) borrowed books.",203
nánu,pr,pronoun,,,variant of anu.,,,203
nangín,va,verbal affix,,,"became, was in the state of.",Nangín milyonáryo si José.,Jose became a millionaire.,203
napúlu’,num,numeral,,,ten.,napúlug- numa numeral affix designating the teens. Napúlugsiyám ang mangá líbro sa lamésa.,There are nineteen books on the table.,203
naranghíta,n,noun,,,nectarine.,,,203
nárs,n,noun,,,nurse.,,,203
nátun,pr,pronoun,,,"our, ours (first person plural inclusive post-position source pronoun).",,,203
ná’ug,v,verb,,/ma-/,"to go down, to descend.",Naná’ug akú.,I went down.,203
nawúng,n,noun,,,"countenance, face.",,,203
Nay,n,noun,,,variant of Nánay.,,,203
nayánáya,adj,adjective,,/ma-/,"elegant, well-dressed.",,,203
náyun,adv,adverb,,,"beyond, over there.",,,203
nayún,n,noun,,,"of pig, sow.",,176,203
negósyo,n,noun,,/-ante/,"small business, business.;  merchant.",,,204
,v,verb,,"/mag-, -un/","to do business, to be in business.",,,204
Néne’,n,noun,,,endearment term for young girls or the eldest girl in the family.,,,204
nérbyos,n,noun,,,"nervousness, anxiety.",,,204
,adj,adjective,,/-oso/,"nervous, edgy, anxious.",,,204
,v,verb,,/-un/,"to be anxious, to be nervous.",Ginérbyos akú sang lupúk.,I was nervous because of the bursting sound.,204
ni,d,deictic,,,"this, from iní.",,,204
,pt,particle,singular,,personal name post-position marker.,Baláy ni Mr. Cruz iná’.,That is the house of Mr. Cruz.; singular non-focused personal name marker. Ginbakál ni Mr. Cruz ang líbro. Mr. Cruz bought the book.,204
nígru,n,noun,,,"negro, black-complexioned person.",,,204
níla,pr,pronoun,,,their (third person plural post-position source pronoun).,,,204
nílag,v,verb,,"/ma-, -an/","to observe closely, to eavesdrop, to be on the watch surreptitiously.",Ginpanilágan ku kun anú ang ímu buhátun.,I observed what you were going to do.,204
nímu,pr,pronoun,,,your (second person singular post-position source pronoun).,,,204
nínyu,pr,pronoun,,,your (second person plural post-position source pronoun).,,,204
nípa,n,noun,,,"nipa palm, swampy palm.",,,204
nipiś,adj,adjective,,/ma-/,"thin, reduced in volume.",,177,204
,n,noun,,,,,,205
,v,verb,,"/mag-, -un/","to be thinner, to reduce in volume or thickness.",,,205
nipúlun,adj,adjective,,/ma-/,"round, circular, spherical.",,,205
níwang,adj,adjective,,/ma-/,"lean, thin, of animals and people.",,,205
,v,verb,,/mag-/,"to reduce in weight, to become thinner.",Nagníwang si Asunción.,Asuncion lost weight.,205
níya,pr,pronoun,,,"her, his, its (third person singular post-position source pronoun).",,,205
niyúg,n,noun,,,coconut.,,,205
nobéla,n,noun,,,novel.,,,205
Nobyémbre,n,noun,,,November.,,,205
nóbyo,n,noun,,,"sweetheart, groom.",,,205
Nónong,n,noun,,,"endearment term for young boys, especially the second oldest in the family.",,,205
Nónoy,n,noun,,,"endearment term for young boys, especially the youngest in the family.",,,205
nú,pr,pronoun,,,tag question word from anú.,,,205
nubú’,adj,adjective,,/ma-/,short in height.,,,205
número,n,noun,,,number.,,,205
núsnus,v,verb,,"/mag-, -un/",to rub hard.,Ginúsnus ku ang trápo sa salúg.,I rubbed the rag on the floor.,205
nwébe,num,numeral,,,nine.,,,205
nyébe,n,noun,,,snow.,,178,205
nga,pt,particle,,,modifier connector.,Nagbakál si Élsa sang itúm nga báyu’.,Elsa bought a black dress.,206
ngá’a,adv,adverb,,,why.,,,206
ngálan,n,noun,,,name.,,,206
ngásal,v,verb,,"/mag-, -un/","to chatter, to talk boisterously.",Nagngásal si María sang di’ ma’áyu.,Maria chattered nonsense.,206
ngáwa,n,noun,,,"surprise, apprehension.",,,206
,v,verb,,/mang-/,"to be surprised, to shrink from, to be afraid of.",Nangáwa si Nína magsakáy sa kabáyu’.,Nina was afraid to ride the horse.,206
ngídlis,v,verb,,/mang-/,"to be horrified, to feel uncomfortable with, to be unpleasant or disagreeable.",Nangídlis akú.,I was horrified.,206
ngíl’ad,v,verb,,/mang-/,"to loathe, to be sickened, to disgust.",Nangíl’-ad si María kay Gloría.,Maria was disgusted with Gloria.,206
ngípun,n,noun,,,tooth.,,,206
ngísi,n,noun,,,"grin, giggle.",,,206
,v,verb,,/mag-/,"to grin, to giggle.",,,206
ngíslu’,n,noun,,,"of the mouth, gum.",,,206
ngúrab,v,verb,,"/mag-, -un/","to murmur, to complain to oneself.",Nagngúrab si Cármen.,Carmen complained to herself.,206
ngúrub,n,noun,,,"frown, roar, growl.",,179,206
,v,verb,,/mag-/,"to snarl, to growl, to frown.",Nagngúrub ang idú’ sa táwu.,The dog growled at the man.,207
ngútngut,v,verb,,/mag-/,"to be painful, to feel a sharp pain, to ache.",Nagngútngut ang ngípun ku.,My tooth aches. 180,207
o,con,conjunction,,,or.,,,208
,pt,particle,,,"okay, oh.",,,208
obíspo,n,noun,,,bishop.,,,208
okupádo,adj,adjective,,,"busy, occupied.",,,208
ónse,num,numeral,,,eleven.,,,208
operá,v,verb,,"/mag-, -an/","to operate, to be operated on.",Gin’operahán si Vída.,,208
opisína,n,noun,,,office.,,,208
opisyál,n,noun,,,official.,,,208
óras,n,noun,,/-an/,"time;  clock, watch, time piece.",,,208
orasyón,n,noun,,,"angelus, toll of bells come six o’clock in the afternoon.",,,208
órden,n,noun,,,cincture of priests on the head.,,,208
,v,verb,,"/mag-, -an/","to ordain, to bestow the cincture, so as to become a priest.",,,208
ordináryo,adj,adjective,,,"common, ordinary.",,,208
órgano,n,noun,,,organ.,,,208
ospitál,n,noun,,,hospital.,,,208
osyóso,adj,adjective,,,"curious, nosy.",,,208
otél,n,noun,,,hotel.,,,208
otsénta,num,numeral,,,eighty.,,181,208
ótso,num,numeral,,,eight.,,,209
óbra,n,noun,,,"work, job, assignment.",,,209
,v,verb,,"/mag-, -un/","to work, to do a job.",,182,209
pa,pt,particle,,,"still, yet.",,,210
1-pa-,va,verbal affix,,,to move in the direction of.,PaManíla’ ka?.,Will you go to Manila?.,210
2-pa-,na,noun formative,,,noun formative affix used with verbs.,Ma’áyu iná’ nga pa’ági.,That seems to be a good method.,210
-pa-,va,verbal affix,verbal,,"designating causation of action, meaning to allow to happen, to make possible, to happen.",Pahulamá akú sang lápis.,Please let me borrow a pencil.; variant of 1-pa-. NagpaManíla’ si Níta. Nita went to Manila.,210
pá’a,n,noun,,,thigh.,,,210
pa’álam,v,verb,,"/mag-, -an/","to warn, to tell beforehand.",,,210
pa’ánu,adv,adverb,,,how.,,,210
pa’ayún,v,verb,,"/mag-, -un/","to go towards, to make for, to point at.",Ginpa’ayún ku ang rebólber sa íya.,I pointed the gun at him.,210
paboríto,n,noun,,,favorite.,,,210
,adj,adjective,,,favorite.,,,210
pábrika,n,noun,,,factory.,,,210
pábu,n,noun,,,turkey.,,,210
paká’,n,noun,,,frog.,,,210
paka’isá,n,noun,,,first degree cousin.,,183,210
pakarás,v,verb,,"/mag-, -un/",to harrow.,Nagpakarás akú sang talámnan.,I harrowed the field.,211
pákaw,n,noun,,,"hilt, handle.",,,211
pakéte,n,noun,,,"pack, package.",,,211
páklang,n,noun,,,"stem, branch.",,,211
pákpak,n,noun,,,"feather, wing.",,,211
,v,verb,,"/mag-, -un/",to beat off as to brush off dust or ants from a dress.,,,211
pákris,n,noun,,,bruise.,,,211
páksi’,v,verb,,"/mag-, -un/","to tear off from something, to take out from a book, to pluck off a flower.",Ginpáksi’ ku ang búlak.,I plucked the flower.,211
pakú’,n,noun,,,sleeve.,,,211
pakút,n,noun,,,"guess, venture.",,,211
,v,verb,,"/mag-, -un/","to venture a guess, to guess.",Ginpakút ku ang sabát.,I guessed the answer.,211
pákyaw,adj,adjective,,,"wholesale, in bulk.",,,211
padalá,n,noun,,,"thing sent, package sent.",,,211
,v,verb,,"/mag-, -un/",to send.,Nagpadalá akú sang sulát.,I sent a letter.,211
padáyun,v,verb,,"/mag-, -un/","to go onward, to continue.",Nagpadáyun si Noél sa pagtu’ún.,Noel continued his studies.,211
padér,n,noun,,,concrete wall.,,184,211
padíhut,v,verb,,"/mag-, -un/","to contrive, to perform, to set up, to organize.",Ginpadíhut sang Máyor ang pyésta.,The Mayor organized the fiesta.,212
padúgi’,v,verb,,"/mag-, -un/","to manage, to find a way, to contrive.",Ginpadúgi’ ni Sebastián sang ma’áyu ang íla negósyo.,Sebastian managed their business very well.,212
padúlung,v,verb,,/mag-/,"to go to, to go in the direction of, to head for.",Nagpadúlung si Ricárdo sa Iloílo.,Ricardo was headed for Iloilo.,212
pádya’,n,noun,,,"prize, reward.",,,212
1-pag-,va,verbal affix,imperative,,actor focus affix.,Pagbakál sang bulúng.,Buy some medicine.,212
2-pag-,na,noun formative,,,noun formative affix when used with verbs.,Ma’áyu ang íya paghámbal.,His speech was good.,212
pagáno,n,noun,,,"heathen, pagan.",,,212
1-pagka-,va,verbal affix,,,"immediately after, following, verbal affix designating action completed before another action.","Pagkatápus sya maghámbal, naglíngkud sya.",He sat down after speaking.,212
2-pagka-,na,noun formative,,,"noun formative affix designating state of being, manner of being.",Ang íya pagkatámad ang nagdalá sang kasubú’.,His laziness brought him sadness.,212
pagká’un,n,noun,,,food.,,,212
págsik,adj,adjective,,/ma-/,"brisk, active, enthusiastic.",,,212
pág’un,adj,adjective,,/ma-/,"strong, durable, firm, solid.",,185,212
págut,v,verb,,"/mag-, -un/","to rave, to be furious, to gnash the teeth while asleep.",Nagpágut si Éster kagáb’i.,Ester gnashed her teeth last night.,213
páha,n,noun,,,"belt, waist band.",,,213
páhid,v,verb,,"/mag-, -un/","to wipe clean, to wipe away, to dry with a cloth.",Nagpáhid si Rosíta sang íya ti’íl.,Rosita wiped her feet.,213
pahítu’,n,noun,,,"technique, procedure, way, means.",,,213
,v,verb,,"/mag-, -un/","to do, to find a way, to scheme, to process.",Ginpahítu’ mu nga makalakát ka gid bwas.,You found a way so you can leave tomorrow.,213
páhu’,n,noun,,,mango.,,,213
páhug,v,verb,,/-un/,"to frighten, to tease.",Ginpahúg ni Noél si Susána.,Noel frightened Susana.,213
pahulám,v,verb,,"/mag-, -un/","to lend, to let.",Ginpahulám ku ang líbro.,I lent the book.,213
pahúway,n,noun,,,"rest, relaxation.",,,213
,v,verb,,/mag-/,"to rest, to relax.",Nagpahúway ang mangungúma sa idálum sang káhuy.,The farmer rested under the shade of the tree.,213
pa’ílub,v,verb,,/mag-/,"to bear patiently or humbly, to give way, to give the chance to others.",Nagpa’-ílub si Mára kay Yolánda.,Mara gave the chance to Yolanda.,213
pa’ínu’ínu,n,noun,,,"thought, idea.",,,213
,v,verb,,"/mag-, -un/","to think, to have the idea of.",Nagpa’ínu’ínu si Senén nga makádtu sa Mindanáo.,Senen thought of going to Mindanao. 186,213
pa’ít,n,noun,,/ka-/,bitterness.,,,214
,adj,adjective,,/ma-/,bitter.,,,214
pa’íway,v,verb,,/mag-/,"to repel, to avoid, to be careful of.",Nagpa’íway si Nánay sa disgrásya.,Mother was very careful not to get into an accident.,214
pála,n,noun,,,"shovel, spade.",,,214
pála’,v,verb,,"/mag-, -un/","to erase with an eraser, to wipe out.",Ginpála ku ang sulát.,I erased the writing.,214
pala-,aa,adjective formative,adjective,,formative affix designating habitual state of being or repeated action.,Palahúbug iná’ nga táwu.,That man is a drunkard.,214
palákpak,n,noun,,,clapping of the hands.,,,214
,v,verb,,"/mag-, -un/",to clap the hands.,,,214
palaktakún,n,noun,,,"riddle, problem.",,,214
pálad,n,noun,,,"fate, palm.",,,214
palamanúg,v,verb,,"/mag-, -un/","to swell, to have black and blue marks.",Nagpalamanúg ang ti’íl ku.,My foot swelled.,214
palangána,n,noun,,,basin.,,,214
palángga’,n,noun,,,"beloved, sweetheart, favorite.",,,214
,v,verb,,/-un/,"to love, to care for.",Ginpalángga’ ku ang báta’ ku.,I cared for my child.,214
pálapála,n,noun,,,trellis.,,,214
palasárun,n,noun,,,"project, plan.",,,214
palásyu,n,noun,,,palace.,,187,214
pálay,n,noun,,,rice plant.,,,215
paláyas,n,noun,,,awning.,,,215
pálhit,v,verb,,"/mag-, -un/","to smear over, to plaster on to.",Nagpálhit ang píntor sang pínta sa díngding.,The painter painted the wall.,215
palíbut,adv,adverb,,,around.,,,215
pálid,v,verb,,/-un/,to be blown away.,Ginpálid sang hángin ang papél.,The wind blew the paper away.,215
paligu’,v,verb,,/mag-/,see ligu’.,,,215
palíhug,v,verb,,,to please.,,,215
palítu,n,noun,,,tooth pick.,,,215
pálpag,v,verb,,"/mag-, -un/","to strike or hit with something, to drive a nail.",Ginpálpag ku ang lánsang.,I drove the nail.,215
pálsu,v,verb,,/mag-/,"to fail, to disappoint, to be unsuccessful.",Nagpálsu ang plánu námun.,Our plan failed.,215
pálta,v,verb,,/mag-/,to be absent.,Nagpálta si Victória sa kláse.,Victoria was absent in class.,215
paltéra,n,noun,,,midwife.,,,215
pálu,n,noun,,,masthead of a ship.,,,215
pálung,v,verb,,/-un/,"to put out, to extinguish, to blow out.",Ginpálung ku ang kaláyu.,I extinguished the fire.,215
palús,v,verb,,/ma-/,"to slip off, to free from grip.",Napalús ang higút.,The knot slipped off.,215
pamáhaw,n,noun,,,"breakfast, snack.",,188,215
,v,verb,,"/mag-, -un/","to eat breakfast, to eat a snack.",,,216
pamalándung,v,verb,,"/mag-, -un/","to meditate, to contemplate.",Nagpamalándung ang tigúlang sa simbáhan.,The old woman meditated in church.,216
pamantalá’an,n,noun,,,newspaper.,,,216
pamángkut,n,noun,,,question.,,,216
,v,verb,,"/mag-, -un/",to ask a question.,,,216
pamatán’un,n,noun,,,youth.,,,216
památbat,v,verb,,"/mag-, -un/","to speak with authority, to lead a group in prayer, to sentence as a judge.",Ginpamatbatán ang kriminál sang tátlu ka tú’ig sa prisohán.,The criminal was sentenced to three years in prison.,216
památi’,v,verb,,"/mag-, -an/",to listen.,,,216
pamugún,v,verb,,/mag-/,"to earn, to work at a job.",Nagpamugún akú sa Maníla’.,I worked in Manila.,216
pamulúgsu’,v,verb,,/mag-/,to gesticulate wildly and talk angrily.,Nagpamulúgsu’ si Tátay sa ámun.,Father was furiously angry at us.,216
pamús’un,v,verb,,"/mag-, -un/",to move the bowels.,,,216
paná’,n,noun,,,"arrow, bow.",,,216
panákut,n,noun,,,"ingredients, spice.",,,216
panakáyun,v,verb,,/mag-/,"to sail, to take the boat.",Nagpanakáyun silá paCebú.,They sailed for Cebu.,216
panaderíya,n,noun,,,bakery.,,189,216
panag’íya,v,verb,,"/mag-, -un/","to own, to acquire, to obtain.",Nagpanag’íya silá sang madámu’ nga baláy.,They owned so many houses.,217
panagsarí’,n,noun,,,predicate.,,,217
panahún,n,noun,,,"weather, climate.",,,217
panálgan,n,noun,,,storey.,,,217
panambítun,v,verb,,/mag-/,"to sigh, to mourn, to cry.",Nagpanambítun silá sa íla Lólo.,They mourned for their grandfather.,217
panámkun,v,verb,,"/mag-, -un/","to conceive, to crave for something while conceiving.",Nagpanámkun si Nánay sang páhu’.,Mother craved for mango.,217
pananglítan,con,conjunction,,,"supposing, in case, if.",,,217
panáptun,n,noun,,,cloth.,,,217
pánas,v,verb,,"/mag-, -un/","to rub off, to erase, to wipe out.",Ginpánas ku ang pisára.,I wiped the board.,217
paná’ug,v,verb,,"/mag-, -un/","to go down, to go downstairs.",Nagpaná’ug si Albérto ka’ína.,Alberto went down a while ago.,217
panihúl,n,noun,,,whistle.,,,217
,v,verb,,"/mag-, -an/","to whistle, to be whistled at.",Nagpanihúl si Mário.,Mario whistled.,217
paní’id,n,noun,,,"experience, observation.",,,217
,v,verb,,/mag-/,"to observe, to experience.",,,217
panílag,v,verb,,"/mag-, -an/","to watch, to scout, to observe surreptitiously.",Nagpanílag ang principál sa mangá estudyánte.,The principal observed the students. 190,217
pánit,n,noun,,,"skin, leather, bark.",,,218
,v,verb,,"/mag-, -an/","to skin, to peel off.",Nagpánit akú sang patátas.,I peeled a potato.,218
pani’údtu,n,noun,,,lunch.,,,218
,v,verb,,"/mag-, -un/",to eat lunch.,Nagpani’údtu akú sa baláy.,I had lunch at home.,218
pánsit,n,noun,,,cooked noodles with mixed vegetables and dumplings.,,,218
pantalón,n,noun,,,pair of pants.,,,218
pantálya,n,noun,,,dummy.,,,218
panúgyan,n,noun,,,"suggestion, recommendation.",,,218
panuláy,n,noun,,,"evil, devil, temptation.",,,218
panyága,n,noun,,,lunch.,,,218
,v,verb,,"/mag-, -un/",to eat lunch.,Nagpanyága kamí sa kafetérya.,We had lunch at the cafeteria.,218
panyápun,n,noun,,,"supper, dinner.",,,218
,v,verb,,"/mag-, -un/","to eat supper, to dine.",,,218
pányu’,n,noun,,,handkerchief.,,,218
1-pang-,va,verbal affix,,,frequent or repeated action affix of goal focus imperative mode.,Panghúgas sang ímu kamút.,Wash your hands.,218
2-pang-,na,noun formative,,,noun formative affix used to designate something used repeatedly.,Pulá ang íyang pang’ibábaw.,Her blouse is red.,218
-pang-,va,verbal affix,plural,,action affix.,Nagpanglabá ang labandéra.,The laundrywoman washed clothes. 191,218
pang-…-un,va,verbal affix,verbal,,Ginpangumústa akú ni Presidénte Márcos.,,President Marcos shook my hand.,219
pangabáy,v,verb,,"/mag-, -un/","to request, to ask a favor.",Nagpangabáy si Élsa nga magpadalá sang líbro kay Gil.,Elsa requested (someone) to bring a book to Gil.,219
pangabúdlay,n,noun,,,"effort, hard work.",,,219
,v,verb,,"/mag-, -un/","to work hard, to try to accomplish, to put effort into.",Nagpangabúdlay si José pára makatapus sang pagtu’ún.,Jose worked hard so he can finish his studies.,219
pangabúhi’,n,noun,,,"life, way of life.",,,219
pangáku’,n,noun,,,"promise, oath, sworn statement.",,,219
,v,verb,,"/mag-, -un/","to swear, to promise, to commit.",Nagpangáku’ si Ernésto nga índi’.,,219
,na,noun formative,,,magliwát.,,Ernesto promised that he will not do it again.,219
pangádyi’,n,noun,,,"prayer, meditation.",,,219
,v,verb,,"/mag-, -un/","to pray, to meditate, to contemplate.",,,219
pangamúyu’,n,noun,,,"prayer, supplication.",,,219
,v,verb,,"/mag-, -un/","to pray, to supplicate, to entreat God.",,,219
pangánud,n,noun,,,cloud.,,,219
pangáyaw,v,verb,,/mag-/,"to migrate, to transfer to a place temporarily, to move to a new place.",Nagpangáyaw silá sa Cebú.,They moved to Cebu. 192,219
pangáyu’,n,noun,,,"request, demand, thing asked for.",,,220
,v,verb,,"/mag-, -un/","to ask, to request, to demand.",Ginpangáyu’ ku ang matahúm nga búlak.,I asked for the beautiful flower.,220
pánggas,v,verb,,"/mag-, -un/","to sow, to plant seeds by hand.",Nagpánggas akú sang ma’ís.,I sowed corn seeds.,220
panginhásun,n,noun,,,"sea shell, clam.",,,220
pangíta’,n,noun,,,"wage, earnings.",,,220
,v,verb,,"/mag-, -un/","to look for, to search.",,,220
pángpang,n,noun,,,"brink, edge, coast, area close to a river or sea.",,,220
pangúlu,n,noun,,,"president, chief, leader.",,,220
pápa,n,noun,,,Roman Catholic pope.,,,220
papá,n,noun,,,father.,,,220
pá’pa’,v,verb,,"/mag-, -un/","to hammer, to strike a nail.",Ginpá’pa’ ku ang lánsang.,I hammered the nail.,220
pápas,v,verb,,"/mag-, -un/","to exterminate, to destroy.",Nagpápas akú sang úlud sa talámnan.,I exterminated worms in the field.,220
papél,n,noun,,,paper.,,,220
pára,con,conjunction,,,for.,,,220
parakáyda,n,noun,,,parachute.,pára kay pr for whom. sín’u,,220
paráda,n,noun,,,"parade, parking.",,193,220
,v,verb,,"/mag-, -un/","to hold a parade, to park a vehicle.",,,221
para’ísu,n,noun,,,paradise.,,,221
paralísis,n,noun,,,"paralysis, loss of sensation on any part of the body.",,,221
paralítiku,n,noun,,,"paralytic, crippled person.",,,221
párapu,n,noun,,,paragraph.,,,221
parého,adv,adverb,,,"same, similarly.",,,221
,v,verb,,/mag-/,"to be the same, to be similar.",Nagparého ang báyu’ nátun.,Our dresses are alike.,221
pári’,n,noun,,,"priest, minister, preacher.",,,221
parílya,n,noun,,,broiling grill.,,,221
páris,n,noun,,,"pair, look-alike.",,,221
parmásya,n,noun,,,"pharmacy, drug store.",,,221
parmasyotika,n,noun,,,pharmacist.,,,221
párti,n,noun,,,"part, division, piece.",,,221
,adv,adverb,,,"about, in relation to.",Naghámbal kamí párti sa kláse.,We talked about the class.,221
partído,n,noun,,,political party.,,,221
parúl,n,noun,,,"lantern, Christmas lanterns.",,,221
parút,v,verb,,/mag-/,to miss a card in gambling.,Nagparút ang ákun baráha.,My cards are missing.,221
paryénte,n,noun,,,"relative, cousin.",,,221
pasák,n,noun,,,fern.,,194,221
pásad,v,verb,,"/mag-, -un/","to establish, to erect, to put up.",Nagpásad silá sang eskwelahán sa bánwa.,They established a new school in town.,222
pasagí’,adj,adjective,,,simple.,,,222
pasáhe,n,noun,,/-ero/,"passage, trip.;  passenger.",,,222
pasamáno,n,noun,,,window sill.,,,222
pás’an,v,verb,,"/mag-, -un/","to bear on the shoulder, to carry on the shoulder.",Nagpás’an akú sang ísa ka búlig nga ságing.,I carried one bunch of bananas on my shoulder.,222
pasápása,v,verb,,"/mag-, -un/",to pass on from one hand to another.,Gin-pasápása nilá ang líbro.,They passed the book around.,222
pasapórte,n,noun,,,passport.,,,222
pasár,v,verb,,"/mag-, -un/","to pass through, to be over, to go by.",Nagpasár na ang bágyu.,The typhoon is over.,222
pasáw,n,noun,,,croton plant.,,,222
pasáy,v,verb,,/-un/,to eat the main meat course without rice.,Ginpasáy ku ang súd’an.,I ate the meat alone.,222
pasáylu,v,verb,,"/mag-, -un/","to forgive, to excuse.",Ginpasáylu ku si Lucílle.,I forgave Lucille.,222
paskíl,n,noun,,,"placard, billboard.",,,222
páskwa,n,noun,,,Christmas.,,,222
pasénsya,n,noun,,,"forgiveness, excuse.",,,222
,v,verb,,"/mag-, -un/","to forgive, to excuse.",Nagpasénsya akú kay Mr. Réyes.,I asked for forgiveness from Mr. Reyes. 195,222
pasílyo,n,noun,,,"aisle, corridor.",,,223
pasimpálad,v,verb,,"/mag-, -un/","to take the risk, to chance it.",Nagpasimpálad akú nga ára’ ang direktór.,I took the chance of seeing the director (without knowing if he is in or not).,223
pásis,n,noun,,,free pass.,,,223
páslaw,v,verb,,/-un; -an/,"to be caught red-handed, to fail, to lose.",Ginpaslawán si Pilíta sa íya negósyo.,Pilita was unsuccessful in her business venture.,223
páspas,v,verb,,"/mag-, -un/","to cut down as of trees, to fell many trees.",Nagpáspas ang táwu sang káhuy sa búkid.,The man cut down many trees in the mountain.,223
pásta,n,noun,,,"paste, tooth filling.",,,223
,v,verb,,"/mag-, -an/","to paste on, to fill a tooth cavity.",Ginpastahán ang ngípun ku.,My tooth was filled.,223
pastór,n,noun,,,"shepherd, parish priest.",,,223
pásu’,n,noun,,,"burn, scorch on a person’s skin.",,,223
,v,verb,,/ma-/,"to get burned, to get scorched.",Napásu’ ang kamút ku.,My hand got burned.,223
pasulábi,v,verb,,"/mag-, -un/","to prefer, to esteem, to give priority.",Ginpasulábi ni José si Nóra.,Jose gave priority to Nora.,223
pásung,n,noun,,,native sack of woven palm leaves with the volume content of one cavan.,,,223
pásyar,n,noun,,,"stroll, walk.",,196,223
,v,verb,,"/mag-, -an/","to take a walk, to stroll.",Nagpásyar akú sa báybay.,I walked along the beach.,224
pasyénte,n,noun,,,sick patient.,,,224
patadyúng,n,noun,,,native wrap-around skirt.,,,224
pátag,adj,adjective,,,"of land, plain, even, level.",,,224
patáni’,n,noun,,,pea pod.,,,224
patarásak,adj,adjective,,,eccentric.,,,224
pátas,adv,adverb,,,"equally, evenly.",,,224
,v,verb,,/mag-/,"to come out equal, to result in a tie.",Nagpátas ang decisyón sang mangá huwés sang pag’índis’índis.,The judges came up with a tie in their decision for the contest.,224
patáwad,n,noun,,,"excuse, clemency, pardon.",,,224
,v,verb,,"/mag-, -un/","to give clemency, to pardon, to forgive, to excuse.",,,224
patáy,n,noun,,/ka-…-un/,"dead person, dead plant or animal, corpse.;  death.",,,224
,v,verb,,"/mag-, -un/","to kill, to put to death.",,,224
páti,v,verb,,"/mag-, -an/","to believe, to obey, to be convinced.",Nagpáti si Néna sa ákun.,Nena believed me.,224
patí’,adv,adverb,,,"including, also, with, together with.",Dál’un ku tanán patí’ ang mangá dá’an.,I will bring everything including the old ones.,224
pát’in,v,verb,,"/mag-, -un/","to sign, to mark, to enter in the list.",Nagpát’in si Lóurdes sang líbro.,Lourdes signed in the list.,224
patíng,n,noun,,,"pigeon, dove.",,197,224
patís,n,noun,,,fish sauce made from marinated shrimps or fish.,,,225
pátpat,v,verb,,"/mag-, -an/","to explain, to interpret, to translate.",Ginpátpat sang misyonéro ang Biblíya.,The missionary interpreted the Bible.,225
pátu,n,noun,,,duck.,,,225
pátuk,v,verb,,"/mag-, -un/","to begin to do, to invent, to create, to start, to organize.",Nagpátuk akú sang grúpu.,I started an organized group.,225
pát’ud,v,verb,,/ma-/,"to be sure, to make sure.",Napát’ud nga nagpa’úli’ na si José.,It is sure that Jose has gone home.,225
patugsíling,n,noun,,,"consideration, thoughtfulness.",,,225
,v,verb,,/mag-/,"to be considerate, to think of other’s feelings.",,,225
patumbayá’,v,verb,,"/mag-, -un/","to neglect, to abandon.",Nagpatumbayá’ si Líto sa íya trabáho.,Lito neglected his job.,225
patúnda’,n,noun,,,warning.,,,225
patúpátu,n,noun,,,"fabrication, lie, made-up story.",,,225
patúyang,v,verb,,"/mag-, -un/","to expose extravagantly, to show-off.",Nagpatúyang silá sang íla mánggad.,They showed off their wealth.,225
pátyu,n,noun,,,"cemetery, tomb.",,,225
pa’úli’,v,verb,,/mag-/,"to go home, to go back to the house.",,,225
pa’úmud,v,verb,,/mag-/,"to abstain, to exercise patience.",Nagpa’úmud kamí sa kárne.,We abstained from eating meat. 198,225
pa’ún,n,noun,,,"bait, decoy.",,,226
pá’un,v,verb,,"/mag-, -un/","to isolate, to separate, to set aside.",Ginpá’un ku ang dunút nga ságing.,I separated the rotten banana.,226
-pa-…-un,va,verbal affix,verbal,,designating causation of action by the acor in the construction.,Ginpasáyud ni Cárlos nga mapa’úli’ sya sa baláy.,Carlos announced that he will leave for home.; to cause to move in the direction of. Ginpa’idálum ni José ang papél. Jose moved the paper underneath.,226
pa’úna,v,verb,,"/mag-, -un/","to allow to go ahead, to be first.",Ginpa’-úna ku si Victór sa sinihán.,I made Victor go to the theatre first.,226
pawíkan,n,noun,,,sea turtle.,,,226
paya’ún,adj,adjective,,,childish.,,,226
payág,n,noun,,,"small hut, hovel.",,,226
páypay,v,verb,,"/mag-, -un/","to fan for air, to beckon to, to call back with a hand gesture.",Nagpáypay akú kay magín’ut.,I fanned myself because it was warm.,226
páyung,n,noun,,,"umbrella, parasol.",,,226
,v,verb,,"/mag-, -an/",to wear an umbrella.,,,226
pelígro,n,noun,,,"risk, danger.",,,226
pensyón,n,noun,,,pension.,,,226
,v,verb,,"/mag-, -un/","to give a pension, to support through a pension.",,,226
péras,n,noun,,,pear.,,,226
peregríno,n,noun,,,pilgrim.,,199,226
pérlas,n,noun,,,pearl.,,,227
péro,con,conjunction,,,"but, however.",,,227
personál,adj,adjective,,,personal.,,,227
peryódiko,n,noun,,,newspaper.,,,227
pesétas,n,noun,,,twenty centavo coin.,,,227
pétsa,n,noun,,,"date, day of the week and month of the year.",,,227
pi’áng,adj,adjective,,,"lame, cripple.",,,227
,v,verb,,/ma-/,"to become lame, to become crippled, to limp.",,,227
pikít,adj,adjective,,,"of clothes, tight.",,,227
píkpik,v,verb,,"/mag-, -un/","to pet, to pat on the back.",Ginpíkpik sang Mayor ang abága ku.,The Mayor patted my shoulder.,227
pikún,adj,adjective,,,"short-tempered, ill-natured.",,,227
pikúy,n,noun,,,parrot.,,,227
pidáso,n,noun,,,"piece, one part, one bite.",,,227
pígaw,adj,adjective,,/ma-/,"frail, weak.",,,227
,v,verb,,/mag-/,"to become weak, to become frail.",Nagpígaw ang láwas ku.,My body weakened.,227
pígus,v,verb,,"/mag-, -un/","to oppress, to exploit.",Ginpígaw ang mangá sakáda.,The sugar planters were exploited.,227
pihák,n,noun,,,"other side, reverse, pair, half.",,200,227
,v,verb,,"/mag-, -un/","to cut in two parts, to divide in half.",,,228
pilá,adv,adverb,,,"how much, how many.",,,228
píla,n,noun,,,"line, queue.",,,228
,v,verb,,"/mag-, -un/",to stand in line.,,,228
pílak,n,noun,,,"silver, coin, silver money.",,,228
pilák,v,verb,,"/mag-, -un/","to throw, to cast away.",,,228
pilás,n,noun,,,"wound, bruise, soreness.",,,228
pílduras,n,noun,,,"medicine tablets, pill.",,,228
píli,n,noun,,,choice.,,,228
,v,verb,,"/mag-, -un/","to choose, to select, to elect.",,,228
pílik,v,verb,,/mag-/,"of animals, to quiver, to shake.",Nagpílik ang ísda.,The fish flipped its tail.,228
pilikulá,n,noun,,,"movie film, movie show.",,,228
Pilipínas,n,noun,,,Philippines.,,,228
Pilipíno,n,noun,,,"Filipino, citizen of the Philippines.",,,228
pílit,v,verb,,"/mag-, -un/","to insist, to urge, to force, to compel.",Ginpílit ku si María nga magtán’aw sang síni.,I urged Maria to go see a movie.,228
pilít,adj,adjective,,/ma-/,"sticky, clammy.",,,228
,v,verb,,"/mag-, -un/","to stick on, to paste on.",,,228
pilósopo,n,noun,,,"philosopher, smark aleck.",,,228
pílpil,v,verb,,"/mag-, -un/","to weigh down, to put a weight on top.",Ginpílpil ku sang batú ang líbro.,I put a stone on top of the book. 201,228
pilú’,n,noun,,,"fold of the dress, hem.",,,229
,v,verb,,"/mag-, -un/","to fold over, to make a fold.",,,229
pimyénta,n,noun,,,red or white pepper.,,,229
pina-,aa,adjective formative,adjective,,formative affix designating superlative degree quality.,Pinasahí’ si Noél sa tanán.,Noel is the most favorite.,229
piníkas,n,noun,,,"one piece, sliced piece, cut up pieces.",,,229
pínsar,n,noun,,,"thought, idea.",,,229
,v,verb,,"/mag-, -un/","to think of, to have the idea that.",Nagpínsar akú sang madúgay.,I thought about it for a long time.,229
pínta,n,noun,,,paint.,,,229
,v,verb,,"/mag-, -an/","to paint, to cover with paint.",,,229
píntal,n,noun,,,"bar, bolt.",,,229
,v,verb,,"/mag-, -an/","to bolt, to bar an opening.",Ginpitalán ku ang pwérta.,I barred the door.,229
píntas,adj,adjective,,/ma-/,"cruel, harsh, brutal.",,,229
pintór,n,noun,,,painter.,,,229
píntuk,n,noun,,,"dot, blot.",,,229
pínu,adj,adjective,,/ma-/,"fine, dainty, skilled product.",,,229
,v,verb,,/mag-/,"to refine, to produce something of fine workmanship, to smoothen.",Nagpínu ang guyá ni Córa. Cora’s face cleared up (from blemishes).,,229
pínya,n,noun,,,pineapple.,,202,229
pínggan,n,noun,,,"plate, dish.",,,230
píhpih,v,verb,,"/mag-, -un/",to brush off with the hand.,Ginpíhpih ku ang subáy sa lamésa.,I brushed off the ants from the table.,230
pípa,n,noun,,,tobacco pipe.,,,230
,v,verb,,/mag-/,to smoke a pipe.,,,230
pí’pi’,v,verb,,"/mag-, -un/",to pat with the hand.,Nagpí’pi’ sang luták ang báta’.,The child patted clay.,230
pipínu,n,noun,,,cucumber.,,,230
pirásu,n,noun,,,"piece, one part.",,,230
piríku,n,noun,,,parrot.,,,230
pírma,n,noun,,,signature.,,,230
,v,verb,,"/mag-, -an/","to sign, to put one’s signature to.",,,230
pírme,adv,adverb,,,"always, constantly.",,,230
pírut,v,verb,,"/mag-, -un/","to wink, to squint the eye.",,,230
písan,adj,adjective,,/ma-/,"diligent, industrious.",,,230
pisára,n,noun,,,blackboard.,,,230
písga’,v,verb,,"/mag-, -un/","to pinch, to press, to squeeze to extract liquid.",Ginpiśga’ ni Nánay ang ilúng ku.,Mother pinched my nose.,230
písi’,n,noun,,,"string, cord.",,,230
pisík,v,verb,,/mag-/,"to fly off or jump off, of shrimps and fish, to make a quick and sudden movement, to flip.",Nagpisík ang ísda’ sa kamút ku.,The fish jumped out of my hand. 203,230
pisíl,v,verb,,"/mag-, -un/","to compress, to grip, to press, to press with the fingers.",Ginpisíl ni Terésa ang bútkun ku.,Teresa pressed my arm.,231
písngi,n,noun,,,cheek.,,,231
písngu’,n,noun,,,"sob, sobbing sound.",,,231
,v,verb,,/mag-/,to sob after weeping.,Nagpiśngu’ ang babáyi sa kwárto.,The woman sobbed in the room.,231
písos,n,noun,,,peso bill.,,,231
píspis,n,noun,,,bird.,,,231
písta,n,noun,,,"fiesta, religious feast day of a saint, variant of pyésta.",,,231
písti,n,noun,,,"epidemic, pest, plague, drought.",,,231
pisú’,n,noun,,,chick.,,,231
pisúk,n,noun,,,moment.,,,231
,v,verb,,"/mag-, -un/",to bat an eye.,Nagpisúk ang ákun matá tungúd sa hángin.,My eyes batted because of the wind.,231
pitáka,n,noun,,,"purse, handbag.",,,231
pitála’,n,noun,,,bolt.,,,231
pitík,n,noun,,,"beating, throbbing, flick.",,,231
,v,verb,,"/mag-,-un/",to flick another person with a finger.,Ginpitík ku si José.,I flicked at Jose.,231
pítla’,adj,adjective,,/ma-/,gibberish.,,,231
pítsil,n,noun,,,pitcher.,,,231
pitú,num,numeral,,/ika-/,seven.;  seventh; /napulug-/ seventeen; /ka-…-an/ seventy.,,204,231
pítu,n,noun,,,whistle.,,,232
,v,verb,,"/mag-,-an/","to blow a whistle, to whistle.",Ginpitúhan akú sang pulís.,The policeman blew his whistle at me.,232
pí’ud,v,verb,,"/mag-,-un/",to fold.,,,232
pí’ut,adj,adjective,,/ma-/,"tight, crowded.",,,232
,v,verb,,/mag-/,"to become tight, to breathe with difficulty.",Nagpí’ut ang dúghan ni Razél.,Razel had difficulty in breathing.,232
píyung,v,verb,,"/mag-,-un/","to shut, to close the eye.",Nagpíyung akú.,I closed my eyes.,232
pláka,n,noun,,,phonograph record.,,,232
planéta,n,noun,,,planet.,,,232
plántsa,n,noun,,,dry iron.,,,232
,v,verb,,"/mag-,-un/",to iron with a dry iron.,,,232
plánu,n,noun,,,plan.,,,232
,v,verb,,"/mag-,-un/",to plan.,,,232
plása,n,noun,,,"park, plaza.",,,232
pláster,n,noun,,,"plaster, band aid.",,,232
platéro,n,noun,,,goldsmith.,,,232
platíto,n,noun,,,saucer.,,,232
pláto,n,noun,,,"dinner plate, dish.",,,232
pléte,n,noun,,,"fare, ticket for a plane or boat or bus ride.",,,232
plúma,n,noun,,,fountain pen.,,205,232
pluméru,n,noun,,,feather duster.,,,233
póbre,adj,adjective,,,"poor, humble, unpretentious.",,,233
,n,noun,,/ka-…-an/,poverty.,,,233
pomáda,n,noun,,,"pomade, men’s hair dressing.",,,233
porsyénto,n,noun,,,"percentage, interest.",,,233
póste,n,noun,,,"post, column.",,,233
postúŕa,adj,adjective,,,"dressed up, elegant, smartly dressed.",,,233
posturyóso,adj,adjective,,,"chic, dressy, elegantly dressed.",,,233
prémyo,n,noun,,,"prize, reward.",,,233
prénda,v,verb,,"/mag-,-un/",to pawn.,Ginprénda ku ang ákun síngsing.,I pawned my ring.,233
préno,n,noun,,,"brake of a vehicle, stop.",,,233
,v,verb,,"/mag-,-un/","to put on the brakes, to stop.",Nagpréno ang tsopér sa kurbáda.,The driver stopped on the curve.,233
presentár,v,verb,,"/mag-,-un/","to present oneself, to introduce, to give as a gift.",,,233
presidénte,n,noun,,,president.,,,233
présyo,n,noun,,,"price, cost price, selling price, cost.",,,233
pribádo,adj,adjective,,,private.,,,233
pribilíhiyu,n,noun,,,privilege.,,,233
primabéra,n,noun,,,spring.,"primér grádo n grade one, first grade.",,233
prímo,n,noun,,,cousin.,,206,233
prinsipál,n,noun,,,school principal.,,,234
príso,n,noun,,/-han/,prisoner.;  prison.,,,234
,v,verb,,"/mag-,-un/","to put in prison, to imprison.",,,234
príto,adj,adjective,,,fried.,,,234
,v,verb,,"/mag-,-un/","to fry, to cook in oil.",,,234
probár,v,verb,,"/mag-,-un/","to prove, to give proofs.",Ginprobár sang táwu nga inosénte sya.,The man proved himself innocent.,234
probínsya,n,noun,,,"province, state, political division.",,,234
probléma,n,noun,,,problem.,,,234
prográma,n,noun,,,program.,,,234
propesór,n,noun,,,professor.,,,234
protésta,n,noun,,,"protest, complain.",,,234
,v,verb,,"/mag-,-un/","to complain, to protest.",Nagprotésta ang napyérde nga kandidáto.,The defeated candidate filed a protest.,234
prupíta,n,noun,,,prophet.,,,234
prútas,n,noun,,,fruit.,,,234
pruwéba,n,noun,,,"proof, evidence.",,,234
pú’as,v,verb,,/mag-/,"to calm, to ease, to become less strong.",Nagpú’as ang mabáskug nga hángin.,The strong wind eased.,234
pu’ása,n,noun,,,fasting.,,,234
,v,verb,,/mag-/,"to fast, to abstain from eating regular meals for penance.",Nagpu’ása ang mangá katóliko.,The Catholics fasted. 207,234
públiku,n,noun,,,public.,,,235
puká,v,verb,,/mag-/,"to stay up late at night, to have a late night.",,,235
púkan,v,verb,,"/mag-,-un/",to cut a tree down.,Ginpúkan námun ang púnu’ sang mángga.,We cut down the mango tree.,235
pukatúd,n,noun,,,elevation.,,,235
púkaw,v,verb,,"/mag-,-un/","to rouse, to waken.",Ginpúkaw ku si Tátay.,I roused Father.,235
púkpuk,v,verb,,"/mag-,-un/","to beat, to hammer down, to hit on the head.",Ginpúkpuk ku sang batú ang latún.,I beat the can with a stone.,235
púksi’,v,verb,,"/mag-,-un/","to pick flowers, to tear off.",Nagpúksi’ akú sang mangá búlak.,I picked some flowers.,235
púdag,v,verb,,/mag-/,to stamp the feet in anger.,,,235
púga’,v,verb,,"/mag-,-un/",to squeeze so as to extract liquid.,Nagpúga’ akú sang dúga’ sang laranghíta.,I squeezed some orange juice.,235
púgad,n,noun,,,nest.,,,235
pugún,n,noun,,,"stove, native oven made of clay.",,,235
pugúng,v,verb,,"/mag-,-an/","to repress, to stop, to control.",Nagpugúng akú kay Noél pára índi’ sya magsunúd.,I controlled Noel so that he will not follow.,235
púgut,v,verb,,"/mag-,-an/","to cut off the head, to behead.",Ginpugútan sang úlu ang manúk.,The head of the chicken was cut off. 208,235
púhag,v,verb,,/mag-/,"to break open, to release the gate, to disturb one’s peace.",Nagpúhag ang mangingísda’ sang púnung.,The fisherman opened the gate of the fishpond.,236
púhun,v,verb,,"/mag-,-un/","to conspire, to plot.",,,236
pulá,adj,adjective,,,"red, crimson.",,,236
,v,verb,,/mag-/,"to color with red, to turn red, to blush.",,,236
púlak,v,verb,,/ma-/,"to fall off the tree or plant, to wither and fall.",Napúlak ang búnga sa káhuy.,The fruit fell off the tree.,236
puláw,v,verb,,/mag-/,"to stay awake so as to watch, to have a late night.",Nagpuláw akú kagáb’i.,I stayed up all night last night.,236
púlbura,n,noun,,,gun powder.,,,236
púlbus,n,noun,,,"powder, face powder, dusting powder.",,,236
pulgáda,n,noun,,,inch.,,,236
púli,v,verb,,/mag-/,"to take sides in a fight, to ally with.",Nagpúli si José kay Ricárdo.,Jose sided with Ricardo.,236
púling,v,verb,,/ma-/,to have a foreign object in the eye.,Napúling si Noél.,Noel has something in his eye.,236
pulís,n,noun,,,"policeman, cop.",,,236
púlpug,v,verb,,"/mag-,-un/",to drive or mash with a hammer.,,,236
pulséras,n,noun,,,bracelet.,,,236
púlsu,n,noun,,,pulse.,,,236
púlu,n,noun,,,handle of a knife.,,209,236
púlu’,n,noun,,,island.,,,237
,num,numeral,,,variant of napúlu’.,,,237
púlung,n,noun,,,"message, word, advice.",,,237
,v,verb,,"/mag-,-un/","to express oneself, to give a speech, to give an advice.",,,237
pulús,n,noun,,,"usefulness, profit, advantage, benefit.",,,237
púlut,v,verb,,"/mag-,-un/",to pick up from the ground.,Ginpúlut ku ang papél.,I picked up the paper.,237
pumpyáng,n,noun,,,cymbal.,,,237
púna’,n,noun,,,net.,,,237
,v,verb,,"/mag-,-un/","to trap in a net, to weave a net.",Nagpúna’ ang mangingísda’ sang láya.,The fisherman wove a fishnet.,237
púnaw,v,verb,,/ma-/,"to faint, to feel dizzy.",Napúnaw akú sa ka’ínit.,I felt faint with the heat.,237
púnda,n,noun,,,pillow case.,,,237
puní,n,noun,,,decoration.,,,237
,v,verb,,"/mag-,-un/","to decorate, to deck.",,,237
púnu’,n,noun,,,"tree trunk, leader, chief.",,,237
punú’,adj,adjective,,,full to capacity.,,,237
,v,verb,,"/mag-,-un/",to fill to capacity.,Ginpunú’ ku sang túbig ang botélya.,I filled the bottle with water.,237
punú’an,n,noun,,,"beginning, start, authority, leader.",,,237
púnung,n,noun,,,fishpond.,,210,237
púnta,n,noun,,,"tip, edge, end.",,,238
púntus,n,noun,,,"score, point.",,,238
púnyus,n,noun,,,"wrist, cuff.",,,238
pungá,adj,adjective,,,nasal manner of speech.,,,238
pungku’,v,verb,,"/mag-,-an/",to sit down.,,,238
púnggud,n,noun,,,"pimple, blemish.",,,238
púnggul,v,verb,,"/mag-,-un/","to cut off from the plant, to prune.",Ginpúnggul ku ang úgbus sang katúmbal.,I cut off the buds of the pepper plant.,238
púngpung,n,noun,,,"bundle, bunch, bouquet of flowers.",,,238
,v,verb,,"/mag-,-un/","to bundle, to tie into a bundle.",,,238
púngsud,n,noun,,,"country, nation, community.",,,238
pú’pu’,v,verb,,"/mag-,-un/","to pluck from the plant or tree, to pick, to harvest.",Nagpú’pu’ silá sang kamátis kág talúng.,They picked tomatoes and eggplants.,238
púrma,n,noun,,,"form, shape.",,,238
púru,adv,adverb,,,"purely, all.",,,238
púrung,n,noun,,,"crown, veil, head cover.",,,238
pusá’,v,verb,,/ma-/,"to break, to crack.",Napusá’ ang báso.,The glass broke.,238
púsad,v,verb,,/mag-/,"to pace up and down angrily, to stamp the feet in anger.",,,238
pús’ang,v,verb,,"/mag-,-un/","to throw down on the floor, to put down with a bang.",Ginpús’ang ku ang líbro.,I threw the book down. 211,238
púsdak,v,verb,,"/mag-,-un/","to throw down, to drop with considerable force.",Ginpúsdak ni Manuél ang síya.,Manuel threw the chair against the floor.,239
púsnga,n,noun,,,"snort, pant.",,,239
,v,verb,,/mag-/,"to breathe through the nostrils, to snort.",,,239
puspurú,n,noun,,,"match, match stick.",,,239
pústa’,n,noun,,,"stake, bet.",,,239
,v,verb,,"/mag-,-un/","to bet, to put up as stake.",,,239
púsu’,n,noun,,,"heart, banana flower.",,,239
púsud,n,noun,,,"navel, belly button.",,,239
pús’un,n,noun,,,abdomen.,,,239
púswit,v,verb,,/mag-/,"to burst through a small opening with force, especially of liquids.",Nagpúswit ang túbig sa túbu.,The water burst through the tube.,239
putí’,adj,adjective,,/ma-/,"white, fair in complexion.;  white.",,,239
pútul,v,verb,,"/mag-,-un/","to sever, to cut off.",Ginpútul ku ang káhuy.,I broke the wood.,239
,adj,adjective,,,"severed, cut, broken off.",,,239
putús,n,noun,,,"wrapper, cover.",,,239
,v,verb,,"/mag-,-un/","to wrap, to tie into a package, to pack.",,,239
putút,adj,adjective,,,"of people, short.",,,239
putyúkan,n,noun,,,beehive.,,,239
pu’úk,n,noun,,,place.,,212,239
pu’úd,n,noun,,,"country, nation.",,,240
pu’út,v,verb,,"/mag-, ma-/","to lie for ambush, to hide, to conceal.",Napú’ut akú sa kẃarto.,I hid in the room.,240
púyu,n,noun,,,"cloth sack, cloth bag with a drawstring.",,,240
puyú,n,noun,,,"mudfish, freshwater fish.",,,240
puyú’,v,verb,,"/mag-, -an/","to live, to dwell, to reside.",Nagpuyú’ silá sa Mindanáo.,They lived in Mindanao.,240
púyus,v,verb,,"/mag-,-un/","to bind, to wrap up.",Nagpúyus si Nánay sang pagká’un.,Mother wrapped up some food.,240
pwéde,adv,adverb,,,"all right, can be, its possible, certainly, yes.",,,240
pwérta,n,noun,,,"door, gate.",,,240
pwertáhan,n,noun,,,door.,,,240
pyáno,n,noun,,,piano.,,,240
pyánsa,n,noun,,,"bond, bail money.",,,240
,v,verb,,"/mag-,-un/","to set bail, to bail out, to put a bond.",,,240
pyé,n,noun,,,one foot measure.,,,240
pyérde,v,verb,,"/ma-,-un/","to be defeated, to lose, to give up.",Napyérde akú sang duhá ka gatús sa búlang.,I lost two hundred in the cockfight.,240
pyésas,n,noun,,,spare parts.,,,240
pyésta,n,noun,,,"fiesta, religious feast of a patron saint which is celebrated with pomp and carnivalistic tradition.",,213,240
rabanús,n,noun,,,radish.,,,241
rábrab,v,verb,,/-un/,"to tear off, to rip.",Ginrábrab sang báta’ ang kurtína.,The child ripped the curtain.,241
rádyo,n,noun,,,radio.,,,241
rámas,v,verb,,"/mag-,-un/","to rub, to scrape off.",,,241
rántsu,n,noun,,,ranch.,,,241
rásras,v,verb,,"/mag-,-un/","to slash, of clothing, to slit or to take out the stitching.",Nagrásras ikáw sang báyu’.,You took out the stitching of the dress.,241
ráyna,n,noun,,,"queen, empress.",,,241
rebólber,n,noun,,,"gun, revolver.",,,241
reklámo,n,noun,,,"complaint, discontent.",,,241
,v,verb,,"/mag-,-un/",to complain.,Nagreklámo akú sa direktór.,I complained to the director.,241
regálo,n,noun,,,"gift, present.",,,241
,v,verb,,"/mag-,-un/",to give a present.,,,241
reló,n,noun,,,"time piece, wrist watch.",,,241
relyéno,n,noun,,,stuffed chicken or fish.,,,241
rénda,n,noun,,,bridle.,,,241
rénta,n,noun,,,rent.,,,241
,v,verb,,"/mag-,-an/","to rent, to hire.",,214,241
repólyo,n,noun,,,cabbage.,,,242
representánte,n,noun,,,"representative, congressman.",,,242
reputasyon,n,noun,,,reputation.,,,242
resíbo,n,noun,,,receipt.,,,242
resíta,n,noun,,,prescription of a doctor.,,,242
resúlta,n,noun,,,"result, conclusion.",,,242
retobádo,adj,adjective,,,"naughty, impish.",,,242
retráto,n,noun,,,"picture, snapshot.",,,242
réyna,n,noun,,,queen.,,,242
rikádo,n,noun,,,"seasoning, spice.",,,242
rílis,n,noun,,,"train rail, railroad tracks.",,,242
rimís,adj,adjective,,/ma-/,"delicious, tasty.",,,242
rípa,n,noun,,,"raffle, lottery.",,,242
ritásu,n,noun,,,remnant.,,,242
románsa,n,noun,,,romance.,,,242
rósa,adj,adjective,,,pink.,,,242
rosál,n,noun,,,gardenia.,,,242
rósas,n,noun,,,rose flower.,,,242
rúmpag,v,verb,,"/mag-,-un/","to destroy, to ruin, to take apart.",Ginrúmpag ku ang bálaybálay.,I tore down the play house.,242
rúsdak,v,verb,,/ma-/,"to collapse, to fall over.",Narúsdak ang baláy nga dá’an.,The old house collapsed.,242
rwéda,n,noun,,,wheel.,,215,242
sa,adv,adverb,,,"by, on, at, in, relational particle.",,,243
sá’ad,n,noun,,,"promise, vow.",,,243
,v,verb,,"/mag-,-un/","to vow, to promise.",Nagsá’ad si Mr. Cruz nga makádtu dirí.,Mr. Cruz promised to come here.,243
sába’,v,verb,,/mag-/,"to beat double time, to beat violently.",Nagsába’ ang pitík sang ákun dúghan.,My heart beat faster.,243
sábak,n,noun,,,lap.,,,243
,v,verb,,"/mag-,-un/",to sit on the lap.,,,243
sábad,adj,adjective,,/ma-/,"noisy, troublesome.",,,243
Sabadó,n,noun,,,Saturday.,,,243
sabát,n,noun,,,"response, answer.",,,243
,v,verb,,"/mag-,-un/","to respond, to answer.",,,243
sabáw,n,noun,,,"broth, soup.",,,243
sáb’it,v,verb,,/mag-/,"to hang to accidentally, to put on.",Nagsáb’it ang dalága sang búlak sa buhúk.,The lady put a flower in her hair.,243
sáblag,v,verb,,"/mag-,-un/","to compromise, to meet half way.",Nagsáblag si José kay Alfrédo.,Jose compromised with Aflredo.,243
sáblay,v,verb,,"/mag-,-un/",to hang clothes or cloth.,Nagsáblay akú sang báyu’.,I hung a dress. 216,243
sáblig,v,verb,,/mag-/,"to douse with water, to sprinkle water.",Nagsáblig kamí sang túbig sa tanúm.,We sprinkled water on the plant.,244
sábnit,v,verb,,"/mag-,-un/","to snatch, to grab with force.",Ginsábnit ku ang líbro.,I grabbed the book.,244
sabúd,v,verb,,"/mag-,-un/","to scatter, to sow.",Ginsabúnan ku ang talámnan.,I sowed seeds on the field.,244
sáb’ug,v,verb,,"/mag-,-un/","to scatter, to sow.",Nagsáb’ug ang mangá bínhi’ sa bánglid.,Seeds scattered on the hillside.,244
sábwag,v,verb,,"/mag-,-un/","to scatter, to sow.",Nagsábwag si Nánay sang abú.,Mother scattered ashes.,244
sábya,v,verb,,"/mag-,-un/","to splash with water, to douse with liquid or powder, to throw at something.",Nagsábya ang amáy sang túbig.,The father threw water.,244
sáka’,v,verb,,"/mag-,-un/","to enter, to go up, to ascend, to climb.",,,244
sakáda,n,noun,,,seasonal worker.,,,244
sakadéro,n,noun,,,sugarcane field laborer.,,,244
sakáy,v,verb,,/mag-/,"to ride, to board.",,,244
sákdag,v,verb,,"/mag-,-un/","to help, to sustain, to support, to aid.",Ginsákdag nákun ang duhá ka báta’.,I supported the two children.,244
sakít,n,noun,,,"illness, pain, grief, sorrow.",,,244
,v,verb,,/mag-/,"to be painful, to be hurt, to feel bad about.",,,244
,adj,adjective,,/ma-/,"painful, sorrowful.",,,244
sáklaw,v,verb,,/mag-/,to feel slighted.,Nagsáklaw akú.,I felt slighted. 217,244
sáksak,v,verb,,"/mag-,-un/","to chop, to stab repeatedly, to cut into pieces.",Ginsáksak ang táwu.,The man was stabbed several times.,245
sáksi,n,noun,,,witness.,,,245
,v,verb,,"/mag-,-un/","to testify, to witness.",,,245
sáku,n,noun,,,"burlap bag, sack.",,,245
sáku’,n,noun,,/ka-/,"busyness, hurry.",,,245
,adj,adjective,,/ma-/,"busy, hurried.",,,245
,v,verb,,"/mag-,-un/","to hurry, to keep occupied, to be busy.",Nagsáku’ ang dalága sa paglakát.,The young woman quickened her walk.,245
sákup,n,noun,,,"subjects, members.",,,245
,v,verb,,"/mag-,-un/","to conquer, to be a member of, to enlist.",,,245
sákut,v,verb,,"/mag-,-un/","to mix, to blend, to put together.",,,245
sádtu,d,deictic,,,those (far from both the speaker and the listener).,,,245
,adv,adverb,,,"before, in the past.",,,245
sádya,n,noun,,/ka-/,"happiness, joy, cheer.",,,245
,adj,adjective,,/ma-/,"happy, cheerful, joyful.",,,245
ság’a,v,verb,,"/mag-,-an/","to throw out water, to drain.",,,245
sagáhay,v,verb,,/mag-/,"to overflow, to pour out abundantly.",Nagsagáhay ang túbig sa kúlun.,Water overflowed from the pot.,245
sagáng,v,verb,,"/mag-,-un/","to prevent, to protect oneself, to defend.",Ginsagáng ku ang íya bayú.,I defended myself from his blow. 218,245
ság’ang,n,noun,,,chin.,,,246
sagawák,v,verb,,"/mag-,-un/",to burst out suddenly as water through a faucet.,Nagsagawák ang túbig.,The water burst through.,246
ságbut,n,noun,,,"rubbish, grass.",,,246
ságing,n,noun,,,banana.,,,246
sagír’um,adj,adjective,,/ma-/,"dim, doleful.",,,246
ságnuy,v,verb,,"/mag-,-un/","to drag in the water while cruising, to dunk in water.",Nagságnuy ang sapátus.,The shoe dunked in water.,246
ság’ub,v,verb,,"/mag-,-un/","to draw water from a well, to fetch water.",Nagság’ub ang laláki sa busáy.,The man fetched water from the falls.,246
sagúd,v,verb,,"/mag-,-un/","to take care of animals, to raise animals.",Nagsagúd silá sang mangá bábuy.,They raised some pigs.,246
sag’úli’,n,noun,,,"loose coins, change in coins.",,,246
,v,verb,,/mag-/,"to be reconciled, to give loose change.",Nagsag’úli’ ang íla bu’út.,They reconciled.,246
sagúp,v,verb,,"/mag-,-un/","to save, to rescue.",Ginsagúp ku ang duhá ka báta’ sa báybay.,I rescued two children on the beach.,246
ságyud,v,verb,,/mag-/,"to trail behind as a train, to be too long so as to touch the floor or ground.",Nagságyud ang kurtína.,The curtain touched the floor.,246
sáha’,n,noun,,,"bulb, seedling, young plant grown from the root of the mother plant.",,,246
sahí’,adj,adjective,,/pina-/,"special, distinct, distinguished.",,219,246
sahú’,v,verb,,/mag-/,"to be accustomed to, to get along well.",Nagsahú’ ang ámun batásan.,We got accustomed to each other.,247
sahúg,v,verb,,"/mag-,-un/","to disturb, to interrupt.",,,247
sála,n,noun,,,"livingroom, hall, lounge area.",,,247
sála’,n,noun,,/-an/,strainer.,,,247
,v,verb,,"/mag-,-un/","to strain, to sift.",Nagsála’ akú sang gatá’.,I strained coconut milk.,247
salá’,n,noun,,,"mistake, crime, sin, error.",,,247
,v,verb,,/mag-/,"to make a mistake, to commit an error.",Nagsalá’ akú.,I made a mistake.,247
salákay,v,verb,,"/mag-,-un/","to overthrow, to attack.",,,247
salamángka,n,noun,,/-ero/,magic;  magician.,,,247
salámat,id,idiom,,,thank you.,,,247
salamíng,n,noun,,,mirror.,,,247
salampáti,n,noun,,,dove.,,,247
salapí’,n,noun,,,fifty centavo piece.,,,247
salápid,n,noun,,,braid.,,,247
,v,verb,,"/mag-,-un/","to plait, to braid, to twist.",Ginsalápid ku ang akun buhúk.,I braided my hair.,247
sálap,n,noun,,,fish net.,,,247
salápu’,v,verb,,/ma-/,"to detect, to catch red-handed, to find.",Nasalápu’ sang pulís ang kriminál.,The policeman caught the criminal.,247
salawáhan,adj,adjective,,,"fickle, unfaithful.",,220,247
saláwsaw,n,noun,,,"examination, test.",,,248
salbáhe,adj,adjective,,,"haughty, unfaithful, rogue.",,,248
saliká’,v,verb,,/mag-/,"to straddle, to sit astride.",Nagsaliká’ ang babáyi sa kabáyu’.,The woman sat astride the horse.,248
salída,n,noun,,,"show, movie show.",,,248
sálig,n,noun,,,"trust, confidence.",,,248
,v,verb,,"/mag-,-an/","to trust, to confide in, to depend on.",,,248
salimpapáw,adj,adjective,,,"superficial, hypocrite.",,,248
salimú’ang,adj,adjective,,,delirious.,,,248
,v,verb,,"/mag-,-un/","to be delirious, to rave.",Nagsalimú’ang ang báta’ tungúd sa lágnat.,The child was delirious because of his fever.,248
salín,n,noun,,,"remnant, left-over, scrap.",,,248
,v,verb,,"/mag-,-an/","to leave something behind, to keep, to store for some other time.",Nagsalín silá sang pagká’un pára bwas.,They left some food for tomorrow.,248
salipádpad,v,verb,,/mag-/,"to fling, to throw away.",,,248
sálmon,n,noun,,,"sardines, salmon.",,,248
,adj,adjective,,,orange.,,,248
sálsal,v,verb,,"/mag-,-un/","to forge, to hammer.",,,248
salsálun,n,noun,,,"iron, metal.",,,248
salú,v,verb,,"/mag-,-un/",to catch.,,221,248
sálu,v,verb,,/mag-/,"to eat together, to partake of a meal together.",Nagsálu si Maríno kag si Mariáno.,Marino and Mariano ate together.,249
salúk,v,verb,,"/mag-,-un/",to dip or scoop out with the hand or a dipper or ladle.,Nagsalúk akú sang túbig sa tádyaw.,I dipped for some water from the jar.,249
sálud,v,verb,,"/mag-,-un/",to catch drops of water so as to gather in a container.,Nagsálud si Nánay sang ulán sa botélya.,Mother collected rain water in the bottle.,249
salúdu,n,noun,,,"salute, bow.",,,249
,v,verb,,"/mag-,-an/","to salute, to bow, to show respect.",,,249
salúg,n,noun,,,floor.,,,249
sálug,v,verb,,/mag-/,"to mix, to mingle.",,,249
sálum,v,verb,,"/mag-,-un/","to dive for, to sink in.",Ginsálum sang mangingísda’ ang pérlas.,The fisherman dove for the pearl.,249
sálup,v,verb,,/mag-/,"to go down, to disappear, to penetrate.",Nagsálup ang lánsang sa tápi’.,The nail went through the wood.,249
salusálu,v,verb,,/mag-/,"to have a feast, to hold a banquet.",,,249
sál’ut,v,verb,,"/mag-,-un/","to insert, to get between.",,,249
samád,n,noun,,,"wound, injured part.",,,249
,v,verb,,"/ma-,-un/","to wound, to injure, to destroy.",Ginsámad ku ang kahún.,I destroyed the box.,249
sámay,adj,adjective,,,"striped, lined.",,,249
,v,verb,,"/mag-,-un/",to line with stripes.,,222,249
sámbag,n,noun,,,tamarind.,,,250
sámbil,v,verb,,"/mag-,-un/",to quirk.,Nagsámbil ang ákun bibíg.,My lips quirked.,250
sámbit,v,verb,,"/mag-,-un/","to refer to, to mention.",,,250
sámbud,v,verb,,"/mag-,-un/","to wind, to bind, to roll, to twist, to get entangled.",Nagsámbud ang kalát sa káhuy.,The rope was bound around the tree.,250
samí’,adv,adverb,,/ma-/,"always, regularly.",,,250
sampaguíta,n,noun,,,native jasmin.,,,250
sampátun,n,noun,,,"expert, sage.",,,250
sámpuk,v,verb,,"/mag-,-un/","to fight head to head, to fight in man-to-man combat.",,,250
sámput,v,verb,,"/mag-,-an/","to come to, to reach, to arrive at.",,,250
Nagsámput,na,noun formative,,,silá sa syudád.,,They finally reached the city.,250
sámtang,con,conjunction,,,"meanwhile, while, meantime.",,,250
sámu’,v,verb,,"/mag-,-un/","to dilute, to mix together.",,,250
sámuk,n,noun,,,"noise, trouble, bother.",,,250
,v,verb,,"/mag-,-un/","to bother, to cause trouble, to make noise.",Nagsámuk lang ikáw sa kláse.,You just disturbed the class.,250
sánag,adj,adjective,,/ma-/,"bright, shiny.",,,250
,v,verb,,/mag-/,"to be clear, to shine.",Nagsánag ang ádlaw.,The sun shone.,250
sándad,v,verb,,/ma-/,"to knock over and fall, to stumble.",Nasándad si Lucía.,Lucia stumbled. 223,250
sánday,pt,particle,plural,,personal names nominal marker.,Variant of kánday.,,251
sandí’ay,v,verb,,/mag-/,to lean on.,Nagsandí’ay sa díngding ang hubúg.,The drunk man leaned against the wall.,251
sándig,v,verb,,"/mag-,-an/",to lean on for support.,,,251
sandíya,n,noun,,,"watermelon, watermelon seeds.",,,251
sánduk,n,noun,,,"ladle, big spoon.",,,251
,v,verb,,"/mag-,-un/",to dig or scoop out.,,,251
sánlag,v,verb,,"/mag-,-un/","to fry, to cook in oil.",Nagsánlag akú sang maní.,I fried some peanuts.,251
sánting,adj,adjective,,/ma-/,"of string or ropes, tight.",,,251
sántu,n,noun,,,variant of sántus.,,,251
sántu’,v,verb,,/mag-/,"to harmonize, to agree, to be of the same opinion.",Nagsántu’ ang ámun iśip.,We agreed.,251
sántus,n,noun,,,saint.,,,251
,adj,adjective,,,"saintly, holy.",,,251
sán’u,adv,adverb,,,when.,,,251
sáng,pt,particle,,,indefinite noun marker.,Nagbakál akú sang líbro.; relational particle for past time. Nag’abút silá sang Domínggo.,They arrived last Sunday.,251
sangá,n,noun,,,"branch, bough, twig.",,,251
sángkad,n,noun,,/ka-/,"width, breadth, broadness.",,,251
sángkap,adj,adjective,,,"well-equipped, complete.",,224,251
,n,noun,,/ka-…-an/,"furniture, devices, things, equipment.",,,252
,v,verb,,/-an/,"to furnish, to provide with, to equip.",Ginsangkápan ku ang baláy.,I furnished the house.,252
sanggá,n,noun,,,"branch, twig, bough.",,,252
sánghid,v,verb,,"/mag-,-un/","to touch lightly, to sidesweep.",Nagsánghid ang íya bútkun sa lamésa.,His arm touched the table slightly.,252
sánglit,con,conjunction,,,"even if, meanwhile.",,,252
sapá’,n,noun,,,"creek, brook, lake.",,,252
sapák,v,verb,,"/mag-,-un/","to pay attention to, to mind.",Ginsapák sang babáyi ang kútsukútsu.,The lady paid attention to the rumors.,252
sapá’sápa’,n,noun,,,"lagoon, man-made brook or creek.",,,252
sápat,n,noun,,,insect.,,,252
sapatéro,n,noun,,,shoemaker.,,,252
sapátus,n,noun,,,shoe.,,,252
sápsap,v,verb,,"/mag-,-un/","to chop so as to make even, to smoothen.",Nagsápsap ang táwu sang káhuy.,The man chopped some wood.,252
sapú,v,verb,,/ma-…-an/,"to discover, to find out.",Nasapú’an ku ang dúlsi sa púyu.,I found the candy in the bag.,252
sápul,v,verb,,"/mag-,-un/","to confer, to talk things over.",Nagsápul ang mangá konsehál kag ang Máyor.,The councilors and the Mayor had a conference. 225,252
sapúpu,v,verb,,"/mag-,-un/",to take care of.,Ginsapúpu ku ang báta’ nga dyútay.,I took care of the small child.,253
sapút,v,verb,,"/mag-,-un/","to arrive, to reach.",Nagsapút si Alfrédo kagáb’i.,Alfredo arrived last night.,253
saráng,v,verb,,/ma-…-an/,"to be able, to be possible, to be capable of, to be able to afford.",Nasarangán sang manggaránun nga táwu magpatúkud sang bángko.,The rich man was able to put up a bank.,253
sarí,n,noun,,,"class, kind.",,,253
sárisári,adj,adjective,,,"different, of mixed kinds, combined.",,,253
sársa,n,noun,,,"sauce, gravy.",,,253
sarsyádo,n,noun,,,"meat dish of chicken, pork or meat with a little gravy.",,,253
sarút,n,noun,,,"pest, plague, epidemic.",,,253
sástre,n,noun,,,tailor.,,,253
sát’um,v,verb,,/-un; ma-…-an/,"to know, to recognize.",Nasat’umán ku ang natabú’.,I knew what happened.,253
sa’úlu,v,verb,,"/mag-,-un/","to memorize, to remember.",,,253
sa’úlug,v,verb,,"/mag-,-un/",to celebrate.,Ginsa’úlug námun ang íya ka’adláwan.,We celebrated his birthday.,253
sá’ut,n,noun,,,dance.,,,253
,v,verb,,"/mag-,-un/",to dance.,,,253
sáw’a,adj,adjective,,/ma-/,"immoral, indecent.",,,253
sawáy,n,noun,,,"brass metal, criticism.",,226,253
,v,verb,,"/mag-,-un/","to criticize, to correct, to mention so as to correct.",Ginsawáy ku si Néna sa íya pamáyu’. I criticized Nena’s manner of dressing.,,254
sáwsaw,v,verb,,"/mag-,-un/","to soak, to put into, to dip.",,,254
sáya,n,noun,,,long skirt of old women.,,,254
sayásat,v,verb,,"/mag-,-un/","to investigate, to check, to diagnose.",Ginsayásat akú sang doktór.,The doctor examined me.,254
sáylu,v,verb,,"/mag-,-un/","to transfer, to move over.",,,254
sáysay,v,verb,,"/mag-,-un/","to relate, to explain, to describe.",,,254
,n,noun,,/ka-…-an/,"history, story, explanation.",,,254
sáyud,v,verb,,/magpa-…-pa-…-un/,"to know, to discover, to hear about.",Nagpasáyud si Cárlos nga mapakasál sya sa sunúd nga búlan.,Carlos announced that he will be married next month.,254
sayúp,v,verb,,/mag-/,"to commit an error, to be at fault.",,,254
Sebuáno,n,noun,,,"language spoken principally in Agusan, Bohol, Bukidnon, Cebu, Davao, Lanao del Norte, the eastern half of Leyte, Misamis Occidental, Negros, Oriental, Surigao, Zamboanga del Norte, Zamboanga del Sur, and in some towns in Cotabato.",,,254
sekretaŕya,n,noun,,,secretary.,,,254
sekréto,n,noun,,,secret.,,,254
séda,n,noun,,,silk.,,,254
segúro,n,noun,,,insurance.,,,254
sélyo,n,noun,,,"stamp, postage.",,227,254
semána,n,noun,,,week.,,,255
seménto,n,noun,,,"cement, concrete.",,,255
senádo,n,noun,,/-r/,senate;  senator.,,,255
sentábos,n,noun,,,"one centavo, one centavo coin.",,,255
sentimós,n,noun,,,"centavo coin, one centavo, one cent.",,,255
séntro,n,noun,,,"center, middle.",,,255
Septyémbre,n,noun,,,September.,,,255
serbésa,n,noun,,"/mag-,-un/",beer.,"sérb i v  to serve, to be of service. Nagsérbi silá sang ilímnun.",They served some drinks.,255
serbilyéta,n,noun,,,table napkin.,,,255
seremónya,n,noun,,,ceremony.,,,255
seréno,n,noun,,,watchman.,,,255
seténta,num,numeral,,,seventy.,,,255
séys,num,numeral,,,six.,,,255
seysénta,num,numeral,,,sixty.,,,255
si,pt,particle,,,personal name marker.,Si Pédro sya.,He is Pedro.,255
sibát,n,noun,,,"spear, lance.",,,255
sibín,n,noun,,,wash cloth.,,,255
,v,verb,,"/mag-,-an/",to wipe with a towel or wash cloth.,Ginsibínan ku ang báta’.,I wiped the child with a towel.,255
sibít,n,noun,,,straight pin.,,228,255
,v,verb,,"/mag-,-un/","to use a pin, to tuck together with a pin, to prick with a pin.",Nagsibít ang dalága sang búlak.,The lady pinned a corsage on.,256
síbu,n,noun,,,grease.,,,256
,v,verb,,"/mag-,-un/","to fit, to be enough.",Nagsíbu ang basúra sa basurahán.,The trash was just enough for the garbage can.,256
síbu’,n,noun,,,"zero, nothing.",,,256
sibúyas,n,noun,,,onion.,,,256
síkad,v,verb,,"/mag-,-un/",to kick with the foot.,Nagsíkad ang íla Nánay sa ka’ákig.,Their mother kicked her foot with anger.,256
sikréta,n,noun,,,detective.,,,256
síku,n,noun,,,elbow.,,,256
,v,verb,,"/mag-,-un/","to elbow, to nudge.",,,256
sikúp,v,verb,,"/mag-,-un/","to catch with the hands, as of fish.",Ginsikúp ku ang uláng.,I caught the lobster.,256
síkway,v,verb,,/-un/,"to reject, to abandon, to jilt, to leave behind, to cast out.",Ginsíkway ni Jáime si Córa.,Jaime jilted Cora.,256
síd’ing,v,verb,,"/mag-,-un/","to peep, to look in for a little while.",Nagsíd’ing ang prinsipál sa kwárto sang ma’éstra.,The principal looked in the room of the teacher.,256
sidlángan,n,noun,,,east.,,,256
síga,n,noun,,,"glow, shine.",,,256
,v,verb,,/mag-/,"to shine, to give a glow.",,229,256
sigahúm,v,verb,,"/mag-,-un/","to desire, to hanker after.",Nagsigahúm ikáw sang mánggad.,You desired for more wealth.,257
sigarílyo,n,noun,,,cigarette.,,,257
sígi,adv,adverb,,,"okay, alright, go ahead.",,,257
,v,verb,,"/mag-,-un/","to go ahead, to go on, to continue.",Nagsígi ang íla paghámbal.,Their talk continued.,257
sígput,v,verb,,"/mag-,-un/","to take up small particles, to collect the leavings.",Ginsígput ku ang bugás sa latún.,I took all the rice grains left in the can.,257
sígu,v,verb,,/mag-/,"to fit, to join perfectly.",Nagsígu ang takúp.,The cover fitted well.,257
sigúro,adv,adverb,,,"maybe, perhaps.",,,257
,adj,adjective,,/-ado/,"certain, for sure.",,,257
siháy,v,verb,,/mag-/,"to be different, to be in contrast, to separate from.",Nagsiháy si Victor sa grúpu.,Victor separated from the group.,257
sihigún,n,noun,,,rod.,,,257
silá,pr,pronoun,,,they (third person plural nominal pronoun).,,,257
sílak,n,noun,,,"rays of the sun, heat of the sun.",,,257
,v,verb,,"/mag-,-an/",to shine brightly.,,,257
sílaw,adj,adjective,,/ma-/,"glaring, extremely shiny, blinding.",,,257
sílhig,n,noun,,,broom.,,,257
,v,verb,,"/mag-,-un/",to sweep.,,,257
síli,n,noun,,,eel.,,230,257
síli’,adj,adjective,,/ma-/,"brilliant, smart.",,,258
silíng,n,noun,,,"saying, talk, words.",,,258
,v,verb,,"/mag-,-un/","to talk about, to say, to mention.",,,258
sílu,adj,adjective,,/ma-/,square.,,,258
sílung,n,noun,,,"basement, shelter.",,,258
,v,verb,,"/mag-,-an/",to take shelter.,Nagsílung silá sa idálum sang káhuy.,They took shelter under a tree.,258
sílut,v,verb,,"/-un,-an/","to punish, to condemn.",Ginsilútan ku ang báta’.,I punished the child.,258
símba,v,verb,,"/mag-,-un/","to worship, to go to church, to pay homage to.",,,258
,n,noun,,/-han/,church.,,,258
simbóryo,n,noun,,,"dome, belfry.",,,258
símbug,v,verb,,"/mag-,-un/","to mix, to dilute liquids.",,,258
símpli,adj,adjective,,,"simple, ordinary.",,,258
símpun,v,verb,,"/mag-,-un/","to join, to be together with.",Nagsímpun si Élma sa mangá laláki.,Elma joined the men.,258
sín,n,noun,,,galvanized iron.,,,258
siná’,d,deictic,,,"those, (far from the speaker).",,,258
síndi,n,noun,,,"flame, light.",,,258
,v,verb,,"/mag-,-an/","to light, to put a match to.",Nagsíndi ang táwu sang sigarílyo.,The man lighted a cigarette.,258
siní,d,deictic,,,these.,,231,258
síni,n,noun,,,"movie theatre, movie film.",,,259
sínsil,n,noun,,,chisel.,,,259
sinsílyo,n,noun,,,"small change, coins.",,,259
síntas,n,noun,,,"strip, ribbon of film.",,,259
sinú’,v,verb,,"/mag-,-un/",to shake so as to feel the sound.,Ginsinú’ ku ang niyúg.,I shook the coconut.,259
sín’u,pr,pronoun,,,who.,,,259
sínyal,n,noun,,,"sign, symbol, gesture.",,,259
,v,verb,,"/mag-,-an/","to make a sign, to gesticulate, to beacon.",,,259
sínyas,n,noun,,,"hint, cue, gesture, sign.",,,259
,v,verb,,"/mag-,-an/","to give the cue, to call, to give a hint.",Nagsínyas si Wilma sa ákun.,Wilma called me.,259
síng,pt,particle,,,variant of sang.,,,259
singkamás,n,noun,,,turnip.,,,259
síngki’,adj,adjective,,,"corny, unaccustomed, unsophisticated.",,,259
síngko,num,numeral,,,five.,,,259
,n,noun,,,five centavo piece.,,,259
singkwénta,num,numeral,,,fifty.,,,259
sínggit,n,noun,,,shout.,,,259
,v,verb,,"/mag-,-un/","to shout, to howl.",,,259
sínghut,n,noun,,,"sniff, smell.",,,259
,v,verb,,"/mag-,-un/","to sniff, to smell closely.",,232,259
singíl,n,noun,,,"sprout, seedling.",,,260
,v,verb,,/mag-/,"to sprout, to germinate.",Nagsingíl ang búlak.,The flower plant sprouted.,260
singít,n,noun,,,"pole, pole with a hook for gathering fruits.",,,260
síngsing,n,noun,,,ring.,,,260
sípa’,n,noun,,,"kick, Filipino game of kick ball.",,,260
,v,verb,,"/mag-,-un/",to kick.,,,260
sipák,v,verb,,/mag-/,to separate from.,Nagsipák sa dálan si Bérting.,Berting separated from us on the way.,260
sipála,v,verb,,"/magpa-,-pa-…-an/","to insult, to scorn.",Ginpasipaláhan mu akú.,You insulted me.,260
sipí’,n,noun,,,"one piece, one piece of an orange.",,,260
sipílyo,n,noun,,,toothbrush.,,,260
sípit,v,verb,,"/mag-,-un/",to carry under the arm.,Ginsípit ku ang líbro pakádtu sa eskwelahán.,I carried the book under my arm going to school.,260
síplat,n,noun,,,"glance, stolen glimpse.",,,260
,v,verb,,"/magpa-, -pa-…-un/",to steal a look at.,Nagpasíplat si José kay María.,Jose took a glimpse of Maria.,260
síp’un,n,noun,,,"cold, running nose.",,,260
sirá,n,noun,,,"lock, bar.",,,260
,adj,adjective,,/-ado/,"closed, locked.",,,260
,v,verb,,"/mag-,-an/","to close, to lock.",,233,260
sirgwélas,n,noun,,,tropical plum.,,,261
sirirítan,n,noun,,,cricket.,,,261
sír’um,n,noun,,,"dark, dusk.",,,261
sistéma,n,noun,,,system.,,,261
sítsit,v,verb,,"/mag-,-an/","to hiss at, to produce a long hissing sound so as to call attention.",Nagsítsit si Líto.,Lito called with a hiss.,261
sítyu,n,noun,,,political and area division smaller than a barrio or village.,,,261
si’úd,n,noun,,,"fish trap, loop.",,,261
,v,verb,,"/mag-,-un/","to trap fish, to gather fish from a si’úd.",,,261
síwil,n,noun,,,"twig, young sprout.",,,261
síya,n,noun,,,"chair, saddle.",,,261
siyám,num,numeral,,,nine.,,,261
sóbra,adv,adverb,,,"over, too much.",,,261
,n,noun,,,"lift-over, balance.",,,261
,v,verb,,"/mag-,-an/",to be more than necessary.,,,261
,v,verb,,"/mag-,-un/","to add together, to get the sum.",,,261
sóbre,n,noun,,,envelope.,,,261
soldádo,n,noun,,,soldier.,,,261
soltéro,n,noun,,,single man of age fifteen and up.,,,261
sopá,n,noun,,,"couch, sofa.",,,261
sorbéte,n,noun,,,ice cream.,,234,261
soríso,n,noun,,,sausage.,,,262
sú’ay,v,verb,,"/mag-,-un/","to debate, to dispute, to disobey.",Nagsú’ay ang duhá.,The two debated.,262
,adj,adjective,,/pala-/,"disobedient, hostile.",,,262
subá’,n,noun,,,river.,,,262
subáng,n,noun,,,oldest child.,,,262
subáy,n,noun,,,"ant, red ant.",,,262
súbli’,v,verb,,"/mag-,-un/","to inherit, to be heir to.",,,262
,n,noun,,/pang-/,"legacy, heritage; /mang-/ heir.",,,262
subú’,n,noun,,/ka-/,"sadness, sorrow, loneliness.",,,262
,adj,adjective,,/ma-/,"sad, lonely, sorrowful.",,,262
,v,verb,,"/ma-…-an, -an/","to become sad, to feel lonely.",Ginsubu’án akú sang natabú’.,I felt sad because of the incident.,262
súbul,v,verb,,/-un/,"to cast out, to drive away, to renounce.",Ginsúbul sang Amerikáno ang “Vietcong”.,The American renounced the Vietcong.,262
subúng,adv,adverb,,,"now, like, similarly.",,,262
súka,n,noun,,,"spew, vomit.",,,262
,v,verb,,"/mag-,-un/","to vomit, to throw up.",,,262
súka’,n,noun,,,vinegar.,,,262
súkat,n,noun,,,measurement.,,,262
,v,verb,,"/mag-,-un/",to measure.,,,262
súk’ay,v,verb,,"/mag-,-un/","to dig up earth, to turn up earth with a hand tool.",Nagsúk’ay akú sang batú.,I dug out the stone. 235,262
súki’,n,noun,,,"favorite customer, favorite salesman.",,,263
súl’ub,v,verb,,"/mag-,-un/","to dress, to put on a dress, to wear a garment.",,,263
súksuk,n,noun,,,"apparel, dress, house lizard.",,,263
,v,verb,,"/mag-,-un/","to wear a garment, to put on, to don.",,,263
sukúb,v,verb,,"/mag-,-un/",to measure the quantity of.,Ginsúkub ku ang bugás.,I measured the rice.,263
sukút,n,noun,,,"payment, price, collection.",,,263
,v,verb,,"/mag-,-un/","to collect, to ask for payment.",,,263
súd’an,n,noun,,,"main course of a meal, viand to go with rice during a meal.",,,263
sugá’,n,noun,,,"light, electric bulb.",,,263
sugál,n,noun,,,"gambling, risk.",,,263
,v,verb,,"/mag-,-un/","to gamble, to take the risk.",,,263
súgat,v,verb,,"/mag-,-un/",to fetch people.,Nagsúgat si José kay Lýdia.,Jose fetched Lydia.,263
sugatá’,v,verb,,"/mag-,-un/","to encounter, to meet accidentally, to come from different directions.",Nagsugatá’ si Nélson kag si António.,Nelson and Antonio met each other.,263
súgba,v,verb,,"/mag-,-un/","to roast, to broil, to broil directly on top of live coal.",,,263
súgbu,v,verb,,"/mag-,-un/","to jump overboard, to dive into.",Nagsúgbu ang táwu.,The man dove.,263
súghaw,v,verb,,"/mag-,-un/","to glean, to pick after a reaper.",,236,263
súgid,n,noun,,,"disclosure, story.",,,264
,v,verb,,"/mag-,-un/","to tell, to disclose.",,,264
sugilánun,n,noun,,,"story, conversation.",,,264
,v,verb,,"/mag-,-un/","to tell a story, to converse with.",,,264
súgpa’,v,verb,,"/mag-,-un/",to spit blood.,,,264
súgpu,n,noun,,,lobster.,,,264
súgpun,n,noun,,,"connection, adjoining part, continuation.",,,264
,v,verb,,"/mag-,-un/","to adjoin, to connect, to continue.",,,264
súgu’,n,noun,,,"command, request.",,,264
,v,verb,,"/mag-,-un/","to request, to command, to decree.",,,264
súgud,n,noun,,/-in-…-an/,"start, beginning.",,,264
,v,verb,,"/mag-,-an/","to start, to begin, to commence.",,,264
sugút,n,noun,,/ka-…-anan/,"agreement, contract.",,,264
,v,verb,,"/mag-,-an/","to consent, to agree, to allow, to permit.",,,264
súgyut,v,verb,,/-un/,"to urge on, to induce, to provoke.",Ginsúgyut ni Rogelío si Dína.,Rogelio provoked Dina.,264
súhul,n,noun,,,"salary, pay.",,,264
,v,verb,,"/mag-,-un/","to pay wages, to give salary to.",,,264
súhut,v,verb,,"/mag-,-un/","to creep through, to go under, to crawl through a narrow passage.",Nagsúhut ang báta’ sa lamésa.,The child went under the table. 237,264
,n,noun,,/pa-/,bribe.,,,265
súlab,n,noun,,,blade.,,,265
sulábi,v,verb,,"/magpa-,-pa-…-un/","to pet, to discriminate, to prefer, to distinguish.",Ginpasulábi sang Nánay ang mánghud.,The Mother preferred the younger child.,265
sulát,n,noun,,,"handwriting, letter.",,,265
,v,verb,,"/mag-,-un/",to write.,,,265
suláy,v,verb,,"/mag-,-un/","to tempt, to induce, to do otherwise.",Ginsuláy ku ang súgu’ ni Nánay.,I disobeyed the command of my mother.,265
súlda,v,verb,,"/mag-,-un/",to weld together.,,,265
súlhay,adj,adjective,,/ma-/,"comfortable, at ease.",,,265
,n,noun,,/ka-/,"comfort, ease.",,,265
,v,verb,,/mag-/,"to become easy, to live in comfort.",Nagsúlhay ang íla pangabúhi’.,They lived in comfort (after a while).,265
sulí’,v,verb,,"/mag-,-un/",to turn upside down.,Nagsulí’ ang báso.,The glass overturned.,265
súlip,v,verb,,"/mag-,-un/","to pass under the house, to dive.",,,265
súlit,v,verb,,"/mag-,-un/","to test, to repeat, to do again.",Ginsúlit ku ang síni.,I saw the movie again.,265
súlu,adv,adverb,,,"alone, solely.",,,265
sulú’,n,noun,,,torch.,,,265
súluk,n,noun,,,corner.,,,265
sulúd,id,idiom,,,"come in, enter.",,,265
,n,noun,,,"inside, room.",,238,265
,v,verb,,"/mag-,-un/","to enter, to go inside, to put inside.",,,266
súlsul,v,verb,,"/mag-,-un/","to press on, to insist.",,,266
súlung,v,verb,,"/mag-,-un/","to inspect, to raid.",Ginsúlung sang mangá sikréta ang sugálan.,The detectives raided the gambling den.,266
sulusakayán,n,noun,,,"toy boat, paper boat.",,,266
súma,n,noun,,,"sum, addition.",,,266
,v,verb,,"/mag-,-un/",to add up.,,,266
súman,n,noun,,,sticky cooked rice wrapped in banana leaf.,,,266
súmbag,v,verb,,"/mag-,-un/","to box, to hit with the fist.",,,266
súmbung,v,verb,,"/mag-,-un/","to denounce, to accuse, to report.",Ginsúmbung ku ang estudyánte sa ma’éstro.,I reported the student to the teacher.,266
súm’ud,v,verb,,"/mag-,-un/","to loathe, to have more than enough so as to feel boredom, to cloy.",Nagsúm’ud ang pagká’un.,The food made me cloy.,266
súmpa’,n,noun,,,"oath, sworn statement, vow.",,,266
,v,verb,,"/mag-,-un/","to take an oath, to swear, to make a big promise.",,,266
súmpung,v,verb,,"/mag-,-un/","to oppose, to resist, to fight, to have an argument with.",Ginsúmpung ku ang ma’éstro.,I opposed the teacher.,266
sundáyag,v,verb,,"/mag-,-pa-…-un/","to publish, to display, to explain.",Ginpasundáyag sa peryódiko ang íla kasál.,Their wedding was published in the newspaper.,266
súnlug,n,noun,,,"teasing, joke.",,239,266
,v,verb,,"/mag-,-un/",to tease.,,,267
súnsun,adj,adjective,,/ma-/,"frequent, often.",,,267
súntuk,v,verb,,"/mag-, -un/","to pierce, to thrust, to go through.",Ginsúntuk ang dulúnggan ku sang dágum.,My ear was pierced with a needle.,267
sunú’,con,conjunction,,,according to.,,,267
sunúd,adv,adverb,,,next.,,,267
,v,verb,,"/mag-, -un/","to go after, to follow, to tag along.",Nagsunúd ang idú’ sa ákun.,The dog followed me.,267
,n,noun,,/-lu-…-an/,"rules, laws, guidelines; /-lu-…-un/ leader, example, model, rules.",,,267
sunúdsunúd,adv,adverb,,,one after another.,,,267
,v,verb,,"/mag-, -un/","to tail, to tag along, to keep on following after.",Ginsunúdsúnud nya akú.,He kept on following me.,267
súnug,n,noun,,,"fire, dest ctive burning.",,,267
,v,verb,,"/mag-, -un/","to set fire to, to burn, to raze.",,,267
súngay,n,noun,,,horn.,,,267
,v,verb,,"/mag-, -un/","to gore, to pierce with a horn.",,,267
súngka’,n,noun,,,"Filipino game of stones, appeal.",,,267
,v,verb,,"/mag-, -un/",to appeal a case in the upper court.,Nagsúngka’ silá.,They appealed (their case).,267
súnggu’,v,verb,,"/mag-, -un/","to bump into, to crash against, to knock hard against something.",Nagsúnggu’ ang ákun úlu sa lamésa.,My head bumped against the table. 240,267
súnggud,v,verb,,"/mag-, -un/","to sulk, to resent, to be disappointed so as to sulk.",Nagsúnggud si María.,Maria sulked.,268
súngsung,n,noun,,,"stopper, cork.",,,268
,v,verb,,"/mag-, -un/",to close an opening with a stopper or a cork.,Ginsungsungán ku ang botélya.,I put a stopper in the bottle.,268
súngu,n,noun,,,antennae of insects.,,,268
súpas,n,noun,,,soup.,,,268
superbisór,n,noun,,,supervisor.,,,268
supládu,adj,adjective,,,"stubborn, over-bearing.",,,268
súpsup,v,verb,,"/mag-, -un/","to sip in, to suck, to absorb.",Ginsúpsup ku ang Coca Cóla.,I sipped Coca Cola.,268
supúk,v,verb,,"/mag-, -un/","to contradict, to oppose, to fight someone smaller in size or younger in age.",Nagsupúk sya sang báta’.,He fought a child.,268
supúg,adj,adjective,,/ma-/,"rabid, contagious, furious.",,,268
súput,n,noun,,,paper sack or bag.,,,268
supút,v,verb,,"/mag-, -un/","to gather or collect in small amounts, to be against someone smaller in size.",Nagsupút silá magkolékta sang maskín tagdyés.,They collected even ten centavo coins.,268
súrsi,n,noun,,,"darning, patch.",,,268
,v,verb,,"/mag-, -un/","to darn, to patch.",,,268
sús,intj,interjection,,,"oh, my goodness, wow.",,241,268
súsi’,v,verb,,"/mag-, -un/","to investigate, to look into, to try to discover, to research.",Ginsúsi’ ku sang ma’áyu ang kásu.,I looked into the case very well.,269
suspendér,v,verb,,"/mag-, -un/","to suspend, to reprieve.",,,269
susténto,n,noun,,,"sustenance, maintenance.",,,269
súsu,n,noun,,,"mammary gland, breast.",,,269
,v,verb,,/mag-/,to nurse from the breast or bottle.,,,269
sutíl,adj,adjective,,,"naughty, mischievous.",,,269
sútsut,v,verb,,"/mag-, -an/","to prod from below with a very little force, to make a hissing sound to call attention.",Ginsutsután ku si Ernésto.,I hissed at Ernesto.,269
súyup,v,verb,,"/mag-, -un/","to absorb, to suck in, to breathe in.",,,269
swélas,n,noun,,,"of shoes, sole.",,,269
swéldo,n,noun,,,"salary, pay, wage.",,,269
,v,verb,,"/mag-, -un/","to pay wages, to receive a salary.",,,269
swérte,n,noun,,,"luck, fate.",,,269
,adj,adjective,,/ma-/,lucky.,,,269
syá,pr,pronoun,,,"he, she, it (third person singular nominal pronoun).",,,269
syápa,n,noun,,,badge.,,,269
syémpre,id,idiom,,,"of course, certainly, yes.",,,269
syén,num,numeral,,,hundred.,,,269
syénsya,n,noun,,,science.,,242,269
syérto,adv,adverb,,,"certainly, surely.",,,270
syéte,num,numeral,,,seven.,,,270
syudád,n,noun,,,"city, metropolis.",,243,270
ta,pr,pronoun,,,short form of nátun.,,,271
tá’as,adj,adjective,,/ma-/,tall.,,,271
,v,verb,,"/mag-, -an/","to grow tall, to raise, to increase.",Ginta’ásan ang rénta.,The rent was increased.,271
tába’,v,verb,,"/mag-, -un/",to buy land or fields.,,,271
tabáku’,n,noun,,,"tobacco, cigar.",,,271
,v,verb,,"/mag-, -un/","to smake a cigar, to chew tobacco.",,,271
tában,n,noun,,"/mag-, -un/","to run away with, to take away, to elope.",Nagtában si Cárlos kag si Emily.,Carlos and Emily eloped.,271
tábang,n,noun,,,"help, aid, succor.",,,271
,v,verb,,"/mag-, -an/","to assist, to help.",,,271
táb’ang,adj,adjective,,/ma-/,"tasteless, of liquid consistency, light, mild.",,,271
tábas,v,verb,,"/mag-, -un/","to sew, to cut cloth.",Gintábas ku ang báyu’.,I sewed the dress.,271
tabíd,v,verb,,"/mag-, -un/","to link together with a rope or string, to attach to.",,,271
tabínas,n,noun,,,embarrassment.,,,271
tabís,n,noun,,,"penalty, fine.",,,271
tablétas,n,noun,,,"medicine tablet, pill.",,244,271
tabú’,n,noun,,/hi-/,"dipper, can used to scoop out water;  case, event, happening.",,,272
,v,verb,,/ma-/,"to happen, to occur, to come to pass.",,,272
tábu’,v,verb,,"/mag-, -un/","to come together, to meet purposely, to fetch from an airport or pier.",Gintábu’ ku si Nánay sa pantalán.,I met my mother at the pier.,272
tabúk,v,verb,,"/mag-, -un/","to go across, to cross over.",Nagtabúk silá sang subá’.,They went across the river.,272
tábug,v,verb,,"/mag-, -un/","to drive away, using arm gestures.",Gintábug ku ang mangá lángaw.,I drove the flies away.,272
tabún,n,noun,,,cover.,,,272
,v,verb,,"/mag-, -un/",to cover with something.,,,272
tak’an,v,verb,,/ma-/,"to get disgusted with, to get bored, to become weary, to get tired of.",,,272
Naták’an,na,noun formative,,,akú magpamáti’ sa íya istórya.,I’m bored listening to his stories.,,272
tákam,v,verb,,"/mag-, -un/",to munch or chew noisily.,,,272
tákas,n,noun,,,"land, dry land.",,,272
,v,verb,,/mag-/,"to disembark, to go ashore, to go out of the water.",Nagtákas na silá pagkatápus malígu’ sang tátlu ka óras.,They finally got out of the water after swimming for three hours.,272
tákdung,v,verb,,"/mag-, -un/",to cover the head.,Nagtákdung akú sang peryódiko kay ma’ulán.,I covered my head with the newspaper because it is raining. 245,272
táklad,v,verb,,"/mag-, -un/","to ascend, to climb over an obstacle.",Gintáklad ku ang bánglid.,I climbed the hill.,273
táklap,v,verb,,"/mag-, -un/","to cover, to put or lay upon.",,,273
táklas,v,verb,,"/mag-, -un/","to climb up a steep or uncleared path, to climb over an obstacle.",,,273
táklung,n,noun,,,snail.,,,273
táklus,v,verb,,"/mag-, -un/",to hang an object around the hip or waist with a belt.,Nagtáklus si Pédro sang binángun.,Pedro tied a machete around his waist.,273
tákna’,n,noun,,,"hour, moment.",,,273
táktak,v,verb,,/ma-/,"of petals or leaves, to fall one by one.",Natáktak ang mangá dáhun.,The leaves fell.,273
takúd,v,verb,,"/mag-, -un/","to put on, to connect, as of electric wire, to install.",Gintakúd námun ang mangá bombílya.,We installed the electric bulbs.,273
takúp,n,noun,,,"cover, stopper.",,,273
,v,verb,,"/mag-, -un/","to cover, to put a cover on.",,,273
takús,n,noun,,,"fit, measure, dimension.",,,273
tádlung,adj,adjective,,,straight.,,,273
,v,verb,,"/mag-, -un/",to straighten.,,,273
tádtad,v,verb,,"/mag-, -un/","to chop, to mutilate.",Gintádtad ku ang kárne.,I chopped the meat.,273
tádyaw,n,noun,,,native clay jar designed to hold water.,,246,273
tag,na,noun formative,,,noun formative affix designating type of work done by a person.,Si Villaréal ang isá sa mangá taglawás sang Cápiz.,Villareal is one of the representatives of Capiz.,274
tag,pt,particle,,,adverbial formative affix designating quantity or value.,Tag síngko písos iná’.,Those are for five pesos each.,274
tagá,v,verb,,,"to be from, to come from, to originate from.",tagá di’ín adv from where.,,274
Tagálog,n,noun,,,"language spoken principally in the Greater Manila area, and in Bata’an, Bulacan, Occidental Mindoro, Oriental Mindoro, Quezon and Rizal provinces.",,,274
tagám,v,verb,,"/mag-, -an/","to beware, to be careful of, to take the risk.",Nagtagám silá pagtabúk sang subá’.,They were careful about crossing the river.,274
,n,noun,,/ka-…-la-…-an/,"danger, risk.",,,274
tagasák,v,verb,,/mag-/,"to make a slapping sound, to resound, to make a dripping sound like the rain.",Nagtagasák ang ulán.,The rain dripped.,274
tágay,v,verb,,"/mag-, -un/","to put out, to offer.",,,274
tagbaláy,n,noun,,,"owner of the house, host, or hostess.",,,274
,id,idiom,,,hello (anybody home).,,,274
tágbang,v,verb,,"/mag-, -un/",to cast overboard.,,,274
tághul,n,noun,,,"howl, dog bark.",,,274
,v,verb,,/mag-/,"to howl, to bark like a dog.",Nagtághul ang idú’.,The dog howled. 247,274
tághuy,v,verb,,/mag-/,"to wail, to sigh.",,,275
tagíptip,n,noun,,,mildew.,,,275
tag’íya,n,noun,,,"owner, possessor.",,,275
tágna’,n,noun,,,"guess, prediction, prophecy, forecast.",,,275
,v,verb,,"/mag-, -un/","to foretell, to predict, to guess.",,,275
tagpilá,adv,adverb,,,how much.,,,275
tágring,n,noun,,,"resonance, ringing sound as of a telephone.",,,275
,v,verb,,/mag-/,"to ring, to resound.",Nagtágring ang telépono.,The telephone rang.,275
tágsa,adv,adverb,,,"each, each one, per person.",,,275
tágsatágsa,n,noun,,,"everyone, each one, one by one.",,,275
tágsing,adj,adjective,,/ma-/,"oxytone, sonorous.",,,275
tágtag,v,verb,,"/mag-, -un/","to distribute, to apportion.",,,275
tágu’,v,verb,,"/mag-, -un/","to hide, to store away, to conceal.",,,275
tagúb,n,noun,,,"sheath, scabbard.",,,275
tagudíli’,v,verb,,/-un/,"to condemn, to damn.",,,275
tagúm,adj,adjective,,,blue.,,,275
tahál,v,verb,,"/mag-, -an/",to sharpen a pencil.,Nagtahál akú sang lápis.,I sharpened a pencil.,275
táhaw,v,verb,,/mag-/,"to become mild, to lose alcohol content, to be flat.",Nagtáhaw na ang serbésa.,The beer is already flat. 248,275
tahí’,n,noun,,,"sewing, stitch.",,,276
,v,verb,,"/mag-, -un/",to sew.,,,276
táhud,n,noun,,,"respect, honor, courtesy.",,,276
,v,verb,,"/mag-, -un/",to show respect or courtesy.,,,276
tahúm,adj,adjective,,/ma-/,"beautiful, pretty.",,,276
,n,noun,,/ka-/,"beauty, effulgence.",,,276
talágsa,adv,adverb,,,"rarely, scarcely, seldom.",,,276
talá’id,adv,adverb,,,"evenly distributed, evenly done.",,,276
talámnan,n,noun,,,"field, garden.",,,276
tálang,v,verb,,/mag-/,"to miss the way, to lose one’s way.",Nagtálang kamí.,We lost our way.,276
tál’as,v,verb,,/mag-/,to run away.,,,276
talástas,n,noun,,,"edict, proclamation.",,,276
,v,verb,,"/magpa-, -pa-…-un/","to know, to understand, to proclaim.",Ginpatalástas sang Mayór nga walá’ sang magbalígya’ sang serbeśa sa Domínggo.,The Mayor proclaimed that no beer can be served this Sunday.,276
tálaw,adj,adjective,,/ma-/,"chicken-hearted, coward.",,,276
talikúd,v,verb,,"/mag-, -an/","to turn one’s back upon, to abandon, to desert.",Nagtalikúd si Élsa sa ámun.,Elsa turned her back on us.,276
talimbabága,n,noun,,,centipede.,,,276
talíthi’,n,noun,,,"drizzle, shower.",,249,276
talíwan,v,verb,,"/mag-, -an/","to bypass, to catch up and then leave behind, to overtake.",,,277
Nag-talíwan,na,noun formative,,,ang búlan sang Febréro.,,The month of February is already past.,277
táltal,v,verb,,"/mag-, -un/",to loosen especially with a jackscrew or a hammer.,Gintáltal nilá ang kudál.,They tore down the fence.,277
talúdtud,n,noun,,,ridge.,,,277
talúm,adj,adjective,,/ma-/,sharp as of knives and blades.,,,277
,n,noun,,/ka-/,sharpness.,,,277
talúng,n,noun,,,eggplant.,,,277
tál’us,v,verb,,"/mag-, -an/","to take another’s place, to substitute for someone.",,,277
talyér,n,noun,,,repair shop for cars.,,,277
táma’,adv,adverb,,,"correct, well, extremely, excessively.",,,277
,v,verb,,/mag-/,"to be correct, to fit into, to adjust well.",Nagtáma’ ang takúp sa botélya.,The cover fitted the bottle.,277
tamád,adj,adjective,,/ma-/,"idle, lazy, indolent.",,,277
tamáwu,n,noun,,,"dwarf, elf.",,,277
tamáy,v,verb,,/-un/,"to despise, to contempt.",,,277
támbal,n,noun,,/manug-/,"medicine, cure, remedy;  doctor, quack doctor.",,,277
,v,verb,,"/mag-, -un/","to cure, to remedy.",,,277
tambalihán,n,noun,,,chameleon.,,,277
támbi,v,verb,,,"of sewing, to sew a small piece to a bigger piece of cloth, to have enough material.",,250,277
támbu’,n,noun,,,bamboo shoot.,,,278
támbuk,n,noun,,/ka-/,"fatness, stoutness.",,,278
,adj,adjective,,/ma-/,"fat, stout, obese.",,,278
támbung,v,verb,,/mag-/,"to attend, to be present.",Nagtámbung kamí sang prográma.,We attended the program.,278
támbur,n,noun,,,drum.,,,278
tamíng,n,noun,,,"armor, shield.",,,278
tám’is,n,noun,,/ka-/,sweetness.,,,278
,adj,adjective,,/ma-/,sweet.,,,278
támpa’,n,noun,,,slap on the face.,,,278
,v,verb,,"/mag-, -un/",to slap on the face.,,,278
támpad,adj,adjective,,,"frank, candid.",,,278
,v,verb,,"/mag-, -un/","to confront, to be frank, to divulge.",,,278
tampálas,v,verb,,"/mag-, -un/",to insult.,,,278
,adj,adjective,,/-an/,cruel.,,,278
támpi,v,verb,,"/mag-, -un/","to put on an apron, to put something over the dress so as to cover it.",Gintámpi ku ang sáya pára indí’ mahigku’án ang ákun báyu’. I wore the skirt over my dress so that it won’t get soiled.,,278
támpis,n,noun,,,"apron, piece of cloth worn over the skirt for decoration.",,251,278
támpuk,v,verb,,"/mag-, -an/","to fill up a hole, to cover a hole.",Gintampukán ku ang búhu’.,I covered the hole.,279
tamúd,v,verb,,"/mag-, -un/",to look upon.,,,279
támwa,v,verb,,/mag-/,to peep out of.,,,279
támyaw,v,verb,,"/mag-, -an/","to greet, to entertain.",,,279
tanán,pr,pronoun,,,"all, everybody, everything.",,,279
tanáng,adj,adjective,,,ripe.,,,279
tán’aw,v,verb,,"/mag-, -un/","to see, to watch, to look at.",,,279
tánda’,n,noun,,,"mark, line, indication.",,,279
tándug,v,verb,,/-un/,"to touch, to move around.",Gintándug ni Vída ang mangá líbro.,Vida touched the books.,279
tándus,adj,adjective,,/ma-/,excellent.,,,279
táni’,adv,adverb,,,"if possible, perhaps, possibly.",,,279
tánsya,n,noun,,,"estimate, prediction.",,,279
,v,verb,,"/mag-, -un/","to estimate, to predict the quantity.",Gintánsya ku nga limá ka bílug ang kinahánglan nátun.,I estimated that we were going to need five pieces.,279
tanúm,n,noun,,,plant.,,,279
,v,verb,,"/mag-, -un/","to plant, to allow to grow.",,,279
tányag,n,noun,,,offer.,,,279
,v,verb,,"/mag-, -un/","to offer as a bonus, to offer.",Nagtányag ang kumpaníya sang prémyo.,The company offered prizes.,279
tangá,n,noun,,,cockroach.,,252,279
tangá’,v,verb,,/mag-/,"to look up, to look stupid, to have a blank stare.",Nagtangá’ si Mário sa kláse.,Mario looked stupid in class.,280
tángki,n,noun,,,tank container.,,,280
tangkúgu’,n,noun,,,nape of the neck.,,,280
tángis,n,noun,,,"cry, lament.",,,280
,v,verb,,"/mag-, -un/","to cry, to lament.",Nagtangís akú kay nagsakít ang ákun ngípun.,I cried because my tooth ached.,280
tángla’,v,verb,,/mag-/,to look up.,,,280
tangú’,n,noun,,,"nod, nodding movement of the head.",,,280
,v,verb,,/mag-/,to nod the head for assent.,Nagtangú’ ang ma’éstra.,The teacher nodded her head.,280
tangú’tángu’,v,verb,,/mag-/,to nod the head repeatedly to show assent.,,,280
tápak,n,noun,,,"foot mark, footfall.",,,280
,v,verb,,"/mag-, -an/","to tread barefooted, to step on.",Nagtápak akú sa papél.,I stepped on the paper.,280
tápán,adj,adjective,,/ma-/,"flat, plain, level.",,,280
tapás,v,verb,,"/mag-, -un/","to cut down a big plant or tree, to chop down.",,,280
tapát,v,verb,,"/mag-, -un/","to resolve, to tell the truth, to be frank.",,,280
tápi’,n,noun,,,"wood, board, lumber.",,,280
tapík,v,verb,,"/mag-, -an/","to transfer to, to stick to, to move over.",,253,280
táplik,v,verb,,"/mag-, -un/","to flick, to jerk, to flick on the sides.",Gintáplik ku ang latigú.,I flicked the whip.,281
tápna’,v,verb,,"/mag-, -un/",to stop.,,,281
tápnay,v,verb,,"/mag-, -un/","to carry or hold in the arms, to cradle in the arms like a baby.",Nagtápnay si Lourdes sang íya lápsag.,Lourdes cradled her infant baby.,281
tápu’,n,noun,,/-lu-…-anan/,"association, group, club.",,,281
,v,verb,,/mag-/,"to join together as a group, to associate, to group together.",Nagtápu’ ang mangá estudyánte sa kapiteríya.,The students grouped together in the cafeteria.,281
tapúk,adj,adjective,,/ma-/,"brittle, delicate, non-durable.",,,281
tápuk,v,verb,,"/mag-, -un/","to throw away, to cast away to a far off place, to deport.",Gintápuk silá sang gobyérno.,They were deported by the government.,281
tapús,adj,adjective,,,"finished, completed.",,,281
,v,verb,,"/mag-, -un/","to finish, to complete.",,,281
tapútapú,n,noun,,,dust.,,,281
tarhéta,n,noun,,,"card, identification.",,,281
társo,n,noun,,,"clown, joker.",,,281
tárung,n,noun,,/ma-/,"reason, excuse.",,,281
,v,verb,,/mag-/,"to behave well, to straighten up.",Nagtárung ang mangá estudyánte pag- pangákig sang ma’éstro.,The students behaved when the teacher scolded them. 254,281
tása,n,noun,,,drinking cup.,,,282
tásak,v,verb,,"/mag-, -un/","to put on one’s foot, to step into.",,,282
táslaw,adj,adjective,,/ma-/,coward.,,,282
tástas,v,verb,,"/mag-, -un/","to separate, to take off stitching after sewing, to remove stitching by a blade or any sharp instrument.",,,282
tátap,v,verb,,"/mag-, -un/","to look after, to take care of, to attend to.",Gintátap námun ang bisíta.,We looked after the visitor.,282
tatay,n,noun,,,"father, respect form for older male relatives.",,,282
tátlu,num,numeral,,/ika-/,three;  third; /ka-…-an/ thirty; /napulug-/ thirteen.,,,282
tá’ub,n,noun,,,"tide, high tide.",,,282
tawág,n,noun,,,"call, telephone call, beacon.",,,282
,v,verb,,"/mag-, -un/","to call, to beacon.",,,282
táwgi,n,noun,,,mongo bean sprouts used as vegetable.,,,282
táwhay,adj,adjective,,/ma-/,"peaceful, with ease, slow.",,,282
táwtaw,v,verb,,"/mag-, -un/","to drop and pull a fish hook into the water, to cast a hook in the water.",Gintáwtaw ku ang bunít sa túbig.,I cast the hook in the water.,282
táwu,n,noun,,,man.,,,282
,v,verb,,/ma-/,to be born.,,,282
Tay,n,noun,,,variant of Tátay.,,,282
tayá’,n,noun,,,"stake, bet.",,255,282
,v,verb,,"/mag-, -un/","to bet, to put up as stake.",,,283
táytay,n,noun,,,bridge.,,,283
tayúbung,n,noun,,,starch.,,,283
táyug,adj,adjective,,/ma-/,high up in the air.,,,283
táy’ug,v,verb,,/mag-/,"to tremble, to shake.",,,283
tayún,v,verb,,"/mag-, -un/","to funnel, to fill a bottle with liquid.",Nagtayún ang mutsátsa sang gátas sa botélya.,The maid put milk into the bottle.,283
tayúyun,adj,adjective,,/ma-/,easy.,,,283
téla,n,noun,,,cloth.,,,283
telebísyon,n,noun,,,television.,,,283
telegráma,n,noun,,,telegram.,,,283
,v,verb,,"/mag-, -an/",to send a telegram.,,,283
teleponó,n,noun,,,telephone.,,,283
,v,verb,,"/mag-, -an/",to call on the telephone.,,,283
témpla,n,noun,,,"flavor, mixture, consistency.",,,283
,v,verb,,"/mag-, -un/","to mix, to tamper for consistency.",Si Nánay ang nagtémpla sang súpas.,Mother mixed the soup.,283
tempráno,adv,adverb,,,early.,,,283
tenér,v,verb,,"/mag-, -an/","to stay, to live in, to reside.",Nagtenér kamí sa Bacólod sang ápat ka ádlaw.,We stayed in Bacolod for four days.,283
tenyénte,n,noun,,,lieutenant.,,256,283
térno,n,noun,,,"matching coat and pants for men, matching shoes, handbag and dress for ladies, formal long native costume of Filipinas with butterfly sleeves.",,,284
tesoréro,n,noun,,,treasurer.,,,284
testígo,n,noun,,,"witness, testimony.",,,284
,v,verb,,/mag-/,"to witness, to testify.",,,284
tí’,pt,particle,,,"well…, so, now then, you see, I told you so.",,,284
ti’áw,v,verb,,"/mag-, -un/","to tease, to make a joke of.",,,284
ti’áwtí’aw,n,noun,,,"joke, teasing.",,,284
ti’áyun,v,verb,,/mag-/,"to live together as husband and wife, to get along together, to be compatible in personality.",Nagti’áyun si Cárlos kag si Néllie. Carlos ang Nellie got along very well.,,284
tibákla,n,noun,,,grasshopper.,,,284
tibáw’as,v,verb,,/mag-/,"to escape, to set free.",,,284
tibúnug,adj,adjective,,/ma-/,"healthy, robust.",,,284
tíb’ung,v,verb,,"/mag-, -un/","to raise, to lift.",,,284
tíbsuk,v,verb,,/ma-/,to fall down head first.,Natíbsuk ang báta’.,The child fell.,284
tikáb,v,verb,,"/mag-, -un/",to open one’s mouth.,Nagtikáb si Nelía pára sa dentísta.,Nelia opened her mouth for the dentist.,284
tíkal,v,verb,,/mag-/,"to talk too much, to prattle.",,,284
tikálun,adj,adjective,,,"proud, vainglorious.",,257,284
tikáng,n,noun,,,"step, tread.",,,285
,v,verb,,"/mag-, -an/","to step on, to walk, to tread.",,,285
tíkas,v,verb,,"/mag-, -un/",to steal.,,,285
tíklud,v,verb,,"/mag-, -un/","to push away, to push behind.",Gintíklud ni José si Terésa.,Jose pushed Teresa.,285
tíklup,v,verb,,"/mag-, -un/",to fold over.,,,285
tíkma’,v,verb,,"/mag-, -un/","to shock, to jolt.",,,285
tikú’,adj,adjective,,,"crooked, bent, curved.",,,285
,v,verb,,"/mag-, -pa-…-un/","to become bent, to make crooked.",Nagtikú’ ang alámbre.,The wire became crooked.,285
tig,pt,particle,,,variant of tag.,,,285
tig-…-la-,na,noun formative,,,noun formative affix designating season of abundance or plurality.,Tigmalá’is súbung. It’s corn harvest season now.,,285
tig…-li-,na,noun formative,,/tig-…-la-/,variant of .,,,285
tíg’a,adj,adjective,,/ma-/,"hard, solid.",,,285
,v,verb,,/mag-/,"to become hard, to solidify.",,,285
tigána,n,noun,,,left-overs.,,,285
,v,verb,,"/mag-, -un/","to leave for later, to store away, to stock for later use.",Nagtigána si Nánay sang pagká’un pára kay Tátay.,Mother kept some food for Father.,285
tíg’ang,v,verb,,"/mag-, -un/","to set over the fire to cook, to cook steamed rice.",Nagtíg’ang na akú.,I cooked rice already. 258,285
tigayún,v,verb,,/ma-/,"to become a reality, to make possible, to bring about.",Natigayún ang íla plánu.,Their plan succeeded.,286
tígbas,v,verb,,/-un/,to cut off with considerable force so as to make only one stroke.,Gintígbas ni Juán ang púnu’ sang ságing.,Juan cut down the banana plant.,286
tígdas,adj,adjective,,/ma-/,"severe, rigid, strict.",,,286
tigíb,n,noun,,,chisel.,,,286
tig’ik,n,noun,,,"shriek, choking sound.",,,286
,v,verb,,/mag-/,to shriek.,,,286
tiglawás,n,noun,,,"representative, congressman, spokesman.",,,286
tigre,n,noun,,,tiger.,,,286
tigúlang,adj,adjective,,,"of people, old.",,,286
,v,verb,,/mag-/,"to grow old, to age.",,,286
tihín,v,verb,,/mag-/,to walk on tiptoe.,Nagtihín si Líto pára índi’ mabati’án ang íya pag’abút.,Lito tiptoes so that no one will hear of his arrival.,286
tí’id,v,verb,,/mag-/,to tread carefully or stealthily.,,,286
ti’íl,n,noun,,,"feet, foot, leg.",,,286
tiláw,v,verb,,"/mag-, -an/","to taste, to try.",,,286
timá’an,n,noun,,,"sign, signal, warning.",,,286
timáwa’,n,noun,,,"mass of poor people, masses, citizenry.",,,286
tímba’,n,noun,,,bucket used to fetch water from a well.,,,286
,v,verb,,"/mag-, -un/",to draw water from a well.,,259,286
tímbang,n,noun,,/-an/,"weight;  scale, balance.",,,287
,v,verb,,"/mag-, -un/","to weigh, to balance.",,,287
tímbre,n,noun,,,"seal, stamp.",,,287
,v,verb,,"/mag-, -un/","to seal with a seal, to mark, to earmark.",,,287
timbú’uk,v,verb,,/mag-/,"to whirl upward with speed, to soar.",Nagtimbú’uk ang eropláno.,The plane soared in the air.,287
tín’ad,v,verb,,/mag-/,to become prosperous.,Nagtín’ad ang íya famílya.,His family prospered.,287
tinápay,n,noun,,,"bread, cookie.",,,287
tín’aw,n,noun,,/ka-/,"of water, clearness.",,,287
,adj,adjective,,/ma-/,"of water, clear.",,,287
tíndak,n,noun,,,kick.,,,287
,v,verb,,"/mag-, -an/",to kick.,,,287
tínday,n,noun,,,calf.,,,287
tindéro,n,noun,,,"vendor, salesman.",,,287
tíndug,n,noun,,,"poise, stature.",,,287
,v,verb,,/mag-/,"to stand, to arise.",,,287
tinedór,n,noun,,,fork.,,,287
tiniklíng,n,noun,,,Filipino dance using bamboo poles.,,,287
tínlu’,n,noun,,/ka-/,"cleanness, purity, virginity.",,,287
,adj,adjective,,/ma-/,"clean, pure.",,,287
tínta’,n,noun,,,ink.,,260,287
tíntin,v,verb,,/mag-/,"to canter, to walk carefully.",,,288
tinúla,n,noun,,,vegetable soup.,,,288
ting-,na,noun formative,,,noun formative affix designating season.,Ting’ulán ang Nobyémbre.,November is a rainy month.,288
tingá’,v,verb,,/mag-/,to breathe one’s last.,,,288
tingádlaw,n,noun,,,summer.,,,288
tíngal,v,verb,,/-un/,to force another’s mouth to open.,,,288
tingála,n,noun,,,"wonder, surprise, amazement.",,,288
,v,verb,,/ma-/,"to wonder, to be astonished, to be surprised.",,,288
tingkáya’,v,verb,,/mag-/,"to fall flat on one’s back, to slide down and fall on one’s back.",Nag-tingkáya’ si Córa sa salúg.,Cora fell on the floor.,288
tínggas,adj,adjective,,/ma-/,"fleshy, plump, full.",,,288
tingúb,v,verb,,"/mag-, -un/","to come together, to combine, to put together.",Gintingúb ku nalang sa ísang báskit ang mangá prútas.,I put all the fruits together in one basket.,288
tíngug,n,noun,,,voice.,,,288
,v,verb,,/mag-/,"to make a sound, to speak after a stretch of silence.",Nagtíngug ang rádyo.,The radio played.,288
tingúha’,n,noun,,/pag-/,"to attempt, trial.",,,288
,v,verb,,"/mag-, -un/","to try, to make great efforts to attain, to attempt.",,,288
típdas,n,noun,,,measles.,,261,288
típhag,n,noun,,,landslide.,,,289
tipík,n,noun,,,"bit, small piece, chip.",,,289
,v,verb,,/ma-/,"to break in pieces, to chip off.",Natipík ang báso.,The glass was chipped.,289
típig,v,verb,,"/mag-, -un/","to fold away, to deposit.",Gintípig ni Evelýn ang hábul.,Evelyn folded the blanket away.,289
típu,n,noun,,,"poise, character type, personality.",,,289
típun,v,verb,,"/mag-, -un/","to gather together, to assemble.",,,289
típus,n,noun,,,typhoid fever.,,,289
tíra,v,verb,,,"to fight, to box, to kick, to batter.",Tíra manúk!.,Fight you rooster!.,289
tiránte,n,noun,,,pants suspenders.,,,289
tísa’,n,noun,,,"chalk, brick.",,,289
tískug,adj,adjective,,/ma-/,stiff.,,,289
tísluk,v,verb,,"/mag-, -un/",to prick with a sharp or pointed end.,Gin-tísluk ang íya kamút sang dágum.,His hand was pricked with a needle.,289
tisúk,v,verb,,"/mag-, -an/",to stick into.,,,289
tístis,v,verb,,/-un/,"to spite another out of envy, to backbite.",,,289
títi’,n,noun,,,"nipple, feeding bottle.",,,289
,v,verb,,"/mag-, -un/","to suck the breast, to feed from a bottle.",,,289
título,n,noun,,,"legal title, contract, title of ownership.",,262,289
ti’ún,n,noun,,,"moment, a little while.",,,290
tíya,n,noun,,,"aunt, respect term for older females.",,,290
tiyán,n,noun,,,"stomach, abdomen.",,,290
tíyo,n,noun,,,"uncle, respect form for older male persons.",,,290
tíyug,v,verb,,/mag-/,"to roam around, to turn around.",Nagtíyug ang manugsa’út.,The dancer turned.,290
tiyúgtiyúg,n,noun,,,"tramp, prostitute.",,,290
tódas,v,verb,,/mag-/,"to win all the tricks, to win the game.",Nagtódas akú.,I won the game.,290
tódo,adj,adjective,,,"full speed, fast, full blast.",,,290
tómo,n,noun,,,volume.,,,290
toneláda,n,noun,,,ton.,,,290
tóre,n,noun,,,"tower, steeple.",,,290
tóro,n,noun,,,"ox, bull.",,,290
tórpe,adj,adjective,,,"sheepish, dense, unthinking.",,,290
,intj,interjection,,,"brat, stupid, dumb.",,,290
totál,n,noun,,,"total, sum.",,,290
,con,conjunction,,,"anyhow, anyway.",,,290
Tóto’,n,noun,,,endearment term for the eldest or the youngest boy in the family.,,,290
trabáho,n,noun,,,"work, job.",,,290
,v,verb,,"/mag-, -un/","to work, to do something.",,263,290
trák,n,noun,,,truck.,,,291
trámbya,n,noun,,,trolley.,,,291
trángka,n,noun,,,"lock, bar.",,,291
,v,verb,,"/mag-, -an/","to lock, to fasten securely.",,,291
trangkáso,n,noun,,,"flu, influenza.",,,291
trapál,n,noun,,,"canvas, tent.",,,291
trápo,n,noun,,,"rag, wiper.",,,291
,v,verb,,"/mag-, -un/",to wipe with a rag.,,,291
trayángulo,n,noun,,,triangle.,,,291
trén,n,noun,,,train.,,,291
trés,num,numeral,,,three.,,,291
trése,num,numeral,,/ika-/,thirteen;  thirteenth.,,,291
tréynta,num,numeral,,/ika-/,thirty;  thirtieth.,,,291
tróno,n,noun,,,throne.,,,291
trumpéta,n,noun,,,"bugle, trumpet.",,,291
trúmpo,n,noun,,,"top, child’s toy.",,,291
trúsu,n,noun,,,log.,,,291
tsá,n,noun,,,tea.,,,291
tséke,n,noun,,,check.,,,291
tsinélas,n,noun,,,slipper.,,,291
tsokoláte,n,noun,,,"chocolate, brown color.",,,291
tsupér,n,noun,,,"chauffer, driver.",,264,291
tú,d,deictic,,,"that younder, from atú.",,,292
tú’ad,v,verb,,"/mag-, -un/",to accept one’s fault or error.,,,292
tu’álya,n,noun,,,towel.,,,292
tú’aw,v,verb,,/mag-/,"to cry out, to exclaim.",,,292
tubá’,n,noun,,,fermented coconut drink.,,,292
,v,verb,,"/mag-, -un/","to cut down a banana plant, to gather mature fruits.",Gintubá’ ni Artúro ang ságing.,Arturo cut down the banana tree.,292
tubás,v,verb,,"/mag-, -un/","to harvest, to gather mature produce.",Nagtubás na silá sang humáy.,They are harvesting rice already.,292
túbi’,n,noun,,,variant of túb ig.,,,292
túbig,n,noun,,,"water, liquid.",,,292
túblag,v,verb,,"/mag-, -un/",to disturb.,Gintúblag ku ang mangá líbro.,I disturbed the arrangement of the books.,292
túbtub,adv,adverb,,,until.,,,292
tubú,n,noun,,,sugarcane.,,,292
túbu,n,noun,,,"pipe, tube.",,,292
túbu’,n,noun,,/pag-/,growth.,,,292
,v,verb,,/mag-/,"to grow, to germinate, to sprout.",,,292
túb’uk,v,verb,,/mag-/,"to shoot up, to flare.",,,292
tubúd,n,noun,,,"leak, drop, flow.",,,292
,v,verb,,/mag-/,"to leak, to flow in small drops.",Nagtubúd ang túbig sa grípo.,Water leaked from the faucet. 265,292
tubúg,v,verb,,"/mag-, -an/",to wallow in a mud hole as a carabao.,Nagtubúg ang karbáw.,The carabao wallowed in the mud.,293
tubús,v,verb,,"/mag-, -un/","to save, to redeem, to redeem a pawned item.",Gintubús ku ang síngsing sa ahénsya.,I redeemed the ring from the pawnshop.,293
túka,v,verb,,"/mag-, -un/",to turn.,,,293
tukád,v,verb,,"/mag-, -un/","to ascend, to go up.",,,293
tukáp,v,verb,,"/mag-, -an/",to patch a hole.,,,293
tukár,n,noun,,,sound of a musical instrument.,,,293
,v,verb,,"/mag-, -un/",to play a musical instrument.,Nagtukár si Córa sang pyáno.,Cora played the piano.,293
tukíb,v,verb,,"/mag-, -un/",to open a little in order to peep.,Gintukíp ku ang líbro.,I opened the book a little.,293
túksu’,v,verb,,"/mag-, -un/",to ask to recite in class.,Gintúksu’ sang ma’éstro si Geórge.,George was asked by the teacher.,293
túktuk,n,noun,,,"beak, bill, rust.",,,293
,v,verb,,/-un/,to get rusty.,Gin-túktuk ang kutsílyo.,The knife became rusty.,293
tukúb,v,verb,,"/mag-, -un/","of animals, to catch and eat, to take the bait.",Nagtukúb sang ísda’ ang bu’áya.,The crocodile ate the fish.,293
tukúd,n,noun,,,"cane, staff, support.",,,293
túkud,v,verb,,"/magpa-, -pa-…-un/","to establish, to build, to put up.",Nagpatúkud silá sang baláy.,They built a house. 266,293
tukún,n,noun,,,pole used for support.,,,294
tukús,v,verb,,,to bid.,,,294
túdlu’,n,noun,,/pag-/,finger;  teaching.,,,294
,v,verb,,"/mag-, -un/","to point out, to teach.",,,294
tugák,v,verb,,"/mag-, -an/",to loosen.,Gintugakán ku ang lúbid.,I loosened the rope.,294
tugálbung,v,verb,,/ma-/,to trap.,,,294
túg’an,v,verb,,"/mag-, -un/","to promise, to pledge.",,,294
túbbung,v,verb,,/mag-/,"to go down from a rural area to the town or city, to go to the seashore to buy fish.",Nagtúgbung ang mangá tagabáryo sa bánwa.,The rural people went to town.,294
túgda’,v,verb,,"/mag-, -un/","to add to the length of the conversation, to enter into a conversation.",Nagtúgda’ si Rogélio nga índi’ mahímo ang íla pláno.,Rogelio added that the plan cannot be followed.,294
túgdang,v,verb,,/ma-/,"to dunk, to immerse, to dump.",,,294
túgmaw,v,verb,,"/mag-, -un/","to immerse, to wet in the water.",,,294
túgnaw,n,noun,,/ka-/,"coldness, cold.",,,294
,v,verb,,/-an/,to feel cold.,,,294
túgpa’,v,verb,,"/mag-, -an/","to land, to alight from the air.",Nagtúgpa’ ang eropláno.,The plane landed.,294
túgun,v,verb,,"/mag-, -un/","to request to get, to give a message, to ask.",,267,294
túgut,v,verb,,"/mag-, -an/","to permit, to allow, to agree.",,,295
túgyan,v,verb,,/-un/,"to entrust, to bestow.",,,295
tuháw,v,verb,,/mag-/,"to emerge, to appear.",,,295
túhay,adj,adjective,,,"different, distinct.",,,295
,v,verb,,/mag-/,"to become different, to deviate.",,,295
túhil,v,verb,,"/mag-, -un/",to poke with a stick.,Gintúhil ni María ang lagú.,Maria poked at the earthworm.,295
túhud,n,noun,,,knee.,,,295
túhuy,v,verb,,"/mag-, -an/",to direct toward.,Gintuhúyan ku ang kótse pakádtu sa bánwa.,I directed the car toward town.,295
tú’ig,n,noun,,,year.,,,295
tú’igtú’ig,adv,adverb,,,"annually, yearly.",,,295
túlad,adv,adverb,,,"same, alike.",,,295
túl’an,n,noun,,,bone.,,,295
tuláy,n,noun,,,bridge.,,,295
túlda,n,noun,,,"tent, canvas cover or roofing.",,,295
túl’id,v,verb,,/mag-/,to survey.,,,295
túlin,v,verb,,"/mag-, -un/","to order, to command.",,,295
túlis,v,verb,,"/mag-, -un/","to hold up, to steal.",Nagtúlis ang mangá tulisán.,The holduppers held up (somebody).,295
túltug,v,verb,,"/mag-, -un/","to strike, to beat, to pound with considerable force so as to make into powder.",,268,295
túltul,v,verb,,"/maka-, ma-…-an/","to know one’s way, to find one’s way.",Nakatúltul si Artúro sa baláy ni Cárlos. Arturo knew the way to Carlos’ house.,,296
túlu’,n,noun,,,"one drop, one drip.",,,296
,v,verb,,"/mag-, -an/","to drip, to leak, to fall in drops.",Nagtúlu’ ang kandíla’.,The candle dripped.,296
túluk,n,noun,,,"glance, look, glimpse.",,,296
,v,verb,,"/mag-, -un/","to gaze at, to glimpse.",Nagtúluk ang soltéro sa dalága.,The young man gazed at the young girl.,296
tulúd,v,verb,,"/mag-, -un/",to push.,Gintulúd námun ang kótse.,We pushed the car.,296
túlug,n,noun,,,"sleep, slumber.",,,296
,v,verb,,/ma-/,"to go to sleep, to fall asleep.",,,296
tulún,v,verb,,"/mag-, -un/","to swallow, to gulp down.",,,296
tulún’an,n,noun,,,book.,,,296
túman,v,verb,,"/mag-, -un/","to obey, to accomplish as requested.",,,296
túmba,v,verb,,/ma-/,"to fall, to stumble.",Natúmba ang síya.,The chair fell over.,296
túmbaktúmbak,n,noun,,,dragonfly.,,,296
túmban,v,verb,,"/mag-, -an/","to kick, to stamp on.",Gintumbánan ku si Ernésto.,I kicked Ernesto.,296
túmbas,adj,adjective,,,"equal to, the same amount.",,269,296
,v,verb,,"/mag-, -an/","to pay off, to put up an amount equal to what is at stake.",Gintumbasán ku ang tayá’ ni Davíd. I gave an amount equal to David’s.,,297
tumbayá’,v,verb,,"/magpa-, -pa-…-un/","to neglect, to shake off responsibility.",Nagpatumbayá’ ang estudyánte sa íyang pagtu’ún.,The student neglected his studies.,297
túmbu’,v,verb,,"/mag-, -un/","to bound, to hop, to play with coins or bottle covers for head-or-tail game.",Nagtúmbu’ ang mangá báta’. The children are playing tumbu’.,,297
túmbuk,n,noun,,,"dot, period.",,,297
,v,verb,,"/mag-, -an/",to put a period or a dot.,,,297
túmpi’,v,verb,,"/mag-, -un/","to stack, to pile.",,,297
túmpuk,n,noun,,,"pile, group.",,,297
,v,verb,,"/mag-, -un/","to pile up, to group together, to put on one pile.",Nagtúmpuk silá sang mangá batú.,They piled some stones.,297
túm’uk,v,verb,,"/mag-, -un/","to press down, to compress.",,,297
túmud,v,verb,,/-un/,to point at.,,,297
túna,v,verb,,"/mag-, -an/","to give rise to, to be the cause of, to be the origin of.",,,297
túnaw,v,verb,,/ma-/,"to melt, to digest, to dissolve.",Natúnaw ang yélo.,The ice melted.,297
túnay,adj,adjective,,,"real, genuine, actual.",,,297
túnda’,v,verb,,"/mag-, -un/","to announce, to make public.",,,297
túntu,adj,adjective,,,"stupid, ignorant, unsophisticated.",,,297
,intj,interjection,,,"you idiot, stupid.",,270,297
túntun,v,verb,,"/mag-, -un/","to lower down, to dangle.",Gintúntun ang kalát.,The rope was lowered.,298
túnu,n,noun,,,musical tune.,,,298
tunúk,n,noun,,,"thorn, splinter.",,,298
,v,verb,,/ma-/,to be pricked with a thorn or splinter.,,,298
túnud,v,verb,,/ma-/,"to disappear, to sink.",,,298
tunúg,n,noun,,,"sound, tone.",,,298
,v,verb,,/mag-/,"to make a sound, to sound.",,,298
tún’ug,n,noun,,,dew.,,,298
tungá’,n,noun,,,"middle, center, half.",,,298
,adv,adverb,,,between.,,,298
,v,verb,,"/mag-, -un/",to divide in two.,Gintungá’ namun ang tinápay.,We divided the cake.,298
tungá’túnga’,n,noun,,,"bullseye, center, central figure.",,,298
túnghul,v,verb,,"/mag-, -un/","to hand over, to deliver personally.",Gintúnghul ku ang sulát kay Terésa.,I handed the letter to Teresa.,298
túngtung,v,verb,,"/mag-, -un/","to put on top, to place upon.",Gintúngtung ni Teresíta ang líbro sa kahún.,Teresita put the book on top of the box.,298
tungúd,adv,adverb,,,"about, concerning, because.",,,298
,v,verb,,/mag-/,"to concern, to refer to.",,,298
tupá’,v,verb,,/ma-/,to fall down upon.,Natupá’ si María sa síya.,Maria fell on the chair. 271,298
túpad,v,verb,,"/mag-, -an/","to be at the side of, to sit beside someone.",Nagtúpad si Vída kag si Élsa.,Vida and Elsa were beside each other.,299
túpung,adv,adverb,,,equal in length.,,,299
,v,verb,,"/mag-, -un/",to make equal in length.,Nagtúpung ang kalába’ sang duhá ka lápis.,The two pencils are of equal length.,299
tusíno,n,noun,,,"homemade bacon, salted pork.",,,299
túsluk,v,verb,,"/mag-, -un/","to pierce, to prick with a pointed end, to inject.",Gintúsluk si Margaríta sang dágum.,(Someone) pricked Margarita with a needle.,299
túsngaw,v,verb,,/mag-/,"to blast, to burst.",,,299
tústa,n,noun,,/-in-/,"toast, toasted bread or food.",,,299
,v,verb,,"/mag-, -un/","to toast, to make brown.",,,299
túsu,adj,adjective,,,"cunning, sly, shrewd.",,,299
tús’un,v,verb,,"/mag-, -un/",to carry on the head.,Nagtús’un ang labandéra sang mangá lagú’.,The laundry-woman carried the soiled clothes on her head.,299
tutál,n,noun,,,total.,,,299
,adv,adverb,,,"anyhow, anyway.",,,299
tú’tu’,v,verb,,"/mag-, -un/",to reproach.,,,299
tútud,v,verb,,"/mag-, -un/",to set fire to.,,,299
tútum,v,verb,,/mag-/,to become reliable.,,,299
tutúnlan,n,noun,,,throat.,,272,299
tú’u,n,noun,,/pag-/,"belief, devotion.",,,300
,v,verb,,"/mag-, -an/","to believe, to have the conviction.",Nagtú’u kamí sa Dyús.,We believed in God.,300
tu’ú,n,noun,,,right side.,,,300
tú’ud,adj,adjective,,/ma-/,"true, certain.",,,300
tu’ún,n,noun,,/pag-/,"studies, learning, school work.",,,300
,v,verb,,"/mag-, -an/","to study, to learn.",,,300
túwang,v,verb,,"/mag-, -an/","to help each other, to carry the load by sharing it with some others.",Nagtúwang ang magulútud sa pagbáyad sang útang.,The children shared in the paying of the debt.,300
,n,noun,,/ka-/,"shareholder, partner.",,,300
tuwáy,n,noun,,,clam.,,,300
túytuy,v,verb,,"/mag-, -an/","to guide, to lead.",,,300
túyu’,n,noun,,,soy sauce.,,,300
tuyu’,n,noun,,,"intention, purpose, aim.",,,300
,v,verb,,/-un/,"to do intentionally, to plan for.",Gintúyu’ku nga ma’ulihí.,I intentionally arrived late.,300
tuyú,v,verb,,"/mag-, -un/","to feel sleepy, to be drowsy.",,,300
túyub,v,verb,,/mag-/,to whirl around.,Nagtúyub ang kalibútan.,The earth whirled around.,300
tyábaw,n,noun,,,"yell, scream, outburst.",,273,300
,v,verb,,/mag-/,"to shriek, to scream.",Nagtyábaw ang dalága sa kahádluk.,The lady screamed with fear.,301
tyánggi,n,noun,,,small corner store which carries a little bit of everything.,,,301
tyémpo,n,noun,,,"weather, climate, time.",,,301
tyénda,n,noun,,,"open market, supermarket which carries every possible item.",,274,301
úba,v,verb,,"/mag-, -un/","to take off, especially clothing, to denude.",Nag’úba ang báta’.,The child took off his clothes.,302
úbas,n,noun,,,grape.,,,302
ubáy,v,verb,,"/mag-, -an/","to guide, to direct.",,,302
úbi,n,noun,,,violet yam.,,,302
ubú,n,noun,,,cough.,,,302
,v,verb,,"/mag-, -un/","to cough, to have a cough.",Nag’ubú ang laláki.,The man coughed.,302
úbug,v,verb,,/mag-/,"to wade, to walk in water.",Nag’úbug silá kay waláy tuláy.,They walked in the water because there is no bridge.,302
úbus,v,verb,,"/ma-, -un/","to finish, to consume, to take the last bit.",Na’úbus ang pagká’un.,The food was all consumed.,302
ubús,adv,adverb,,,"below, under, beneath.",,,302
úkbung,n,noun,,,"tip, extreme end.",,,302
úklab,v,verb,,"/mag-, -un/","to separate from, to tear off from the surface, to detach.",Gin’úklab námun ang pánit sang káhuy.,We tore off the bark of the tree.,302
ukún,con,conjunction,,,or else.,,,302
údtu,n,noun,,,noon.,,,302
ugá,adj,adjective,,,dry.,,275,302
,v,verb,,"/mag-, -un/","to dry, to get dry from heat.",Nag’ugá ang mangá báyu’.,The clothes dried.,303
ugáli’,n,noun,,,"conduct, habit, behavior.",,,303
ugáling,con,conjunction,,,"maybe, perhaps, but.",,,303
uganút,adj,adjective,,/ma-/,tough.,Ma’uganút ang kárne.,The meat is tough.,303
ugángan,n,noun,,,father or mother-in-law.,,,303
ugát,n,noun,,,vein.,,,303
ugayúng,n,noun,,,"drawl, groan, moan.",,,303
úgbus,n,noun,,,"of plants, bud.",,,303
ugís,adj,adjective,,,"faded, worn out in appearance.",,,303
,v,verb,,/mag-/,"to fade in color, to look over used.",,,303
úgtu,n,noun,,,variant of údtu.,,,303
ugút,n,noun,,/ka-/,"irritation, chagrin, madness.",,,303
,v,verb,,"/mag-, -un/","to feel chagrined, to be irritated.",,,303
úguy’úguy,n,noun,,,humming sound.,,,303
úhaw,n,noun,,/ka-/,thirst.,,,303
,v,verb,,/un/,to feel thirsty.,,,303
uhú,intj,interjection,,,"see, look.",,,303
úla’,v,verb,,"/ma-, -un/","to spill out, to pour out.",Naúla’ ang gátas.,The milk spilled.,303
uláklub,n,noun,,,eyelid.,,,303
ulán,n,noun,,/ting-/,rain;  rainy season.,,,303
uláng,n,noun,,,"lobster, fresh water shrimp.",,276,303
úlay,adj,adjective,,,"chaste, virgin, pure.",,,304
úlhut,v,verb,,/mag-/,to pop out suddenly without warning.,Nag’úlhut ang paká’ sa kahún.,The frog suddenly popped out of the box.,304
úli’,v,verb,,"/mag-, -un/","to return, to give back.",Gin’úli’ ku.,,304
,na,noun formative,,,"ang ímu líbro, ha.",,I returned your book already.,304
ulí’,v,verb,,/mag-/,"to go home, to go back to the house.",,,304
Nag’ulí’,na,noun formative,,,silá.,,They went home already.,304
ulihí,adv,adverb,,,late.,,,304
ulípun,n,noun,,,"poor man, servant.",,,304
,adj,adjective,,,poor.,,,304
úlu,n,noun,,,head.,,,304
,v,verb,,"/mag-, -an/","to head, to be master of, to chairman.",Si Manuél ang nag’úlu sang grúpo.,Manuel led the group.,304
ulú’úlu’,v,verb,,"/mag-, -un/","to comfort, to win over, to talk kindly so as to win the favor of.",Nag’ulú’úlu’ ang ilúy sang íya anák.,The mother comforted her child.,304
úlud,n,noun,,,worm.,,,304
ulúnan,n,noun,,,pillow.,,,304
ulús,n,noun,,,"cloth, fabric.",,,304
-um-,va,verbal affix,verbal,,designating completed action.,Tumíndug si Cárlos.,Carlos stood up.,304
umá,n,noun,,,"farm, cultivated field.",,,304
umágad,n,noun,,,"daughter-in-law, son-in-law.",,277,304
umál,adj,adjective,,/ma-/,blunt.,,,305
umpisá,n,noun,,,"beginning, start.",,,305
,v,verb,,"/mag-, -an/","to commence, to start.",,,305
-un,va,verbal affix,,,infinitive goal focus affix.,Gústo kung basáhun ang líbro.,I want to read the book.; proposed action goal focus affix. Basáhun ku ang líbro. I will read the book.,305
úna,num,numeral,,/ika-/,one;  first.,,,305
,v,verb,,"/mag-, -an/","to go ahead, to overtake.",Nag’úna.,,305
,na,noun formative,,,kamí kay kadúgay sa íla.,,We went ahead because they were taking such a long time.,305
únat,adj,adjective,,/ma-/,"ductile, stretchable.",,,305
,v,verb,,"/mag-, -un/",to stretch.,,,305
unáy,adj,adjective,,,"constant, stationary, permanent.",,,305
,v,verb,,/mag-/,to become permanent.,,,305
úndang,v,verb,,"/mag-, -un/","to finish, to stop.",únl an n pillow.,,305
úntat,v,verb,,"/mag-, -un/","to stop, to interrupt, to disrupt.",,,305
unúd,n,noun,,,"flesh, meat, insides, contents.",,,305
únung,v,verb,,"/mag-, -an/","to help out, to contribute towards the good end.",Ginunúngan sang mangá táwu ang pagpapínta sang simbáhan.,Most of the people helped in the painting of the church.,305
unús,n,noun,,,storm.,,,305
ungál,n,noun,,,"drawl, howl.",,,305
upá,n,noun,,,"bran, chaff.",,278,305
úpak,n,noun,,,"peeling, skin of fruits.",,,306
,v,verb,,"/mag-, -an/","to take the skin off, to peel.",,,306
upúd,n,noun,,/ka-/,"companion, associate.",,,306
,v,verb,,"/mag-, -an/","to go along with, to tag along.",,,306
úrung,v,verb,,/ma-…-an/,"to stop in surprise, or admiration.",,,306
,na,noun formative,,,’urungán si Mário pagkakíta’ niya kay Mára.,,Mario stopped in admiration when he saw Mara.,306
usá,n,noun,,,deer.,,,306
úsang,v,verb,,/mag-/,"to snarl, to fight like dogs, to chew like a dog.",Nag’úsang ang mangá idú’.,The dogs fought.,306
usár,v,verb,,"/mas-, -un/",to use.,Gin’usár ku ang ímung lápis.,I used your pencil.,306
úsbung,v,verb,,/mag-/,"to exhale, to give off steam or an odorous smell.",,,306
úsik,v,verb,,"/mag-, -an/","to waste, to make something into a waste for trivial reasons.",Gin’usíkan mu lang ang kwárta.,You just wasted the money.,306
usísa’,n,noun,,,"inquiry, investigation.",,,306
,v,verb,,"/mag-, -un/","to inquire, to investigate, to check.",,,306
-uso,aa,adjective formative,adjective,,"formative affix designating condition, quality or state of being.",Kapritsútso si Jose’.,Jose is vain.,306
ústya,n,noun,,,communion host used in Roman Catholic masses.,,,306
úsu,n,noun,,,"fashion, fad, vogue.",,,306
úswag,n,noun,,/ka-…-an/,"prosperity, success, progress.",,279,306
,v,verb,,/mag-/,"to be successful, to progress, to develop.",,,307
útan,n,noun,,,vegetable.,,,307
útang,n,noun,,,"debt, credit.",,,307
útuk,n,noun,,,brain.,,,307
útud,n,noun,,,"sibling, brother, sister.",,,307
utúd,v,verb,,"/mag-, -un/","to sever, to cut off, to break off.",Nag’utúd si Ricárdo sang sangá sa káhuy.,Ricardo cut off a branch from the tree.,307
uwák,n,noun,,,"crow, raven.",,,307
úwang,v,verb,,/mag-/,"to howl loudly, to yelp like a helpless dog.",,,307
uwáy,n,noun,,,rattan.,,,307
úy,intj,interjection,,,"hey, oh.",,,307
uyáng,n,noun,,,food which fell off from the plate during meal time; wasted item.,,,307
,v,verb,,"/mag-, -an/","to waste away, to be clumsy so as to drop food from a service plate.",Nag’-uyáng ka sang kán’un.,Some rice fell off your plate.,307
uyapús,n,noun,,,"boil, swollen area in the skin.",,,307
úyat,v,verb,,"/mag-, -an/","to hold, to grasp.",,,307
uyayá’,adj,adjective,,,"careless, neglectful of personal appearance.",,,307
úyug,v,verb,,"/mag-, -un/",to shake as of a tree.,Gin’úyug námun ang bayábas.,We shook the guava tree.,307
úyun,v,verb,,"/-an, maka-/","to take a liking to, to be pleased with.",Naka’-úyun ang Amerikáno sang balút. The American took a liking for balút.,280,307
úy’uy,v,verb,,/mag-/,"to collapse, to weaken and fall.",Nag’úy’uy lang si Lólo kag namatáy.,Grandfather collapsed and died. 281,308
wágkus,n,noun,,,"belt, sash, waist band.",,,309
wágwag,v,verb,,/ma-/,to scatter accidentally.,Nawágwag ang mangá lísu pagkabúslut sang súput.,The seeds scattered when the paper bag burst.,309
walá,n,noun,,,left side.,,,309
walá’,adv,adverb,,,"none, no.",,,309
wáli,n,noun,,,"sermon, preaching.",,,309
,v,verb,,"/mag-, -un/","to preach, to give a lecture or sermon.",Nagwáli ang pári’.,The priest gave a sermon.,309
walís,adj,adjective,,,"ambidextrous, left-handed.",,,309
walú,num,numeral,,,eight.,,,309
waráwag,n,noun,,,"announcement, broadcast.",,,309
,v,verb,,"/mag-, -un/","to announce over the radio, to publish, to broadcast.",,,309
wasák,adj,adjective,,,"destroyed, demolished.",,,309
,v,verb,,"/mag-, -un/","to destroy, to demolish, to take apart.",,,309
wás’ag,v,verb,,/ma-/,"to scatter, to spread after being broken.",Nawás’ag ang pínggan.,The plate broke into small pieces and scattered all over.,309
wásay,n,noun,,,"ax, hatchet.",,282,309
wásdak,v,verb,,/ma-/,"to crumble to pieces, to fall into pieces, to fall by accident.",Nawásdak ang baláy paglínug.,The house crumbled to the ground during the earthquake.,310
wáslik,v,verb,,"/mag-, -un/",to shake off from the hand with considerable force.,Ginwáslik ni Glória ang úlud sa íyang kamút.,Gloria shook off the worm on her hand.,310
wáswas,v,verb,,"/mag-, -un/",to shake out clothes.,,,310
wíli,v,verb,,/ma-/,"to be amused, to entertain.",Nawíli akú sa prográma.,I was entertained by the program.,310
wisík,v,verb,,"/mag-, -an/","to sprinkle with the hand, to spray with the hand.",Ginwisikán ku sang túbig ang mangá báyu’.,I sprinkled water on the clothes. 283,310
y,con,conjunction,,,"and, for time.",Alás tres y médya.,Three thirty.,311
yábi,n,noun,,,key.,,,311
yáb’uk,n,noun,,,"dust, dirt.",,,311
yádtu,d,deictic,,,"objective demonstrative meaning there, far from both the speaker and the listener.",,,311
yágpis,adj,adjective,,/ma-/,"lanky, thin.",,,311
yahúng,n,noun,,,"bowl, bowl container for food.",,,311
yámu’,v,verb,,"/mag-, -un/",to complain.,,,311
yaníb,v,verb,,/mag-/,to surrender.,,,311
yánu,adj,adjective,,,"plain, simple, solid in color.",,,311
yángkutyángkut,n,noun,,,miscellaneous.,,,311
yánghag,v,verb,,/mag-/,to stare at.,,,311
yára’,d,deictic,,,"objective demonstrative meaning there, far from the speaker.",,,311
yárda,n,noun,,,"yardstick, yard.",,,311
yári,d,deictic,,,"objective demonstrative meaning here, near the speaker.",,,311
ya’úb,v,verb,,/mag-/,"to kneel down and bend one’s face until it touches the ground, to capitulate.",,,311
yáwa’,n,noun,,,devil.,,284,311
yáwyaw,v,verb,,"/mag-, -an/","to scold, to quarrel on top of one’s voice.",Nagyáwyaw ang ílang Nánay kay masábad silá.,Their mother scolded them because they were noisy.,312
yáyung,v,verb,,"/mag-, -an/","to bear, to carry something between two people, to transport a heavy object by having two people carry it on each end.",Nagyáyung si Cárlos kag si Pédro paghákwat sang lamésa.,Carlos and Pedro helped each other carry the table.,312
yélo,n,noun,,,ice.,,,312
yúbit,v,verb,,"/mag-, -un/","to tease, to make fun of, to ridicule.",,,312
yukút,adj,adjective,,,"crumpled, wrinkled.",,,312
,v,verb,,"/mag-, -un/","to crumple, to make wrinkles on.",Ginýukut ku ang ákun báyu’.,I crumpled my dress.,312
yúdu,n,noun,,,iodine.,,,312
yúdyud,v,verb,,"/mag-, -un/","to pull, to drag on the ground.",,,312
yuhúm,n,noun,,,"smile, grin.",,,312
yupúk,n,noun,,,dimple.,,,312
Yurópa,n,noun,,,Europe.,,285,312