"postTitle","postDescription","text","likesCount","facebookUrl"
"""MARCOS SINGILIN, DUTERTE PANAGUTIN"" -- KABATAAN PARTY-LIST REP. RENEE CO SA MAANOMALIYA NGA FLOOD CONTROL PROJECTS 

BY: LHEY ANN ALAYON | September 21, 2025
Video courtesy: Newswatch

Ginpangunahan ni Kabataan Party-list Rep. Renee Co ang pagsinggitan sang ""Marcos Singilin, Duterte Panagutin"" sa rally sa Luneta subong nga aga. 

#AksyonRadyoIloilo",,"Ngaa si Duterte man Kay ginpa preso
Nato sya ni Marcos anu gina singgit
Mo da nami baba mo ehh ... ang mga kurap si Martin at si zaldy Co nga paryente mo bala nga hangag kaw indi mo pag e singgit Ila ngalan ma'ngo !!!!","86","https://www.facebook.com/100064669725059/posts/1272081354957510/?mibextid=rS40aB7S9Ucbxw6v"
"""MARCOS SINGILIN, DUTERTE PANAGUTIN"" -- KABATAAN PARTY-LIST REP. RENEE CO SA MAANOMALIYA NGA FLOOD CONTROL PROJECTS 

BY: LHEY ANN ALAYON | September 21, 2025
Video courtesy: Newswatch

Ginpangunahan ni Kabataan Party-list Rep. Renee Co ang pagsinggitan sang ""Marcos Singilin, Duterte Panagutin"" sa rally sa Luneta subong nga aga. 

#AksyonRadyoIloilo",,"Wala man bala da dapat politika ngaa ara da ya ang kabataan party list haw kag may mga ttarp pa cla, daw hinaslo haw, ND na ya personal interest? Tni Wala streamer sang bsan ano nga grupo politika kn amo na ila gnahambal, hinaslo, personal interest na Ina Inyo ya","51","https://www.facebook.com/100064669725059/posts/1272081354957510/?mibextid=rS40aB7S9Ucbxw6v"
"""MARCOS SINGILIN, DUTERTE PANAGUTIN"" -- KABATAAN PARTY-LIST REP. RENEE CO SA MAANOMALIYA NGA FLOOD CONTROL PROJECTS 

BY: LHEY ANN ALAYON | September 21, 2025
Video courtesy: Newswatch

Ginpangunahan ni Kabataan Party-list Rep. Renee Co ang pagsinggitan sang ""Marcos Singilin, Duterte Panagutin"" sa rally sa Luneta subong nga aga. 

#AksyonRadyoIloilo",,"Duterte pa rin 👊","129","https://www.facebook.com/100064669725059/posts/1272081354957510/?mibextid=rS40aB7S9Ucbxw6v"
"""MARCOS SINGILIN, DUTERTE PANAGUTIN"" -- KABATAAN PARTY-LIST REP. RENEE CO SA MAANOMALIYA NGA FLOOD CONTROL PROJECTS 

BY: LHEY ANN ALAYON | September 21, 2025
Video courtesy: Newswatch

Ginpangunahan ni Kabataan Party-list Rep. Renee Co ang pagsinggitan sang ""Marcos Singilin, Duterte Panagutin"" sa rally sa Luneta subong nga aga. 

#AksyonRadyoIloilo",,"Mag daog c sara sa 2028 dulaun nya nlang ni mga partylist. Kay wla man ni my na bulig..nagsabad pa gni ang politica sa pilipinas...","59","https://www.facebook.com/100064669725059/posts/1272081354957510/?mibextid=rS40aB7S9Ucbxw6v"
"""MARCOS SINGILIN, DUTERTE PANAGUTIN"" -- KABATAAN PARTY-LIST REP. RENEE CO SA MAANOMALIYA NGA FLOOD CONTROL PROJECTS 

BY: LHEY ANN ALAYON | September 21, 2025
Video courtesy: Newswatch

Ginpangunahan ni Kabataan Party-list Rep. Renee Co ang pagsinggitan sang ""Marcos Singilin, Duterte Panagutin"" sa rally sa Luneta subong nga aga. 

#AksyonRadyoIloilo",,"Na preso na si duterte...focus kamo sa mga kawatan sang taxes nyo","70","https://www.facebook.com/100064669725059/posts/1272081354957510/?mibextid=rS40aB7S9Ucbxw6v"
"""MARCOS SINGILIN, DUTERTE PANAGUTIN"" -- KABATAAN PARTY-LIST REP. RENEE CO SA MAANOMALIYA NGA FLOOD CONTROL PROJECTS 

BY: LHEY ANN ALAYON | September 21, 2025
Video courtesy: Newswatch

Ginpangunahan ni Kabataan Party-list Rep. Renee Co ang pagsinggitan sang ""Marcos Singilin, Duterte Panagutin"" sa rally sa Luneta subong nga aga. 

#AksyonRadyoIloilo",,"Duterte lang kami ya,.. solid Duterte Mula noon hnggng sa walang hanggan💚💚💚💚🦅🦅🦅🦅🦅👊👊👊👊","64","https://www.facebook.com/100064669725059/posts/1272081354957510/?mibextid=rS40aB7S9Ucbxw6v"
"""MARCOS SINGILIN, DUTERTE PANAGUTIN"" -- KABATAAN PARTY-LIST REP. RENEE CO SA MAANOMALIYA NGA FLOOD CONTROL PROJECTS 

BY: LHEY ANN ALAYON | September 21, 2025
Video courtesy: Newswatch

Ginpangunahan ni Kabataan Party-list Rep. Renee Co ang pagsinggitan sang ""Marcos Singilin, Duterte Panagutin"" sa rally sa Luneta subong nga aga. 

#AksyonRadyoIloilo",,"VP: Kaano ano ba ni zaldy co c renee co?mag pinsan ba sila??😆😆😆","43","https://www.facebook.com/100064669725059/posts/1272081354957510/?mibextid=rS40aB7S9Ucbxw6v"
"""MARCOS SINGILIN, DUTERTE PANAGUTIN"" -- KABATAAN PARTY-LIST REP. RENEE CO SA MAANOMALIYA NGA FLOOD CONTROL PROJECTS 

BY: LHEY ANN ALAYON | September 21, 2025
Video courtesy: Newswatch

Ginpangunahan ni Kabataan Party-list Rep. Renee Co ang pagsinggitan sang ""Marcos Singilin, Duterte Panagutin"" sa rally sa Luneta subong nga aga. 

#AksyonRadyoIloilo",,"Kabataan pag-asa na bayan pro kabataan din sisira ng bayan","22","https://www.facebook.com/100064669725059/posts/1272081354957510/?mibextid=rS40aB7S9Ucbxw6v"
"""MARCOS SINGILIN, DUTERTE PANAGUTIN"" -- KABATAAN PARTY-LIST REP. RENEE CO SA MAANOMALIYA NGA FLOOD CONTROL PROJECTS 

BY: LHEY ANN ALAYON | September 21, 2025
Video courtesy: Newswatch

Ginpangunahan ni Kabataan Party-list Rep. Renee Co ang pagsinggitan sang ""Marcos Singilin, Duterte Panagutin"" sa rally sa Luneta subong nga aga. 

#AksyonRadyoIloilo",,"Duterte pa rin!😜","29","https://www.facebook.com/100064669725059/posts/1272081354957510/?mibextid=rS40aB7S9Ucbxw6v"
"""MARCOS SINGILIN, DUTERTE PANAGUTIN"" -- KABATAAN PARTY-LIST REP. RENEE CO SA MAANOMALIYA NGA FLOOD CONTROL PROJECTS 

BY: LHEY ANN ALAYON | September 21, 2025
Video courtesy: Newswatch

Ginpangunahan ni Kabataan Party-list Rep. Renee Co ang pagsinggitan sang ""Marcos Singilin, Duterte Panagutin"" sa rally sa Luneta subong nga aga. 

#AksyonRadyoIloilo",,"Mindset ng mga talunan!!!mali ni pedro pati c juan magsasakripisyo!!!gago!!!","13","https://www.facebook.com/100064669725059/posts/1272081354957510/?mibextid=rS40aB7S9Ucbxw6v"
"""MARCOS SINGILIN, DUTERTE PANAGUTIN"" -- KABATAAN PARTY-LIST REP. RENEE CO SA MAANOMALIYA NGA FLOOD CONTROL PROJECTS 

BY: LHEY ANN ALAYON | September 21, 2025
Video courtesy: Newswatch

Ginpangunahan ni Kabataan Party-list Rep. Renee Co ang pagsinggitan sang ""Marcos Singilin, Duterte Panagutin"" sa rally sa Luneta subong nga aga. 

#AksyonRadyoIloilo",,"How about Martin? 🤣","10","https://www.facebook.com/100064669725059/posts/1272081354957510/?mibextid=rS40aB7S9Ucbxw6v"
"""MARCOS SINGILIN, DUTERTE PANAGUTIN"" -- KABATAAN PARTY-LIST REP. RENEE CO SA MAANOMALIYA NGA FLOOD CONTROL PROJECTS 

BY: LHEY ANN ALAYON | September 21, 2025
Video courtesy: Newswatch

Ginpangunahan ni Kabataan Party-list Rep. Renee Co ang pagsinggitan sang ""Marcos Singilin, Duterte Panagutin"" sa rally sa Luneta subong nga aga. 

#AksyonRadyoIloilo",,"hindi si marcos sisihin, kundi yong pulitiko na kuntra partido sila gumagawa nang eksina para mapa sama at magulo adminitrasyon.","6","https://www.facebook.com/100064669725059/posts/1272081354957510/?mibextid=rS40aB7S9Ucbxw6v"
"""MARCOS SINGILIN, DUTERTE PANAGUTIN"" -- KABATAAN PARTY-LIST REP. RENEE CO SA MAANOMALIYA NGA FLOOD CONTROL PROJECTS 

BY: LHEY ANN ALAYON | September 21, 2025
Video courtesy: Newswatch

Ginpangunahan ni Kabataan Party-list Rep. Renee Co ang pagsinggitan sang ""Marcos Singilin, Duterte Panagutin"" sa rally sa Luneta subong nga aga. 

#AksyonRadyoIloilo",,"Nangabuang na","12","https://www.facebook.com/100064669725059/posts/1272081354957510/?mibextid=rS40aB7S9Ucbxw6v"
"""MARCOS SINGILIN, DUTERTE PANAGUTIN"" -- KABATAAN PARTY-LIST REP. RENEE CO SA MAANOMALIYA NGA FLOOD CONTROL PROJECTS 

BY: LHEY ANN ALAYON | September 21, 2025
Video courtesy: Newswatch

Ginpangunahan ni Kabataan Party-list Rep. Renee Co ang pagsinggitan sang ""Marcos Singilin, Duterte Panagutin"" sa rally sa Luneta subong nga aga. 

#AksyonRadyoIloilo",,"Tiba tiba namn ni ang maka baton kickback.. shout out sa maka baton! Pa burger namn dyan.","0","https://www.facebook.com/100064669725059/posts/1272081354957510/?mibextid=rS40aB7S9Ucbxw6v"
"""MARCOS SINGILIN, DUTERTE PANAGUTIN"" -- KABATAAN PARTY-LIST REP. RENEE CO SA MAANOMALIYA NGA FLOOD CONTROL PROJECTS 

BY: LHEY ANN ALAYON | September 21, 2025
Video courtesy: Newswatch

Ginpangunahan ni Kabataan Party-list Rep. Renee Co ang pagsinggitan sang ""Marcos Singilin, Duterte Panagutin"" sa rally sa Luneta subong nga aga. 

#AksyonRadyoIloilo",,"Matapos lang na ang rally wala gid it matabo nga maayo…same pa rin yan","6","https://www.facebook.com/100064669725059/posts/1272081354957510/?mibextid=rS40aB7S9Ucbxw6v"
"""MARCOS SINGILIN, DUTERTE PANAGUTIN"" -- KABATAAN PARTY-LIST REP. RENEE CO SA MAANOMALIYA NGA FLOOD CONTROL PROJECTS 

BY: LHEY ANN ALAYON | September 21, 2025
Video courtesy: Newswatch

Ginpangunahan ni Kabataan Party-list Rep. Renee Co ang pagsinggitan sang ""Marcos Singilin, Duterte Panagutin"" sa rally sa Luneta subong nga aga. 

#AksyonRadyoIloilo",,"Ang cpp npa panagutin sa mga extortion, pagpatay, at terrorism. Pananagutin ang mga taong may kaugnayan o supporters ng cpp npa. Dahil sa extortion isa rin itong dahilan upang maging corrupt ang mga politicians. Saan nila kukunin ang inilagay sa extortion?","0","https://www.facebook.com/100064669725059/posts/1272081354957510/?mibextid=rS40aB7S9Ucbxw6v"
"""MARCOS SINGILIN, DUTERTE PANAGUTIN"" -- KABATAAN PARTY-LIST REP. RENEE CO SA MAANOMALIYA NGA FLOOD CONTROL PROJECTS 

BY: LHEY ANN ALAYON | September 21, 2025
Video courtesy: Newswatch

Ginpangunahan ni Kabataan Party-list Rep. Renee Co ang pagsinggitan sang ""Marcos Singilin, Duterte Panagutin"" sa rally sa Luneta subong nga aga. 

#AksyonRadyoIloilo",,"Naku bkt lang si Duterte managot na preso na nga eh Ang papanagutin nio Ang kawatan bakt nd nio sinisigaw si martin at zaldy ko dahil relative ni reene co bayas kayo lahat na sangkot or napangalqnan na Yan isigaw nio cg pa kayo habol Kay digong maipakulong na nga eh","0","https://www.facebook.com/100064669725059/posts/1272081354957510/?mibextid=rS40aB7S9Ucbxw6v"
"""MARCOS SINGILIN, DUTERTE PANAGUTIN"" -- KABATAAN PARTY-LIST REP. RENEE CO SA MAANOMALIYA NGA FLOOD CONTROL PROJECTS 

BY: LHEY ANN ALAYON | September 21, 2025
Video courtesy: Newswatch

Ginpangunahan ni Kabataan Party-list Rep. Renee Co ang pagsinggitan sang ""Marcos Singilin, Duterte Panagutin"" sa rally sa Luneta subong nga aga. 

#AksyonRadyoIloilo",,"pampagulo lng mga yn dapat dyn kuyugin ng taumbayan","0","https://www.facebook.com/100064669725059/posts/1272081354957510/?mibextid=rS40aB7S9Ucbxw6v"
"""MARCOS SINGILIN, DUTERTE PANAGUTIN"" -- KABATAAN PARTY-LIST REP. RENEE CO SA MAANOMALIYA NGA FLOOD CONTROL PROJECTS 

BY: LHEY ANN ALAYON | September 21, 2025
Video courtesy: Newswatch

Ginpangunahan ni Kabataan Party-list Rep. Renee Co ang pagsinggitan sang ""Marcos Singilin, Duterte Panagutin"" sa rally sa Luneta subong nga aga. 

#AksyonRadyoIloilo",,"Meow meow Renee Co NPA.kakampink kasabwat Ng NPA tas Marcos Kya wag n maniwala Gawin nlngvpababain c BBM at Inday Sarah uupo Lahat Ng MGA basura n pulitiko yari Kyo lahat","0","https://www.facebook.com/100064669725059/posts/1272081354957510/?mibextid=rS40aB7S9Ucbxw6v"
"""MARCOS SINGILIN, DUTERTE PANAGUTIN"" -- KABATAAN PARTY-LIST REP. RENEE CO SA MAANOMALIYA NGA FLOOD CONTROL PROJECTS 

BY: LHEY ANN ALAYON | September 21, 2025
Video courtesy: Newswatch

Ginpangunahan ni Kabataan Party-list Rep. Renee Co ang pagsinggitan sang ""Marcos Singilin, Duterte Panagutin"" sa rally sa Luneta subong nga aga. 

#AksyonRadyoIloilo",,"Rep. Renee Co maayu pa I singgit mo dira...
Zaldy Co Puli diri sa Pinas e balik Ang kwarta na imohang gi kawat maayu pa amu na e singgit mo","0","https://www.facebook.com/100064669725059/posts/1272081354957510/?mibextid=rS40aB7S9Ucbxw6v"
"""MARCOS SINGILIN, DUTERTE PANAGUTIN"" -- KABATAAN PARTY-LIST REP. RENEE CO SA MAANOMALIYA NGA FLOOD CONTROL PROJECTS 

BY: LHEY ANN ALAYON | September 21, 2025
Video courtesy: Newswatch

Ginpangunahan ni Kabataan Party-list Rep. Renee Co ang pagsinggitan sang ""Marcos Singilin, Duterte Panagutin"" sa rally sa Luneta subong nga aga. 

#AksyonRadyoIloilo",,"Pag los2x Renee🫣😂😆👊🏻","0","https://www.facebook.com/100064669725059/posts/1272081354957510/?mibextid=rS40aB7S9Ucbxw6v"
"""MARCOS SINGILIN, DUTERTE PANAGUTIN"" -- KABATAAN PARTY-LIST REP. RENEE CO SA MAANOMALIYA NGA FLOOD CONTROL PROJECTS 

BY: LHEY ANN ALAYON | September 21, 2025
Video courtesy: Newswatch

Ginpangunahan ni Kabataan Party-list Rep. Renee Co ang pagsinggitan sang ""Marcos Singilin, Duterte Panagutin"" sa rally sa Luneta subong nga aga. 

#AksyonRadyoIloilo",,"May halong pulitika ang rally nyo","0","https://www.facebook.com/100064669725059/posts/1272081354957510/?mibextid=rS40aB7S9Ucbxw6v"
"""MARCOS SINGILIN, DUTERTE PANAGUTIN"" -- KABATAAN PARTY-LIST REP. RENEE CO SA MAANOMALIYA NGA FLOOD CONTROL PROJECTS 

BY: LHEY ANN ALAYON | September 21, 2025
Video courtesy: Newswatch

Ginpangunahan ni Kabataan Party-list Rep. Renee Co ang pagsinggitan sang ""Marcos Singilin, Duterte Panagutin"" sa rally sa Luneta subong nga aga. 

#AksyonRadyoIloilo",,"Unsa .... NPA... palaputin..
👍👍👍👍👍👍👍👍👍👍","0","https://www.facebook.com/100064669725059/posts/1272081354957510/?mibextid=rS40aB7S9Ucbxw6v"
"""MARCOS SINGILIN, DUTERTE PANAGUTIN"" -- KABATAAN PARTY-LIST REP. RENEE CO SA MAANOMALIYA NGA FLOOD CONTROL PROJECTS 

BY: LHEY ANN ALAYON | September 21, 2025
Video courtesy: Newswatch

Ginpangunahan ni Kabataan Party-list Rep. Renee Co ang pagsinggitan sang ""Marcos Singilin, Duterte Panagutin"" sa rally sa Luneta subong nga aga. 

#AksyonRadyoIloilo",,"Duterte pa rin ako","0","https://www.facebook.com/100064669725059/posts/1272081354957510/?mibextid=rS40aB7S9Ucbxw6v"
"""MARCOS SINGILIN, DUTERTE PANAGUTIN"" -- KABATAAN PARTY-LIST REP. RENEE CO SA MAANOMALIYA NGA FLOOD CONTROL PROJECTS 

BY: LHEY ANN ALAYON | September 21, 2025
Video courtesy: Newswatch

Ginpangunahan ni Kabataan Party-list Rep. Renee Co ang pagsinggitan sang ""Marcos Singilin, Duterte Panagutin"" sa rally sa Luneta subong nga aga. 

#AksyonRadyoIloilo",,"Kamo na lng pg president ug vp 😂😂","0","https://www.facebook.com/100064669725059/posts/1272081354957510/?mibextid=rS40aB7S9Ucbxw6v"
"""MARCOS SINGILIN, DUTERTE PANAGUTIN"" -- KABATAAN PARTY-LIST REP. RENEE CO SA MAANOMALIYA NGA FLOOD CONTROL PROJECTS 

BY: LHEY ANN ALAYON | September 21, 2025
Video courtesy: Newswatch

Ginpangunahan ni Kabataan Party-list Rep. Renee Co ang pagsinggitan sang ""Marcos Singilin, Duterte Panagutin"" sa rally sa Luneta subong nga aga. 

#AksyonRadyoIloilo",,"Duterte","0","https://www.facebook.com/100064669725059/posts/1272081354957510/?mibextid=rS40aB7S9Ucbxw6v"
"""MARCOS SINGILIN, DUTERTE PANAGUTIN"" -- KABATAAN PARTY-LIST REP. RENEE CO SA MAANOMALIYA NGA FLOOD CONTROL PROJECTS 

BY: LHEY ANN ALAYON | September 21, 2025
Video courtesy: Newswatch

Ginpangunahan ni Kabataan Party-list Rep. Renee Co ang pagsinggitan sang ""Marcos Singilin, Duterte Panagutin"" sa rally sa Luneta subong nga aga. 

#AksyonRadyoIloilo",,"hahaha tama nga ang hula🤣 na budol ang rally🤣🤣","1","https://www.facebook.com/100064669725059/posts/1272081354957510/?mibextid=rS40aB7S9Ucbxw6v"
"""MARCOS SINGILIN, DUTERTE PANAGUTIN"" -- KABATAAN PARTY-LIST REP. RENEE CO SA MAANOMALIYA NGA FLOOD CONTROL PROJECTS 

BY: LHEY ANN ALAYON | September 21, 2025
Video courtesy: Newswatch

Ginpangunahan ni Kabataan Party-list Rep. Renee Co ang pagsinggitan sang ""Marcos Singilin, Duterte Panagutin"" sa rally sa Luneta subong nga aga. 

#AksyonRadyoIloilo",,"Go!!! Haahahahah ..... kakapoy ra ninyo oi hahahahha","0","https://www.facebook.com/100064669725059/posts/1272081354957510/?mibextid=rS40aB7S9Ucbxw6v"
"""MARCOS SINGILIN, DUTERTE PANAGUTIN"" -- KABATAAN PARTY-LIST REP. RENEE CO SA MAANOMALIYA NGA FLOOD CONTROL PROJECTS 

BY: LHEY ANN ALAYON | September 21, 2025
Video courtesy: Newswatch

Ginpangunahan ni Kabataan Party-list Rep. Renee Co ang pagsinggitan sang ""Marcos Singilin, Duterte Panagutin"" sa rally sa Luneta subong nga aga. 

#AksyonRadyoIloilo",,"Way pulos klase party list..pa guwapa lng day","0","https://www.facebook.com/100064669725059/posts/1272081354957510/?mibextid=rS40aB7S9Ucbxw6v"
"""MARCOS SINGILIN, DUTERTE PANAGUTIN"" -- KABATAAN PARTY-LIST REP. RENEE CO SA MAANOMALIYA NGA FLOOD CONTROL PROJECTS 

BY: LHEY ANN ALAYON | September 21, 2025
Video courtesy: Newswatch

Ginpangunahan ni Kabataan Party-list Rep. Renee Co ang pagsinggitan sang ""Marcos Singilin, Duterte Panagutin"" sa rally sa Luneta subong nga aga. 

#AksyonRadyoIloilo",,"Mkabayan bloc🤣🤣🤣🤣","0","https://www.facebook.com/100064669725059/posts/1272081354957510/?mibextid=rS40aB7S9Ucbxw6v"
"""MARCOS SINGILIN, DUTERTE PANAGUTIN"" -- KABATAAN PARTY-LIST REP. RENEE CO SA MAANOMALIYA NGA FLOOD CONTROL PROJECTS 

BY: LHEY ANN ALAYON | September 21, 2025
Video courtesy: Newswatch

Ginpangunahan ni Kabataan Party-list Rep. Renee Co ang pagsinggitan sang ""Marcos Singilin, Duterte Panagutin"" sa rally sa Luneta subong nga aga. 

#AksyonRadyoIloilo",,"zadly co at rumalduez.   At bbm panagutin ibalik ninyo Pera nag bayan","0","https://www.facebook.com/100064669725059/posts/1272081354957510/?mibextid=rS40aB7S9Ucbxw6v"
"""MARCOS SINGILIN, DUTERTE PANAGUTIN"" -- KABATAAN PARTY-LIST REP. RENEE CO SA MAANOMALIYA NGA FLOOD CONTROL PROJECTS 

BY: LHEY ANN ALAYON | September 21, 2025
Video courtesy: Newswatch

Ginpangunahan ni Kabataan Party-list Rep. Renee Co ang pagsinggitan sang ""Marcos Singilin, Duterte Panagutin"" sa rally sa Luneta subong nga aga. 

#AksyonRadyoIloilo",,"Nanga angkol nmo pila gibayad sa inyu o hadlok lang mo mkulong mg nimal","0","https://www.facebook.com/100064669725059/posts/1272081354957510/?mibextid=rS40aB7S9Ucbxw6v"
"""MARCOS SINGILIN, DUTERTE PANAGUTIN"" -- KABATAAN PARTY-LIST REP. RENEE CO SA MAANOMALIYA NGA FLOOD CONTROL PROJECTS 

BY: LHEY ANN ALAYON | September 21, 2025
Video courtesy: Newswatch

Ginpangunahan ni Kabataan Party-list Rep. Renee Co ang pagsinggitan sang ""Marcos Singilin, Duterte Panagutin"" sa rally sa Luneta subong nga aga. 

#AksyonRadyoIloilo",,"Kabataan di ang paga asa ng bayan..panahon pa ng rizal oy🤣🤣🤣","0","https://www.facebook.com/100064669725059/posts/1272081354957510/?mibextid=rS40aB7S9Ucbxw6v"
"""MARCOS SINGILIN, DUTERTE PANAGUTIN"" -- KABATAAN PARTY-LIST REP. RENEE CO SA MAANOMALIYA NGA FLOOD CONTROL PROJECTS 

BY: LHEY ANN ALAYON | September 21, 2025
Video courtesy: Newswatch

Ginpangunahan ni Kabataan Party-list Rep. Renee Co ang pagsinggitan sang ""Marcos Singilin, Duterte Panagutin"" sa rally sa Luneta subong nga aga. 

#AksyonRadyoIloilo",,"Mga abnoy c rumaldez kag c zaldy co ang nagkwa kwrta..ky man npa mga gong2","0","https://www.facebook.com/100064669725059/posts/1272081354957510/?mibextid=rS40aB7S9Ucbxw6v"
"""MARCOS SINGILIN, DUTERTE PANAGUTIN"" -- KABATAAN PARTY-LIST REP. RENEE CO SA MAANOMALIYA NGA FLOOD CONTROL PROJECTS 

BY: LHEY ANN ALAYON | September 21, 2025
Video courtesy: Newswatch

Ginpangunahan ni Kabataan Party-list Rep. Renee Co ang pagsinggitan sang ""Marcos Singilin, Duterte Panagutin"" sa rally sa Luneta subong nga aga. 

#AksyonRadyoIloilo",,"Tapos ..maano kamo?!  Ihaw nyo Tani si Rom kag Co tong","0","https://www.facebook.com/100064669725059/posts/1272081354957510/?mibextid=rS40aB7S9Ucbxw6v"
"""MARCOS SINGILIN, DUTERTE PANAGUTIN"" -- KABATAAN PARTY-LIST REP. RENEE CO SA MAANOMALIYA NGA FLOOD CONTROL PROJECTS 

BY: LHEY ANN ALAYON | September 21, 2025
Video courtesy: Newswatch

Ginpangunahan ni Kabataan Party-list Rep. Renee Co ang pagsinggitan sang ""Marcos Singilin, Duterte Panagutin"" sa rally sa Luneta subong nga aga. 

#AksyonRadyoIloilo",,"mga yabag was sa tuno","0","https://www.facebook.com/100064669725059/posts/1272081354957510/?mibextid=rS40aB7S9Ucbxw6v"
"""MARCOS SINGILIN, DUTERTE PANAGUTIN"" -- KABATAAN PARTY-LIST REP. RENEE CO SA MAANOMALIYA NGA FLOOD CONTROL PROJECTS 

BY: LHEY ANN ALAYON | September 21, 2025
Video courtesy: Newswatch

Ginpangunahan ni Kabataan Party-list Rep. Renee Co ang pagsinggitan sang ""Marcos Singilin, Duterte Panagutin"" sa rally sa Luneta subong nga aga. 

#AksyonRadyoIloilo",,"Pabalikon mo di si saldy co nga parente mo..Hala mo da ka singgit Duterte ..tiyo mo ya makawat..weeh ..","10","https://www.facebook.com/100064669725059/posts/1272081354957510/?mibextid=rS40aB7S9Ucbxw6v"
"""MARCOS SINGILIN, DUTERTE PANAGUTIN"" -- KABATAAN PARTY-LIST REP. RENEE CO SA MAANOMALIYA NGA FLOOD CONTROL PROJECTS 

BY: LHEY ANN ALAYON | September 21, 2025
Video courtesy: Newswatch

Ginpangunahan ni Kabataan Party-list Rep. Renee Co ang pagsinggitan sang ""Marcos Singilin, Duterte Panagutin"" sa rally sa Luneta subong nga aga. 

#AksyonRadyoIloilo",,"Na preso na gani si duterte ano pada nawangal nyo?ang mga kwatan guro gn rallyhan nyu da.","0","https://www.facebook.com/100064669725059/posts/1272081354957510/?mibextid=rS40aB7S9Ucbxw6v"
"""MARCOS SINGILIN, DUTERTE PANAGUTIN"" -- KABATAAN PARTY-LIST REP. RENEE CO SA MAANOMALIYA NGA FLOOD CONTROL PROJECTS 

BY: LHEY ANN ALAYON | September 21, 2025
Video courtesy: Newswatch

Ginpangunahan ni Kabataan Party-list Rep. Renee Co ang pagsinggitan sang ""Marcos Singilin, Duterte Panagutin"" sa rally sa Luneta subong nga aga. 

#AksyonRadyoIloilo",,"Pinapahirapan nyo lang mga sarili ninyo. Gutom m kayo Wala nang laman mga tyan ninyo","0","https://www.facebook.com/100064669725059/posts/1272081354957510/?mibextid=rS40aB7S9Ucbxw6v"
"""MARCOS SINGILIN, DUTERTE PANAGUTIN"" -- KABATAAN PARTY-LIST REP. RENEE CO SA MAANOMALIYA NGA FLOOD CONTROL PROJECTS 

BY: LHEY ANN ALAYON | September 21, 2025
Video courtesy: Newswatch

Ginpangunahan ni Kabataan Party-list Rep. Renee Co ang pagsinggitan sang ""Marcos Singilin, Duterte Panagutin"" sa rally sa Luneta subong nga aga. 

#AksyonRadyoIloilo",,"Bisan mag aga pa kamu da sang singgit kay ang nakawat kag nadula indi na ina mabalik pa. kag indi man ina makabulig ang hagay nyo dira ka singiton. Ang maayo nyo guro buhaton puli kamu sa inyo balay, manglimpyo kamu ka ugsaran nyo. 

Ari ho kay nakita nyo na kon sin-o mga kurap , mag election baligya nyo japon buto nyo di ba, kita nga nagabayad sang buwis, ara ang nagpungko nga gin pili kay kuno para sa Pilipinas, gali para sa ila ka mga hilas.","0","https://www.facebook.com/100064669725059/posts/1272081354957510/?mibextid=rS40aB7S9Ucbxw6v"
"""MARCOS SINGILIN, DUTERTE PANAGUTIN"" -- KABATAAN PARTY-LIST REP. RENEE CO SA MAANOMALIYA NGA FLOOD CONTROL PROJECTS 

BY: LHEY ANN ALAYON | September 21, 2025
Video courtesy: Newswatch

Ginpangunahan ni Kabataan Party-list Rep. Renee Co ang pagsinggitan sang ""Marcos Singilin, Duterte Panagutin"" sa rally sa Luneta subong nga aga. 

#AksyonRadyoIloilo",,"Nakita nyo man ang project n duterte may bagyo may lock down may giyera kg may project pa build build.  Wala nyo nakita ang pag tawhay sng pilipinas c duterte ng pungko. Indi kmu mg bulag bulag . Nga a c Aquino wala corruption . Ano nahimo nya ? Wala wala wala","0","https://www.facebook.com/100064669725059/posts/1272081354957510/?mibextid=rS40aB7S9Ucbxw6v"
"""MARCOS SINGILIN, DUTERTE PANAGUTIN"" -- KABATAAN PARTY-LIST REP. RENEE CO SA MAANOMALIYA NGA FLOOD CONTROL PROJECTS 

BY: LHEY ANN ALAYON | September 21, 2025
Video courtesy: Newswatch

Ginpangunahan ni Kabataan Party-list Rep. Renee Co ang pagsinggitan sang ""Marcos Singilin, Duterte Panagutin"" sa rally sa Luneta subong nga aga. 

#AksyonRadyoIloilo",,"Mga bayaran mga gago","0","https://www.facebook.com/100064669725059/posts/1272081354957510/?mibextid=rS40aB7S9Ucbxw6v"
"""MARCOS SINGILIN, DUTERTE PANAGUTIN"" -- KABATAAN PARTY-LIST REP. RENEE CO SA MAANOMALIYA NGA FLOOD CONTROL PROJECTS 

BY: LHEY ANN ALAYON | September 21, 2025
Video courtesy: Newswatch

Ginpangunahan ni Kabataan Party-list Rep. Renee Co ang pagsinggitan sang ""Marcos Singilin, Duterte Panagutin"" sa rally sa Luneta subong nga aga. 

#AksyonRadyoIloilo",,"mga ulol","0","https://www.facebook.com/100064669725059/posts/1272081354957510/?mibextid=rS40aB7S9Ucbxw6v"
"""MARCOS SINGILIN, DUTERTE PANAGUTIN"" -- KABATAAN PARTY-LIST REP. RENEE CO SA MAANOMALIYA NGA FLOOD CONTROL PROJECTS 

BY: LHEY ANN ALAYON | September 21, 2025
Video courtesy: Newswatch

Ginpangunahan ni Kabataan Party-list Rep. Renee Co ang pagsinggitan sang ""Marcos Singilin, Duterte Panagutin"" sa rally sa Luneta subong nga aga. 

#AksyonRadyoIloilo",,"panagutin anjan paba ang dating pangulo napakolong nanga sa ebang bansa yan parin sigaw nyo kalokohan mga kurakot ang dpat nyo panagutin..","0","https://www.facebook.com/100064669725059/posts/1272081354957510/?mibextid=rS40aB7S9Ucbxw6v"
"""MARCOS SINGILIN, DUTERTE PANAGUTIN"" -- KABATAAN PARTY-LIST REP. RENEE CO SA MAANOMALIYA NGA FLOOD CONTROL PROJECTS 

BY: LHEY ANN ALAYON | September 21, 2025
Video courtesy: Newswatch

Ginpangunahan ni Kabataan Party-list Rep. Renee Co ang pagsinggitan sang ""Marcos Singilin, Duterte Panagutin"" sa rally sa Luneta subong nga aga. 

#AksyonRadyoIloilo",,"Mga bugok talaga Kau","0","https://www.facebook.com/100064669725059/posts/1272081354957510/?mibextid=rS40aB7S9Ucbxw6v"
"""MARCOS SINGILIN, DUTERTE PANAGUTIN"" -- KABATAAN PARTY-LIST REP. RENEE CO SA MAANOMALIYA NGA FLOOD CONTROL PROJECTS 

BY: LHEY ANN ALAYON | September 21, 2025
Video courtesy: Newswatch

Ginpangunahan ni Kabataan Party-list Rep. Renee Co ang pagsinggitan sang ""Marcos Singilin, Duterte Panagutin"" sa rally sa Luneta subong nga aga. 

#AksyonRadyoIloilo",,"Mga putang ina nyooo puro kau duterte 😪😝😝  nanahimik si vp sarah 🙄 idadamay nyo sa mga putang inang aso ni marcos 👊🏻👊🏻  patayin nyo mga tutaaaa ni marcoss kasi mga putang ina nila binubulsa nila ang pera nating lahat 👊🏻👊🏻👊🏻","0","https://www.facebook.com/100064669725059/posts/1272081354957510/?mibextid=rS40aB7S9Ucbxw6v"
"""MARCOS SINGILIN, DUTERTE PANAGUTIN"" -- KABATAAN PARTY-LIST REP. RENEE CO SA MAANOMALIYA NGA FLOOD CONTROL PROJECTS 

BY: LHEY ANN ALAYON | September 21, 2025
Video courtesy: Newswatch

Ginpangunahan ni Kabataan Party-list Rep. Renee Co ang pagsinggitan sang ""Marcos Singilin, Duterte Panagutin"" sa rally sa Luneta subong nga aga. 

#AksyonRadyoIloilo",,"Mga gago lalo na namuno gago tamaan  sana kayo ng kidlat lahat ... jan","0","https://www.facebook.com/100064669725059/posts/1272081354957510/?mibextid=rS40aB7S9Ucbxw6v"
"""MARCOS SINGILIN, DUTERTE PANAGUTIN"" -- KABATAAN PARTY-LIST REP. RENEE CO SA MAANOMALIYA NGA FLOOD CONTROL PROJECTS 

BY: LHEY ANN ALAYON | September 21, 2025
Video courtesy: Newswatch

Ginpangunahan ni Kabataan Party-list Rep. Renee Co ang pagsinggitan sang ""Marcos Singilin, Duterte Panagutin"" sa rally sa Luneta subong nga aga. 

#AksyonRadyoIloilo",,"Mga bogok","0","https://www.facebook.com/100064669725059/posts/1272081354957510/?mibextid=rS40aB7S9Ucbxw6v"
"""MARCOS SINGILIN, DUTERTE PANAGUTIN"" -- KABATAAN PARTY-LIST REP. RENEE CO SA MAANOMALIYA NGA FLOOD CONTROL PROJECTS 

BY: LHEY ANN ALAYON | September 21, 2025
Video courtesy: Newswatch

Ginpangunahan ni Kabataan Party-list Rep. Renee Co ang pagsinggitan sang ""Marcos Singilin, Duterte Panagutin"" sa rally sa Luneta subong nga aga. 

#AksyonRadyoIloilo",,"dinamay nyo p c duterte  mga bayad yata kyo","0","https://www.facebook.com/100064669725059/posts/1272081354957510/?mibextid=rS40aB7S9Ucbxw6v"
"""MARCOS SINGILIN, DUTERTE PANAGUTIN"" -- KABATAAN PARTY-LIST REP. RENEE CO SA MAANOMALIYA NGA FLOOD CONTROL PROJECTS 

BY: LHEY ANN ALAYON | September 21, 2025
Video courtesy: Newswatch

Ginpangunahan ni Kabataan Party-list Rep. Renee Co ang pagsinggitan sang ""Marcos Singilin, Duterte Panagutin"" sa rally sa Luneta subong nga aga. 

#AksyonRadyoIloilo",,"Hahahah mga gago ug gaga tua na gani ug ICC gipa preso na unya duterte lng gihapon mo !!okey ra mo uy hahahaha","0","https://www.facebook.com/100064669725059/posts/1272081354957510/?mibextid=rS40aB7S9Ucbxw6v"
"""MARCOS SINGILIN, DUTERTE PANAGUTIN"" -- KABATAAN PARTY-LIST REP. RENEE CO SA MAANOMALIYA NGA FLOOD CONTROL PROJECTS 

BY: LHEY ANN ALAYON | September 21, 2025
Video courtesy: Newswatch

Ginpangunahan ni Kabataan Party-list Rep. Renee Co ang pagsinggitan sang ""Marcos Singilin, Duterte Panagutin"" sa rally sa Luneta subong nga aga. 

#AksyonRadyoIloilo",,"Sus! Mga EnPeEy! Haha","0","https://www.facebook.com/100064669725059/posts/1272081354957510/?mibextid=rS40aB7S9Ucbxw6v"
"""MARCOS SINGILIN, DUTERTE PANAGUTIN"" -- KABATAAN PARTY-LIST REP. RENEE CO SA MAANOMALIYA NGA FLOOD CONTROL PROJECTS 

BY: LHEY ANN ALAYON | September 21, 2025
Video courtesy: Newswatch

Ginpangunahan ni Kabataan Party-list Rep. Renee Co ang pagsinggitan sang ""Marcos Singilin, Duterte Panagutin"" sa rally sa Luneta subong nga aga. 

#AksyonRadyoIloilo",,"Hugas muna kyong Plato s inyo puro kyo walang alam! Bilog n mga ulo nyo Ng mga NPA 😔😤😔","0","https://www.facebook.com/100064669725059/posts/1272081354957510/?mibextid=rS40aB7S9Ucbxw6v"
"""MARCOS SINGILIN, DUTERTE PANAGUTIN"" -- KABATAAN PARTY-LIST REP. RENEE CO SA MAANOMALIYA NGA FLOOD CONTROL PROJECTS 

BY: LHEY ANN ALAYON | September 21, 2025
Video courtesy: Newswatch

Ginpangunahan ni Kabataan Party-list Rep. Renee Co ang pagsinggitan sang ""Marcos Singilin, Duterte Panagutin"" sa rally sa Luneta subong nga aga. 

#AksyonRadyoIloilo",,"Basta tatak Duterte puro gid na kabalo na kamo na","0","https://www.facebook.com/100064669725059/posts/1272081354957510/?mibextid=rS40aB7S9Ucbxw6v"
"""MARCOS SINGILIN, DUTERTE PANAGUTIN"" -- KABATAAN PARTY-LIST REP. RENEE CO SA MAANOMALIYA NGA FLOOD CONTROL PROJECTS 

BY: LHEY ANN ALAYON | September 21, 2025
Video courtesy: Newswatch

Ginpangunahan ni Kabataan Party-list Rep. Renee Co ang pagsinggitan sang ""Marcos Singilin, Duterte Panagutin"" sa rally sa Luneta subong nga aga. 

#AksyonRadyoIloilo",,"Mga bugok!!","4","https://www.facebook.com/100064669725059/posts/1272081354957510/?mibextid=rS40aB7S9Ucbxw6v"
"""MARCOS SINGILIN, DUTERTE PANAGUTIN"" -- KABATAAN PARTY-LIST REP. RENEE CO SA MAANOMALIYA NGA FLOOD CONTROL PROJECTS 

BY: LHEY ANN ALAYON | September 21, 2025
Video courtesy: Newswatch

Ginpangunahan ni Kabataan Party-list Rep. Renee Co ang pagsinggitan sang ""Marcos Singilin, Duterte Panagutin"" sa rally sa Luneta subong nga aga. 

#AksyonRadyoIloilo",,"Mga bayad yan di yan para sa gobyerno ang grupong ito mga mambubudol iyan","0","https://www.facebook.com/100064669725059/posts/1272081354957510/?mibextid=rS40aB7S9Ucbxw6v"
"""MARCOS SINGILIN, DUTERTE PANAGUTIN"" -- KABATAAN PARTY-LIST REP. RENEE CO SA MAANOMALIYA NGA FLOOD CONTROL PROJECTS 

BY: LHEY ANN ALAYON | September 21, 2025
Video courtesy: Newswatch

Ginpangunahan ni Kabataan Party-list Rep. Renee Co ang pagsinggitan sang ""Marcos Singilin, Duterte Panagutin"" sa rally sa Luneta subong nga aga. 

#AksyonRadyoIloilo",,"o bakit c marcos ang sisingilin nio wala naman utang sa bayan?👿 kayo.","0","https://www.facebook.com/100064669725059/posts/1272081354957510/?mibextid=rS40aB7S9Ucbxw6v"
"""MARCOS SINGILIN, DUTERTE PANAGUTIN"" -- KABATAAN PARTY-LIST REP. RENEE CO SA MAANOMALIYA NGA FLOOD CONTROL PROJECTS 

BY: LHEY ANN ALAYON | September 21, 2025
Video courtesy: Newswatch

Ginpangunahan ni Kabataan Party-list Rep. Renee Co ang pagsinggitan sang ""Marcos Singilin, Duterte Panagutin"" sa rally sa Luneta subong nga aga. 

#AksyonRadyoIloilo",,"Gin gastohan sng goberno. Mga NPA youth sector.. Ungag ka kasi com.george Garcia. 😂😂👌🇵🇭💪","0","https://www.facebook.com/100064669725059/posts/1272081354957510/?mibextid=rS40aB7S9Ucbxw6v"
"""MARCOS SINGILIN, DUTERTE PANAGUTIN"" -- KABATAAN PARTY-LIST REP. RENEE CO SA MAANOMALIYA NGA FLOOD CONTROL PROJECTS 

BY: LHEY ANN ALAYON | September 21, 2025
Video courtesy: Newswatch

Ginpangunahan ni Kabataan Party-list Rep. Renee Co ang pagsinggitan sang ""Marcos Singilin, Duterte Panagutin"" sa rally sa Luneta subong nga aga. 

#AksyonRadyoIloilo",,"Suloha nyo d wla labot s tax amo n singgit nyo","1","https://www.facebook.com/100064669725059/posts/1272081354957510/?mibextid=rS40aB7S9Ucbxw6v"
"""MARCOS SINGILIN, DUTERTE PANAGUTIN"" -- KABATAAN PARTY-LIST REP. RENEE CO SA MAANOMALIYA NGA FLOOD CONTROL PROJECTS 

BY: LHEY ANN ALAYON | September 21, 2025
Video courtesy: Newswatch

Ginpangunahan ni Kabataan Party-list Rep. Renee Co ang pagsinggitan sang ""Marcos Singilin, Duterte Panagutin"" sa rally sa Luneta subong nga aga. 

#AksyonRadyoIloilo",,"Bangag kayo bangag kayo","1","https://www.facebook.com/100064669725059/posts/1272081354957510/?mibextid=rS40aB7S9Ucbxw6v"
"""MARCOS SINGILIN, DUTERTE PANAGUTIN"" -- KABATAAN PARTY-LIST REP. RENEE CO SA MAANOMALIYA NGA FLOOD CONTROL PROJECTS 

BY: LHEY ANN ALAYON | September 21, 2025
Video courtesy: Newswatch

Ginpangunahan ni Kabataan Party-list Rep. Renee Co ang pagsinggitan sang ""Marcos Singilin, Duterte Panagutin"" sa rally sa Luneta subong nga aga. 

#AksyonRadyoIloilo",,"Representative Rene Co meow ngew ngew ngew","0","https://www.facebook.com/100064669725059/posts/1272081354957510/?mibextid=rS40aB7S9Ucbxw6v"
"""MARCOS SINGILIN, DUTERTE PANAGUTIN"" -- KABATAAN PARTY-LIST REP. RENEE CO SA MAANOMALIYA NGA FLOOD CONTROL PROJECTS 

BY: LHEY ANN ALAYON | September 21, 2025
Video courtesy: Newswatch

Ginpangunahan ni Kabataan Party-list Rep. Renee Co ang pagsinggitan sang ""Marcos Singilin, Duterte Panagutin"" sa rally sa Luneta subong nga aga. 

#AksyonRadyoIloilo",,"Esinggit nyo mga buaya mga kawatan mga bwesit","0","https://www.facebook.com/100064669725059/posts/1272081354957510/?mibextid=rS40aB7S9Ucbxw6v"
"""MARCOS SINGILIN, DUTERTE PANAGUTIN"" -- KABATAAN PARTY-LIST REP. RENEE CO SA MAANOMALIYA NGA FLOOD CONTROL PROJECTS 

BY: LHEY ANN ALAYON | September 21, 2025
Video courtesy: Newswatch

Ginpangunahan ni Kabataan Party-list Rep. Renee Co ang pagsinggitan sang ""Marcos Singilin, Duterte Panagutin"" sa rally sa Luneta subong nga aga. 

#AksyonRadyoIloilo",,"CO CO CORAKOT MGA BILATSI KAMU SBNG ANG PROBLEMA PATI PATI KAMU SA KAWATAN MA MGA PAMILYA CO 
MGA YUDIPU KAMU","0","https://www.facebook.com/100064669725059/posts/1272081354957510/?mibextid=rS40aB7S9Ucbxw6v"
"""MARCOS SINGILIN, DUTERTE PANAGUTIN"" -- KABATAAN PARTY-LIST REP. RENEE CO SA MAANOMALIYA NGA FLOOD CONTROL PROJECTS 

BY: LHEY ANN ALAYON | September 21, 2025
Video courtesy: Newswatch

Ginpangunahan ni Kabataan Party-list Rep. Renee Co ang pagsinggitan sang ""Marcos Singilin, Duterte Panagutin"" sa rally sa Luneta subong nga aga. 

#AksyonRadyoIloilo",,"Bakit....may duterte kn","0","https://www.facebook.com/100064669725059/posts/1272081354957510/?mibextid=rS40aB7S9Ucbxw6v"
"""MARCOS SINGILIN, DUTERTE PANAGUTIN"" -- KABATAAN PARTY-LIST REP. RENEE CO SA MAANOMALIYA NGA FLOOD CONTROL PROJECTS 

BY: LHEY ANN ALAYON | September 21, 2025
Video courtesy: Newswatch

Ginpangunahan ni Kabataan Party-list Rep. Renee Co ang pagsinggitan sang ""Marcos Singilin, Duterte Panagutin"" sa rally sa Luneta subong nga aga. 

#AksyonRadyoIloilo",,"Ka mga haslo hahaha","0","https://www.facebook.com/100064669725059/posts/1272081354957510/?mibextid=rS40aB7S9Ucbxw6v"
"""MARCOS SINGILIN, DUTERTE PANAGUTIN"" -- KABATAAN PARTY-LIST REP. RENEE CO SA MAANOMALIYA NGA FLOOD CONTROL PROJECTS 

BY: LHEY ANN ALAYON | September 21, 2025
Video courtesy: Newswatch

Ginpangunahan ni Kabataan Party-list Rep. Renee Co ang pagsinggitan sang ""Marcos Singilin, Duterte Panagutin"" sa rally sa Luneta subong nga aga. 

#AksyonRadyoIloilo",,"Birahi ngo singgit Hanggang mabutas Ang alingagngag nyo  mgabuisit.","0","https://www.facebook.com/100064669725059/posts/1272081354957510/?mibextid=rS40aB7S9Ucbxw6v"
"""MARCOS SINGILIN, DUTERTE PANAGUTIN"" -- KABATAAN PARTY-LIST REP. RENEE CO SA MAANOMALIYA NGA FLOOD CONTROL PROJECTS 

BY: LHEY ANN ALAYON | September 21, 2025
Video courtesy: Newswatch

Ginpangunahan ni Kabataan Party-list Rep. Renee Co ang pagsinggitan sang ""Marcos Singilin, Duterte Panagutin"" sa rally sa Luneta subong nga aga. 

#AksyonRadyoIloilo",,"Hahaha baliskad Ang utok","2","https://www.facebook.com/100064669725059/posts/1272081354957510/?mibextid=rS40aB7S9Ucbxw6v"
"""MARCOS SINGILIN, DUTERTE PANAGUTIN"" -- KABATAAN PARTY-LIST REP. RENEE CO SA MAANOMALIYA NGA FLOOD CONTROL PROJECTS 

BY: LHEY ANN ALAYON | September 21, 2025
Video courtesy: Newswatch

Ginpangunahan ni Kabataan Party-list Rep. Renee Co ang pagsinggitan sang ""Marcos Singilin, Duterte Panagutin"" sa rally sa Luneta subong nga aga. 

#AksyonRadyoIloilo",,"Daming mga adik","0","https://www.facebook.com/100064669725059/posts/1272081354957510/?mibextid=rS40aB7S9Ucbxw6v"
"""MARCOS SINGILIN, DUTERTE PANAGUTIN"" -- KABATAAN PARTY-LIST REP. RENEE CO SA MAANOMALIYA NGA FLOOD CONTROL PROJECTS 

BY: LHEY ANN ALAYON | September 21, 2025
Video courtesy: Newswatch

Ginpangunahan ni Kabataan Party-list Rep. Renee Co ang pagsinggitan sang ""Marcos Singilin, Duterte Panagutin"" sa rally sa Luneta subong nga aga. 

#AksyonRadyoIloilo",,"Ikaw kaya nag kurap ikaw pa imbitisga saan ang utak ha","0","https://www.facebook.com/100064669725059/posts/1272081354957510/?mibextid=rS40aB7S9Ucbxw6v"
"""MARCOS SINGILIN, DUTERTE PANAGUTIN"" -- KABATAAN PARTY-LIST REP. RENEE CO SA MAANOMALIYA NGA FLOOD CONTROL PROJECTS 

BY: LHEY ANN ALAYON | September 21, 2025
Video courtesy: Newswatch

Ginpangunahan ni Kabataan Party-list Rep. Renee Co ang pagsinggitan sang ""Marcos Singilin, Duterte Panagutin"" sa rally sa Luneta subong nga aga. 

#AksyonRadyoIloilo",,"Ay nako ano singgit nyo na,Ang Inyo personal interest na obra nyo,si Duterte ga paka linong na ya Hague,Angbsubongea kinanglan ta mapa halin si Marcos kag pa tinlo an ta Ang gobyerono sang mga maayo nga nga leader nga Indi kwarta lagas Nila kondi Ang kaayohan sng naton nga pumuloyo sang Pilipinas .","2","https://www.facebook.com/100064669725059/posts/1272081354957510/?mibextid=rS40aB7S9Ucbxw6v"
"""MARCOS SINGILIN, DUTERTE PANAGUTIN"" -- KABATAAN PARTY-LIST REP. RENEE CO SA MAANOMALIYA NGA FLOOD CONTROL PROJECTS 

BY: LHEY ANN ALAYON | September 21, 2025
Video courtesy: Newswatch

Ginpangunahan ni Kabataan Party-list Rep. Renee Co ang pagsinggitan sang ""Marcos Singilin, Duterte Panagutin"" sa rally sa Luneta subong nga aga. 

#AksyonRadyoIloilo",,"Na anu nani utok nila man??? Hoy abi pagbugtaw mn kmu sang nagkalatabo!!! Baw dyosko mn ah,kakapoy nguid","0","https://www.facebook.com/100064669725059/posts/1272081354957510/?mibextid=rS40aB7S9Ucbxw6v"
"""MARCOS SINGILIN, DUTERTE PANAGUTIN"" -- KABATAAN PARTY-LIST REP. RENEE CO SA MAANOMALIYA NGA FLOOD CONTROL PROJECTS 

BY: LHEY ANN ALAYON | September 21, 2025
Video courtesy: Newswatch

Ginpangunahan ni Kabataan Party-list Rep. Renee Co ang pagsinggitan sang ""Marcos Singilin, Duterte Panagutin"" sa rally sa Luneta subong nga aga. 

#AksyonRadyoIloilo",,"mga Bangag","0","https://www.facebook.com/100064669725059/posts/1272081354957510/?mibextid=rS40aB7S9Ucbxw6v"
"""MARCOS SINGILIN, DUTERTE PANAGUTIN"" -- KABATAAN PARTY-LIST REP. RENEE CO SA MAANOMALIYA NGA FLOOD CONTROL PROJECTS 

BY: LHEY ANN ALAYON | September 21, 2025
Video courtesy: Newswatch

Ginpangunahan ni Kabataan Party-list Rep. Renee Co ang pagsinggitan sang ""Marcos Singilin, Duterte Panagutin"" sa rally sa Luneta subong nga aga. 

#AksyonRadyoIloilo",,"Ag kumunistang partido Ng Pilipinas nabayaran Ng Pera ni Marco's jr Ang sigaw dinamaypa SI Duterte e nakulong na nga mga boang naga kumunistang e panahon ni Marcos jr bat Kay Duterte Ang huling sigaw nyo Diba Ang makabayan block nakapera 200million bawat 1 congressman na  makabayan block sa Perma lang sa empeach ni Sarah Duterte kaso na dismissed sa Korte suprema katropa  nila Ang mga korakot Napolitiko congressman Ang  utak si  rumualdez Kasama Ang anak ni bangag  o boong tropa sa congress nabayaad Ang Perma sa empeachment so Ang mga ogok na mga aktivista Estudiante Ang utak blindfold dahil sunod sunoran sa professor sa university ka kaalyado sa tropang CPP mga sympathiser  boss Ng mga rallyista  nabayarang samga  korakot Napolitiko congressman o governo ni Marcos jr pakitang gilas lang Yan  sa  polit Dolo sigaw Doon na punta Kay Sarah e as Ng dako2x sa makabayan block na mga congressman  nakapera galing sa koraption ni tambaloslos o Ilan Ang Maka baysn block na congressman na bawat 1 may 200 million  Ang ordinaryong aktivis5a Wala paring natanggao kahit peso samantala Ng Ang dako2x nila 200 million Ang natanggap galing ni tambaloslos","0","https://www.facebook.com/100064669725059/posts/1272081354957510/?mibextid=rS40aB7S9Ucbxw6v"
"""MARCOS SINGILIN, DUTERTE PANAGUTIN"" -- KABATAAN PARTY-LIST REP. RENEE CO SA MAANOMALIYA NGA FLOOD CONTROL PROJECTS 

BY: LHEY ANN ALAYON | September 21, 2025
Video courtesy: Newswatch

Ginpangunahan ni Kabataan Party-list Rep. Renee Co ang pagsinggitan sang ""Marcos Singilin, Duterte Panagutin"" sa rally sa Luneta subong nga aga. 

#AksyonRadyoIloilo",,"1.7 Trillion of taxpayers money were stolen under his watch🤥","1","https://www.facebook.com/100064669725059/posts/1272081354957510/?mibextid=rS40aB7S9Ucbxw6v"
"""MARCOS SINGILIN, DUTERTE PANAGUTIN"" -- KABATAAN PARTY-LIST REP. RENEE CO SA MAANOMALIYA NGA FLOOD CONTROL PROJECTS 

BY: LHEY ANN ALAYON | September 21, 2025
Video courtesy: Newswatch

Ginpangunahan ni Kabataan Party-list Rep. Renee Co ang pagsinggitan sang ""Marcos Singilin, Duterte Panagutin"" sa rally sa Luneta subong nga aga. 

#AksyonRadyoIloilo",,"Lakasan mo pa😂duterte sa 2028 😂","4","https://www.facebook.com/100064669725059/posts/1272081354957510/?mibextid=rS40aB7S9Ucbxw6v"
"""MARCOS SINGILIN, DUTERTE PANAGUTIN"" -- KABATAAN PARTY-LIST REP. RENEE CO SA MAANOMALIYA NGA FLOOD CONTROL PROJECTS 

BY: LHEY ANN ALAYON | September 21, 2025
Video courtesy: Newswatch

Ginpangunahan ni Kabataan Party-list Rep. Renee Co ang pagsinggitan sang ""Marcos Singilin, Duterte Panagutin"" sa rally sa Luneta subong nga aga. 

#AksyonRadyoIloilo",,"Daw sa Gaga laaaaang","0","https://www.facebook.com/100064669725059/posts/1272081354957510/?mibextid=rS40aB7S9Ucbxw6v"
"""MARCOS SINGILIN, DUTERTE PANAGUTIN"" -- KABATAAN PARTY-LIST REP. RENEE CO SA MAANOMALIYA NGA FLOOD CONTROL PROJECTS 

BY: LHEY ANN ALAYON | September 21, 2025
Video courtesy: Newswatch

Ginpangunahan ni Kabataan Party-list Rep. Renee Co ang pagsinggitan sang ""Marcos Singilin, Duterte Panagutin"" sa rally sa Luneta subong nga aga. 

#AksyonRadyoIloilo",,"Haaaaaayst!!!! ka lisod jud managhan ning mga lisod og utok syndrome. 🫣","0","https://www.facebook.com/100064669725059/posts/1272081354957510/?mibextid=rS40aB7S9Ucbxw6v"
"""MARCOS SINGILIN, DUTERTE PANAGUTIN"" -- KABATAAN PARTY-LIST REP. RENEE CO SA MAANOMALIYA NGA FLOOD CONTROL PROJECTS 

BY: LHEY ANN ALAYON | September 21, 2025
Video courtesy: Newswatch

Ginpangunahan ni Kabataan Party-list Rep. Renee Co ang pagsinggitan sang ""Marcos Singilin, Duterte Panagutin"" sa rally sa Luneta subong nga aga. 

#AksyonRadyoIloilo",,"Ayy wow duterte p din","0","https://www.facebook.com/100064669725059/posts/1272081354957510/?mibextid=rS40aB7S9Ucbxw6v"
"""MARCOS SINGILIN, DUTERTE PANAGUTIN"" -- KABATAAN PARTY-LIST REP. RENEE CO SA MAANOMALIYA NGA FLOOD CONTROL PROJECTS 

BY: LHEY ANN ALAYON | September 21, 2025
Video courtesy: Newswatch

Ginpangunahan ni Kabataan Party-list Rep. Renee Co ang pagsinggitan sang ""Marcos Singilin, Duterte Panagutin"" sa rally sa Luneta subong nga aga. 

#AksyonRadyoIloilo",,"Sila yung mga bayaran ni Martin Romualdez sa may liwasan Bonifacio po tau magkita kita","0","https://www.facebook.com/100064669725059/posts/1272081354957510/?mibextid=rS40aB7S9Ucbxw6v"
"""MARCOS SINGILIN, DUTERTE PANAGUTIN"" -- KABATAAN PARTY-LIST REP. RENEE CO SA MAANOMALIYA NGA FLOOD CONTROL PROJECTS 

BY: LHEY ANN ALAYON | September 21, 2025
Video courtesy: Newswatch

Ginpangunahan ni Kabataan Party-list Rep. Renee Co ang pagsinggitan sang ""Marcos Singilin, Duterte Panagutin"" sa rally sa Luneta subong nga aga. 

#AksyonRadyoIloilo",,"Nagpagod lng kayo sa sarili nyo mabuti umuwi na kayo manglaba ky my pasok na bukas...","1","https://www.facebook.com/100064669725059/posts/1272081354957510/?mibextid=rS40aB7S9Ucbxw6v"
"""MARCOS SINGILIN, DUTERTE PANAGUTIN"" -- KABATAAN PARTY-LIST REP. RENEE CO SA MAANOMALIYA NGA FLOOD CONTROL PROJECTS 

BY: LHEY ANN ALAYON | September 21, 2025
Video courtesy: Newswatch

Ginpangunahan ni Kabataan Party-list Rep. Renee Co ang pagsinggitan sang ""Marcos Singilin, Duterte Panagutin"" sa rally sa Luneta subong nga aga. 

#AksyonRadyoIloilo",,"Ngaa na damay Nada ang Duterte Kay kurap man kag flood control","0","https://www.facebook.com/100064669725059/posts/1272081354957510/?mibextid=rS40aB7S9Ucbxw6v"
"""MARCOS SINGILIN, DUTERTE PANAGUTIN"" -- KABATAAN PARTY-LIST REP. RENEE CO SA MAANOMALIYA NGA FLOOD CONTROL PROJECTS 

BY: LHEY ANN ALAYON | September 21, 2025
Video courtesy: Newswatch

Ginpangunahan ni Kabataan Party-list Rep. Renee Co ang pagsinggitan sang ""Marcos Singilin, Duterte Panagutin"" sa rally sa Luneta subong nga aga. 

#AksyonRadyoIloilo",,"Pila adlaw?hahha..","0","https://www.facebook.com/100064669725059/posts/1272081354957510/?mibextid=rS40aB7S9Ucbxw6v"
"""MARCOS SINGILIN, DUTERTE PANAGUTIN"" -- KABATAAN PARTY-LIST REP. RENEE CO SA MAANOMALIYA NGA FLOOD CONTROL PROJECTS 

BY: LHEY ANN ALAYON | September 21, 2025
Video courtesy: Newswatch

Ginpangunahan ni Kabataan Party-list Rep. Renee Co ang pagsinggitan sang ""Marcos Singilin, Duterte Panagutin"" sa rally sa Luneta subong nga aga. 

#AksyonRadyoIloilo",,"pumunta kayo sa liwasang bayan sa Bonifacio para makita nyo kung gaano ka dami yong mga Duterte 😝","0","https://www.facebook.com/100064669725059/posts/1272081354957510/?mibextid=rS40aB7S9Ucbxw6v"
"""MARCOS SINGILIN, DUTERTE PANAGUTIN"" -- KABATAAN PARTY-LIST REP. RENEE CO SA MAANOMALIYA NGA FLOOD CONTROL PROJECTS 

BY: LHEY ANN ALAYON | September 21, 2025
Video courtesy: Newswatch

Ginpangunahan ni Kabataan Party-list Rep. Renee Co ang pagsinggitan sang ""Marcos Singilin, Duterte Panagutin"" sa rally sa Luneta subong nga aga. 

#AksyonRadyoIloilo",,"Tanga ang Ga rale","0","https://www.facebook.com/100064669725059/posts/1272081354957510/?mibextid=rS40aB7S9Ucbxw6v"
"""MARCOS SINGILIN, DUTERTE PANAGUTIN"" -- KABATAAN PARTY-LIST REP. RENEE CO SA MAANOMALIYA NGA FLOOD CONTROL PROJECTS 

BY: LHEY ANN ALAYON | September 21, 2025
Video courtesy: Newswatch

Ginpangunahan ni Kabataan Party-list Rep. Renee Co ang pagsinggitan sang ""Marcos Singilin, Duterte Panagutin"" sa rally sa Luneta subong nga aga. 

#AksyonRadyoIloilo",,"Ang BIGGEST KAWATAN ARA NA SA PRESUHAN ANG NGA NABELIN DAPAT NA MQPRESO MAN","1","https://www.facebook.com/100064669725059/posts/1272081354957510/?mibextid=rS40aB7S9Ucbxw6v"
"""MARCOS SINGILIN, DUTERTE PANAGUTIN"" -- KABATAAN PARTY-LIST REP. RENEE CO SA MAANOMALIYA NGA FLOOD CONTROL PROJECTS 

BY: LHEY ANN ALAYON | September 21, 2025
Video courtesy: Newswatch

Ginpangunahan ni Kabataan Party-list Rep. Renee Co ang pagsinggitan sang ""Marcos Singilin, Duterte Panagutin"" sa rally sa Luneta subong nga aga. 

#AksyonRadyoIloilo",,"Nkakulong na ah. Sinama niyo pa. Dapat Romualdez at Marcos isigaw niu dyn.","2","https://www.facebook.com/100064669725059/posts/1272081354957510/?mibextid=rS40aB7S9Ucbxw6v"
"""MARCOS SINGILIN, DUTERTE PANAGUTIN"" -- KABATAAN PARTY-LIST REP. RENEE CO SA MAANOMALIYA NGA FLOOD CONTROL PROJECTS 

BY: LHEY ANN ALAYON | September 21, 2025
Video courtesy: Newswatch

Ginpangunahan ni Kabataan Party-list Rep. Renee Co ang pagsinggitan sang ""Marcos Singilin, Duterte Panagutin"" sa rally sa Luneta subong nga aga. 

#AksyonRadyoIloilo",,"you are not suppose to be there....sayang sinisueldo sa kabataan party list na to....they don't represent the youth....i encourage the young generation not to join this group....masisira lang ang magandang kinabukusan nyo....","0","https://www.facebook.com/100064669725059/posts/1272081354957510/?mibextid=rS40aB7S9Ucbxw6v"
"""MARCOS SINGILIN, DUTERTE PANAGUTIN"" -- KABATAAN PARTY-LIST REP. RENEE CO SA MAANOMALIYA NGA FLOOD CONTROL PROJECTS 

BY: LHEY ANN ALAYON | September 21, 2025
Video courtesy: Newswatch

Ginpangunahan ni Kabataan Party-list Rep. Renee Co ang pagsinggitan sang ""Marcos Singilin, Duterte Panagutin"" sa rally sa Luneta subong nga aga. 

#AksyonRadyoIloilo",,"Paryente MN Gali ni zaldy co","0","https://www.facebook.com/100064669725059/posts/1272081354957510/?mibextid=rS40aB7S9Ucbxw6v"
"""MARCOS SINGILIN, DUTERTE PANAGUTIN"" -- KABATAAN PARTY-LIST REP. RENEE CO SA MAANOMALIYA NGA FLOOD CONTROL PROJECTS 

BY: LHEY ANN ALAYON | September 21, 2025
Video courtesy: Newswatch

Ginpangunahan ni Kabataan Party-list Rep. Renee Co ang pagsinggitan sang ""Marcos Singilin, Duterte Panagutin"" sa rally sa Luneta subong nga aga. 

#AksyonRadyoIloilo",,"ilang buhay pa ng kabataan ang mawalan ng pag asa sa kaka recruit ng ng mga npa dapat ang isigaw..paki sigaw naman po jan","0","https://www.facebook.com/100064669725059/posts/1272081354957510/?mibextid=rS40aB7S9Ucbxw6v"
"""MARCOS SINGILIN, DUTERTE PANAGUTIN"" -- KABATAAN PARTY-LIST REP. RENEE CO SA MAANOMALIYA NGA FLOOD CONTROL PROJECTS 

BY: LHEY ANN ALAYON | September 21, 2025
Video courtesy: Newswatch

Ginpangunahan ni Kabataan Party-list Rep. Renee Co ang pagsinggitan sang ""Marcos Singilin, Duterte Panagutin"" sa rally sa Luneta subong nga aga. 

#AksyonRadyoIloilo",,"Co panagutin guro.. 😁","3","https://www.facebook.com/100064669725059/posts/1272081354957510/?mibextid=rS40aB7S9Ucbxw6v"
"""MARCOS SINGILIN, DUTERTE PANAGUTIN"" -- KABATAAN PARTY-LIST REP. RENEE CO SA MAANOMALIYA NGA FLOOD CONTROL PROJECTS 

BY: LHEY ANN ALAYON | September 21, 2025
Video courtesy: Newswatch

Ginpangunahan ni Kabataan Party-list Rep. Renee Co ang pagsinggitan sang ""Marcos Singilin, Duterte Panagutin"" sa rally sa Luneta subong nga aga. 

#AksyonRadyoIloilo",,"Wala ni sila guro ma orient kun ano ang Main Issue hahaha","4","https://www.facebook.com/100064669725059/posts/1272081354957510/?mibextid=rS40aB7S9Ucbxw6v"
"""MARCOS SINGILIN, DUTERTE PANAGUTIN"" -- KABATAAN PARTY-LIST REP. RENEE CO SA MAANOMALIYA NGA FLOOD CONTROL PROJECTS 

BY: LHEY ANN ALAYON | September 21, 2025
Video courtesy: Newswatch

Ginpangunahan ni Kabataan Party-list Rep. Renee Co ang pagsinggitan sang ""Marcos Singilin, Duterte Panagutin"" sa rally sa Luneta subong nga aga. 

#AksyonRadyoIloilo",,"Wa jud moy klaro, nanga buang na guro mo, unsa man jud? Pagtarong mo oy! Inyong dal on ang way labot, ahak baya mo","0","https://www.facebook.com/100064669725059/posts/1272081354957510/?mibextid=rS40aB7S9Ucbxw6v"
"""MARCOS SINGILIN, DUTERTE PANAGUTIN"" -- KABATAAN PARTY-LIST REP. RENEE CO SA MAANOMALIYA NGA FLOOD CONTROL PROJECTS 

BY: LHEY ANN ALAYON | September 21, 2025
Video courtesy: Newswatch

Ginpangunahan ni Kabataan Party-list Rep. Renee Co ang pagsinggitan sang ""Marcos Singilin, Duterte Panagutin"" sa rally sa Luneta subong nga aga. 

#AksyonRadyoIloilo",,"Cn o ang presedente sang natabu ang kawatay sa flood control?ahahaha....Hala bira Iloilo sulong sa pag  bag o.....dinagyang na....wahahaha","0","https://www.facebook.com/100064669725059/posts/1272081354957510/?mibextid=rS40aB7S9Ucbxw6v"
"""MARCOS SINGILIN, DUTERTE PANAGUTIN"" -- KABATAAN PARTY-LIST REP. RENEE CO SA MAANOMALIYA NGA FLOOD CONTROL PROJECTS 

BY: LHEY ANN ALAYON | September 21, 2025
Video courtesy: Newswatch

Ginpangunahan ni Kabataan Party-list Rep. Renee Co ang pagsinggitan sang ""Marcos Singilin, Duterte Panagutin"" sa rally sa Luneta subong nga aga. 

#AksyonRadyoIloilo",,"Talagang walang utak yang Renne Co na yan. Ang galing nyan mang brian wash ng mga kabataan na sumapi sa CPP NPA","0","https://www.facebook.com/100064669725059/posts/1272081354957510/?mibextid=rS40aB7S9Ucbxw6v"
"""MARCOS SINGILIN, DUTERTE PANAGUTIN"" -- KABATAAN PARTY-LIST REP. RENEE CO SA MAANOMALIYA NGA FLOOD CONTROL PROJECTS 

BY: LHEY ANN ALAYON | September 21, 2025
Video courtesy: Newswatch

Ginpangunahan ni Kabataan Party-list Rep. Renee Co ang pagsinggitan sang ""Marcos Singilin, Duterte Panagutin"" sa rally sa Luneta subong nga aga. 

#AksyonRadyoIloilo",,"Mga Uto-uto sa mga Barayang Rally Advocate at Sponsors IBA-IBA TINATAHOL NYU. Unahin Nyu ung sa Iloilo na Corrupt na DPWH at sa Gobyerno at Private Contractors Dito. Unahin Nyu Problema Ng ILOILO. Layo Ng Maynila TAPOS Mamaya Pa picture-picture kayu pang MyDay. 
Mga SIRAULO👎😂","0","https://www.facebook.com/100064669725059/posts/1272081354957510/?mibextid=rS40aB7S9Ucbxw6v"
"""MARCOS SINGILIN, DUTERTE PANAGUTIN"" -- KABATAAN PARTY-LIST REP. RENEE CO SA MAANOMALIYA NGA FLOOD CONTROL PROJECTS 

BY: LHEY ANN ALAYON | September 21, 2025
Video courtesy: Newswatch

Ginpangunahan ni Kabataan Party-list Rep. Renee Co ang pagsinggitan sang ""Marcos Singilin, Duterte Panagutin"" sa rally sa Luneta subong nga aga. 

#AksyonRadyoIloilo",,"ngayon kulang nalaman  na taga luzon pala wala paninindegan puralang salita kayapa nageng ganyan ang lugar nila kong hindy baha basura","0","https://www.facebook.com/100064669725059/posts/1272081354957510/?mibextid=rS40aB7S9Ucbxw6v"
"""MARCOS SINGILIN, DUTERTE PANAGUTIN"" -- KABATAAN PARTY-LIST REP. RENEE CO SA MAANOMALIYA NGA FLOOD CONTROL PROJECTS 

BY: LHEY ANN ALAYON | September 21, 2025
Video courtesy: Newswatch

Ginpangunahan ni Kabataan Party-list Rep. Renee Co ang pagsinggitan sang ""Marcos Singilin, Duterte Panagutin"" sa rally sa Luneta subong nga aga. 

#AksyonRadyoIloilo",,"Ang mga olol at salot sa lipunan...dapat ang panawagan nyo dyan Marcos resign na at mga kasanib na kawatan at politikong 🐊...napunta pa kayo kay Duterte dahil yan ang script na malaki ang matatanggap nyo!!!???","5","https://www.facebook.com/100064669725059/posts/1272081354957510/?mibextid=rS40aB7S9Ucbxw6v"
"""MARCOS SINGILIN, DUTERTE PANAGUTIN"" -- KABATAAN PARTY-LIST REP. RENEE CO SA MAANOMALIYA NGA FLOOD CONTROL PROJECTS 

BY: LHEY ANN ALAYON | September 21, 2025
Video courtesy: Newswatch

Ginpangunahan ni Kabataan Party-list Rep. Renee Co ang pagsinggitan sang ""Marcos Singilin, Duterte Panagutin"" sa rally sa Luneta subong nga aga. 

#AksyonRadyoIloilo",,"Na kulong na mga kumag . Yong hindi pa na kulong","0","https://www.facebook.com/100064669725059/posts/1272081354957510/?mibextid=rS40aB7S9Ucbxw6v"
"""MARCOS SINGILIN, DUTERTE PANAGUTIN"" -- KABATAAN PARTY-LIST REP. RENEE CO SA MAANOMALIYA NGA FLOOD CONTROL PROJECTS 

BY: LHEY ANN ALAYON | September 21, 2025
Video courtesy: Newswatch

Ginpangunahan ni Kabataan Party-list Rep. Renee Co ang pagsinggitan sang ""Marcos Singilin, Duterte Panagutin"" sa rally sa Luneta subong nga aga. 

#AksyonRadyoIloilo",,"Pataka rakag yawit. Focus Lang kayu Kay bangag dahil binilyon Yung kinurap na karong klaro","0","https://www.facebook.com/100064669725059/posts/1272081354957510/?mibextid=rS40aB7S9Ucbxw6v"
"""MARCOS SINGILIN, DUTERTE PANAGUTIN"" -- KABATAAN PARTY-LIST REP. RENEE CO SA MAANOMALIYA NGA FLOOD CONTROL PROJECTS 

BY: LHEY ANN ALAYON | September 21, 2025
Video courtesy: Newswatch

Ginpangunahan ni Kabataan Party-list Rep. Renee Co ang pagsinggitan sang ""Marcos Singilin, Duterte Panagutin"" sa rally sa Luneta subong nga aga. 

#AksyonRadyoIloilo",,"Ok na sa marcos resign.  Ngaa dala naman si duterte  idol nyo gid katama ba!","3","https://www.facebook.com/100064669725059/posts/1272081354957510/?mibextid=rS40aB7S9Ucbxw6v"
"""MARCOS SINGILIN, DUTERTE PANAGUTIN"" -- KABATAAN PARTY-LIST REP. RENEE CO SA MAANOMALIYA NGA FLOOD CONTROL PROJECTS 

BY: LHEY ANN ALAYON | September 21, 2025
Video courtesy: Newswatch

Ginpangunahan ni Kabataan Party-list Rep. Renee Co ang pagsinggitan sang ""Marcos Singilin, Duterte Panagutin"" sa rally sa Luneta subong nga aga. 

#AksyonRadyoIloilo",,"Tang ina kayo ang mga kupal panong duterte eh nasa inyo sa house ang mga corrupt","1","https://www.facebook.com/100064669725059/posts/1272081354957510/?mibextid=rS40aB7S9Ucbxw6v"
"""MARCOS SINGILIN, DUTERTE PANAGUTIN"" -- KABATAAN PARTY-LIST REP. RENEE CO SA MAANOMALIYA NGA FLOOD CONTROL PROJECTS 

BY: LHEY ANN ALAYON | September 21, 2025
Video courtesy: Newswatch

Ginpangunahan ni Kabataan Party-list Rep. Renee Co ang pagsinggitan sang ""Marcos Singilin, Duterte Panagutin"" sa rally sa Luneta subong nga aga. 

#AksyonRadyoIloilo",,"E singgit ngalan ni zaldy co ky mga discaya kag mga ga pulungko sa Senado, amu na issingit ky sila ang gapulungko kg imbestiga sng wala pulos nga pinamangkotanay subong","0","https://www.facebook.com/100064669725059/posts/1272081354957510/?mibextid=rS40aB7S9Ucbxw6v"
"""MARCOS SINGILIN, DUTERTE PANAGUTIN"" -- KABATAAN PARTY-LIST REP. RENEE CO SA MAANOMALIYA NGA FLOOD CONTROL PROJECTS 

BY: LHEY ANN ALAYON | September 21, 2025
Video courtesy: Newswatch

Ginpangunahan ni Kabataan Party-list Rep. Renee Co ang pagsinggitan sang ""Marcos Singilin, Duterte Panagutin"" sa rally sa Luneta subong nga aga. 

#AksyonRadyoIloilo",,"ang sarap hulogan ng guided mis......jahahahhaa😂😂😂","1","https://www.facebook.com/100064669725059/posts/1272081354957510/?mibextid=rS40aB7S9Ucbxw6v"
"""MARCOS SINGILIN, DUTERTE PANAGUTIN"" -- KABATAAN PARTY-LIST REP. RENEE CO SA MAANOMALIYA NGA FLOOD CONTROL PROJECTS 

BY: LHEY ANN ALAYON | September 21, 2025
Video courtesy: Newswatch

Ginpangunahan ni Kabataan Party-list Rep. Renee Co ang pagsinggitan sang ""Marcos Singilin, Duterte Panagutin"" sa rally sa Luneta subong nga aga. 

#AksyonRadyoIloilo",,"Duterte man Kami gyapon😜😜😜","7","https://www.facebook.com/100064669725059/posts/1272081354957510/?mibextid=rS40aB7S9Ucbxw6v"
"""MARCOS SINGILIN, DUTERTE PANAGUTIN"" -- KABATAAN PARTY-LIST REP. RENEE CO SA MAANOMALIYA NGA FLOOD CONTROL PROJECTS 

BY: LHEY ANN ALAYON | September 21, 2025
Video courtesy: Newswatch

Ginpangunahan ni Kabataan Party-list Rep. Renee Co ang pagsinggitan sang ""Marcos Singilin, Duterte Panagutin"" sa rally sa Luneta subong nga aga. 

#AksyonRadyoIloilo",,"Ang mali lang talaga nito ginaya nila, yung sa ibang bansa pero yung namumuno sa kanila mga anti Duterte Laking tanga 😂","0","https://www.facebook.com/100064669725059/posts/1272081354957510/?mibextid=rS40aB7S9Ucbxw6v"
"""MARCOS SINGILIN, DUTERTE PANAGUTIN"" -- KABATAAN PARTY-LIST REP. RENEE CO SA MAANOMALIYA NGA FLOOD CONTROL PROJECTS 

BY: LHEY ANN ALAYON | September 21, 2025
Video courtesy: Newswatch

Ginpangunahan ni Kabataan Party-list Rep. Renee Co ang pagsinggitan sang ""Marcos Singilin, Duterte Panagutin"" sa rally sa Luneta subong nga aga. 

#AksyonRadyoIloilo",,"Teh sinu gstu nyu mgpresidente? Hahah daw iba hw ahja. Npreso na s duterte anu gstu nyu updan nyu tu sya sa Icc!","0","https://www.facebook.com/100064669725059/posts/1272081354957510/?mibextid=rS40aB7S9Ucbxw6v"
"""MARCOS SINGILIN, DUTERTE PANAGUTIN"" -- KABATAAN PARTY-LIST REP. RENEE CO SA MAANOMALIYA NGA FLOOD CONTROL PROJECTS 

BY: LHEY ANN ALAYON | September 21, 2025
Video courtesy: Newswatch

Ginpangunahan ni Kabataan Party-list Rep. Renee Co ang pagsinggitan sang ""Marcos Singilin, Duterte Panagutin"" sa rally sa Luneta subong nga aga. 

#AksyonRadyoIloilo",,"Gina isip nila nakalamatay na drug involve. Paano Naman ya Ang biktima sang mga adik.  Mag ugok","0","https://www.facebook.com/100064669725059/posts/1272081354957510/?mibextid=rS40aB7S9Ucbxw6v"
"""MARCOS SINGILIN, DUTERTE PANAGUTIN"" -- KABATAAN PARTY-LIST REP. RENEE CO SA MAANOMALIYA NGA FLOOD CONTROL PROJECTS 

BY: LHEY ANN ALAYON | September 21, 2025
Video courtesy: Newswatch

Ginpangunahan ni Kabataan Party-list Rep. Renee Co ang pagsinggitan sang ""Marcos Singilin, Duterte Panagutin"" sa rally sa Luneta subong nga aga. 

#AksyonRadyoIloilo",,"Tanda2 baaaaa...DUTERTE NMN.","0","https://www.facebook.com/100064669725059/posts/1272081354957510/?mibextid=rS40aB7S9Ucbxw6v"
"""MARCOS SINGILIN, DUTERTE PANAGUTIN"" -- KABATAAN PARTY-LIST REP. RENEE CO SA MAANOMALIYA NGA FLOOD CONTROL PROJECTS 

BY: LHEY ANN ALAYON | September 21, 2025
Video courtesy: Newswatch

Ginpangunahan ni Kabataan Party-list Rep. Renee Co ang pagsinggitan sang ""Marcos Singilin, Duterte Panagutin"" sa rally sa Luneta subong nga aga. 

#AksyonRadyoIloilo",,"Hermosilla Halina Maumau mga gago dabi dds","0","https://www.facebook.com/100064669725059/posts/1272081354957510/?mibextid=rS40aB7S9Ucbxw6v"
"""MARCOS SINGILIN, DUTERTE PANAGUTIN"" -- KABATAAN PARTY-LIST REP. RENEE CO SA MAANOMALIYA NGA FLOOD CONTROL PROJECTS 

BY: LHEY ANN ALAYON | September 21, 2025
Video courtesy: Newswatch

Ginpangunahan ni Kabataan Party-list Rep. Renee Co ang pagsinggitan sang ""Marcos Singilin, Duterte Panagutin"" sa rally sa Luneta subong nga aga. 

#AksyonRadyoIloilo",,"Sarap taponan ng granade","0","https://www.facebook.com/100064669725059/posts/1272081354957510/?mibextid=rS40aB7S9Ucbxw6v"
"""MARCOS SINGILIN, DUTERTE PANAGUTIN"" -- KABATAAN PARTY-LIST REP. RENEE CO SA MAANOMALIYA NGA FLOOD CONTROL PROJECTS 

BY: LHEY ANN ALAYON | September 21, 2025
Video courtesy: Newswatch

Ginpangunahan ni Kabataan Party-list Rep. Renee Co ang pagsinggitan sang ""Marcos Singilin, Duterte Panagutin"" sa rally sa Luneta subong nga aga. 

#AksyonRadyoIloilo",,"Magkakaganyan ba kau Kung d binulgar ni Marcos ang LAHAT Ng katiwalian?? HAHAHA MGA patawa ampt😆","0","https://www.facebook.com/100064669725059/posts/1272081354957510/?mibextid=rS40aB7S9Ucbxw6v"
"""MARCOS SINGILIN, DUTERTE PANAGUTIN"" -- KABATAAN PARTY-LIST REP. RENEE CO SA MAANOMALIYA NGA FLOOD CONTROL PROJECTS 

BY: LHEY ANN ALAYON | September 21, 2025
Video courtesy: Newswatch

Ginpangunahan ni Kabataan Party-list Rep. Renee Co ang pagsinggitan sang ""Marcos Singilin, Duterte Panagutin"" sa rally sa Luneta subong nga aga. 

#AksyonRadyoIloilo",,"Haha  😄  duterte mn gyapon gna problema da daw mga hangag lang :D 😀  ngpalagyo na c zaldy do dw mga manhid hahahha","0","https://www.facebook.com/100064669725059/posts/1272081354957510/?mibextid=rS40aB7S9Ucbxw6v"
"""MARCOS SINGILIN, DUTERTE PANAGUTIN"" -- KABATAAN PARTY-LIST REP. RENEE CO SA MAANOMALIYA NGA FLOOD CONTROL PROJECTS 

BY: LHEY ANN ALAYON | September 21, 2025
Video courtesy: Newswatch

Ginpangunahan ni Kabataan Party-list Rep. Renee Co ang pagsinggitan sang ""Marcos Singilin, Duterte Panagutin"" sa rally sa Luneta subong nga aga. 

#AksyonRadyoIloilo",,"Itong rally tinatawanan lng kyo ng romualdez ... iba iba ang utak nnyo.. sino ba ng nakaw nang pera.. marcos kg d30 ba.. dapat ang isigaw nnyo mga buwaya romualdez  zaldy co kg mga congressman... mga bobo kayo.. ang pg rally nnyo ang corruption..","0","https://www.facebook.com/100064669725059/posts/1272081354957510/?mibextid=rS40aB7S9Ucbxw6v"
"""MARCOS SINGILIN, DUTERTE PANAGUTIN"" -- KABATAAN PARTY-LIST REP. RENEE CO SA MAANOMALIYA NGA FLOOD CONTROL PROJECTS 

BY: LHEY ANN ALAYON | September 21, 2025
Video courtesy: Newswatch

Ginpangunahan ni Kabataan Party-list Rep. Renee Co ang pagsinggitan sang ""Marcos Singilin, Duterte Panagutin"" sa rally sa Luneta subong nga aga. 

#AksyonRadyoIloilo",,"Co panagutin ka apelydo mo pa","1","https://www.facebook.com/100064669725059/posts/1272081354957510/?mibextid=rS40aB7S9Ucbxw6v"
"""MARCOS SINGILIN, DUTERTE PANAGUTIN"" -- KABATAAN PARTY-LIST REP. RENEE CO SA MAANOMALIYA NGA FLOOD CONTROL PROJECTS 

BY: LHEY ANN ALAYON | September 21, 2025
Video courtesy: Newswatch

Ginpangunahan ni Kabataan Party-list Rep. Renee Co ang pagsinggitan sang ""Marcos Singilin, Duterte Panagutin"" sa rally sa Luneta subong nga aga. 

#AksyonRadyoIloilo",,"Duterte parin ako✊✊✊","2","https://www.facebook.com/100064669725059/posts/1272081354957510/?mibextid=rS40aB7S9Ucbxw6v"
"""MARCOS SINGILIN, DUTERTE PANAGUTIN"" -- KABATAAN PARTY-LIST REP. RENEE CO SA MAANOMALIYA NGA FLOOD CONTROL PROJECTS 

BY: LHEY ANN ALAYON | September 21, 2025
Video courtesy: Newswatch

Ginpangunahan ni Kabataan Party-list Rep. Renee Co ang pagsinggitan sang ""Marcos Singilin, Duterte Panagutin"" sa rally sa Luneta subong nga aga. 

#AksyonRadyoIloilo",,"😂 teh kita niyo kung ano matabo sa 2028 pag wala duterte  kag marcos after 2028 election? LIBERAL na naman ang mapungko.. amo na pursigido gid ang mga liberal na ma impeach si sara pag ña impeach si sara ai PBMM na lang problema nila 😂 kag mangita naman sila kung ano ikaso nila sa mga marcoses.. 😂","0","https://www.facebook.com/100064669725059/posts/1272081354957510/?mibextid=rS40aB7S9Ucbxw6v"
"""MARCOS SINGILIN, DUTERTE PANAGUTIN"" -- KABATAAN PARTY-LIST REP. RENEE CO SA MAANOMALIYA NGA FLOOD CONTROL PROJECTS 

BY: LHEY ANN ALAYON | September 21, 2025
Video courtesy: Newswatch

Ginpangunahan ni Kabataan Party-list Rep. Renee Co ang pagsinggitan sang ""Marcos Singilin, Duterte Panagutin"" sa rally sa Luneta subong nga aga. 

#AksyonRadyoIloilo",,"Marcos parin....","1","https://www.facebook.com/100064669725059/posts/1272081354957510/?mibextid=rS40aB7S9Ucbxw6v"
"""MARCOS SINGILIN, DUTERTE PANAGUTIN"" -- KABATAAN PARTY-LIST REP. RENEE CO SA MAANOMALIYA NGA FLOOD CONTROL PROJECTS 

BY: LHEY ANN ALAYON | September 21, 2025
Video courtesy: Newswatch

Ginpangunahan ni Kabataan Party-list Rep. Renee Co ang pagsinggitan sang ""Marcos Singilin, Duterte Panagutin"" sa rally sa Luneta subong nga aga. 

#AksyonRadyoIloilo",,"Bakit mga npa ang nagrarally??dami nmn siguro sila na recruit para mag rally","0","https://www.facebook.com/100064669725059/posts/1272081354957510/?mibextid=rS40aB7S9Ucbxw6v"
"""MARCOS SINGILIN, DUTERTE PANAGUTIN"" -- KABATAAN PARTY-LIST REP. RENEE CO SA MAANOMALIYA NGA FLOOD CONTROL PROJECTS 

BY: LHEY ANN ALAYON | September 21, 2025
Video courtesy: Newswatch

Ginpangunahan ni Kabataan Party-list Rep. Renee Co ang pagsinggitan sang ""Marcos Singilin, Duterte Panagutin"" sa rally sa Luneta subong nga aga. 

#AksyonRadyoIloilo",,"Way pulos , into lang kamo ,da waay man kamo ga unite, kanya kanyang interest, mga hipokrito !!! Mga naka redtagg kblog na kmu Sina kung Anu ila Gina pakigbato !!! Fuck  government!!!","0","https://www.facebook.com/100064669725059/posts/1272081354957510/?mibextid=rS40aB7S9Ucbxw6v"
"""MARCOS SINGILIN, DUTERTE PANAGUTIN"" -- KABATAAN PARTY-LIST REP. RENEE CO SA MAANOMALIYA NGA FLOOD CONTROL PROJECTS 

BY: LHEY ANN ALAYON | September 21, 2025
Video courtesy: Newswatch

Ginpangunahan ni Kabataan Party-list Rep. Renee Co ang pagsinggitan sang ""Marcos Singilin, Duterte Panagutin"" sa rally sa Luneta subong nga aga. 

#AksyonRadyoIloilo",,"MAS PIPILIIN KO ANG DUTERTE MADAMING NAGAWA KISA PURO LANG SALITA KULANG SA GAWA","1","https://www.facebook.com/100064669725059/posts/1272081354957510/?mibextid=rS40aB7S9Ucbxw6v"
"""MARCOS SINGILIN, DUTERTE PANAGUTIN"" -- KABATAAN PARTY-LIST REP. RENEE CO SA MAANOMALIYA NGA FLOOD CONTROL PROJECTS 

BY: LHEY ANN ALAYON | September 21, 2025
Video courtesy: Newswatch

Ginpangunahan ni Kabataan Party-list Rep. Renee Co ang pagsinggitan sang ""Marcos Singilin, Duterte Panagutin"" sa rally sa Luneta subong nga aga. 

#AksyonRadyoIloilo",,"Mga bayaran!!!!","0","https://www.facebook.com/100064669725059/posts/1272081354957510/?mibextid=rS40aB7S9Ucbxw6v"
"""MARCOS SINGILIN, DUTERTE PANAGUTIN"" -- KABATAAN PARTY-LIST REP. RENEE CO SA MAANOMALIYA NGA FLOOD CONTROL PROJECTS 

BY: LHEY ANN ALAYON | September 21, 2025
Video courtesy: Newswatch

Ginpangunahan ni Kabataan Party-list Rep. Renee Co ang pagsinggitan sang ""Marcos Singilin, Duterte Panagutin"" sa rally sa Luneta subong nga aga. 

#AksyonRadyoIloilo",,"si ankol mo Co ang ipapreso nga bilatibay ka RENEE CO","0","https://www.facebook.com/100064669725059/posts/1272081354957510/?mibextid=rS40aB7S9Ucbxw6v"
"""MARCOS SINGILIN, DUTERTE PANAGUTIN"" -- KABATAAN PARTY-LIST REP. RENEE CO SA MAANOMALIYA NGA FLOOD CONTROL PROJECTS 

BY: LHEY ANN ALAYON | September 21, 2025
Video courtesy: Newswatch

Ginpangunahan ni Kabataan Party-list Rep. Renee Co ang pagsinggitan sang ""Marcos Singilin, Duterte Panagutin"" sa rally sa Luneta subong nga aga. 

#AksyonRadyoIloilo",,"Pagpalauli kamo kag magpaninlo sang ugsaran nyo ay mapuslan pa kamo ka nanay nyo painto man kamo jan sa mga politiko ngaran nga ambisyon man nanda ran kag mga utro man ran","0","https://www.facebook.com/100064669725059/posts/1272081354957510/?mibextid=rS40aB7S9Ucbxw6v"
"""MARCOS SINGILIN, DUTERTE PANAGUTIN"" -- KABATAAN PARTY-LIST REP. RENEE CO SA MAANOMALIYA NGA FLOOD CONTROL PROJECTS 

BY: LHEY ANN ALAYON | September 21, 2025
Video courtesy: Newswatch

Ginpangunahan ni Kabataan Party-list Rep. Renee Co ang pagsinggitan sang ""Marcos Singilin, Duterte Panagutin"" sa rally sa Luneta subong nga aga. 

#AksyonRadyoIloilo",,"Wla na c Marcos presidente nyo nasa d Hague na c FPRRD. Bakit patuloy nyo dinadamay sa kagaguhan ni Marcos nyo. Hahahaha wla kwenta","0","https://www.facebook.com/100064669725059/posts/1272081354957510/?mibextid=rS40aB7S9Ucbxw6v"
"""MARCOS SINGILIN, DUTERTE PANAGUTIN"" -- KABATAAN PARTY-LIST REP. RENEE CO SA MAANOMALIYA NGA FLOOD CONTROL PROJECTS 

BY: LHEY ANN ALAYON | September 21, 2025
Video courtesy: Newswatch

Ginpangunahan ni Kabataan Party-list Rep. Renee Co ang pagsinggitan sang ""Marcos Singilin, Duterte Panagutin"" sa rally sa Luneta subong nga aga. 

#AksyonRadyoIloilo",,"Mga kapareho ko Ilongo, pwde si Vico Sotto, si Gibo Teodoro o sin o man mga may kunsiyensa nga matinlo indi lang mga Duterte para next president","0","https://www.facebook.com/100064669725059/posts/1272081354957510/?mibextid=rS40aB7S9Ucbxw6v"
"""MARCOS SINGILIN, DUTERTE PANAGUTIN"" -- KABATAAN PARTY-LIST REP. RENEE CO SA MAANOMALIYA NGA FLOOD CONTROL PROJECTS 

BY: LHEY ANN ALAYON | September 21, 2025
Video courtesy: Newswatch

Ginpangunahan ni Kabataan Party-list Rep. Renee Co ang pagsinggitan sang ""Marcos Singilin, Duterte Panagutin"" sa rally sa Luneta subong nga aga. 

#AksyonRadyoIloilo",,"Sala man na nasinggit nyo? Dapat Romuldez bitayon kag BBM... Pati na si Trillanes, Delima, Franz Castro, Arlene Brosas, Paduano kag Raul Manuel...","0","https://www.facebook.com/100064669725059/posts/1272081354957510/?mibextid=rS40aB7S9Ucbxw6v"
"""MARCOS SINGILIN, DUTERTE PANAGUTIN"" -- KABATAAN PARTY-LIST REP. RENEE CO SA MAANOMALIYA NGA FLOOD CONTROL PROJECTS 

BY: LHEY ANN ALAYON | September 21, 2025
Video courtesy: Newswatch

Ginpangunahan ni Kabataan Party-list Rep. Renee Co ang pagsinggitan sang ""Marcos Singilin, Duterte Panagutin"" sa rally sa Luneta subong nga aga. 

#AksyonRadyoIloilo",,"Adik yata to panay sigaw marcos panagutin  mo  Martin  at si zaldy Co yang isigaw mo tanga bobo   ka  adik","0","https://www.facebook.com/100064669725059/posts/1272081354957510/?mibextid=rS40aB7S9Ucbxw6v"
"""MARCOS SINGILIN, DUTERTE PANAGUTIN"" -- KABATAAN PARTY-LIST REP. RENEE CO SA MAANOMALIYA NGA FLOOD CONTROL PROJECTS 

BY: LHEY ANN ALAYON | September 21, 2025
Video courtesy: Newswatch

Ginpangunahan ni Kabataan Party-list Rep. Renee Co ang pagsinggitan sang ""Marcos Singilin, Duterte Panagutin"" sa rally sa Luneta subong nga aga. 

#AksyonRadyoIloilo",,"Marcos resign","2","https://www.facebook.com/100064669725059/posts/1272081354957510/?mibextid=rS40aB7S9Ucbxw6v"
"""MARCOS SINGILIN, DUTERTE PANAGUTIN"" -- KABATAAN PARTY-LIST REP. RENEE CO SA MAANOMALIYA NGA FLOOD CONTROL PROJECTS 

BY: LHEY ANN ALAYON | September 21, 2025
Video courtesy: Newswatch

Ginpangunahan ni Kabataan Party-list Rep. Renee Co ang pagsinggitan sang ""Marcos Singilin, Duterte Panagutin"" sa rally sa Luneta subong nga aga. 

#AksyonRadyoIloilo",,"how about martin romualdez at zaldy coo😁 pinagttwan kyo niyan billion trillion nadali nila😅 bat di nyo isigaw","0","https://www.facebook.com/100064669725059/posts/1272081354957510/?mibextid=rS40aB7S9Ucbxw6v"
"""MARCOS SINGILIN, DUTERTE PANAGUTIN"" -- KABATAAN PARTY-LIST REP. RENEE CO SA MAANOMALIYA NGA FLOOD CONTROL PROJECTS 

BY: LHEY ANN ALAYON | September 21, 2025
Video courtesy: Newswatch

Ginpangunahan ni Kabataan Party-list Rep. Renee Co ang pagsinggitan sang ""Marcos Singilin, Duterte Panagutin"" sa rally sa Luneta subong nga aga. 

#AksyonRadyoIloilo",,"2028 president Sarah Duterte 👊👊👊 MALAPIT NA!!!","4","https://www.facebook.com/100064669725059/posts/1272081354957510/?mibextid=rS40aB7S9Ucbxw6v"
"""MARCOS SINGILIN, DUTERTE PANAGUTIN"" -- KABATAAN PARTY-LIST REP. RENEE CO SA MAANOMALIYA NGA FLOOD CONTROL PROJECTS 

BY: LHEY ANN ALAYON | September 21, 2025
Video courtesy: Newswatch

Ginpangunahan ni Kabataan Party-list Rep. Renee Co ang pagsinggitan sang ""Marcos Singilin, Duterte Panagutin"" sa rally sa Luneta subong nga aga. 

#AksyonRadyoIloilo",,"NPA ang NASA likod na mga grupo na yan","0","https://www.facebook.com/100064669725059/posts/1272081354957510/?mibextid=rS40aB7S9Ucbxw6v"
"""MARCOS SINGILIN, DUTERTE PANAGUTIN"" -- KABATAAN PARTY-LIST REP. RENEE CO SA MAANOMALIYA NGA FLOOD CONTROL PROJECTS 

BY: LHEY ANN ALAYON | September 21, 2025
Video courtesy: Newswatch

Ginpangunahan ni Kabataan Party-list Rep. Renee Co ang pagsinggitan sang ""Marcos Singilin, Duterte Panagutin"" sa rally sa Luneta subong nga aga. 

#AksyonRadyoIloilo",,"Tumbs down dito, daw inabno ang gina singit! Abi ko walang kulay🙄","1","https://www.facebook.com/100064669725059/posts/1272081354957510/?mibextid=rS40aB7S9Ucbxw6v"
"""MARCOS SINGILIN, DUTERTE PANAGUTIN"" -- KABATAAN PARTY-LIST REP. RENEE CO SA MAANOMALIYA NGA FLOOD CONTROL PROJECTS 

BY: LHEY ANN ALAYON | September 21, 2025
Video courtesy: Newswatch

Ginpangunahan ni Kabataan Party-list Rep. Renee Co ang pagsinggitan sang ""Marcos Singilin, Duterte Panagutin"" sa rally sa Luneta subong nga aga. 

#AksyonRadyoIloilo",,"Si duterte unahin ninyong ikulong nag lustay nang 125 million","0","https://www.facebook.com/100064669725059/posts/1272081354957510/?mibextid=rS40aB7S9Ucbxw6v"
"""MARCOS SINGILIN, DUTERTE PANAGUTIN"" -- KABATAAN PARTY-LIST REP. RENEE CO SA MAANOMALIYA NGA FLOOD CONTROL PROJECTS 

BY: LHEY ANN ALAYON | September 21, 2025
Video courtesy: Newswatch

Ginpangunahan ni Kabataan Party-list Rep. Renee Co ang pagsinggitan sang ""Marcos Singilin, Duterte Panagutin"" sa rally sa Luneta subong nga aga. 

#AksyonRadyoIloilo",,"Hahhahahha unsa daw? Naa man sa icc si duterte..nayabag na .gi bayaraan cguro ni sila ai..na duterte naman panagutin.. dapat amg sigaw mo tito zaldy panagutin ganun","1","https://www.facebook.com/100064669725059/posts/1272081354957510/?mibextid=rS40aB7S9Ucbxw6v"
"""MARCOS SINGILIN, DUTERTE PANAGUTIN"" -- KABATAAN PARTY-LIST REP. RENEE CO SA MAANOMALIYA NGA FLOOD CONTROL PROJECTS 

BY: LHEY ANN ALAYON | September 21, 2025
Video courtesy: Newswatch

Ginpangunahan ni Kabataan Party-list Rep. Renee Co ang pagsinggitan sang ""Marcos Singilin, Duterte Panagutin"" sa rally sa Luneta subong nga aga. 

#AksyonRadyoIloilo",,"Lahat Ng presidente ayaw nyo
Ang gulo nyo","1","https://www.facebook.com/100064669725059/posts/1272081354957510/?mibextid=rS40aB7S9Ucbxw6v"
"""MARCOS SINGILIN, DUTERTE PANAGUTIN"" -- KABATAAN PARTY-LIST REP. RENEE CO SA MAANOMALIYA NGA FLOOD CONTROL PROJECTS 

BY: LHEY ANN ALAYON | September 21, 2025
Video courtesy: Newswatch

Ginpangunahan ni Kabataan Party-list Rep. Renee Co ang pagsinggitan sang ""Marcos Singilin, Duterte Panagutin"" sa rally sa Luneta subong nga aga. 

#AksyonRadyoIloilo",,"Anong Duterte panagutin man? Naton mga conresista nga kurap ibagsak! Mga baghak!!!!","0","https://www.facebook.com/100064669725059/posts/1272081354957510/?mibextid=rS40aB7S9Ucbxw6v"
"""MARCOS SINGILIN, DUTERTE PANAGUTIN"" -- KABATAAN PARTY-LIST REP. RENEE CO SA MAANOMALIYA NGA FLOOD CONTROL PROJECTS 

BY: LHEY ANN ALAYON | September 21, 2025
Video courtesy: Newswatch

Ginpangunahan ni Kabataan Party-list Rep. Renee Co ang pagsinggitan sang ""Marcos Singilin, Duterte Panagutin"" sa rally sa Luneta subong nga aga. 

#AksyonRadyoIloilo",,"Hoyyy grabe naman kayo sino ba nagnanakaw nabayaran ata kayo mga bangag👊🏻","1","https://www.facebook.com/100064669725059/posts/1272081354957510/?mibextid=rS40aB7S9Ucbxw6v"
"""MARCOS SINGILIN, DUTERTE PANAGUTIN"" -- KABATAAN PARTY-LIST REP. RENEE CO SA MAANOMALIYA NGA FLOOD CONTROL PROJECTS 

BY: LHEY ANN ALAYON | September 21, 2025
Video courtesy: Newswatch

Ginpangunahan ni Kabataan Party-list Rep. Renee Co ang pagsinggitan sang ""Marcos Singilin, Duterte Panagutin"" sa rally sa Luneta subong nga aga. 

#AksyonRadyoIloilo",,"Bakit Duterte panugutin Sila ba nag insert sa budget mga Bulag kayu sa katutuhanan katangahan NYU","1","https://www.facebook.com/100064669725059/posts/1272081354957510/?mibextid=rS40aB7S9Ucbxw6v"
"""MARCOS SINGILIN, DUTERTE PANAGUTIN"" -- KABATAAN PARTY-LIST REP. RENEE CO SA MAANOMALIYA NGA FLOOD CONTROL PROJECTS 

BY: LHEY ANN ALAYON | September 21, 2025
Video courtesy: Newswatch

Ginpangunahan ni Kabataan Party-list Rep. Renee Co ang pagsinggitan sang ""Marcos Singilin, Duterte Panagutin"" sa rally sa Luneta subong nga aga. 

#AksyonRadyoIloilo",,"meow meow din pala si Co na yan 🤣🤣🤣🤣","0","https://www.facebook.com/100064669725059/posts/1272081354957510/?mibextid=rS40aB7S9Ucbxw6v"
"""MARCOS SINGILIN, DUTERTE PANAGUTIN"" -- KABATAAN PARTY-LIST REP. RENEE CO SA MAANOMALIYA NGA FLOOD CONTROL PROJECTS 

BY: LHEY ANN ALAYON | September 21, 2025
Video courtesy: Newswatch

Ginpangunahan ni Kabataan Party-list Rep. Renee Co ang pagsinggitan sang ""Marcos Singilin, Duterte Panagutin"" sa rally sa Luneta subong nga aga. 

#AksyonRadyoIloilo",,"Nd enteres nang bayan to sinisigaw nila politica Galit sa Duterte nd to antay corrupt Sila anti Duterte nd nga magawa isigaw pangalan ni zaldy co at martin na Sila Ang num1 kawatan nagpagulo lqng kayo sa rally mga activista ksi eh","0","https://www.facebook.com/100064669725059/posts/1272081354957510/?mibextid=rS40aB7S9Ucbxw6v"
"""MARCOS SINGILIN, DUTERTE PANAGUTIN"" -- KABATAAN PARTY-LIST REP. RENEE CO SA MAANOMALIYA NGA FLOOD CONTROL PROJECTS 

BY: LHEY ANN ALAYON | September 21, 2025
Video courtesy: Newswatch

Ginpangunahan ni Kabataan Party-list Rep. Renee Co ang pagsinggitan sang ""Marcos Singilin, Duterte Panagutin"" sa rally sa Luneta subong nga aga. 

#AksyonRadyoIloilo",,"Marcos resign para c Inday Sara Duterte na ma presidente .. pasakaon nman Ang mga NPA sa bukid..","0","https://www.facebook.com/100064669725059/posts/1272081354957510/?mibextid=rS40aB7S9Ucbxw6v"
"""MARCOS SINGILIN, DUTERTE PANAGUTIN"" -- KABATAAN PARTY-LIST REP. RENEE CO SA MAANOMALIYA NGA FLOOD CONTROL PROJECTS 

BY: LHEY ANN ALAYON | September 21, 2025
Video courtesy: Newswatch

Ginpangunahan ni Kabataan Party-list Rep. Renee Co ang pagsinggitan sang ""Marcos Singilin, Duterte Panagutin"" sa rally sa Luneta subong nga aga. 

#AksyonRadyoIloilo",,"Obviously this is Anti Duterte rally😅 

Isigaw ninyo nasan ang Tiyuhin ni Renee🤣","0","https://www.facebook.com/100064669725059/posts/1272081354957510/?mibextid=rS40aB7S9Ucbxw6v"
"""MARCOS SINGILIN, DUTERTE PANAGUTIN"" -- KABATAAN PARTY-LIST REP. RENEE CO SA MAANOMALIYA NGA FLOOD CONTROL PROJECTS 

BY: LHEY ANN ALAYON | September 21, 2025
Video courtesy: Newswatch

Ginpangunahan ni Kabataan Party-list Rep. Renee Co ang pagsinggitan sang ""Marcos Singilin, Duterte Panagutin"" sa rally sa Luneta subong nga aga. 

#AksyonRadyoIloilo",,"Mga uuurrruuuurrrr!!!","0","https://www.facebook.com/100064669725059/posts/1272081354957510/?mibextid=rS40aB7S9Ucbxw6v"
"""MARCOS SINGILIN, DUTERTE PANAGUTIN"" -- KABATAAN PARTY-LIST REP. RENEE CO SA MAANOMALIYA NGA FLOOD CONTROL PROJECTS 

BY: LHEY ANN ALAYON | September 21, 2025
Video courtesy: Newswatch

Ginpangunahan ni Kabataan Party-list Rep. Renee Co ang pagsinggitan sang ""Marcos Singilin, Duterte Panagutin"" sa rally sa Luneta subong nga aga. 

#AksyonRadyoIloilo",,"oy stage pala tong rally nyo hahaha pinklawan pala to","0","https://www.facebook.com/100064669725059/posts/1272081354957510/?mibextid=rS40aB7S9Ucbxw6v"
"""MARCOS SINGILIN, DUTERTE PANAGUTIN"" -- KABATAAN PARTY-LIST REP. RENEE CO SA MAANOMALIYA NGA FLOOD CONTROL PROJECTS 

BY: LHEY ANN ALAYON | September 21, 2025
Video courtesy: Newswatch

Ginpangunahan ni Kabataan Party-list Rep. Renee Co ang pagsinggitan sang ""Marcos Singilin, Duterte Panagutin"" sa rally sa Luneta subong nga aga. 

#AksyonRadyoIloilo",,"Mga ugok si Duterte na nga pinakulong nyo Siya Ang managot si bbm Ang hatulan nyo mga bangag Pala kayo e","0","https://www.facebook.com/100064669725059/posts/1272081354957510/?mibextid=rS40aB7S9Ucbxw6v"
"""MARCOS SINGILIN, DUTERTE PANAGUTIN"" -- KABATAAN PARTY-LIST REP. RENEE CO SA MAANOMALIYA NGA FLOOD CONTROL PROJECTS 

BY: LHEY ANN ALAYON | September 21, 2025
Video courtesy: Newswatch

Ginpangunahan ni Kabataan Party-list Rep. Renee Co ang pagsinggitan sang ""Marcos Singilin, Duterte Panagutin"" sa rally sa Luneta subong nga aga. 

#AksyonRadyoIloilo",,"Hahaha. Mga bangag","0","https://www.facebook.com/100064669725059/posts/1272081354957510/?mibextid=rS40aB7S9Ucbxw6v"
"""MARCOS SINGILIN, DUTERTE PANAGUTIN"" -- KABATAAN PARTY-LIST REP. RENEE CO SA MAANOMALIYA NGA FLOOD CONTROL PROJECTS 

BY: LHEY ANN ALAYON | September 21, 2025
Video courtesy: Newswatch

Ginpangunahan ni Kabataan Party-list Rep. Renee Co ang pagsinggitan sang ""Marcos Singilin, Duterte Panagutin"" sa rally sa Luneta subong nga aga. 

#AksyonRadyoIloilo",,"Mga mango imbes na si Romouldez kag si Zaldy Co anhun niyo ngaa si Duterte ya nabasol niyo kay athag na sila ya amo nangawat 51billion kadlaw nalang ko sa rally niyo ya🤣 KABATAAN tuta ng bayan kay gina brainwash niyo mga kabataan😡","0","https://www.facebook.com/100064669725059/posts/1272081354957510/?mibextid=rS40aB7S9Ucbxw6v"
"""MARCOS SINGILIN, DUTERTE PANAGUTIN"" -- KABATAAN PARTY-LIST REP. RENEE CO SA MAANOMALIYA NGA FLOOD CONTROL PROJECTS 

BY: LHEY ANN ALAYON | September 21, 2025
Video courtesy: Newswatch

Ginpangunahan ni Kabataan Party-list Rep. Renee Co ang pagsinggitan sang ""Marcos Singilin, Duterte Panagutin"" sa rally sa Luneta subong nga aga. 

#AksyonRadyoIloilo",,"sa tingin ko kung dati pang nangungurakot si duterte, dati pa sana yan na open up sa media. We all know how the mainstream media hates duterte na kahit pinaka maliit na pagkakamali eh pinupuna nila. Kaso di nila ma pin or magawan ng angulo na may ganitong kurapsyon sa panahon ni digong kasi baka in the first place wala or di maka porma ang mga kurakot.","0","https://www.facebook.com/100064669725059/posts/1272081354957510/?mibextid=rS40aB7S9Ucbxw6v"
"""MARCOS SINGILIN, DUTERTE PANAGUTIN"" -- KABATAAN PARTY-LIST REP. RENEE CO SA MAANOMALIYA NGA FLOOD CONTROL PROJECTS 

BY: LHEY ANN ALAYON | September 21, 2025
Video courtesy: Newswatch

Ginpangunahan ni Kabataan Party-list Rep. Renee Co ang pagsinggitan sang ""Marcos Singilin, Duterte Panagutin"" sa rally sa Luneta subong nga aga. 

#AksyonRadyoIloilo",,"Mkkaliwang grupo ito..bayad ni Bangag..","0","https://www.facebook.com/100064669725059/posts/1272081354957510/?mibextid=rS40aB7S9Ucbxw6v"
"""MARCOS SINGILIN, DUTERTE PANAGUTIN"" -- KABATAAN PARTY-LIST REP. RENEE CO SA MAANOMALIYA NGA FLOOD CONTROL PROJECTS 

BY: LHEY ANN ALAYON | September 21, 2025
Video courtesy: Newswatch

Ginpangunahan ni Kabataan Party-list Rep. Renee Co ang pagsinggitan sang ""Marcos Singilin, Duterte Panagutin"" sa rally sa Luneta subong nga aga. 

#AksyonRadyoIloilo",,"Hnd para sa Pilipinas ang rally nyo pang politikal interest na nmn...hnd nyo mapanagot ang mga sangkot nyan...imbes na magkaisa para mapanagot ang mga magnanakaw nag kanya kanya politikal agenda kau.","0","https://www.facebook.com/100064669725059/posts/1272081354957510/?mibextid=rS40aB7S9Ucbxw6v"
"""MARCOS SINGILIN, DUTERTE PANAGUTIN"" -- KABATAAN PARTY-LIST REP. RENEE CO SA MAANOMALIYA NGA FLOOD CONTROL PROJECTS 

BY: LHEY ANN ALAYON | September 21, 2025
Video courtesy: Newswatch

Ginpangunahan ni Kabataan Party-list Rep. Renee Co ang pagsinggitan sang ""Marcos Singilin, Duterte Panagutin"" sa rally sa Luneta subong nga aga. 

#AksyonRadyoIloilo",,"Dapat walain na mga partylist 😅","0","https://www.facebook.com/100064669725059/posts/1272081354957510/?mibextid=rS40aB7S9Ucbxw6v"
"""MARCOS SINGILIN, DUTERTE PANAGUTIN"" -- KABATAAN PARTY-LIST REP. RENEE CO SA MAANOMALIYA NGA FLOOD CONTROL PROJECTS 

BY: LHEY ANN ALAYON | September 21, 2025
Video courtesy: Newswatch

Ginpangunahan ni Kabataan Party-list Rep. Renee Co ang pagsinggitan sang ""Marcos Singilin, Duterte Panagutin"" sa rally sa Luneta subong nga aga. 

#AksyonRadyoIloilo",,"sana noon pang 2016 kayo naging masigasig, mga takot din kayo eh","0","https://www.facebook.com/100064669725059/posts/1272081354957510/?mibextid=rS40aB7S9Ucbxw6v"
"""MARCOS SINGILIN, DUTERTE PANAGUTIN"" -- KABATAAN PARTY-LIST REP. RENEE CO SA MAANOMALIYA NGA FLOOD CONTROL PROJECTS 

BY: LHEY ANN ALAYON | September 21, 2025
Video courtesy: Newswatch

Ginpangunahan ni Kabataan Party-list Rep. Renee Co ang pagsinggitan sang ""Marcos Singilin, Duterte Panagutin"" sa rally sa Luneta subong nga aga. 

#AksyonRadyoIloilo",,"Ma bulwaj unta ng tilaok sang nga naga syagit nga butigon","0","https://www.facebook.com/100064669725059/posts/1272081354957510/?mibextid=rS40aB7S9Ucbxw6v"
"""MARCOS SINGILIN, DUTERTE PANAGUTIN"" -- KABATAAN PARTY-LIST REP. RENEE CO SA MAANOMALIYA NGA FLOOD CONTROL PROJECTS 

BY: LHEY ANN ALAYON | September 21, 2025
Video courtesy: Newswatch

Ginpangunahan ni Kabataan Party-list Rep. Renee Co ang pagsinggitan sang ""Marcos Singilin, Duterte Panagutin"" sa rally sa Luneta subong nga aga. 

#AksyonRadyoIloilo",,"Co panagutin ka rin..","1","https://www.facebook.com/100064669725059/posts/1272081354957510/?mibextid=rS40aB7S9Ucbxw6v"
"""MARCOS SINGILIN, DUTERTE PANAGUTIN"" -- KABATAAN PARTY-LIST REP. RENEE CO SA MAANOMALIYA NGA FLOOD CONTROL PROJECTS 

BY: LHEY ANN ALAYON | September 21, 2025
Video courtesy: Newswatch

Ginpangunahan ni Kabataan Party-list Rep. Renee Co ang pagsinggitan sang ""Marcos Singilin, Duterte Panagutin"" sa rally sa Luneta subong nga aga. 

#AksyonRadyoIloilo",,"Sino e palit natin maam. Na sa tingin mo malinis  at Honesto.","0","https://www.facebook.com/100064669725059/posts/1272081354957510/?mibextid=rS40aB7S9Ucbxw6v"
"""MARCOS SINGILIN, DUTERTE PANAGUTIN"" -- KABATAAN PARTY-LIST REP. RENEE CO SA MAANOMALIYA NGA FLOOD CONTROL PROJECTS 

BY: LHEY ANN ALAYON | September 21, 2025
Video courtesy: Newswatch

Ginpangunahan ni Kabataan Party-list Rep. Renee Co ang pagsinggitan sang ""Marcos Singilin, Duterte Panagutin"" sa rally sa Luneta subong nga aga. 

#AksyonRadyoIloilo",,"Duterte p rin","2","https://www.facebook.com/100064669725059/posts/1272081354957510/?mibextid=rS40aB7S9Ucbxw6v"
"""MARCOS SINGILIN, DUTERTE PANAGUTIN"" -- KABATAAN PARTY-LIST REP. RENEE CO SA MAANOMALIYA NGA FLOOD CONTROL PROJECTS 

BY: LHEY ANN ALAYON | September 21, 2025
Video courtesy: Newswatch

Ginpangunahan ni Kabataan Party-list Rep. Renee Co ang pagsinggitan sang ""Marcos Singilin, Duterte Panagutin"" sa rally sa Luneta subong nga aga. 

#AksyonRadyoIloilo",,"Ang mga bayaran ai funded by Zaldy co & tambaloslos🤣🤣🤣","0","https://www.facebook.com/100064669725059/posts/1272081354957510/?mibextid=rS40aB7S9Ucbxw6v"
"""MARCOS SINGILIN, DUTERTE PANAGUTIN"" -- KABATAAN PARTY-LIST REP. RENEE CO SA MAANOMALIYA NGA FLOOD CONTROL PROJECTS 

BY: LHEY ANN ALAYON | September 21, 2025
Video courtesy: Newswatch

Ginpangunahan ni Kabataan Party-list Rep. Renee Co ang pagsinggitan sang ""Marcos Singilin, Duterte Panagutin"" sa rally sa Luneta subong nga aga. 

#AksyonRadyoIloilo",,"Duterte pa rin kami cge sjnggit lang  kamu da samtang ako ya pulupungko lang kag mag tulutan aw a inyo ulanan tanj kamu da kag maagyan bulos","0","https://www.facebook.com/100064669725059/posts/1272081354957510/?mibextid=rS40aB7S9Ucbxw6v"
"""MARCOS SINGILIN, DUTERTE PANAGUTIN"" -- KABATAAN PARTY-LIST REP. RENEE CO SA MAANOMALIYA NGA FLOOD CONTROL PROJECTS 

BY: LHEY ANN ALAYON | September 21, 2025
Video courtesy: Newswatch

Ginpangunahan ni Kabataan Party-list Rep. Renee Co ang pagsinggitan sang ""Marcos Singilin, Duterte Panagutin"" sa rally sa Luneta subong nga aga. 

#AksyonRadyoIloilo",,"ang tatanga nyo..","1","https://www.facebook.com/100064669725059/posts/1272081354957510/?mibextid=rS40aB7S9Ucbxw6v"
"""MARCOS SINGILIN, DUTERTE PANAGUTIN"" -- KABATAAN PARTY-LIST REP. RENEE CO SA MAANOMALIYA NGA FLOOD CONTROL PROJECTS 

BY: LHEY ANN ALAYON | September 21, 2025
Video courtesy: Newswatch

Ginpangunahan ni Kabataan Party-list Rep. Renee Co ang pagsinggitan sang ""Marcos Singilin, Duterte Panagutin"" sa rally sa Luneta subong nga aga. 

#AksyonRadyoIloilo",,"Ining SI Renee co Ara na sya kongreso para ipresenta ang ila kawsa pagusto man Gani imbestigar pro kulang pa masingitan pa","0","https://www.facebook.com/100064669725059/posts/1272081354957510/?mibextid=rS40aB7S9Ucbxw6v"
"""MARCOS SINGILIN, DUTERTE PANAGUTIN"" -- KABATAAN PARTY-LIST REP. RENEE CO SA MAANOMALIYA NGA FLOOD CONTROL PROJECTS 

BY: LHEY ANN ALAYON | September 21, 2025
Video courtesy: Newswatch

Ginpangunahan ni Kabataan Party-list Rep. Renee Co ang pagsinggitan sang ""Marcos Singilin, Duterte Panagutin"" sa rally sa Luneta subong nga aga. 

#AksyonRadyoIloilo",,"Hahaha ang nag rally pinsan sng corruption amu na tani e singgit mo patay huya ka mn.","0","https://www.facebook.com/100064669725059/posts/1272081354957510/?mibextid=rS40aB7S9Ucbxw6v"
"""MARCOS SINGILIN, DUTERTE PANAGUTIN"" -- KABATAAN PARTY-LIST REP. RENEE CO SA MAANOMALIYA NGA FLOOD CONTROL PROJECTS 

BY: LHEY ANN ALAYON | September 21, 2025
Video courtesy: Newswatch

Ginpangunahan ni Kabataan Party-list Rep. Renee Co ang pagsinggitan sang ""Marcos Singilin, Duterte Panagutin"" sa rally sa Luneta subong nga aga. 

#AksyonRadyoIloilo",,"pag may pula nga bandera, xxxx haha","0","https://www.facebook.com/100064669725059/posts/1272081354957510/?mibextid=rS40aB7S9Ucbxw6v"
"""MARCOS SINGILIN, DUTERTE PANAGUTIN"" -- KABATAAN PARTY-LIST REP. RENEE CO SA MAANOMALIYA NGA FLOOD CONTROL PROJECTS 

BY: LHEY ANN ALAYON | September 21, 2025
Video courtesy: Newswatch

Ginpangunahan ni Kabataan Party-list Rep. Renee Co ang pagsinggitan sang ""Marcos Singilin, Duterte Panagutin"" sa rally sa Luneta subong nga aga. 

#AksyonRadyoIloilo",,"mga baliw prin!","0","https://www.facebook.com/100064669725059/posts/1272081354957510/?mibextid=rS40aB7S9Ucbxw6v"
"""MARCOS SINGILIN, DUTERTE PANAGUTIN"" -- KABATAAN PARTY-LIST REP. RENEE CO SA MAANOMALIYA NGA FLOOD CONTROL PROJECTS 

BY: LHEY ANN ALAYON | September 21, 2025
Video courtesy: Newswatch

Ginpangunahan ni Kabataan Party-list Rep. Renee Co ang pagsinggitan sang ""Marcos Singilin, Duterte Panagutin"" sa rally sa Luneta subong nga aga. 

#AksyonRadyoIloilo",,"Puro kau Duterte tangina nyo congressman mga crocodile🐊🐊🐊🐊🐊","0","https://www.facebook.com/100064669725059/posts/1272081354957510/?mibextid=rS40aB7S9Ucbxw6v"
"""MARCOS SINGILIN, DUTERTE PANAGUTIN"" -- KABATAAN PARTY-LIST REP. RENEE CO SA MAANOMALIYA NGA FLOOD CONTROL PROJECTS 

BY: LHEY ANN ALAYON | September 21, 2025
Video courtesy: Newswatch

Ginpangunahan ni Kabataan Party-list Rep. Renee Co ang pagsinggitan sang ""Marcos Singilin, Duterte Panagutin"" sa rally sa Luneta subong nga aga. 

#AksyonRadyoIloilo",,"Napasok na ng activista an rally","1","https://www.facebook.com/100064669725059/posts/1272081354957510/?mibextid=rS40aB7S9Ucbxw6v"
"""MARCOS SINGILIN, DUTERTE PANAGUTIN"" -- KABATAAN PARTY-LIST REP. RENEE CO SA MAANOMALIYA NGA FLOOD CONTROL PROJECTS 

BY: LHEY ANN ALAYON | September 21, 2025
Video courtesy: Newswatch

Ginpangunahan ni Kabataan Party-list Rep. Renee Co ang pagsinggitan sang ""Marcos Singilin, Duterte Panagutin"" sa rally sa Luneta subong nga aga. 

#AksyonRadyoIloilo",,"Sigaw ng mga NPA🤣🤣🤣🤣","0","https://www.facebook.com/100064669725059/posts/1272081354957510/?mibextid=rS40aB7S9Ucbxw6v"
"""MARCOS SINGILIN, DUTERTE PANAGUTIN"" -- KABATAAN PARTY-LIST REP. RENEE CO SA MAANOMALIYA NGA FLOOD CONTROL PROJECTS 

BY: LHEY ANN ALAYON | September 21, 2025
Video courtesy: Newswatch

Ginpangunahan ni Kabataan Party-list Rep. Renee Co ang pagsinggitan sang ""Marcos Singilin, Duterte Panagutin"" sa rally sa Luneta subong nga aga. 

#AksyonRadyoIloilo",,"Daw mga ulol san utak ngkabataan nasa kulungan c duterte mga tanga haha","1","https://www.facebook.com/100064669725059/posts/1272081354957510/?mibextid=rS40aB7S9Ucbxw6v"
"""MARCOS SINGILIN, DUTERTE PANAGUTIN"" -- KABATAAN PARTY-LIST REP. RENEE CO SA MAANOMALIYA NGA FLOOD CONTROL PROJECTS 

BY: LHEY ANN ALAYON | September 21, 2025
Video courtesy: Newswatch

Ginpangunahan ni Kabataan Party-list Rep. Renee Co ang pagsinggitan sang ""Marcos Singilin, Duterte Panagutin"" sa rally sa Luneta subong nga aga. 

#AksyonRadyoIloilo",,"Cguraduhin nyu lng my kakainin kyu pg uwi  nyu😂🤣🤣🤣🤣","0","https://www.facebook.com/100064669725059/posts/1272081354957510/?mibextid=rS40aB7S9Ucbxw6v"
"""MARCOS SINGILIN, DUTERTE PANAGUTIN"" -- KABATAAN PARTY-LIST REP. RENEE CO SA MAANOMALIYA NGA FLOOD CONTROL PROJECTS 

BY: LHEY ANN ALAYON | September 21, 2025
Video courtesy: Newswatch

Ginpangunahan ni Kabataan Party-list Rep. Renee Co ang pagsinggitan sang ""Marcos Singilin, Duterte Panagutin"" sa rally sa Luneta subong nga aga. 

#AksyonRadyoIloilo",,"Damo pmatan on nga na budol sang mkakaliwa ba","0","https://www.facebook.com/100064669725059/posts/1272081354957510/?mibextid=rS40aB7S9Ucbxw6v"
"""MARCOS SINGILIN, DUTERTE PANAGUTIN"" -- KABATAAN PARTY-LIST REP. RENEE CO SA MAANOMALIYA NGA FLOOD CONTROL PROJECTS 

BY: LHEY ANN ALAYON | September 21, 2025
Video courtesy: Newswatch

Ginpangunahan ni Kabataan Party-list Rep. Renee Co ang pagsinggitan sang ""Marcos Singilin, Duterte Panagutin"" sa rally sa Luneta subong nga aga. 

#AksyonRadyoIloilo",,"Naa dii c kulot salot,,hahahamawla unta imong tingog","0","https://www.facebook.com/100064669725059/posts/1272081354957510/?mibextid=rS40aB7S9Ucbxw6v"
"""MARCOS SINGILIN, DUTERTE PANAGUTIN"" -- KABATAAN PARTY-LIST REP. RENEE CO SA MAANOMALIYA NGA FLOOD CONTROL PROJECTS 

BY: LHEY ANN ALAYON | September 21, 2025
Video courtesy: Newswatch

Ginpangunahan ni Kabataan Party-list Rep. Renee Co ang pagsinggitan sang ""Marcos Singilin, Duterte Panagutin"" sa rally sa Luneta subong nga aga. 

#AksyonRadyoIloilo",,"The UNIPINK 🤣","0","https://www.facebook.com/100064669725059/posts/1272081354957510/?mibextid=rS40aB7S9Ucbxw6v"
"""MARCOS SINGILIN, DUTERTE PANAGUTIN"" -- KABATAAN PARTY-LIST REP. RENEE CO SA MAANOMALIYA NGA FLOOD CONTROL PROJECTS 

BY: LHEY ANN ALAYON | September 21, 2025
Video courtesy: Newswatch

Ginpangunahan ni Kabataan Party-list Rep. Renee Co ang pagsinggitan sang ""Marcos Singilin, Duterte Panagutin"" sa rally sa Luneta subong nga aga. 

#AksyonRadyoIloilo",,"Sumigaw k lang bukas may tonsil kna,laylay pa toka mo sa baba","0","https://www.facebook.com/100064669725059/posts/1272081354957510/?mibextid=rS40aB7S9Ucbxw6v"
"""MARCOS SINGILIN, DUTERTE PANAGUTIN"" -- KABATAAN PARTY-LIST REP. RENEE CO SA MAANOMALIYA NGA FLOOD CONTROL PROJECTS 

BY: LHEY ANN ALAYON | September 21, 2025
Video courtesy: Newswatch

Ginpangunahan ni Kabataan Party-list Rep. Renee Co ang pagsinggitan sang ""Marcos Singilin, Duterte Panagutin"" sa rally sa Luneta subong nga aga. 

#AksyonRadyoIloilo",,"sugurin nyo mga bahay ng kurap wala kayong nagagawa dyan lahat ng sangkot sa pag lustay ng pera ng pilipinas mula nakalipas na adminestrasyun ngayon lang pinalabas para ang sisihin si marcos nako dpa ba kayo nagising pag magalit na si mr pres mag martial law yarn lagot kayo","0","https://www.facebook.com/100064669725059/posts/1272081354957510/?mibextid=rS40aB7S9Ucbxw6v"
"""MARCOS SINGILIN, DUTERTE PANAGUTIN"" -- KABATAAN PARTY-LIST REP. RENEE CO SA MAANOMALIYA NGA FLOOD CONTROL PROJECTS 

BY: LHEY ANN ALAYON | September 21, 2025
Video courtesy: Newswatch

Ginpangunahan ni Kabataan Party-list Rep. Renee Co ang pagsinggitan sang ""Marcos Singilin, Duterte Panagutin"" sa rally sa Luneta subong nga aga. 

#AksyonRadyoIloilo",,"Sira ulo","0","https://www.facebook.com/100064669725059/posts/1272081354957510/?mibextid=rS40aB7S9Ucbxw6v"
"""MARCOS SINGILIN, DUTERTE PANAGUTIN"" -- KABATAAN PARTY-LIST REP. RENEE CO SA MAANOMALIYA NGA FLOOD CONTROL PROJECTS 

BY: LHEY ANN ALAYON | September 21, 2025
Video courtesy: Newswatch

Ginpangunahan ni Kabataan Party-list Rep. Renee Co ang pagsinggitan sang ""Marcos Singilin, Duterte Panagutin"" sa rally sa Luneta subong nga aga. 

#AksyonRadyoIloilo",,"Wala na natuyu magawa Marcos naasa upohan🤣","0","https://www.facebook.com/100064669725059/posts/1272081354957510/?mibextid=rS40aB7S9Ucbxw6v"
"""MARCOS SINGILIN, DUTERTE PANAGUTIN"" -- KABATAAN PARTY-LIST REP. RENEE CO SA MAANOMALIYA NGA FLOOD CONTROL PROJECTS 

BY: LHEY ANN ALAYON | September 21, 2025
Video courtesy: Newswatch

Ginpangunahan ni Kabataan Party-list Rep. Renee Co ang pagsinggitan sang ""Marcos Singilin, Duterte Panagutin"" sa rally sa Luneta subong nga aga. 

#AksyonRadyoIloilo",,"Ang ngalan sng paryente mu ang isinggit da!!!kay xa ang kawatan pati ikaw kay Co partner kamu!!!","0","https://www.facebook.com/100064669725059/posts/1272081354957510/?mibextid=rS40aB7S9Ucbxw6v"
"""MARCOS SINGILIN, DUTERTE PANAGUTIN"" -- KABATAAN PARTY-LIST REP. RENEE CO SA MAANOMALIYA NGA FLOOD CONTROL PROJECTS 

BY: LHEY ANN ALAYON | September 21, 2025
Video courtesy: Newswatch

Ginpangunahan ni Kabataan Party-list Rep. Renee Co ang pagsinggitan sang ""Marcos Singilin, Duterte Panagutin"" sa rally sa Luneta subong nga aga. 

#AksyonRadyoIloilo",,"Mga Wala kayong alam","0","https://www.facebook.com/100064669725059/posts/1272081354957510/?mibextid=rS40aB7S9Ucbxw6v"
"""MARCOS SINGILIN, DUTERTE PANAGUTIN"" -- KABATAAN PARTY-LIST REP. RENEE CO SA MAANOMALIYA NGA FLOOD CONTROL PROJECTS 

BY: LHEY ANN ALAYON | September 21, 2025
Video courtesy: Newswatch

Ginpangunahan ni Kabataan Party-list Rep. Renee Co ang pagsinggitan sang ""Marcos Singilin, Duterte Panagutin"" sa rally sa Luneta subong nga aga. 

#AksyonRadyoIloilo",,"T Nadala pa gd si duterte, dapat yung nagwaldas ng trillion ang isigaw nyo ang pera ng  ibalik sa kaban ng bayan","6","https://www.facebook.com/100064669725059/posts/1272081354957510/?mibextid=rS40aB7S9Ucbxw6v"
"""MARCOS SINGILIN, DUTERTE PANAGUTIN"" -- KABATAAN PARTY-LIST REP. RENEE CO SA MAANOMALIYA NGA FLOOD CONTROL PROJECTS 

BY: LHEY ANN ALAYON | September 21, 2025
Video courtesy: Newswatch

Ginpangunahan ni Kabataan Party-list Rep. Renee Co ang pagsinggitan sang ""Marcos Singilin, Duterte Panagutin"" sa rally sa Luneta subong nga aga. 

#AksyonRadyoIloilo",,"NPA gusto umopo","1","https://www.facebook.com/100064669725059/posts/1272081354957510/?mibextid=rS40aB7S9Ucbxw6v"
"""MARCOS SINGILIN, DUTERTE PANAGUTIN"" -- KABATAAN PARTY-LIST REP. RENEE CO SA MAANOMALIYA NGA FLOOD CONTROL PROJECTS 

BY: LHEY ANN ALAYON | September 21, 2025
Video courtesy: Newswatch

Ginpangunahan ni Kabataan Party-list Rep. Renee Co ang pagsinggitan sang ""Marcos Singilin, Duterte Panagutin"" sa rally sa Luneta subong nga aga. 

#AksyonRadyoIloilo",,"amo na gani hambal sa balita bawal DDS 🤣🤣🤣🤣 VP: kaano ano ni renee co si zaldy co???magpinsan ba sila??😆😆😆😆","2","https://www.facebook.com/100064669725059/posts/1272081354957510/?mibextid=rS40aB7S9Ucbxw6v"
"""MARCOS SINGILIN, DUTERTE PANAGUTIN"" -- KABATAAN PARTY-LIST REP. RENEE CO SA MAANOMALIYA NGA FLOOD CONTROL PROJECTS 

BY: LHEY ANN ALAYON | September 21, 2025
Video courtesy: Newswatch

Ginpangunahan ni Kabataan Party-list Rep. Renee Co ang pagsinggitan sang ""Marcos Singilin, Duterte Panagutin"" sa rally sa Luneta subong nga aga. 

#AksyonRadyoIloilo",,"Co paryente mo si zaldy co😂🤣","0","https://www.facebook.com/100064669725059/posts/1272081354957510/?mibextid=rS40aB7S9Ucbxw6v"
"""MARCOS SINGILIN, DUTERTE PANAGUTIN"" -- KABATAAN PARTY-LIST REP. RENEE CO SA MAANOMALIYA NGA FLOOD CONTROL PROJECTS 

BY: LHEY ANN ALAYON | September 21, 2025
Video courtesy: Newswatch

Ginpangunahan ni Kabataan Party-list Rep. Renee Co ang pagsinggitan sang ""Marcos Singilin, Duterte Panagutin"" sa rally sa Luneta subong nga aga. 

#AksyonRadyoIloilo",,"Tunog NPA po..😅","0","https://www.facebook.com/100064669725059/posts/1272081354957510/?mibextid=rS40aB7S9Ucbxw6v"
"""MARCOS SINGILIN, DUTERTE PANAGUTIN"" -- KABATAAN PARTY-LIST REP. RENEE CO SA MAANOMALIYA NGA FLOOD CONTROL PROJECTS 

BY: LHEY ANN ALAYON | September 21, 2025
Video courtesy: Newswatch

Ginpangunahan ni Kabataan Party-list Rep. Renee Co ang pagsinggitan sang ""Marcos Singilin, Duterte Panagutin"" sa rally sa Luneta subong nga aga. 

#AksyonRadyoIloilo",,"damo man gali hangag sa iloilo. papaniwala kayo sa kulay kulay, papaniwala kayo sa pulitiko nyo,. nag aaway away kung saang kulay ka sa politika., sa huli nag pa party party parin ang mga parehas politiko na pamilya, parehas n elite class sa isang lugar.,.
pare pareho lng mga kawatan ang mga pulitiko.,,Marcos/Aquino/Ramos/Estrada/Arroyo/Duterte., pinapasayaw lng tayo ng mga pulitiko., 

Devide & Conquer

eto ang stratihiya sa Politika., hinahati ang mga tao pra hindi mabuo at hindi mka pag alsa o lalaban.,eto ang ginagawa ng mga politiko ngayon sa atin.,
Pinas Mahal Ka Namin 😞","1","https://www.facebook.com/100064669725059/posts/1272081354957510/?mibextid=rS40aB7S9Ucbxw6v"
"""MARCOS SINGILIN, DUTERTE PANAGUTIN"" -- KABATAAN PARTY-LIST REP. RENEE CO SA MAANOMALIYA NGA FLOOD CONTROL PROJECTS 

BY: LHEY ANN ALAYON | September 21, 2025
Video courtesy: Newswatch

Ginpangunahan ni Kabataan Party-list Rep. Renee Co ang pagsinggitan sang ""Marcos Singilin, Duterte Panagutin"" sa rally sa Luneta subong nga aga. 

#AksyonRadyoIloilo",,"Mayo gani si Marcos presidente sang si Duterte pabayan ya man DPWH","0","https://www.facebook.com/100064669725059/posts/1272081354957510/?mibextid=rS40aB7S9Ucbxw6v"
"""MARCOS SINGILIN, DUTERTE PANAGUTIN"" -- KABATAAN PARTY-LIST REP. RENEE CO SA MAANOMALIYA NGA FLOOD CONTROL PROJECTS 

BY: LHEY ANN ALAYON | September 21, 2025
Video courtesy: Newswatch

Ginpangunahan ni Kabataan Party-list Rep. Renee Co ang pagsinggitan sang ""Marcos Singilin, Duterte Panagutin"" sa rally sa Luneta subong nga aga. 

#AksyonRadyoIloilo",,"Hilom Raman Ang mga Duterte supporters uwi . Pag ka humble ra jud.. Duterte parin..🙏🙏🙏👊👊👊👊","0","https://www.facebook.com/100064669725059/posts/1272081354957510/?mibextid=rS40aB7S9Ucbxw6v"
"""MARCOS SINGILIN, DUTERTE PANAGUTIN"" -- KABATAAN PARTY-LIST REP. RENEE CO SA MAANOMALIYA NGA FLOOD CONTROL PROJECTS 

BY: LHEY ANN ALAYON | September 21, 2025
Video courtesy: Newswatch

Ginpangunahan ni Kabataan Party-list Rep. Renee Co ang pagsinggitan sang ""Marcos Singilin, Duterte Panagutin"" sa rally sa Luneta subong nga aga. 

#AksyonRadyoIloilo",,"wala mangyayari sa inyo pagud lng ka asi iba ang sinisigaw ninyo  puli bajamoda kag nag tulog oag bogtaw ninyo may mota pakmo makuha sa mata ninyo hehege","1","https://www.facebook.com/100064669725059/posts/1272081354957510/?mibextid=rS40aB7S9Ucbxw6v"
"""MARCOS SINGILIN, DUTERTE PANAGUTIN"" -- KABATAAN PARTY-LIST REP. RENEE CO SA MAANOMALIYA NGA FLOOD CONTROL PROJECTS 

BY: LHEY ANN ALAYON | September 21, 2025
Video courtesy: Newswatch

Ginpangunahan ni Kabataan Party-list Rep. Renee Co ang pagsinggitan sang ""Marcos Singilin, Duterte Panagutin"" sa rally sa Luneta subong nga aga. 

#AksyonRadyoIloilo",,"asan si tamby at co? eh sila ung most guilty dito kasama si BBM. ano rally paid by Tamby bah?","0","https://www.facebook.com/100064669725059/posts/1272081354957510/?mibextid=rS40aB7S9Ucbxw6v"
"""MARCOS SINGILIN, DUTERTE PANAGUTIN"" -- KABATAAN PARTY-LIST REP. RENEE CO SA MAANOMALIYA NGA FLOOD CONTROL PROJECTS 

BY: LHEY ANN ALAYON | September 21, 2025
Video courtesy: Newswatch

Ginpangunahan ni Kabataan Party-list Rep. Renee Co ang pagsinggitan sang ""Marcos Singilin, Duterte Panagutin"" sa rally sa Luneta subong nga aga. 

#AksyonRadyoIloilo",,"Hahay hahaha...nag sugbo lng sila sa protesta hnd alam ang tunay na problema na kinakaharap ng Pilipinas hahaha","1","https://www.facebook.com/100064669725059/posts/1272081354957510/?mibextid=rS40aB7S9Ucbxw6v"
"""MARCOS SINGILIN, DUTERTE PANAGUTIN"" -- KABATAAN PARTY-LIST REP. RENEE CO SA MAANOMALIYA NGA FLOOD CONTROL PROJECTS 

BY: LHEY ANN ALAYON | September 21, 2025
Video courtesy: Newswatch

Ginpangunahan ni Kabataan Party-list Rep. Renee Co ang pagsinggitan sang ""Marcos Singilin, Duterte Panagutin"" sa rally sa Luneta subong nga aga. 

#AksyonRadyoIloilo",,"C marcos nga ang nagsiwalat mga hunghang","1","https://www.facebook.com/100064669725059/posts/1272081354957510/?mibextid=rS40aB7S9Ucbxw6v"
"""MARCOS SINGILIN, DUTERTE PANAGUTIN"" -- KABATAAN PARTY-LIST REP. RENEE CO SA MAANOMALIYA NGA FLOOD CONTROL PROJECTS 

BY: LHEY ANN ALAYON | September 21, 2025
Video courtesy: Newswatch

Ginpangunahan ni Kabataan Party-list Rep. Renee Co ang pagsinggitan sang ""Marcos Singilin, Duterte Panagutin"" sa rally sa Luneta subong nga aga. 

#AksyonRadyoIloilo",,"Yes panagutin Ang nangloko sa bayan","0","https://www.facebook.com/100064669725059/posts/1272081354957510/?mibextid=rS40aB7S9Ucbxw6v"
"""MARCOS SINGILIN, DUTERTE PANAGUTIN"" -- KABATAAN PARTY-LIST REP. RENEE CO SA MAANOMALIYA NGA FLOOD CONTROL PROJECTS 

BY: LHEY ANN ALAYON | September 21, 2025
Video courtesy: Newswatch

Ginpangunahan ni Kabataan Party-list Rep. Renee Co ang pagsinggitan sang ""Marcos Singilin, Duterte Panagutin"" sa rally sa Luneta subong nga aga. 

#AksyonRadyoIloilo",,"Walatupa singgitan nyo habuyanyo kalayo palasyo","0","https://www.facebook.com/100064669725059/posts/1272081354957510/?mibextid=rS40aB7S9Ucbxw6v"
"""MARCOS SINGILIN, DUTERTE PANAGUTIN"" -- KABATAAN PARTY-LIST REP. RENEE CO SA MAANOMALIYA NGA FLOOD CONTROL PROJECTS 

BY: LHEY ANN ALAYON | September 21, 2025
Video courtesy: Newswatch

Ginpangunahan ni Kabataan Party-list Rep. Renee Co ang pagsinggitan sang ""Marcos Singilin, Duterte Panagutin"" sa rally sa Luneta subong nga aga. 

#AksyonRadyoIloilo",,"Walang kwentang Rally","0","https://www.facebook.com/100064669725059/posts/1272081354957510/?mibextid=rS40aB7S9Ucbxw6v"
"""MARCOS SINGILIN, DUTERTE PANAGUTIN"" -- KABATAAN PARTY-LIST REP. RENEE CO SA MAANOMALIYA NGA FLOOD CONTROL PROJECTS 

BY: LHEY ANN ALAYON | September 21, 2025
Video courtesy: Newswatch

Ginpangunahan ni Kabataan Party-list Rep. Renee Co ang pagsinggitan sang ""Marcos Singilin, Duterte Panagutin"" sa rally sa Luneta subong nga aga. 

#AksyonRadyoIloilo",,"Makakaliwa very active na ulit","0","https://www.facebook.com/100064669725059/posts/1272081354957510/?mibextid=rS40aB7S9Ucbxw6v"
"""MARCOS SINGILIN, DUTERTE PANAGUTIN"" -- KABATAAN PARTY-LIST REP. RENEE CO SA MAANOMALIYA NGA FLOOD CONTROL PROJECTS 

BY: LHEY ANN ALAYON | September 21, 2025
Video courtesy: Newswatch

Ginpangunahan ni Kabataan Party-list Rep. Renee Co ang pagsinggitan sang ""Marcos Singilin, Duterte Panagutin"" sa rally sa Luneta subong nga aga. 

#AksyonRadyoIloilo",,"Budget nila galing kay Zaldi Co hahaha","0","https://www.facebook.com/100064669725059/posts/1272081354957510/?mibextid=rS40aB7S9Ucbxw6v"
"""MARCOS SINGILIN, DUTERTE PANAGUTIN"" -- KABATAAN PARTY-LIST REP. RENEE CO SA MAANOMALIYA NGA FLOOD CONTROL PROJECTS 

BY: LHEY ANN ALAYON | September 21, 2025
Video courtesy: Newswatch

Ginpangunahan ni Kabataan Party-list Rep. Renee Co ang pagsinggitan sang ""Marcos Singilin, Duterte Panagutin"" sa rally sa Luneta subong nga aga. 

#AksyonRadyoIloilo",,"mga bobo nakulong na nga c duterte panagutin pa mga shunga","0","https://www.facebook.com/100064669725059/posts/1272081354957510/?mibextid=rS40aB7S9Ucbxw6v"
"""MARCOS SINGILIN, DUTERTE PANAGUTIN"" -- KABATAAN PARTY-LIST REP. RENEE CO SA MAANOMALIYA NGA FLOOD CONTROL PROJECTS 

BY: LHEY ANN ALAYON | September 21, 2025
Video courtesy: Newswatch

Ginpangunahan ni Kabataan Party-list Rep. Renee Co ang pagsinggitan sang ""Marcos Singilin, Duterte Panagutin"" sa rally sa Luneta subong nga aga. 

#AksyonRadyoIloilo",,"Sison panagutin","0","https://www.facebook.com/100064669725059/posts/1272081354957510/?mibextid=rS40aB7S9Ucbxw6v"
"""MARCOS SINGILIN, DUTERTE PANAGUTIN"" -- KABATAAN PARTY-LIST REP. RENEE CO SA MAANOMALIYA NGA FLOOD CONTROL PROJECTS 

BY: LHEY ANN ALAYON | September 21, 2025
Video courtesy: Newswatch

Ginpangunahan ni Kabataan Party-list Rep. Renee Co ang pagsinggitan sang ""Marcos Singilin, Duterte Panagutin"" sa rally sa Luneta subong nga aga. 

#AksyonRadyoIloilo",,"Pag asa nang bayan bayaran sinu ang tiruresta ang NPA ang congresman na mga bowaya haha","1","https://www.facebook.com/100064669725059/posts/1272081354957510/?mibextid=rS40aB7S9Ucbxw6v"
"""MARCOS SINGILIN, DUTERTE PANAGUTIN"" -- KABATAAN PARTY-LIST REP. RENEE CO SA MAANOMALIYA NGA FLOOD CONTROL PROJECTS 

BY: LHEY ANN ALAYON | September 21, 2025
Video courtesy: Newswatch

Ginpangunahan ni Kabataan Party-list Rep. Renee Co ang pagsinggitan sang ""Marcos Singilin, Duterte Panagutin"" sa rally sa Luneta subong nga aga. 

#AksyonRadyoIloilo",,"Di na pede ang singgit singgit sa kalzada useless dd2 kamu sa hawz sa mga kurap zunuga mayad","0","https://www.facebook.com/100064669725059/posts/1272081354957510/?mibextid=rS40aB7S9Ucbxw6v"
"""MARCOS SINGILIN, DUTERTE PANAGUTIN"" -- KABATAAN PARTY-LIST REP. RENEE CO SA MAANOMALIYA NGA FLOOD CONTROL PROJECTS 

BY: LHEY ANN ALAYON | September 21, 2025
Video courtesy: Newswatch

Ginpangunahan ni Kabataan Party-list Rep. Renee Co ang pagsinggitan sang ""Marcos Singilin, Duterte Panagutin"" sa rally sa Luneta subong nga aga. 

#AksyonRadyoIloilo",,"Yun Ang grupo ng mga tao na ayaw tlga khit cno pa ang uupo na presidente","0","https://www.facebook.com/100064669725059/posts/1272081354957510/?mibextid=rS40aB7S9Ucbxw6v"
"""MARCOS SINGILIN, DUTERTE PANAGUTIN"" -- KABATAAN PARTY-LIST REP. RENEE CO SA MAANOMALIYA NGA FLOOD CONTROL PROJECTS 

BY: LHEY ANN ALAYON | September 21, 2025
Video courtesy: Newswatch

Ginpangunahan ni Kabataan Party-list Rep. Renee Co ang pagsinggitan sang ""Marcos Singilin, Duterte Panagutin"" sa rally sa Luneta subong nga aga. 

#AksyonRadyoIloilo",,"Mga buang....","0","https://www.facebook.com/100064669725059/posts/1272081354957510/?mibextid=rS40aB7S9Ucbxw6v"
"""MARCOS SINGILIN, DUTERTE PANAGUTIN"" -- KABATAAN PARTY-LIST REP. RENEE CO SA MAANOMALIYA NGA FLOOD CONTROL PROJECTS 

BY: LHEY ANN ALAYON | September 21, 2025
Video courtesy: Newswatch

Ginpangunahan ni Kabataan Party-list Rep. Renee Co ang pagsinggitan sang ""Marcos Singilin, Duterte Panagutin"" sa rally sa Luneta subong nga aga. 

#AksyonRadyoIloilo",,"tapos c Romualdez at Co patakasin ganon mga ulol 🤬","2","https://www.facebook.com/100064669725059/posts/1272081354957510/?mibextid=rS40aB7S9Ucbxw6v"
"""MARCOS SINGILIN, DUTERTE PANAGUTIN"" -- KABATAAN PARTY-LIST REP. RENEE CO SA MAANOMALIYA NGA FLOOD CONTROL PROJECTS 

BY: LHEY ANN ALAYON | September 21, 2025
Video courtesy: Newswatch

Ginpangunahan ni Kabataan Party-list Rep. Renee Co ang pagsinggitan sang ""Marcos Singilin, Duterte Panagutin"" sa rally sa Luneta subong nga aga. 

#AksyonRadyoIloilo",,"Hahaha pagkatapos ng rally hindi na makapag usap ng mabuti napaos na. Mga npa","0","https://www.facebook.com/100064669725059/posts/1272081354957510/?mibextid=rS40aB7S9Ucbxw6v"
"""MARCOS SINGILIN, DUTERTE PANAGUTIN"" -- KABATAAN PARTY-LIST REP. RENEE CO SA MAANOMALIYA NGA FLOOD CONTROL PROJECTS 

BY: LHEY ANN ALAYON | September 21, 2025
Video courtesy: Newswatch

Ginpangunahan ni Kabataan Party-list Rep. Renee Co ang pagsinggitan sang ""Marcos Singilin, Duterte Panagutin"" sa rally sa Luneta subong nga aga. 

#AksyonRadyoIloilo",,"Mga tae kabataan party list nga gong2x","0","https://www.facebook.com/100064669725059/posts/1272081354957510/?mibextid=rS40aB7S9Ucbxw6v"
"""MARCOS SINGILIN, DUTERTE PANAGUTIN"" -- KABATAAN PARTY-LIST REP. RENEE CO SA MAANOMALIYA NGA FLOOD CONTROL PROJECTS 

BY: LHEY ANN ALAYON | September 21, 2025
Video courtesy: Newswatch

Ginpangunahan ni Kabataan Party-list Rep. Renee Co ang pagsinggitan sang ""Marcos Singilin, Duterte Panagutin"" sa rally sa Luneta subong nga aga. 

#AksyonRadyoIloilo",,"hoy, mga npa, panggulo lng layunin ninyo..","0","https://www.facebook.com/100064669725059/posts/1272081354957510/?mibextid=rS40aB7S9Ucbxw6v"
"""MARCOS SINGILIN, DUTERTE PANAGUTIN"" -- KABATAAN PARTY-LIST REP. RENEE CO SA MAANOMALIYA NGA FLOOD CONTROL PROJECTS 

BY: LHEY ANN ALAYON | September 21, 2025
Video courtesy: Newswatch

Ginpangunahan ni Kabataan Party-list Rep. Renee Co ang pagsinggitan sang ""Marcos Singilin, Duterte Panagutin"" sa rally sa Luneta subong nga aga. 

#AksyonRadyoIloilo",,"Wahahaah mga patawa dinala niyo n nga sa ibang bansa kahit f mahatulan dto sa pinas wahahaha mga baliw.... Utot niyo","0","https://www.facebook.com/100064669725059/posts/1272081354957510/?mibextid=rS40aB7S9Ucbxw6v"
"""MARCOS SINGILIN, DUTERTE PANAGUTIN"" -- KABATAAN PARTY-LIST REP. RENEE CO SA MAANOMALIYA NGA FLOOD CONTROL PROJECTS 

BY: LHEY ANN ALAYON | September 21, 2025
Video courtesy: Newswatch

Ginpangunahan ni Kabataan Party-list Rep. Renee Co ang pagsinggitan sang ""Marcos Singilin, Duterte Panagutin"" sa rally sa Luneta subong nga aga. 

#AksyonRadyoIloilo",,"waylami poro kinwanggol","0","https://www.facebook.com/100064669725059/posts/1272081354957510/?mibextid=rS40aB7S9Ucbxw6v"
"""MARCOS SINGILIN, DUTERTE PANAGUTIN"" -- KABATAAN PARTY-LIST REP. RENEE CO SA MAANOMALIYA NGA FLOOD CONTROL PROJECTS 

BY: LHEY ANN ALAYON | September 21, 2025
Video courtesy: Newswatch

Ginpangunahan ni Kabataan Party-list Rep. Renee Co ang pagsinggitan sang ""Marcos Singilin, Duterte Panagutin"" sa rally sa Luneta subong nga aga. 

#AksyonRadyoIloilo",,"Ano labot ka duterte da? Mga ogag kmu?😂😂😂","0","https://www.facebook.com/100064669725059/posts/1272081354957510/?mibextid=rS40aB7S9Ucbxw6v"
"""MARCOS SINGILIN, DUTERTE PANAGUTIN"" -- KABATAAN PARTY-LIST REP. RENEE CO SA MAANOMALIYA NGA FLOOD CONTROL PROJECTS 

BY: LHEY ANN ALAYON | September 21, 2025
Video courtesy: Newswatch

Ginpangunahan ni Kabataan Party-list Rep. Renee Co ang pagsinggitan sang ""Marcos Singilin, Duterte Panagutin"" sa rally sa Luneta subong nga aga. 

#AksyonRadyoIloilo",,"Adto dapat sa mga corrupt..ddto singgita","0","https://www.facebook.com/100064669725059/posts/1272081354957510/?mibextid=rS40aB7S9Ucbxw6v"
"""MARCOS SINGILIN, DUTERTE PANAGUTIN"" -- KABATAAN PARTY-LIST REP. RENEE CO SA MAANOMALIYA NGA FLOOD CONTROL PROJECTS 

BY: LHEY ANN ALAYON | September 21, 2025
Video courtesy: Newswatch

Ginpangunahan ni Kabataan Party-list Rep. Renee Co ang pagsinggitan sang ""Marcos Singilin, Duterte Panagutin"" sa rally sa Luneta subong nga aga. 

#AksyonRadyoIloilo",,"Bwesit na rennee co na Yan, mga Co mga bwesit magnanakaw Sila Ang totoong salot sa lipunan..","0","https://www.facebook.com/100064669725059/posts/1272081354957510/?mibextid=rS40aB7S9Ucbxw6v"
"""MARCOS SINGILIN, DUTERTE PANAGUTIN"" -- KABATAAN PARTY-LIST REP. RENEE CO SA MAANOMALIYA NGA FLOOD CONTROL PROJECTS 

BY: LHEY ANN ALAYON | September 21, 2025
Video courtesy: Newswatch

Ginpangunahan ni Kabataan Party-list Rep. Renee Co ang pagsinggitan sang ""Marcos Singilin, Duterte Panagutin"" sa rally sa Luneta subong nga aga. 

#AksyonRadyoIloilo",,"Mga ugok puli kamo to sabad2x lang kamo da sa dalan
Ano Sala ni Marcos da sa flood control.","7","https://www.facebook.com/100064669725059/posts/1272081354957510/?mibextid=rS40aB7S9Ucbxw6v"
"""MARCOS SINGILIN, DUTERTE PANAGUTIN"" -- KABATAAN PARTY-LIST REP. RENEE CO SA MAANOMALIYA NGA FLOOD CONTROL PROJECTS 

BY: LHEY ANN ALAYON | September 21, 2025
Video courtesy: Newswatch

Ginpangunahan ni Kabataan Party-list Rep. Renee Co ang pagsinggitan sang ""Marcos Singilin, Duterte Panagutin"" sa rally sa Luneta subong nga aga. 

#AksyonRadyoIloilo",,"Time will come na magtatrabaho din kayo, Jan niyo malalaman kung Tama ba pinaglalaban nio, kung tax at pinaghirapan nio, ei ninanakaw at nilulustay lg..","1","https://www.facebook.com/100064669725059/posts/1272081354957510/?mibextid=rS40aB7S9Ucbxw6v"
"""MARCOS SINGILIN, DUTERTE PANAGUTIN"" -- KABATAAN PARTY-LIST REP. RENEE CO SA MAANOMALIYA NGA FLOOD CONTROL PROJECTS 

BY: LHEY ANN ALAYON | September 21, 2025
Video courtesy: Newswatch

Ginpangunahan ni Kabataan Party-list Rep. Renee Co ang pagsinggitan sang ""Marcos Singilin, Duterte Panagutin"" sa rally sa Luneta subong nga aga. 

#AksyonRadyoIloilo",,"mga  npa yan gustong walang gobyerno ang pilipinas kc gusto nila pantay pantay ikaw tanim ikaw din ani ikaw din kain pantay ba🤣🤣🤣","1","https://www.facebook.com/100064669725059/posts/1272081354957510/?mibextid=rS40aB7S9Ucbxw6v"
"""MARCOS SINGILIN, DUTERTE PANAGUTIN"" -- KABATAAN PARTY-LIST REP. RENEE CO SA MAANOMALIYA NGA FLOOD CONTROL PROJECTS 

BY: LHEY ANN ALAYON | September 21, 2025
Video courtesy: Newswatch

Ginpangunahan ni Kabataan Party-list Rep. Renee Co ang pagsinggitan sang ""Marcos Singilin, Duterte Panagutin"" sa rally sa Luneta subong nga aga. 

#AksyonRadyoIloilo",,"Kita kitz nlang sa 2028...adios...🤣🤣🤣","0","https://www.facebook.com/100064669725059/posts/1272081354957510/?mibextid=rS40aB7S9Ucbxw6v"
"""MARCOS SINGILIN, DUTERTE PANAGUTIN"" -- KABATAAN PARTY-LIST REP. RENEE CO SA MAANOMALIYA NGA FLOOD CONTROL PROJECTS 

BY: LHEY ANN ALAYON | September 21, 2025
Video courtesy: Newswatch

Ginpangunahan ni Kabataan Party-list Rep. Renee Co ang pagsinggitan sang ""Marcos Singilin, Duterte Panagutin"" sa rally sa Luneta subong nga aga. 

#AksyonRadyoIloilo",,"Ano man Ang labot sang president Kay Ara sa dp Kag sa lokal Ang kawatan","0","https://www.facebook.com/100064669725059/posts/1272081354957510/?mibextid=rS40aB7S9Ucbxw6v"
"""MARCOS SINGILIN, DUTERTE PANAGUTIN"" -- KABATAAN PARTY-LIST REP. RENEE CO SA MAANOMALIYA NGA FLOOD CONTROL PROJECTS 

BY: LHEY ANN ALAYON | September 21, 2025
Video courtesy: Newswatch

Ginpangunahan ni Kabataan Party-list Rep. Renee Co ang pagsinggitan sang ""Marcos Singilin, Duterte Panagutin"" sa rally sa Luneta subong nga aga. 

#AksyonRadyoIloilo",,"Wala kilati ang mga amaw🤛😜","0","https://www.facebook.com/100064669725059/posts/1272081354957510/?mibextid=rS40aB7S9Ucbxw6v"
"""MARCOS SINGILIN, DUTERTE PANAGUTIN"" -- KABATAAN PARTY-LIST REP. RENEE CO SA MAANOMALIYA NGA FLOOD CONTROL PROJECTS 

BY: LHEY ANN ALAYON | September 21, 2025
Video courtesy: Newswatch

Ginpangunahan ni Kabataan Party-list Rep. Renee Co ang pagsinggitan sang ""Marcos Singilin, Duterte Panagutin"" sa rally sa Luneta subong nga aga. 

#AksyonRadyoIloilo",,"Focus kmo sa Corruption sa aton Gobyerno..nga dapat untaton ron..","1","https://www.facebook.com/100064669725059/posts/1272081354957510/?mibextid=rS40aB7S9Ucbxw6v"
"""MARCOS SINGILIN, DUTERTE PANAGUTIN"" -- KABATAAN PARTY-LIST REP. RENEE CO SA MAANOMALIYA NGA FLOOD CONTROL PROJECTS 

BY: LHEY ANN ALAYON | September 21, 2025
Video courtesy: Newswatch

Ginpangunahan ni Kabataan Party-list Rep. Renee Co ang pagsinggitan sang ""Marcos Singilin, Duterte Panagutin"" sa rally sa Luneta subong nga aga. 

#AksyonRadyoIloilo",,"Ganyan na pala kadami npa sa luzon","1","https://www.facebook.com/100064669725059/posts/1272081354957510/?mibextid=rS40aB7S9Ucbxw6v"
"""MARCOS SINGILIN, DUTERTE PANAGUTIN"" -- KABATAAN PARTY-LIST REP. RENEE CO SA MAANOMALIYA NGA FLOOD CONTROL PROJECTS 

BY: LHEY ANN ALAYON | September 21, 2025
Video courtesy: Newswatch

Ginpangunahan ni Kabataan Party-list Rep. Renee Co ang pagsinggitan sang ""Marcos Singilin, Duterte Panagutin"" sa rally sa Luneta subong nga aga. 

#AksyonRadyoIloilo",,"Hilommm putol p ng ugat nimu....","0","https://www.facebook.com/100064669725059/posts/1272081354957510/?mibextid=rS40aB7S9Ucbxw6v"
"""MARCOS SINGILIN, DUTERTE PANAGUTIN"" -- KABATAAN PARTY-LIST REP. RENEE CO SA MAANOMALIYA NGA FLOOD CONTROL PROJECTS 

BY: LHEY ANN ALAYON | September 21, 2025
Video courtesy: Newswatch

Ginpangunahan ni Kabataan Party-list Rep. Renee Co ang pagsinggitan sang ""Marcos Singilin, Duterte Panagutin"" sa rally sa Luneta subong nga aga. 

#AksyonRadyoIloilo",,"may budget sila sa rally gikan kay martin at liza kaya duterte ila i singit","0","https://www.facebook.com/100064669725059/posts/1272081354957510/?mibextid=rS40aB7S9Ucbxw6v"
"""MARCOS SINGILIN, DUTERTE PANAGUTIN"" -- KABATAAN PARTY-LIST REP. RENEE CO SA MAANOMALIYA NGA FLOOD CONTROL PROJECTS 

BY: LHEY ANN ALAYON | September 21, 2025
Video courtesy: Newswatch

Ginpangunahan ni Kabataan Party-list Rep. Renee Co ang pagsinggitan sang ""Marcos Singilin, Duterte Panagutin"" sa rally sa Luneta subong nga aga. 

#AksyonRadyoIloilo",,"mga taong walang selbi","1","https://www.facebook.com/100064669725059/posts/1272081354957510/?mibextid=rS40aB7S9Ucbxw6v"
"""MARCOS SINGILIN, DUTERTE PANAGUTIN"" -- KABATAAN PARTY-LIST REP. RENEE CO SA MAANOMALIYA NGA FLOOD CONTROL PROJECTS 

BY: LHEY ANN ALAYON | September 21, 2025
Video courtesy: Newswatch

Ginpangunahan ni Kabataan Party-list Rep. Renee Co ang pagsinggitan sang ""Marcos Singilin, Duterte Panagutin"" sa rally sa Luneta subong nga aga. 

#AksyonRadyoIloilo",,"Abi ko my gina ihaw nga kambing ba.. 🤣🤣🤣","0","https://www.facebook.com/100064669725059/posts/1272081354957510/?mibextid=rS40aB7S9Ucbxw6v"
"""MARCOS SINGILIN, DUTERTE PANAGUTIN"" -- KABATAAN PARTY-LIST REP. RENEE CO SA MAANOMALIYA NGA FLOOD CONTROL PROJECTS 

BY: LHEY ANN ALAYON | September 21, 2025
Video courtesy: Newswatch

Ginpangunahan ni Kabataan Party-list Rep. Renee Co ang pagsinggitan sang ""Marcos Singilin, Duterte Panagutin"" sa rally sa Luneta subong nga aga. 

#AksyonRadyoIloilo",,"Hahha baka mga adik at npa ito","0","https://www.facebook.com/100064669725059/posts/1272081354957510/?mibextid=rS40aB7S9Ucbxw6v"
"""MARCOS SINGILIN, DUTERTE PANAGUTIN"" -- KABATAAN PARTY-LIST REP. RENEE CO SA MAANOMALIYA NGA FLOOD CONTROL PROJECTS 

BY: LHEY ANN ALAYON | September 21, 2025
Video courtesy: Newswatch

Ginpangunahan ni Kabataan Party-list Rep. Renee Co ang pagsinggitan sang ""Marcos Singilin, Duterte Panagutin"" sa rally sa Luneta subong nga aga. 

#AksyonRadyoIloilo",,"Hilom Culot!","0","https://www.facebook.com/100064669725059/posts/1272081354957510/?mibextid=rS40aB7S9Ucbxw6v"
"""MARCOS SINGILIN, DUTERTE PANAGUTIN"" -- KABATAAN PARTY-LIST REP. RENEE CO SA MAANOMALIYA NGA FLOOD CONTROL PROJECTS 

BY: LHEY ANN ALAYON | September 21, 2025
Video courtesy: Newswatch

Ginpangunahan ni Kabataan Party-list Rep. Renee Co ang pagsinggitan sang ""Marcos Singilin, Duterte Panagutin"" sa rally sa Luneta subong nga aga. 

#AksyonRadyoIloilo",,"Bat wala c Martin Buwaya at c Zaldy Co-RRUP","0","https://www.facebook.com/100064669725059/posts/1272081354957510/?mibextid=rS40aB7S9Ucbxw6v"
"""MARCOS SINGILIN, DUTERTE PANAGUTIN"" -- KABATAAN PARTY-LIST REP. RENEE CO SA MAANOMALIYA NGA FLOOD CONTROL PROJECTS 

BY: LHEY ANN ALAYON | September 21, 2025
Video courtesy: Newswatch

Ginpangunahan ni Kabataan Party-list Rep. Renee Co ang pagsinggitan sang ""Marcos Singilin, Duterte Panagutin"" sa rally sa Luneta subong nga aga. 

#AksyonRadyoIloilo",,"Aw Aw Aw😂","0","https://www.facebook.com/100064669725059/posts/1272081354957510/?mibextid=rS40aB7S9Ucbxw6v"
"""MARCOS SINGILIN, DUTERTE PANAGUTIN"" -- KABATAAN PARTY-LIST REP. RENEE CO SA MAANOMALIYA NGA FLOOD CONTROL PROJECTS 

BY: LHEY ANN ALAYON | September 21, 2025
Video courtesy: Newswatch

Ginpangunahan ni Kabataan Party-list Rep. Renee Co ang pagsinggitan sang ""Marcos Singilin, Duterte Panagutin"" sa rally sa Luneta subong nga aga. 

#AksyonRadyoIloilo",,"Bangag","0","https://www.facebook.com/100064669725059/posts/1272081354957510/?mibextid=rS40aB7S9Ucbxw6v"
"""MARCOS SINGILIN, DUTERTE PANAGUTIN"" -- KABATAAN PARTY-LIST REP. RENEE CO SA MAANOMALIYA NGA FLOOD CONTROL PROJECTS 

BY: LHEY ANN ALAYON | September 21, 2025
Video courtesy: Newswatch

Ginpangunahan ni Kabataan Party-list Rep. Renee Co ang pagsinggitan sang ""Marcos Singilin, Duterte Panagutin"" sa rally sa Luneta subong nga aga. 

#AksyonRadyoIloilo",,"Iba din to","0","https://www.facebook.com/100064669725059/posts/1272081354957510/?mibextid=rS40aB7S9Ucbxw6v"
"""MARCOS SINGILIN, DUTERTE PANAGUTIN"" -- KABATAAN PARTY-LIST REP. RENEE CO SA MAANOMALIYA NGA FLOOD CONTROL PROJECTS 

BY: LHEY ANN ALAYON | September 21, 2025
Video courtesy: Newswatch

Ginpangunahan ni Kabataan Party-list Rep. Renee Co ang pagsinggitan sang ""Marcos Singilin, Duterte Panagutin"" sa rally sa Luneta subong nga aga. 

#AksyonRadyoIloilo",,"Sakay sa panahun ning mga Npa","0","https://www.facebook.com/100064669725059/posts/1272081354957510/?mibextid=rS40aB7S9Ucbxw6v"
"""MARCOS SINGILIN, DUTERTE PANAGUTIN"" -- KABATAAN PARTY-LIST REP. RENEE CO SA MAANOMALIYA NGA FLOOD CONTROL PROJECTS 

BY: LHEY ANN ALAYON | September 21, 2025
Video courtesy: Newswatch

Ginpangunahan ni Kabataan Party-list Rep. Renee Co ang pagsinggitan sang ""Marcos Singilin, Duterte Panagutin"" sa rally sa Luneta subong nga aga. 

#AksyonRadyoIloilo",,"Imbestigahan ang mga mayaman na nasa gobyerno...","0","https://www.facebook.com/100064669725059/posts/1272081354957510/?mibextid=rS40aB7S9Ucbxw6v"
"""MARCOS SINGILIN, DUTERTE PANAGUTIN"" -- KABATAAN PARTY-LIST REP. RENEE CO SA MAANOMALIYA NGA FLOOD CONTROL PROJECTS 

BY: LHEY ANN ALAYON | September 21, 2025
Video courtesy: Newswatch

Ginpangunahan ni Kabataan Party-list Rep. Renee Co ang pagsinggitan sang ""Marcos Singilin, Duterte Panagutin"" sa rally sa Luneta subong nga aga. 

#AksyonRadyoIloilo",,"Lumabas din ang tunay na pakay 
 Mga NPA kasi
Kahit tumambling pa kayong lahat si inday Sarah pa rin ang gugustuhin naming maging presidende sa 2028","1","https://www.facebook.com/100064669725059/posts/1272081354957510/?mibextid=rS40aB7S9Ucbxw6v"
"""MARCOS SINGILIN, DUTERTE PANAGUTIN"" -- KABATAAN PARTY-LIST REP. RENEE CO SA MAANOMALIYA NGA FLOOD CONTROL PROJECTS 

BY: LHEY ANN ALAYON | September 21, 2025
Video courtesy: Newswatch

Ginpangunahan ni Kabataan Party-list Rep. Renee Co ang pagsinggitan sang ""Marcos Singilin, Duterte Panagutin"" sa rally sa Luneta subong nga aga. 

#AksyonRadyoIloilo",,"Halata  npa gd cla hhhha","0","https://www.facebook.com/100064669725059/posts/1272081354957510/?mibextid=rS40aB7S9Ucbxw6v"
"""MARCOS SINGILIN, DUTERTE PANAGUTIN"" -- KABATAAN PARTY-LIST REP. RENEE CO SA MAANOMALIYA NGA FLOOD CONTROL PROJECTS 

BY: LHEY ANN ALAYON | September 21, 2025
Video courtesy: Newswatch

Ginpangunahan ni Kabataan Party-list Rep. Renee Co ang pagsinggitan sang ""Marcos Singilin, Duterte Panagutin"" sa rally sa Luneta subong nga aga. 

#AksyonRadyoIloilo",,"Buang ang mga yan","0","https://www.facebook.com/100064669725059/posts/1272081354957510/?mibextid=rS40aB7S9Ucbxw6v"
"""MARCOS SINGILIN, DUTERTE PANAGUTIN"" -- KABATAAN PARTY-LIST REP. RENEE CO SA MAANOMALIYA NGA FLOOD CONTROL PROJECTS 

BY: LHEY ANN ALAYON | September 21, 2025
Video courtesy: Newswatch

Ginpangunahan ni Kabataan Party-list Rep. Renee Co ang pagsinggitan sang ""Marcos Singilin, Duterte Panagutin"" sa rally sa Luneta subong nga aga. 

#AksyonRadyoIloilo",,"Mga haslo...tulog kmo to DW mga awat rally nyo...","0","https://www.facebook.com/100064669725059/posts/1272081354957510/?mibextid=rS40aB7S9Ucbxw6v"
"""MARCOS SINGILIN, DUTERTE PANAGUTIN"" -- KABATAAN PARTY-LIST REP. RENEE CO SA MAANOMALIYA NGA FLOOD CONTROL PROJECTS 

BY: LHEY ANN ALAYON | September 21, 2025
Video courtesy: Newswatch

Ginpangunahan ni Kabataan Party-list Rep. Renee Co ang pagsinggitan sang ""Marcos Singilin, Duterte Panagutin"" sa rally sa Luneta subong nga aga. 

#AksyonRadyoIloilo",,"Ahaha mga kopal focus kayo sa tunay na buwaya NPA amputa","0","https://www.facebook.com/100064669725059/posts/1272081354957510/?mibextid=rS40aB7S9Ucbxw6v"
"""MARCOS SINGILIN, DUTERTE PANAGUTIN"" -- KABATAAN PARTY-LIST REP. RENEE CO SA MAANOMALIYA NGA FLOOD CONTROL PROJECTS 

BY: LHEY ANN ALAYON | September 21, 2025
Video courtesy: Newswatch

Ginpangunahan ni Kabataan Party-list Rep. Renee Co ang pagsinggitan sang ""Marcos Singilin, Duterte Panagutin"" sa rally sa Luneta subong nga aga. 

#AksyonRadyoIloilo",,"Aw!  Aw! Aw! Aw!","0","https://www.facebook.com/100064669725059/posts/1272081354957510/?mibextid=rS40aB7S9Ucbxw6v"
"""MARCOS SINGILIN, DUTERTE PANAGUTIN"" -- KABATAAN PARTY-LIST REP. RENEE CO SA MAANOMALIYA NGA FLOOD CONTROL PROJECTS 

BY: LHEY ANN ALAYON | September 21, 2025
Video courtesy: Newswatch

Ginpangunahan ni Kabataan Party-list Rep. Renee Co ang pagsinggitan sang ""Marcos Singilin, Duterte Panagutin"" sa rally sa Luneta subong nga aga. 

#AksyonRadyoIloilo",,"Mga oplok","0","https://www.facebook.com/100064669725059/posts/1272081354957510/?mibextid=rS40aB7S9Ucbxw6v"
"""MARCOS SINGILIN, DUTERTE PANAGUTIN"" -- KABATAAN PARTY-LIST REP. RENEE CO SA MAANOMALIYA NGA FLOOD CONTROL PROJECTS 

BY: LHEY ANN ALAYON | September 21, 2025
Video courtesy: Newswatch

Ginpangunahan ni Kabataan Party-list Rep. Renee Co ang pagsinggitan sang ""Marcos Singilin, Duterte Panagutin"" sa rally sa Luneta subong nga aga. 

#AksyonRadyoIloilo",,"Tani pangkilatan kamo da mga shunga","1","https://www.facebook.com/100064669725059/posts/1272081354957510/?mibextid=rS40aB7S9Ucbxw6v"
"""MARCOS SINGILIN, DUTERTE PANAGUTIN"" -- KABATAAN PARTY-LIST REP. RENEE CO SA MAANOMALIYA NGA FLOOD CONTROL PROJECTS 

BY: LHEY ANN ALAYON | September 21, 2025
Video courtesy: Newswatch

Ginpangunahan ni Kabataan Party-list Rep. Renee Co ang pagsinggitan sang ""Marcos Singilin, Duterte Panagutin"" sa rally sa Luneta subong nga aga. 

#AksyonRadyoIloilo",,"Sino ung sumidigaw..pakainin nyo muna ng batchoy...nakakaawa","0","https://www.facebook.com/100064669725059/posts/1272081354957510/?mibextid=rS40aB7S9Ucbxw6v"
"""MARCOS SINGILIN, DUTERTE PANAGUTIN"" -- KABATAAN PARTY-LIST REP. RENEE CO SA MAANOMALIYA NGA FLOOD CONTROL PROJECTS 

BY: LHEY ANN ALAYON | September 21, 2025
Video courtesy: Newswatch

Ginpangunahan ni Kabataan Party-list Rep. Renee Co ang pagsinggitan sang ""Marcos Singilin, Duterte Panagutin"" sa rally sa Luneta subong nga aga. 

#AksyonRadyoIloilo",,"Anu ang labot ni Duterte imunuyuan na kurap nang damay koa bastos","0","https://www.facebook.com/100064669725059/posts/1272081354957510/?mibextid=rS40aB7S9Ucbxw6v"
"""MARCOS SINGILIN, DUTERTE PANAGUTIN"" -- KABATAAN PARTY-LIST REP. RENEE CO SA MAANOMALIYA NGA FLOOD CONTROL PROJECTS 

BY: LHEY ANN ALAYON | September 21, 2025
Video courtesy: Newswatch

Ginpangunahan ni Kabataan Party-list Rep. Renee Co ang pagsinggitan sang ""Marcos Singilin, Duterte Panagutin"" sa rally sa Luneta subong nga aga. 

#AksyonRadyoIloilo",,"Ha? Si marcos nag kuha ng kaban ng bayan tapos si duterte ang pananagutin?  Buang gyud d i mo","1","https://www.facebook.com/100064669725059/posts/1272081354957510/?mibextid=rS40aB7S9Ucbxw6v"
"""MARCOS SINGILIN, DUTERTE PANAGUTIN"" -- KABATAAN PARTY-LIST REP. RENEE CO SA MAANOMALIYA NGA FLOOD CONTROL PROJECTS 

BY: LHEY ANN ALAYON | September 21, 2025
Video courtesy: Newswatch

Ginpangunahan ni Kabataan Party-list Rep. Renee Co ang pagsinggitan sang ""Marcos Singilin, Duterte Panagutin"" sa rally sa Luneta subong nga aga. 

#AksyonRadyoIloilo",,"SAGUTIN MO MUNA KAANU ANU MO SI ZALDY CO HAA KULOT","1","https://www.facebook.com/100064669725059/posts/1272081354957510/?mibextid=rS40aB7S9Ucbxw6v"
"""MARCOS SINGILIN, DUTERTE PANAGUTIN"" -- KABATAAN PARTY-LIST REP. RENEE CO SA MAANOMALIYA NGA FLOOD CONTROL PROJECTS 

BY: LHEY ANN ALAYON | September 21, 2025
Video courtesy: Newswatch

Ginpangunahan ni Kabataan Party-list Rep. Renee Co ang pagsinggitan sang ""Marcos Singilin, Duterte Panagutin"" sa rally sa Luneta subong nga aga. 

#AksyonRadyoIloilo",,"akala niyo exempted na si inday sarah whahha","0","https://www.facebook.com/100064669725059/posts/1272081354957510/?mibextid=rS40aB7S9Ucbxw6v"
"""MARCOS SINGILIN, DUTERTE PANAGUTIN"" -- KABATAAN PARTY-LIST REP. RENEE CO SA MAANOMALIYA NGA FLOOD CONTROL PROJECTS 

BY: LHEY ANN ALAYON | September 21, 2025
Video courtesy: Newswatch

Ginpangunahan ni Kabataan Party-list Rep. Renee Co ang pagsinggitan sang ""Marcos Singilin, Duterte Panagutin"" sa rally sa Luneta subong nga aga. 

#AksyonRadyoIloilo",,"Wala na si duterte nanagot na nga diba at nakulong na.. Ano pa sinisigaw nyo dyan.. Ung administration mong bangag ang panagutin nyo sa talamak na kurapsyon ngaun....","1","https://www.facebook.com/100064669725059/posts/1272081354957510/?mibextid=rS40aB7S9Ucbxw6v"
"""MARCOS SINGILIN, DUTERTE PANAGUTIN"" -- KABATAAN PARTY-LIST REP. RENEE CO SA MAANOMALIYA NGA FLOOD CONTROL PROJECTS 

BY: LHEY ANN ALAYON | September 21, 2025
Video courtesy: Newswatch

Ginpangunahan ni Kabataan Party-list Rep. Renee Co ang pagsinggitan sang ""Marcos Singilin, Duterte Panagutin"" sa rally sa Luneta subong nga aga. 

#AksyonRadyoIloilo",,"Mga bubu ung rally dyan","0","https://www.facebook.com/100064669725059/posts/1272081354957510/?mibextid=rS40aB7S9Ucbxw6v"
"""MARCOS SINGILIN, DUTERTE PANAGUTIN"" -- KABATAAN PARTY-LIST REP. RENEE CO SA MAANOMALIYA NGA FLOOD CONTROL PROJECTS 

BY: LHEY ANN ALAYON | September 21, 2025
Video courtesy: Newswatch

Ginpangunahan ni Kabataan Party-list Rep. Renee Co ang pagsinggitan sang ""Marcos Singilin, Duterte Panagutin"" sa rally sa Luneta subong nga aga. 

#AksyonRadyoIloilo",,"ay mga pastilan","0","https://www.facebook.com/100064669725059/posts/1272081354957510/?mibextid=rS40aB7S9Ucbxw6v"
"""MARCOS SINGILIN, DUTERTE PANAGUTIN"" -- KABATAAN PARTY-LIST REP. RENEE CO SA MAANOMALIYA NGA FLOOD CONTROL PROJECTS 

BY: LHEY ANN ALAYON | September 21, 2025
Video courtesy: Newswatch

Ginpangunahan ni Kabataan Party-list Rep. Renee Co ang pagsinggitan sang ""Marcos Singilin, Duterte Panagutin"" sa rally sa Luneta subong nga aga. 

#AksyonRadyoIloilo",,"SI tangggol nalang inyo himoon pre.....hahhaa","0","https://www.facebook.com/100064669725059/posts/1272081354957510/?mibextid=rS40aB7S9Ucbxw6v"
"""MARCOS SINGILIN, DUTERTE PANAGUTIN"" -- KABATAAN PARTY-LIST REP. RENEE CO SA MAANOMALIYA NGA FLOOD CONTROL PROJECTS 

BY: LHEY ANN ALAYON | September 21, 2025
Video courtesy: Newswatch

Ginpangunahan ni Kabataan Party-list Rep. Renee Co ang pagsinggitan sang ""Marcos Singilin, Duterte Panagutin"" sa rally sa Luneta subong nga aga. 

#AksyonRadyoIloilo",,"Mga gago..","0","https://www.facebook.com/100064669725059/posts/1272081354957510/?mibextid=rS40aB7S9Ucbxw6v"
"""MARCOS SINGILIN, DUTERTE PANAGUTIN"" -- KABATAAN PARTY-LIST REP. RENEE CO SA MAANOMALIYA NGA FLOOD CONTROL PROJECTS 

BY: LHEY ANN ALAYON | September 21, 2025
Video courtesy: Newswatch

Ginpangunahan ni Kabataan Party-list Rep. Renee Co ang pagsinggitan sang ""Marcos Singilin, Duterte Panagutin"" sa rally sa Luneta subong nga aga. 

#AksyonRadyoIloilo",,"Kabataan partylist buwagin!","0","https://www.facebook.com/100064669725059/posts/1272081354957510/?mibextid=rS40aB7S9Ucbxw6v"
"""MARCOS SINGILIN, DUTERTE PANAGUTIN"" -- KABATAAN PARTY-LIST REP. RENEE CO SA MAANOMALIYA NGA FLOOD CONTROL PROJECTS 

BY: LHEY ANN ALAYON | September 21, 2025
Video courtesy: Newswatch

Ginpangunahan ni Kabataan Party-list Rep. Renee Co ang pagsinggitan sang ""Marcos Singilin, Duterte Panagutin"" sa rally sa Luneta subong nga aga. 

#AksyonRadyoIloilo",,"Dw hangag kw renee co🤣🤣🤣🤣ngbasa kw to cguro ka script m kg tun,an mayo panuh kw ka score sa sunod nga mgtubngay kmu ni vp bc pa ka puntos ka🤣🤣🤣","0","https://www.facebook.com/100064669725059/posts/1272081354957510/?mibextid=rS40aB7S9Ucbxw6v"
"""MARCOS SINGILIN, DUTERTE PANAGUTIN"" -- KABATAAN PARTY-LIST REP. RENEE CO SA MAANOMALIYA NGA FLOOD CONTROL PROJECTS 

BY: LHEY ANN ALAYON | September 21, 2025
Video courtesy: Newswatch

Ginpangunahan ni Kabataan Party-list Rep. Renee Co ang pagsinggitan sang ""Marcos Singilin, Duterte Panagutin"" sa rally sa Luneta subong nga aga. 

#AksyonRadyoIloilo",,"Kung ang pg asa nang bayan ay kabataan,ano kaya kung cla ang gawin nating presidenti at bise presidenti ngayon,wla na kayang kahirapan at wlang korakot sa bansa natin, mabawasan kaya ang utang ng bansa,wla ng mag poprotesta sa daan o di kaya masulosyunan nila lahat ng problema sa ating bayan?baka lalo lng tau maloklok sa kahirapan.","0","https://www.facebook.com/100064669725059/posts/1272081354957510/?mibextid=rS40aB7S9Ucbxw6v"
"""MARCOS SINGILIN, DUTERTE PANAGUTIN"" -- KABATAAN PARTY-LIST REP. RENEE CO SA MAANOMALIYA NGA FLOOD CONTROL PROJECTS 

BY: LHEY ANN ALAYON | September 21, 2025
Video courtesy: Newswatch

Ginpangunahan ni Kabataan Party-list Rep. Renee Co ang pagsinggitan sang ""Marcos Singilin, Duterte Panagutin"" sa rally sa Luneta subong nga aga. 

#AksyonRadyoIloilo",,"Salot patayin","0","https://www.facebook.com/100064669725059/posts/1272081354957510/?mibextid=rS40aB7S9Ucbxw6v"
"""MARCOS SINGILIN, DUTERTE PANAGUTIN"" -- KABATAAN PARTY-LIST REP. RENEE CO SA MAANOMALIYA NGA FLOOD CONTROL PROJECTS 

BY: LHEY ANN ALAYON | September 21, 2025
Video courtesy: Newswatch

Ginpangunahan ni Kabataan Party-list Rep. Renee Co ang pagsinggitan sang ""Marcos Singilin, Duterte Panagutin"" sa rally sa Luneta subong nga aga. 

#AksyonRadyoIloilo",,"Renee Co pinsan ni zaldy CO!","0","https://www.facebook.com/100064669725059/posts/1272081354957510/?mibextid=rS40aB7S9Ucbxw6v"
"""MARCOS SINGILIN, DUTERTE PANAGUTIN"" -- KABATAAN PARTY-LIST REP. RENEE CO SA MAANOMALIYA NGA FLOOD CONTROL PROJECTS 

BY: LHEY ANN ALAYON | September 21, 2025
Video courtesy: Newswatch

Ginpangunahan ni Kabataan Party-list Rep. Renee Co ang pagsinggitan sang ""Marcos Singilin, Duterte Panagutin"" sa rally sa Luneta subong nga aga. 

#AksyonRadyoIloilo",,"Bt c pres.marcos singilin nyo hai nko,nkikinig b eto sa mga blita at PNG usapn ngaun senador,congress..","0","https://www.facebook.com/100064669725059/posts/1272081354957510/?mibextid=rS40aB7S9Ucbxw6v"
"""MARCOS SINGILIN, DUTERTE PANAGUTIN"" -- KABATAAN PARTY-LIST REP. RENEE CO SA MAANOMALIYA NGA FLOOD CONTROL PROJECTS 

BY: LHEY ANN ALAYON | September 21, 2025
Video courtesy: Newswatch

Ginpangunahan ni Kabataan Party-list Rep. Renee Co ang pagsinggitan sang ""Marcos Singilin, Duterte Panagutin"" sa rally sa Luneta subong nga aga. 

#AksyonRadyoIloilo",,"Safe naman ang amo nilang si Romualdez at Zaldy Co 😅","1","https://www.facebook.com/100064669725059/posts/1272081354957510/?mibextid=rS40aB7S9Ucbxw6v"
"""MARCOS SINGILIN, DUTERTE PANAGUTIN"" -- KABATAAN PARTY-LIST REP. RENEE CO SA MAANOMALIYA NGA FLOOD CONTROL PROJECTS 

BY: LHEY ANN ALAYON | September 21, 2025
Video courtesy: Newswatch

Ginpangunahan ni Kabataan Party-list Rep. Renee Co ang pagsinggitan sang ""Marcos Singilin, Duterte Panagutin"" sa rally sa Luneta subong nga aga. 

#AksyonRadyoIloilo",,"sa probensya ang magnanakaw kahit manok at kambing kuntinto na pero sa manila ang magnanakaw nasa tv nangungumpanya pa.","1","https://www.facebook.com/100064669725059/posts/1272081354957510/?mibextid=rS40aB7S9Ucbxw6v"
"""MARCOS SINGILIN, DUTERTE PANAGUTIN"" -- KABATAAN PARTY-LIST REP. RENEE CO SA MAANOMALIYA NGA FLOOD CONTROL PROJECTS 

BY: LHEY ANN ALAYON | September 21, 2025
Video courtesy: Newswatch

Ginpangunahan ni Kabataan Party-list Rep. Renee Co ang pagsinggitan sang ""Marcos Singilin, Duterte Panagutin"" sa rally sa Luneta subong nga aga. 

#AksyonRadyoIloilo",,"Mga ungo kamo klase tawo indi nyo mahangpan kon ano naga katabu sa pungsod pilipinas.😡","2","https://www.facebook.com/100064669725059/posts/1272081354957510/?mibextid=rS40aB7S9Ucbxw6v"
"""MARCOS SINGILIN, DUTERTE PANAGUTIN"" -- KABATAAN PARTY-LIST REP. RENEE CO SA MAANOMALIYA NGA FLOOD CONTROL PROJECTS 

BY: LHEY ANN ALAYON | September 21, 2025
Video courtesy: Newswatch

Ginpangunahan ni Kabataan Party-list Rep. Renee Co ang pagsinggitan sang ""Marcos Singilin, Duterte Panagutin"" sa rally sa Luneta subong nga aga. 

#AksyonRadyoIloilo",,"Mga presidente ngdaan ndi mkbili ng jet plane at mmhaling Bagay pero itong speaker at zaldy ko Meron lahat sunod Ang luho grabe n dis","0","https://www.facebook.com/100064669725059/posts/1272081354957510/?mibextid=rS40aB7S9Ucbxw6v"
"""MARCOS SINGILIN, DUTERTE PANAGUTIN"" -- KABATAAN PARTY-LIST REP. RENEE CO SA MAANOMALIYA NGA FLOOD CONTROL PROJECTS 

BY: LHEY ANN ALAYON | September 21, 2025
Video courtesy: Newswatch

Ginpangunahan ni Kabataan Party-list Rep. Renee Co ang pagsinggitan sang ""Marcos Singilin, Duterte Panagutin"" sa rally sa Luneta subong nga aga. 

#AksyonRadyoIloilo",,"Hoi ‼️ dzai kaon sag lansang.ngaa gud na pataka ka man lang hambal .dapig ka sa Parente mi nga s co ? Cocorokoko","0","https://www.facebook.com/100064669725059/posts/1272081354957510/?mibextid=rS40aB7S9Ucbxw6v"
"""MARCOS SINGILIN, DUTERTE PANAGUTIN"" -- KABATAAN PARTY-LIST REP. RENEE CO SA MAANOMALIYA NGA FLOOD CONTROL PROJECTS 

BY: LHEY ANN ALAYON | September 21, 2025
Video courtesy: Newswatch

Ginpangunahan ni Kabataan Party-list Rep. Renee Co ang pagsinggitan sang ""Marcos Singilin, Duterte Panagutin"" sa rally sa Luneta subong nga aga. 

#AksyonRadyoIloilo",,"Naligaw ata yang si ""Co""  8080","0","https://www.facebook.com/100064669725059/posts/1272081354957510/?mibextid=rS40aB7S9Ucbxw6v"
"""MARCOS SINGILIN, DUTERTE PANAGUTIN"" -- KABATAAN PARTY-LIST REP. RENEE CO SA MAANOMALIYA NGA FLOOD CONTROL PROJECTS 

BY: LHEY ANN ALAYON | September 21, 2025
Video courtesy: Newswatch

Ginpangunahan ni Kabataan Party-list Rep. Renee Co ang pagsinggitan sang ""Marcos Singilin, Duterte Panagutin"" sa rally sa Luneta subong nga aga. 

#AksyonRadyoIloilo",,"Gainano kamo da? Pag palauli na kamo kag kumaon dukot...wala dira ang inyo gina siggitan atu ya sa manami nga lugar naga pa airconditioned...kon sawayon kamo sang mga pulis kay naga abusar nakamo pulis na dayon inyo kontra kundi nagdugang kapa inde ya pulis inyo kontra ah...hay kabalo kana sang ka hangag mo?😎😎","0","https://www.facebook.com/100064669725059/posts/1272081354957510/?mibextid=rS40aB7S9Ucbxw6v"
"""MARCOS SINGILIN, DUTERTE PANAGUTIN"" -- KABATAAN PARTY-LIST REP. RENEE CO SA MAANOMALIYA NGA FLOOD CONTROL PROJECTS 

BY: LHEY ANN ALAYON | September 21, 2025
Video courtesy: Newswatch

Ginpangunahan ni Kabataan Party-list Rep. Renee Co ang pagsinggitan sang ""Marcos Singilin, Duterte Panagutin"" sa rally sa Luneta subong nga aga. 

#AksyonRadyoIloilo",,"Nagpagod lng kau jan..😂 😂 😂 😂","0","https://www.facebook.com/100064669725059/posts/1272081354957510/?mibextid=rS40aB7S9Ucbxw6v"
"""MARCOS SINGILIN, DUTERTE PANAGUTIN"" -- KABATAAN PARTY-LIST REP. RENEE CO SA MAANOMALIYA NGA FLOOD CONTROL PROJECTS 

BY: LHEY ANN ALAYON | September 21, 2025
Video courtesy: Newswatch

Ginpangunahan ni Kabataan Party-list Rep. Renee Co ang pagsinggitan sang ""Marcos Singilin, Duterte Panagutin"" sa rally sa Luneta subong nga aga. 

#AksyonRadyoIloilo",,"Na ulol na mga tanga","0","https://www.facebook.com/100064669725059/posts/1272081354957510/?mibextid=rS40aB7S9Ucbxw6v"
"""MARCOS SINGILIN, DUTERTE PANAGUTIN"" -- KABATAAN PARTY-LIST REP. RENEE CO SA MAANOMALIYA NGA FLOOD CONTROL PROJECTS 

BY: LHEY ANN ALAYON | September 21, 2025
Video courtesy: Newswatch

Ginpangunahan ni Kabataan Party-list Rep. Renee Co ang pagsinggitan sang ""Marcos Singilin, Duterte Panagutin"" sa rally sa Luneta subong nga aga. 

#AksyonRadyoIloilo",,"Mga hangag!","0","https://www.facebook.com/100064669725059/posts/1272081354957510/?mibextid=rS40aB7S9Ucbxw6v"
"""MARCOS SINGILIN, DUTERTE PANAGUTIN"" -- KABATAAN PARTY-LIST REP. RENEE CO SA MAANOMALIYA NGA FLOOD CONTROL PROJECTS 

BY: LHEY ANN ALAYON | September 21, 2025
Video courtesy: Newswatch

Ginpangunahan ni Kabataan Party-list Rep. Renee Co ang pagsinggitan sang ""Marcos Singilin, Duterte Panagutin"" sa rally sa Luneta subong nga aga. 

#AksyonRadyoIloilo",,"Pag ganito ang utak ng kabataan ngayon, hindi pwede na magiging pag-asa ng Bayan tong mga 'to, lalong lulubog tayo pag nagkataon, biroin mo si Marcos yong sinisingil tapos si Duterte yong panagutin tsk5 si Marcos yong may utang tapos si Duterte ang magbabayad? Anong klaseng pag-iisip yan.. 🙂🙃😄🙃😃🙃😁🙃🤪","0","https://www.facebook.com/100064669725059/posts/1272081354957510/?mibextid=rS40aB7S9Ucbxw6v"
"""MARCOS SINGILIN, DUTERTE PANAGUTIN"" -- KABATAAN PARTY-LIST REP. RENEE CO SA MAANOMALIYA NGA FLOOD CONTROL PROJECTS 

BY: LHEY ANN ALAYON | September 21, 2025
Video courtesy: Newswatch

Ginpangunahan ni Kabataan Party-list Rep. Renee Co ang pagsinggitan sang ""Marcos Singilin, Duterte Panagutin"" sa rally sa Luneta subong nga aga. 

#AksyonRadyoIloilo",,"Ito yong SI rennee Ng kabataan sarap sampalin wlang kwentang kabataan ilan pa ang mga kabataan na mabibikta nyo at masasama sa masamang party list na Yan","1","https://www.facebook.com/100064669725059/posts/1272081354957510/?mibextid=rS40aB7S9Ucbxw6v"
"""MARCOS SINGILIN, DUTERTE PANAGUTIN"" -- KABATAAN PARTY-LIST REP. RENEE CO SA MAANOMALIYA NGA FLOOD CONTROL PROJECTS 

BY: LHEY ANN ALAYON | September 21, 2025
Video courtesy: Newswatch

Ginpangunahan ni Kabataan Party-list Rep. Renee Co ang pagsinggitan sang ""Marcos Singilin, Duterte Panagutin"" sa rally sa Luneta subong nga aga. 

#AksyonRadyoIloilo",,"Mga NPA man kmu t sin o mabulos ? kmu nga mga NPA intua nyo pa kmi d .","0","https://www.facebook.com/100064669725059/posts/1272081354957510/?mibextid=rS40aB7S9Ucbxw6v"
"""MARCOS SINGILIN, DUTERTE PANAGUTIN"" -- KABATAAN PARTY-LIST REP. RENEE CO SA MAANOMALIYA NGA FLOOD CONTROL PROJECTS 

BY: LHEY ANN ALAYON | September 21, 2025
Video courtesy: Newswatch

Ginpangunahan ni Kabataan Party-list Rep. Renee Co ang pagsinggitan sang ""Marcos Singilin, Duterte Panagutin"" sa rally sa Luneta subong nga aga. 

#AksyonRadyoIloilo",,"Na unsa ba ang mga utok aning mga animal","0","https://www.facebook.com/100064669725059/posts/1272081354957510/?mibextid=rS40aB7S9Ucbxw6v"
"""MARCOS SINGILIN, DUTERTE PANAGUTIN"" -- KABATAAN PARTY-LIST REP. RENEE CO SA MAANOMALIYA NGA FLOOD CONTROL PROJECTS 

BY: LHEY ANN ALAYON | September 21, 2025
Video courtesy: Newswatch

Ginpangunahan ni Kabataan Party-list Rep. Renee Co ang pagsinggitan sang ""Marcos Singilin, Duterte Panagutin"" sa rally sa Luneta subong nga aga. 

#AksyonRadyoIloilo",,"Look at our Ilonggos, dawg. Abi ko ya mga brayt mga Ilonggo, damo gali ghapon mango.","0","https://www.facebook.com/100064669725059/posts/1272081354957510/?mibextid=rS40aB7S9Ucbxw6v"
"""MARCOS SINGILIN, DUTERTE PANAGUTIN"" -- KABATAAN PARTY-LIST REP. RENEE CO SA MAANOMALIYA NGA FLOOD CONTROL PROJECTS 

BY: LHEY ANN ALAYON | September 21, 2025
Video courtesy: Newswatch

Ginpangunahan ni Kabataan Party-list Rep. Renee Co ang pagsinggitan sang ""Marcos Singilin, Duterte Panagutin"" sa rally sa Luneta subong nga aga. 

#AksyonRadyoIloilo",,"Mga tabugok yayaman ba kayo Nyan bukas ubos na bayad sunod rally ulit ganyan nlang lagi bawat presidente uupo","0","https://www.facebook.com/100064669725059/posts/1272081354957510/?mibextid=rS40aB7S9Ucbxw6v"
"""MARCOS SINGILIN, DUTERTE PANAGUTIN"" -- KABATAAN PARTY-LIST REP. RENEE CO SA MAANOMALIYA NGA FLOOD CONTROL PROJECTS 

BY: LHEY ANN ALAYON | September 21, 2025
Video courtesy: Newswatch

Ginpangunahan ni Kabataan Party-list Rep. Renee Co ang pagsinggitan sang ""Marcos Singilin, Duterte Panagutin"" sa rally sa Luneta subong nga aga. 

#AksyonRadyoIloilo",,"Ambot sa inyo Duterte pa rin kami","1","https://www.facebook.com/100064669725059/posts/1272081354957510/?mibextid=rS40aB7S9Ucbxw6v"
"""MARCOS SINGILIN, DUTERTE PANAGUTIN"" -- KABATAAN PARTY-LIST REP. RENEE CO SA MAANOMALIYA NGA FLOOD CONTROL PROJECTS 

BY: LHEY ANN ALAYON | September 21, 2025
Video courtesy: Newswatch

Ginpangunahan ni Kabataan Party-list Rep. Renee Co ang pagsinggitan sang ""Marcos Singilin, Duterte Panagutin"" sa rally sa Luneta subong nga aga. 

#AksyonRadyoIloilo",,"Tnga tlga ng kulot n yan laki ng galit sa mga duterte di makatulog binabangungot ata ng mga namatay nilang kapwa rebelte nung panahon ng red tagging, ano kinalaman ni duterte dyan nakulong na nga, si sarah naman ginigipit ng marcos admin, binuo yang rally na yan para sa mga sendor, congressman, presidente na kawatan sa flood control project masyado ka halata na sinisingit mo yan personal na galit mo sa mga duterte nakakaurat ka pakinggan, napahiya ka kasi ni sarah nakaraan e kaya ganyan hahahahaha","0","https://www.facebook.com/100064669725059/posts/1272081354957510/?mibextid=rS40aB7S9Ucbxw6v"
"""MARCOS SINGILIN, DUTERTE PANAGUTIN"" -- KABATAAN PARTY-LIST REP. RENEE CO SA MAANOMALIYA NGA FLOOD CONTROL PROJECTS 

BY: LHEY ANN ALAYON | September 21, 2025
Video courtesy: Newswatch

Ginpangunahan ni Kabataan Party-list Rep. Renee Co ang pagsinggitan sang ""Marcos Singilin, Duterte Panagutin"" sa rally sa Luneta subong nga aga. 

#AksyonRadyoIloilo",,"Bahala kamo da Basta Duterte man gihapon ko ah hahaha anhon pa kamo ni Duterte ND dun Gani to ya Mal am ka guwa tana pagid inyo basulon hahahahahaha paulia nyo c Co","0","https://www.facebook.com/100064669725059/posts/1272081354957510/?mibextid=rS40aB7S9Ucbxw6v"
"""MARCOS SINGILIN, DUTERTE PANAGUTIN"" -- KABATAAN PARTY-LIST REP. RENEE CO SA MAANOMALIYA NGA FLOOD CONTROL PROJECTS 

BY: LHEY ANN ALAYON | September 21, 2025
Video courtesy: Newswatch

Ginpangunahan ni Kabataan Party-list Rep. Renee Co ang pagsinggitan sang ""Marcos Singilin, Duterte Panagutin"" sa rally sa Luneta subong nga aga. 

#AksyonRadyoIloilo",,"Hehe sinisigaw nila Duterte pag asa na bayan 😂😂","1","https://www.facebook.com/100064669725059/posts/1272081354957510/?mibextid=rS40aB7S9Ucbxw6v"
"""MARCOS SINGILIN, DUTERTE PANAGUTIN"" -- KABATAAN PARTY-LIST REP. RENEE CO SA MAANOMALIYA NGA FLOOD CONTROL PROJECTS 

BY: LHEY ANN ALAYON | September 21, 2025
Video courtesy: Newswatch

Ginpangunahan ni Kabataan Party-list Rep. Renee Co ang pagsinggitan sang ""Marcos Singilin, Duterte Panagutin"" sa rally sa Luneta subong nga aga. 

#AksyonRadyoIloilo",,"Walang pag asa mga Tanga oplok utak nyo Lalo na c renee co. Kulot salot walng kwenta","0","https://www.facebook.com/100064669725059/posts/1272081354957510/?mibextid=rS40aB7S9Ucbxw6v"
"""MARCOS SINGILIN, DUTERTE PANAGUTIN"" -- KABATAAN PARTY-LIST REP. RENEE CO SA MAANOMALIYA NGA FLOOD CONTROL PROJECTS 

BY: LHEY ANN ALAYON | September 21, 2025
Video courtesy: Newswatch

Ginpangunahan ni Kabataan Party-list Rep. Renee Co ang pagsinggitan sang ""Marcos Singilin, Duterte Panagutin"" sa rally sa Luneta subong nga aga. 

#AksyonRadyoIloilo",,"Shut Up! Pagulo lang kayo!","0","https://www.facebook.com/100064669725059/posts/1272081354957510/?mibextid=rS40aB7S9Ucbxw6v"
"""MARCOS SINGILIN, DUTERTE PANAGUTIN"" -- KABATAAN PARTY-LIST REP. RENEE CO SA MAANOMALIYA NGA FLOOD CONTROL PROJECTS 

BY: LHEY ANN ALAYON | September 21, 2025
Video courtesy: Newswatch

Ginpangunahan ni Kabataan Party-list Rep. Renee Co ang pagsinggitan sang ""Marcos Singilin, Duterte Panagutin"" sa rally sa Luneta subong nga aga. 

#AksyonRadyoIloilo",,"CO-HA UG KWARTA","0","https://www.facebook.com/100064669725059/posts/1272081354957510/?mibextid=rS40aB7S9Ucbxw6v"
"""MARCOS SINGILIN, DUTERTE PANAGUTIN"" -- KABATAAN PARTY-LIST REP. RENEE CO SA MAANOMALIYA NGA FLOOD CONTROL PROJECTS 

BY: LHEY ANN ALAYON | September 21, 2025
Video courtesy: Newswatch

Ginpangunahan ni Kabataan Party-list Rep. Renee Co ang pagsinggitan sang ""Marcos Singilin, Duterte Panagutin"" sa rally sa Luneta subong nga aga. 

#AksyonRadyoIloilo",,"Dami ah 🤣Marami pa yata tao sabungan🤣🤣","0","https://www.facebook.com/100064669725059/posts/1272081354957510/?mibextid=rS40aB7S9Ucbxw6v"
"""MARCOS SINGILIN, DUTERTE PANAGUTIN"" -- KABATAAN PARTY-LIST REP. RENEE CO SA MAANOMALIYA NGA FLOOD CONTROL PROJECTS 

BY: LHEY ANN ALAYON | September 21, 2025
Video courtesy: Newswatch

Ginpangunahan ni Kabataan Party-list Rep. Renee Co ang pagsinggitan sang ""Marcos Singilin, Duterte Panagutin"" sa rally sa Luneta subong nga aga. 

#AksyonRadyoIloilo",,"Mga gago SI Marcos Ang nkaupo mga bayad Ang mga kumag","2","https://www.facebook.com/100064669725059/posts/1272081354957510/?mibextid=rS40aB7S9Ucbxw6v"
"""MARCOS SINGILIN, DUTERTE PANAGUTIN"" -- KABATAAN PARTY-LIST REP. RENEE CO SA MAANOMALIYA NGA FLOOD CONTROL PROJECTS 

BY: LHEY ANN ALAYON | September 21, 2025
Video courtesy: Newswatch

Ginpangunahan ni Kabataan Party-list Rep. Renee Co ang pagsinggitan sang ""Marcos Singilin, Duterte Panagutin"" sa rally sa Luneta subong nga aga. 

#AksyonRadyoIloilo",,"Mga tanga dinto","0","https://www.facebook.com/100064669725059/posts/1272081354957510/?mibextid=rS40aB7S9Ucbxw6v"
"""MARCOS SINGILIN, DUTERTE PANAGUTIN"" -- KABATAAN PARTY-LIST REP. RENEE CO SA MAANOMALIYA NGA FLOOD CONTROL PROJECTS 

BY: LHEY ANN ALAYON | September 21, 2025
Video courtesy: Newswatch

Ginpangunahan ni Kabataan Party-list Rep. Renee Co ang pagsinggitan sang ""Marcos Singilin, Duterte Panagutin"" sa rally sa Luneta subong nga aga. 

#AksyonRadyoIloilo",,"Tama na ninyo rally Jan gabirinaho na kamu naghalo na ansud nio hahaha😂😂","0","https://www.facebook.com/100064669725059/posts/1272081354957510/?mibextid=rS40aB7S9Ucbxw6v"
"""MARCOS SINGILIN, DUTERTE PANAGUTIN"" -- KABATAAN PARTY-LIST REP. RENEE CO SA MAANOMALIYA NGA FLOOD CONTROL PROJECTS 

BY: LHEY ANN ALAYON | September 21, 2025
Video courtesy: Newswatch

Ginpangunahan ni Kabataan Party-list Rep. Renee Co ang pagsinggitan sang ""Marcos Singilin, Duterte Panagutin"" sa rally sa Luneta subong nga aga. 

#AksyonRadyoIloilo",,"Kabataang NPA😭😭😭","0","https://www.facebook.com/100064669725059/posts/1272081354957510/?mibextid=rS40aB7S9Ucbxw6v"
"""MARCOS SINGILIN, DUTERTE PANAGUTIN"" -- KABATAAN PARTY-LIST REP. RENEE CO SA MAANOMALIYA NGA FLOOD CONTROL PROJECTS 

BY: LHEY ANN ALAYON | September 21, 2025
Video courtesy: Newswatch

Ginpangunahan ni Kabataan Party-list Rep. Renee Co ang pagsinggitan sang ""Marcos Singilin, Duterte Panagutin"" sa rally sa Luneta subong nga aga. 

#AksyonRadyoIloilo",,"SIRA NA ANG MGA PROYEKTO SA BBM ADMINISTRATION SIRA-SIRA PA ITONG NG-RARALLY! HINDI KAYO PAG-ASA NG BAYAN! KAYO ANG UMAASA SA BAYAD!","0","https://www.facebook.com/100064669725059/posts/1272081354957510/?mibextid=rS40aB7S9Ucbxw6v"
"""MARCOS SINGILIN, DUTERTE PANAGUTIN"" -- KABATAAN PARTY-LIST REP. RENEE CO SA MAANOMALIYA NGA FLOOD CONTROL PROJECTS 

BY: LHEY ANN ALAYON | September 21, 2025
Video courtesy: Newswatch

Ginpangunahan ni Kabataan Party-list Rep. Renee Co ang pagsinggitan sang ""Marcos Singilin, Duterte Panagutin"" sa rally sa Luneta subong nga aga. 

#AksyonRadyoIloilo",,"🤣🤣 Duterte parin.... kabataan disiplinahin pasaway sa mga kalsada di alam an sinasabi nila....inuuto ng mga tirorista..","0","https://www.facebook.com/100064669725059/posts/1272081354957510/?mibextid=rS40aB7S9Ucbxw6v"
"""MARCOS SINGILIN, DUTERTE PANAGUTIN"" -- KABATAAN PARTY-LIST REP. RENEE CO SA MAANOMALIYA NGA FLOOD CONTROL PROJECTS 

BY: LHEY ANN ALAYON | September 21, 2025
Video courtesy: Newswatch

Ginpangunahan ni Kabataan Party-list Rep. Renee Co ang pagsinggitan sang ""Marcos Singilin, Duterte Panagutin"" sa rally sa Luneta subong nga aga. 

#AksyonRadyoIloilo",,"Isa isa lng sugta. Di nyo n kaya ang tanan.😂😂😂","0","https://www.facebook.com/100064669725059/posts/1272081354957510/?mibextid=rS40aB7S9Ucbxw6v"
"""MARCOS SINGILIN, DUTERTE PANAGUTIN"" -- KABATAAN PARTY-LIST REP. RENEE CO SA MAANOMALIYA NGA FLOOD CONTROL PROJECTS 

BY: LHEY ANN ALAYON | September 21, 2025
Video courtesy: Newswatch

Ginpangunahan ni Kabataan Party-list Rep. Renee Co ang pagsinggitan sang ""Marcos Singilin, Duterte Panagutin"" sa rally sa Luneta subong nga aga. 

#AksyonRadyoIloilo",,"Mga abnormal na ya","0","https://www.facebook.com/100064669725059/posts/1272081354957510/?mibextid=rS40aB7S9Ucbxw6v"
"""MARCOS SINGILIN, DUTERTE PANAGUTIN"" -- KABATAAN PARTY-LIST REP. RENEE CO SA MAANOMALIYA NGA FLOOD CONTROL PROJECTS 

BY: LHEY ANN ALAYON | September 21, 2025
Video courtesy: Newswatch

Ginpangunahan ni Kabataan Party-list Rep. Renee Co ang pagsinggitan sang ""Marcos Singilin, Duterte Panagutin"" sa rally sa Luneta subong nga aga. 

#AksyonRadyoIloilo",,"Mga salot ng Bayan kayo😡","0","https://www.facebook.com/100064669725059/posts/1272081354957510/?mibextid=rS40aB7S9Ucbxw6v"
"""MARCOS SINGILIN, DUTERTE PANAGUTIN"" -- KABATAAN PARTY-LIST REP. RENEE CO SA MAANOMALIYA NGA FLOOD CONTROL PROJECTS 

BY: LHEY ANN ALAYON | September 21, 2025
Video courtesy: Newswatch

Ginpangunahan ni Kabataan Party-list Rep. Renee Co ang pagsinggitan sang ""Marcos Singilin, Duterte Panagutin"" sa rally sa Luneta subong nga aga. 

#AksyonRadyoIloilo",,"Andyan na sa pangalan eh. Bat di yun panagutin? Hahaha","0","https://www.facebook.com/100064669725059/posts/1272081354957510/?mibextid=rS40aB7S9Ucbxw6v"
"""MARCOS SINGILIN, DUTERTE PANAGUTIN"" -- KABATAAN PARTY-LIST REP. RENEE CO SA MAANOMALIYA NGA FLOOD CONTROL PROJECTS 

BY: LHEY ANN ALAYON | September 21, 2025
Video courtesy: Newswatch

Ginpangunahan ni Kabataan Party-list Rep. Renee Co ang pagsinggitan sang ""Marcos Singilin, Duterte Panagutin"" sa rally sa Luneta subong nga aga. 

#AksyonRadyoIloilo",,"Buwang","0","https://www.facebook.com/100064669725059/posts/1272081354957510/?mibextid=rS40aB7S9Ucbxw6v"
"""MARCOS SINGILIN, DUTERTE PANAGUTIN"" -- KABATAAN PARTY-LIST REP. RENEE CO SA MAANOMALIYA NGA FLOOD CONTROL PROJECTS 

BY: LHEY ANN ALAYON | September 21, 2025
Video courtesy: Newswatch

Ginpangunahan ni Kabataan Party-list Rep. Renee Co ang pagsinggitan sang ""Marcos Singilin, Duterte Panagutin"" sa rally sa Luneta subong nga aga. 

#AksyonRadyoIloilo",,"Rep. Zaldy Co Bongbong Marcos dalawang buaya..meow meow hahaha","1","https://www.facebook.com/100064669725059/posts/1272081354957510/?mibextid=rS40aB7S9Ucbxw6v"
"""MARCOS SINGILIN, DUTERTE PANAGUTIN"" -- KABATAAN PARTY-LIST REP. RENEE CO SA MAANOMALIYA NGA FLOOD CONTROL PROJECTS 

BY: LHEY ANN ALAYON | September 21, 2025
Video courtesy: Newswatch

Ginpangunahan ni Kabataan Party-list Rep. Renee Co ang pagsinggitan sang ""Marcos Singilin, Duterte Panagutin"" sa rally sa Luneta subong nga aga. 

#AksyonRadyoIloilo",,"Ulanan kmo kg MG mala sakit, kmo ghapon kaluluoy, ubra nyo k boto kg pahalinon😂😂😂😂","0","https://www.facebook.com/100064669725059/posts/1272081354957510/?mibextid=rS40aB7S9Ucbxw6v"
"""MARCOS SINGILIN, DUTERTE PANAGUTIN"" -- KABATAAN PARTY-LIST REP. RENEE CO SA MAANOMALIYA NGA FLOOD CONTROL PROJECTS 

BY: LHEY ANN ALAYON | September 21, 2025
Video courtesy: Newswatch

Ginpangunahan ni Kabataan Party-list Rep. Renee Co ang pagsinggitan sang ""Marcos Singilin, Duterte Panagutin"" sa rally sa Luneta subong nga aga. 

#AksyonRadyoIloilo",,"Duterte npod hahaha ,","0","https://www.facebook.com/100064669725059/posts/1272081354957510/?mibextid=rS40aB7S9Ucbxw6v"
"""MARCOS SINGILIN, DUTERTE PANAGUTIN"" -- KABATAAN PARTY-LIST REP. RENEE CO SA MAANOMALIYA NGA FLOOD CONTROL PROJECTS 

BY: LHEY ANN ALAYON | September 21, 2025
Video courtesy: Newswatch

Ginpangunahan ni Kabataan Party-list Rep. Renee Co ang pagsinggitan sang ""Marcos Singilin, Duterte Panagutin"" sa rally sa Luneta subong nga aga. 

#AksyonRadyoIloilo",,"gapadugang lang kamo gamo sa pilipinas kag problema","0","https://www.facebook.com/100064669725059/posts/1272081354957510/?mibextid=rS40aB7S9Ucbxw6v"
"""MARCOS SINGILIN, DUTERTE PANAGUTIN"" -- KABATAAN PARTY-LIST REP. RENEE CO SA MAANOMALIYA NGA FLOOD CONTROL PROJECTS 

BY: LHEY ANN ALAYON | September 21, 2025
Video courtesy: Newswatch

Ginpangunahan ni Kabataan Party-list Rep. Renee Co ang pagsinggitan sang ""Marcos Singilin, Duterte Panagutin"" sa rally sa Luneta subong nga aga. 

#AksyonRadyoIloilo",,"Katangahan Yan......","0","https://www.facebook.com/100064669725059/posts/1272081354957510/?mibextid=rS40aB7S9Ucbxw6v"
"""MARCOS SINGILIN, DUTERTE PANAGUTIN"" -- KABATAAN PARTY-LIST REP. RENEE CO SA MAANOMALIYA NGA FLOOD CONTROL PROJECTS 

BY: LHEY ANN ALAYON | September 21, 2025
Video courtesy: Newswatch

Ginpangunahan ni Kabataan Party-list Rep. Renee Co ang pagsinggitan sang ""Marcos Singilin, Duterte Panagutin"" sa rally sa Luneta subong nga aga. 

#AksyonRadyoIloilo",,"Mga utot nyo","0","https://www.facebook.com/100064669725059/posts/1272081354957510/?mibextid=rS40aB7S9Ucbxw6v"
"""MARCOS SINGILIN, DUTERTE PANAGUTIN"" -- KABATAAN PARTY-LIST REP. RENEE CO SA MAANOMALIYA NGA FLOOD CONTROL PROJECTS 

BY: LHEY ANN ALAYON | September 21, 2025
Video courtesy: Newswatch

Ginpangunahan ni Kabataan Party-list Rep. Renee Co ang pagsinggitan sang ""Marcos Singilin, Duterte Panagutin"" sa rally sa Luneta subong nga aga. 

#AksyonRadyoIloilo",,"Basta DDS, mga walang utak.
Lumala ang korapsyon sa panahon ng poon ninyo. Karapat-dapat lang siyang mabulok sa The Hague, sana isunod na sila Bato, Go at Inday Lustay!","4","https://www.facebook.com/100064669725059/posts/1272081354957510/?mibextid=rS40aB7S9Ucbxw6v"
"""MARCOS SINGILIN, DUTERTE PANAGUTIN"" -- KABATAAN PARTY-LIST REP. RENEE CO SA MAANOMALIYA NGA FLOOD CONTROL PROJECTS 

BY: LHEY ANN ALAYON | September 21, 2025
Video courtesy: Newswatch

Ginpangunahan ni Kabataan Party-list Rep. Renee Co ang pagsinggitan sang ""Marcos Singilin, Duterte Panagutin"" sa rally sa Luneta subong nga aga. 

#AksyonRadyoIloilo",,"BBM Singilin? Magkano ba pinangako sanyo ni BBM?","0","https://www.facebook.com/100064669725059/posts/1272081354957510/?mibextid=rS40aB7S9Ucbxw6v"
"""MARCOS SINGILIN, DUTERTE PANAGUTIN"" -- KABATAAN PARTY-LIST REP. RENEE CO SA MAANOMALIYA NGA FLOOD CONTROL PROJECTS 

BY: LHEY ANN ALAYON | September 21, 2025
Video courtesy: Newswatch

Ginpangunahan ni Kabataan Party-list Rep. Renee Co ang pagsinggitan sang ""Marcos Singilin, Duterte Panagutin"" sa rally sa Luneta subong nga aga. 

#AksyonRadyoIloilo",,"May nauto pa pala Tong uud na Babeng ito","0","https://www.facebook.com/100064669725059/posts/1272081354957510/?mibextid=rS40aB7S9Ucbxw6v"
"""MARCOS SINGILIN, DUTERTE PANAGUTIN"" -- KABATAAN PARTY-LIST REP. RENEE CO SA MAANOMALIYA NGA FLOOD CONTROL PROJECTS 

BY: LHEY ANN ALAYON | September 21, 2025
Video courtesy: Newswatch

Ginpangunahan ni Kabataan Party-list Rep. Renee Co ang pagsinggitan sang ""Marcos Singilin, Duterte Panagutin"" sa rally sa Luneta subong nga aga. 

#AksyonRadyoIloilo",,"Kukot","0","https://www.facebook.com/100064669725059/posts/1272081354957510/?mibextid=rS40aB7S9Ucbxw6v"
"""MARCOS SINGILIN, DUTERTE PANAGUTIN"" -- KABATAAN PARTY-LIST REP. RENEE CO SA MAANOMALIYA NGA FLOOD CONTROL PROJECTS 

BY: LHEY ANN ALAYON | September 21, 2025
Video courtesy: Newswatch

Ginpangunahan ni Kabataan Party-list Rep. Renee Co ang pagsinggitan sang ""Marcos Singilin, Duterte Panagutin"" sa rally sa Luneta subong nga aga. 

#AksyonRadyoIloilo",,"Kon ako kninyo buligan ta kaugalingon ta way mana mabulig  rally kag sa tanan nga pinoy nga Naga pa into kay Marcos kag duterte waay  polos na bakas kita sa kaugalingon kita ya ang kalalooy wae  na .nila tanan malang na cla kawatan","0","https://www.facebook.com/100064669725059/posts/1272081354957510/?mibextid=rS40aB7S9Ucbxw6v"
"""MARCOS SINGILIN, DUTERTE PANAGUTIN"" -- KABATAAN PARTY-LIST REP. RENEE CO SA MAANOMALIYA NGA FLOOD CONTROL PROJECTS 

BY: LHEY ANN ALAYON | September 21, 2025
Video courtesy: Newswatch

Ginpangunahan ni Kabataan Party-list Rep. Renee Co ang pagsinggitan sang ""Marcos Singilin, Duterte Panagutin"" sa rally sa Luneta subong nga aga. 

#AksyonRadyoIloilo",,"d30 parin aqo","0","https://www.facebook.com/100064669725059/posts/1272081354957510/?mibextid=rS40aB7S9Ucbxw6v"
"""MARCOS SINGILIN, DUTERTE PANAGUTIN"" -- KABATAAN PARTY-LIST REP. RENEE CO SA MAANOMALIYA NGA FLOOD CONTROL PROJECTS 

BY: LHEY ANN ALAYON | September 21, 2025
Video courtesy: Newswatch

Ginpangunahan ni Kabataan Party-list Rep. Renee Co ang pagsinggitan sang ""Marcos Singilin, Duterte Panagutin"" sa rally sa Luneta subong nga aga. 

#AksyonRadyoIloilo",,"Hahaha mga buang 😁 nganu si Duterte man 😂","0","https://www.facebook.com/100064669725059/posts/1272081354957510/?mibextid=rS40aB7S9Ucbxw6v"
"""MARCOS SINGILIN, DUTERTE PANAGUTIN"" -- KABATAAN PARTY-LIST REP. RENEE CO SA MAANOMALIYA NGA FLOOD CONTROL PROJECTS 

BY: LHEY ANN ALAYON | September 21, 2025
Video courtesy: Newswatch

Ginpangunahan ni Kabataan Party-list Rep. Renee Co ang pagsinggitan sang ""Marcos Singilin, Duterte Panagutin"" sa rally sa Luneta subong nga aga. 

#AksyonRadyoIloilo",,"Sarah duterte pakinggan mo ang sigaw ng taong bayan kasama ng buong angkan mo.","1","https://www.facebook.com/100064669725059/posts/1272081354957510/?mibextid=rS40aB7S9Ucbxw6v"
"""MARCOS SINGILIN, DUTERTE PANAGUTIN"" -- KABATAAN PARTY-LIST REP. RENEE CO SA MAANOMALIYA NGA FLOOD CONTROL PROJECTS 

BY: LHEY ANN ALAYON | September 21, 2025
Video courtesy: Newswatch

Ginpangunahan ni Kabataan Party-list Rep. Renee Co ang pagsinggitan sang ""Marcos Singilin, Duterte Panagutin"" sa rally sa Luneta subong nga aga. 

#AksyonRadyoIloilo",,"Hulat2 kmo ky my 3 years naka pang damug nani cla sg ila baboy? Kg ka tig ang?","1","https://www.facebook.com/100064669725059/posts/1272081354957510/?mibextid=rS40aB7S9Ucbxw6v"
"""MARCOS SINGILIN, DUTERTE PANAGUTIN"" -- KABATAAN PARTY-LIST REP. RENEE CO SA MAANOMALIYA NGA FLOOD CONTROL PROJECTS 

BY: LHEY ANN ALAYON | September 21, 2025
Video courtesy: Newswatch

Ginpangunahan ni Kabataan Party-list Rep. Renee Co ang pagsinggitan sang ""Marcos Singilin, Duterte Panagutin"" sa rally sa Luneta subong nga aga. 

#AksyonRadyoIloilo",,"Ingat po kayo! ✊🏼✊🏼✊🏼","0","https://www.facebook.com/100064669725059/posts/1272081354957510/?mibextid=rS40aB7S9Ucbxw6v"
"""MARCOS SINGILIN, DUTERTE PANAGUTIN"" -- KABATAAN PARTY-LIST REP. RENEE CO SA MAANOMALIYA NGA FLOOD CONTROL PROJECTS 

BY: LHEY ANN ALAYON | September 21, 2025
Video courtesy: Newswatch

Ginpangunahan ni Kabataan Party-list Rep. Renee Co ang pagsinggitan sang ""Marcos Singilin, Duterte Panagutin"" sa rally sa Luneta subong nga aga. 

#AksyonRadyoIloilo",,"Pa kapoy2 lang kamo😂🤣","0","https://www.facebook.com/100064669725059/posts/1272081354957510/?mibextid=rS40aB7S9Ucbxw6v"
"""MARCOS SINGILIN, DUTERTE PANAGUTIN"" -- KABATAAN PARTY-LIST REP. RENEE CO SA MAANOMALIYA NGA FLOOD CONTROL PROJECTS 

BY: LHEY ANN ALAYON | September 21, 2025
Video courtesy: Newswatch

Ginpangunahan ni Kabataan Party-list Rep. Renee Co ang pagsinggitan sang ""Marcos Singilin, Duterte Panagutin"" sa rally sa Luneta subong nga aga. 

#AksyonRadyoIloilo",,"Duterte PANAGUTIN dpat lang dapat lang","0","https://www.facebook.com/100064669725059/posts/1272081354957510/?mibextid=rS40aB7S9Ucbxw6v"
"""MARCOS SINGILIN, DUTERTE PANAGUTIN"" -- KABATAAN PARTY-LIST REP. RENEE CO SA MAANOMALIYA NGA FLOOD CONTROL PROJECTS 

BY: LHEY ANN ALAYON | September 21, 2025
Video courtesy: Newswatch

Ginpangunahan ni Kabataan Party-list Rep. Renee Co ang pagsinggitan sang ""Marcos Singilin, Duterte Panagutin"" sa rally sa Luneta subong nga aga. 

#AksyonRadyoIloilo",,"HAHAHAHAHA. Kaalyado lang gd kamo ni Marcos pro🤣","0","https://www.facebook.com/100064669725059/posts/1272081354957510/?mibextid=rS40aB7S9Ucbxw6v"
"""MARCOS SINGILIN, DUTERTE PANAGUTIN"" -- KABATAAN PARTY-LIST REP. RENEE CO SA MAANOMALIYA NGA FLOOD CONTROL PROJECTS 

BY: LHEY ANN ALAYON | September 21, 2025
Video courtesy: Newswatch

Ginpangunahan ni Kabataan Party-list Rep. Renee Co ang pagsinggitan sang ""Marcos Singilin, Duterte Panagutin"" sa rally sa Luneta subong nga aga. 

#AksyonRadyoIloilo",,"Umuwe kau at matulog
Nagpagod pagod lang kau Jan
Ang init init","0","https://www.facebook.com/100064669725059/posts/1272081354957510/?mibextid=rS40aB7S9Ucbxw6v"
"""MARCOS SINGILIN, DUTERTE PANAGUTIN"" -- KABATAAN PARTY-LIST REP. RENEE CO SA MAANOMALIYA NGA FLOOD CONTROL PROJECTS 

BY: LHEY ANN ALAYON | September 21, 2025
Video courtesy: Newswatch

Ginpangunahan ni Kabataan Party-list Rep. Renee Co ang pagsinggitan sang ""Marcos Singilin, Duterte Panagutin"" sa rally sa Luneta subong nga aga. 

#AksyonRadyoIloilo",,"Paghilom mo!","0","https://www.facebook.com/100064669725059/posts/1272081354957510/?mibextid=rS40aB7S9Ucbxw6v"
"""MARCOS SINGILIN, DUTERTE PANAGUTIN"" -- KABATAAN PARTY-LIST REP. RENEE CO SA MAANOMALIYA NGA FLOOD CONTROL PROJECTS 

BY: LHEY ANN ALAYON | September 21, 2025
Video courtesy: Newswatch

Ginpangunahan ni Kabataan Party-list Rep. Renee Co ang pagsinggitan sang ""Marcos Singilin, Duterte Panagutin"" sa rally sa Luneta subong nga aga. 

#AksyonRadyoIloilo",,"Ano pag asa ng bayan kumonista wag na","1","https://www.facebook.com/100064669725059/posts/1272081354957510/?mibextid=rS40aB7S9Ucbxw6v"
"""MARCOS SINGILIN, DUTERTE PANAGUTIN"" -- KABATAAN PARTY-LIST REP. RENEE CO SA MAANOMALIYA NGA FLOOD CONTROL PROJECTS 

BY: LHEY ANN ALAYON | September 21, 2025
Video courtesy: Newswatch

Ginpangunahan ni Kabataan Party-list Rep. Renee Co ang pagsinggitan sang ""Marcos Singilin, Duterte Panagutin"" sa rally sa Luneta subong nga aga. 

#AksyonRadyoIloilo",,"Napreso na SI Duterte, SI Marcos kag Romualdez kag Zco Naman Ang dapat mapreso😜😜","0","https://www.facebook.com/100064669725059/posts/1272081354957510/?mibextid=rS40aB7S9Ucbxw6v"
"""MARCOS SINGILIN, DUTERTE PANAGUTIN"" -- KABATAAN PARTY-LIST REP. RENEE CO SA MAANOMALIYA NGA FLOOD CONTROL PROJECTS 

BY: LHEY ANN ALAYON | September 21, 2025
Video courtesy: Newswatch

Ginpangunahan ni Kabataan Party-list Rep. Renee Co ang pagsinggitan sang ""Marcos Singilin, Duterte Panagutin"" sa rally sa Luneta subong nga aga. 

#AksyonRadyoIloilo",,"Natumbok mo bro.","0","https://www.facebook.com/100064669725059/posts/1272081354957510/?mibextid=rS40aB7S9Ucbxw6v"
"""MARCOS SINGILIN, DUTERTE PANAGUTIN"" -- KABATAAN PARTY-LIST REP. RENEE CO SA MAANOMALIYA NGA FLOOD CONTROL PROJECTS 

BY: LHEY ANN ALAYON | September 21, 2025
Video courtesy: Newswatch

Ginpangunahan ni Kabataan Party-list Rep. Renee Co ang pagsinggitan sang ""Marcos Singilin, Duterte Panagutin"" sa rally sa Luneta subong nga aga. 

#AksyonRadyoIloilo",,"wag pdala sa mga yan..","1","https://www.facebook.com/100064669725059/posts/1272081354957510/?mibextid=rS40aB7S9Ucbxw6v"
"""MARCOS SINGILIN, DUTERTE PANAGUTIN"" -- KABATAAN PARTY-LIST REP. RENEE CO SA MAANOMALIYA NGA FLOOD CONTROL PROJECTS 

BY: LHEY ANN ALAYON | September 21, 2025
Video courtesy: Newswatch

Ginpangunahan ni Kabataan Party-list Rep. Renee Co ang pagsinggitan sang ""Marcos Singilin, Duterte Panagutin"" sa rally sa Luneta subong nga aga. 

#AksyonRadyoIloilo",,"Mga bu'ang..🤣🤣🤣","0","https://www.facebook.com/100064669725059/posts/1272081354957510/?mibextid=rS40aB7S9Ucbxw6v"
"""MARCOS SINGILIN, DUTERTE PANAGUTIN"" -- KABATAAN PARTY-LIST REP. RENEE CO SA MAANOMALIYA NGA FLOOD CONTROL PROJECTS 

BY: LHEY ANN ALAYON | September 21, 2025
Video courtesy: Newswatch

Ginpangunahan ni Kabataan Party-list Rep. Renee Co ang pagsinggitan sang ""Marcos Singilin, Duterte Panagutin"" sa rally sa Luneta subong nga aga. 

#AksyonRadyoIloilo",,"Hirap talagang kmita😁🤣🤣🤣🤘✌","1","https://www.facebook.com/100064669725059/posts/1272081354957510/?mibextid=rS40aB7S9Ucbxw6v"
"""MARCOS SINGILIN, DUTERTE PANAGUTIN"" -- KABATAAN PARTY-LIST REP. RENEE CO SA MAANOMALIYA NGA FLOOD CONTROL PROJECTS 

BY: LHEY ANN ALAYON | September 21, 2025
Video courtesy: Newswatch

Ginpangunahan ni Kabataan Party-list Rep. Renee Co ang pagsinggitan sang ""Marcos Singilin, Duterte Panagutin"" sa rally sa Luneta subong nga aga. 

#AksyonRadyoIloilo",,"Ay nako😁","0","https://www.facebook.com/100064669725059/posts/1272081354957510/?mibextid=rS40aB7S9Ucbxw6v"
"""MARCOS SINGILIN, DUTERTE PANAGUTIN"" -- KABATAAN PARTY-LIST REP. RENEE CO SA MAANOMALIYA NGA FLOOD CONTROL PROJECTS 

BY: LHEY ANN ALAYON | September 21, 2025
Video courtesy: Newswatch

Ginpangunahan ni Kabataan Party-list Rep. Renee Co ang pagsinggitan sang ""Marcos Singilin, Duterte Panagutin"" sa rally sa Luneta subong nga aga. 

#AksyonRadyoIloilo",,"HAY!! Balik kmu s bukid!!!!","0","https://www.facebook.com/100064669725059/posts/1272081354957510/?mibextid=rS40aB7S9Ucbxw6v"
"""MARCOS SINGILIN, DUTERTE PANAGUTIN"" -- KABATAAN PARTY-LIST REP. RENEE CO SA MAANOMALIYA NGA FLOOD CONTROL PROJECTS 

BY: LHEY ANN ALAYON | September 21, 2025
Video courtesy: Newswatch

Ginpangunahan ni Kabataan Party-list Rep. Renee Co ang pagsinggitan sang ""Marcos Singilin, Duterte Panagutin"" sa rally sa Luneta subong nga aga. 

#AksyonRadyoIloilo",,"Renne co magyaya kapa ng sasama sayo kaloka ka","0","https://www.facebook.com/100064669725059/posts/1272081354957510/?mibextid=rS40aB7S9Ucbxw6v"
"""MARCOS SINGILIN, DUTERTE PANAGUTIN"" -- KABATAAN PARTY-LIST REP. RENEE CO SA MAANOMALIYA NGA FLOOD CONTROL PROJECTS 

BY: LHEY ANN ALAYON | September 21, 2025
Video courtesy: Newswatch

Ginpangunahan ni Kabataan Party-list Rep. Renee Co ang pagsinggitan sang ""Marcos Singilin, Duterte Panagutin"" sa rally sa Luneta subong nga aga. 

#AksyonRadyoIloilo",,"duterte panagutin pero pag asa ng bayan....hahahhha.","18","https://www.facebook.com/100064669725059/posts/1272081354957510/?mibextid=rS40aB7S9Ucbxw6v"
"""MARCOS SINGILIN, DUTERTE PANAGUTIN"" -- KABATAAN PARTY-LIST REP. RENEE CO SA MAANOMALIYA NGA FLOOD CONTROL PROJECTS 

BY: LHEY ANN ALAYON | September 21, 2025
Video courtesy: Newswatch

Ginpangunahan ni Kabataan Party-list Rep. Renee Co ang pagsinggitan sang ""Marcos Singilin, Duterte Panagutin"" sa rally sa Luneta subong nga aga. 

#AksyonRadyoIloilo",,"Mag si uwi kayo sasayang lang kayo ng laway nyo","0","https://www.facebook.com/100064669725059/posts/1272081354957510/?mibextid=rS40aB7S9Ucbxw6v"
"""MARCOS SINGILIN, DUTERTE PANAGUTIN"" -- KABATAAN PARTY-LIST REP. RENEE CO SA MAANOMALIYA NGA FLOOD CONTROL PROJECTS 

BY: LHEY ANN ALAYON | September 21, 2025
Video courtesy: Newswatch

Ginpangunahan ni Kabataan Party-list Rep. Renee Co ang pagsinggitan sang ""Marcos Singilin, Duterte Panagutin"" sa rally sa Luneta subong nga aga. 

#AksyonRadyoIloilo",,"Duterte andun na sa the Hague 😂😂😂 puntahan nyo don","0","https://www.facebook.com/100064669725059/posts/1272081354957510/?mibextid=rS40aB7S9Ucbxw6v"
"""MARCOS SINGILIN, DUTERTE PANAGUTIN"" -- KABATAAN PARTY-LIST REP. RENEE CO SA MAANOMALIYA NGA FLOOD CONTROL PROJECTS 

BY: LHEY ANN ALAYON | September 21, 2025
Video courtesy: Newswatch

Ginpangunahan ni Kabataan Party-list Rep. Renee Co ang pagsinggitan sang ""Marcos Singilin, Duterte Panagutin"" sa rally sa Luneta subong nga aga. 

#AksyonRadyoIloilo",,"Eto yong mga bayad na nag rarally🐊👎","0","https://www.facebook.com/100064669725059/posts/1272081354957510/?mibextid=rS40aB7S9Ucbxw6v"
"""MARCOS SINGILIN, DUTERTE PANAGUTIN"" -- KABATAAN PARTY-LIST REP. RENEE CO SA MAANOMALIYA NGA FLOOD CONTROL PROJECTS 

BY: LHEY ANN ALAYON | September 21, 2025
Video courtesy: Newswatch

Ginpangunahan ni Kabataan Party-list Rep. Renee Co ang pagsinggitan sang ""Marcos Singilin, Duterte Panagutin"" sa rally sa Luneta subong nga aga. 

#AksyonRadyoIloilo",,"Mga bryt nga bogo","0","https://www.facebook.com/100064669725059/posts/1272081354957510/?mibextid=rS40aB7S9Ucbxw6v"
"""MARCOS SINGILIN, DUTERTE PANAGUTIN"" -- KABATAAN PARTY-LIST REP. RENEE CO SA MAANOMALIYA NGA FLOOD CONTROL PROJECTS 

BY: LHEY ANN ALAYON | September 21, 2025
Video courtesy: Newswatch

Ginpangunahan ni Kabataan Party-list Rep. Renee Co ang pagsinggitan sang ""Marcos Singilin, Duterte Panagutin"" sa rally sa Luneta subong nga aga. 

#AksyonRadyoIloilo",,"Wai kamo inom bulong nyo. Puruli kamo to.!!","0","https://www.facebook.com/100064669725059/posts/1272081354957510/?mibextid=rS40aB7S9Ucbxw6v"
"""MARCOS SINGILIN, DUTERTE PANAGUTIN"" -- KABATAAN PARTY-LIST REP. RENEE CO SA MAANOMALIYA NGA FLOOD CONTROL PROJECTS 

BY: LHEY ANN ALAYON | September 21, 2025
Video courtesy: Newswatch

Ginpangunahan ni Kabataan Party-list Rep. Renee Co ang pagsinggitan sang ""Marcos Singilin, Duterte Panagutin"" sa rally sa Luneta subong nga aga. 

#AksyonRadyoIloilo",,"Ang kulit. Wala ngang kulay eh.","0","https://www.facebook.com/100064669725059/posts/1272081354957510/?mibextid=rS40aB7S9Ucbxw6v"
"""MARCOS SINGILIN, DUTERTE PANAGUTIN"" -- KABATAAN PARTY-LIST REP. RENEE CO SA MAANOMALIYA NGA FLOOD CONTROL PROJECTS 

BY: LHEY ANN ALAYON | September 21, 2025
Video courtesy: Newswatch

Ginpangunahan ni Kabataan Party-list Rep. Renee Co ang pagsinggitan sang ""Marcos Singilin, Duterte Panagutin"" sa rally sa Luneta subong nga aga. 

#AksyonRadyoIloilo",,"Walang kwentang rally yan lahat nalang naka upo na pres at naka lipas na pres binabatikos ng mga rally hay pilipinas malunod na lahat sa baha.","0","https://www.facebook.com/100064669725059/posts/1272081354957510/?mibextid=rS40aB7S9Ucbxw6v"
"""MARCOS SINGILIN, DUTERTE PANAGUTIN"" -- KABATAAN PARTY-LIST REP. RENEE CO SA MAANOMALIYA NGA FLOOD CONTROL PROJECTS 

BY: LHEY ANN ALAYON | September 21, 2025
Video courtesy: Newswatch

Ginpangunahan ni Kabataan Party-list Rep. Renee Co ang pagsinggitan sang ""Marcos Singilin, Duterte Panagutin"" sa rally sa Luneta subong nga aga. 

#AksyonRadyoIloilo",,"Tabugok pud diay ni sila no? 😂😂😂","0","https://www.facebook.com/100064669725059/posts/1272081354957510/?mibextid=rS40aB7S9Ucbxw6v"
"""MARCOS SINGILIN, DUTERTE PANAGUTIN"" -- KABATAAN PARTY-LIST REP. RENEE CO SA MAANOMALIYA NGA FLOOD CONTROL PROJECTS 

BY: LHEY ANN ALAYON | September 21, 2025
Video courtesy: Newswatch

Ginpangunahan ni Kabataan Party-list Rep. Renee Co ang pagsinggitan sang ""Marcos Singilin, Duterte Panagutin"" sa rally sa Luneta subong nga aga. 

#AksyonRadyoIloilo",,"Sk funds check mo rin at magugulat kah","0","https://www.facebook.com/100064669725059/posts/1272081354957510/?mibextid=rS40aB7S9Ucbxw6v"
"""MARCOS SINGILIN, DUTERTE PANAGUTIN"" -- KABATAAN PARTY-LIST REP. RENEE CO SA MAANOMALIYA NGA FLOOD CONTROL PROJECTS 

BY: LHEY ANN ALAYON | September 21, 2025
Video courtesy: Newswatch

Ginpangunahan ni Kabataan Party-list Rep. Renee Co ang pagsinggitan sang ""Marcos Singilin, Duterte Panagutin"" sa rally sa Luneta subong nga aga. 

#AksyonRadyoIloilo",,"Sang time ni Duterte natabo na mga anomaliya,time ni marcos na deskibrehan,in short ga pina gusto sila sang time ni Duterte 🤣🤣🤣","0","https://www.facebook.com/100064669725059/posts/1272081354957510/?mibextid=rS40aB7S9Ucbxw6v"
"""MARCOS SINGILIN, DUTERTE PANAGUTIN"" -- KABATAAN PARTY-LIST REP. RENEE CO SA MAANOMALIYA NGA FLOOD CONTROL PROJECTS 

BY: LHEY ANN ALAYON | September 21, 2025
Video courtesy: Newswatch

Ginpangunahan ni Kabataan Party-list Rep. Renee Co ang pagsinggitan sang ""Marcos Singilin, Duterte Panagutin"" sa rally sa Luneta subong nga aga. 

#AksyonRadyoIloilo",,"Puru kayo bangag pala wala sa ayus🤣🤣🤣","0","https://www.facebook.com/100064669725059/posts/1272081354957510/?mibextid=rS40aB7S9Ucbxw6v"
"""MARCOS SINGILIN, DUTERTE PANAGUTIN"" -- KABATAAN PARTY-LIST REP. RENEE CO SA MAANOMALIYA NGA FLOOD CONTROL PROJECTS 

BY: LHEY ANN ALAYON | September 21, 2025
Video courtesy: Newswatch

Ginpangunahan ni Kabataan Party-list Rep. Renee Co ang pagsinggitan sang ""Marcos Singilin, Duterte Panagutin"" sa rally sa Luneta subong nga aga. 

#AksyonRadyoIloilo",,"Abnu  klase na utok! Haha","1","https://www.facebook.com/100064669725059/posts/1272081354957510/?mibextid=rS40aB7S9Ucbxw6v"
"""MARCOS SINGILIN, DUTERTE PANAGUTIN"" -- KABATAAN PARTY-LIST REP. RENEE CO SA MAANOMALIYA NGA FLOOD CONTROL PROJECTS 

BY: LHEY ANN ALAYON | September 21, 2025
Video courtesy: Newswatch

Ginpangunahan ni Kabataan Party-list Rep. Renee Co ang pagsinggitan sang ""Marcos Singilin, Duterte Panagutin"" sa rally sa Luneta subong nga aga. 

#AksyonRadyoIloilo",,"Wala rin Yan kung Hanggang boses lang kayo","1","https://www.facebook.com/100064669725059/posts/1272081354957510/?mibextid=rS40aB7S9Ucbxw6v"
"""MARCOS SINGILIN, DUTERTE PANAGUTIN"" -- KABATAAN PARTY-LIST REP. RENEE CO SA MAANOMALIYA NGA FLOOD CONTROL PROJECTS 

BY: LHEY ANN ALAYON | September 21, 2025
Video courtesy: Newswatch

Ginpangunahan ni Kabataan Party-list Rep. Renee Co ang pagsinggitan sang ""Marcos Singilin, Duterte Panagutin"" sa rally sa Luneta subong nga aga. 

#AksyonRadyoIloilo",,"Ano oras tong schedule sang kilat nga matupa man? 🤣","11","https://www.facebook.com/100064669725059/posts/1272081354957510/?mibextid=rS40aB7S9Ucbxw6v"
"""MARCOS SINGILIN, DUTERTE PANAGUTIN"" -- KABATAAN PARTY-LIST REP. RENEE CO SA MAANOMALIYA NGA FLOOD CONTROL PROJECTS 

BY: LHEY ANN ALAYON | September 21, 2025
Video courtesy: Newswatch

Ginpangunahan ni Kabataan Party-list Rep. Renee Co ang pagsinggitan sang ""Marcos Singilin, Duterte Panagutin"" sa rally sa Luneta subong nga aga. 

#AksyonRadyoIloilo",,"Umepal nanman Yan sa luneta e d nman sila dyan dpat","0","https://www.facebook.com/100064669725059/posts/1272081354957510/?mibextid=rS40aB7S9Ucbxw6v"
"""MARCOS SINGILIN, DUTERTE PANAGUTIN"" -- KABATAAN PARTY-LIST REP. RENEE CO SA MAANOMALIYA NGA FLOOD CONTROL PROJECTS 

BY: LHEY ANN ALAYON | September 21, 2025
Video courtesy: Newswatch

Ginpangunahan ni Kabataan Party-list Rep. Renee Co ang pagsinggitan sang ""Marcos Singilin, Duterte Panagutin"" sa rally sa Luneta subong nga aga. 

#AksyonRadyoIloilo",,"Pinsan ni zaldy Co yan","0","https://www.facebook.com/100064669725059/posts/1272081354957510/?mibextid=rS40aB7S9Ucbxw6v"
"""MARCOS SINGILIN, DUTERTE PANAGUTIN"" -- KABATAAN PARTY-LIST REP. RENEE CO SA MAANOMALIYA NGA FLOOD CONTROL PROJECTS 

BY: LHEY ANN ALAYON | September 21, 2025
Video courtesy: Newswatch

Ginpangunahan ni Kabataan Party-list Rep. Renee Co ang pagsinggitan sang ""Marcos Singilin, Duterte Panagutin"" sa rally sa Luneta subong nga aga. 

#AksyonRadyoIloilo",,"Itong kulot na to epal! Npa /komunista!!!","0","https://www.facebook.com/100064669725059/posts/1272081354957510/?mibextid=rS40aB7S9Ucbxw6v"
"""MARCOS SINGILIN, DUTERTE PANAGUTIN"" -- KABATAAN PARTY-LIST REP. RENEE CO SA MAANOMALIYA NGA FLOOD CONTROL PROJECTS 

BY: LHEY ANN ALAYON | September 21, 2025
Video courtesy: Newswatch

Ginpangunahan ni Kabataan Party-list Rep. Renee Co ang pagsinggitan sang ""Marcos Singilin, Duterte Panagutin"" sa rally sa Luneta subong nga aga. 

#AksyonRadyoIloilo",,"Akbayan party-list  shit 💩💩💩💩💩💩💩💩💩💩💩💩💩💩💩💩💩💩","0","https://www.facebook.com/100064669725059/posts/1272081354957510/?mibextid=rS40aB7S9Ucbxw6v"
"""MARCOS SINGILIN, DUTERTE PANAGUTIN"" -- KABATAAN PARTY-LIST REP. RENEE CO SA MAANOMALIYA NGA FLOOD CONTROL PROJECTS 

BY: LHEY ANN ALAYON | September 21, 2025
Video courtesy: Newswatch

Ginpangunahan ni Kabataan Party-list Rep. Renee Co ang pagsinggitan sang ""Marcos Singilin, Duterte Panagutin"" sa rally sa Luneta subong nga aga. 

#AksyonRadyoIloilo",,"1k perhead n nmn SI Marcos 🤣","0","https://www.facebook.com/100064669725059/posts/1272081354957510/?mibextid=rS40aB7S9Ucbxw6v"
"""MARCOS SINGILIN, DUTERTE PANAGUTIN"" -- KABATAAN PARTY-LIST REP. RENEE CO SA MAANOMALIYA NGA FLOOD CONTROL PROJECTS 

BY: LHEY ANN ALAYON | September 21, 2025
Video courtesy: Newswatch

Ginpangunahan ni Kabataan Party-list Rep. Renee Co ang pagsinggitan sang ""Marcos Singilin, Duterte Panagutin"" sa rally sa Luneta subong nga aga. 

#AksyonRadyoIloilo",,"Sa ngayon kunwari tigil ang korapsyon dahil busog na pero pag lipas ng ilang buwan or taon bubuwelo na naman mga yan nagpapayaman mga yan sa buwis ng tao kaban ng gobyerno pera ng taumbayan yan Ilan Ilan lang sila nag benipisyo milyong Milyon na pilipino ang naghihirap pati na ang huling henerasyon walang hiya nila at walang awa sa mahihirap","1","https://www.facebook.com/100064669725059/posts/1272081354957510/?mibextid=rS40aB7S9Ucbxw6v"
"""MARCOS SINGILIN, DUTERTE PANAGUTIN"" -- KABATAAN PARTY-LIST REP. RENEE CO SA MAANOMALIYA NGA FLOOD CONTROL PROJECTS 

BY: LHEY ANN ALAYON | September 21, 2025
Video courtesy: Newswatch

Ginpangunahan ni Kabataan Party-list Rep. Renee Co ang pagsinggitan sang ""Marcos Singilin, Duterte Panagutin"" sa rally sa Luneta subong nga aga. 

#AksyonRadyoIloilo",,"Minango... Indi pwedi  political organization tapus may ara man... Tapus may ara pa ma upod mga rep nga may tuyo mag pa dalagan permi... Ka hangtag... 
Puro kamu mga Balimbing...","0","https://www.facebook.com/100064669725059/posts/1272081354957510/?mibextid=rS40aB7S9Ucbxw6v"
"""MARCOS SINGILIN, DUTERTE PANAGUTIN"" -- KABATAAN PARTY-LIST REP. RENEE CO SA MAANOMALIYA NGA FLOOD CONTROL PROJECTS 

BY: LHEY ANN ALAYON | September 21, 2025
Video courtesy: Newswatch

Ginpangunahan ni Kabataan Party-list Rep. Renee Co ang pagsinggitan sang ""Marcos Singilin, Duterte Panagutin"" sa rally sa Luneta subong nga aga. 

#AksyonRadyoIloilo",,"Dapat c zaldy co at Martin ang isigaw na panagutin,,,🥴🥴🥴","0","https://www.facebook.com/100064669725059/posts/1272081354957510/?mibextid=rS40aB7S9Ucbxw6v"
"""MARCOS SINGILIN, DUTERTE PANAGUTIN"" -- KABATAAN PARTY-LIST REP. RENEE CO SA MAANOMALIYA NGA FLOOD CONTROL PROJECTS 

BY: LHEY ANN ALAYON | September 21, 2025
Video courtesy: Newswatch

Ginpangunahan ni Kabataan Party-list Rep. Renee Co ang pagsinggitan sang ""Marcos Singilin, Duterte Panagutin"" sa rally sa Luneta subong nga aga. 

#AksyonRadyoIloilo",,"Hiindi na briefing Ng maayos mga to si Marcos naka upo.mga Ogag","0","https://www.facebook.com/100064669725059/posts/1272081354957510/?mibextid=rS40aB7S9Ucbxw6v"
"""MARCOS SINGILIN, DUTERTE PANAGUTIN"" -- KABATAAN PARTY-LIST REP. RENEE CO SA MAANOMALIYA NGA FLOOD CONTROL PROJECTS 

BY: LHEY ANN ALAYON | September 21, 2025
Video courtesy: Newswatch

Ginpangunahan ni Kabataan Party-list Rep. Renee Co ang pagsinggitan sang ""Marcos Singilin, Duterte Panagutin"" sa rally sa Luneta subong nga aga. 

#AksyonRadyoIloilo",,"Rene co pauwiin mo pinsan mong si zaldy co","1","https://www.facebook.com/100064669725059/posts/1272081354957510/?mibextid=rS40aB7S9Ucbxw6v"
"""MARCOS SINGILIN, DUTERTE PANAGUTIN"" -- KABATAAN PARTY-LIST REP. RENEE CO SA MAANOMALIYA NGA FLOOD CONTROL PROJECTS 

BY: LHEY ANN ALAYON | September 21, 2025
Video courtesy: Newswatch

Ginpangunahan ni Kabataan Party-list Rep. Renee Co ang pagsinggitan sang ""Marcos Singilin, Duterte Panagutin"" sa rally sa Luneta subong nga aga. 

#AksyonRadyoIloilo",,"hehehe Hindi alam ng mkkliwang grupo Kung saan lulugar. cguro Kung Hindi lng vice pres c Sarah d ang isisigaw nila ay Marcos resign instead Marcos singilin..   🤣🤣","1","https://www.facebook.com/100064669725059/posts/1272081354957510/?mibextid=rS40aB7S9Ucbxw6v"
"""MARCOS SINGILIN, DUTERTE PANAGUTIN"" -- KABATAAN PARTY-LIST REP. RENEE CO SA MAANOMALIYA NGA FLOOD CONTROL PROJECTS 

BY: LHEY ANN ALAYON | September 21, 2025
Video courtesy: Newswatch

Ginpangunahan ni Kabataan Party-list Rep. Renee Co ang pagsinggitan sang ""Marcos Singilin, Duterte Panagutin"" sa rally sa Luneta subong nga aga. 

#AksyonRadyoIloilo",,"Bkt nkkisali kayo","0","https://www.facebook.com/100064669725059/posts/1272081354957510/?mibextid=rS40aB7S9Ucbxw6v"
"""MARCOS SINGILIN, DUTERTE PANAGUTIN"" -- KABATAAN PARTY-LIST REP. RENEE CO SA MAANOMALIYA NGA FLOOD CONTROL PROJECTS 

BY: LHEY ANN ALAYON | September 21, 2025
Video courtesy: Newswatch

Ginpangunahan ni Kabataan Party-list Rep. Renee Co ang pagsinggitan sang ""Marcos Singilin, Duterte Panagutin"" sa rally sa Luneta subong nga aga. 

#AksyonRadyoIloilo",,"Hahaha,sin o ni gina rally nla c marcos,kng c duterti,,,","0","https://www.facebook.com/100064669725059/posts/1272081354957510/?mibextid=rS40aB7S9Ucbxw6v"
"""MARCOS SINGILIN, DUTERTE PANAGUTIN"" -- KABATAAN PARTY-LIST REP. RENEE CO SA MAANOMALIYA NGA FLOOD CONTROL PROJECTS 

BY: LHEY ANN ALAYON | September 21, 2025
Video courtesy: Newswatch

Ginpangunahan ni Kabataan Party-list Rep. Renee Co ang pagsinggitan sang ""Marcos Singilin, Duterte Panagutin"" sa rally sa Luneta subong nga aga. 

#AksyonRadyoIloilo",,"ganyan yan insan na yen ni Zaldy Co Renee Co","0","https://www.facebook.com/100064669725059/posts/1272081354957510/?mibextid=rS40aB7S9Ucbxw6v"
"""MARCOS SINGILIN, DUTERTE PANAGUTIN"" -- KABATAAN PARTY-LIST REP. RENEE CO SA MAANOMALIYA NGA FLOOD CONTROL PROJECTS 

BY: LHEY ANN ALAYON | September 21, 2025
Video courtesy: Newswatch

Ginpangunahan ni Kabataan Party-list Rep. Renee Co ang pagsinggitan sang ""Marcos Singilin, Duterte Panagutin"" sa rally sa Luneta subong nga aga. 

#AksyonRadyoIloilo",,"Mga buG😡k 🤣🤣🤣","1","https://www.facebook.com/100064669725059/posts/1272081354957510/?mibextid=rS40aB7S9Ucbxw6v"
"""MARCOS SINGILIN, DUTERTE PANAGUTIN"" -- KABATAAN PARTY-LIST REP. RENEE CO SA MAANOMALIYA NGA FLOOD CONTROL PROJECTS 

BY: LHEY ANN ALAYON | September 21, 2025
Video courtesy: Newswatch

Ginpangunahan ni Kabataan Party-list Rep. Renee Co ang pagsinggitan sang ""Marcos Singilin, Duterte Panagutin"" sa rally sa Luneta subong nga aga. 

#AksyonRadyoIloilo",,"Bakit si Marcos sinisisi noon sa panahon payan Ng iBang president","0","https://www.facebook.com/100064669725059/posts/1272081354957510/?mibextid=rS40aB7S9Ucbxw6v"
"""MARCOS SINGILIN, DUTERTE PANAGUTIN"" -- KABATAAN PARTY-LIST REP. RENEE CO SA MAANOMALIYA NGA FLOOD CONTROL PROJECTS 

BY: LHEY ANN ALAYON | September 21, 2025
Video courtesy: Newswatch

Ginpangunahan ni Kabataan Party-list Rep. Renee Co ang pagsinggitan sang ""Marcos Singilin, Duterte Panagutin"" sa rally sa Luneta subong nga aga. 

#AksyonRadyoIloilo",,"Pano c Zaldy mo?","0","https://www.facebook.com/100064669725059/posts/1272081354957510/?mibextid=rS40aB7S9Ucbxw6v"
"""MARCOS SINGILIN, DUTERTE PANAGUTIN"" -- KABATAAN PARTY-LIST REP. RENEE CO SA MAANOMALIYA NGA FLOOD CONTROL PROJECTS 

BY: LHEY ANN ALAYON | September 21, 2025
Video courtesy: Newswatch

Ginpangunahan ni Kabataan Party-list Rep. Renee Co ang pagsinggitan sang ""Marcos Singilin, Duterte Panagutin"" sa rally sa Luneta subong nga aga. 

#AksyonRadyoIloilo",,"Wlang mangyayari sa kakasigaw nyo na yan..pero kng gayahin nyo yung nepal","1","https://www.facebook.com/100064669725059/posts/1272081354957510/?mibextid=rS40aB7S9Ucbxw6v"
"""MARCOS SINGILIN, DUTERTE PANAGUTIN"" -- KABATAAN PARTY-LIST REP. RENEE CO SA MAANOMALIYA NGA FLOOD CONTROL PROJECTS 

BY: LHEY ANN ALAYON | September 21, 2025
Video courtesy: Newswatch

Ginpangunahan ni Kabataan Party-list Rep. Renee Co ang pagsinggitan sang ""Marcos Singilin, Duterte Panagutin"" sa rally sa Luneta subong nga aga. 

#AksyonRadyoIloilo",,"tapos sin o nga kumander ibulos nyu sa gobierno?😃","0","https://www.facebook.com/100064669725059/posts/1272081354957510/?mibextid=rS40aB7S9Ucbxw6v"
"""MARCOS SINGILIN, DUTERTE PANAGUTIN"" -- KABATAAN PARTY-LIST REP. RENEE CO SA MAANOMALIYA NGA FLOOD CONTROL PROJECTS 

BY: LHEY ANN ALAYON | September 21, 2025
Video courtesy: Newswatch

Ginpangunahan ni Kabataan Party-list Rep. Renee Co ang pagsinggitan sang ""Marcos Singilin, Duterte Panagutin"" sa rally sa Luneta subong nga aga. 

#AksyonRadyoIloilo",,"Kaya walang mangyari sa bayan,ultimo mga leader ng ibang sektor na nagrally d ma gets na ung  organizers eh walang plano patalsikin si pbbm at suportado nila ang laban sa kurapsyon!kaya rep renee co sa ibang araw na lang yang panawagan mo na marcos singilin!!!kulang sa comprehension","0","https://www.facebook.com/100064669725059/posts/1272081354957510/?mibextid=rS40aB7S9Ucbxw6v"
"""MARCOS SINGILIN, DUTERTE PANAGUTIN"" -- KABATAAN PARTY-LIST REP. RENEE CO SA MAANOMALIYA NGA FLOOD CONTROL PROJECTS 

BY: LHEY ANN ALAYON | September 21, 2025
Video courtesy: Newswatch

Ginpangunahan ni Kabataan Party-list Rep. Renee Co ang pagsinggitan sang ""Marcos Singilin, Duterte Panagutin"" sa rally sa Luneta subong nga aga. 

#AksyonRadyoIloilo",,"Eto Yung nag raraly na mga bugok","0","https://www.facebook.com/100064669725059/posts/1272081354957510/?mibextid=rS40aB7S9Ucbxw6v"
"""MARCOS SINGILIN, DUTERTE PANAGUTIN"" -- KABATAAN PARTY-LIST REP. RENEE CO SA MAANOMALIYA NGA FLOOD CONTROL PROJECTS 

BY: LHEY ANN ALAYON | September 21, 2025
Video courtesy: Newswatch

Ginpangunahan ni Kabataan Party-list Rep. Renee Co ang pagsinggitan sang ""Marcos Singilin, Duterte Panagutin"" sa rally sa Luneta subong nga aga. 

#AksyonRadyoIloilo",,"Mga korakot tani priso nato","1","https://www.facebook.com/100064669725059/posts/1272081354957510/?mibextid=rS40aB7S9Ucbxw6v"
"""MARCOS SINGILIN, DUTERTE PANAGUTIN"" -- KABATAAN PARTY-LIST REP. RENEE CO SA MAANOMALIYA NGA FLOOD CONTROL PROJECTS 

BY: LHEY ANN ALAYON | September 21, 2025
Video courtesy: Newswatch

Ginpangunahan ni Kabataan Party-list Rep. Renee Co ang pagsinggitan sang ""Marcos Singilin, Duterte Panagutin"" sa rally sa Luneta subong nga aga. 

#AksyonRadyoIloilo",,"Kamusta naman c Martin? You can't call him out, di bala?","1","https://www.facebook.com/100064669725059/posts/1272081354957510/?mibextid=rS40aB7S9Ucbxw6v"
"""MARCOS SINGILIN, DUTERTE PANAGUTIN"" -- KABATAAN PARTY-LIST REP. RENEE CO SA MAANOMALIYA NGA FLOOD CONTROL PROJECTS 

BY: LHEY ANN ALAYON | September 21, 2025
Video courtesy: Newswatch

Ginpangunahan ni Kabataan Party-list Rep. Renee Co ang pagsinggitan sang ""Marcos Singilin, Duterte Panagutin"" sa rally sa Luneta subong nga aga. 

#AksyonRadyoIloilo",,"Pilit nila i sangkot si Duterte si Villiar ang DPWH Noon walang sangkot. Hinangag😀","0","https://www.facebook.com/100064669725059/posts/1272081354957510/?mibextid=rS40aB7S9Ucbxw6v"
"""MARCOS SINGILIN, DUTERTE PANAGUTIN"" -- KABATAAN PARTY-LIST REP. RENEE CO SA MAANOMALIYA NGA FLOOD CONTROL PROJECTS 

BY: LHEY ANN ALAYON | September 21, 2025
Video courtesy: Newswatch

Ginpangunahan ni Kabataan Party-list Rep. Renee Co ang pagsinggitan sang ""Marcos Singilin, Duterte Panagutin"" sa rally sa Luneta subong nga aga. 

#AksyonRadyoIloilo",,"Ang iban selective justice kayman loyalista sang pulitiko, wala gagamit mga utok","0","https://www.facebook.com/100064669725059/posts/1272081354957510/?mibextid=rS40aB7S9Ucbxw6v"
"""MARCOS SINGILIN, DUTERTE PANAGUTIN"" -- KABATAAN PARTY-LIST REP. RENEE CO SA MAANOMALIYA NGA FLOOD CONTROL PROJECTS 

BY: LHEY ANN ALAYON | September 21, 2025
Video courtesy: Newswatch

Ginpangunahan ni Kabataan Party-list Rep. Renee Co ang pagsinggitan sang ""Marcos Singilin, Duterte Panagutin"" sa rally sa Luneta subong nga aga. 

#AksyonRadyoIloilo",,"mga bugo mni sila","0","https://www.facebook.com/100064669725059/posts/1272081354957510/?mibextid=rS40aB7S9Ucbxw6v"
"""MARCOS SINGILIN, DUTERTE PANAGUTIN"" -- KABATAAN PARTY-LIST REP. RENEE CO SA MAANOMALIYA NGA FLOOD CONTROL PROJECTS 

BY: LHEY ANN ALAYON | September 21, 2025
Video courtesy: Newswatch

Ginpangunahan ni Kabataan Party-list Rep. Renee Co ang pagsinggitan sang ""Marcos Singilin, Duterte Panagutin"" sa rally sa Luneta subong nga aga. 

#AksyonRadyoIloilo",,"Na dira lng kamo nami.. 😡😡","0","https://www.facebook.com/100064669725059/posts/1272081354957510/?mibextid=rS40aB7S9Ucbxw6v"
"""MARCOS SINGILIN, DUTERTE PANAGUTIN"" -- KABATAAN PARTY-LIST REP. RENEE CO SA MAANOMALIYA NGA FLOOD CONTROL PROJECTS 

BY: LHEY ANN ALAYON | September 21, 2025
Video courtesy: Newswatch

Ginpangunahan ni Kabataan Party-list Rep. Renee Co ang pagsinggitan sang ""Marcos Singilin, Duterte Panagutin"" sa rally sa Luneta subong nga aga. 

#AksyonRadyoIloilo",,"Ara dira Ang abogado nga paryente sg ghost project?","0","https://www.facebook.com/100064669725059/posts/1272081354957510/?mibextid=rS40aB7S9Ucbxw6v"
"""MARCOS SINGILIN, DUTERTE PANAGUTIN"" -- KABATAAN PARTY-LIST REP. RENEE CO SA MAANOMALIYA NGA FLOOD CONTROL PROJECTS 

BY: LHEY ANN ALAYON | September 21, 2025
Video courtesy: Newswatch

Ginpangunahan ni Kabataan Party-list Rep. Renee Co ang pagsinggitan sang ""Marcos Singilin, Duterte Panagutin"" sa rally sa Luneta subong nga aga. 

#AksyonRadyoIloilo",,"Ngaa kon mag irinaway kamo,ibalik sang kawatang ang kinawatan nila?Ahay hipos ka nalang.","0","https://www.facebook.com/100064669725059/posts/1272081354957510/?mibextid=rS40aB7S9Ucbxw6v"
"""MARCOS SINGILIN, DUTERTE PANAGUTIN"" -- KABATAAN PARTY-LIST REP. RENEE CO SA MAANOMALIYA NGA FLOOD CONTROL PROJECTS 

BY: LHEY ANN ALAYON | September 21, 2025
Video courtesy: Newswatch

Ginpangunahan ni Kabataan Party-list Rep. Renee Co ang pagsinggitan sang ""Marcos Singilin, Duterte Panagutin"" sa rally sa Luneta subong nga aga. 

#AksyonRadyoIloilo",,"Binul og nga rally","4","https://www.facebook.com/100064669725059/posts/1272081354957510/?mibextid=rS40aB7S9Ucbxw6v"
"""MARCOS SINGILIN, DUTERTE PANAGUTIN"" -- KABATAAN PARTY-LIST REP. RENEE CO SA MAANOMALIYA NGA FLOOD CONTROL PROJECTS 

BY: LHEY ANN ALAYON | September 21, 2025
Video courtesy: Newswatch

Ginpangunahan ni Kabataan Party-list Rep. Renee Co ang pagsinggitan sang ""Marcos Singilin, Duterte Panagutin"" sa rally sa Luneta subong nga aga. 

#AksyonRadyoIloilo",,"KABATAAN party-List MGA Gung-gung MGA Puppet🤣dpt SA mga to wag Ng pababain Ng Syudad,MamuNdok nalang kau KABATAAN-PARTY LIST🖕🖕🖕","0","https://www.facebook.com/100064669725059/posts/1272081354957510/?mibextid=rS40aB7S9Ucbxw6v"
"""MARCOS SINGILIN, DUTERTE PANAGUTIN"" -- KABATAAN PARTY-LIST REP. RENEE CO SA MAANOMALIYA NGA FLOOD CONTROL PROJECTS 

BY: LHEY ANN ALAYON | September 21, 2025
Video courtesy: Newswatch

Ginpangunahan ni Kabataan Party-list Rep. Renee Co ang pagsinggitan sang ""Marcos Singilin, Duterte Panagutin"" sa rally sa Luneta subong nga aga. 

#AksyonRadyoIloilo",,"Ha ha ha Pila bayad sa inyo?","0","https://www.facebook.com/100064669725059/posts/1272081354957510/?mibextid=rS40aB7S9Ucbxw6v"
"""MARCOS SINGILIN, DUTERTE PANAGUTIN"" -- KABATAAN PARTY-LIST REP. RENEE CO SA MAANOMALIYA NGA FLOOD CONTROL PROJECTS 

BY: LHEY ANN ALAYON | September 21, 2025
Video courtesy: Newswatch

Ginpangunahan ni Kabataan Party-list Rep. Renee Co ang pagsinggitan sang ""Marcos Singilin, Duterte Panagutin"" sa rally sa Luneta subong nga aga. 

#AksyonRadyoIloilo",,"Yon Ang problima Ang sentro sang problima si Sara duterti mga Kasama nya sa pag nakaw yon sna Ang tama","0","https://www.facebook.com/100064669725059/posts/1272081354957510/?mibextid=rS40aB7S9Ucbxw6v"
"""MARCOS SINGILIN, DUTERTE PANAGUTIN"" -- KABATAAN PARTY-LIST REP. RENEE CO SA MAANOMALIYA NGA FLOOD CONTROL PROJECTS 

BY: LHEY ANN ALAYON | September 21, 2025
Video courtesy: Newswatch

Ginpangunahan ni Kabataan Party-list Rep. Renee Co ang pagsinggitan sang ""Marcos Singilin, Duterte Panagutin"" sa rally sa Luneta subong nga aga. 

#AksyonRadyoIloilo",,"mga ,👹👹👹","0","https://www.facebook.com/100064669725059/posts/1272081354957510/?mibextid=rS40aB7S9Ucbxw6v"
"""MARCOS SINGILIN, DUTERTE PANAGUTIN"" -- KABATAAN PARTY-LIST REP. RENEE CO SA MAANOMALIYA NGA FLOOD CONTROL PROJECTS 

BY: LHEY ANN ALAYON | September 21, 2025
Video courtesy: Newswatch

Ginpangunahan ni Kabataan Party-list Rep. Renee Co ang pagsinggitan sang ""Marcos Singilin, Duterte Panagutin"" sa rally sa Luneta subong nga aga. 

#AksyonRadyoIloilo",,"Sana. Bahain KAYO Jan at mangamatay","0","https://www.facebook.com/100064669725059/posts/1272081354957510/?mibextid=rS40aB7S9Ucbxw6v"
"""MARCOS SINGILIN, DUTERTE PANAGUTIN"" -- KABATAAN PARTY-LIST REP. RENEE CO SA MAANOMALIYA NGA FLOOD CONTROL PROJECTS 

BY: LHEY ANN ALAYON | September 21, 2025
Video courtesy: Newswatch

Ginpangunahan ni Kabataan Party-list Rep. Renee Co ang pagsinggitan sang ""Marcos Singilin, Duterte Panagutin"" sa rally sa Luneta subong nga aga. 

#AksyonRadyoIloilo",,"Du30 kami tunay pres.","0","https://www.facebook.com/100064669725059/posts/1272081354957510/?mibextid=rS40aB7S9Ucbxw6v"
"""MARCOS SINGILIN, DUTERTE PANAGUTIN"" -- KABATAAN PARTY-LIST REP. RENEE CO SA MAANOMALIYA NGA FLOOD CONTROL PROJECTS 

BY: LHEY ANN ALAYON | September 21, 2025
Video courtesy: Newswatch

Ginpangunahan ni Kabataan Party-list Rep. Renee Co ang pagsinggitan sang ""Marcos Singilin, Duterte Panagutin"" sa rally sa Luneta subong nga aga. 

#AksyonRadyoIloilo",,"Mga buang mo si duterte na ka kulong na pero ang sigaw ng mga NPA duterte PARIN,, anong klase pag iisip ng mga NPA nato,,,","1","https://www.facebook.com/100064669725059/posts/1272081354957510/?mibextid=rS40aB7S9Ucbxw6v"
"""MARCOS SINGILIN, DUTERTE PANAGUTIN"" -- KABATAAN PARTY-LIST REP. RENEE CO SA MAANOMALIYA NGA FLOOD CONTROL PROJECTS 

BY: LHEY ANN ALAYON | September 21, 2025
Video courtesy: Newswatch

Ginpangunahan ni Kabataan Party-list Rep. Renee Co ang pagsinggitan sang ""Marcos Singilin, Duterte Panagutin"" sa rally sa Luneta subong nga aga. 

#AksyonRadyoIloilo",,"Dapat ang isigaw isauli ni zaldy co at rumualdez ang kinurakot na pera pinabili pa nila ng plane ang pera ng bayan mahiya naman sila","0","https://www.facebook.com/100064669725059/posts/1272081354957510/?mibextid=rS40aB7S9Ucbxw6v"
"""MARCOS SINGILIN, DUTERTE PANAGUTIN"" -- KABATAAN PARTY-LIST REP. RENEE CO SA MAANOMALIYA NGA FLOOD CONTROL PROJECTS 

BY: LHEY ANN ALAYON | September 21, 2025
Video courtesy: Newswatch

Ginpangunahan ni Kabataan Party-list Rep. Renee Co ang pagsinggitan sang ""Marcos Singilin, Duterte Panagutin"" sa rally sa Luneta subong nga aga. 

#AksyonRadyoIloilo",,"Daming umiiyak hindi kasi nagaayon sa kanila ganin din sa kabila","0","https://www.facebook.com/100064669725059/posts/1272081354957510/?mibextid=rS40aB7S9Ucbxw6v"
"""MARCOS SINGILIN, DUTERTE PANAGUTIN"" -- KABATAAN PARTY-LIST REP. RENEE CO SA MAANOMALIYA NGA FLOOD CONTROL PROJECTS 

BY: LHEY ANN ALAYON | September 21, 2025
Video courtesy: Newswatch

Ginpangunahan ni Kabataan Party-list Rep. Renee Co ang pagsinggitan sang ""Marcos Singilin, Duterte Panagutin"" sa rally sa Luneta subong nga aga. 

#AksyonRadyoIloilo",,"Pakana Ng makakaliwA Yan..","0","https://www.facebook.com/100064669725059/posts/1272081354957510/?mibextid=rS40aB7S9Ucbxw6v"
"""MARCOS SINGILIN, DUTERTE PANAGUTIN"" -- KABATAAN PARTY-LIST REP. RENEE CO SA MAANOMALIYA NGA FLOOD CONTROL PROJECTS 

BY: LHEY ANN ALAYON | September 21, 2025
Video courtesy: Newswatch

Ginpangunahan ni Kabataan Party-list Rep. Renee Co ang pagsinggitan sang ""Marcos Singilin, Duterte Panagutin"" sa rally sa Luneta subong nga aga. 

#AksyonRadyoIloilo",,"Kulot salot...NPA","0","https://www.facebook.com/100064669725059/posts/1272081354957510/?mibextid=rS40aB7S9Ucbxw6v"
"""MARCOS SINGILIN, DUTERTE PANAGUTIN"" -- KABATAAN PARTY-LIST REP. RENEE CO SA MAANOMALIYA NGA FLOOD CONTROL PROJECTS 

BY: LHEY ANN ALAYON | September 21, 2025
Video courtesy: Newswatch

Ginpangunahan ni Kabataan Party-list Rep. Renee Co ang pagsinggitan sang ""Marcos Singilin, Duterte Panagutin"" sa rally sa Luneta subong nga aga. 

#AksyonRadyoIloilo",,"Ara na naman ya mga nipanipa nag wangal naman","0","https://www.facebook.com/100064669725059/posts/1272081354957510/?mibextid=rS40aB7S9Ucbxw6v"
"""MARCOS SINGILIN, DUTERTE PANAGUTIN"" -- KABATAAN PARTY-LIST REP. RENEE CO SA MAANOMALIYA NGA FLOOD CONTROL PROJECTS 

BY: LHEY ANN ALAYON | September 21, 2025
Video courtesy: Newswatch

Ginpangunahan ni Kabataan Party-list Rep. Renee Co ang pagsinggitan sang ""Marcos Singilin, Duterte Panagutin"" sa rally sa Luneta subong nga aga. 

#AksyonRadyoIloilo",,"Pampa gulo walang dereksyon","0","https://www.facebook.com/100064669725059/posts/1272081354957510/?mibextid=rS40aB7S9Ucbxw6v"
"""MARCOS SINGILIN, DUTERTE PANAGUTIN"" -- KABATAAN PARTY-LIST REP. RENEE CO SA MAANOMALIYA NGA FLOOD CONTROL PROJECTS 

BY: LHEY ANN ALAYON | September 21, 2025
Video courtesy: Newswatch

Ginpangunahan ni Kabataan Party-list Rep. Renee Co ang pagsinggitan sang ""Marcos Singilin, Duterte Panagutin"" sa rally sa Luneta subong nga aga. 

#AksyonRadyoIloilo",,"yodi kangaroo ka!
puro ka pabilib, wala kapang pinatunayan ogok…🔥","1","https://www.facebook.com/100064669725059/posts/1272081354957510/?mibextid=rS40aB7S9Ucbxw6v"
"""MARCOS SINGILIN, DUTERTE PANAGUTIN"" -- KABATAAN PARTY-LIST REP. RENEE CO SA MAANOMALIYA NGA FLOOD CONTROL PROJECTS 

BY: LHEY ANN ALAYON | September 21, 2025
Video courtesy: Newswatch

Ginpangunahan ni Kabataan Party-list Rep. Renee Co ang pagsinggitan sang ""Marcos Singilin, Duterte Panagutin"" sa rally sa Luneta subong nga aga. 

#AksyonRadyoIloilo",,"Mga buang,NPA hindi pag asa  ng Bayan.","3","https://www.facebook.com/100064669725059/posts/1272081354957510/?mibextid=rS40aB7S9Ucbxw6v"
"""MARCOS SINGILIN, DUTERTE PANAGUTIN"" -- KABATAAN PARTY-LIST REP. RENEE CO SA MAANOMALIYA NGA FLOOD CONTROL PROJECTS 

BY: LHEY ANN ALAYON | September 21, 2025
Video courtesy: Newswatch

Ginpangunahan ni Kabataan Party-list Rep. Renee Co ang pagsinggitan sang ""Marcos Singilin, Duterte Panagutin"" sa rally sa Luneta subong nga aga. 

#AksyonRadyoIloilo",,"8080 kasi yan si sotto senate pres ka pala noong time ni digong at dami mong alam sa anumalya bakit di mo siniwalat noon bakit duwag ka bah kung duwag ka di ka nababagay na maging senate press at alam mo sa sarili mp komedyante ka hindi ka abogado mahiya ka naman","0","https://www.facebook.com/100064669725059/posts/1272081354957510/?mibextid=rS40aB7S9Ucbxw6v"
"""MARCOS SINGILIN, DUTERTE PANAGUTIN"" -- KABATAAN PARTY-LIST REP. RENEE CO SA MAANOMALIYA NGA FLOOD CONTROL PROJECTS 

BY: LHEY ANN ALAYON | September 21, 2025
Video courtesy: Newswatch

Ginpangunahan ni Kabataan Party-list Rep. Renee Co ang pagsinggitan sang ""Marcos Singilin, Duterte Panagutin"" sa rally sa Luneta subong nga aga. 

#AksyonRadyoIloilo",,"No to marcos -duterte malas sa gobyerno","0","https://www.facebook.com/100064669725059/posts/1272081354957510/?mibextid=rS40aB7S9Ucbxw6v"
"""MARCOS SINGILIN, DUTERTE PANAGUTIN"" -- KABATAAN PARTY-LIST REP. RENEE CO SA MAANOMALIYA NGA FLOOD CONTROL PROJECTS 

BY: LHEY ANN ALAYON | September 21, 2025
Video courtesy: Newswatch

Ginpangunahan ni Kabataan Party-list Rep. Renee Co ang pagsinggitan sang ""Marcos Singilin, Duterte Panagutin"" sa rally sa Luneta subong nga aga. 

#AksyonRadyoIloilo",,"Tanga mo Co","0","https://www.facebook.com/100064669725059/posts/1272081354957510/?mibextid=rS40aB7S9Ucbxw6v"
"""MARCOS SINGILIN, DUTERTE PANAGUTIN"" -- KABATAAN PARTY-LIST REP. RENEE CO SA MAANOMALIYA NGA FLOOD CONTROL PROJECTS 

BY: LHEY ANN ALAYON | September 21, 2025
Video courtesy: Newswatch

Ginpangunahan ni Kabataan Party-list Rep. Renee Co ang pagsinggitan sang ""Marcos Singilin, Duterte Panagutin"" sa rally sa Luneta subong nga aga. 

#AksyonRadyoIloilo",,"Huy mnga piniste kamu c Duterte adto na sa icc idamay nyu pa ..","0","https://www.facebook.com/100064669725059/posts/1272081354957510/?mibextid=rS40aB7S9Ucbxw6v"
"""MARCOS SINGILIN, DUTERTE PANAGUTIN"" -- KABATAAN PARTY-LIST REP. RENEE CO SA MAANOMALIYA NGA FLOOD CONTROL PROJECTS 

BY: LHEY ANN ALAYON | September 21, 2025
Video courtesy: Newswatch

Ginpangunahan ni Kabataan Party-list Rep. Renee Co ang pagsinggitan sang ""Marcos Singilin, Duterte Panagutin"" sa rally sa Luneta subong nga aga. 

#AksyonRadyoIloilo",,"Sasali sa rally dinaman alam adhikain  basta kumita lang","0","https://www.facebook.com/100064669725059/posts/1272081354957510/?mibextid=rS40aB7S9Ucbxw6v"
"""MARCOS SINGILIN, DUTERTE PANAGUTIN"" -- KABATAAN PARTY-LIST REP. RENEE CO SA MAANOMALIYA NGA FLOOD CONTROL PROJECTS 

BY: LHEY ANN ALAYON | September 21, 2025
Video courtesy: Newswatch

Ginpangunahan ni Kabataan Party-list Rep. Renee Co ang pagsinggitan sang ""Marcos Singilin, Duterte Panagutin"" sa rally sa Luneta subong nga aga. 

#AksyonRadyoIloilo",,"MGA HUNGHANG.","0","https://www.facebook.com/100064669725059/posts/1272081354957510/?mibextid=rS40aB7S9Ucbxw6v"
"""MARCOS SINGILIN, DUTERTE PANAGUTIN"" -- KABATAAN PARTY-LIST REP. RENEE CO SA MAANOMALIYA NGA FLOOD CONTROL PROJECTS 

BY: LHEY ANN ALAYON | September 21, 2025
Video courtesy: Newswatch

Ginpangunahan ni Kabataan Party-list Rep. Renee Co ang pagsinggitan sang ""Marcos Singilin, Duterte Panagutin"" sa rally sa Luneta subong nga aga. 

#AksyonRadyoIloilo",,"wala pulos nga rally 😆","1","https://www.facebook.com/100064669725059/posts/1272081354957510/?mibextid=rS40aB7S9Ucbxw6v"
"""MARCOS SINGILIN, DUTERTE PANAGUTIN"" -- KABATAAN PARTY-LIST REP. RENEE CO SA MAANOMALIYA NGA FLOOD CONTROL PROJECTS 

BY: LHEY ANN ALAYON | September 21, 2025
Video courtesy: Newswatch

Ginpangunahan ni Kabataan Party-list Rep. Renee Co ang pagsinggitan sang ""Marcos Singilin, Duterte Panagutin"" sa rally sa Luneta subong nga aga. 

#AksyonRadyoIloilo",,"Hahaha hanapin nyo c zaldy co","0","https://www.facebook.com/100064669725059/posts/1272081354957510/?mibextid=rS40aB7S9Ucbxw6v"
"""MARCOS SINGILIN, DUTERTE PANAGUTIN"" -- KABATAAN PARTY-LIST REP. RENEE CO SA MAANOMALIYA NGA FLOOD CONTROL PROJECTS 

BY: LHEY ANN ALAYON | September 21, 2025
Video courtesy: Newswatch

Ginpangunahan ni Kabataan Party-list Rep. Renee Co ang pagsinggitan sang ""Marcos Singilin, Duterte Panagutin"" sa rally sa Luneta subong nga aga. 

#AksyonRadyoIloilo",,"Ask ko bakit duterte panagutin. Hahhaha daw bbm man subong ang president.","2","https://www.facebook.com/100064669725059/posts/1272081354957510/?mibextid=rS40aB7S9Ucbxw6v"
"""MARCOS SINGILIN, DUTERTE PANAGUTIN"" -- KABATAAN PARTY-LIST REP. RENEE CO SA MAANOMALIYA NGA FLOOD CONTROL PROJECTS 

BY: LHEY ANN ALAYON | September 21, 2025
Video courtesy: Newswatch

Ginpangunahan ni Kabataan Party-list Rep. Renee Co ang pagsinggitan sang ""Marcos Singilin, Duterte Panagutin"" sa rally sa Luneta subong nga aga. 

#AksyonRadyoIloilo",,"Poink","0","https://www.facebook.com/100064669725059/posts/1272081354957510/?mibextid=rS40aB7S9Ucbxw6v"
"""MARCOS SINGILIN, DUTERTE PANAGUTIN"" -- KABATAAN PARTY-LIST REP. RENEE CO SA MAANOMALIYA NGA FLOOD CONTROL PROJECTS 

BY: LHEY ANN ALAYON | September 21, 2025
Video courtesy: Newswatch

Ginpangunahan ni Kabataan Party-list Rep. Renee Co ang pagsinggitan sang ""Marcos Singilin, Duterte Panagutin"" sa rally sa Luneta subong nga aga. 

#AksyonRadyoIloilo",,"Pauwin nyo Ang Parente mo na c Zaldy Co para pasagutin ng ninakaw nila ni Martin Romualdes at e abolish Ang party list ky sayang Ang pera ng taongbayan .","0","https://www.facebook.com/100064669725059/posts/1272081354957510/?mibextid=rS40aB7S9Ucbxw6v"
"""MARCOS SINGILIN, DUTERTE PANAGUTIN"" -- KABATAAN PARTY-LIST REP. RENEE CO SA MAANOMALIYA NGA FLOOD CONTROL PROJECTS 

BY: LHEY ANN ALAYON | September 21, 2025
Video courtesy: Newswatch

Ginpangunahan ni Kabataan Party-list Rep. Renee Co ang pagsinggitan sang ""Marcos Singilin, Duterte Panagutin"" sa rally sa Luneta subong nga aga. 

#AksyonRadyoIloilo",,"puli ka kamo to korapsyon hindi kong ano ano ginahambal mo da mga buwaya isigaw moda tulog to.","0","https://www.facebook.com/100064669725059/posts/1272081354957510/?mibextid=rS40aB7S9Ucbxw6v"
"""MARCOS SINGILIN, DUTERTE PANAGUTIN"" -- KABATAAN PARTY-LIST REP. RENEE CO SA MAANOMALIYA NGA FLOOD CONTROL PROJECTS 

BY: LHEY ANN ALAYON | September 21, 2025
Video courtesy: Newswatch

Ginpangunahan ni Kabataan Party-list Rep. Renee Co ang pagsinggitan sang ""Marcos Singilin, Duterte Panagutin"" sa rally sa Luneta subong nga aga. 

#AksyonRadyoIloilo",,"Hindi na mga rallyista itong mga ito!!! Mga terrorita na ang mga yan pakawala ng mga dutae!!! Arrestuhin lahat ang mga yan. Saan na si Mayor Isko? Yan gulo dyan sa maynila ayusin nyo po yan asap!!!! Kaya mo linisin ang mga kalye, siguro naman kaya mo linisin at pigilan ang gulong ito sa mediola!!!! Nakakahiya!!!! 😡😡😡😡😡","0","https://www.facebook.com/100064669725059/posts/1272081354957510/?mibextid=rS40aB7S9Ucbxw6v"
"""MARCOS SINGILIN, DUTERTE PANAGUTIN"" -- KABATAAN PARTY-LIST REP. RENEE CO SA MAANOMALIYA NGA FLOOD CONTROL PROJECTS 

BY: LHEY ANN ALAYON | September 21, 2025
Video courtesy: Newswatch

Ginpangunahan ni Kabataan Party-list Rep. Renee Co ang pagsinggitan sang ""Marcos Singilin, Duterte Panagutin"" sa rally sa Luneta subong nga aga. 

#AksyonRadyoIloilo",,"Mga ogok..te sin o Naman papungku,on nyo?","0","https://www.facebook.com/100064669725059/posts/1272081354957510/?mibextid=rS40aB7S9Ucbxw6v"
"""MARCOS SINGILIN, DUTERTE PANAGUTIN"" -- KABATAAN PARTY-LIST REP. RENEE CO SA MAANOMALIYA NGA FLOOD CONTROL PROJECTS 

BY: LHEY ANN ALAYON | September 21, 2025
Video courtesy: Newswatch

Ginpangunahan ni Kabataan Party-list Rep. Renee Co ang pagsinggitan sang ""Marcos Singilin, Duterte Panagutin"" sa rally sa Luneta subong nga aga. 

#AksyonRadyoIloilo",,"SA umulan Ng malakas,para tumigil na sila,ang ingay nio","0","https://www.facebook.com/100064669725059/posts/1272081354957510/?mibextid=rS40aB7S9Ucbxw6v"
"""MARCOS SINGILIN, DUTERTE PANAGUTIN"" -- KABATAAN PARTY-LIST REP. RENEE CO SA MAANOMALIYA NGA FLOOD CONTROL PROJECTS 

BY: LHEY ANN ALAYON | September 21, 2025
Video courtesy: Newswatch

Ginpangunahan ni Kabataan Party-list Rep. Renee Co ang pagsinggitan sang ""Marcos Singilin, Duterte Panagutin"" sa rally sa Luneta subong nga aga. 

#AksyonRadyoIloilo",,"Partylist sabad2 lang ni ya😂","0","https://www.facebook.com/100064669725059/posts/1272081354957510/?mibextid=rS40aB7S9Ucbxw6v"
"""MARCOS SINGILIN, DUTERTE PANAGUTIN"" -- KABATAAN PARTY-LIST REP. RENEE CO SA MAANOMALIYA NGA FLOOD CONTROL PROJECTS 

BY: LHEY ANN ALAYON | September 21, 2025
Video courtesy: Newswatch

Ginpangunahan ni Kabataan Party-list Rep. Renee Co ang pagsinggitan sang ""Marcos Singilin, Duterte Panagutin"" sa rally sa Luneta subong nga aga. 

#AksyonRadyoIloilo",,"Duterte panagutin sa icc, sara ituloy impeachment.","0","https://www.facebook.com/100064669725059/posts/1272081354957510/?mibextid=rS40aB7S9Ucbxw6v"
"""MARCOS SINGILIN, DUTERTE PANAGUTIN"" -- KABATAAN PARTY-LIST REP. RENEE CO SA MAANOMALIYA NGA FLOOD CONTROL PROJECTS 

BY: LHEY ANN ALAYON | September 21, 2025
Video courtesy: Newswatch

Ginpangunahan ni Kabataan Party-list Rep. Renee Co ang pagsinggitan sang ""Marcos Singilin, Duterte Panagutin"" sa rally sa Luneta subong nga aga. 

#AksyonRadyoIloilo",,"Ay bobo...andun c prrd sa icc...korupyon sa fc ang dapat ipagrally nyo...mga bobo.","0","https://www.facebook.com/100064669725059/posts/1272081354957510/?mibextid=rS40aB7S9Ucbxw6v"
"""MARCOS SINGILIN, DUTERTE PANAGUTIN"" -- KABATAAN PARTY-LIST REP. RENEE CO SA MAANOMALIYA NGA FLOOD CONTROL PROJECTS 

BY: LHEY ANN ALAYON | September 21, 2025
Video courtesy: Newswatch

Ginpangunahan ni Kabataan Party-list Rep. Renee Co ang pagsinggitan sang ""Marcos Singilin, Duterte Panagutin"" sa rally sa Luneta subong nga aga. 

#AksyonRadyoIloilo",,"Mga kabataan na  hindi am ang ipinag lalaban basta lang sumama sa mga ayaw sa d30","0","https://www.facebook.com/100064669725059/posts/1272081354957510/?mibextid=rS40aB7S9Ucbxw6v"
"""MARCOS SINGILIN, DUTERTE PANAGUTIN"" -- KABATAAN PARTY-LIST REP. RENEE CO SA MAANOMALIYA NGA FLOOD CONTROL PROJECTS 

BY: LHEY ANN ALAYON | September 21, 2025
Video courtesy: Newswatch

Ginpangunahan ni Kabataan Party-list Rep. Renee Co ang pagsinggitan sang ""Marcos Singilin, Duterte Panagutin"" sa rally sa Luneta subong nga aga. 

#AksyonRadyoIloilo",,"Pati d2 sa rally malamang may kumita na nman.d2 jajaja","0","https://www.facebook.com/100064669725059/posts/1272081354957510/?mibextid=rS40aB7S9Ucbxw6v"
"""MARCOS SINGILIN, DUTERTE PANAGUTIN"" -- KABATAAN PARTY-LIST REP. RENEE CO SA MAANOMALIYA NGA FLOOD CONTROL PROJECTS 

BY: LHEY ANN ALAYON | September 21, 2025
Video courtesy: Newswatch

Ginpangunahan ni Kabataan Party-list Rep. Renee Co ang pagsinggitan sang ""Marcos Singilin, Duterte Panagutin"" sa rally sa Luneta subong nga aga. 

#AksyonRadyoIloilo",,"Noong una sapanahon ni marcos sr. Ng kaisa mga tao mg rally na patalsikin si marcos... matibay ang pg rally dati... ngayon iba2x ang ipinaglaban.. pa resign si marcos.. pangurin ang d30.. sn sa kabila corruption  ano ba talaga ang ipinaglalaban nnyo sa rally dapat mgkaisa kyo.... kasi bayaran ang kabilng groupo","0","https://www.facebook.com/100064669725059/posts/1272081354957510/?mibextid=rS40aB7S9Ucbxw6v"
"""MARCOS SINGILIN, DUTERTE PANAGUTIN"" -- KABATAAN PARTY-LIST REP. RENEE CO SA MAANOMALIYA NGA FLOOD CONTROL PROJECTS 

BY: LHEY ANN ALAYON | September 21, 2025
Video courtesy: Newswatch

Ginpangunahan ni Kabataan Party-list Rep. Renee Co ang pagsinggitan sang ""Marcos Singilin, Duterte Panagutin"" sa rally sa Luneta subong nga aga. 

#AksyonRadyoIloilo",,"C marcos ang pumirma ng budget. C Zaldo Co at Romualdez ang pinangalan ng mga contractror pero c Sara Duterte ang dapat managot? Lol. Sasama na sana ako sa rally nyo pero wag nlng. Hahaha","0","https://www.facebook.com/100064669725059/posts/1272081354957510/?mibextid=rS40aB7S9Ucbxw6v"
"""MARCOS SINGILIN, DUTERTE PANAGUTIN"" -- KABATAAN PARTY-LIST REP. RENEE CO SA MAANOMALIYA NGA FLOOD CONTROL PROJECTS 

BY: LHEY ANN ALAYON | September 21, 2025
Video courtesy: Newswatch

Ginpangunahan ni Kabataan Party-list Rep. Renee Co ang pagsinggitan sang ""Marcos Singilin, Duterte Panagutin"" sa rally sa Luneta subong nga aga. 

#AksyonRadyoIloilo",,"Kahit anong gawin niyo duterte parin kmi.","0","https://www.facebook.com/100064669725059/posts/1272081354957510/?mibextid=rS40aB7S9Ucbxw6v"
"""MARCOS SINGILIN, DUTERTE PANAGUTIN"" -- KABATAAN PARTY-LIST REP. RENEE CO SA MAANOMALIYA NGA FLOOD CONTROL PROJECTS 

BY: LHEY ANN ALAYON | September 21, 2025
Video courtesy: Newswatch

Ginpangunahan ni Kabataan Party-list Rep. Renee Co ang pagsinggitan sang ""Marcos Singilin, Duterte Panagutin"" sa rally sa Luneta subong nga aga. 

#AksyonRadyoIloilo",,"Mga buang 2na mga otaw","0","https://www.facebook.com/100064669725059/posts/1272081354957510/?mibextid=rS40aB7S9Ucbxw6v"
"""MARCOS SINGILIN, DUTERTE PANAGUTIN"" -- KABATAAN PARTY-LIST REP. RENEE CO SA MAANOMALIYA NGA FLOOD CONTROL PROJECTS 

BY: LHEY ANN ALAYON | September 21, 2025
Video courtesy: Newswatch

Ginpangunahan ni Kabataan Party-list Rep. Renee Co ang pagsinggitan sang ""Marcos Singilin, Duterte Panagutin"" sa rally sa Luneta subong nga aga. 

#AksyonRadyoIloilo",,"Hahaha Duterte pa rin mamatay kau sa inis","0","https://www.facebook.com/100064669725059/posts/1272081354957510/?mibextid=rS40aB7S9Ucbxw6v"
"""MARCOS SINGILIN, DUTERTE PANAGUTIN"" -- KABATAAN PARTY-LIST REP. RENEE CO SA MAANOMALIYA NGA FLOOD CONTROL PROJECTS 

BY: LHEY ANN ALAYON | September 21, 2025
Video courtesy: Newswatch

Ginpangunahan ni Kabataan Party-list Rep. Renee Co ang pagsinggitan sang ""Marcos Singilin, Duterte Panagutin"" sa rally sa Luneta subong nga aga. 

#AksyonRadyoIloilo",,"Basta radyo budyong","0","https://www.facebook.com/100064669725059/posts/1272081354957510/?mibextid=rS40aB7S9Ucbxw6v"
"""MARCOS SINGILIN, DUTERTE PANAGUTIN"" -- KABATAAN PARTY-LIST REP. RENEE CO SA MAANOMALIYA NGA FLOOD CONTROL PROJECTS 

BY: LHEY ANN ALAYON | September 21, 2025
Video courtesy: Newswatch

Ginpangunahan ni Kabataan Party-list Rep. Renee Co ang pagsinggitan sang ""Marcos Singilin, Duterte Panagutin"" sa rally sa Luneta subong nga aga. 

#AksyonRadyoIloilo",,"Ang dami nila mga 1k lang naman","0","https://www.facebook.com/100064669725059/posts/1272081354957510/?mibextid=rS40aB7S9Ucbxw6v"
"""MARCOS SINGILIN, DUTERTE PANAGUTIN"" -- KABATAAN PARTY-LIST REP. RENEE CO SA MAANOMALIYA NGA FLOOD CONTROL PROJECTS 

BY: LHEY ANN ALAYON | September 21, 2025
Video courtesy: Newswatch

Ginpangunahan ni Kabataan Party-list Rep. Renee Co ang pagsinggitan sang ""Marcos Singilin, Duterte Panagutin"" sa rally sa Luneta subong nga aga. 

#AksyonRadyoIloilo",,"Sumakay lang,pero duterte ang puntrya..","0","https://www.facebook.com/100064669725059/posts/1272081354957510/?mibextid=rS40aB7S9Ucbxw6v"
"""MARCOS SINGILIN, DUTERTE PANAGUTIN"" -- KABATAAN PARTY-LIST REP. RENEE CO SA MAANOMALIYA NGA FLOOD CONTROL PROJECTS 

BY: LHEY ANN ALAYON | September 21, 2025
Video courtesy: Newswatch

Ginpangunahan ni Kabataan Party-list Rep. Renee Co ang pagsinggitan sang ""Marcos Singilin, Duterte Panagutin"" sa rally sa Luneta subong nga aga. 

#AksyonRadyoIloilo",,"alam na to kung sino mga to.. 🤣🤣 takot cla pg c Marcos mapababa ksi alam nila c vp sarah papalit liliit naman ang mundo nila","0","https://www.facebook.com/100064669725059/posts/1272081354957510/?mibextid=rS40aB7S9Ucbxw6v"
"""MARCOS SINGILIN, DUTERTE PANAGUTIN"" -- KABATAAN PARTY-LIST REP. RENEE CO SA MAANOMALIYA NGA FLOOD CONTROL PROJECTS 

BY: LHEY ANN ALAYON | September 21, 2025
Video courtesy: Newswatch

Ginpangunahan ni Kabataan Party-list Rep. Renee Co ang pagsinggitan sang ""Marcos Singilin, Duterte Panagutin"" sa rally sa Luneta subong nga aga. 

#AksyonRadyoIloilo",,"Ano labot ni Duterte sa corrupt,,basula nyo c romualdez kg c Co..hahahha amo na nga gapigado nlng ang pigado,cla ya ga mangaranon nlng gd.","0","https://www.facebook.com/100064669725059/posts/1272081354957510/?mibextid=rS40aB7S9Ucbxw6v"
"""MARCOS SINGILIN, DUTERTE PANAGUTIN"" -- KABATAAN PARTY-LIST REP. RENEE CO SA MAANOMALIYA NGA FLOOD CONTROL PROJECTS 

BY: LHEY ANN ALAYON | September 21, 2025
Video courtesy: Newswatch

Ginpangunahan ni Kabataan Party-list Rep. Renee Co ang pagsinggitan sang ""Marcos Singilin, Duterte Panagutin"" sa rally sa Luneta subong nga aga. 

#AksyonRadyoIloilo",,"Buaya sa House of Representative ipakulong na rin.","0","https://www.facebook.com/100064669725059/posts/1272081354957510/?mibextid=rS40aB7S9Ucbxw6v"
"""MARCOS SINGILIN, DUTERTE PANAGUTIN"" -- KABATAAN PARTY-LIST REP. RENEE CO SA MAANOMALIYA NGA FLOOD CONTROL PROJECTS 

BY: LHEY ANN ALAYON | September 21, 2025
Video courtesy: Newswatch

Ginpangunahan ni Kabataan Party-list Rep. Renee Co ang pagsinggitan sang ""Marcos Singilin, Duterte Panagutin"" sa rally sa Luneta subong nga aga. 

#AksyonRadyoIloilo",,"Kabataan Party list panggulo! Panggulo!!!!","0","https://www.facebook.com/100064669725059/posts/1272081354957510/?mibextid=rS40aB7S9Ucbxw6v"
"""MARCOS SINGILIN, DUTERTE PANAGUTIN"" -- KABATAAN PARTY-LIST REP. RENEE CO SA MAANOMALIYA NGA FLOOD CONTROL PROJECTS 

BY: LHEY ANN ALAYON | September 21, 2025
Video courtesy: Newswatch

Ginpangunahan ni Kabataan Party-list Rep. Renee Co ang pagsinggitan sang ""Marcos Singilin, Duterte Panagutin"" sa rally sa Luneta subong nga aga. 

#AksyonRadyoIloilo",,"Daw ka mango auh Duterte panagotin nga na priso nato Gani daw ka aslo how🤨","0","https://www.facebook.com/100064669725059/posts/1272081354957510/?mibextid=rS40aB7S9Ucbxw6v"
"""MARCOS SINGILIN, DUTERTE PANAGUTIN"" -- KABATAAN PARTY-LIST REP. RENEE CO SA MAANOMALIYA NGA FLOOD CONTROL PROJECTS 

BY: LHEY ANN ALAYON | September 21, 2025
Video courtesy: Newswatch

Ginpangunahan ni Kabataan Party-list Rep. Renee Co ang pagsinggitan sang ""Marcos Singilin, Duterte Panagutin"" sa rally sa Luneta subong nga aga. 

#AksyonRadyoIloilo",,"Bakit c du30? Ung ng resign dyan kaagad cla ung dapat singilin cla ang dapat bigyan ng pansin..","0","https://www.facebook.com/100064669725059/posts/1272081354957510/?mibextid=rS40aB7S9Ucbxw6v"
"""MARCOS SINGILIN, DUTERTE PANAGUTIN"" -- KABATAAN PARTY-LIST REP. RENEE CO SA MAANOMALIYA NGA FLOOD CONTROL PROJECTS 

BY: LHEY ANN ALAYON | September 21, 2025
Video courtesy: Newswatch

Ginpangunahan ni Kabataan Party-list Rep. Renee Co ang pagsinggitan sang ""Marcos Singilin, Duterte Panagutin"" sa rally sa Luneta subong nga aga. 

#AksyonRadyoIloilo",,"Mga kabataan alamin ang pinaglalaban nyo.","0","https://www.facebook.com/100064669725059/posts/1272081354957510/?mibextid=rS40aB7S9Ucbxw6v"
"""MARCOS SINGILIN, DUTERTE PANAGUTIN"" -- KABATAAN PARTY-LIST REP. RENEE CO SA MAANOMALIYA NGA FLOOD CONTROL PROJECTS 

BY: LHEY ANN ALAYON | September 21, 2025
Video courtesy: Newswatch

Ginpangunahan ni Kabataan Party-list Rep. Renee Co ang pagsinggitan sang ""Marcos Singilin, Duterte Panagutin"" sa rally sa Luneta subong nga aga. 

#AksyonRadyoIloilo",,"Npa.. budgeted ng congress yan. Hnd toto ang sigaw nyan. Sailing agenda. Be a true pilipino. Buang oi","0","https://www.facebook.com/100064669725059/posts/1272081354957510/?mibextid=rS40aB7S9Ucbxw6v"
"""MARCOS SINGILIN, DUTERTE PANAGUTIN"" -- KABATAAN PARTY-LIST REP. RENEE CO SA MAANOMALIYA NGA FLOOD CONTROL PROJECTS 

BY: LHEY ANN ALAYON | September 21, 2025
Video courtesy: Newswatch

Ginpangunahan ni Kabataan Party-list Rep. Renee Co ang pagsinggitan sang ""Marcos Singilin, Duterte Panagutin"" sa rally sa Luneta subong nga aga. 

#AksyonRadyoIloilo",,"Puli na kamo kag mag tig ang","2","https://www.facebook.com/100064669725059/posts/1272081354957510/?mibextid=rS40aB7S9Ucbxw6v"
"""MARCOS SINGILIN, DUTERTE PANAGUTIN"" -- KABATAAN PARTY-LIST REP. RENEE CO SA MAANOMALIYA NGA FLOOD CONTROL PROJECTS 

BY: LHEY ANN ALAYON | September 21, 2025
Video courtesy: Newswatch

Ginpangunahan ni Kabataan Party-list Rep. Renee Co ang pagsinggitan sang ""Marcos Singilin, Duterte Panagutin"" sa rally sa Luneta subong nga aga. 

#AksyonRadyoIloilo",,"Nakikisakay na nman mga maka kaliwa. Ano kinalaman ni duterte sa flood control! Mga powtang uking nyo!","1","https://www.facebook.com/100064669725059/posts/1272081354957510/?mibextid=rS40aB7S9Ucbxw6v"
"""MARCOS SINGILIN, DUTERTE PANAGUTIN"" -- KABATAAN PARTY-LIST REP. RENEE CO SA MAANOMALIYA NGA FLOOD CONTROL PROJECTS 

BY: LHEY ANN ALAYON | September 21, 2025
Video courtesy: Newswatch

Ginpangunahan ni Kabataan Party-list Rep. Renee Co ang pagsinggitan sang ""Marcos Singilin, Duterte Panagutin"" sa rally sa Luneta subong nga aga. 

#AksyonRadyoIloilo",,"Sumasakay ang PNA sa mga dimonstrador pa marami sila BULOK na taktika...","0","https://www.facebook.com/100064669725059/posts/1272081354957510/?mibextid=rS40aB7S9Ucbxw6v"
"""MARCOS SINGILIN, DUTERTE PANAGUTIN"" -- KABATAAN PARTY-LIST REP. RENEE CO SA MAANOMALIYA NGA FLOOD CONTROL PROJECTS 

BY: LHEY ANN ALAYON | September 21, 2025
Video courtesy: Newswatch

Ginpangunahan ni Kabataan Party-list Rep. Renee Co ang pagsinggitan sang ""Marcos Singilin, Duterte Panagutin"" sa rally sa Luneta subong nga aga. 

#AksyonRadyoIloilo",,"Rally ni ká MgA kulang2","3","https://www.facebook.com/100064669725059/posts/1272081354957510/?mibextid=rS40aB7S9Ucbxw6v"
"""MARCOS SINGILIN, DUTERTE PANAGUTIN"" -- KABATAAN PARTY-LIST REP. RENEE CO SA MAANOMALIYA NGA FLOOD CONTROL PROJECTS 

BY: LHEY ANN ALAYON | September 21, 2025
Video courtesy: Newswatch

Ginpangunahan ni Kabataan Party-list Rep. Renee Co ang pagsinggitan sang ""Marcos Singilin, Duterte Panagutin"" sa rally sa Luneta subong nga aga. 

#AksyonRadyoIloilo",,"Mga bangag ito mga salot kau..","0","https://www.facebook.com/100064669725059/posts/1272081354957510/?mibextid=rS40aB7S9Ucbxw6v"
"""MARCOS SINGILIN, DUTERTE PANAGUTIN"" -- KABATAAN PARTY-LIST REP. RENEE CO SA MAANOMALIYA NGA FLOOD CONTROL PROJECTS 

BY: LHEY ANN ALAYON | September 21, 2025
Video courtesy: Newswatch

Ginpangunahan ni Kabataan Party-list Rep. Renee Co ang pagsinggitan sang ""Marcos Singilin, Duterte Panagutin"" sa rally sa Luneta subong nga aga. 

#AksyonRadyoIloilo",,"Tae ninyo 🤣🤣🤣🤣","0","https://www.facebook.com/100064669725059/posts/1272081354957510/?mibextid=rS40aB7S9Ucbxw6v"
"""MARCOS SINGILIN, DUTERTE PANAGUTIN"" -- KABATAAN PARTY-LIST REP. RENEE CO SA MAANOMALIYA NGA FLOOD CONTROL PROJECTS 

BY: LHEY ANN ALAYON | September 21, 2025
Video courtesy: Newswatch

Ginpangunahan ni Kabataan Party-list Rep. Renee Co ang pagsinggitan sang ""Marcos Singilin, Duterte Panagutin"" sa rally sa Luneta subong nga aga. 

#AksyonRadyoIloilo",,"Wahahaha iba agenda ng mga yan halatang mga mkakaliwang grupo🤣","0","https://www.facebook.com/100064669725059/posts/1272081354957510/?mibextid=rS40aB7S9Ucbxw6v"
"""MARCOS SINGILIN, DUTERTE PANAGUTIN"" -- KABATAAN PARTY-LIST REP. RENEE CO SA MAANOMALIYA NGA FLOOD CONTROL PROJECTS 

BY: LHEY ANN ALAYON | September 21, 2025
Video courtesy: Newswatch

Ginpangunahan ni Kabataan Party-list Rep. Renee Co ang pagsinggitan sang ""Marcos Singilin, Duterte Panagutin"" sa rally sa Luneta subong nga aga. 

#AksyonRadyoIloilo",,"Du30 pa rin","0","https://www.facebook.com/100064669725059/posts/1272081354957510/?mibextid=rS40aB7S9Ucbxw6v"
"""MARCOS SINGILIN, DUTERTE PANAGUTIN"" -- KABATAAN PARTY-LIST REP. RENEE CO SA MAANOMALIYA NGA FLOOD CONTROL PROJECTS 

BY: LHEY ANN ALAYON | September 21, 2025
Video courtesy: Newswatch

Ginpangunahan ni Kabataan Party-list Rep. Renee Co ang pagsinggitan sang ""Marcos Singilin, Duterte Panagutin"" sa rally sa Luneta subong nga aga. 

#AksyonRadyoIloilo",,"Bugok kayo si marcos ang paalisin","0","https://www.facebook.com/100064669725059/posts/1272081354957510/?mibextid=rS40aB7S9Ucbxw6v"
"""MARCOS SINGILIN, DUTERTE PANAGUTIN"" -- KABATAAN PARTY-LIST REP. RENEE CO SA MAANOMALIYA NGA FLOOD CONTROL PROJECTS 

BY: LHEY ANN ALAYON | September 21, 2025
Video courtesy: Newswatch

Ginpangunahan ni Kabataan Party-list Rep. Renee Co ang pagsinggitan sang ""Marcos Singilin, Duterte Panagutin"" sa rally sa Luneta subong nga aga. 

#AksyonRadyoIloilo",,"Amo ni Ang mga manog rally nga iya ni Marcos opod da si Riza into on pa ninyo Ang tao todohe singer laka tupa","1","https://www.facebook.com/100064669725059/posts/1272081354957510/?mibextid=rS40aB7S9Ucbxw6v"
"""MARCOS SINGILIN, DUTERTE PANAGUTIN"" -- KABATAAN PARTY-LIST REP. RENEE CO SA MAANOMALIYA NGA FLOOD CONTROL PROJECTS 

BY: LHEY ANN ALAYON | September 21, 2025
Video courtesy: Newswatch

Ginpangunahan ni Kabataan Party-list Rep. Renee Co ang pagsinggitan sang ""Marcos Singilin, Duterte Panagutin"" sa rally sa Luneta subong nga aga. 

#AksyonRadyoIloilo",,"Corrupt at drug addict lang ang takot sa mga Duterte","0","https://www.facebook.com/100064669725059/posts/1272081354957510/?mibextid=rS40aB7S9Ucbxw6v"
"""MARCOS SINGILIN, DUTERTE PANAGUTIN"" -- KABATAAN PARTY-LIST REP. RENEE CO SA MAANOMALIYA NGA FLOOD CONTROL PROJECTS 

BY: LHEY ANN ALAYON | September 21, 2025
Video courtesy: Newswatch

Ginpangunahan ni Kabataan Party-list Rep. Renee Co ang pagsinggitan sang ""Marcos Singilin, Duterte Panagutin"" sa rally sa Luneta subong nga aga. 

#AksyonRadyoIloilo",,"naga abay mo si duterte .ay maan lnag.ay karon","0","https://www.facebook.com/100064669725059/posts/1272081354957510/?mibextid=rS40aB7S9Ucbxw6v"
"""MARCOS SINGILIN, DUTERTE PANAGUTIN"" -- KABATAAN PARTY-LIST REP. RENEE CO SA MAANOMALIYA NGA FLOOD CONTROL PROJECTS 

BY: LHEY ANN ALAYON | September 21, 2025
Video courtesy: Newswatch

Ginpangunahan ni Kabataan Party-list Rep. Renee Co ang pagsinggitan sang ""Marcos Singilin, Duterte Panagutin"" sa rally sa Luneta subong nga aga. 

#AksyonRadyoIloilo",,"mga into!","0","https://www.facebook.com/100064669725059/posts/1272081354957510/?mibextid=rS40aB7S9Ucbxw6v"
"""MARCOS SINGILIN, DUTERTE PANAGUTIN"" -- KABATAAN PARTY-LIST REP. RENEE CO SA MAANOMALIYA NGA FLOOD CONTROL PROJECTS 

BY: LHEY ANN ALAYON | September 21, 2025
Video courtesy: Newswatch

Ginpangunahan ni Kabataan Party-list Rep. Renee Co ang pagsinggitan sang ""Marcos Singilin, Duterte Panagutin"" sa rally sa Luneta subong nga aga. 

#AksyonRadyoIloilo",,"Zaldy Co panagotin!!!! Pati si Renée Co na pamangkin ni Zaldy Co","0","https://www.facebook.com/100064669725059/posts/1272081354957510/?mibextid=rS40aB7S9Ucbxw6v"
"""MARCOS SINGILIN, DUTERTE PANAGUTIN"" -- KABATAAN PARTY-LIST REP. RENEE CO SA MAANOMALIYA NGA FLOOD CONTROL PROJECTS 

BY: LHEY ANN ALAYON | September 21, 2025
Video courtesy: Newswatch

Ginpangunahan ni Kabataan Party-list Rep. Renee Co ang pagsinggitan sang ""Marcos Singilin, Duterte Panagutin"" sa rally sa Luneta subong nga aga. 

#AksyonRadyoIloilo",,"Ikaw sisingilin dahil kamag anak mo si Zaldy Co","0","https://www.facebook.com/100064669725059/posts/1272081354957510/?mibextid=rS40aB7S9Ucbxw6v"
"""MARCOS SINGILIN, DUTERTE PANAGUTIN"" -- KABATAAN PARTY-LIST REP. RENEE CO SA MAANOMALIYA NGA FLOOD CONTROL PROJECTS 

BY: LHEY ANN ALAYON | September 21, 2025
Video courtesy: Newswatch

Ginpangunahan ni Kabataan Party-list Rep. Renee Co ang pagsinggitan sang ""Marcos Singilin, Duterte Panagutin"" sa rally sa Luneta subong nga aga. 

#AksyonRadyoIloilo",,"mga hipon..utak nag halo na sa tae..🤣🤣🤣","0","https://www.facebook.com/100064669725059/posts/1272081354957510/?mibextid=rS40aB7S9Ucbxw6v"
"""MARCOS SINGILIN, DUTERTE PANAGUTIN"" -- KABATAAN PARTY-LIST REP. RENEE CO SA MAANOMALIYA NGA FLOOD CONTROL PROJECTS 

BY: LHEY ANN ALAYON | September 21, 2025
Video courtesy: Newswatch

Ginpangunahan ni Kabataan Party-list Rep. Renee Co ang pagsinggitan sang ""Marcos Singilin, Duterte Panagutin"" sa rally sa Luneta subong nga aga. 

#AksyonRadyoIloilo",,"BULAYYY-OG !!!! KMO TANAN RALLY SALA PULOS 😂😂😂🤣","0","https://www.facebook.com/100064669725059/posts/1272081354957510/?mibextid=rS40aB7S9Ucbxw6v"
"""MARCOS SINGILIN, DUTERTE PANAGUTIN"" -- KABATAAN PARTY-LIST REP. RENEE CO SA MAANOMALIYA NGA FLOOD CONTROL PROJECTS 

BY: LHEY ANN ALAYON | September 21, 2025
Video courtesy: Newswatch

Ginpangunahan ni Kabataan Party-list Rep. Renee Co ang pagsinggitan sang ""Marcos Singilin, Duterte Panagutin"" sa rally sa Luneta subong nga aga. 

#AksyonRadyoIloilo",,"Hnd n masama my 100 din atta kau hahaha","0","https://www.facebook.com/100064669725059/posts/1272081354957510/?mibextid=rS40aB7S9Ucbxw6v"
"""MARCOS SINGILIN, DUTERTE PANAGUTIN"" -- KABATAAN PARTY-LIST REP. RENEE CO SA MAANOMALIYA NGA FLOOD CONTROL PROJECTS 

BY: LHEY ANN ALAYON | September 21, 2025
Video courtesy: Newswatch

Ginpangunahan ni Kabataan Party-list Rep. Renee Co ang pagsinggitan sang ""Marcos Singilin, Duterte Panagutin"" sa rally sa Luneta subong nga aga. 

#AksyonRadyoIloilo",,"Wlaang magagawa sa inyong hakbang king wlaang aksyon na gagawin,,,it's a simple rally parin Yan,,gawan Ng aksyon,lusubin Ang dapat lusubin","0","https://www.facebook.com/100064669725059/posts/1272081354957510/?mibextid=rS40aB7S9Ucbxw6v"
"""MARCOS SINGILIN, DUTERTE PANAGUTIN"" -- KABATAAN PARTY-LIST REP. RENEE CO SA MAANOMALIYA NGA FLOOD CONTROL PROJECTS 

BY: LHEY ANN ALAYON | September 21, 2025
Video courtesy: Newswatch

Ginpangunahan ni Kabataan Party-list Rep. Renee Co ang pagsinggitan sang ""Marcos Singilin, Duterte Panagutin"" sa rally sa Luneta subong nga aga. 

#AksyonRadyoIloilo",,"Hinangag iba na sinisigaw xng buang ang flood control unahin mo.","0","https://www.facebook.com/100064669725059/posts/1272081354957510/?mibextid=rS40aB7S9Ucbxw6v"
"""MARCOS SINGILIN, DUTERTE PANAGUTIN"" -- KABATAAN PARTY-LIST REP. RENEE CO SA MAANOMALIYA NGA FLOOD CONTROL PROJECTS 

BY: LHEY ANN ALAYON | September 21, 2025
Video courtesy: Newswatch

Ginpangunahan ni Kabataan Party-list Rep. Renee Co ang pagsinggitan sang ""Marcos Singilin, Duterte Panagutin"" sa rally sa Luneta subong nga aga. 

#AksyonRadyoIloilo",,"hahahaha tingnan ninyo pinag away c BBM at Duterte.. Ngayon nagawa n NILA LUMALABAS n nman mga kumonista s bansa dapat Jan hilihin...mga salut s bansang PILIPINAS..","0","https://www.facebook.com/100064669725059/posts/1272081354957510/?mibextid=rS40aB7S9Ucbxw6v"
"""MARCOS SINGILIN, DUTERTE PANAGUTIN"" -- KABATAAN PARTY-LIST REP. RENEE CO SA MAANOMALIYA NGA FLOOD CONTROL PROJECTS 

BY: LHEY ANN ALAYON | September 21, 2025
Video courtesy: Newswatch

Ginpangunahan ni Kabataan Party-list Rep. Renee Co ang pagsinggitan sang ""Marcos Singilin, Duterte Panagutin"" sa rally sa Luneta subong nga aga. 

#AksyonRadyoIloilo",,"Hahaha..
Iba tlga gunalaw ang yellow ang pink sbhn ito na chances are na..ayy naku iwan nlang sa pinas","0","https://www.facebook.com/100064669725059/posts/1272081354957510/?mibextid=rS40aB7S9Ucbxw6v"
"""MARCOS SINGILIN, DUTERTE PANAGUTIN"" -- KABATAAN PARTY-LIST REP. RENEE CO SA MAANOMALIYA NGA FLOOD CONTROL PROJECTS 

BY: LHEY ANN ALAYON | September 21, 2025
Video courtesy: Newswatch

Ginpangunahan ni Kabataan Party-list Rep. Renee Co ang pagsinggitan sang ""Marcos Singilin, Duterte Panagutin"" sa rally sa Luneta subong nga aga. 

#AksyonRadyoIloilo",,"Gna basil pa c duterti vah haha","0","https://www.facebook.com/100064669725059/posts/1272081354957510/?mibextid=rS40aB7S9Ucbxw6v"
"""MARCOS SINGILIN, DUTERTE PANAGUTIN"" -- KABATAAN PARTY-LIST REP. RENEE CO SA MAANOMALIYA NGA FLOOD CONTROL PROJECTS 

BY: LHEY ANN ALAYON | September 21, 2025
Video courtesy: Newswatch

Ginpangunahan ni Kabataan Party-list Rep. Renee Co ang pagsinggitan sang ""Marcos Singilin, Duterte Panagutin"" sa rally sa Luneta subong nga aga. 

#AksyonRadyoIloilo",,"Ang gen z sa nepal ya accurate ang gina paglaban nila diri sa pinas ambot nlng sa flood control corrupt nata mga inday kag toto.","0","https://www.facebook.com/100064669725059/posts/1272081354957510/?mibextid=rS40aB7S9Ucbxw6v"
"""MARCOS SINGILIN, DUTERTE PANAGUTIN"" -- KABATAAN PARTY-LIST REP. RENEE CO SA MAANOMALIYA NGA FLOOD CONTROL PROJECTS 

BY: LHEY ANN ALAYON | September 21, 2025
Video courtesy: Newswatch

Ginpangunahan ni Kabataan Party-list Rep. Renee Co ang pagsinggitan sang ""Marcos Singilin, Duterte Panagutin"" sa rally sa Luneta subong nga aga. 

#AksyonRadyoIloilo",,"Pila ayhan bayad simo day?","0","https://www.facebook.com/100064669725059/posts/1272081354957510/?mibextid=rS40aB7S9Ucbxw6v"
"""MARCOS SINGILIN, DUTERTE PANAGUTIN"" -- KABATAAN PARTY-LIST REP. RENEE CO SA MAANOMALIYA NGA FLOOD CONTROL PROJECTS 

BY: LHEY ANN ALAYON | September 21, 2025
Video courtesy: Newswatch

Ginpangunahan ni Kabataan Party-list Rep. Renee Co ang pagsinggitan sang ""Marcos Singilin, Duterte Panagutin"" sa rally sa Luneta subong nga aga. 

#AksyonRadyoIloilo",,"si marcos duterte? sino naman ang pinangalanan ni descaya sino ang magaling sa insertion sila dapat managot di nyo masigaw kasi kasamahan mo","0","https://www.facebook.com/100064669725059/posts/1272081354957510/?mibextid=rS40aB7S9Ucbxw6v"
"""MARCOS SINGILIN, DUTERTE PANAGUTIN"" -- KABATAAN PARTY-LIST REP. RENEE CO SA MAANOMALIYA NGA FLOOD CONTROL PROJECTS 

BY: LHEY ANN ALAYON | September 21, 2025
Video courtesy: Newswatch

Ginpangunahan ni Kabataan Party-list Rep. Renee Co ang pagsinggitan sang ""Marcos Singilin, Duterte Panagutin"" sa rally sa Luneta subong nga aga. 

#AksyonRadyoIloilo",,"baka gusto nila matulad sa Afghanistan, Myanmar, Indonesia, at iba pa ngayon tinggan nyo kong maganda naging epekto sa bansa nila","0","https://www.facebook.com/100064669725059/posts/1272081354957510/?mibextid=rS40aB7S9Ucbxw6v"
"""MARCOS SINGILIN, DUTERTE PANAGUTIN"" -- KABATAAN PARTY-LIST REP. RENEE CO SA MAANOMALIYA NGA FLOOD CONTROL PROJECTS 

BY: LHEY ANN ALAYON | September 21, 2025
Video courtesy: Newswatch

Ginpangunahan ni Kabataan Party-list Rep. Renee Co ang pagsinggitan sang ""Marcos Singilin, Duterte Panagutin"" sa rally sa Luneta subong nga aga. 

#AksyonRadyoIloilo",,"Abata nyu to si FPRRD sa The Hague !!!","0","https://www.facebook.com/100064669725059/posts/1272081354957510/?mibextid=rS40aB7S9Ucbxw6v"
"""MARCOS SINGILIN, DUTERTE PANAGUTIN"" -- KABATAAN PARTY-LIST REP. RENEE CO SA MAANOMALIYA NGA FLOOD CONTROL PROJECTS 

BY: LHEY ANN ALAYON | September 21, 2025
Video courtesy: Newswatch

Ginpangunahan ni Kabataan Party-list Rep. Renee Co ang pagsinggitan sang ""Marcos Singilin, Duterte Panagutin"" sa rally sa Luneta subong nga aga. 

#AksyonRadyoIloilo",,"Si Marcos ang nag bulgar nag inspect Ng mga palpak na project mula pa noong nakaraang admin tas sinisisi nyo sya?? HAHHAHA WOWWW😆","1","https://www.facebook.com/100064669725059/posts/1272081354957510/?mibextid=rS40aB7S9Ucbxw6v"
"""MARCOS SINGILIN, DUTERTE PANAGUTIN"" -- KABATAAN PARTY-LIST REP. RENEE CO SA MAANOMALIYA NGA FLOOD CONTROL PROJECTS 

BY: LHEY ANN ALAYON | September 21, 2025
Video courtesy: Newswatch

Ginpangunahan ni Kabataan Party-list Rep. Renee Co ang pagsinggitan sang ""Marcos Singilin, Duterte Panagutin"" sa rally sa Luneta subong nga aga. 

#AksyonRadyoIloilo",,"Bkt may utang ba sa inyo si marcos?","0","https://www.facebook.com/100064669725059/posts/1272081354957510/?mibextid=rS40aB7S9Ucbxw6v"
"""MARCOS SINGILIN, DUTERTE PANAGUTIN"" -- KABATAAN PARTY-LIST REP. RENEE CO SA MAANOMALIYA NGA FLOOD CONTROL PROJECTS 

BY: LHEY ANN ALAYON | September 21, 2025
Video courtesy: Newswatch

Ginpangunahan ni Kabataan Party-list Rep. Renee Co ang pagsinggitan sang ""Marcos Singilin, Duterte Panagutin"" sa rally sa Luneta subong nga aga. 

#AksyonRadyoIloilo",,"Traps lng yn pero  ang totoong pinag lalaban di pra sa byan kondi pra sa organization ng mga NPA","0","https://www.facebook.com/100064669725059/posts/1272081354957510/?mibextid=rS40aB7S9Ucbxw6v"
"""MARCOS SINGILIN, DUTERTE PANAGUTIN"" -- KABATAAN PARTY-LIST REP. RENEE CO SA MAANOMALIYA NGA FLOOD CONTROL PROJECTS 

BY: LHEY ANN ALAYON | September 21, 2025
Video courtesy: Newswatch

Ginpangunahan ni Kabataan Party-list Rep. Renee Co ang pagsinggitan sang ""Marcos Singilin, Duterte Panagutin"" sa rally sa Luneta subong nga aga. 

#AksyonRadyoIloilo",,"Nakisali Ang pang gulo mga kupal","0","https://www.facebook.com/100064669725059/posts/1272081354957510/?mibextid=rS40aB7S9Ucbxw6v"
"""MARCOS SINGILIN, DUTERTE PANAGUTIN"" -- KABATAAN PARTY-LIST REP. RENEE CO SA MAANOMALIYA NGA FLOOD CONTROL PROJECTS 

BY: LHEY ANN ALAYON | September 21, 2025
Video courtesy: Newswatch

Ginpangunahan ni Kabataan Party-list Rep. Renee Co ang pagsinggitan sang ""Marcos Singilin, Duterte Panagutin"" sa rally sa Luneta subong nga aga. 

#AksyonRadyoIloilo",,"Aquino-- pabagsakin!! Kulang eh!","0","https://www.facebook.com/100064669725059/posts/1272081354957510/?mibextid=rS40aB7S9Ucbxw6v"
"""MARCOS SINGILIN, DUTERTE PANAGUTIN"" -- KABATAAN PARTY-LIST REP. RENEE CO SA MAANOMALIYA NGA FLOOD CONTROL PROJECTS 

BY: LHEY ANN ALAYON | September 21, 2025
Video courtesy: Newswatch

Ginpangunahan ni Kabataan Party-list Rep. Renee Co ang pagsinggitan sang ""Marcos Singilin, Duterte Panagutin"" sa rally sa Luneta subong nga aga. 

#AksyonRadyoIloilo",,"Abno kaw","0","https://www.facebook.com/100064669725059/posts/1272081354957510/?mibextid=rS40aB7S9Ucbxw6v"
"""MARCOS SINGILIN, DUTERTE PANAGUTIN"" -- KABATAAN PARTY-LIST REP. RENEE CO SA MAANOMALIYA NGA FLOOD CONTROL PROJECTS 

BY: LHEY ANN ALAYON | September 21, 2025
Video courtesy: Newswatch

Ginpangunahan ni Kabataan Party-list Rep. Renee Co ang pagsinggitan sang ""Marcos Singilin, Duterte Panagutin"" sa rally sa Luneta subong nga aga. 

#AksyonRadyoIloilo",,"Mga wala. Kwenta umuwe nlnv kau at matulog sayang oras ng mga putang ina nyo","0","https://www.facebook.com/100064669725059/posts/1272081354957510/?mibextid=rS40aB7S9Ucbxw6v"
"""MARCOS SINGILIN, DUTERTE PANAGUTIN"" -- KABATAAN PARTY-LIST REP. RENEE CO SA MAANOMALIYA NGA FLOOD CONTROL PROJECTS 

BY: LHEY ANN ALAYON | September 21, 2025
Video courtesy: Newswatch

Ginpangunahan ni Kabataan Party-list Rep. Renee Co ang pagsinggitan sang ""Marcos Singilin, Duterte Panagutin"" sa rally sa Luneta subong nga aga. 

#AksyonRadyoIloilo",,"King ina nyo npa hayup kau!","0","https://www.facebook.com/100064669725059/posts/1272081354957510/?mibextid=rS40aB7S9Ucbxw6v"
"""MARCOS SINGILIN, DUTERTE PANAGUTIN"" -- KABATAAN PARTY-LIST REP. RENEE CO SA MAANOMALIYA NGA FLOOD CONTROL PROJECTS 

BY: LHEY ANN ALAYON | September 21, 2025
Video courtesy: Newswatch

Ginpangunahan ni Kabataan Party-list Rep. Renee Co ang pagsinggitan sang ""Marcos Singilin, Duterte Panagutin"" sa rally sa Luneta subong nga aga. 

#AksyonRadyoIloilo",,"Mga dds kayo panggulo ng bayan.","0","https://www.facebook.com/100064669725059/posts/1272081354957510/?mibextid=rS40aB7S9Ucbxw6v"
"""MARCOS SINGILIN, DUTERTE PANAGUTIN"" -- KABATAAN PARTY-LIST REP. RENEE CO SA MAANOMALIYA NGA FLOOD CONTROL PROJECTS 

BY: LHEY ANN ALAYON | September 21, 2025
Video courtesy: Newswatch

Ginpangunahan ni Kabataan Party-list Rep. Renee Co ang pagsinggitan sang ""Marcos Singilin, Duterte Panagutin"" sa rally sa Luneta subong nga aga. 

#AksyonRadyoIloilo",,"Na preso na c Duterte. Focus kamo sa corruption. Mga mango sa inyo!","0","https://www.facebook.com/100064669725059/posts/1272081354957510/?mibextid=rS40aB7S9Ucbxw6v"
"""MARCOS SINGILIN, DUTERTE PANAGUTIN"" -- KABATAAN PARTY-LIST REP. RENEE CO SA MAANOMALIYA NGA FLOOD CONTROL PROJECTS 

BY: LHEY ANN ALAYON | September 21, 2025
Video courtesy: Newswatch

Ginpangunahan ni Kabataan Party-list Rep. Renee Co ang pagsinggitan sang ""Marcos Singilin, Duterte Panagutin"" sa rally sa Luneta subong nga aga. 

#AksyonRadyoIloilo",,"Sino ba mga magulang ng mga yan.","0","https://www.facebook.com/100064669725059/posts/1272081354957510/?mibextid=rS40aB7S9Ucbxw6v"
"""MARCOS SINGILIN, DUTERTE PANAGUTIN"" -- KABATAAN PARTY-LIST REP. RENEE CO SA MAANOMALIYA NGA FLOOD CONTROL PROJECTS 

BY: LHEY ANN ALAYON | September 21, 2025
Video courtesy: Newswatch

Ginpangunahan ni Kabataan Party-list Rep. Renee Co ang pagsinggitan sang ""Marcos Singilin, Duterte Panagutin"" sa rally sa Luneta subong nga aga. 

#AksyonRadyoIloilo",,"CO na ka mag nak ng isa pang Co 😂😂","0","https://www.facebook.com/100064669725059/posts/1272081354957510/?mibextid=rS40aB7S9Ucbxw6v"
"""MARCOS SINGILIN, DUTERTE PANAGUTIN"" -- KABATAAN PARTY-LIST REP. RENEE CO SA MAANOMALIYA NGA FLOOD CONTROL PROJECTS 

BY: LHEY ANN ALAYON | September 21, 2025
Video courtesy: Newswatch

Ginpangunahan ni Kabataan Party-list Rep. Renee Co ang pagsinggitan sang ""Marcos Singilin, Duterte Panagutin"" sa rally sa Luneta subong nga aga. 

#AksyonRadyoIloilo",,"Mga baliw tong mga makabayan bloc...puro mga rebelde yang nandyan sa luneta...","1","https://www.facebook.com/100064669725059/posts/1272081354957510/?mibextid=rS40aB7S9Ucbxw6v"
"""MARCOS SINGILIN, DUTERTE PANAGUTIN"" -- KABATAAN PARTY-LIST REP. RENEE CO SA MAANOMALIYA NGA FLOOD CONTROL PROJECTS 

BY: LHEY ANN ALAYON | September 21, 2025
Video courtesy: Newswatch

Ginpangunahan ni Kabataan Party-list Rep. Renee Co ang pagsinggitan sang ""Marcos Singilin, Duterte Panagutin"" sa rally sa Luneta subong nga aga. 

#AksyonRadyoIloilo",,"Yan kabataan partylist 100% kumonista","0","https://www.facebook.com/100064669725059/posts/1272081354957510/?mibextid=rS40aB7S9Ucbxw6v"
"""MARCOS SINGILIN, DUTERTE PANAGUTIN"" -- KABATAAN PARTY-LIST REP. RENEE CO SA MAANOMALIYA NGA FLOOD CONTROL PROJECTS 

BY: LHEY ANN ALAYON | September 21, 2025
Video courtesy: Newswatch

Ginpangunahan ni Kabataan Party-list Rep. Renee Co ang pagsinggitan sang ""Marcos Singilin, Duterte Panagutin"" sa rally sa Luneta subong nga aga. 

#AksyonRadyoIloilo",,"Baliw talaga tong si Kulot. Di bale, kahit baliw at kupal ka crush pa din kita Renee Co. hahaha","0","https://www.facebook.com/100064669725059/posts/1272081354957510/?mibextid=rS40aB7S9Ucbxw6v"
"""MARCOS SINGILIN, DUTERTE PANAGUTIN"" -- KABATAAN PARTY-LIST REP. RENEE CO SA MAANOMALIYA NGA FLOOD CONTROL PROJECTS 

BY: LHEY ANN ALAYON | September 21, 2025
Video courtesy: Newswatch

Ginpangunahan ni Kabataan Party-list Rep. Renee Co ang pagsinggitan sang ""Marcos Singilin, Duterte Panagutin"" sa rally sa Luneta subong nga aga. 

#AksyonRadyoIloilo",,"Duterte 👊👊👊❤️❤️❤️ mahal ng pilipino","0","https://www.facebook.com/100064669725059/posts/1272081354957510/?mibextid=rS40aB7S9Ucbxw6v"
"""MARCOS SINGILIN, DUTERTE PANAGUTIN"" -- KABATAAN PARTY-LIST REP. RENEE CO SA MAANOMALIYA NGA FLOOD CONTROL PROJECTS 

BY: LHEY ANN ALAYON | September 21, 2025
Video courtesy: Newswatch

Ginpangunahan ni Kabataan Party-list Rep. Renee Co ang pagsinggitan sang ""Marcos Singilin, Duterte Panagutin"" sa rally sa Luneta subong nga aga. 

#AksyonRadyoIloilo",,"Magkano bayad jan?","0","https://www.facebook.com/100064669725059/posts/1272081354957510/?mibextid=rS40aB7S9Ucbxw6v"
"""MARCOS SINGILIN, DUTERTE PANAGUTIN"" -- KABATAAN PARTY-LIST REP. RENEE CO SA MAANOMALIYA NGA FLOOD CONTROL PROJECTS 

BY: LHEY ANN ALAYON | September 21, 2025
Video courtesy: Newswatch

Ginpangunahan ni Kabataan Party-list Rep. Renee Co ang pagsinggitan sang ""Marcos Singilin, Duterte Panagutin"" sa rally sa Luneta subong nga aga. 

#AksyonRadyoIloilo",,"Mga tauhan ng mga magagaling tongressman","0","https://www.facebook.com/100064669725059/posts/1272081354957510/?mibextid=rS40aB7S9Ucbxw6v"
"""MARCOS SINGILIN, DUTERTE PANAGUTIN"" -- KABATAAN PARTY-LIST REP. RENEE CO SA MAANOMALIYA NGA FLOOD CONTROL PROJECTS 

BY: LHEY ANN ALAYON | September 21, 2025
Video courtesy: Newswatch

Ginpangunahan ni Kabataan Party-list Rep. Renee Co ang pagsinggitan sang ""Marcos Singilin, Duterte Panagutin"" sa rally sa Luneta subong nga aga. 

#AksyonRadyoIloilo",,"Mga buwaya targitin nyo bakit pati si Duterte sinali nyo","0","https://www.facebook.com/100064669725059/posts/1272081354957510/?mibextid=rS40aB7S9Ucbxw6v"
"""MARCOS SINGILIN, DUTERTE PANAGUTIN"" -- KABATAAN PARTY-LIST REP. RENEE CO SA MAANOMALIYA NGA FLOOD CONTROL PROJECTS 

BY: LHEY ANN ALAYON | September 21, 2025
Video courtesy: Newswatch

Ginpangunahan ni Kabataan Party-list Rep. Renee Co ang pagsinggitan sang ""Marcos Singilin, Duterte Panagutin"" sa rally sa Luneta subong nga aga. 

#AksyonRadyoIloilo",,"Ano singilin kay marcos ha","0","https://www.facebook.com/100064669725059/posts/1272081354957510/?mibextid=rS40aB7S9Ucbxw6v"
"""MARCOS SINGILIN, DUTERTE PANAGUTIN"" -- KABATAAN PARTY-LIST REP. RENEE CO SA MAANOMALIYA NGA FLOOD CONTROL PROJECTS 

BY: LHEY ANN ALAYON | September 21, 2025
Video courtesy: Newswatch

Ginpangunahan ni Kabataan Party-list Rep. Renee Co ang pagsinggitan sang ""Marcos Singilin, Duterte Panagutin"" sa rally sa Luneta subong nga aga. 

#AksyonRadyoIloilo",,"Way klaro.. nag samo2x na haha","0","https://www.facebook.com/100064669725059/posts/1272081354957510/?mibextid=rS40aB7S9Ucbxw6v"
"""MARCOS SINGILIN, DUTERTE PANAGUTIN"" -- KABATAAN PARTY-LIST REP. RENEE CO SA MAANOMALIYA NGA FLOOD CONTROL PROJECTS 

BY: LHEY ANN ALAYON | September 21, 2025
Video courtesy: Newswatch

Ginpangunahan ni Kabataan Party-list Rep. Renee Co ang pagsinggitan sang ""Marcos Singilin, Duterte Panagutin"" sa rally sa Luneta subong nga aga. 

#AksyonRadyoIloilo",,"Marcos patindigin 
Duterte patagoin,","0","https://www.facebook.com/100064669725059/posts/1272081354957510/?mibextid=rS40aB7S9Ucbxw6v"
"""MARCOS SINGILIN, DUTERTE PANAGUTIN"" -- KABATAAN PARTY-LIST REP. RENEE CO SA MAANOMALIYA NGA FLOOD CONTROL PROJECTS 

BY: LHEY ANN ALAYON | September 21, 2025
Video courtesy: Newswatch

Ginpangunahan ni Kabataan Party-list Rep. Renee Co ang pagsinggitan sang ""Marcos Singilin, Duterte Panagutin"" sa rally sa Luneta subong nga aga. 

#AksyonRadyoIloilo",,"mga sira umuwi pa kayo magtanim kamoting kahoy my maani at makain pa pamilya nyo","0","https://www.facebook.com/100064669725059/posts/1272081354957510/?mibextid=rS40aB7S9Ucbxw6v"
"""MARCOS SINGILIN, DUTERTE PANAGUTIN"" -- KABATAAN PARTY-LIST REP. RENEE CO SA MAANOMALIYA NGA FLOOD CONTROL PROJECTS 

BY: LHEY ANN ALAYON | September 21, 2025
Video courtesy: Newswatch

Ginpangunahan ni Kabataan Party-list Rep. Renee Co ang pagsinggitan sang ""Marcos Singilin, Duterte Panagutin"" sa rally sa Luneta subong nga aga. 

#AksyonRadyoIloilo",,"Renee Co may utak ba to....hay naku panagutin ang kurap or baka inggit ka lang po...","0","https://www.facebook.com/100064669725059/posts/1272081354957510/?mibextid=rS40aB7S9Ucbxw6v"
"""MARCOS SINGILIN, DUTERTE PANAGUTIN"" -- KABATAAN PARTY-LIST REP. RENEE CO SA MAANOMALIYA NGA FLOOD CONTROL PROJECTS 

BY: LHEY ANN ALAYON | September 21, 2025
Video courtesy: Newswatch

Ginpangunahan ni Kabataan Party-list Rep. Renee Co ang pagsinggitan sang ""Marcos Singilin, Duterte Panagutin"" sa rally sa Luneta subong nga aga. 

#AksyonRadyoIloilo",,"C Romualdez guro ug c Co ui.. 🤣","0","https://www.facebook.com/100064669725059/posts/1272081354957510/?mibextid=rS40aB7S9Ucbxw6v"
"""MARCOS SINGILIN, DUTERTE PANAGUTIN"" -- KABATAAN PARTY-LIST REP. RENEE CO SA MAANOMALIYA NGA FLOOD CONTROL PROJECTS 

BY: LHEY ANN ALAYON | September 21, 2025
Video courtesy: Newswatch

Ginpangunahan ni Kabataan Party-list Rep. Renee Co ang pagsinggitan sang ""Marcos Singilin, Duterte Panagutin"" sa rally sa Luneta subong nga aga. 

#AksyonRadyoIloilo",,"basi parente ya si zaldy co syempre para ma divert sa kay duterte ang sala sang parente ya.","0","https://www.facebook.com/100064669725059/posts/1272081354957510/?mibextid=rS40aB7S9Ucbxw6v"
"""MARCOS SINGILIN, DUTERTE PANAGUTIN"" -- KABATAAN PARTY-LIST REP. RENEE CO SA MAANOMALIYA NGA FLOOD CONTROL PROJECTS 

BY: LHEY ANN ALAYON | September 21, 2025
Video courtesy: Newswatch

Ginpangunahan ni Kabataan Party-list Rep. Renee Co ang pagsinggitan sang ""Marcos Singilin, Duterte Panagutin"" sa rally sa Luneta subong nga aga. 

#AksyonRadyoIloilo",,"Sino gusto nyong upod pag ka President sobra pa kau sa mga nanakaw mga hinaupak kau sasali kau sa rally may sariling kaung interest umalis kau Jan di Yan para sa Inyo mga demenyo ng bayan👊👊👊👊","2","https://www.facebook.com/100064669725059/posts/1272081354957510/?mibextid=rS40aB7S9Ucbxw6v"
"""MARCOS SINGILIN, DUTERTE PANAGUTIN"" -- KABATAAN PARTY-LIST REP. RENEE CO SA MAANOMALIYA NGA FLOOD CONTROL PROJECTS 

BY: LHEY ANN ALAYON | September 21, 2025
Video courtesy: Newswatch

Ginpangunahan ni Kabataan Party-list Rep. Renee Co ang pagsinggitan sang ""Marcos Singilin, Duterte Panagutin"" sa rally sa Luneta subong nga aga. 

#AksyonRadyoIloilo",,"Mga abnormal","0","https://www.facebook.com/100064669725059/posts/1272081354957510/?mibextid=rS40aB7S9Ucbxw6v"
"""MARCOS SINGILIN, DUTERTE PANAGUTIN"" -- KABATAAN PARTY-LIST REP. RENEE CO SA MAANOMALIYA NGA FLOOD CONTROL PROJECTS 

BY: LHEY ANN ALAYON | September 21, 2025
Video courtesy: Newswatch

Ginpangunahan ni Kabataan Party-list Rep. Renee Co ang pagsinggitan sang ""Marcos Singilin, Duterte Panagutin"" sa rally sa Luneta subong nga aga. 

#AksyonRadyoIloilo",,"Daw mga gaga at gago lang","1","https://www.facebook.com/100064669725059/posts/1272081354957510/?mibextid=rS40aB7S9Ucbxw6v"
"""MARCOS SINGILIN, DUTERTE PANAGUTIN"" -- KABATAAN PARTY-LIST REP. RENEE CO SA MAANOMALIYA NGA FLOOD CONTROL PROJECTS 

BY: LHEY ANN ALAYON | September 21, 2025
Video courtesy: Newswatch

Ginpangunahan ni Kabataan Party-list Rep. Renee Co ang pagsinggitan sang ""Marcos Singilin, Duterte Panagutin"" sa rally sa Luneta subong nga aga. 

#AksyonRadyoIloilo",,"Way klaro..rayot na.","0","https://www.facebook.com/100064669725059/posts/1272081354957510/?mibextid=rS40aB7S9Ucbxw6v"
"""MARCOS SINGILIN, DUTERTE PANAGUTIN"" -- KABATAAN PARTY-LIST REP. RENEE CO SA MAANOMALIYA NGA FLOOD CONTROL PROJECTS 

BY: LHEY ANN ALAYON | September 21, 2025
Video courtesy: Newswatch

Ginpangunahan ni Kabataan Party-list Rep. Renee Co ang pagsinggitan sang ""Marcos Singilin, Duterte Panagutin"" sa rally sa Luneta subong nga aga. 

#AksyonRadyoIloilo",,"Ngaa nadala dira c Duterte..","0","https://www.facebook.com/100064669725059/posts/1272081354957510/?mibextid=rS40aB7S9Ucbxw6v"
"""MARCOS SINGILIN, DUTERTE PANAGUTIN"" -- KABATAAN PARTY-LIST REP. RENEE CO SA MAANOMALIYA NGA FLOOD CONTROL PROJECTS 

BY: LHEY ANN ALAYON | September 21, 2025
Video courtesy: Newswatch

Ginpangunahan ni Kabataan Party-list Rep. Renee Co ang pagsinggitan sang ""Marcos Singilin, Duterte Panagutin"" sa rally sa Luneta subong nga aga. 

#AksyonRadyoIloilo",,"Kabataan pag-asa ng bayan, bata rin sila noon...😄 🤣 😂

Tang-ina!","0","https://www.facebook.com/100064669725059/posts/1272081354957510/?mibextid=rS40aB7S9Ucbxw6v"
"""MARCOS SINGILIN, DUTERTE PANAGUTIN"" -- KABATAAN PARTY-LIST REP. RENEE CO SA MAANOMALIYA NGA FLOOD CONTROL PROJECTS 

BY: LHEY ANN ALAYON | September 21, 2025
Video courtesy: Newswatch

Ginpangunahan ni Kabataan Party-list Rep. Renee Co ang pagsinggitan sang ""Marcos Singilin, Duterte Panagutin"" sa rally sa Luneta subong nga aga. 

#AksyonRadyoIloilo",,"Duterte malakas","1","https://www.facebook.com/100064669725059/posts/1272081354957510/?mibextid=rS40aB7S9Ucbxw6v"
"""MARCOS SINGILIN, DUTERTE PANAGUTIN"" -- KABATAAN PARTY-LIST REP. RENEE CO SA MAANOMALIYA NGA FLOOD CONTROL PROJECTS 

BY: LHEY ANN ALAYON | September 21, 2025
Video courtesy: Newswatch

Ginpangunahan ni Kabataan Party-list Rep. Renee Co ang pagsinggitan sang ""Marcos Singilin, Duterte Panagutin"" sa rally sa Luneta subong nga aga. 

#AksyonRadyoIloilo",,"Nahuy. An sa mu  ahahhahahahhaha ano balaahimo snag wala pulos nga atty kuno pero wala utok ahhaha","0","https://www.facebook.com/100064669725059/posts/1272081354957510/?mibextid=rS40aB7S9Ucbxw6v"
"""MARCOS SINGILIN, DUTERTE PANAGUTIN"" -- KABATAAN PARTY-LIST REP. RENEE CO SA MAANOMALIYA NGA FLOOD CONTROL PROJECTS 

BY: LHEY ANN ALAYON | September 21, 2025
Video courtesy: Newswatch

Ginpangunahan ni Kabataan Party-list Rep. Renee Co ang pagsinggitan sang ""Marcos Singilin, Duterte Panagutin"" sa rally sa Luneta subong nga aga. 

#AksyonRadyoIloilo",,"Renee Co sana maputulan ka ng ugat sa leeg","0","https://www.facebook.com/100064669725059/posts/1272081354957510/?mibextid=rS40aB7S9Ucbxw6v"
"""MARCOS SINGILIN, DUTERTE PANAGUTIN"" -- KABATAAN PARTY-LIST REP. RENEE CO SA MAANOMALIYA NGA FLOOD CONTROL PROJECTS 

BY: LHEY ANN ALAYON | September 21, 2025
Video courtesy: Newswatch

Ginpangunahan ni Kabataan Party-list Rep. Renee Co ang pagsinggitan sang ""Marcos Singilin, Duterte Panagutin"" sa rally sa Luneta subong nga aga. 

#AksyonRadyoIloilo",,"Mga  ongo!!","0","https://www.facebook.com/100064669725059/posts/1272081354957510/?mibextid=rS40aB7S9Ucbxw6v"
"""MARCOS SINGILIN, DUTERTE PANAGUTIN"" -- KABATAAN PARTY-LIST REP. RENEE CO SA MAANOMALIYA NGA FLOOD CONTROL PROJECTS 

BY: LHEY ANN ALAYON | September 21, 2025
Video courtesy: Newswatch

Ginpangunahan ni Kabataan Party-list Rep. Renee Co ang pagsinggitan sang ""Marcos Singilin, Duterte Panagutin"" sa rally sa Luneta subong nga aga. 

#AksyonRadyoIloilo",,"Shungang COgmo!","0","https://www.facebook.com/100064669725059/posts/1272081354957510/?mibextid=rS40aB7S9Ucbxw6v"
"""MARCOS SINGILIN, DUTERTE PANAGUTIN"" -- KABATAAN PARTY-LIST REP. RENEE CO SA MAANOMALIYA NGA FLOOD CONTROL PROJECTS 

BY: LHEY ANN ALAYON | September 21, 2025
Video courtesy: Newswatch

Ginpangunahan ni Kabataan Party-list Rep. Renee Co ang pagsinggitan sang ""Marcos Singilin, Duterte Panagutin"" sa rally sa Luneta subong nga aga. 

#AksyonRadyoIloilo",,"Duterte paren💚💚💚👊👊👊","0","https://www.facebook.com/100064669725059/posts/1272081354957510/?mibextid=rS40aB7S9Ucbxw6v"
"""MARCOS SINGILIN, DUTERTE PANAGUTIN"" -- KABATAAN PARTY-LIST REP. RENEE CO SA MAANOMALIYA NGA FLOOD CONTROL PROJECTS 

BY: LHEY ANN ALAYON | September 21, 2025
Video courtesy: Newswatch

Ginpangunahan ni Kabataan Party-list Rep. Renee Co ang pagsinggitan sang ""Marcos Singilin, Duterte Panagutin"" sa rally sa Luneta subong nga aga. 

#AksyonRadyoIloilo",,"Hoyyyy mga hangag nga buang c Duterte npriso na c romualdez at c co ang isigaw nu na mgresign ay ho?dw sa mga baghak e nano kau?","0","https://www.facebook.com/100064669725059/posts/1272081354957510/?mibextid=rS40aB7S9Ucbxw6v"
"""MARCOS SINGILIN, DUTERTE PANAGUTIN"" -- KABATAAN PARTY-LIST REP. RENEE CO SA MAANOMALIYA NGA FLOOD CONTROL PROJECTS 

BY: LHEY ANN ALAYON | September 21, 2025
Video courtesy: Newswatch

Ginpangunahan ni Kabataan Party-list Rep. Renee Co ang pagsinggitan sang ""Marcos Singilin, Duterte Panagutin"" sa rally sa Luneta subong nga aga. 

#AksyonRadyoIloilo",,"Nasasaktan yung mga panatiko kasi damay pati yung sinasamba nilang kurakot eh","0","https://www.facebook.com/100064669725059/posts/1272081354957510/?mibextid=rS40aB7S9Ucbxw6v"
"""MARCOS SINGILIN, DUTERTE PANAGUTIN"" -- KABATAAN PARTY-LIST REP. RENEE CO SA MAANOMALIYA NGA FLOOD CONTROL PROJECTS 

BY: LHEY ANN ALAYON | September 21, 2025
Video courtesy: Newswatch

Ginpangunahan ni Kabataan Party-list Rep. Renee Co ang pagsinggitan sang ""Marcos Singilin, Duterte Panagutin"" sa rally sa Luneta subong nga aga. 

#AksyonRadyoIloilo",,"Bakit nasali du30 diyan?....
... hahahaha.......
Kung bbm resign...legit Dami sasali","0","https://www.facebook.com/100064669725059/posts/1272081354957510/?mibextid=rS40aB7S9Ucbxw6v"
"""MARCOS SINGILIN, DUTERTE PANAGUTIN"" -- KABATAAN PARTY-LIST REP. RENEE CO SA MAANOMALIYA NGA FLOOD CONTROL PROJECTS 

BY: LHEY ANN ALAYON | September 21, 2025
Video courtesy: Newswatch

Ginpangunahan ni Kabataan Party-list Rep. Renee Co ang pagsinggitan sang ""Marcos Singilin, Duterte Panagutin"" sa rally sa Luneta subong nga aga. 

#AksyonRadyoIloilo",,"sino po gusto nyo ipapali kay marcos? dba ayaw nyo kay VP?  wag nyo sabihin si len2x. ? hahaha. pota wag na","0","https://www.facebook.com/100064669725059/posts/1272081354957510/?mibextid=rS40aB7S9Ucbxw6v"
"""MARCOS SINGILIN, DUTERTE PANAGUTIN"" -- KABATAAN PARTY-LIST REP. RENEE CO SA MAANOMALIYA NGA FLOOD CONTROL PROJECTS 

BY: LHEY ANN ALAYON | September 21, 2025
Video courtesy: Newswatch

Ginpangunahan ni Kabataan Party-list Rep. Renee Co ang pagsinggitan sang ""Marcos Singilin, Duterte Panagutin"" sa rally sa Luneta subong nga aga. 

#AksyonRadyoIloilo",,"Marcos bangag patalsikin🐊😅😅😅","0","https://www.facebook.com/100064669725059/posts/1272081354957510/?mibextid=rS40aB7S9Ucbxw6v"
"""MARCOS SINGILIN, DUTERTE PANAGUTIN"" -- KABATAAN PARTY-LIST REP. RENEE CO SA MAANOMALIYA NGA FLOOD CONTROL PROJECTS 

BY: LHEY ANN ALAYON | September 21, 2025
Video courtesy: Newswatch

Ginpangunahan ni Kabataan Party-list Rep. Renee Co ang pagsinggitan sang ""Marcos Singilin, Duterte Panagutin"" sa rally sa Luneta subong nga aga. 

#AksyonRadyoIloilo",,"manahimik kayo mga NPA na kakampwet","0","https://www.facebook.com/100064669725059/posts/1272081354957510/?mibextid=rS40aB7S9Ucbxw6v"
"""MARCOS SINGILIN, DUTERTE PANAGUTIN"" -- KABATAAN PARTY-LIST REP. RENEE CO SA MAANOMALIYA NGA FLOOD CONTROL PROJECTS 

BY: LHEY ANN ALAYON | September 21, 2025
Video courtesy: Newswatch

Ginpangunahan ni Kabataan Party-list Rep. Renee Co ang pagsinggitan sang ""Marcos Singilin, Duterte Panagutin"" sa rally sa Luneta subong nga aga. 

#AksyonRadyoIloilo",,"Meow meow bulok pnagllaban u pmnta Kau sa bundok","0","https://www.facebook.com/100064669725059/posts/1272081354957510/?mibextid=rS40aB7S9Ucbxw6v"
"""MARCOS SINGILIN, DUTERTE PANAGUTIN"" -- KABATAAN PARTY-LIST REP. RENEE CO SA MAANOMALIYA NGA FLOOD CONTROL PROJECTS 

BY: LHEY ANN ALAYON | September 21, 2025
Video courtesy: Newswatch

Ginpangunahan ni Kabataan Party-list Rep. Renee Co ang pagsinggitan sang ""Marcos Singilin, Duterte Panagutin"" sa rally sa Luneta subong nga aga. 

#AksyonRadyoIloilo",,"Ɓbm bangag sara kulang kulang panagutin🤣🤣🤣","0","https://www.facebook.com/100064669725059/posts/1272081354957510/?mibextid=rS40aB7S9Ucbxw6v"
"""MARCOS SINGILIN, DUTERTE PANAGUTIN"" -- KABATAAN PARTY-LIST REP. RENEE CO SA MAANOMALIYA NGA FLOOD CONTROL PROJECTS 

BY: LHEY ANN ALAYON | September 21, 2025
Video courtesy: Newswatch

Ginpangunahan ni Kabataan Party-list Rep. Renee Co ang pagsinggitan sang ""Marcos Singilin, Duterte Panagutin"" sa rally sa Luneta subong nga aga. 

#AksyonRadyoIloilo",,"Hoy ngaa si Duterte punterya nyu mga buang anay mga buwaya nga billion ang kinawat amo na singgitan nyu Marcos Resign Romualdez Zaldy Co mga Buwaya kamo ang mastermind","0","https://www.facebook.com/100064669725059/posts/1272081354957510/?mibextid=rS40aB7S9Ucbxw6v"
"""MARCOS SINGILIN, DUTERTE PANAGUTIN"" -- KABATAAN PARTY-LIST REP. RENEE CO SA MAANOMALIYA NGA FLOOD CONTROL PROJECTS 

BY: LHEY ANN ALAYON | September 21, 2025
Video courtesy: Newswatch

Ginpangunahan ni Kabataan Party-list Rep. Renee Co ang pagsinggitan sang ""Marcos Singilin, Duterte Panagutin"" sa rally sa Luneta subong nga aga. 

#AksyonRadyoIloilo",,"Kulang sa rehearsal😝😝😝😝","0","https://www.facebook.com/100064669725059/posts/1272081354957510/?mibextid=rS40aB7S9Ucbxw6v"
"""MARCOS SINGILIN, DUTERTE PANAGUTIN"" -- KABATAAN PARTY-LIST REP. RENEE CO SA MAANOMALIYA NGA FLOOD CONTROL PROJECTS 

BY: LHEY ANN ALAYON | September 21, 2025
Video courtesy: Newswatch

Ginpangunahan ni Kabataan Party-list Rep. Renee Co ang pagsinggitan sang ""Marcos Singilin, Duterte Panagutin"" sa rally sa Luneta subong nga aga. 

#AksyonRadyoIloilo",,"Mga abno sa kalibutan","0","https://www.facebook.com/100064669725059/posts/1272081354957510/?mibextid=rS40aB7S9Ucbxw6v"
"""MARCOS SINGILIN, DUTERTE PANAGUTIN"" -- KABATAAN PARTY-LIST REP. RENEE CO SA MAANOMALIYA NGA FLOOD CONTROL PROJECTS 

BY: LHEY ANN ALAYON | September 21, 2025
Video courtesy: Newswatch

Ginpangunahan ni Kabataan Party-list Rep. Renee Co ang pagsinggitan sang ""Marcos Singilin, Duterte Panagutin"" sa rally sa Luneta subong nga aga. 

#AksyonRadyoIloilo",,"Rally kontra corruption pero Ang naga leader sa rally base corrupt man gusto magbulos sa pwesto  para mangawatan.","0","https://www.facebook.com/100064669725059/posts/1272081354957510/?mibextid=rS40aB7S9Ucbxw6v"
"""MARCOS SINGILIN, DUTERTE PANAGUTIN"" -- KABATAAN PARTY-LIST REP. RENEE CO SA MAANOMALIYA NGA FLOOD CONTROL PROJECTS 

BY: LHEY ANN ALAYON | September 21, 2025
Video courtesy: Newswatch

Ginpangunahan ni Kabataan Party-list Rep. Renee Co ang pagsinggitan sang ""Marcos Singilin, Duterte Panagutin"" sa rally sa Luneta subong nga aga. 

#AksyonRadyoIloilo",,"NPA pabagsakin..","0","https://www.facebook.com/100064669725059/posts/1272081354957510/?mibextid=rS40aB7S9Ucbxw6v"
"""MARCOS SINGILIN, DUTERTE PANAGUTIN"" -- KABATAAN PARTY-LIST REP. RENEE CO SA MAANOMALIYA NGA FLOOD CONTROL PROJECTS 

BY: LHEY ANN ALAYON | September 21, 2025
Video courtesy: Newswatch

Ginpangunahan ni Kabataan Party-list Rep. Renee Co ang pagsinggitan sang ""Marcos Singilin, Duterte Panagutin"" sa rally sa Luneta subong nga aga. 

#AksyonRadyoIloilo",,"Ung sinisigaw wala na rigto wla na ridja d  ko maconnect.🤣","0","https://www.facebook.com/100064669725059/posts/1272081354957510/?mibextid=rS40aB7S9Ucbxw6v"
"""MARCOS SINGILIN, DUTERTE PANAGUTIN"" -- KABATAAN PARTY-LIST REP. RENEE CO SA MAANOMALIYA NGA FLOOD CONTROL PROJECTS 

BY: LHEY ANN ALAYON | September 21, 2025
Video courtesy: Newswatch

Ginpangunahan ni Kabataan Party-list Rep. Renee Co ang pagsinggitan sang ""Marcos Singilin, Duterte Panagutin"" sa rally sa Luneta subong nga aga. 

#AksyonRadyoIloilo",,"Puro my sayad na talaga mga tao na ddlis","0","https://www.facebook.com/100064669725059/posts/1272081354957510/?mibextid=rS40aB7S9Ucbxw6v"
"""MARCOS SINGILIN, DUTERTE PANAGUTIN"" -- KABATAAN PARTY-LIST REP. RENEE CO SA MAANOMALIYA NGA FLOOD CONTROL PROJECTS 

BY: LHEY ANN ALAYON | September 21, 2025
Video courtesy: Newswatch

Ginpangunahan ni Kabataan Party-list Rep. Renee Co ang pagsinggitan sang ""Marcos Singilin, Duterte Panagutin"" sa rally sa Luneta subong nga aga. 

#AksyonRadyoIloilo",,"🙂 ano kalabot labot da ya sa du30🙂","6","https://www.facebook.com/100064669725059/posts/1272081354957510/?mibextid=rS40aB7S9Ucbxw6v"
"""MARCOS SINGILIN, DUTERTE PANAGUTIN"" -- KABATAAN PARTY-LIST REP. RENEE CO SA MAANOMALIYA NGA FLOOD CONTROL PROJECTS 

BY: LHEY ANN ALAYON | September 21, 2025
Video courtesy: Newswatch

Ginpangunahan ni Kabataan Party-list Rep. Renee Co ang pagsinggitan sang ""Marcos Singilin, Duterte Panagutin"" sa rally sa Luneta subong nga aga. 

#AksyonRadyoIloilo",,"Mga baliw dds uwe n kyo malakas ulan mmya matrangkaso kyo","0","https://www.facebook.com/100064669725059/posts/1272081354957510/?mibextid=rS40aB7S9Ucbxw6v"
"""MARCOS SINGILIN, DUTERTE PANAGUTIN"" -- KABATAAN PARTY-LIST REP. RENEE CO SA MAANOMALIYA NGA FLOOD CONTROL PROJECTS 

BY: LHEY ANN ALAYON | September 21, 2025
Video courtesy: Newswatch

Ginpangunahan ni Kabataan Party-list Rep. Renee Co ang pagsinggitan sang ""Marcos Singilin, Duterte Panagutin"" sa rally sa Luneta subong nga aga. 

#AksyonRadyoIloilo",,"Leader jn Co bakit di mo pauwiin si Zaldy Co","0","https://www.facebook.com/100064669725059/posts/1272081354957510/?mibextid=rS40aB7S9Ucbxw6v"
"""MARCOS SINGILIN, DUTERTE PANAGUTIN"" -- KABATAAN PARTY-LIST REP. RENEE CO SA MAANOMALIYA NGA FLOOD CONTROL PROJECTS 

BY: LHEY ANN ALAYON | September 21, 2025
Video courtesy: Newswatch

Ginpangunahan ni Kabataan Party-list Rep. Renee Co ang pagsinggitan sang ""Marcos Singilin, Duterte Panagutin"" sa rally sa Luneta subong nga aga. 

#AksyonRadyoIloilo",,"wag nyo anohin si tatay digong love namin yan si marcos panagutin nyo","0","https://www.facebook.com/100064669725059/posts/1272081354957510/?mibextid=rS40aB7S9Ucbxw6v"
"""MARCOS SINGILIN, DUTERTE PANAGUTIN"" -- KABATAAN PARTY-LIST REP. RENEE CO SA MAANOMALIYA NGA FLOOD CONTROL PROJECTS 

BY: LHEY ANN ALAYON | September 21, 2025
Video courtesy: Newswatch

Ginpangunahan ni Kabataan Party-list Rep. Renee Co ang pagsinggitan sang ""Marcos Singilin, Duterte Panagutin"" sa rally sa Luneta subong nga aga. 

#AksyonRadyoIloilo",,"mga NPA kmu t sin o mapungko kamu nga mga NPA?","0","https://www.facebook.com/100064669725059/posts/1272081354957510/?mibextid=rS40aB7S9Ucbxw6v"
"""MARCOS SINGILIN, DUTERTE PANAGUTIN"" -- KABATAAN PARTY-LIST REP. RENEE CO SA MAANOMALIYA NGA FLOOD CONTROL PROJECTS 

BY: LHEY ANN ALAYON | September 21, 2025
Video courtesy: Newswatch

Ginpangunahan ni Kabataan Party-list Rep. Renee Co ang pagsinggitan sang ""Marcos Singilin, Duterte Panagutin"" sa rally sa Luneta subong nga aga. 

#AksyonRadyoIloilo",,"mga bibayadan panagutin","1","https://www.facebook.com/100064669725059/posts/1272081354957510/?mibextid=rS40aB7S9Ucbxw6v"
"""MARCOS SINGILIN, DUTERTE PANAGUTIN"" -- KABATAAN PARTY-LIST REP. RENEE CO SA MAANOMALIYA NGA FLOOD CONTROL PROJECTS 

BY: LHEY ANN ALAYON | September 21, 2025
Video courtesy: Newswatch

Ginpangunahan ni Kabataan Party-list Rep. Renee Co ang pagsinggitan sang ""Marcos Singilin, Duterte Panagutin"" sa rally sa Luneta subong nga aga. 

#AksyonRadyoIloilo",,"Hhahaha mga NPA  sa Edsa  durugin ni ka Eric ka mic","0","https://www.facebook.com/100064669725059/posts/1272081354957510/?mibextid=rS40aB7S9Ucbxw6v"
"""MARCOS SINGILIN, DUTERTE PANAGUTIN"" -- KABATAAN PARTY-LIST REP. RENEE CO SA MAANOMALIYA NGA FLOOD CONTROL PROJECTS 

BY: LHEY ANN ALAYON | September 21, 2025
Video courtesy: Newswatch

Ginpangunahan ni Kabataan Party-list Rep. Renee Co ang pagsinggitan sang ""Marcos Singilin, Duterte Panagutin"" sa rally sa Luneta subong nga aga. 

#AksyonRadyoIloilo",,"Cocolot talaga","0","https://www.facebook.com/100064669725059/posts/1272081354957510/?mibextid=rS40aB7S9Ucbxw6v"
"""MARCOS SINGILIN, DUTERTE PANAGUTIN"" -- KABATAAN PARTY-LIST REP. RENEE CO SA MAANOMALIYA NGA FLOOD CONTROL PROJECTS 

BY: LHEY ANN ALAYON | September 21, 2025
Video courtesy: Newswatch

Ginpangunahan ni Kabataan Party-list Rep. Renee Co ang pagsinggitan sang ""Marcos Singilin, Duterte Panagutin"" sa rally sa Luneta subong nga aga. 

#AksyonRadyoIloilo",,"Co dakpin🤣🤣🤣","0","https://www.facebook.com/100064669725059/posts/1272081354957510/?mibextid=rS40aB7S9Ucbxw6v"
"""MARCOS SINGILIN, DUTERTE PANAGUTIN"" -- KABATAAN PARTY-LIST REP. RENEE CO SA MAANOMALIYA NGA FLOOD CONTROL PROJECTS 

BY: LHEY ANN ALAYON | September 21, 2025
Video courtesy: Newswatch

Ginpangunahan ni Kabataan Party-list Rep. Renee Co ang pagsinggitan sang ""Marcos Singilin, Duterte Panagutin"" sa rally sa Luneta subong nga aga. 

#AksyonRadyoIloilo",,"Naboang namo.","0","https://www.facebook.com/100064669725059/posts/1272081354957510/?mibextid=rS40aB7S9Ucbxw6v"
"""MARCOS SINGILIN, DUTERTE PANAGUTIN"" -- KABATAAN PARTY-LIST REP. RENEE CO SA MAANOMALIYA NGA FLOOD CONTROL PROJECTS 

BY: LHEY ANN ALAYON | September 21, 2025
Video courtesy: Newswatch

Ginpangunahan ni Kabataan Party-list Rep. Renee Co ang pagsinggitan sang ""Marcos Singilin, Duterte Panagutin"" sa rally sa Luneta subong nga aga. 

#AksyonRadyoIloilo",,"Mga buang...bakit nyo sinisisi Duterte","0","https://www.facebook.com/100064669725059/posts/1272081354957510/?mibextid=rS40aB7S9Ucbxw6v"
"""MARCOS SINGILIN, DUTERTE PANAGUTIN"" -- KABATAAN PARTY-LIST REP. RENEE CO SA MAANOMALIYA NGA FLOOD CONTROL PROJECTS 

BY: LHEY ANN ALAYON | September 21, 2025
Video courtesy: Newswatch

Ginpangunahan ni Kabataan Party-list Rep. Renee Co ang pagsinggitan sang ""Marcos Singilin, Duterte Panagutin"" sa rally sa Luneta subong nga aga. 

#AksyonRadyoIloilo",,"Maan lang nasali pa ang duterte. Kong ti
Totoosin panahon ni duterte  walang korap now lang ..","0","https://www.facebook.com/100064669725059/posts/1272081354957510/?mibextid=rS40aB7S9Ucbxw6v"
"""MARCOS SINGILIN, DUTERTE PANAGUTIN"" -- KABATAAN PARTY-LIST REP. RENEE CO SA MAANOMALIYA NGA FLOOD CONTROL PROJECTS 

BY: LHEY ANN ALAYON | September 21, 2025
Video courtesy: Newswatch

Ginpangunahan ni Kabataan Party-list Rep. Renee Co ang pagsinggitan sang ""Marcos Singilin, Duterte Panagutin"" sa rally sa Luneta subong nga aga. 

#AksyonRadyoIloilo",,"Mga  ugok puli na kamo Kong ganyan lang nman duterte parin kahit.   Nakakulong na","0","https://www.facebook.com/100064669725059/posts/1272081354957510/?mibextid=rS40aB7S9Ucbxw6v"
"""MARCOS SINGILIN, DUTERTE PANAGUTIN"" -- KABATAAN PARTY-LIST REP. RENEE CO SA MAANOMALIYA NGA FLOOD CONTROL PROJECTS 

BY: LHEY ANN ALAYON | September 21, 2025
Video courtesy: Newswatch

Ginpangunahan ni Kabataan Party-list Rep. Renee Co ang pagsinggitan sang ""Marcos Singilin, Duterte Panagutin"" sa rally sa Luneta subong nga aga. 

#AksyonRadyoIloilo",,"Haha sinali nyo pa.c Duterte,sigaw nyo c lolong panagutin..kung magrally kau rally lng wag na mandamay ng iba..kaya wala asenso ang Pinas eh..","0","https://www.facebook.com/100064669725059/posts/1272081354957510/?mibextid=rS40aB7S9Ucbxw6v"
"""MARCOS SINGILIN, DUTERTE PANAGUTIN"" -- KABATAAN PARTY-LIST REP. RENEE CO SA MAANOMALIYA NGA FLOOD CONTROL PROJECTS 

BY: LHEY ANN ALAYON | September 21, 2025
Video courtesy: Newswatch

Ginpangunahan ni Kabataan Party-list Rep. Renee Co ang pagsinggitan sang ""Marcos Singilin, Duterte Panagutin"" sa rally sa Luneta subong nga aga. 

#AksyonRadyoIloilo",,"Ma, ano ulam???","0","https://www.facebook.com/100064669725059/posts/1272081354957510/?mibextid=rS40aB7S9Ucbxw6v"
"""MARCOS SINGILIN, DUTERTE PANAGUTIN"" -- KABATAAN PARTY-LIST REP. RENEE CO SA MAANOMALIYA NGA FLOOD CONTROL PROJECTS 

BY: LHEY ANN ALAYON | September 21, 2025
Video courtesy: Newswatch

Ginpangunahan ni Kabataan Party-list Rep. Renee Co ang pagsinggitan sang ""Marcos Singilin, Duterte Panagutin"" sa rally sa Luneta subong nga aga. 

#AksyonRadyoIloilo",,"Lahat nag NPA e lukluk sa pwesto 👏🏻👏🏻👏🏻👏🏻👏🏻🤦🏻🤦🏻🤦🏻🤦🏻","0","https://www.facebook.com/100064669725059/posts/1272081354957510/?mibextid=rS40aB7S9Ucbxw6v"
"""MARCOS SINGILIN, DUTERTE PANAGUTIN"" -- KABATAAN PARTY-LIST REP. RENEE CO SA MAANOMALIYA NGA FLOOD CONTROL PROJECTS 

BY: LHEY ANN ALAYON | September 21, 2025
Video courtesy: Newswatch

Ginpangunahan ni Kabataan Party-list Rep. Renee Co ang pagsinggitan sang ""Marcos Singilin, Duterte Panagutin"" sa rally sa Luneta subong nga aga. 

#AksyonRadyoIloilo",,"Pang NPA ang script","0","https://www.facebook.com/100064669725059/posts/1272081354957510/?mibextid=rS40aB7S9Ucbxw6v"
"""MARCOS SINGILIN, DUTERTE PANAGUTIN"" -- KABATAAN PARTY-LIST REP. RENEE CO SA MAANOMALIYA NGA FLOOD CONTROL PROJECTS 

BY: LHEY ANN ALAYON | September 21, 2025
Video courtesy: Newswatch

Ginpangunahan ni Kabataan Party-list Rep. Renee Co ang pagsinggitan sang ""Marcos Singilin, Duterte Panagutin"" sa rally sa Luneta subong nga aga. 

#AksyonRadyoIloilo",,"Pag sure oi","1","https://www.facebook.com/100064669725059/posts/1272081354957510/?mibextid=rS40aB7S9Ucbxw6v"
"""MARCOS SINGILIN, DUTERTE PANAGUTIN"" -- KABATAAN PARTY-LIST REP. RENEE CO SA MAANOMALIYA NGA FLOOD CONTROL PROJECTS 

BY: LHEY ANN ALAYON | September 21, 2025
Video courtesy: Newswatch

Ginpangunahan ni Kabataan Party-list Rep. Renee Co ang pagsinggitan sang ""Marcos Singilin, Duterte Panagutin"" sa rally sa Luneta subong nga aga. 

#AksyonRadyoIloilo",,"Wla kmo ga singit. Zaldy Co Prisohun! Romualdez Prisohun!.. Funded? Hahaha","1","https://www.facebook.com/100064669725059/posts/1272081354957510/?mibextid=rS40aB7S9Ucbxw6v"
"""MARCOS SINGILIN, DUTERTE PANAGUTIN"" -- KABATAAN PARTY-LIST REP. RENEE CO SA MAANOMALIYA NGA FLOOD CONTROL PROJECTS 

BY: LHEY ANN ALAYON | September 21, 2025
Video courtesy: Newswatch

Ginpangunahan ni Kabataan Party-list Rep. Renee Co ang pagsinggitan sang ""Marcos Singilin, Duterte Panagutin"" sa rally sa Luneta subong nga aga. 

#AksyonRadyoIloilo",,"Propaganda na nman Yan Doon po kau sa palasyo wag Jan sa lunita","0","https://www.facebook.com/100064669725059/posts/1272081354957510/?mibextid=rS40aB7S9Ucbxw6v"
"""MARCOS SINGILIN, DUTERTE PANAGUTIN"" -- KABATAAN PARTY-LIST REP. RENEE CO SA MAANOMALIYA NGA FLOOD CONTROL PROJECTS 

BY: LHEY ANN ALAYON | September 21, 2025
Video courtesy: Newswatch

Ginpangunahan ni Kabataan Party-list Rep. Renee Co ang pagsinggitan sang ""Marcos Singilin, Duterte Panagutin"" sa rally sa Luneta subong nga aga. 

#AksyonRadyoIloilo",,"Zaldy Co pauwiin.","0","https://www.facebook.com/100064669725059/posts/1272081354957510/?mibextid=rS40aB7S9Ucbxw6v"
"""MARCOS SINGILIN, DUTERTE PANAGUTIN"" -- KABATAAN PARTY-LIST REP. RENEE CO SA MAANOMALIYA NGA FLOOD CONTROL PROJECTS 

BY: LHEY ANN ALAYON | September 21, 2025
Video courtesy: Newswatch

Ginpangunahan ni Kabataan Party-list Rep. Renee Co ang pagsinggitan sang ""Marcos Singilin, Duterte Panagutin"" sa rally sa Luneta subong nga aga. 

#AksyonRadyoIloilo",,"Binyaran cguro mga yan hahaha pampagulo lng lalo, sarap hagisan ng d!nam!t@","1","https://www.facebook.com/100064669725059/posts/1272081354957510/?mibextid=rS40aB7S9Ucbxw6v"
"""MARCOS SINGILIN, DUTERTE PANAGUTIN"" -- KABATAAN PARTY-LIST REP. RENEE CO SA MAANOMALIYA NGA FLOOD CONTROL PROJECTS 

BY: LHEY ANN ALAYON | September 21, 2025
Video courtesy: Newswatch

Ginpangunahan ni Kabataan Party-list Rep. Renee Co ang pagsinggitan sang ""Marcos Singilin, Duterte Panagutin"" sa rally sa Luneta subong nga aga. 

#AksyonRadyoIloilo",,"inumang.","1","https://www.facebook.com/100064669725059/posts/1272081354957510/?mibextid=rS40aB7S9Ucbxw6v"
"""MARCOS SINGILIN, DUTERTE PANAGUTIN"" -- KABATAAN PARTY-LIST REP. RENEE CO SA MAANOMALIYA NGA FLOOD CONTROL PROJECTS 

BY: LHEY ANN ALAYON | September 21, 2025
Video courtesy: Newswatch

Ginpangunahan ni Kabataan Party-list Rep. Renee Co ang pagsinggitan sang ""Marcos Singilin, Duterte Panagutin"" sa rally sa Luneta subong nga aga. 

#AksyonRadyoIloilo",,"Hehehehe corne..  wala n briefing 🤣🤣 
SOLID DUTERTE PARIN💚💚💚💪💪💪🇵🇭🇵🇭🇵🇭","1","https://www.facebook.com/100064669725059/posts/1272081354957510/?mibextid=rS40aB7S9Ucbxw6v"
"""MARCOS SINGILIN, DUTERTE PANAGUTIN"" -- KABATAAN PARTY-LIST REP. RENEE CO SA MAANOMALIYA NGA FLOOD CONTROL PROJECTS 

BY: LHEY ANN ALAYON | September 21, 2025
Video courtesy: Newswatch

Ginpangunahan ni Kabataan Party-list Rep. Renee Co ang pagsinggitan sang ""Marcos Singilin, Duterte Panagutin"" sa rally sa Luneta subong nga aga. 

#AksyonRadyoIloilo",,"Bakit si Duterte maanaagutin nyo Hindi panga napanagut si marcos","0","https://www.facebook.com/100064669725059/posts/1272081354957510/?mibextid=rS40aB7S9Ucbxw6v"
"""MARCOS SINGILIN, DUTERTE PANAGUTIN"" -- KABATAAN PARTY-LIST REP. RENEE CO SA MAANOMALIYA NGA FLOOD CONTROL PROJECTS 

BY: LHEY ANN ALAYON | September 21, 2025
Video courtesy: Newswatch

Ginpangunahan ni Kabataan Party-list Rep. Renee Co ang pagsinggitan sang ""Marcos Singilin, Duterte Panagutin"" sa rally sa Luneta subong nga aga. 

#AksyonRadyoIloilo",,"wala klaro","1","https://www.facebook.com/100064669725059/posts/1272081354957510/?mibextid=rS40aB7S9Ucbxw6v"
"""MARCOS SINGILIN, DUTERTE PANAGUTIN"" -- KABATAAN PARTY-LIST REP. RENEE CO SA MAANOMALIYA NGA FLOOD CONTROL PROJECTS 

BY: LHEY ANN ALAYON | September 21, 2025
Video courtesy: Newswatch

Ginpangunahan ni Kabataan Party-list Rep. Renee Co ang pagsinggitan sang ""Marcos Singilin, Duterte Panagutin"" sa rally sa Luneta subong nga aga. 

#AksyonRadyoIloilo",,"Hoy mga gago sino pinagmmalaki nyo???","0","https://www.facebook.com/100064669725059/posts/1272081354957510/?mibextid=rS40aB7S9Ucbxw6v"
"""MARCOS SINGILIN, DUTERTE PANAGUTIN"" -- KABATAAN PARTY-LIST REP. RENEE CO SA MAANOMALIYA NGA FLOOD CONTROL PROJECTS 

BY: LHEY ANN ALAYON | September 21, 2025
Video courtesy: Newswatch

Ginpangunahan ni Kabataan Party-list Rep. Renee Co ang pagsinggitan sang ""Marcos Singilin, Duterte Panagutin"" sa rally sa Luneta subong nga aga. 

#AksyonRadyoIloilo",,"Mga bunjing","0","https://www.facebook.com/100064669725059/posts/1272081354957510/?mibextid=rS40aB7S9Ucbxw6v"
"""MARCOS SINGILIN, DUTERTE PANAGUTIN"" -- KABATAAN PARTY-LIST REP. RENEE CO SA MAANOMALIYA NGA FLOOD CONTROL PROJECTS 

BY: LHEY ANN ALAYON | September 21, 2025
Video courtesy: Newswatch

Ginpangunahan ni Kabataan Party-list Rep. Renee Co ang pagsinggitan sang ""Marcos Singilin, Duterte Panagutin"" sa rally sa Luneta subong nga aga. 

#AksyonRadyoIloilo",,"Sinakyan nman nila🤣","0","https://www.facebook.com/100064669725059/posts/1272081354957510/?mibextid=rS40aB7S9Ucbxw6v"
"""MARCOS SINGILIN, DUTERTE PANAGUTIN"" -- KABATAAN PARTY-LIST REP. RENEE CO SA MAANOMALIYA NGA FLOOD CONTROL PROJECTS 

BY: LHEY ANN ALAYON | September 21, 2025
Video courtesy: Newswatch

Ginpangunahan ni Kabataan Party-list Rep. Renee Co ang pagsinggitan sang ""Marcos Singilin, Duterte Panagutin"" sa rally sa Luneta subong nga aga. 

#AksyonRadyoIloilo",,"Hagisan ng itlog yan tuta rin yan ng buhaya pa talang","1","https://www.facebook.com/100064669725059/posts/1272081354957510/?mibextid=rS40aB7S9Ucbxw6v"
"""MARCOS SINGILIN, DUTERTE PANAGUTIN"" -- KABATAAN PARTY-LIST REP. RENEE CO SA MAANOMALIYA NGA FLOOD CONTROL PROJECTS 

BY: LHEY ANN ALAYON | September 21, 2025
Video courtesy: Newswatch

Ginpangunahan ni Kabataan Party-list Rep. Renee Co ang pagsinggitan sang ""Marcos Singilin, Duterte Panagutin"" sa rally sa Luneta subong nga aga. 

#AksyonRadyoIloilo",,"Si kulot he he baluktot","1","https://www.facebook.com/100064669725059/posts/1272081354957510/?mibextid=rS40aB7S9Ucbxw6v"
"""MARCOS SINGILIN, DUTERTE PANAGUTIN"" -- KABATAAN PARTY-LIST REP. RENEE CO SA MAANOMALIYA NGA FLOOD CONTROL PROJECTS 

BY: LHEY ANN ALAYON | September 21, 2025
Video courtesy: Newswatch

Ginpangunahan ni Kabataan Party-list Rep. Renee Co ang pagsinggitan sang ""Marcos Singilin, Duterte Panagutin"" sa rally sa Luneta subong nga aga. 

#AksyonRadyoIloilo",,"Duterte parin 💯","0","https://www.facebook.com/100064669725059/posts/1272081354957510/?mibextid=rS40aB7S9Ucbxw6v"
"""MARCOS SINGILIN, DUTERTE PANAGUTIN"" -- KABATAAN PARTY-LIST REP. RENEE CO SA MAANOMALIYA NGA FLOOD CONTROL PROJECTS 

BY: LHEY ANN ALAYON | September 21, 2025
Video courtesy: Newswatch

Ginpangunahan ni Kabataan Party-list Rep. Renee Co ang pagsinggitan sang ""Marcos Singilin, Duterte Panagutin"" sa rally sa Luneta subong nga aga. 

#AksyonRadyoIloilo",,"Hoy pag palangita kmu to sng ubra mga lain2x amu Ang Inyo .","0","https://www.facebook.com/100064669725059/posts/1272081354957510/?mibextid=rS40aB7S9Ucbxw6v"
"""MARCOS SINGILIN, DUTERTE PANAGUTIN"" -- KABATAAN PARTY-LIST REP. RENEE CO SA MAANOMALIYA NGA FLOOD CONTROL PROJECTS 

BY: LHEY ANN ALAYON | September 21, 2025
Video courtesy: Newswatch

Ginpangunahan ni Kabataan Party-list Rep. Renee Co ang pagsinggitan sang ""Marcos Singilin, Duterte Panagutin"" sa rally sa Luneta subong nga aga. 

#AksyonRadyoIloilo",,"Scripted yung rally daming bobo na nakisali umuwi na lng kayong lahat tangena paka useless ng rally nyo walang connect 😂","0","https://www.facebook.com/100064669725059/posts/1272081354957510/?mibextid=rS40aB7S9Ucbxw6v"
"""MARCOS SINGILIN, DUTERTE PANAGUTIN"" -- KABATAAN PARTY-LIST REP. RENEE CO SA MAANOMALIYA NGA FLOOD CONTROL PROJECTS 

BY: LHEY ANN ALAYON | September 21, 2025
Video courtesy: Newswatch

Ginpangunahan ni Kabataan Party-list Rep. Renee Co ang pagsinggitan sang ""Marcos Singilin, Duterte Panagutin"" sa rally sa Luneta subong nga aga. 

#AksyonRadyoIloilo",,"mga basura","0","https://www.facebook.com/100064669725059/posts/1272081354957510/?mibextid=rS40aB7S9Ucbxw6v"
"""MARCOS SINGILIN, DUTERTE PANAGUTIN"" -- KABATAAN PARTY-LIST REP. RENEE CO SA MAANOMALIYA NGA FLOOD CONTROL PROJECTS 

BY: LHEY ANN ALAYON | September 21, 2025
Video courtesy: Newswatch

Ginpangunahan ni Kabataan Party-list Rep. Renee Co ang pagsinggitan sang ""Marcos Singilin, Duterte Panagutin"" sa rally sa Luneta subong nga aga. 

#AksyonRadyoIloilo",,"ipakita man b ang sa part nga BBM panagutin b, HAHA bias gd yah page 😂","0","https://www.facebook.com/100064669725059/posts/1272081354957510/?mibextid=rS40aB7S9Ucbxw6v"
"""MARCOS SINGILIN, DUTERTE PANAGUTIN"" -- KABATAAN PARTY-LIST REP. RENEE CO SA MAANOMALIYA NGA FLOOD CONTROL PROJECTS 

BY: LHEY ANN ALAYON | September 21, 2025
Video courtesy: Newswatch

Ginpangunahan ni Kabataan Party-list Rep. Renee Co ang pagsinggitan sang ""Marcos Singilin, Duterte Panagutin"" sa rally sa Luneta subong nga aga. 

#AksyonRadyoIloilo",,"Sumakay naman ang mga salot sa lipunan. Mga kabataang aktibista salot sa lipunan.","0","https://www.facebook.com/100064669725059/posts/1272081354957510/?mibextid=rS40aB7S9Ucbxw6v"
"""MARCOS SINGILIN, DUTERTE PANAGUTIN"" -- KABATAAN PARTY-LIST REP. RENEE CO SA MAANOMALIYA NGA FLOOD CONTROL PROJECTS 

BY: LHEY ANN ALAYON | September 21, 2025
Video courtesy: Newswatch

Ginpangunahan ni Kabataan Party-list Rep. Renee Co ang pagsinggitan sang ""Marcos Singilin, Duterte Panagutin"" sa rally sa Luneta subong nga aga. 

#AksyonRadyoIloilo",,"Solid Duterte kami. Mag NPA salot sa Bansa Twagin Nyo mga buwaya asa Gobyerno tnga mga ng rally NPa nto","0","https://www.facebook.com/100064669725059/posts/1272081354957510/?mibextid=rS40aB7S9Ucbxw6v"
"""MARCOS SINGILIN, DUTERTE PANAGUTIN"" -- KABATAAN PARTY-LIST REP. RENEE CO SA MAANOMALIYA NGA FLOOD CONTROL PROJECTS 

BY: LHEY ANN ALAYON | September 21, 2025
Video courtesy: Newswatch

Ginpangunahan ni Kabataan Party-list Rep. Renee Co ang pagsinggitan sang ""Marcos Singilin, Duterte Panagutin"" sa rally sa Luneta subong nga aga. 

#AksyonRadyoIloilo",,"Noon rally hangang Ngayon Wala napala iba iba utak Ng pilipino mahirap diciplinahin","0","https://www.facebook.com/100064669725059/posts/1272081354957510/?mibextid=rS40aB7S9Ucbxw6v"
"""MARCOS SINGILIN, DUTERTE PANAGUTIN"" -- KABATAAN PARTY-LIST REP. RENEE CO SA MAANOMALIYA NGA FLOOD CONTROL PROJECTS 

BY: LHEY ANN ALAYON | September 21, 2025
Video courtesy: Newswatch

Ginpangunahan ni Kabataan Party-list Rep. Renee Co ang pagsinggitan sang ""Marcos Singilin, Duterte Panagutin"" sa rally sa Luneta subong nga aga. 

#AksyonRadyoIloilo",,"Isa pa to. Lawyer pero confidential di Nya alam ano meaning. 🥹","0","https://www.facebook.com/100064669725059/posts/1272081354957510/?mibextid=rS40aB7S9Ucbxw6v"
"""MARCOS SINGILIN, DUTERTE PANAGUTIN"" -- KABATAAN PARTY-LIST REP. RENEE CO SA MAANOMALIYA NGA FLOOD CONTROL PROJECTS 

BY: LHEY ANN ALAYON | September 21, 2025
Video courtesy: Newswatch

Ginpangunahan ni Kabataan Party-list Rep. Renee Co ang pagsinggitan sang ""Marcos Singilin, Duterte Panagutin"" sa rally sa Luneta subong nga aga. 

#AksyonRadyoIloilo",,"mga tanga","0","https://www.facebook.com/100064669725059/posts/1272081354957510/?mibextid=rS40aB7S9Ucbxw6v"
"""MARCOS SINGILIN, DUTERTE PANAGUTIN"" -- KABATAAN PARTY-LIST REP. RENEE CO SA MAANOMALIYA NGA FLOOD CONTROL PROJECTS 

BY: LHEY ANN ALAYON | September 21, 2025
Video courtesy: Newswatch

Ginpangunahan ni Kabataan Party-list Rep. Renee Co ang pagsinggitan sang ""Marcos Singilin, Duterte Panagutin"" sa rally sa Luneta subong nga aga. 

#AksyonRadyoIloilo",,"Mga bugok damay p c Duterte","0","https://www.facebook.com/100064669725059/posts/1272081354957510/?mibextid=rS40aB7S9Ucbxw6v"
"""MARCOS SINGILIN, DUTERTE PANAGUTIN"" -- KABATAAN PARTY-LIST REP. RENEE CO SA MAANOMALIYA NGA FLOOD CONTROL PROJECTS 

BY: LHEY ANN ALAYON | September 21, 2025
Video courtesy: Newswatch

Ginpangunahan ni Kabataan Party-list Rep. Renee Co ang pagsinggitan sang ""Marcos Singilin, Duterte Panagutin"" sa rally sa Luneta subong nga aga. 

#AksyonRadyoIloilo",,"Mga gago sino Ang gusto niyong mamuno kayo??? 🤣🤣🤣","0","https://www.facebook.com/100064669725059/posts/1272081354957510/?mibextid=rS40aB7S9Ucbxw6v"
"""MARCOS SINGILIN, DUTERTE PANAGUTIN"" -- KABATAAN PARTY-LIST REP. RENEE CO SA MAANOMALIYA NGA FLOOD CONTROL PROJECTS 

BY: LHEY ANN ALAYON | September 21, 2025
Video courtesy: Newswatch

Ginpangunahan ni Kabataan Party-list Rep. Renee Co ang pagsinggitan sang ""Marcos Singilin, Duterte Panagutin"" sa rally sa Luneta subong nga aga. 

#AksyonRadyoIloilo",,"🙂 ano kalabot labot da ya sa du30🙂ang mga flood control🙂 di ka gani ka ubos senamo mo sa budget gearing 2026..indi ka pa luto nga 🥭 pra mag salang sa mga amo cna..kungdi na supalpal ka.😜","2","https://www.facebook.com/100064669725059/posts/1272081354957510/?mibextid=rS40aB7S9Ucbxw6v"
"""MARCOS SINGILIN, DUTERTE PANAGUTIN"" -- KABATAAN PARTY-LIST REP. RENEE CO SA MAANOMALIYA NGA FLOOD CONTROL PROJECTS 

BY: LHEY ANN ALAYON | September 21, 2025
Video courtesy: Newswatch

Ginpangunahan ni Kabataan Party-list Rep. Renee Co ang pagsinggitan sang ""Marcos Singilin, Duterte Panagutin"" sa rally sa Luneta subong nga aga. 

#AksyonRadyoIloilo",,"Ask man ko gani kaanoano ni Sara D si VP Sara D?","0","https://www.facebook.com/100064669725059/posts/1272081354957510/?mibextid=rS40aB7S9Ucbxw6v"
"""MARCOS SINGILIN, DUTERTE PANAGUTIN"" -- KABATAAN PARTY-LIST REP. RENEE CO SA MAANOMALIYA NGA FLOOD CONTROL PROJECTS 

BY: LHEY ANN ALAYON | September 21, 2025
Video courtesy: Newswatch

Ginpangunahan ni Kabataan Party-list Rep. Renee Co ang pagsinggitan sang ""Marcos Singilin, Duterte Panagutin"" sa rally sa Luneta subong nga aga. 

#AksyonRadyoIloilo",,"Hahahaha duterte pa rin sigaw Ng CO na Ito  hahahahahah....ikaw na LNG Kaya mag president Renee co.🤣🤣🤣🤣🤣","0","https://www.facebook.com/100064669725059/posts/1272081354957510/?mibextid=rS40aB7S9Ucbxw6v"
"""MARCOS SINGILIN, DUTERTE PANAGUTIN"" -- KABATAAN PARTY-LIST REP. RENEE CO SA MAANOMALIYA NGA FLOOD CONTROL PROJECTS 

BY: LHEY ANN ALAYON | September 21, 2025
Video courtesy: Newswatch

Ginpangunahan ni Kabataan Party-list Rep. Renee Co ang pagsinggitan sang ""Marcos Singilin, Duterte Panagutin"" sa rally sa Luneta subong nga aga. 

#AksyonRadyoIloilo",,"Mga Wala pulos ga rally","0","https://www.facebook.com/100064669725059/posts/1272081354957510/?mibextid=rS40aB7S9Ucbxw6v"
"""MARCOS SINGILIN, DUTERTE PANAGUTIN"" -- KABATAAN PARTY-LIST REP. RENEE CO SA MAANOMALIYA NGA FLOOD CONTROL PROJECTS 

BY: LHEY ANN ALAYON | September 21, 2025
Video courtesy: Newswatch

Ginpangunahan ni Kabataan Party-list Rep. Renee Co ang pagsinggitan sang ""Marcos Singilin, Duterte Panagutin"" sa rally sa Luneta subong nga aga. 

#AksyonRadyoIloilo",,"mga bobo yong mga problema ngayon dapat isigaw nyo Jan parang puro kayo bangag","0","https://www.facebook.com/100064669725059/posts/1272081354957510/?mibextid=rS40aB7S9Ucbxw6v"
"""MARCOS SINGILIN, DUTERTE PANAGUTIN"" -- KABATAAN PARTY-LIST REP. RENEE CO SA MAANOMALIYA NGA FLOOD CONTROL PROJECTS 

BY: LHEY ANN ALAYON | September 21, 2025
Video courtesy: Newswatch

Ginpangunahan ni Kabataan Party-list Rep. Renee Co ang pagsinggitan sang ""Marcos Singilin, Duterte Panagutin"" sa rally sa Luneta subong nga aga. 

#AksyonRadyoIloilo",,"mga kampon ng npa to","0","https://www.facebook.com/100064669725059/posts/1272081354957510/?mibextid=rS40aB7S9Ucbxw6v"
"""MARCOS SINGILIN, DUTERTE PANAGUTIN"" -- KABATAAN PARTY-LIST REP. RENEE CO SA MAANOMALIYA NGA FLOOD CONTROL PROJECTS 

BY: LHEY ANN ALAYON | September 21, 2025
Video courtesy: Newswatch

Ginpangunahan ni Kabataan Party-list Rep. Renee Co ang pagsinggitan sang ""Marcos Singilin, Duterte Panagutin"" sa rally sa Luneta subong nga aga. 

#AksyonRadyoIloilo",,"TANG INA NYO I FOCUS NYO ANG MGA NAGNAKAW NG IBAT IBANG AHENSYA NG GOBYERNO ....MAGKANO NATANGGAP NYO MGA DEMONYO KAYO🙏👊❤️","0","https://www.facebook.com/100064669725059/posts/1272081354957510/?mibextid=rS40aB7S9Ucbxw6v"
"""MARCOS SINGILIN, DUTERTE PANAGUTIN"" -- KABATAAN PARTY-LIST REP. RENEE CO SA MAANOMALIYA NGA FLOOD CONTROL PROJECTS 

BY: LHEY ANN ALAYON | September 21, 2025
Video courtesy: Newswatch

Ginpangunahan ni Kabataan Party-list Rep. Renee Co ang pagsinggitan sang ""Marcos Singilin, Duterte Panagutin"" sa rally sa Luneta subong nga aga. 

#AksyonRadyoIloilo",,"Ayan yong mga nap n nkikisali.","0","https://www.facebook.com/100064669725059/posts/1272081354957510/?mibextid=rS40aB7S9Ucbxw6v"
"""MARCOS SINGILIN, DUTERTE PANAGUTIN"" -- KABATAAN PARTY-LIST REP. RENEE CO SA MAANOMALIYA NGA FLOOD CONTROL PROJECTS 

BY: LHEY ANN ALAYON | September 21, 2025
Video courtesy: Newswatch

Ginpangunahan ni Kabataan Party-list Rep. Renee Co ang pagsinggitan sang ""Marcos Singilin, Duterte Panagutin"" sa rally sa Luneta subong nga aga. 

#AksyonRadyoIloilo",,"Kabataan rapest partylist mga ulllolll","0","https://www.facebook.com/100064669725059/posts/1272081354957510/?mibextid=rS40aB7S9Ucbxw6v"
"""MARCOS SINGILIN, DUTERTE PANAGUTIN"" -- KABATAAN PARTY-LIST REP. RENEE CO SA MAANOMALIYA NGA FLOOD CONTROL PROJECTS 

BY: LHEY ANN ALAYON | September 21, 2025
Video courtesy: Newswatch

Ginpangunahan ni Kabataan Party-list Rep. Renee Co ang pagsinggitan sang ""Marcos Singilin, Duterte Panagutin"" sa rally sa Luneta subong nga aga. 

#AksyonRadyoIloilo",,"NPA Ng bayan","0","https://www.facebook.com/100064669725059/posts/1272081354957510/?mibextid=rS40aB7S9Ucbxw6v"
"""MARCOS SINGILIN, DUTERTE PANAGUTIN"" -- KABATAAN PARTY-LIST REP. RENEE CO SA MAANOMALIYA NGA FLOOD CONTROL PROJECTS 

BY: LHEY ANN ALAYON | September 21, 2025
Video courtesy: Newswatch

Ginpangunahan ni Kabataan Party-list Rep. Renee Co ang pagsinggitan sang ""Marcos Singilin, Duterte Panagutin"" sa rally sa Luneta subong nga aga. 

#AksyonRadyoIloilo",,"Sino kaya gusto nila paupuin?","0","https://www.facebook.com/100064669725059/posts/1272081354957510/?mibextid=rS40aB7S9Ucbxw6v"
"""MARCOS SINGILIN, DUTERTE PANAGUTIN"" -- KABATAAN PARTY-LIST REP. RENEE CO SA MAANOMALIYA NGA FLOOD CONTROL PROJECTS 

BY: LHEY ANN ALAYON | September 21, 2025
Video courtesy: Newswatch

Ginpangunahan ni Kabataan Party-list Rep. Renee Co ang pagsinggitan sang ""Marcos Singilin, Duterte Panagutin"" sa rally sa Luneta subong nga aga. 

#AksyonRadyoIloilo",,"Oh tapos anu na?","0","https://www.facebook.com/100064669725059/posts/1272081354957510/?mibextid=rS40aB7S9Ucbxw6v"
"""MARCOS SINGILIN, DUTERTE PANAGUTIN"" -- KABATAAN PARTY-LIST REP. RENEE CO SA MAANOMALIYA NGA FLOOD CONTROL PROJECTS 

BY: LHEY ANN ALAYON | September 21, 2025
Video courtesy: Newswatch

Ginpangunahan ni Kabataan Party-list Rep. Renee Co ang pagsinggitan sang ""Marcos Singilin, Duterte Panagutin"" sa rally sa Luneta subong nga aga. 

#AksyonRadyoIloilo",,"Duterte na priso na to ni Marcos Anu pa Hala nio ka singit da ay basi wla Sila ka balo  na priso si Duterte hahah","0","https://www.facebook.com/100064669725059/posts/1272081354957510/?mibextid=rS40aB7S9Ucbxw6v"
"""MARCOS SINGILIN, DUTERTE PANAGUTIN"" -- KABATAAN PARTY-LIST REP. RENEE CO SA MAANOMALIYA NGA FLOOD CONTROL PROJECTS 

BY: LHEY ANN ALAYON | September 21, 2025
Video courtesy: Newswatch

Ginpangunahan ni Kabataan Party-list Rep. Renee Co ang pagsinggitan sang ""Marcos Singilin, Duterte Panagutin"" sa rally sa Luneta subong nga aga. 

#AksyonRadyoIloilo",,"Tae. Kabalo ni sila ayhan nga si Bojie kag sotto mabulos presidente kag vice?  Maskin 500 times kamo mag ilis presidente kag bise presidente, talamak gyapon ang korapsyon kun cortupt ang congress, especially ang soeaker of the house. Pakadto sa secretary kag appropriations committee, down to the bgy levek. Kadamo pa dapat nyo mabal an. Peke lag political ni nga rally. Kun swryoso kmo dal a nyo kongreso dak senado.","0","https://www.facebook.com/100064669725059/posts/1272081354957510/?mibextid=rS40aB7S9Ucbxw6v"
"""MARCOS SINGILIN, DUTERTE PANAGUTIN"" -- KABATAAN PARTY-LIST REP. RENEE CO SA MAANOMALIYA NGA FLOOD CONTROL PROJECTS 

BY: LHEY ANN ALAYON | September 21, 2025
Video courtesy: Newswatch

Ginpangunahan ni Kabataan Party-list Rep. Renee Co ang pagsinggitan sang ""Marcos Singilin, Duterte Panagutin"" sa rally sa Luneta subong nga aga. 

#AksyonRadyoIloilo",,"Ano ang panagutan niya?","0","https://www.facebook.com/100064669725059/posts/1272081354957510/?mibextid=rS40aB7S9Ucbxw6v"
"""MARCOS SINGILIN, DUTERTE PANAGUTIN"" -- KABATAAN PARTY-LIST REP. RENEE CO SA MAANOMALIYA NGA FLOOD CONTROL PROJECTS 

BY: LHEY ANN ALAYON | September 21, 2025
Video courtesy: Newswatch

Ginpangunahan ni Kabataan Party-list Rep. Renee Co ang pagsinggitan sang ""Marcos Singilin, Duterte Panagutin"" sa rally sa Luneta subong nga aga. 

#AksyonRadyoIloilo",,"Heto. Kayo oh👊","0","https://www.facebook.com/100064669725059/posts/1272081354957510/?mibextid=rS40aB7S9Ucbxw6v"
"""MARCOS SINGILIN, DUTERTE PANAGUTIN"" -- KABATAAN PARTY-LIST REP. RENEE CO SA MAANOMALIYA NGA FLOOD CONTROL PROJECTS 

BY: LHEY ANN ALAYON | September 21, 2025
Video courtesy: Newswatch

Ginpangunahan ni Kabataan Party-list Rep. Renee Co ang pagsinggitan sang ""Marcos Singilin, Duterte Panagutin"" sa rally sa Luneta subong nga aga. 

#AksyonRadyoIloilo",,"Wala namang mga kwenta yan nangugulo lang yan!!!…akyat na lang kayo sa bukid doon kayo bagay mga pesteng terorista!!!","0","https://www.facebook.com/100064669725059/posts/1272081354957510/?mibextid=rS40aB7S9Ucbxw6v"
"""MARCOS SINGILIN, DUTERTE PANAGUTIN"" -- KABATAAN PARTY-LIST REP. RENEE CO SA MAANOMALIYA NGA FLOOD CONTROL PROJECTS 

BY: LHEY ANN ALAYON | September 21, 2025
Video courtesy: Newswatch

Ginpangunahan ni Kabataan Party-list Rep. Renee Co ang pagsinggitan sang ""Marcos Singilin, Duterte Panagutin"" sa rally sa Luneta subong nga aga. 

#AksyonRadyoIloilo",,"LABAN!","0","https://www.facebook.com/100064669725059/posts/1272081354957510/?mibextid=rS40aB7S9Ucbxw6v"
"""MARCOS SINGILIN, DUTERTE PANAGUTIN"" -- KABATAAN PARTY-LIST REP. RENEE CO SA MAANOMALIYA NGA FLOOD CONTROL PROJECTS 

BY: LHEY ANN ALAYON | September 21, 2025
Video courtesy: Newswatch

Ginpangunahan ni Kabataan Party-list Rep. Renee Co ang pagsinggitan sang ""Marcos Singilin, Duterte Panagutin"" sa rally sa Luneta subong nga aga. 

#AksyonRadyoIloilo",,"kabataan act teachers Gabriela mga makabayan bloc na front ng enpey ganyan ang mga makakaliwa lahat ng administration gusto nilang pabagsakin simula noon hangang ngayon","0","https://www.facebook.com/100064669725059/posts/1272081354957510/?mibextid=rS40aB7S9Ucbxw6v"
"""MARCOS SINGILIN, DUTERTE PANAGUTIN"" -- KABATAAN PARTY-LIST REP. RENEE CO SA MAANOMALIYA NGA FLOOD CONTROL PROJECTS 

BY: LHEY ANN ALAYON | September 21, 2025
Video courtesy: Newswatch

Ginpangunahan ni Kabataan Party-list Rep. Renee Co ang pagsinggitan sang ""Marcos Singilin, Duterte Panagutin"" sa rally sa Luneta subong nga aga. 

#AksyonRadyoIloilo",,"Let's go!! WALA SANANG MAHIRAP KUNG WALANG MGA DDS ALLIES NA CORRUPT!","0","https://www.facebook.com/100064669725059/posts/1272081354957510/?mibextid=rS40aB7S9Ucbxw6v"
"""MARCOS SINGILIN, DUTERTE PANAGUTIN"" -- KABATAAN PARTY-LIST REP. RENEE CO SA MAANOMALIYA NGA FLOOD CONTROL PROJECTS 

BY: LHEY ANN ALAYON | September 21, 2025
Video courtesy: Newswatch

Ginpangunahan ni Kabataan Party-list Rep. Renee Co ang pagsinggitan sang ""Marcos Singilin, Duterte Panagutin"" sa rally sa Luneta subong nga aga. 

#AksyonRadyoIloilo",,"NPA eto mga kabataan","0","https://www.facebook.com/100064669725059/posts/1272081354957510/?mibextid=rS40aB7S9Ucbxw6v"
"""MARCOS SINGILIN, DUTERTE PANAGUTIN"" -- KABATAAN PARTY-LIST REP. RENEE CO SA MAANOMALIYA NGA FLOOD CONTROL PROJECTS 

BY: LHEY ANN ALAYON | September 21, 2025
Video courtesy: Newswatch

Ginpangunahan ni Kabataan Party-list Rep. Renee Co ang pagsinggitan sang ""Marcos Singilin, Duterte Panagutin"" sa rally sa Luneta subong nga aga. 

#AksyonRadyoIloilo",,"Halin Pana sang una Ang mga Buwaya,pero bag-o Lang Madiparahan.🕺😎","0","https://www.facebook.com/100064669725059/posts/1272081354957510/?mibextid=rS40aB7S9Ucbxw6v"
"""MARCOS SINGILIN, DUTERTE PANAGUTIN"" -- KABATAAN PARTY-LIST REP. RENEE CO SA MAANOMALIYA NGA FLOOD CONTROL PROJECTS 

BY: LHEY ANN ALAYON | September 21, 2025
Video courtesy: Newswatch

Ginpangunahan ni Kabataan Party-list Rep. Renee Co ang pagsinggitan sang ""Marcos Singilin, Duterte Panagutin"" sa rally sa Luneta subong nga aga. 

#AksyonRadyoIloilo",,"Pamilya ni zaldy co yan","0","https://www.facebook.com/100064669725059/posts/1272081354957510/?mibextid=rS40aB7S9Ucbxw6v"
"""MARCOS SINGILIN, DUTERTE PANAGUTIN"" -- KABATAAN PARTY-LIST REP. RENEE CO SA MAANOMALIYA NGA FLOOD CONTROL PROJECTS 

BY: LHEY ANN ALAYON | September 21, 2025
Video courtesy: Newswatch

Ginpangunahan ni Kabataan Party-list Rep. Renee Co ang pagsinggitan sang ""Marcos Singilin, Duterte Panagutin"" sa rally sa Luneta subong nga aga. 

#AksyonRadyoIloilo",,"Mga kabataan scholar ng bayan!🤣🤣 Idi mga corrupt din kayo hindi worth it pagiging scholar nyo.🤪 grades nyo 90% sumali sa rallies.🤣","0","https://www.facebook.com/100064669725059/posts/1272081354957510/?mibextid=rS40aB7S9Ucbxw6v"
"""MARCOS SINGILIN, DUTERTE PANAGUTIN"" -- KABATAAN PARTY-LIST REP. RENEE CO SA MAANOMALIYA NGA FLOOD CONTROL PROJECTS 

BY: LHEY ANN ALAYON | September 21, 2025
Video courtesy: Newswatch

Ginpangunahan ni Kabataan Party-list Rep. Renee Co ang pagsinggitan sang ""Marcos Singilin, Duterte Panagutin"" sa rally sa Luneta subong nga aga. 

#AksyonRadyoIloilo",,"rep renee Co insik yon, ginagamit ng china, para patalsikin ang c marcos , marcos ang malaking tinik sa kanila sa pag angkin ng west Philippines sea","1","https://www.facebook.com/100064669725059/posts/1272081354957510/?mibextid=rS40aB7S9Ucbxw6v"
"""MARCOS SINGILIN, DUTERTE PANAGUTIN"" -- KABATAAN PARTY-LIST REP. RENEE CO SA MAANOMALIYA NGA FLOOD CONTROL PROJECTS 

BY: LHEY ANN ALAYON | September 21, 2025
Video courtesy: Newswatch

Ginpangunahan ni Kabataan Party-list Rep. Renee Co ang pagsinggitan sang ""Marcos Singilin, Duterte Panagutin"" sa rally sa Luneta subong nga aga. 

#AksyonRadyoIloilo",,"SALOT NG LIPUNAN weeeeeeeehhhhhh","0","https://www.facebook.com/100064669725059/posts/1272081354957510/?mibextid=rS40aB7S9Ucbxw6v"
"""MARCOS SINGILIN, DUTERTE PANAGUTIN"" -- KABATAAN PARTY-LIST REP. RENEE CO SA MAANOMALIYA NGA FLOOD CONTROL PROJECTS 

BY: LHEY ANN ALAYON | September 21, 2025
Video courtesy: Newswatch

Ginpangunahan ni Kabataan Party-list Rep. Renee Co ang pagsinggitan sang ""Marcos Singilin, Duterte Panagutin"" sa rally sa Luneta subong nga aga. 

#AksyonRadyoIloilo",,"Magkano bayad bawat isa mag rally","0","https://www.facebook.com/100064669725059/posts/1272081354957510/?mibextid=rS40aB7S9Ucbxw6v"
"""MARCOS SINGILIN, DUTERTE PANAGUTIN"" -- KABATAAN PARTY-LIST REP. RENEE CO SA MAANOMALIYA NGA FLOOD CONTROL PROJECTS 

BY: LHEY ANN ALAYON | September 21, 2025
Video courtesy: Newswatch

Ginpangunahan ni Kabataan Party-list Rep. Renee Co ang pagsinggitan sang ""Marcos Singilin, Duterte Panagutin"" sa rally sa Luneta subong nga aga. 

#AksyonRadyoIloilo",,"Mga ulol kayo!!!! Bakit c Duterte panagutin mga bobo kayo naniwala kayo Kay Renee co para mapagtakpan ang pinsan nyang si zaldy co","0","https://www.facebook.com/100064669725059/posts/1272081354957510/?mibextid=rS40aB7S9Ucbxw6v"
"""MARCOS SINGILIN, DUTERTE PANAGUTIN"" -- KABATAAN PARTY-LIST REP. RENEE CO SA MAANOMALIYA NGA FLOOD CONTROL PROJECTS 

BY: LHEY ANN ALAYON | September 21, 2025
Video courtesy: Newswatch

Ginpangunahan ni Kabataan Party-list Rep. Renee Co ang pagsinggitan sang ""Marcos Singilin, Duterte Panagutin"" sa rally sa Luneta subong nga aga. 

#AksyonRadyoIloilo",,"huh si duterte? dapat si romualdez, co and marcos!!!!","0","https://www.facebook.com/100064669725059/posts/1272081354957510/?mibextid=rS40aB7S9Ucbxw6v"
"""MARCOS SINGILIN, DUTERTE PANAGUTIN"" -- KABATAAN PARTY-LIST REP. RENEE CO SA MAANOMALIYA NGA FLOOD CONTROL PROJECTS 

BY: LHEY ANN ALAYON | September 21, 2025
Video courtesy: Newswatch

Ginpangunahan ni Kabataan Party-list Rep. Renee Co ang pagsinggitan sang ""Marcos Singilin, Duterte Panagutin"" sa rally sa Luneta subong nga aga. 

#AksyonRadyoIloilo",,"Hoy mga salot bisan ano pa da ka singgitan nyu Duterte forever kami 👊","1","https://www.facebook.com/100064669725059/posts/1272081354957510/?mibextid=rS40aB7S9Ucbxw6v"
"""MARCOS SINGILIN, DUTERTE PANAGUTIN"" -- KABATAAN PARTY-LIST REP. RENEE CO SA MAANOMALIYA NGA FLOOD CONTROL PROJECTS 

BY: LHEY ANN ALAYON | September 21, 2025
Video courtesy: Newswatch

Ginpangunahan ni Kabataan Party-list Rep. Renee Co ang pagsinggitan sang ""Marcos Singilin, Duterte Panagutin"" sa rally sa Luneta subong nga aga. 

#AksyonRadyoIloilo",,"Magpuli na kamo to nagainit init lng kmo sa kalsada.","0","https://www.facebook.com/100064669725059/posts/1272081354957510/?mibextid=rS40aB7S9Ucbxw6v"
"""MARCOS SINGILIN, DUTERTE PANAGUTIN"" -- KABATAAN PARTY-LIST REP. RENEE CO SA MAANOMALIYA NGA FLOOD CONTROL PROJECTS 

BY: LHEY ANN ALAYON | September 21, 2025
Video courtesy: Newswatch

Ginpangunahan ni Kabataan Party-list Rep. Renee Co ang pagsinggitan sang ""Marcos Singilin, Duterte Panagutin"" sa rally sa Luneta subong nga aga. 

#AksyonRadyoIloilo",,"Isprehan niyo yan ng tubig bombero,..pasmado na ang mga yan,umaasa sa ayuda ni BBM at Martin Romualdez kasama ang Leila De Lema ng nakulong dahil sa protektor ng druga,.....","0","https://www.facebook.com/100064669725059/posts/1272081354957510/?mibextid=rS40aB7S9Ucbxw6v"
"""MARCOS SINGILIN, DUTERTE PANAGUTIN"" -- KABATAAN PARTY-LIST REP. RENEE CO SA MAANOMALIYA NGA FLOOD CONTROL PROJECTS 

BY: LHEY ANN ALAYON | September 21, 2025
Video courtesy: Newswatch

Ginpangunahan ni Kabataan Party-list Rep. Renee Co ang pagsinggitan sang ""Marcos Singilin, Duterte Panagutin"" sa rally sa Luneta subong nga aga. 

#AksyonRadyoIloilo",,"Nagtanga ramo mga timawa  mo!!! Duterte niyo mukha niyo MARCOS niyo Yan administration nya Yan ang paalisin..👊👊💚💚😤","0","https://www.facebook.com/100064669725059/posts/1272081354957510/?mibextid=rS40aB7S9Ucbxw6v"
"""MARCOS SINGILIN, DUTERTE PANAGUTIN"" -- KABATAAN PARTY-LIST REP. RENEE CO SA MAANOMALIYA NGA FLOOD CONTROL PROJECTS 

BY: LHEY ANN ALAYON | September 21, 2025
Video courtesy: Newswatch

Ginpangunahan ni Kabataan Party-list Rep. Renee Co ang pagsinggitan sang ""Marcos Singilin, Duterte Panagutin"" sa rally sa Luneta subong nga aga. 

#AksyonRadyoIloilo",,"MARCOS RESIGN‼️❌‼️🤡","0","https://www.facebook.com/100064669725059/posts/1272081354957510/?mibextid=rS40aB7S9Ucbxw6v"
"""MARCOS SINGILIN, DUTERTE PANAGUTIN"" -- KABATAAN PARTY-LIST REP. RENEE CO SA MAANOMALIYA NGA FLOOD CONTROL PROJECTS 

BY: LHEY ANN ALAYON | September 21, 2025
Video courtesy: Newswatch

Ginpangunahan ni Kabataan Party-list Rep. Renee Co ang pagsinggitan sang ""Marcos Singilin, Duterte Panagutin"" sa rally sa Luneta subong nga aga. 

#AksyonRadyoIloilo",,"SOLID DU30 KMI BILOG NGA PILIPINAS 👊❤️‍🔥 .  KMO NGA GA RALLY MGA BULAYY-OG 😂🤣🤣🤣","0","https://www.facebook.com/100064669725059/posts/1272081354957510/?mibextid=rS40aB7S9Ucbxw6v"
"""MARCOS SINGILIN, DUTERTE PANAGUTIN"" -- KABATAAN PARTY-LIST REP. RENEE CO SA MAANOMALIYA NGA FLOOD CONTROL PROJECTS 

BY: LHEY ANN ALAYON | September 21, 2025
Video courtesy: Newswatch

Ginpangunahan ni Kabataan Party-list Rep. Renee Co ang pagsinggitan sang ""Marcos Singilin, Duterte Panagutin"" sa rally sa Luneta subong nga aga. 

#AksyonRadyoIloilo",,"Rela thieves ni zaldy co ko alam na dis hahaha","0","https://www.facebook.com/100064669725059/posts/1272081354957510/?mibextid=rS40aB7S9Ucbxw6v"
"""MARCOS SINGILIN, DUTERTE PANAGUTIN"" -- KABATAAN PARTY-LIST REP. RENEE CO SA MAANOMALIYA NGA FLOOD CONTROL PROJECTS 

BY: LHEY ANN ALAYON | September 21, 2025
Video courtesy: Newswatch

Ginpangunahan ni Kabataan Party-list Rep. Renee Co ang pagsinggitan sang ""Marcos Singilin, Duterte Panagutin"" sa rally sa Luneta subong nga aga. 

#AksyonRadyoIloilo",,"Duterte kami walang kurap Marcos resign","0","https://www.facebook.com/100064669725059/posts/1272081354957510/?mibextid=rS40aB7S9Ucbxw6v"
"""MARCOS SINGILIN, DUTERTE PANAGUTIN"" -- KABATAAN PARTY-LIST REP. RENEE CO SA MAANOMALIYA NGA FLOOD CONTROL PROJECTS 

BY: LHEY ANN ALAYON | September 21, 2025
Video courtesy: Newswatch

Ginpangunahan ni Kabataan Party-list Rep. Renee Co ang pagsinggitan sang ""Marcos Singilin, Duterte Panagutin"" sa rally sa Luneta subong nga aga. 

#AksyonRadyoIloilo",,"Tpos ang mga nasa red area nila nga tinawo gakalamatay lng sa engkwentro pro wla nila nabuligan para mapalubong.","0","https://www.facebook.com/100064669725059/posts/1272081354957510/?mibextid=rS40aB7S9Ucbxw6v"
"""MARCOS SINGILIN, DUTERTE PANAGUTIN"" -- KABATAAN PARTY-LIST REP. RENEE CO SA MAANOMALIYA NGA FLOOD CONTROL PROJECTS 

BY: LHEY ANN ALAYON | September 21, 2025
Video courtesy: Newswatch

Ginpangunahan ni Kabataan Party-list Rep. Renee Co ang pagsinggitan sang ""Marcos Singilin, Duterte Panagutin"" sa rally sa Luneta subong nga aga. 

#AksyonRadyoIloilo",,"Awww awww meow meow 😸 lang kayo jan. Sara Polong, Baste and Digong panagutin mga kupal kayo..👎😉😹","0","https://www.facebook.com/100064669725059/posts/1272081354957510/?mibextid=rS40aB7S9Ucbxw6v"
"""MARCOS SINGILIN, DUTERTE PANAGUTIN"" -- KABATAAN PARTY-LIST REP. RENEE CO SA MAANOMALIYA NGA FLOOD CONTROL PROJECTS 

BY: LHEY ANN ALAYON | September 21, 2025
Video courtesy: Newswatch

Ginpangunahan ni Kabataan Party-list Rep. Renee Co ang pagsinggitan sang ""Marcos Singilin, Duterte Panagutin"" sa rally sa Luneta subong nga aga. 

#AksyonRadyoIloilo",,"Hahaha 8080 may utang ang pangulo ninyo sisingilin nyo.","0","https://www.facebook.com/100064669725059/posts/1272081354957510/?mibextid=rS40aB7S9Ucbxw6v"
"""MARCOS SINGILIN, DUTERTE PANAGUTIN"" -- KABATAAN PARTY-LIST REP. RENEE CO SA MAANOMALIYA NGA FLOOD CONTROL PROJECTS 

BY: LHEY ANN ALAYON | September 21, 2025
Video courtesy: Newswatch

Ginpangunahan ni Kabataan Party-list Rep. Renee Co ang pagsinggitan sang ""Marcos Singilin, Duterte Panagutin"" sa rally sa Luneta subong nga aga. 

#AksyonRadyoIloilo",,"NPA panagutin nakakasira Ng bayan","1","https://www.facebook.com/100064669725059/posts/1272081354957510/?mibextid=rS40aB7S9Ucbxw6v"
"""MARCOS SINGILIN, DUTERTE PANAGUTIN"" -- KABATAAN PARTY-LIST REP. RENEE CO SA MAANOMALIYA NGA FLOOD CONTROL PROJECTS 

BY: LHEY ANN ALAYON | September 21, 2025
Video courtesy: Newswatch

Ginpangunahan ni Kabataan Party-list Rep. Renee Co ang pagsinggitan sang ""Marcos Singilin, Duterte Panagutin"" sa rally sa Luneta subong nga aga. 

#AksyonRadyoIloilo",,"Hindi kayo  magtatagupay  sa  taong  matuwig,","0","https://www.facebook.com/100064669725059/posts/1272081354957510/?mibextid=rS40aB7S9Ucbxw6v"
"""MARCOS SINGILIN, DUTERTE PANAGUTIN"" -- KABATAAN PARTY-LIST REP. RENEE CO SA MAANOMALIYA NGA FLOOD CONTROL PROJECTS 

BY: LHEY ANN ALAYON | September 21, 2025
Video courtesy: Newswatch

Ginpangunahan ni Kabataan Party-list Rep. Renee Co ang pagsinggitan sang ""Marcos Singilin, Duterte Panagutin"" sa rally sa Luneta subong nga aga. 

#AksyonRadyoIloilo",,"Meron bang utang sayo RenneCo-Rap si Duterte ??yung kaapelyedo mong Zaldy Co-Rap ang pagbayarin mo at pababain nyo ng konggreso ..Yun ang MagNANAKAW ng po era ng Gobyerno .","0","https://www.facebook.com/100064669725059/posts/1272081354957510/?mibextid=rS40aB7S9Ucbxw6v"
"""MARCOS SINGILIN, DUTERTE PANAGUTIN"" -- KABATAAN PARTY-LIST REP. RENEE CO SA MAANOMALIYA NGA FLOOD CONTROL PROJECTS 

BY: LHEY ANN ALAYON | September 21, 2025
Video courtesy: Newswatch

Ginpangunahan ni Kabataan Party-list Rep. Renee Co ang pagsinggitan sang ""Marcos Singilin, Duterte Panagutin"" sa rally sa Luneta subong nga aga. 

#AksyonRadyoIloilo",,"Sino si singilin si Imee Marcos? 🤣🤣","0","https://www.facebook.com/100064669725059/posts/1272081354957510/?mibextid=rS40aB7S9Ucbxw6v"
"""MARCOS SINGILIN, DUTERTE PANAGUTIN"" -- KABATAAN PARTY-LIST REP. RENEE CO SA MAANOMALIYA NGA FLOOD CONTROL PROJECTS 

BY: LHEY ANN ALAYON | September 21, 2025
Video courtesy: Newswatch

Ginpangunahan ni Kabataan Party-list Rep. Renee Co ang pagsinggitan sang ""Marcos Singilin, Duterte Panagutin"" sa rally sa Luneta subong nga aga. 

#AksyonRadyoIloilo",,"Ano yun pinsan? hahaha panagutin din c pinsan mo zaldy co?","5","https://www.facebook.com/100064669725059/posts/1272081354957510/?mibextid=rS40aB7S9Ucbxw6v"
"""MARCOS SINGILIN, DUTERTE PANAGUTIN"" -- KABATAAN PARTY-LIST REP. RENEE CO SA MAANOMALIYA NGA FLOOD CONTROL PROJECTS 

BY: LHEY ANN ALAYON | September 21, 2025
Video courtesy: Newswatch

Ginpangunahan ni Kabataan Party-list Rep. Renee Co ang pagsinggitan sang ""Marcos Singilin, Duterte Panagutin"" sa rally sa Luneta subong nga aga. 

#AksyonRadyoIloilo",,"Nag usik lng kmu ka oras ninyo. Dw mga tambalos los lng. Nga ara da ya kabataan party list...ano may trap....mga haslo 
Ano da may bayad da mga kabataan party list...","0","https://www.facebook.com/100064669725059/posts/1272081354957510/?mibextid=rS40aB7S9Ucbxw6v"
"""MARCOS SINGILIN, DUTERTE PANAGUTIN"" -- KABATAAN PARTY-LIST REP. RENEE CO SA MAANOMALIYA NGA FLOOD CONTROL PROJECTS 

BY: LHEY ANN ALAYON | September 21, 2025
Video courtesy: Newswatch

Ginpangunahan ni Kabataan Party-list Rep. Renee Co ang pagsinggitan sang ""Marcos Singilin, Duterte Panagutin"" sa rally sa Luneta subong nga aga. 

#AksyonRadyoIloilo",,"Magdasal nalng kayo sa hindi stupido para hindi na kayo mpagod diyan","0","https://www.facebook.com/100064669725059/posts/1272081354957510/?mibextid=rS40aB7S9Ucbxw6v"
"""MARCOS SINGILIN, DUTERTE PANAGUTIN"" -- KABATAAN PARTY-LIST REP. RENEE CO SA MAANOMALIYA NGA FLOOD CONTROL PROJECTS 

BY: LHEY ANN ALAYON | September 21, 2025
Video courtesy: Newswatch

Ginpangunahan ni Kabataan Party-list Rep. Renee Co ang pagsinggitan sang ""Marcos Singilin, Duterte Panagutin"" sa rally sa Luneta subong nga aga. 

#AksyonRadyoIloilo",,"tama nana nga MARCOS AKO O DUTERTE AKO, PWEDE PINOY AKO nman? Nalimtan tana kis a nga pinoy ta kay tungod ang hatred sa politiko! ipagbato taya ang pagka pinoy ta hndi mga ungas na mga politiko!!!","0","https://www.facebook.com/100064669725059/posts/1272081354957510/?mibextid=rS40aB7S9Ucbxw6v"
"""MARCOS SINGILIN, DUTERTE PANAGUTIN"" -- KABATAAN PARTY-LIST REP. RENEE CO SA MAANOMALIYA NGA FLOOD CONTROL PROJECTS 

BY: LHEY ANN ALAYON | September 21, 2025
Video courtesy: Newswatch

Ginpangunahan ni Kabataan Party-list Rep. Renee Co ang pagsinggitan sang ""Marcos Singilin, Duterte Panagutin"" sa rally sa Luneta subong nga aga. 

#AksyonRadyoIloilo",,"Duterte parin 1000%","0","https://www.facebook.com/100064669725059/posts/1272081354957510/?mibextid=rS40aB7S9Ucbxw6v"
"""MARCOS SINGILIN, DUTERTE PANAGUTIN"" -- KABATAAN PARTY-LIST REP. RENEE CO SA MAANOMALIYA NGA FLOOD CONTROL PROJECTS 

BY: LHEY ANN ALAYON | September 21, 2025
Video courtesy: Newswatch

Ginpangunahan ni Kabataan Party-list Rep. Renee Co ang pagsinggitan sang ""Marcos Singilin, Duterte Panagutin"" sa rally sa Luneta subong nga aga. 

#AksyonRadyoIloilo",,"Politika nayan eh","0","https://www.facebook.com/100064669725059/posts/1272081354957510/?mibextid=rS40aB7S9Ucbxw6v"
"""MARCOS SINGILIN, DUTERTE PANAGUTIN"" -- KABATAAN PARTY-LIST REP. RENEE CO SA MAANOMALIYA NGA FLOOD CONTROL PROJECTS 

BY: LHEY ANN ALAYON | September 21, 2025
Video courtesy: Newswatch

Ginpangunahan ni Kabataan Party-list Rep. Renee Co ang pagsinggitan sang ""Marcos Singilin, Duterte Panagutin"" sa rally sa Luneta subong nga aga. 

#AksyonRadyoIloilo",,"ANG LEADER NG MAGNANAKAW NASA HAGUE NA ..PINAGTATAWANAN LANG NYA TAYO NGAYON ? AYUN NILULUSTAY NA NI LUSTAY ANG NAKULIMBAT NYA???","0","https://www.facebook.com/100064669725059/posts/1272081354957510/?mibextid=rS40aB7S9Ucbxw6v"
"""MARCOS SINGILIN, DUTERTE PANAGUTIN"" -- KABATAAN PARTY-LIST REP. RENEE CO SA MAANOMALIYA NGA FLOOD CONTROL PROJECTS 

BY: LHEY ANN ALAYON | September 21, 2025
Video courtesy: Newswatch

Ginpangunahan ni Kabataan Party-list Rep. Renee Co ang pagsinggitan sang ""Marcos Singilin, Duterte Panagutin"" sa rally sa Luneta subong nga aga. 

#AksyonRadyoIloilo",,"Renee Co kaanu anu mo c ZALDY CO!?
ITO DAPAT ISIGAW MO! MARTIN PANAGUTIN AT BBM RESIGN!","0","https://www.facebook.com/100064669725059/posts/1272081354957510/?mibextid=rS40aB7S9Ucbxw6v"
"""MARCOS SINGILIN, DUTERTE PANAGUTIN"" -- KABATAAN PARTY-LIST REP. RENEE CO SA MAANOMALIYA NGA FLOOD CONTROL PROJECTS 

BY: LHEY ANN ALAYON | September 21, 2025
Video courtesy: Newswatch

Ginpangunahan ni Kabataan Party-list Rep. Renee Co ang pagsinggitan sang ""Marcos Singilin, Duterte Panagutin"" sa rally sa Luneta subong nga aga. 

#AksyonRadyoIloilo",,"Salot kayo ng bayan Hindi kayo dapat pamarisan ng mga kabataan. Hindi tulad ninyo ang pag asa ng bayan.","0","https://www.facebook.com/100064669725059/posts/1272081354957510/?mibextid=rS40aB7S9Ucbxw6v"
"""MARCOS SINGILIN, DUTERTE PANAGUTIN"" -- KABATAAN PARTY-LIST REP. RENEE CO SA MAANOMALIYA NGA FLOOD CONTROL PROJECTS 

BY: LHEY ANN ALAYON | September 21, 2025
Video courtesy: Newswatch

Ginpangunahan ni Kabataan Party-list Rep. Renee Co ang pagsinggitan sang ""Marcos Singilin, Duterte Panagutin"" sa rally sa Luneta subong nga aga. 

#AksyonRadyoIloilo",,"Uwi an na at mag saing na kayo","0","https://www.facebook.com/100064669725059/posts/1272081354957510/?mibextid=rS40aB7S9Ucbxw6v"
"""MARCOS SINGILIN, DUTERTE PANAGUTIN"" -- KABATAAN PARTY-LIST REP. RENEE CO SA MAANOMALIYA NGA FLOOD CONTROL PROJECTS 

BY: LHEY ANN ALAYON | September 21, 2025
Video courtesy: Newswatch

Ginpangunahan ni Kabataan Party-list Rep. Renee Co ang pagsinggitan sang ""Marcos Singilin, Duterte Panagutin"" sa rally sa Luneta subong nga aga. 

#AksyonRadyoIloilo",,"Mga bweshitt kayo , puro kayo duterte!!! Ipanawagan niyo na mag resign na si marcos at panagutin si co at romualdez!!!!","0","https://www.facebook.com/100064669725059/posts/1272081354957510/?mibextid=rS40aB7S9Ucbxw6v"
"""MARCOS SINGILIN, DUTERTE PANAGUTIN"" -- KABATAAN PARTY-LIST REP. RENEE CO SA MAANOMALIYA NGA FLOOD CONTROL PROJECTS 

BY: LHEY ANN ALAYON | September 21, 2025
Video courtesy: Newswatch

Ginpangunahan ni Kabataan Party-list Rep. Renee Co ang pagsinggitan sang ""Marcos Singilin, Duterte Panagutin"" sa rally sa Luneta subong nga aga. 

#AksyonRadyoIloilo",,"Kalakuba wlng kulay bakit puro dilawan yata 🤣","0","https://www.facebook.com/100064669725059/posts/1272081354957510/?mibextid=rS40aB7S9Ucbxw6v"
"""MARCOS SINGILIN, DUTERTE PANAGUTIN"" -- KABATAAN PARTY-LIST REP. RENEE CO SA MAANOMALIYA NGA FLOOD CONTROL PROJECTS 

BY: LHEY ANN ALAYON | September 21, 2025
Video courtesy: Newswatch

Ginpangunahan ni Kabataan Party-list Rep. Renee Co ang pagsinggitan sang ""Marcos Singilin, Duterte Panagutin"" sa rally sa Luneta subong nga aga. 

#AksyonRadyoIloilo",,"Mali yung rally nyo 😂😂😂 ano ginagawa nyo","0","https://www.facebook.com/100064669725059/posts/1272081354957510/?mibextid=rS40aB7S9Ucbxw6v"
"""MARCOS SINGILIN, DUTERTE PANAGUTIN"" -- KABATAAN PARTY-LIST REP. RENEE CO SA MAANOMALIYA NGA FLOOD CONTROL PROJECTS 

BY: LHEY ANN ALAYON | September 21, 2025
Video courtesy: Newswatch

Ginpangunahan ni Kabataan Party-list Rep. Renee Co ang pagsinggitan sang ""Marcos Singilin, Duterte Panagutin"" sa rally sa Luneta subong nga aga. 

#AksyonRadyoIloilo",,"Hoy mga ugok wag nyo idammay Ang mga duterte","0","https://www.facebook.com/100064669725059/posts/1272081354957510/?mibextid=rS40aB7S9Ucbxw6v"
"""MARCOS SINGILIN, DUTERTE PANAGUTIN"" -- KABATAAN PARTY-LIST REP. RENEE CO SA MAANOMALIYA NGA FLOOD CONTROL PROJECTS 

BY: LHEY ANN ALAYON | September 21, 2025
Video courtesy: Newswatch

Ginpangunahan ni Kabataan Party-list Rep. Renee Co ang pagsinggitan sang ""Marcos Singilin, Duterte Panagutin"" sa rally sa Luneta subong nga aga. 

#AksyonRadyoIloilo",,"Duterte pa rin💚👊","0","https://www.facebook.com/100064669725059/posts/1272081354957510/?mibextid=rS40aB7S9Ucbxw6v"
"""MARCOS SINGILIN, DUTERTE PANAGUTIN"" -- KABATAAN PARTY-LIST REP. RENEE CO SA MAANOMALIYA NGA FLOOD CONTROL PROJECTS 

BY: LHEY ANN ALAYON | September 21, 2025
Video courtesy: Newswatch

Ginpangunahan ni Kabataan Party-list Rep. Renee Co ang pagsinggitan sang ""Marcos Singilin, Duterte Panagutin"" sa rally sa Luneta subong nga aga. 

#AksyonRadyoIloilo",,"Anong paki ni Duterte dyan","0","https://www.facebook.com/100064669725059/posts/1272081354957510/?mibextid=rS40aB7S9Ucbxw6v"
"""MARCOS SINGILIN, DUTERTE PANAGUTIN"" -- KABATAAN PARTY-LIST REP. RENEE CO SA MAANOMALIYA NGA FLOOD CONTROL PROJECTS 

BY: LHEY ANN ALAYON | September 21, 2025
Video courtesy: Newswatch

Ginpangunahan ni Kabataan Party-list Rep. Renee Co ang pagsinggitan sang ""Marcos Singilin, Duterte Panagutin"" sa rally sa Luneta subong nga aga. 

#AksyonRadyoIloilo",,"Mga npa lol","0","https://www.facebook.com/100064669725059/posts/1272081354957510/?mibextid=rS40aB7S9Ucbxw6v"
"""MARCOS SINGILIN, DUTERTE PANAGUTIN"" -- KABATAAN PARTY-LIST REP. RENEE CO SA MAANOMALIYA NGA FLOOD CONTROL PROJECTS 

BY: LHEY ANN ALAYON | September 21, 2025
Video courtesy: Newswatch

Ginpangunahan ni Kabataan Party-list Rep. Renee Co ang pagsinggitan sang ""Marcos Singilin, Duterte Panagutin"" sa rally sa Luneta subong nga aga. 

#AksyonRadyoIloilo",,"Mga mangu na front lang na sila sang ila leader leader indi man na sila katilaw bisan subong nga ang budget sa rallies mga leader leader Nila ang paldo kanugon sang kusog kag utok","0","https://www.facebook.com/100064669725059/posts/1272081354957510/?mibextid=rS40aB7S9Ucbxw6v"
"""MARCOS SINGILIN, DUTERTE PANAGUTIN"" -- KABATAAN PARTY-LIST REP. RENEE CO SA MAANOMALIYA NGA FLOOD CONTROL PROJECTS 

BY: LHEY ANN ALAYON | September 21, 2025
Video courtesy: Newswatch

Ginpangunahan ni Kabataan Party-list Rep. Renee Co ang pagsinggitan sang ""Marcos Singilin, Duterte Panagutin"" sa rally sa Luneta subong nga aga. 

#AksyonRadyoIloilo",,"mga ogag, ato na si Digong ginpa preso na gani. DUTERTE DUMAN YAH SINGGIT SANG MGA ANGO ANGO NGA NI...","0","https://www.facebook.com/100064669725059/posts/1272081354957510/?mibextid=rS40aB7S9Ucbxw6v"
"""MARCOS SINGILIN, DUTERTE PANAGUTIN"" -- KABATAAN PARTY-LIST REP. RENEE CO SA MAANOMALIYA NGA FLOOD CONTROL PROJECTS 

BY: LHEY ANN ALAYON | September 21, 2025
Video courtesy: Newswatch

Ginpangunahan ni Kabataan Party-list Rep. Renee Co ang pagsinggitan sang ""Marcos Singilin, Duterte Panagutin"" sa rally sa Luneta subong nga aga. 

#AksyonRadyoIloilo",,"Mga BANGAG dn , why du30 hahahaha, sya ba kurakot s flood control?, wag kayo mamulitika . magkano ba Bayaran dyan.ang gawain nyo nlang , talunin nyo c VP Sara s 2028 presidential election, dahil , sure win na yarn.hehehe","0","https://www.facebook.com/100064669725059/posts/1272081354957510/?mibextid=rS40aB7S9Ucbxw6v"
"""MARCOS SINGILIN, DUTERTE PANAGUTIN"" -- KABATAAN PARTY-LIST REP. RENEE CO SA MAANOMALIYA NGA FLOOD CONTROL PROJECTS 

BY: LHEY ANN ALAYON | September 21, 2025
Video courtesy: Newswatch

Ginpangunahan ni Kabataan Party-list Rep. Renee Co ang pagsinggitan sang ""Marcos Singilin, Duterte Panagutin"" sa rally sa Luneta subong nga aga. 

#AksyonRadyoIloilo",,"Didto kamo rally house of representative bugok kayo","0","https://www.facebook.com/100064669725059/posts/1272081354957510/?mibextid=rS40aB7S9Ucbxw6v"
"""MARCOS SINGILIN, DUTERTE PANAGUTIN"" -- KABATAAN PARTY-LIST REP. RENEE CO SA MAANOMALIYA NGA FLOOD CONTROL PROJECTS 

BY: LHEY ANN ALAYON | September 21, 2025
Video courtesy: Newswatch

Ginpangunahan ni Kabataan Party-list Rep. Renee Co ang pagsinggitan sang ""Marcos Singilin, Duterte Panagutin"" sa rally sa Luneta subong nga aga. 

#AksyonRadyoIloilo",,"Adik protectahan, buaya protectahan, Zaldy Co ano mo c Rep. RENEE CO? Wow katangahan talaga, flood control nyo ang panagutin mga DU30? Mga tanga.","0","https://www.facebook.com/100064669725059/posts/1272081354957510/?mibextid=rS40aB7S9Ucbxw6v"
"""MARCOS SINGILIN, DUTERTE PANAGUTIN"" -- KABATAAN PARTY-LIST REP. RENEE CO SA MAANOMALIYA NGA FLOOD CONTROL PROJECTS 

BY: LHEY ANN ALAYON | September 21, 2025
Video courtesy: Newswatch

Ginpangunahan ni Kabataan Party-list Rep. Renee Co ang pagsinggitan sang ""Marcos Singilin, Duterte Panagutin"" sa rally sa Luneta subong nga aga. 

#AksyonRadyoIloilo",,"BATUHIN NYO NA NG MOLOTOV YAN !!!!","0","https://www.facebook.com/100064669725059/posts/1272081354957510/?mibextid=rS40aB7S9Ucbxw6v"
"""MARCOS SINGILIN, DUTERTE PANAGUTIN"" -- KABATAAN PARTY-LIST REP. RENEE CO SA MAANOMALIYA NGA FLOOD CONTROL PROJECTS 

BY: LHEY ANN ALAYON | September 21, 2025
Video courtesy: Newswatch

Ginpangunahan ni Kabataan Party-list Rep. Renee Co ang pagsinggitan sang ""Marcos Singilin, Duterte Panagutin"" sa rally sa Luneta subong nga aga. 

#AksyonRadyoIloilo",,"untwa...  so ang NPA di salot ng bayan?","0","https://www.facebook.com/100064669725059/posts/1272081354957510/?mibextid=rS40aB7S9Ucbxw6v"
"""MARCOS SINGILIN, DUTERTE PANAGUTIN"" -- KABATAAN PARTY-LIST REP. RENEE CO SA MAANOMALIYA NGA FLOOD CONTROL PROJECTS 

BY: LHEY ANN ALAYON | September 21, 2025
Video courtesy: Newswatch

Ginpangunahan ni Kabataan Party-list Rep. Renee Co ang pagsinggitan sang ""Marcos Singilin, Duterte Panagutin"" sa rally sa Luneta subong nga aga. 

#AksyonRadyoIloilo",,"Buang buang man siguro mo... Inyuhang TATAY DIGZ Gani nag paunlad sa edukasyon Gani... SI BBM inyuhang puntaryahon...🤣🤣🤣✌️✌️✌️.... 

Wala na gyuy ayo nag tudlo sa inyuha","0","https://www.facebook.com/100064669725059/posts/1272081354957510/?mibextid=rS40aB7S9Ucbxw6v"
"""MARCOS SINGILIN, DUTERTE PANAGUTIN"" -- KABATAAN PARTY-LIST REP. RENEE CO SA MAANOMALIYA NGA FLOOD CONTROL PROJECTS 

BY: LHEY ANN ALAYON | September 21, 2025
Video courtesy: Newswatch

Ginpangunahan ni Kabataan Party-list Rep. Renee Co ang pagsinggitan sang ""Marcos Singilin, Duterte Panagutin"" sa rally sa Luneta subong nga aga. 

#AksyonRadyoIloilo",,"HOY MGA BWESIT KAYO BAKIT ANG DU30 MANANAGUTIN HA ANO PALAGAY NYA MY KASALANAN BA ANG DU30 SAINYO MGA PUTANG INA NYA ANG DAPAT ISISIGAW NYO YONG C MARCOS DAHIL SIYA ANG DAHILAN MAG NANAKAW SIYA HNDI DU30 MGA UGOG..","0","https://www.facebook.com/100064669725059/posts/1272081354957510/?mibextid=rS40aB7S9Ucbxw6v"
"""MARCOS SINGILIN, DUTERTE PANAGUTIN"" -- KABATAAN PARTY-LIST REP. RENEE CO SA MAANOMALIYA NGA FLOOD CONTROL PROJECTS 

BY: LHEY ANN ALAYON | September 21, 2025
Video courtesy: Newswatch

Ginpangunahan ni Kabataan Party-list Rep. Renee Co ang pagsinggitan sang ""Marcos Singilin, Duterte Panagutin"" sa rally sa Luneta subong nga aga. 

#AksyonRadyoIloilo",,"SIRA ULO KAYO!","0","https://www.facebook.com/100064669725059/posts/1272081354957510/?mibextid=rS40aB7S9Ucbxw6v"
"""MARCOS SINGILIN, DUTERTE PANAGUTIN"" -- KABATAAN PARTY-LIST REP. RENEE CO SA MAANOMALIYA NGA FLOOD CONTROL PROJECTS 

BY: LHEY ANN ALAYON | September 21, 2025
Video courtesy: Newswatch

Ginpangunahan ni Kabataan Party-list Rep. Renee Co ang pagsinggitan sang ""Marcos Singilin, Duterte Panagutin"" sa rally sa Luneta subong nga aga. 

#AksyonRadyoIloilo",,"Mga dilawan pala to wla ng boboto sa mga manok nyo alam nmin mga baho nyo","0","https://www.facebook.com/100064669725059/posts/1272081354957510/?mibextid=rS40aB7S9Ucbxw6v"
"""MARCOS SINGILIN, DUTERTE PANAGUTIN"" -- KABATAAN PARTY-LIST REP. RENEE CO SA MAANOMALIYA NGA FLOOD CONTROL PROJECTS 

BY: LHEY ANN ALAYON | September 21, 2025
Video courtesy: Newswatch

Ginpangunahan ni Kabataan Party-list Rep. Renee Co ang pagsinggitan sang ""Marcos Singilin, Duterte Panagutin"" sa rally sa Luneta subong nga aga. 

#AksyonRadyoIloilo",,"Hahaha mga NPA","1","https://www.facebook.com/100064669725059/posts/1272081354957510/?mibextid=rS40aB7S9Ucbxw6v"
"""MARCOS SINGILIN, DUTERTE PANAGUTIN"" -- KABATAAN PARTY-LIST REP. RENEE CO SA MAANOMALIYA NGA FLOOD CONTROL PROJECTS 

BY: LHEY ANN ALAYON | September 21, 2025
Video courtesy: Newswatch

Ginpangunahan ni Kabataan Party-list Rep. Renee Co ang pagsinggitan sang ""Marcos Singilin, Duterte Panagutin"" sa rally sa Luneta subong nga aga. 

#AksyonRadyoIloilo",,"Blah blah blah blah","0","https://www.facebook.com/100064669725059/posts/1272081354957510/?mibextid=rS40aB7S9Ucbxw6v"
"""MARCOS SINGILIN, DUTERTE PANAGUTIN"" -- KABATAAN PARTY-LIST REP. RENEE CO SA MAANOMALIYA NGA FLOOD CONTROL PROJECTS 

BY: LHEY ANN ALAYON | September 21, 2025
Video courtesy: Newswatch

Ginpangunahan ni Kabataan Party-list Rep. Renee Co ang pagsinggitan sang ""Marcos Singilin, Duterte Panagutin"" sa rally sa Luneta subong nga aga. 

#AksyonRadyoIloilo",,"lakasan  niyo pa sigaw..pag malakas malaking bigay 🤣","0","https://www.facebook.com/100064669725059/posts/1272081354957510/?mibextid=rS40aB7S9Ucbxw6v"
"""MARCOS SINGILIN, DUTERTE PANAGUTIN"" -- KABATAAN PARTY-LIST REP. RENEE CO SA MAANOMALIYA NGA FLOOD CONTROL PROJECTS 

BY: LHEY ANN ALAYON | September 21, 2025
Video courtesy: Newswatch

Ginpangunahan ni Kabataan Party-list Rep. Renee Co ang pagsinggitan sang ""Marcos Singilin, Duterte Panagutin"" sa rally sa Luneta subong nga aga. 

#AksyonRadyoIloilo",,"Duterte isa pang magnanakaw!","0","https://www.facebook.com/100064669725059/posts/1272081354957510/?mibextid=rS40aB7S9Ucbxw6v"
"""MARCOS SINGILIN, DUTERTE PANAGUTIN"" -- KABATAAN PARTY-LIST REP. RENEE CO SA MAANOMALIYA NGA FLOOD CONTROL PROJECTS 

BY: LHEY ANN ALAYON | September 21, 2025
Video courtesy: Newswatch

Ginpangunahan ni Kabataan Party-list Rep. Renee Co ang pagsinggitan sang ""Marcos Singilin, Duterte Panagutin"" sa rally sa Luneta subong nga aga. 

#AksyonRadyoIloilo",,"Magtago kayo sa 2028","0","https://www.facebook.com/100064669725059/posts/1272081354957510/?mibextid=rS40aB7S9Ucbxw6v"
"""MARCOS SINGILIN, DUTERTE PANAGUTIN"" -- KABATAAN PARTY-LIST REP. RENEE CO SA MAANOMALIYA NGA FLOOD CONTROL PROJECTS 

BY: LHEY ANN ALAYON | September 21, 2025
Video courtesy: Newswatch

Ginpangunahan ni Kabataan Party-list Rep. Renee Co ang pagsinggitan sang ""Marcos Singilin, Duterte Panagutin"" sa rally sa Luneta subong nga aga. 

#AksyonRadyoIloilo",,"Basta hnde student ng U. p tanga at bobo? Hnde alam pinaglalaban study pa more u. P kmi grqduate ibang iba tym nmin sa glngayon","0","https://www.facebook.com/100064669725059/posts/1272081354957510/?mibextid=rS40aB7S9Ucbxw6v"
"""MARCOS SINGILIN, DUTERTE PANAGUTIN"" -- KABATAAN PARTY-LIST REP. RENEE CO SA MAANOMALIYA NGA FLOOD CONTROL PROJECTS 

BY: LHEY ANN ALAYON | September 21, 2025
Video courtesy: Newswatch

Ginpangunahan ni Kabataan Party-list Rep. Renee Co ang pagsinggitan sang ""Marcos Singilin, Duterte Panagutin"" sa rally sa Luneta subong nga aga. 

#AksyonRadyoIloilo",,"Bakit may CO dyan","0","https://www.facebook.com/100064669725059/posts/1272081354957510/?mibextid=rS40aB7S9Ucbxw6v"
"""MARCOS SINGILIN, DUTERTE PANAGUTIN"" -- KABATAAN PARTY-LIST REP. RENEE CO SA MAANOMALIYA NGA FLOOD CONTROL PROJECTS 

BY: LHEY ANN ALAYON | September 21, 2025
Video courtesy: Newswatch

Ginpangunahan ni Kabataan Party-list Rep. Renee Co ang pagsinggitan sang ""Marcos Singilin, Duterte Panagutin"" sa rally sa Luneta subong nga aga. 

#AksyonRadyoIloilo",,"Halong kamu da sa komunistang kabataan gamit lang Ang attendance  nyo konektado ni tamba Ang mga yan","0","https://www.facebook.com/100064669725059/posts/1272081354957510/?mibextid=rS40aB7S9Ucbxw6v"
"""MARCOS SINGILIN, DUTERTE PANAGUTIN"" -- KABATAAN PARTY-LIST REP. RENEE CO SA MAANOMALIYA NGA FLOOD CONTROL PROJECTS 

BY: LHEY ANN ALAYON | September 21, 2025
Video courtesy: Newswatch

Ginpangunahan ni Kabataan Party-list Rep. Renee Co ang pagsinggitan sang ""Marcos Singilin, Duterte Panagutin"" sa rally sa Luneta subong nga aga. 

#AksyonRadyoIloilo",,"tsismosa","0","https://www.facebook.com/100064669725059/posts/1272081354957510/?mibextid=rS40aB7S9Ucbxw6v"
"""MARCOS SINGILIN, DUTERTE PANAGUTIN"" -- KABATAAN PARTY-LIST REP. RENEE CO SA MAANOMALIYA NGA FLOOD CONTROL PROJECTS 

BY: LHEY ANN ALAYON | September 21, 2025
Video courtesy: Newswatch

Ginpangunahan ni Kabataan Party-list Rep. Renee Co ang pagsinggitan sang ""Marcos Singilin, Duterte Panagutin"" sa rally sa Luneta subong nga aga. 

#AksyonRadyoIloilo",,"Tandaan at basahin ag mssge ko. Halos 2 million Chinese trolls gngamit Ng china s YouTube at Facebook pra sirain ag admin Marcos ... Please kng kayo ay pilipino mag isip spgkt ag ating lupain s west Philippine sea ay Yan ag kapalit subalit hbng anjn c Marcos hnd cla mkkgalw DHL c Marcos lng ag matapang n president at s ayw at s gsto nla kukunin Ng pinas ag west Philippine sea ksma ag kaalyado natin . Mag isip kayo hnggng s kaaapohan natin ito . Ag west Philippine sea ay nkatagong mlaking kayaman n oil jn kaya itong c Duterte ay ipinagkanulo Tayo s kumunistang China. Please tulungan ntin ag ating bansa at c bong bong marcos","3","https://www.facebook.com/100064669725059/posts/1272081354957510/?mibextid=rS40aB7S9Ucbxw6v"
"""MARCOS SINGILIN, DUTERTE PANAGUTIN"" -- KABATAAN PARTY-LIST REP. RENEE CO SA MAANOMALIYA NGA FLOOD CONTROL PROJECTS 

BY: LHEY ANN ALAYON | September 21, 2025
Video courtesy: Newswatch

Ginpangunahan ni Kabataan Party-list Rep. Renee Co ang pagsinggitan sang ""Marcos Singilin, Duterte Panagutin"" sa rally sa Luneta subong nga aga. 

#AksyonRadyoIloilo",,"Allergic kami sa mga chinese surname sa Kamara at senado.","3","https://www.facebook.com/100064669725059/posts/1272081354957510/?mibextid=rS40aB7S9Ucbxw6v"
"""MARCOS SINGILIN, DUTERTE PANAGUTIN"" -- KABATAAN PARTY-LIST REP. RENEE CO SA MAANOMALIYA NGA FLOOD CONTROL PROJECTS 

BY: LHEY ANN ALAYON | September 21, 2025
Video courtesy: Newswatch

Ginpangunahan ni Kabataan Party-list Rep. Renee Co ang pagsinggitan sang ""Marcos Singilin, Duterte Panagutin"" sa rally sa Luneta subong nga aga. 

#AksyonRadyoIloilo",,"Naalala ko si TOTGA","0","https://www.facebook.com/100064669725059/posts/1272081354957510/?mibextid=rS40aB7S9Ucbxw6v"
"""MARCOS SINGILIN, DUTERTE PANAGUTIN"" -- KABATAAN PARTY-LIST REP. RENEE CO SA MAANOMALIYA NGA FLOOD CONTROL PROJECTS 

BY: LHEY ANN ALAYON | September 21, 2025
Video courtesy: Newswatch

Ginpangunahan ni Kabataan Party-list Rep. Renee Co ang pagsinggitan sang ""Marcos Singilin, Duterte Panagutin"" sa rally sa Luneta subong nga aga. 

#AksyonRadyoIloilo",,"Mga tanga kag basura nagkalat nnag kabobohan nakulong na si digong pero panagutin pa gihapon Gina syaggit sang mga hangag","2","https://www.facebook.com/100064669725059/posts/1272081354957510/?mibextid=rS40aB7S9Ucbxw6v"
"""MARCOS SINGILIN, DUTERTE PANAGUTIN"" -- KABATAAN PARTY-LIST REP. RENEE CO SA MAANOMALIYA NGA FLOOD CONTROL PROJECTS 

BY: LHEY ANN ALAYON | September 21, 2025
Video courtesy: Newswatch

Ginpangunahan ni Kabataan Party-list Rep. Renee Co ang pagsinggitan sang ""Marcos Singilin, Duterte Panagutin"" sa rally sa Luneta subong nga aga. 

#AksyonRadyoIloilo",,"Ungas nyo binayaran parin kayo ni romualdez.","0","https://www.facebook.com/100064669725059/posts/1272081354957510/?mibextid=rS40aB7S9Ucbxw6v"
"""MARCOS SINGILIN, DUTERTE PANAGUTIN"" -- KABATAAN PARTY-LIST REP. RENEE CO SA MAANOMALIYA NGA FLOOD CONTROL PROJECTS 

BY: LHEY ANN ALAYON | September 21, 2025
Video courtesy: Newswatch

Ginpangunahan ni Kabataan Party-list Rep. Renee Co ang pagsinggitan sang ""Marcos Singilin, Duterte Panagutin"" sa rally sa Luneta subong nga aga. 

#AksyonRadyoIloilo",,"Pagkatapos ka rally anu na mangyayari..tinatawanan lang kau ng gobyerno na to.wala pa din nmn mananagot.","0","https://www.facebook.com/100064669725059/posts/1272081354957510/?mibextid=rS40aB7S9Ucbxw6v"
"""MARCOS SINGILIN, DUTERTE PANAGUTIN"" -- KABATAAN PARTY-LIST REP. RENEE CO SA MAANOMALIYA NGA FLOOD CONTROL PROJECTS 

BY: LHEY ANN ALAYON | September 21, 2025
Video courtesy: Newswatch

Ginpangunahan ni Kabataan Party-list Rep. Renee Co ang pagsinggitan sang ""Marcos Singilin, Duterte Panagutin"" sa rally sa Luneta subong nga aga. 

#AksyonRadyoIloilo",,"duterte parim","0","https://www.facebook.com/100064669725059/posts/1272081354957510/?mibextid=rS40aB7S9Ucbxw6v"
"""MARCOS SINGILIN, DUTERTE PANAGUTIN"" -- KABATAAN PARTY-LIST REP. RENEE CO SA MAANOMALIYA NGA FLOOD CONTROL PROJECTS 

BY: LHEY ANN ALAYON | September 21, 2025
Video courtesy: Newswatch

Ginpangunahan ni Kabataan Party-list Rep. Renee Co ang pagsinggitan sang ""Marcos Singilin, Duterte Panagutin"" sa rally sa Luneta subong nga aga. 

#AksyonRadyoIloilo",,"Hahaha tumigil na kayo walang kwentang rally yan hahaha namomolitikanlang Lang kayo hahaha yong korapsyon ang pinag uusapan dito...si Marcos ang may kasalanan idadamay nyo ang Duterte..kung ba Naman kayo Tanga at bobo hahaha umuwi na Lang kayo at mag bingo hahaha","0","https://www.facebook.com/100064669725059/posts/1272081354957510/?mibextid=rS40aB7S9Ucbxw6v"
"""MARCOS SINGILIN, DUTERTE PANAGUTIN"" -- KABATAAN PARTY-LIST REP. RENEE CO SA MAANOMALIYA NGA FLOOD CONTROL PROJECTS 

BY: LHEY ANN ALAYON | September 21, 2025
Video courtesy: Newswatch

Ginpangunahan ni Kabataan Party-list Rep. Renee Co ang pagsinggitan sang ""Marcos Singilin, Duterte Panagutin"" sa rally sa Luneta subong nga aga. 

#AksyonRadyoIloilo",,"Wala mga DDS BOBO at TANGA talaga mga yan 👎❌🚫🚫","0","https://www.facebook.com/100064669725059/posts/1272081354957510/?mibextid=rS40aB7S9Ucbxw6v"
"""MARCOS SINGILIN, DUTERTE PANAGUTIN"" -- KABATAAN PARTY-LIST REP. RENEE CO SA MAANOMALIYA NGA FLOOD CONTROL PROJECTS 

BY: LHEY ANN ALAYON | September 21, 2025
Video courtesy: Newswatch

Ginpangunahan ni Kabataan Party-list Rep. Renee Co ang pagsinggitan sang ""Marcos Singilin, Duterte Panagutin"" sa rally sa Luneta subong nga aga. 

#AksyonRadyoIloilo",,"Tang ina nyu. Hahaha anti Duterte amputa","0","https://www.facebook.com/100064669725059/posts/1272081354957510/?mibextid=rS40aB7S9Ucbxw6v"
"""MARCOS SINGILIN, DUTERTE PANAGUTIN"" -- KABATAAN PARTY-LIST REP. RENEE CO SA MAANOMALIYA NGA FLOOD CONTROL PROJECTS 

BY: LHEY ANN ALAYON | September 21, 2025
Video courtesy: Newswatch

Ginpangunahan ni Kabataan Party-list Rep. Renee Co ang pagsinggitan sang ""Marcos Singilin, Duterte Panagutin"" sa rally sa Luneta subong nga aga. 

#AksyonRadyoIloilo",,"Daw buang 😂😂😂😂ano kinalaman ni Duterte .","0","https://www.facebook.com/100064669725059/posts/1272081354957510/?mibextid=rS40aB7S9Ucbxw6v"
"""MARCOS SINGILIN, DUTERTE PANAGUTIN"" -- KABATAAN PARTY-LIST REP. RENEE CO SA MAANOMALIYA NGA FLOOD CONTROL PROJECTS 

BY: LHEY ANN ALAYON | September 21, 2025
Video courtesy: Newswatch

Ginpangunahan ni Kabataan Party-list Rep. Renee Co ang pagsinggitan sang ""Marcos Singilin, Duterte Panagutin"" sa rally sa Luneta subong nga aga. 

#AksyonRadyoIloilo",,"Sa ejk lng yon bat sya nakulong . Hindi pa Kasama Ang flood control noong panahon ni DU30 nag umpisa","1","https://www.facebook.com/100064669725059/posts/1272081354957510/?mibextid=rS40aB7S9Ucbxw6v"
"""MARCOS SINGILIN, DUTERTE PANAGUTIN"" -- KABATAAN PARTY-LIST REP. RENEE CO SA MAANOMALIYA NGA FLOOD CONTROL PROJECTS 

BY: LHEY ANN ALAYON | September 21, 2025
Video courtesy: Newswatch

Ginpangunahan ni Kabataan Party-list Rep. Renee Co ang pagsinggitan sang ""Marcos Singilin, Duterte Panagutin"" sa rally sa Luneta subong nga aga. 

#AksyonRadyoIloilo",,"Nagkalat ang salot","1","https://www.facebook.com/100064669725059/posts/1272081354957510/?mibextid=rS40aB7S9Ucbxw6v"
"""MARCOS SINGILIN, DUTERTE PANAGUTIN"" -- KABATAAN PARTY-LIST REP. RENEE CO SA MAANOMALIYA NGA FLOOD CONTROL PROJECTS 

BY: LHEY ANN ALAYON | September 21, 2025
Video courtesy: Newswatch

Ginpangunahan ni Kabataan Party-list Rep. Renee Co ang pagsinggitan sang ""Marcos Singilin, Duterte Panagutin"" sa rally sa Luneta subong nga aga. 

#AksyonRadyoIloilo",,"Huwag na huwag ninyong pag resignin si Bongbong Marcos Junior 

Dapat ang isigaw ay:
Bongbong Marcos pa rin!
Bongbong Marcos pa rin!
Bongbong Marcos pa rin!","0","https://www.facebook.com/100064669725059/posts/1272081354957510/?mibextid=rS40aB7S9Ucbxw6v"
"""MARCOS SINGILIN, DUTERTE PANAGUTIN"" -- KABATAAN PARTY-LIST REP. RENEE CO SA MAANOMALIYA NGA FLOOD CONTROL PROJECTS 

BY: LHEY ANN ALAYON | September 21, 2025
Video courtesy: Newswatch

Ginpangunahan ni Kabataan Party-list Rep. Renee Co ang pagsinggitan sang ""Marcos Singilin, Duterte Panagutin"" sa rally sa Luneta subong nga aga. 

#AksyonRadyoIloilo",,"Anong kinalaman ni du30 sa pag nakaw ng Pangulo ngayon na bangag .kasama pinsan nia..na sakim sa pera..kaya bimaha na kayo dyan sa maynila..huwag kayong mandamay ng iba .","0","https://www.facebook.com/100064669725059/posts/1272081354957510/?mibextid=rS40aB7S9Ucbxw6v"
"""MARCOS SINGILIN, DUTERTE PANAGUTIN"" -- KABATAAN PARTY-LIST REP. RENEE CO SA MAANOMALIYA NGA FLOOD CONTROL PROJECTS 

BY: LHEY ANN ALAYON | September 21, 2025
Video courtesy: Newswatch

Ginpangunahan ni Kabataan Party-list Rep. Renee Co ang pagsinggitan sang ""Marcos Singilin, Duterte Panagutin"" sa rally sa Luneta subong nga aga. 

#AksyonRadyoIloilo",,"CPP NPA terrorist mga yan, kaya pa may gana magpapanagot😡😡😡","0","https://www.facebook.com/100064669725059/posts/1272081354957510/?mibextid=rS40aB7S9Ucbxw6v"
"""MARCOS SINGILIN, DUTERTE PANAGUTIN"" -- KABATAAN PARTY-LIST REP. RENEE CO SA MAANOMALIYA NGA FLOOD CONTROL PROJECTS 

BY: LHEY ANN ALAYON | September 21, 2025
Video courtesy: Newswatch

Ginpangunahan ni Kabataan Party-list Rep. Renee Co ang pagsinggitan sang ""Marcos Singilin, Duterte Panagutin"" sa rally sa Luneta subong nga aga. 

#AksyonRadyoIloilo",,"Problema sa Flood Control, Duterte sukton? Momango 😂","0","https://www.facebook.com/100064669725059/posts/1272081354957510/?mibextid=rS40aB7S9Ucbxw6v"
"""MARCOS SINGILIN, DUTERTE PANAGUTIN"" -- KABATAAN PARTY-LIST REP. RENEE CO SA MAANOMALIYA NGA FLOOD CONTROL PROJECTS 

BY: LHEY ANN ALAYON | September 21, 2025
Video courtesy: Newswatch

Ginpangunahan ni Kabataan Party-list Rep. Renee Co ang pagsinggitan sang ""Marcos Singilin, Duterte Panagutin"" sa rally sa Luneta subong nga aga. 

#AksyonRadyoIloilo",,"Tanga! Mga putanga talaga kayo...hindi yan wawakas ang korapsyun bkit! Eh mga tanga rin kayo eh..nagrarally kayo nga..pero binabayaran pa rin kayo ng mga buaya nyung polotiko..rally 150 pa more mga tanga🤣🤣🤣🤣","0","https://www.facebook.com/100064669725059/posts/1272081354957510/?mibextid=rS40aB7S9Ucbxw6v"
"""MARCOS SINGILIN, DUTERTE PANAGUTIN"" -- KABATAAN PARTY-LIST REP. RENEE CO SA MAANOMALIYA NGA FLOOD CONTROL PROJECTS 

BY: LHEY ANN ALAYON | September 21, 2025
Video courtesy: Newswatch

Ginpangunahan ni Kabataan Party-list Rep. Renee Co ang pagsinggitan sang ""Marcos Singilin, Duterte Panagutin"" sa rally sa Luneta subong nga aga. 

#AksyonRadyoIloilo",,"Mga NPA p*tay*n...mga salot sa lipunan.","0","https://www.facebook.com/100064669725059/posts/1272081354957510/?mibextid=rS40aB7S9Ucbxw6v"
"""MARCOS SINGILIN, DUTERTE PANAGUTIN"" -- KABATAAN PARTY-LIST REP. RENEE CO SA MAANOMALIYA NGA FLOOD CONTROL PROJECTS 

BY: LHEY ANN ALAYON | September 21, 2025
Video courtesy: Newswatch

Ginpangunahan ni Kabataan Party-list Rep. Renee Co ang pagsinggitan sang ""Marcos Singilin, Duterte Panagutin"" sa rally sa Luneta subong nga aga. 

#AksyonRadyoIloilo",,"Tangina nyo mga NPA kayo🤬🤬🤬","0","https://www.facebook.com/100064669725059/posts/1272081354957510/?mibextid=rS40aB7S9Ucbxw6v"
"""MARCOS SINGILIN, DUTERTE PANAGUTIN"" -- KABATAAN PARTY-LIST REP. RENEE CO SA MAANOMALIYA NGA FLOOD CONTROL PROJECTS 

BY: LHEY ANN ALAYON | September 21, 2025
Video courtesy: Newswatch

Ginpangunahan ni Kabataan Party-list Rep. Renee Co ang pagsinggitan sang ""Marcos Singilin, Duterte Panagutin"" sa rally sa Luneta subong nga aga. 

#AksyonRadyoIloilo",,"Mas malala ang corruption panahon ni duterte, si bbm nakakita ng mga anomalya kaya nagpa imbestiga bakit idadamay siya? Style yan ng mga dds ginamit ang situation","0","https://www.facebook.com/100064669725059/posts/1272081354957510/?mibextid=rS40aB7S9Ucbxw6v"
"""MARCOS SINGILIN, DUTERTE PANAGUTIN"" -- KABATAAN PARTY-LIST REP. RENEE CO SA MAANOMALIYA NGA FLOOD CONTROL PROJECTS 

BY: LHEY ANN ALAYON | September 21, 2025
Video courtesy: Newswatch

Ginpangunahan ni Kabataan Party-list Rep. Renee Co ang pagsinggitan sang ""Marcos Singilin, Duterte Panagutin"" sa rally sa Luneta subong nga aga. 

#AksyonRadyoIloilo",,"Paano ang uncle mo na si ZALDY CO ? SUNUGIN NATIN KASAMA KA? Galing mong IMPAKTA KA🤮😡👿","0","https://www.facebook.com/100064669725059/posts/1272081354957510/?mibextid=rS40aB7S9Ucbxw6v"
"""MARCOS SINGILIN, DUTERTE PANAGUTIN"" -- KABATAAN PARTY-LIST REP. RENEE CO SA MAANOMALIYA NGA FLOOD CONTROL PROJECTS 

BY: LHEY ANN ALAYON | September 21, 2025
Video courtesy: Newswatch

Ginpangunahan ni Kabataan Party-list Rep. Renee Co ang pagsinggitan sang ""Marcos Singilin, Duterte Panagutin"" sa rally sa Luneta subong nga aga. 

#AksyonRadyoIloilo",,"Hahaha anobsingilin sino pinuno nyo hingi ka Ng Isa goldbar Kay bbm hehehe sungilin daw may utang sa Inyo","0","https://www.facebook.com/100064669725059/posts/1272081354957510/?mibextid=rS40aB7S9Ucbxw6v"
"""MARCOS SINGILIN, DUTERTE PANAGUTIN"" -- KABATAAN PARTY-LIST REP. RENEE CO SA MAANOMALIYA NGA FLOOD CONTROL PROJECTS 

BY: LHEY ANN ALAYON | September 21, 2025
Video courtesy: Newswatch

Ginpangunahan ni Kabataan Party-list Rep. Renee Co ang pagsinggitan sang ""Marcos Singilin, Duterte Panagutin"" sa rally sa Luneta subong nga aga. 

#AksyonRadyoIloilo",,,"0","https://www.facebook.com/100064669725059/posts/1272081354957510/?mibextid=rS40aB7S9Ucbxw6v"
"""MARCOS SINGILIN, DUTERTE PANAGUTIN"" -- KABATAAN PARTY-LIST REP. RENEE CO SA MAANOMALIYA NGA FLOOD CONTROL PROJECTS 

BY: LHEY ANN ALAYON | September 21, 2025
Video courtesy: Newswatch

Ginpangunahan ni Kabataan Party-list Rep. Renee Co ang pagsinggitan sang ""Marcos Singilin, Duterte Panagutin"" sa rally sa Luneta subong nga aga. 

#AksyonRadyoIloilo",,,"0","https://www.facebook.com/100064669725059/posts/1272081354957510/?mibextid=rS40aB7S9Ucbxw6v"
"""MARCOS SINGILIN, DUTERTE PANAGUTIN"" -- KABATAAN PARTY-LIST REP. RENEE CO SA MAANOMALIYA NGA FLOOD CONTROL PROJECTS 

BY: LHEY ANN ALAYON | September 21, 2025
Video courtesy: Newswatch

Ginpangunahan ni Kabataan Party-list Rep. Renee Co ang pagsinggitan sang ""Marcos Singilin, Duterte Panagutin"" sa rally sa Luneta subong nga aga. 

#AksyonRadyoIloilo",,"💚👊💚","0","https://www.facebook.com/100064669725059/posts/1272081354957510/?mibextid=rS40aB7S9Ucbxw6v"
"""MARCOS SINGILIN, DUTERTE PANAGUTIN"" -- KABATAAN PARTY-LIST REP. RENEE CO SA MAANOMALIYA NGA FLOOD CONTROL PROJECTS 

BY: LHEY ANN ALAYON | September 21, 2025
Video courtesy: Newswatch

Ginpangunahan ni Kabataan Party-list Rep. Renee Co ang pagsinggitan sang ""Marcos Singilin, Duterte Panagutin"" sa rally sa Luneta subong nga aga. 

#AksyonRadyoIloilo",,"Nang dahil kay Marcos nabunyag ang mga flood control... tapos nag ra rally kayo ngayon... tapos biglang marcos resign??? Mga bobo to... gusto nyo sa Si Sara na mahilig sa Confidential Fund??? Mga G@GU to... FOR SURR MGA BAYARAN KAYO PARA ILIHIS ANG KATOTOHANAN","0","https://www.facebook.com/100064669725059/posts/1272081354957510/?mibextid=rS40aB7S9Ucbxw6v"
"""MARCOS SINGILIN, DUTERTE PANAGUTIN"" -- KABATAAN PARTY-LIST REP. RENEE CO SA MAANOMALIYA NGA FLOOD CONTROL PROJECTS 

BY: LHEY ANN ALAYON | September 21, 2025
Video courtesy: Newswatch

Ginpangunahan ni Kabataan Party-list Rep. Renee Co ang pagsinggitan sang ""Marcos Singilin, Duterte Panagutin"" sa rally sa Luneta subong nga aga. 

#AksyonRadyoIloilo",,"duterte pa rin, si Rumualdaz at Co kawatan deadman lang","0","https://www.facebook.com/100064669725059/posts/1272081354957510/?mibextid=rS40aB7S9Ucbxw6v"
"""MARCOS SINGILIN, DUTERTE PANAGUTIN"" -- KABATAAN PARTY-LIST REP. RENEE CO SA MAANOMALIYA NGA FLOOD CONTROL PROJECTS 

BY: LHEY ANN ALAYON | September 21, 2025
Video courtesy: Newswatch

Ginpangunahan ni Kabataan Party-list Rep. Renee Co ang pagsinggitan sang ""Marcos Singilin, Duterte Panagutin"" sa rally sa Luneta subong nga aga. 

#AksyonRadyoIloilo",,"Pakana na naman ng mga Dilawan","0","https://www.facebook.com/100064669725059/posts/1272081354957510/?mibextid=rS40aB7S9Ucbxw6v"
"""MARCOS SINGILIN, DUTERTE PANAGUTIN"" -- KABATAAN PARTY-LIST REP. RENEE CO SA MAANOMALIYA NGA FLOOD CONTROL PROJECTS 

BY: LHEY ANN ALAYON | September 21, 2025
Video courtesy: Newswatch

Ginpangunahan ni Kabataan Party-list Rep. Renee Co ang pagsinggitan sang ""Marcos Singilin, Duterte Panagutin"" sa rally sa Luneta subong nga aga. 

#AksyonRadyoIloilo",,"c Duterte ay kawatan din.","0","https://www.facebook.com/100064669725059/posts/1272081354957510/?mibextid=rS40aB7S9Ucbxw6v"
"""MARCOS SINGILIN, DUTERTE PANAGUTIN"" -- KABATAAN PARTY-LIST REP. RENEE CO SA MAANOMALIYA NGA FLOOD CONTROL PROJECTS 

BY: LHEY ANN ALAYON | September 21, 2025
Video courtesy: Newswatch

Ginpangunahan ni Kabataan Party-list Rep. Renee Co ang pagsinggitan sang ""Marcos Singilin, Duterte Panagutin"" sa rally sa Luneta subong nga aga. 

#AksyonRadyoIloilo",,"🙀🙀🙀","0","https://www.facebook.com/100064669725059/posts/1272081354957510/?mibextid=rS40aB7S9Ucbxw6v"
"""MARCOS SINGILIN, DUTERTE PANAGUTIN"" -- KABATAAN PARTY-LIST REP. RENEE CO SA MAANOMALIYA NGA FLOOD CONTROL PROJECTS 

BY: LHEY ANN ALAYON | September 21, 2025
Video courtesy: Newswatch

Ginpangunahan ni Kabataan Party-list Rep. Renee Co ang pagsinggitan sang ""Marcos Singilin, Duterte Panagutin"" sa rally sa Luneta subong nga aga. 

#AksyonRadyoIloilo",,"💚💚💚🤛🏻🤛🏻🤛🏻","0","https://www.facebook.com/100064669725059/posts/1272081354957510/?mibextid=rS40aB7S9Ucbxw6v"
"""MARCOS SINGILIN, DUTERTE PANAGUTIN"" -- KABATAAN PARTY-LIST REP. RENEE CO SA MAANOMALIYA NGA FLOOD CONTROL PROJECTS 

BY: LHEY ANN ALAYON | September 21, 2025
Video courtesy: Newswatch

Ginpangunahan ni Kabataan Party-list Rep. Renee Co ang pagsinggitan sang ""Marcos Singilin, Duterte Panagutin"" sa rally sa Luneta subong nga aga. 

#AksyonRadyoIloilo",,"😂😂😂😂😂😂","0","https://www.facebook.com/100064669725059/posts/1272081354957510/?mibextid=rS40aB7S9Ucbxw6v"
"""MARCOS SINGILIN, DUTERTE PANAGUTIN"" -- KABATAAN PARTY-LIST REP. RENEE CO SA MAANOMALIYA NGA FLOOD CONTROL PROJECTS 

BY: LHEY ANN ALAYON | September 21, 2025
Video courtesy: Newswatch

Ginpangunahan ni Kabataan Party-list Rep. Renee Co ang pagsinggitan sang ""Marcos Singilin, Duterte Panagutin"" sa rally sa Luneta subong nga aga. 

#AksyonRadyoIloilo",,"✊✊✊","0","https://www.facebook.com/100064669725059/posts/1272081354957510/?mibextid=rS40aB7S9Ucbxw6v"
"""MARCOS SINGILIN, DUTERTE PANAGUTIN"" -- KABATAAN PARTY-LIST REP. RENEE CO SA MAANOMALIYA NGA FLOOD CONTROL PROJECTS 

BY: LHEY ANN ALAYON | September 21, 2025
Video courtesy: Newswatch

Ginpangunahan ni Kabataan Party-list Rep. Renee Co ang pagsinggitan sang ""Marcos Singilin, Duterte Panagutin"" sa rally sa Luneta subong nga aga. 

#AksyonRadyoIloilo",,"MARCOS PA RIN KAMI MGA KUPALMUKS","0","https://www.facebook.com/100064669725059/posts/1272081354957510/?mibextid=rS40aB7S9Ucbxw6v"
"""MARCOS SINGILIN, DUTERTE PANAGUTIN"" -- KABATAAN PARTY-LIST REP. RENEE CO SA MAANOMALIYA NGA FLOOD CONTROL PROJECTS 

BY: LHEY ANN ALAYON | September 21, 2025
Video courtesy: Newswatch

Ginpangunahan ni Kabataan Party-list Rep. Renee Co ang pagsinggitan sang ""Marcos Singilin, Duterte Panagutin"" sa rally sa Luneta subong nga aga. 

#AksyonRadyoIloilo",,"#SolidDu30","0","https://www.facebook.com/100064669725059/posts/1272081354957510/?mibextid=rS40aB7S9Ucbxw6v"
"""MARCOS SINGILIN, DUTERTE PANAGUTIN"" -- KABATAAN PARTY-LIST REP. RENEE CO SA MAANOMALIYA NGA FLOOD CONTROL PROJECTS 

BY: LHEY ANN ALAYON | September 21, 2025
Video courtesy: Newswatch

Ginpangunahan ni Kabataan Party-list Rep. Renee Co ang pagsinggitan sang ""Marcos Singilin, Duterte Panagutin"" sa rally sa Luneta subong nga aga. 

#AksyonRadyoIloilo",,,"0","https://www.facebook.com/100064669725059/posts/1272081354957510/?mibextid=rS40aB7S9Ucbxw6v"
"""MARCOS SINGILIN, DUTERTE PANAGUTIN"" -- KABATAAN PARTY-LIST REP. RENEE CO SA MAANOMALIYA NGA FLOOD CONTROL PROJECTS 

BY: LHEY ANN ALAYON | September 21, 2025
Video courtesy: Newswatch

Ginpangunahan ni Kabataan Party-list Rep. Renee Co ang pagsinggitan sang ""Marcos Singilin, Duterte Panagutin"" sa rally sa Luneta subong nga aga. 

#AksyonRadyoIloilo",,"#MarcosResign","0","https://www.facebook.com/100064669725059/posts/1272081354957510/?mibextid=rS40aB7S9Ucbxw6v"
"""MARCOS SINGILIN, DUTERTE PANAGUTIN"" -- KABATAAN PARTY-LIST REP. RENEE CO SA MAANOMALIYA NGA FLOOD CONTROL PROJECTS 

BY: LHEY ANN ALAYON | September 21, 2025
Video courtesy: Newswatch

Ginpangunahan ni Kabataan Party-list Rep. Renee Co ang pagsinggitan sang ""Marcos Singilin, Duterte Panagutin"" sa rally sa Luneta subong nga aga. 

#AksyonRadyoIloilo",,"🤣","0","https://www.facebook.com/100064669725059/posts/1272081354957510/?mibextid=rS40aB7S9Ucbxw6v"
"""MARCOS SINGILIN, DUTERTE PANAGUTIN"" -- KABATAAN PARTY-LIST REP. RENEE CO SA MAANOMALIYA NGA FLOOD CONTROL PROJECTS 

BY: LHEY ANN ALAYON | September 21, 2025
Video courtesy: Newswatch

Ginpangunahan ni Kabataan Party-list Rep. Renee Co ang pagsinggitan sang ""Marcos Singilin, Duterte Panagutin"" sa rally sa Luneta subong nga aga. 

#AksyonRadyoIloilo",,,"0","https://www.facebook.com/100064669725059/posts/1272081354957510/?mibextid=rS40aB7S9Ucbxw6v"
"""MARCOS SINGILIN, DUTERTE PANAGUTIN"" -- KABATAAN PARTY-LIST REP. RENEE CO SA MAANOMALIYA NGA FLOOD CONTROL PROJECTS 

BY: LHEY ANN ALAYON | September 21, 2025
Video courtesy: Newswatch

Ginpangunahan ni Kabataan Party-list Rep. Renee Co ang pagsinggitan sang ""Marcos Singilin, Duterte Panagutin"" sa rally sa Luneta subong nga aga. 

#AksyonRadyoIloilo",,"Duterte Forever 👊👊👊👊","1","https://www.facebook.com/100064669725059/posts/1272081354957510/?mibextid=rS40aB7S9Ucbxw6v"
"""MARCOS SINGILIN, DUTERTE PANAGUTIN"" -- KABATAAN PARTY-LIST REP. RENEE CO SA MAANOMALIYA NGA FLOOD CONTROL PROJECTS 

BY: LHEY ANN ALAYON | September 21, 2025
Video courtesy: Newswatch

Ginpangunahan ni Kabataan Party-list Rep. Renee Co ang pagsinggitan sang ""Marcos Singilin, Duterte Panagutin"" sa rally sa Luneta subong nga aga. 

#AksyonRadyoIloilo",,"NPA panagutin mga terrista sila. NPA panagutin NPA panagutin NPA panagutin mga terrista ng Bayan","0","https://www.facebook.com/100064669725059/posts/1272081354957510/?mibextid=rS40aB7S9Ucbxw6v"
"""MARCOS SINGILIN, DUTERTE PANAGUTIN"" -- KABATAAN PARTY-LIST REP. RENEE CO SA MAANOMALIYA NGA FLOOD CONTROL PROJECTS 

BY: LHEY ANN ALAYON | September 21, 2025
Video courtesy: Newswatch

Ginpangunahan ni Kabataan Party-list Rep. Renee Co ang pagsinggitan sang ""Marcos Singilin, Duterte Panagutin"" sa rally sa Luneta subong nga aga. 

#AksyonRadyoIloilo",,"💩🥴🤮","0","https://www.facebook.com/100064669725059/posts/1272081354957510/?mibextid=rS40aB7S9Ucbxw6v"
"""MARCOS SINGILIN, DUTERTE PANAGUTIN"" -- KABATAAN PARTY-LIST REP. RENEE CO SA MAANOMALIYA NGA FLOOD CONTROL PROJECTS 

BY: LHEY ANN ALAYON | September 21, 2025
Video courtesy: Newswatch

Ginpangunahan ni Kabataan Party-list Rep. Renee Co ang pagsinggitan sang ""Marcos Singilin, Duterte Panagutin"" sa rally sa Luneta subong nga aga. 

#AksyonRadyoIloilo",,"Mga bayaran at NPA spotted","0","https://www.facebook.com/100064669725059/posts/1272081354957510/?mibextid=rS40aB7S9Ucbxw6v"
"""MARCOS SINGILIN, DUTERTE PANAGUTIN"" -- KABATAAN PARTY-LIST REP. RENEE CO SA MAANOMALIYA NGA FLOOD CONTROL PROJECTS 

BY: LHEY ANN ALAYON | September 21, 2025
Video courtesy: Newswatch

Ginpangunahan ni Kabataan Party-list Rep. Renee Co ang pagsinggitan sang ""Marcos Singilin, Duterte Panagutin"" sa rally sa Luneta subong nga aga. 

#AksyonRadyoIloilo",,"MARCOS RESIGN🤬","0","https://www.facebook.com/100064669725059/posts/1272081354957510/?mibextid=rS40aB7S9Ucbxw6v"
"""MARCOS SINGILIN, DUTERTE PANAGUTIN"" -- KABATAAN PARTY-LIST REP. RENEE CO SA MAANOMALIYA NGA FLOOD CONTROL PROJECTS 

BY: LHEY ANN ALAYON | September 21, 2025
Video courtesy: Newswatch

Ginpangunahan ni Kabataan Party-list Rep. Renee Co ang pagsinggitan sang ""Marcos Singilin, Duterte Panagutin"" sa rally sa Luneta subong nga aga. 

#AksyonRadyoIloilo",,"NPA panagutin!","0","https://www.facebook.com/100064669725059/posts/1272081354957510/?mibextid=rS40aB7S9Ucbxw6v"
"""MARCOS SINGILIN, DUTERTE PANAGUTIN"" -- KABATAAN PARTY-LIST REP. RENEE CO SA MAANOMALIYA NGA FLOOD CONTROL PROJECTS 

BY: LHEY ANN ALAYON | September 21, 2025
Video courtesy: Newswatch

Ginpangunahan ni Kabataan Party-list Rep. Renee Co ang pagsinggitan sang ""Marcos Singilin, Duterte Panagutin"" sa rally sa Luneta subong nga aga. 

#AksyonRadyoIloilo",,"Tang ina niyu mga enotel...politica pa din rally niyu indi sa corruption... bakit nadamy si duterte jan....PUTANG INA NIYU MGA L AT PINGLAWAN desperado na kayu...edaan niyu sa election ang hangad niyu mga bobo...","0","https://www.facebook.com/100064669725059/posts/1272081354957510/?mibextid=rS40aB7S9Ucbxw6v"
"""MARCOS SINGILIN, DUTERTE PANAGUTIN"" -- KABATAAN PARTY-LIST REP. RENEE CO SA MAANOMALIYA NGA FLOOD CONTROL PROJECTS 

BY: LHEY ANN ALAYON | September 21, 2025
Video courtesy: Newswatch

Ginpangunahan ni Kabataan Party-list Rep. Renee Co ang pagsinggitan sang ""Marcos Singilin, Duterte Panagutin"" sa rally sa Luneta subong nga aga. 

#AksyonRadyoIloilo",,"Kabataan(party list) SALOT NG LIPUNAN!","0","https://www.facebook.com/100064669725059/posts/1272081354957510/?mibextid=rS40aB7S9Ucbxw6v"
"""MARCOS SINGILIN, DUTERTE PANAGUTIN"" -- KABATAAN PARTY-LIST REP. RENEE CO SA MAANOMALIYA NGA FLOOD CONTROL PROJECTS 

BY: LHEY ANN ALAYON | September 21, 2025
Video courtesy: Newswatch

Ginpangunahan ni Kabataan Party-list Rep. Renee Co ang pagsinggitan sang ""Marcos Singilin, Duterte Panagutin"" sa rally sa Luneta subong nga aga. 

#AksyonRadyoIloilo",,"NPA....... Kasamahan ni Renee Co pinsan ni zaldy co 🤣🤣🤣","0","https://www.facebook.com/100064669725059/posts/1272081354957510/?mibextid=rS40aB7S9Ucbxw6v"
"""MARCOS SINGILIN, DUTERTE PANAGUTIN"" -- KABATAAN PARTY-LIST REP. RENEE CO SA MAANOMALIYA NGA FLOOD CONTROL PROJECTS 

BY: LHEY ANN ALAYON | September 21, 2025
Video courtesy: Newswatch

Ginpangunahan ni Kabataan Party-list Rep. Renee Co ang pagsinggitan sang ""Marcos Singilin, Duterte Panagutin"" sa rally sa Luneta subong nga aga. 

#AksyonRadyoIloilo",,"Manahimik kayu akala MO hinde kayu nakinabangan sa mga project ni digong hilas MO mga cumunist MOG dako","0","https://www.facebook.com/100064669725059/posts/1272081354957510/?mibextid=rS40aB7S9Ucbxw6v"
"""MARCOS SINGILIN, DUTERTE PANAGUTIN"" -- KABATAAN PARTY-LIST REP. RENEE CO SA MAANOMALIYA NGA FLOOD CONTROL PROJECTS 

BY: LHEY ANN ALAYON | September 21, 2025
Video courtesy: Newswatch

Ginpangunahan ni Kabataan Party-list Rep. Renee Co ang pagsinggitan sang ""Marcos Singilin, Duterte Panagutin"" sa rally sa Luneta subong nga aga. 

#AksyonRadyoIloilo",,"Ang isigaw nyo ipa kulong Ang manga corrupt Yan Ang Tama","0","https://www.facebook.com/100064669725059/posts/1272081354957510/?mibextid=rS40aB7S9Ucbxw6v"
"""MARCOS SINGILIN, DUTERTE PANAGUTIN"" -- KABATAAN PARTY-LIST REP. RENEE CO SA MAANOMALIYA NGA FLOOD CONTROL PROJECTS 

BY: LHEY ANN ALAYON | September 21, 2025
Video courtesy: Newswatch

Ginpangunahan ni Kabataan Party-list Rep. Renee Co ang pagsinggitan sang ""Marcos Singilin, Duterte Panagutin"" sa rally sa Luneta subong nga aga. 

#AksyonRadyoIloilo",,"Haha mg abnormal mg rally Kyo sa totoong buaya wag NYU idamay mga Duterte mga ugok bugok hangog 🖕🖕🖕","0","https://www.facebook.com/100064669725059/posts/1272081354957510/?mibextid=rS40aB7S9Ucbxw6v"
"""MARCOS SINGILIN, DUTERTE PANAGUTIN"" -- KABATAAN PARTY-LIST REP. RENEE CO SA MAANOMALIYA NGA FLOOD CONTROL PROJECTS 

BY: LHEY ANN ALAYON | September 21, 2025
Video courtesy: Newswatch

Ginpangunahan ni Kabataan Party-list Rep. Renee Co ang pagsinggitan sang ""Marcos Singilin, Duterte Panagutin"" sa rally sa Luneta subong nga aga. 

#AksyonRadyoIloilo",,"Brrrrtttttttt Brrrrrrrttttttttt Brrrtttttttt Let's Burn Manila 🔥","0","https://www.facebook.com/100064669725059/posts/1272081354957510/?mibextid=rS40aB7S9Ucbxw6v"
"""MARCOS SINGILIN, DUTERTE PANAGUTIN"" -- KABATAAN PARTY-LIST REP. RENEE CO SA MAANOMALIYA NGA FLOOD CONTROL PROJECTS 

BY: LHEY ANN ALAYON | September 21, 2025
Video courtesy: Newswatch

Ginpangunahan ni Kabataan Party-list Rep. Renee Co ang pagsinggitan sang ""Marcos Singilin, Duterte Panagutin"" sa rally sa Luneta subong nga aga. 

#AksyonRadyoIloilo",,"""MARCOS SINGILIN, DUTERTE PANAGUTIN"" NPA PAUPUIN 🤣 -- KABATAAN PARTY-LIST REP. RENEE CO SA MAANOMALIYA NGA FLOOD CONTROL PROJECTS","0","https://www.facebook.com/100064669725059/posts/1272081354957510/?mibextid=rS40aB7S9Ucbxw6v"
"""MARCOS SINGILIN, DUTERTE PANAGUTIN"" -- KABATAAN PARTY-LIST REP. RENEE CO SA MAANOMALIYA NGA FLOOD CONTROL PROJECTS 

BY: LHEY ANN ALAYON | September 21, 2025
Video courtesy: Newswatch

Ginpangunahan ni Kabataan Party-list Rep. Renee Co ang pagsinggitan sang ""Marcos Singilin, Duterte Panagutin"" sa rally sa Luneta subong nga aga. 

#AksyonRadyoIloilo",,"Gago Kang sumisigaw ulol nyo mga npa mga bayaran mga trolls.. si Marcos Ang mag resign walang kwenta pinaglalaban nyo! Marcos nagkamali akong pinaglaban kita at sinuportahan noon.. Wala Kang kwentang presidente Ng pilipinas!","0","https://www.facebook.com/100064669725059/posts/1272081354957510/?mibextid=rS40aB7S9Ucbxw6v"
"""MARCOS SINGILIN, DUTERTE PANAGUTIN"" -- KABATAAN PARTY-LIST REP. RENEE CO SA MAANOMALIYA NGA FLOOD CONTROL PROJECTS 

BY: LHEY ANN ALAYON | September 21, 2025
Video courtesy: Newswatch

Ginpangunahan ni Kabataan Party-list Rep. Renee Co ang pagsinggitan sang ""Marcos Singilin, Duterte Panagutin"" sa rally sa Luneta subong nga aga. 

#AksyonRadyoIloilo",,"500 each pambaon din yan 😅","0","https://www.facebook.com/100064669725059/posts/1272081354957510/?mibextid=rS40aB7S9Ucbxw6v"
"""MARCOS SINGILIN, DUTERTE PANAGUTIN"" -- KABATAAN PARTY-LIST REP. RENEE CO SA MAANOMALIYA NGA FLOOD CONTROL PROJECTS 

BY: LHEY ANN ALAYON | September 21, 2025
Video courtesy: Newswatch

Ginpangunahan ni Kabataan Party-list Rep. Renee Co ang pagsinggitan sang ""Marcos Singilin, Duterte Panagutin"" sa rally sa Luneta subong nga aga. 

#AksyonRadyoIloilo",,"TANGA LANG MGA KUMUNISTA 🤣🤣🤣BAKIT DUTERTE EH ANG GHOST PROJECT FLOOD CONTROL SA LUZON 🤣 IKAW MADAM CHAIR PAUWIIN MO ANG TITO MO ZALDY CO 🤣🤣🤣🤣YAN ANG MAGNANAKAW  MARTIN ROMUALDEZ ZALDY CO","0","https://www.facebook.com/100064669725059/posts/1272081354957510/?mibextid=rS40aB7S9Ucbxw6v"
"""MARCOS SINGILIN, DUTERTE PANAGUTIN"" -- KABATAAN PARTY-LIST REP. RENEE CO SA MAANOMALIYA NGA FLOOD CONTROL PROJECTS 

BY: LHEY ANN ALAYON | September 21, 2025
Video courtesy: Newswatch

Ginpangunahan ni Kabataan Party-list Rep. Renee Co ang pagsinggitan sang ""Marcos Singilin, Duterte Panagutin"" sa rally sa Luneta subong nga aga. 

#AksyonRadyoIloilo",,"Apilon ninyu si duterte.","0","https://www.facebook.com/100064669725059/posts/1272081354957510/?mibextid=rS40aB7S9Ucbxw6v"
"""MARCOS SINGILIN, DUTERTE PANAGUTIN"" -- KABATAAN PARTY-LIST REP. RENEE CO SA MAANOMALIYA NGA FLOOD CONTROL PROJECTS 

BY: LHEY ANN ALAYON | September 21, 2025
Video courtesy: Newswatch

Ginpangunahan ni Kabataan Party-list Rep. Renee Co ang pagsinggitan sang ""Marcos Singilin, Duterte Panagutin"" sa rally sa Luneta subong nga aga. 

#AksyonRadyoIloilo",,"Duterte Duterte Duterte","0","https://www.facebook.com/100064669725059/posts/1272081354957510/?mibextid=rS40aB7S9Ucbxw6v"
"""MARCOS SINGILIN, DUTERTE PANAGUTIN"" -- KABATAAN PARTY-LIST REP. RENEE CO SA MAANOMALIYA NGA FLOOD CONTROL PROJECTS 

BY: LHEY ANN ALAYON | September 21, 2025
Video courtesy: Newswatch

Ginpangunahan ni Kabataan Party-list Rep. Renee Co ang pagsinggitan sang ""Marcos Singilin, Duterte Panagutin"" sa rally sa Luneta subong nga aga. 

#AksyonRadyoIloilo",,"Mga sira ulo.","0","https://www.facebook.com/100064669725059/posts/1272081354957510/?mibextid=rS40aB7S9Ucbxw6v"
"""MARCOS SINGILIN, DUTERTE PANAGUTIN"" -- KABATAAN PARTY-LIST REP. RENEE CO SA MAANOMALIYA NGA FLOOD CONTROL PROJECTS 

BY: LHEY ANN ALAYON | September 21, 2025
Video courtesy: Newswatch

Ginpangunahan ni Kabataan Party-list Rep. Renee Co ang pagsinggitan sang ""Marcos Singilin, Duterte Panagutin"" sa rally sa Luneta subong nga aga. 

#AksyonRadyoIloilo",,"MGA DDSHIT PATAYIN 😂😂😂😂😂 JOKE LANG!","0","https://www.facebook.com/100064669725059/posts/1272081354957510/?mibextid=rS40aB7S9Ucbxw6v"
"""MARCOS SINGILIN, DUTERTE PANAGUTIN"" -- KABATAAN PARTY-LIST REP. RENEE CO SA MAANOMALIYA NGA FLOOD CONTROL PROJECTS 

BY: LHEY ANN ALAYON | September 21, 2025
Video courtesy: Newswatch

Ginpangunahan ni Kabataan Party-list Rep. Renee Co ang pagsinggitan sang ""Marcos Singilin, Duterte Panagutin"" sa rally sa Luneta subong nga aga. 

#AksyonRadyoIloilo",,"MARCOS SINGILIN
DUTERTE PANAGUTIN
NPA PATAYIN.. 😂😂","0","https://www.facebook.com/100064669725059/posts/1272081354957510/?mibextid=rS40aB7S9Ucbxw6v"
"""MARCOS SINGILIN, DUTERTE PANAGUTIN"" -- KABATAAN PARTY-LIST REP. RENEE CO SA MAANOMALIYA NGA FLOOD CONTROL PROJECTS 

BY: LHEY ANN ALAYON | September 21, 2025
Video courtesy: Newswatch

Ginpangunahan ni Kabataan Party-list Rep. Renee Co ang pagsinggitan sang ""Marcos Singilin, Duterte Panagutin"" sa rally sa Luneta subong nga aga. 

#AksyonRadyoIloilo",,"Bakit sali nyo mga DUTERTE waley kayo mga pinklawan 🤮","0","https://www.facebook.com/100064669725059/posts/1272081354957510/?mibextid=rS40aB7S9Ucbxw6v"
"""MARCOS SINGILIN, DUTERTE PANAGUTIN"" -- KABATAAN PARTY-LIST REP. RENEE CO SA MAANOMALIYA NGA FLOOD CONTROL PROJECTS 

BY: LHEY ANN ALAYON | September 21, 2025
Video courtesy: Newswatch

Ginpangunahan ni Kabataan Party-list Rep. Renee Co ang pagsinggitan sang ""Marcos Singilin, Duterte Panagutin"" sa rally sa Luneta subong nga aga. 

#AksyonRadyoIloilo",,"Mga NPA terrorists yan.","0","https://www.facebook.com/100064669725059/posts/1272081354957510/?mibextid=rS40aB7S9Ucbxw6v"
"""MARCOS SINGILIN, DUTERTE PANAGUTIN"" -- KABATAAN PARTY-LIST REP. RENEE CO SA MAANOMALIYA NGA FLOOD CONTROL PROJECTS 

BY: LHEY ANN ALAYON | September 21, 2025
Video courtesy: Newswatch

Ginpangunahan ni Kabataan Party-list Rep. Renee Co ang pagsinggitan sang ""Marcos Singilin, Duterte Panagutin"" sa rally sa Luneta subong nga aga. 

#AksyonRadyoIloilo",,"Just go home! Ayaw ninyo iapil Si TaTay Digong! Hindi kayo nag Rarally! You just want ! To be STUPID! sino ? Ang nag Nakaw nang Kaban nang taong Bayan!? Hindi si Tatay! Digong! Mga Bulag!!","0","https://www.facebook.com/100064669725059/posts/1272081354957510/?mibextid=rS40aB7S9Ucbxw6v"
"""MARCOS SINGILIN, DUTERTE PANAGUTIN"" -- KABATAAN PARTY-LIST REP. RENEE CO SA MAANOMALIYA NGA FLOOD CONTROL PROJECTS 

BY: LHEY ANN ALAYON | September 21, 2025
Video courtesy: Newswatch

Ginpangunahan ni Kabataan Party-list Rep. Renee Co ang pagsinggitan sang ""Marcos Singilin, Duterte Panagutin"" sa rally sa Luneta subong nga aga. 

#AksyonRadyoIloilo",,"Onsay labot sa mga Duterte? Nangawat ba ang mga Duterte? Mga kawatan mga NPA salot ng bayan.","0","https://www.facebook.com/100064669725059/posts/1272081354957510/?mibextid=rS40aB7S9Ucbxw6v"
"""MARCOS SINGILIN, DUTERTE PANAGUTIN"" -- KABATAAN PARTY-LIST REP. RENEE CO SA MAANOMALIYA NGA FLOOD CONTROL PROJECTS 

BY: LHEY ANN ALAYON | September 21, 2025
Video courtesy: Newswatch

Ginpangunahan ni Kabataan Party-list Rep. Renee Co ang pagsinggitan sang ""Marcos Singilin, Duterte Panagutin"" sa rally sa Luneta subong nga aga. 

#AksyonRadyoIloilo",,"MGA NPA","0","https://www.facebook.com/100064669725059/posts/1272081354957510/?mibextid=rS40aB7S9Ucbxw6v"
"""MARCOS SINGILIN, DUTERTE PANAGUTIN"" -- KABATAAN PARTY-LIST REP. RENEE CO SA MAANOMALIYA NGA FLOOD CONTROL PROJECTS 

BY: LHEY ANN ALAYON | September 21, 2025
Video courtesy: Newswatch

Ginpangunahan ni Kabataan Party-list Rep. Renee Co ang pagsinggitan sang ""Marcos Singilin, Duterte Panagutin"" sa rally sa Luneta subong nga aga. 

#AksyonRadyoIloilo",,"Unsay labot ni Duterte? Bobo!","0","https://www.facebook.com/100064669725059/posts/1272081354957510/?mibextid=rS40aB7S9Ucbxw6v"
"""MARCOS SINGILIN, DUTERTE PANAGUTIN"" -- KABATAAN PARTY-LIST REP. RENEE CO SA MAANOMALIYA NGA FLOOD CONTROL PROJECTS 

BY: LHEY ANN ALAYON | September 21, 2025
Video courtesy: Newswatch

Ginpangunahan ni Kabataan Party-list Rep. Renee Co ang pagsinggitan sang ""Marcos Singilin, Duterte Panagutin"" sa rally sa Luneta subong nga aga. 

#AksyonRadyoIloilo",,"Kabataan tuta ng bayan🤣🤣🤣","2","https://www.facebook.com/100064669725059/posts/1272081354957510/?mibextid=rS40aB7S9Ucbxw6v"
"""MARCOS SINGILIN, DUTERTE PANAGUTIN"" -- KABATAAN PARTY-LIST REP. RENEE CO SA MAANOMALIYA NGA FLOOD CONTROL PROJECTS 

BY: LHEY ANN ALAYON | September 21, 2025
Video courtesy: Newswatch

Ginpangunahan ni Kabataan Party-list Rep. Renee Co ang pagsinggitan sang ""Marcos Singilin, Duterte Panagutin"" sa rally sa Luneta subong nga aga. 

#AksyonRadyoIloilo",,"HINDI BIRO MAGING DDS DAHIL ARAW-ARAW KANG BOBO,TANGA,GAGO,BULAG AT UTO.UTO 🤮","0","https://www.facebook.com/100064669725059/posts/1272081354957510/?mibextid=rS40aB7S9Ucbxw6v"
"""MARCOS SINGILIN, DUTERTE PANAGUTIN"" -- KABATAAN PARTY-LIST REP. RENEE CO SA MAANOMALIYA NGA FLOOD CONTROL PROJECTS 

BY: LHEY ANN ALAYON | September 21, 2025
Video courtesy: Newswatch

Ginpangunahan ni Kabataan Party-list Rep. Renee Co ang pagsinggitan sang ""Marcos Singilin, Duterte Panagutin"" sa rally sa Luneta subong nga aga. 

#AksyonRadyoIloilo",,"Bakit nadamay si du30? Hahaha, mga gunggong!","0","https://www.facebook.com/100064669725059/posts/1272081354957510/?mibextid=rS40aB7S9Ucbxw6v"
"""MARCOS SINGILIN, DUTERTE PANAGUTIN"" -- KABATAAN PARTY-LIST REP. RENEE CO SA MAANOMALIYA NGA FLOOD CONTROL PROJECTS 

BY: LHEY ANN ALAYON | September 21, 2025
Video courtesy: Newswatch

Ginpangunahan ni Kabataan Party-list Rep. Renee Co ang pagsinggitan sang ""Marcos Singilin, Duterte Panagutin"" sa rally sa Luneta subong nga aga. 

#AksyonRadyoIloilo",,"Pati Du30 panagutin? Ulol nyo.. #MARCOSRESIGN #NPAGOAWAY","0","https://www.facebook.com/100064669725059/posts/1272081354957510/?mibextid=rS40aB7S9Ucbxw6v"
"""MARCOS SINGILIN, DUTERTE PANAGUTIN"" -- KABATAAN PARTY-LIST REP. RENEE CO SA MAANOMALIYA NGA FLOOD CONTROL PROJECTS 

BY: LHEY ANN ALAYON | September 21, 2025
Video courtesy: Newswatch

Ginpangunahan ni Kabataan Party-list Rep. Renee Co ang pagsinggitan sang ""Marcos Singilin, Duterte Panagutin"" sa rally sa Luneta subong nga aga. 

#AksyonRadyoIloilo",,"RALLY NG MGA NPA MAKABAYAD BLOCK PINKLAWAN 🤮🤮🤮","1","https://www.facebook.com/100064669725059/posts/1272081354957510/?mibextid=rS40aB7S9Ucbxw6v"
"""MARCOS SINGILIN, DUTERTE PANAGUTIN"" -- KABATAAN PARTY-LIST REP. RENEE CO SA MAANOMALIYA NGA FLOOD CONTROL PROJECTS 

BY: LHEY ANN ALAYON | September 21, 2025
Video courtesy: Newswatch

Ginpangunahan ni Kabataan Party-list Rep. Renee Co ang pagsinggitan sang ""Marcos Singilin, Duterte Panagutin"" sa rally sa Luneta subong nga aga. 

#AksyonRadyoIloilo",,"mga kaputaputahannn kaung MGA BAYARAN NA USER NG AI, DILAWAN, PINKLAWAN AT NPA, Wala kaung pakialam at malasakit sa kapwa nyo Pilipino ..WALA KAUNG PAKIALAM SUMADSAD MAN ANG PILIPINAS DAHIL SA PANANAKAW NG BBM ADMINISTRATION...Hindi kau AGAINTS sa KAHIRAPAN, KURAKOT AT ADIKSYON,  at HINDI KAYO PARA SA BANSA AT PILIPINO, MGA POSISYON AT SARILI NYO LANG INIISIP NYO, ANG TOTOO AGAINTS lang kayo sa mga DUTERTE, DAHIL HINDI NYO KAYA TAPATAN ANG TOTOONG LINGKOD BAYAN NA MAY PUSO PARA SA MAMAMAYANG PILIPINO....!!!!","0","https://www.facebook.com/100064669725059/posts/1272081354957510/?mibextid=rS40aB7S9Ucbxw6v"
"""MARCOS SINGILIN, DUTERTE PANAGUTIN"" -- KABATAAN PARTY-LIST REP. RENEE CO SA MAANOMALIYA NGA FLOOD CONTROL PROJECTS 

BY: LHEY ANN ALAYON | September 21, 2025
Video courtesy: Newswatch

Ginpangunahan ni Kabataan Party-list Rep. Renee Co ang pagsinggitan sang ""Marcos Singilin, Duterte Panagutin"" sa rally sa Luneta subong nga aga. 

#AksyonRadyoIloilo",,"Mga salot SA lipunan CPP NPA","1","https://www.facebook.com/100064669725059/posts/1272081354957510/?mibextid=rS40aB7S9Ucbxw6v"
"""MARCOS SINGILIN, DUTERTE PANAGUTIN"" -- KABATAAN PARTY-LIST REP. RENEE CO SA MAANOMALIYA NGA FLOOD CONTROL PROJECTS 

BY: LHEY ANN ALAYON | September 21, 2025
Video courtesy: Newswatch

Ginpangunahan ni Kabataan Party-list Rep. Renee Co ang pagsinggitan sang ""Marcos Singilin, Duterte Panagutin"" sa rally sa Luneta subong nga aga. 

#AksyonRadyoIloilo",,"Mga kulang kulang.... 😂😂😂🧠🧠 Si marcos bangag  kawatan... Bkit si vp inday papatalsikin🥴😂😂","6","https://www.facebook.com/100064669725059/posts/1272081354957510/?mibextid=rS40aB7S9Ucbxw6v"
"""MARCOS SINGILIN, DUTERTE PANAGUTIN"" -- KABATAAN PARTY-LIST REP. RENEE CO SA MAANOMALIYA NGA FLOOD CONTROL PROJECTS 

BY: LHEY ANN ALAYON | September 21, 2025
Video courtesy: Newswatch

Ginpangunahan ni Kabataan Party-list Rep. Renee Co ang pagsinggitan sang ""Marcos Singilin, Duterte Panagutin"" sa rally sa Luneta subong nga aga. 

#AksyonRadyoIloilo",,"Nka kulong na panagutin pa? Mga OBob tlaga. Kung talagang ung adhikain Nyo e kontra korapsyon mag fucos Kau sa mga buwaya na NSA labas parin at protektado ng gobyerno. Mga hangal talaga!","0","https://www.facebook.com/100064669725059/posts/1272081354957510/?mibextid=rS40aB7S9Ucbxw6v"
"""MARCOS SINGILIN, DUTERTE PANAGUTIN"" -- KABATAAN PARTY-LIST REP. RENEE CO SA MAANOMALIYA NGA FLOOD CONTROL PROJECTS 

BY: LHEY ANN ALAYON | September 21, 2025
Video courtesy: Newswatch

Ginpangunahan ni Kabataan Party-list Rep. Renee Co ang pagsinggitan sang ""Marcos Singilin, Duterte Panagutin"" sa rally sa Luneta subong nga aga. 

#AksyonRadyoIloilo",,"Meow meow","0","https://www.facebook.com/100064669725059/posts/1272081354957510/?mibextid=rS40aB7S9Ucbxw6v"
"""MARCOS SINGILIN, DUTERTE PANAGUTIN"" -- KABATAAN PARTY-LIST REP. RENEE CO SA MAANOMALIYA NGA FLOOD CONTROL PROJECTS 

BY: LHEY ANN ALAYON | September 21, 2025
Video courtesy: Newswatch

Ginpangunahan ni Kabataan Party-list Rep. Renee Co ang pagsinggitan sang ""Marcos Singilin, Duterte Panagutin"" sa rally sa Luneta subong nga aga. 

#AksyonRadyoIloilo",,"Future NPA","0","https://www.facebook.com/100064669725059/posts/1272081354957510/?mibextid=rS40aB7S9Ucbxw6v"
"""MARCOS SINGILIN, DUTERTE PANAGUTIN"" -- KABATAAN PARTY-LIST REP. RENEE CO SA MAANOMALIYA NGA FLOOD CONTROL PROJECTS 

BY: LHEY ANN ALAYON | September 21, 2025
Video courtesy: Newswatch

Ginpangunahan ni Kabataan Party-list Rep. Renee Co ang pagsinggitan sang ""Marcos Singilin, Duterte Panagutin"" sa rally sa Luneta subong nga aga. 

#AksyonRadyoIloilo",,"Meow meow meow.......","10","https://www.facebook.com/100064669725059/posts/1272081354957510/?mibextid=rS40aB7S9Ucbxw6v"
"""MARCOS SINGILIN, DUTERTE PANAGUTIN"" -- KABATAAN PARTY-LIST REP. RENEE CO SA MAANOMALIYA NGA FLOOD CONTROL PROJECTS 

BY: LHEY ANN ALAYON | September 21, 2025
Video courtesy: Newswatch

Ginpangunahan ni Kabataan Party-list Rep. Renee Co ang pagsinggitan sang ""Marcos Singilin, Duterte Panagutin"" sa rally sa Luneta subong nga aga. 

#AksyonRadyoIloilo",,"GOD BLESS PBBM❤️❤️❤️❤️❤️❤️❤️❤️❤️❤️❤️❤️❤️❤️❤️❤️❤️❤️❤️","0","https://www.facebook.com/100064669725059/posts/1272081354957510/?mibextid=rS40aB7S9Ucbxw6v"
"""MARCOS SINGILIN, DUTERTE PANAGUTIN"" -- KABATAAN PARTY-LIST REP. RENEE CO SA MAANOMALIYA NGA FLOOD CONTROL PROJECTS 

BY: LHEY ANN ALAYON | September 21, 2025
Video courtesy: Newswatch

Ginpangunahan ni Kabataan Party-list Rep. Renee Co ang pagsinggitan sang ""Marcos Singilin, Duterte Panagutin"" sa rally sa Luneta subong nga aga. 

#AksyonRadyoIloilo",,"PBBM,, 👍👏👌🥰","0","https://www.facebook.com/100064669725059/posts/1272081354957510/?mibextid=rS40aB7S9Ucbxw6v"
"""MARCOS SINGILIN, DUTERTE PANAGUTIN"" -- KABATAAN PARTY-LIST REP. RENEE CO SA MAANOMALIYA NGA FLOOD CONTROL PROJECTS 

BY: LHEY ANN ALAYON | September 21, 2025
Video courtesy: Newswatch

Ginpangunahan ni Kabataan Party-list Rep. Renee Co ang pagsinggitan sang ""Marcos Singilin, Duterte Panagutin"" sa rally sa Luneta subong nga aga. 

#AksyonRadyoIloilo",,"Hahaha,Hoyeah 😂 piyok be like 🤣","0","https://www.facebook.com/100064669725059/posts/1272081354957510/?mibextid=rS40aB7S9Ucbxw6v"
"""MARCOS SINGILIN, DUTERTE PANAGUTIN"" -- KABATAAN PARTY-LIST REP. RENEE CO SA MAANOMALIYA NGA FLOOD CONTROL PROJECTS 

BY: LHEY ANN ALAYON | September 21, 2025
Video courtesy: Newswatch

Ginpangunahan ni Kabataan Party-list Rep. Renee Co ang pagsinggitan sang ""Marcos Singilin, Duterte Panagutin"" sa rally sa Luneta subong nga aga. 

#AksyonRadyoIloilo",,"DEAR GOD.... PLEASE BLESS PHILIPPINES 🇵🇭.......... HOLY GOD HOLY MIGHTY ONE HOLY IMMORTAL ONE HAVE MERCY ON US AND THE WHOLE WORLD JESUS KING OF MERCY I TRUST IN YOU AMEN","0","https://www.facebook.com/100064669725059/posts/1272081354957510/?mibextid=rS40aB7S9Ucbxw6v"
"""MARCOS SINGILIN, DUTERTE PANAGUTIN"" -- KABATAAN PARTY-LIST REP. RENEE CO SA MAANOMALIYA NGA FLOOD CONTROL PROJECTS 

BY: LHEY ANN ALAYON | September 21, 2025
Video courtesy: Newswatch

Ginpangunahan ni Kabataan Party-list Rep. Renee Co ang pagsinggitan sang ""Marcos Singilin, Duterte Panagutin"" sa rally sa Luneta subong nga aga. 

#AksyonRadyoIloilo",,"to the left to the left","0","https://www.facebook.com/100064669725059/posts/1272081354957510/?mibextid=rS40aB7S9Ucbxw6v"
"""MARCOS SINGILIN, DUTERTE PANAGUTIN"" -- KABATAAN PARTY-LIST REP. RENEE CO SA MAANOMALIYA NGA FLOOD CONTROL PROJECTS 

BY: LHEY ANN ALAYON | September 21, 2025
Video courtesy: Newswatch

Ginpangunahan ni Kabataan Party-list Rep. Renee Co ang pagsinggitan sang ""Marcos Singilin, Duterte Panagutin"" sa rally sa Luneta subong nga aga. 

#AksyonRadyoIloilo",,"ayyy na Lang guid .😅","0","https://www.facebook.com/100064669725059/posts/1272081354957510/?mibextid=rS40aB7S9Ucbxw6v"
"""MARCOS SINGILIN, DUTERTE PANAGUTIN"" -- KABATAAN PARTY-LIST REP. RENEE CO SA MAANOMALIYA NGA FLOOD CONTROL PROJECTS 

BY: LHEY ANN ALAYON | September 21, 2025
Video courtesy: Newswatch

Ginpangunahan ni Kabataan Party-list Rep. Renee Co ang pagsinggitan sang ""Marcos Singilin, Duterte Panagutin"" sa rally sa Luneta subong nga aga. 

#AksyonRadyoIloilo",,"Hangag ka","0","https://www.facebook.com/100064669725059/posts/1272081354957510/?mibextid=rS40aB7S9Ucbxw6v"
"""MARCOS SINGILIN, DUTERTE PANAGUTIN"" -- KABATAAN PARTY-LIST REP. RENEE CO SA MAANOMALIYA NGA FLOOD CONTROL PROJECTS 

BY: LHEY ANN ALAYON | September 21, 2025
Video courtesy: Newswatch

Ginpangunahan ni Kabataan Party-list Rep. Renee Co ang pagsinggitan sang ""Marcos Singilin, Duterte Panagutin"" sa rally sa Luneta subong nga aga. 

#AksyonRadyoIloilo",,"Duterte kmi","0","https://www.facebook.com/100064669725059/posts/1272081354957510/?mibextid=rS40aB7S9Ucbxw6v"
"""MARCOS SINGILIN, DUTERTE PANAGUTIN"" -- KABATAAN PARTY-LIST REP. RENEE CO SA MAANOMALIYA NGA FLOOD CONTROL PROJECTS 

BY: LHEY ANN ALAYON | September 21, 2025
Video courtesy: Newswatch

Ginpangunahan ni Kabataan Party-list Rep. Renee Co ang pagsinggitan sang ""Marcos Singilin, Duterte Panagutin"" sa rally sa Luneta subong nga aga. 

#AksyonRadyoIloilo",,"DDS solid","0","https://www.facebook.com/100064669725059/posts/1272081354957510/?mibextid=rS40aB7S9Ucbxw6v"
"""MARCOS SINGILIN, DUTERTE PANAGUTIN"" -- KABATAAN PARTY-LIST REP. RENEE CO SA MAANOMALIYA NGA FLOOD CONTROL PROJECTS 

BY: LHEY ANN ALAYON | September 21, 2025
Video courtesy: Newswatch

Ginpangunahan ni Kabataan Party-list Rep. Renee Co ang pagsinggitan sang ""Marcos Singilin, Duterte Panagutin"" sa rally sa Luneta subong nga aga. 

#AksyonRadyoIloilo",,"Haslo","0","https://www.facebook.com/100064669725059/posts/1272081354957510/?mibextid=rS40aB7S9Ucbxw6v"
"""MARCOS SINGILIN, DUTERTE PANAGUTIN"" -- KABATAAN PARTY-LIST REP. RENEE CO SA MAANOMALIYA NGA FLOOD CONTROL PROJECTS 

BY: LHEY ANN ALAYON | September 21, 2025
Video courtesy: Newswatch

Ginpangunahan ni Kabataan Party-list Rep. Renee Co ang pagsinggitan sang ""Marcos Singilin, Duterte Panagutin"" sa rally sa Luneta subong nga aga. 

#AksyonRadyoIloilo",,"Weeeeh tudo NYU pA...🤣","0","https://www.facebook.com/100064669725059/posts/1272081354957510/?mibextid=rS40aB7S9Ucbxw6v"
"""MARCOS SINGILIN, DUTERTE PANAGUTIN"" -- KABATAAN PARTY-LIST REP. RENEE CO SA MAANOMALIYA NGA FLOOD CONTROL PROJECTS 

BY: LHEY ANN ALAYON | September 21, 2025
Video courtesy: Newswatch

Ginpangunahan ni Kabataan Party-list Rep. Renee Co ang pagsinggitan sang ""Marcos Singilin, Duterte Panagutin"" sa rally sa Luneta subong nga aga. 

#AksyonRadyoIloilo",,"Meow meow meow meow meow","0","https://www.facebook.com/100064669725059/posts/1272081354957510/?mibextid=rS40aB7S9Ucbxw6v"
"""MARCOS SINGILIN, DUTERTE PANAGUTIN"" -- KABATAAN PARTY-LIST REP. RENEE CO SA MAANOMALIYA NGA FLOOD CONTROL PROJECTS 

BY: LHEY ANN ALAYON | September 21, 2025
Video courtesy: Newswatch

Ginpangunahan ni Kabataan Party-list Rep. Renee Co ang pagsinggitan sang ""Marcos Singilin, Duterte Panagutin"" sa rally sa Luneta subong nga aga. 

#AksyonRadyoIloilo",,"Meow meow meow meow....🤣🤣","0","https://www.facebook.com/100064669725059/posts/1272081354957510/?mibextid=rS40aB7S9Ucbxw6v"
"""MARCOS SINGILIN, DUTERTE PANAGUTIN"" -- KABATAAN PARTY-LIST REP. RENEE CO SA MAANOMALIYA NGA FLOOD CONTROL PROJECTS 

BY: LHEY ANN ALAYON | September 21, 2025
Video courtesy: Newswatch

Ginpangunahan ni Kabataan Party-list Rep. Renee Co ang pagsinggitan sang ""Marcos Singilin, Duterte Panagutin"" sa rally sa Luneta subong nga aga. 

#AksyonRadyoIloilo",,"No to CPP-NPA-NDF ❎❎❎❎❎","0","https://www.facebook.com/100064669725059/posts/1272081354957510/?mibextid=rS40aB7S9Ucbxw6v"
"""MARCOS SINGILIN, DUTERTE PANAGUTIN"" -- KABATAAN PARTY-LIST REP. RENEE CO SA MAANOMALIYA NGA FLOOD CONTROL PROJECTS 

BY: LHEY ANN ALAYON | September 21, 2025
Video courtesy: Newswatch

Ginpangunahan ni Kabataan Party-list Rep. Renee Co ang pagsinggitan sang ""Marcos Singilin, Duterte Panagutin"" sa rally sa Luneta subong nga aga. 

#AksyonRadyoIloilo",,"Du30 kmi","0","https://www.facebook.com/100064669725059/posts/1272081354957510/?mibextid=rS40aB7S9Ucbxw6v"
"""MARCOS SINGILIN, DUTERTE PANAGUTIN"" -- KABATAAN PARTY-LIST REP. RENEE CO SA MAANOMALIYA NGA FLOOD CONTROL PROJECTS 

BY: LHEY ANN ALAYON | September 21, 2025
Video courtesy: Newswatch

Ginpangunahan ni Kabataan Party-list Rep. Renee Co ang pagsinggitan sang ""Marcos Singilin, Duterte Panagutin"" sa rally sa Luneta subong nga aga. 

#AksyonRadyoIloilo",,"Marcos lng km","0","https://www.facebook.com/100064669725059/posts/1272081354957510/?mibextid=rS40aB7S9Ucbxw6v"
"""MARCOS SINGILIN, DUTERTE PANAGUTIN"" -- KABATAAN PARTY-LIST REP. RENEE CO SA MAANOMALIYA NGA FLOOD CONTROL PROJECTS 

BY: LHEY ANN ALAYON | September 21, 2025
Video courtesy: Newswatch

Ginpangunahan ni Kabataan Party-list Rep. Renee Co ang pagsinggitan sang ""Marcos Singilin, Duterte Panagutin"" sa rally sa Luneta subong nga aga. 

#AksyonRadyoIloilo",,"Arrf arrf arrf....","0","https://www.facebook.com/100064669725059/posts/1272081354957510/?mibextid=rS40aB7S9Ucbxw6v"
"""MARCOS SINGILIN, DUTERTE PANAGUTIN"" -- KABATAAN PARTY-LIST REP. RENEE CO SA MAANOMALIYA NGA FLOOD CONTROL PROJECTS 

BY: LHEY ANN ALAYON | September 21, 2025
Video courtesy: Newswatch

Ginpangunahan ni Kabataan Party-list Rep. Renee Co ang pagsinggitan sang ""Marcos Singilin, Duterte Panagutin"" sa rally sa Luneta subong nga aga. 

#AksyonRadyoIloilo",,"Taaaaa-eeeeee!!!!","0","https://www.facebook.com/100064669725059/posts/1272081354957510/?mibextid=rS40aB7S9Ucbxw6v"
"""MARCOS SINGILIN, DUTERTE PANAGUTIN"" -- KABATAAN PARTY-LIST REP. RENEE CO SA MAANOMALIYA NGA FLOOD CONTROL PROJECTS 

BY: LHEY ANN ALAYON | September 21, 2025
Video courtesy: Newswatch

Ginpangunahan ni Kabataan Party-list Rep. Renee Co ang pagsinggitan sang ""Marcos Singilin, Duterte Panagutin"" sa rally sa Luneta subong nga aga. 

#AksyonRadyoIloilo",,"o ha hay,","0","https://www.facebook.com/100064669725059/posts/1272081354957510/?mibextid=rS40aB7S9Ucbxw6v"
"""MARCOS SINGILIN, DUTERTE PANAGUTIN"" -- KABATAAN PARTY-LIST REP. RENEE CO SA MAANOMALIYA NGA FLOOD CONTROL PROJECTS 

BY: LHEY ANN ALAYON | September 21, 2025
Video courtesy: Newswatch

Ginpangunahan ni Kabataan Party-list Rep. Renee Co ang pagsinggitan sang ""Marcos Singilin, Duterte Panagutin"" sa rally sa Luneta subong nga aga. 

#AksyonRadyoIloilo",,"Puli kamo to","0","https://www.facebook.com/100064669725059/posts/1272081354957510/?mibextid=rS40aB7S9Ucbxw6v"
"""MARCOS SINGILIN, DUTERTE PANAGUTIN"" -- KABATAAN PARTY-LIST REP. RENEE CO SA MAANOMALIYA NGA FLOOD CONTROL PROJECTS 

BY: LHEY ANN ALAYON | September 21, 2025
Video courtesy: Newswatch

Ginpangunahan ni Kabataan Party-list Rep. Renee Co ang pagsinggitan sang ""Marcos Singilin, Duterte Panagutin"" sa rally sa Luneta subong nga aga. 

#AksyonRadyoIloilo",,"Bal an gid dira kon sin o ang mga NPA kag  ipokrito tsk tsk","0","https://www.facebook.com/100064669725059/posts/1272081354957510/?mibextid=rS40aB7S9Ucbxw6v"
"""MARCOS SINGILIN, DUTERTE PANAGUTIN"" -- KABATAAN PARTY-LIST REP. RENEE CO SA MAANOMALIYA NGA FLOOD CONTROL PROJECTS 

BY: LHEY ANN ALAYON | September 21, 2025
Video courtesy: Newswatch

Ginpangunahan ni Kabataan Party-list Rep. Renee Co ang pagsinggitan sang ""Marcos Singilin, Duterte Panagutin"" sa rally sa Luneta subong nga aga. 

#AksyonRadyoIloilo",,"Atty co tongs","0","https://www.facebook.com/100064669725059/posts/1272081354957510/?mibextid=rS40aB7S9Ucbxw6v"
"""MARCOS SINGILIN, DUTERTE PANAGUTIN"" -- KABATAAN PARTY-LIST REP. RENEE CO SA MAANOMALIYA NGA FLOOD CONTROL PROJECTS 

BY: LHEY ANN ALAYON | September 21, 2025
Video courtesy: Newswatch

Ginpangunahan ni Kabataan Party-list Rep. Renee Co ang pagsinggitan sang ""Marcos Singilin, Duterte Panagutin"" sa rally sa Luneta subong nga aga. 

#AksyonRadyoIloilo",,"Cokak! Cokak! Cokak!","0","https://www.facebook.com/100064669725059/posts/1272081354957510/?mibextid=rS40aB7S9Ucbxw6v"
"""MARCOS SINGILIN, DUTERTE PANAGUTIN"" -- KABATAAN PARTY-LIST REP. RENEE CO SA MAANOMALIYA NGA FLOOD CONTROL PROJECTS 

BY: LHEY ANN ALAYON | September 21, 2025
Video courtesy: Newswatch

Ginpangunahan ni Kabataan Party-list Rep. Renee Co ang pagsinggitan sang ""Marcos Singilin, Duterte Panagutin"" sa rally sa Luneta subong nga aga. 

#AksyonRadyoIloilo",,"Hoy!!! Buang..","0","https://www.facebook.com/100064669725059/posts/1272081354957510/?mibextid=rS40aB7S9Ucbxw6v"
"""MARCOS SINGILIN, DUTERTE PANAGUTIN"" -- KABATAAN PARTY-LIST REP. RENEE CO SA MAANOMALIYA NGA FLOOD CONTROL PROJECTS 

BY: LHEY ANN ALAYON | September 21, 2025
Video courtesy: Newswatch

Ginpangunahan ni Kabataan Party-list Rep. Renee Co ang pagsinggitan sang ""Marcos Singilin, Duterte Panagutin"" sa rally sa Luneta subong nga aga. 

#AksyonRadyoIloilo",,"Buang mga kulira","0","https://www.facebook.com/100064669725059/posts/1272081354957510/?mibextid=rS40aB7S9Ucbxw6v"
"""MARCOS SINGILIN, DUTERTE PANAGUTIN"" -- KABATAAN PARTY-LIST REP. RENEE CO SA MAANOMALIYA NGA FLOOD CONTROL PROJECTS 

BY: LHEY ANN ALAYON | September 21, 2025
Video courtesy: Newswatch

Ginpangunahan ni Kabataan Party-list Rep. Renee Co ang pagsinggitan sang ""Marcos Singilin, Duterte Panagutin"" sa rally sa Luneta subong nga aga. 

#AksyonRadyoIloilo",,"The Last Cry","0","https://www.facebook.com/100064669725059/posts/1272081354957510/?mibextid=rS40aB7S9Ucbxw6v"
"""MARCOS SINGILIN, DUTERTE PANAGUTIN"" -- KABATAAN PARTY-LIST REP. RENEE CO SA MAANOMALIYA NGA FLOOD CONTROL PROJECTS 

BY: LHEY ANN ALAYON | September 21, 2025
Video courtesy: Newswatch

Ginpangunahan ni Kabataan Party-list Rep. Renee Co ang pagsinggitan sang ""Marcos Singilin, Duterte Panagutin"" sa rally sa Luneta subong nga aga. 

#AksyonRadyoIloilo",,"Meowww meowwww......","0","https://www.facebook.com/100064669725059/posts/1272081354957510/?mibextid=rS40aB7S9Ucbxw6v"
"""MARCOS SINGILIN, DUTERTE PANAGUTIN"" -- KABATAAN PARTY-LIST REP. RENEE CO SA MAANOMALIYA NGA FLOOD CONTROL PROJECTS 

BY: LHEY ANN ALAYON | September 21, 2025
Video courtesy: Newswatch

Ginpangunahan ni Kabataan Party-list Rep. Renee Co ang pagsinggitan sang ""Marcos Singilin, Duterte Panagutin"" sa rally sa Luneta subong nga aga. 

#AksyonRadyoIloilo",,"Pila bayad puli mo mg into","0","https://www.facebook.com/100064669725059/posts/1272081354957510/?mibextid=rS40aB7S9Ucbxw6v"
"""MARCOS SINGILIN, DUTERTE PANAGUTIN"" -- KABATAAN PARTY-LIST REP. RENEE CO SA MAANOMALIYA NGA FLOOD CONTROL PROJECTS 

BY: LHEY ANN ALAYON | September 21, 2025
Video courtesy: Newswatch

Ginpangunahan ni Kabataan Party-list Rep. Renee Co ang pagsinggitan sang ""Marcos Singilin, Duterte Panagutin"" sa rally sa Luneta subong nga aga. 

#AksyonRadyoIloilo",,"Mango","1","https://www.facebook.com/100064669725059/posts/1272081354957510/?mibextid=rS40aB7S9Ucbxw6v"
"""MARCOS SINGILIN, DUTERTE PANAGUTIN"" -- KABATAAN PARTY-LIST REP. RENEE CO SA MAANOMALIYA NGA FLOOD CONTROL PROJECTS 

BY: LHEY ANN ALAYON | September 21, 2025
Video courtesy: Newswatch

Ginpangunahan ni Kabataan Party-list Rep. Renee Co ang pagsinggitan sang ""Marcos Singilin, Duterte Panagutin"" sa rally sa Luneta subong nga aga. 

#AksyonRadyoIloilo",,"T.A.N.G.A ka lang Renee.co ambot sa kanding nga may BANGS pilit iniinvolve ang duterte nga wala mn cla resibo👊👊👊","1","https://www.facebook.com/100064669725059/posts/1272081354957510/?mibextid=rS40aB7S9Ucbxw6v"
"""MARCOS SINGILIN, DUTERTE PANAGUTIN"" -- KABATAAN PARTY-LIST REP. RENEE CO SA MAANOMALIYA NGA FLOOD CONTROL PROJECTS 

BY: LHEY ANN ALAYON | September 21, 2025
Video courtesy: Newswatch

Ginpangunahan ni Kabataan Party-list Rep. Renee Co ang pagsinggitan sang ""Marcos Singilin, Duterte Panagutin"" sa rally sa Luneta subong nga aga. 

#AksyonRadyoIloilo",,"ulol!!!","0","https://www.facebook.com/100064669725059/posts/1272081354957510/?mibextid=rS40aB7S9Ucbxw6v"
"""MARCOS SINGILIN, DUTERTE PANAGUTIN"" -- KABATAAN PARTY-LIST REP. RENEE CO SA MAANOMALIYA NGA FLOOD CONTROL PROJECTS 

BY: LHEY ANN ALAYON | September 21, 2025
Video courtesy: Newswatch

Ginpangunahan ni Kabataan Party-list Rep. Renee Co ang pagsinggitan sang ""Marcos Singilin, Duterte Panagutin"" sa rally sa Luneta subong nga aga. 

#AksyonRadyoIloilo",,"NPA for president 😂","0","https://www.facebook.com/100064669725059/posts/1272081354957510/?mibextid=rS40aB7S9Ucbxw6v"
"""MARCOS SINGILIN, DUTERTE PANAGUTIN"" -- KABATAAN PARTY-LIST REP. RENEE CO SA MAANOMALIYA NGA FLOOD CONTROL PROJECTS 

BY: LHEY ANN ALAYON | September 21, 2025
Video courtesy: Newswatch

Ginpangunahan ni Kabataan Party-list Rep. Renee Co ang pagsinggitan sang ""Marcos Singilin, Duterte Panagutin"" sa rally sa Luneta subong nga aga. 

#AksyonRadyoIloilo",,"Npa kamo","0","https://www.facebook.com/100064669725059/posts/1272081354957510/?mibextid=rS40aB7S9Ucbxw6v"
"""MARCOS SINGILIN, DUTERTE PANAGUTIN"" -- KABATAAN PARTY-LIST REP. RENEE CO SA MAANOMALIYA NGA FLOOD CONTROL PROJECTS 

BY: LHEY ANN ALAYON | September 21, 2025
Video courtesy: Newswatch

Ginpangunahan ni Kabataan Party-list Rep. Renee Co ang pagsinggitan sang ""Marcos Singilin, Duterte Panagutin"" sa rally sa Luneta subong nga aga. 

#AksyonRadyoIloilo",,"PBBM FOREVER PRESIDENT.","0","https://www.facebook.com/100064669725059/posts/1272081354957510/?mibextid=rS40aB7S9Ucbxw6v"
"""MARCOS SINGILIN, DUTERTE PANAGUTIN"" -- KABATAAN PARTY-LIST REP. RENEE CO SA MAANOMALIYA NGA FLOOD CONTROL PROJECTS 

BY: LHEY ANN ALAYON | September 21, 2025
Video courtesy: Newswatch

Ginpangunahan ni Kabataan Party-list Rep. Renee Co ang pagsinggitan sang ""Marcos Singilin, Duterte Panagutin"" sa rally sa Luneta subong nga aga. 

#AksyonRadyoIloilo",,"spirit be with","0","https://www.facebook.com/100064669725059/posts/1272081354957510/?mibextid=rS40aB7S9Ucbxw6v"
"""MARCOS SINGILIN, DUTERTE PANAGUTIN"" -- KABATAAN PARTY-LIST REP. RENEE CO SA MAANOMALIYA NGA FLOOD CONTROL PROJECTS 

BY: LHEY ANN ALAYON | September 21, 2025
Video courtesy: Newswatch

Ginpangunahan ni Kabataan Party-list Rep. Renee Co ang pagsinggitan sang ""Marcos Singilin, Duterte Panagutin"" sa rally sa Luneta subong nga aga. 

#AksyonRadyoIloilo",,"Meow meow meow meow","0","https://www.facebook.com/100064669725059/posts/1272081354957510/?mibextid=rS40aB7S9Ucbxw6v"
"""MARCOS SINGILIN, DUTERTE PANAGUTIN"" -- KABATAAN PARTY-LIST REP. RENEE CO SA MAANOMALIYA NGA FLOOD CONTROL PROJECTS 

BY: LHEY ANN ALAYON | September 21, 2025
Video courtesy: Newswatch

Ginpangunahan ni Kabataan Party-list Rep. Renee Co ang pagsinggitan sang ""Marcos Singilin, Duterte Panagutin"" sa rally sa Luneta subong nga aga. 

#AksyonRadyoIloilo",,"Arf arf arf arf 🤑🤑🤑","0","https://www.facebook.com/100064669725059/posts/1272081354957510/?mibextid=rS40aB7S9Ucbxw6v"
"""MARCOS SINGILIN, DUTERTE PANAGUTIN"" -- KABATAAN PARTY-LIST REP. RENEE CO SA MAANOMALIYA NGA FLOOD CONTROL PROJECTS 

BY: LHEY ANN ALAYON | September 21, 2025
Video courtesy: Newswatch

Ginpangunahan ni Kabataan Party-list Rep. Renee Co ang pagsinggitan sang ""Marcos Singilin, Duterte Panagutin"" sa rally sa Luneta subong nga aga. 

#AksyonRadyoIloilo",,"PBBMARCOS 🇵🇭❤️❤️❤️❤️❤️","0","https://www.facebook.com/100064669725059/posts/1272081354957510/?mibextid=rS40aB7S9Ucbxw6v"
"""MARCOS SINGILIN, DUTERTE PANAGUTIN"" -- KABATAAN PARTY-LIST REP. RENEE CO SA MAANOMALIYA NGA FLOOD CONTROL PROJECTS 

BY: LHEY ANN ALAYON | September 21, 2025
Video courtesy: Newswatch

Ginpangunahan ni Kabataan Party-list Rep. Renee Co ang pagsinggitan sang ""Marcos Singilin, Duterte Panagutin"" sa rally sa Luneta subong nga aga. 

#AksyonRadyoIloilo",,"Meow meow","0","https://www.facebook.com/100064669725059/posts/1272081354957510/?mibextid=rS40aB7S9Ucbxw6v"
"""MARCOS SINGILIN, DUTERTE PANAGUTIN"" -- KABATAAN PARTY-LIST REP. RENEE CO SA MAANOMALIYA NGA FLOOD CONTROL PROJECTS 

BY: LHEY ANN ALAYON | September 21, 2025
Video courtesy: Newswatch

Ginpangunahan ni Kabataan Party-list Rep. Renee Co ang pagsinggitan sang ""Marcos Singilin, Duterte Panagutin"" sa rally sa Luneta subong nga aga. 

#AksyonRadyoIloilo",,"Leni Robredo for president","0","https://www.facebook.com/100064669725059/posts/1272081354957510/?mibextid=rS40aB7S9Ucbxw6v"
"""MARCOS SINGILIN, DUTERTE PANAGUTIN"" -- KABATAAN PARTY-LIST REP. RENEE CO SA MAANOMALIYA NGA FLOOD CONTROL PROJECTS 

BY: LHEY ANN ALAYON | September 21, 2025
Video courtesy: Newswatch

Ginpangunahan ni Kabataan Party-list Rep. Renee Co ang pagsinggitan sang ""Marcos Singilin, Duterte Panagutin"" sa rally sa Luneta subong nga aga. 

#AksyonRadyoIloilo",,"Daad uranan kmu jn baskug bah","1","https://www.facebook.com/100064669725059/posts/1272081354957510/?mibextid=rS40aB7S9Ucbxw6v"
"""MARCOS SINGILIN, DUTERTE PANAGUTIN"" -- KABATAAN PARTY-LIST REP. RENEE CO SA MAANOMALIYA NGA FLOOD CONTROL PROJECTS 

BY: LHEY ANN ALAYON | September 21, 2025
Video courtesy: Newswatch

Ginpangunahan ni Kabataan Party-list Rep. Renee Co ang pagsinggitan sang ""Marcos Singilin, Duterte Panagutin"" sa rally sa Luneta subong nga aga. 

#AksyonRadyoIloilo",,"ka funny gd no bla c renee co","1","https://www.facebook.com/100064669725059/posts/1272081354957510/?mibextid=rS40aB7S9Ucbxw6v"
"""MARCOS SINGILIN, DUTERTE PANAGUTIN"" -- KABATAAN PARTY-LIST REP. RENEE CO SA MAANOMALIYA NGA FLOOD CONTROL PROJECTS 

BY: LHEY ANN ALAYON | September 21, 2025
Video courtesy: Newswatch

Ginpangunahan ni Kabataan Party-list Rep. Renee Co ang pagsinggitan sang ""Marcos Singilin, Duterte Panagutin"" sa rally sa Luneta subong nga aga. 

#AksyonRadyoIloilo",,"MARCOS-DUTERTE PARIHOS NA KURAKOT!! PANAGUTIN","0","https://www.facebook.com/100064669725059/posts/1272081354957510/?mibextid=rS40aB7S9Ucbxw6v"
"""MARCOS SINGILIN, DUTERTE PANAGUTIN"" -- KABATAAN PARTY-LIST REP. RENEE CO SA MAANOMALIYA NGA FLOOD CONTROL PROJECTS 

BY: LHEY ANN ALAYON | September 21, 2025
Video courtesy: Newswatch

Ginpangunahan ni Kabataan Party-list Rep. Renee Co ang pagsinggitan sang ""Marcos Singilin, Duterte Panagutin"" sa rally sa Luneta subong nga aga. 

#AksyonRadyoIloilo",,"iyakin","0","https://www.facebook.com/100064669725059/posts/1272081354957510/?mibextid=rS40aB7S9Ucbxw6v"
"""MARCOS SINGILIN, DUTERTE PANAGUTIN"" -- KABATAAN PARTY-LIST REP. RENEE CO SA MAANOMALIYA NGA FLOOD CONTROL PROJECTS 

BY: LHEY ANN ALAYON | September 21, 2025
Video courtesy: Newswatch

Ginpangunahan ni Kabataan Party-list Rep. Renee Co ang pagsinggitan sang ""Marcos Singilin, Duterte Panagutin"" sa rally sa Luneta subong nga aga. 

#AksyonRadyoIloilo",,"Abno","0","https://www.facebook.com/100064669725059/posts/1272081354957510/?mibextid=rS40aB7S9Ucbxw6v"
"""MARCOS SINGILIN, DUTERTE PANAGUTIN"" -- KABATAAN PARTY-LIST REP. RENEE CO SA MAANOMALIYA NGA FLOOD CONTROL PROJECTS 

BY: LHEY ANN ALAYON | September 21, 2025
Video courtesy: Newswatch

Ginpangunahan ni Kabataan Party-list Rep. Renee Co ang pagsinggitan sang ""Marcos Singilin, Duterte Panagutin"" sa rally sa Luneta subong nga aga. 

#AksyonRadyoIloilo",,"Pulahan💩💩💚💚💚🇵🇭🤪","0","https://www.facebook.com/100064669725059/posts/1272081354957510/?mibextid=rS40aB7S9Ucbxw6v"
"""MARCOS SINGILIN, DUTERTE PANAGUTIN"" -- KABATAAN PARTY-LIST REP. RENEE CO SA MAANOMALIYA NGA FLOOD CONTROL PROJECTS 

BY: LHEY ANN ALAYON | September 21, 2025
Video courtesy: Newswatch

Ginpangunahan ni Kabataan Party-list Rep. Renee Co ang pagsinggitan sang ""Marcos Singilin, Duterte Panagutin"" sa rally sa Luneta subong nga aga. 

#AksyonRadyoIloilo",,"DUTERTE SOLID 💚💚💚💚💚","0","https://www.facebook.com/100064669725059/posts/1272081354957510/?mibextid=rS40aB7S9Ucbxw6v"
"""MARCOS SINGILIN, DUTERTE PANAGUTIN"" -- KABATAAN PARTY-LIST REP. RENEE CO SA MAANOMALIYA NGA FLOOD CONTROL PROJECTS 

BY: LHEY ANN ALAYON | September 21, 2025
Video courtesy: Newswatch

Ginpangunahan ni Kabataan Party-list Rep. Renee Co ang pagsinggitan sang ""Marcos Singilin, Duterte Panagutin"" sa rally sa Luneta subong nga aga. 

#AksyonRadyoIloilo",,"Taeeeee 🤣🤣🤣","0","https://www.facebook.com/100064669725059/posts/1272081354957510/?mibextid=rS40aB7S9Ucbxw6v"
"""MARCOS SINGILIN, DUTERTE PANAGUTIN"" -- KABATAAN PARTY-LIST REP. RENEE CO SA MAANOMALIYA NGA FLOOD CONTROL PROJECTS 

BY: LHEY ANN ALAYON | September 21, 2025
Video courtesy: Newswatch

Ginpangunahan ni Kabataan Party-list Rep. Renee Co ang pagsinggitan sang ""Marcos Singilin, Duterte Panagutin"" sa rally sa Luneta subong nga aga. 

#AksyonRadyoIloilo",,"NPA PALAYASIIINNN!!!","0","https://www.facebook.com/100064669725059/posts/1272081354957510/?mibextid=rS40aB7S9Ucbxw6v"
"""MARCOS SINGILIN, DUTERTE PANAGUTIN"" -- KABATAAN PARTY-LIST REP. RENEE CO SA MAANOMALIYA NGA FLOOD CONTROL PROJECTS 

BY: LHEY ANN ALAYON | September 21, 2025
Video courtesy: Newswatch

Ginpangunahan ni Kabataan Party-list Rep. Renee Co ang pagsinggitan sang ""Marcos Singilin, Duterte Panagutin"" sa rally sa Luneta subong nga aga. 

#AksyonRadyoIloilo",,"DU30","0","https://www.facebook.com/100064669725059/posts/1272081354957510/?mibextid=rS40aB7S9Ucbxw6v"
"""MARCOS SINGILIN, DUTERTE PANAGUTIN"" -- KABATAAN PARTY-LIST REP. RENEE CO SA MAANOMALIYA NGA FLOOD CONTROL PROJECTS 

BY: LHEY ANN ALAYON | September 21, 2025
Video courtesy: Newswatch

Ginpangunahan ni Kabataan Party-list Rep. Renee Co ang pagsinggitan sang ""Marcos Singilin, Duterte Panagutin"" sa rally sa Luneta subong nga aga. 

#AksyonRadyoIloilo",,"Paghilom dai,","0","https://www.facebook.com/100064669725059/posts/1272081354957510/?mibextid=rS40aB7S9Ucbxw6v"
"""MARCOS SINGILIN, DUTERTE PANAGUTIN"" -- KABATAAN PARTY-LIST REP. RENEE CO SA MAANOMALIYA NGA FLOOD CONTROL PROJECTS 

BY: LHEY ANN ALAYON | September 21, 2025
Video courtesy: Newswatch

Ginpangunahan ni Kabataan Party-list Rep. Renee Co ang pagsinggitan sang ""Marcos Singilin, Duterte Panagutin"" sa rally sa Luneta subong nga aga. 

#AksyonRadyoIloilo",,"NPA NPA NPA NPA NPA","0","https://www.facebook.com/100064669725059/posts/1272081354957510/?mibextid=rS40aB7S9Ucbxw6v"
"""MARCOS SINGILIN, DUTERTE PANAGUTIN"" -- KABATAAN PARTY-LIST REP. RENEE CO SA MAANOMALIYA NGA FLOOD CONTROL PROJECTS 

BY: LHEY ANN ALAYON | September 21, 2025
Video courtesy: Newswatch

Ginpangunahan ni Kabataan Party-list Rep. Renee Co ang pagsinggitan sang ""Marcos Singilin, Duterte Panagutin"" sa rally sa Luneta subong nga aga. 

#AksyonRadyoIloilo",,"NPA NPA salut","0","https://www.facebook.com/100064669725059/posts/1272081354957510/?mibextid=rS40aB7S9Ucbxw6v"
"""MARCOS SINGILIN, DUTERTE PANAGUTIN"" -- KABATAAN PARTY-LIST REP. RENEE CO SA MAANOMALIYA NGA FLOOD CONTROL PROJECTS 

BY: LHEY ANN ALAYON | September 21, 2025
Video courtesy: Newswatch

Ginpangunahan ni Kabataan Party-list Rep. Renee Co ang pagsinggitan sang ""Marcos Singilin, Duterte Panagutin"" sa rally sa Luneta subong nga aga. 

#AksyonRadyoIloilo",,"Pbbm","0","https://www.facebook.com/100064669725059/posts/1272081354957510/?mibextid=rS40aB7S9Ucbxw6v"
"""MARCOS SINGILIN, DUTERTE PANAGUTIN"" -- KABATAAN PARTY-LIST REP. RENEE CO SA MAANOMALIYA NGA FLOOD CONTROL PROJECTS 

BY: LHEY ANN ALAYON | September 21, 2025
Video courtesy: Newswatch

Ginpangunahan ni Kabataan Party-list Rep. Renee Co ang pagsinggitan sang ""Marcos Singilin, Duterte Panagutin"" sa rally sa Luneta subong nga aga. 

#AksyonRadyoIloilo",,"Hahahah","0","https://www.facebook.com/100064669725059/posts/1272081354957510/?mibextid=rS40aB7S9Ucbxw6v"
"""MARCOS SINGILIN, DUTERTE PANAGUTIN"" -- KABATAAN PARTY-LIST REP. RENEE CO SA MAANOMALIYA NGA FLOOD CONTROL PROJECTS 

BY: LHEY ANN ALAYON | September 21, 2025
Video courtesy: Newswatch

Ginpangunahan ni Kabataan Party-list Rep. Renee Co ang pagsinggitan sang ""Marcos Singilin, Duterte Panagutin"" sa rally sa Luneta subong nga aga. 

#AksyonRadyoIloilo",,"Buang na","0","https://www.facebook.com/100064669725059/posts/1272081354957510/?mibextid=rS40aB7S9Ucbxw6v"
"""MARCOS SINGILIN, DUTERTE PANAGUTIN"" -- KABATAAN PARTY-LIST REP. RENEE CO SA MAANOMALIYA NGA FLOOD CONTROL PROJECTS 

BY: LHEY ANN ALAYON | September 21, 2025
Video courtesy: Newswatch

Ginpangunahan ni Kabataan Party-list Rep. Renee Co ang pagsinggitan sang ""Marcos Singilin, Duterte Panagutin"" sa rally sa Luneta subong nga aga. 

#AksyonRadyoIloilo",,"Kabobohan","0","https://www.facebook.com/100064669725059/posts/1272081354957510/?mibextid=rS40aB7S9Ucbxw6v"
"""MARCOS SINGILIN, DUTERTE PANAGUTIN"" -- KABATAAN PARTY-LIST REP. RENEE CO SA MAANOMALIYA NGA FLOOD CONTROL PROJECTS 

BY: LHEY ANN ALAYON | September 21, 2025
Video courtesy: Newswatch

Ginpangunahan ni Kabataan Party-list Rep. Renee Co ang pagsinggitan sang ""Marcos Singilin, Duterte Panagutin"" sa rally sa Luneta subong nga aga. 

#AksyonRadyoIloilo",,"Marcosresign","0","https://www.facebook.com/100064669725059/posts/1272081354957510/?mibextid=rS40aB7S9Ucbxw6v"
"""MARCOS SINGILIN, DUTERTE PANAGUTIN"" -- KABATAAN PARTY-LIST REP. RENEE CO SA MAANOMALIYA NGA FLOOD CONTROL PROJECTS 

BY: LHEY ANN ALAYON | September 21, 2025
Video courtesy: Newswatch

Ginpangunahan ni Kabataan Party-list Rep. Renee Co ang pagsinggitan sang ""Marcos Singilin, Duterte Panagutin"" sa rally sa Luneta subong nga aga. 

#AksyonRadyoIloilo",,"NPA!! 🤮🤮","0","https://www.facebook.com/100064669725059/posts/1272081354957510/?mibextid=rS40aB7S9Ucbxw6v"
"""MARCOS SINGILIN, DUTERTE PANAGUTIN"" -- KABATAAN PARTY-LIST REP. RENEE CO SA MAANOMALIYA NGA FLOOD CONTROL PROJECTS 

BY: LHEY ANN ALAYON | September 21, 2025
Video courtesy: Newswatch

Ginpangunahan ni Kabataan Party-list Rep. Renee Co ang pagsinggitan sang ""Marcos Singilin, Duterte Panagutin"" sa rally sa Luneta subong nga aga. 

#AksyonRadyoIloilo",,"Inabno","1","https://www.facebook.com/100064669725059/posts/1272081354957510/?mibextid=rS40aB7S9Ucbxw6v"
"""MARCOS SINGILIN, DUTERTE PANAGUTIN"" -- KABATAAN PARTY-LIST REP. RENEE CO SA MAANOMALIYA NGA FLOOD CONTROL PROJECTS 

BY: LHEY ANN ALAYON | September 21, 2025
Video courtesy: Newswatch

Ginpangunahan ni Kabataan Party-list Rep. Renee Co ang pagsinggitan sang ""Marcos Singilin, Duterte Panagutin"" sa rally sa Luneta subong nga aga. 

#AksyonRadyoIloilo",,"tae...","0","https://www.facebook.com/100064669725059/posts/1272081354957510/?mibextid=rS40aB7S9Ucbxw6v"
"""MARCOS SINGILIN, DUTERTE PANAGUTIN"" -- KABATAAN PARTY-LIST REP. RENEE CO SA MAANOMALIYA NGA FLOOD CONTROL PROJECTS 

BY: LHEY ANN ALAYON | September 21, 2025
Video courtesy: Newswatch

Ginpangunahan ni Kabataan Party-list Rep. Renee Co ang pagsinggitan sang ""Marcos Singilin, Duterte Panagutin"" sa rally sa Luneta subong nga aga. 

#AksyonRadyoIloilo",,"Manga abnormal","0","https://www.facebook.com/100064669725059/posts/1272081354957510/?mibextid=rS40aB7S9Ucbxw6v"
"""MARCOS SINGILIN, DUTERTE PANAGUTIN"" -- KABATAAN PARTY-LIST REP. RENEE CO SA MAANOMALIYA NGA FLOOD CONTROL PROJECTS 

BY: LHEY ANN ALAYON | September 21, 2025
Video courtesy: Newswatch

Ginpangunahan ni Kabataan Party-list Rep. Renee Co ang pagsinggitan sang ""Marcos Singilin, Duterte Panagutin"" sa rally sa Luneta subong nga aga. 

#AksyonRadyoIloilo",,"Hahahaha","0","https://www.facebook.com/100064669725059/posts/1272081354957510/?mibextid=rS40aB7S9Ucbxw6v"
"""MARCOS SINGILIN, DUTERTE PANAGUTIN"" -- KABATAAN PARTY-LIST REP. RENEE CO SA MAANOMALIYA NGA FLOOD CONTROL PROJECTS 

BY: LHEY ANN ALAYON | September 21, 2025
Video courtesy: Newswatch

Ginpangunahan ni Kabataan Party-list Rep. Renee Co ang pagsinggitan sang ""Marcos Singilin, Duterte Panagutin"" sa rally sa Luneta subong nga aga. 

#AksyonRadyoIloilo",,"Hahahaha tae","0","https://www.facebook.com/100064669725059/posts/1272081354957510/?mibextid=rS40aB7S9Ucbxw6v"
"""MARCOS SINGILIN, DUTERTE PANAGUTIN"" -- KABATAAN PARTY-LIST REP. RENEE CO SA MAANOMALIYA NGA FLOOD CONTROL PROJECTS 

BY: LHEY ANN ALAYON | September 21, 2025
Video courtesy: Newswatch

Ginpangunahan ni Kabataan Party-list Rep. Renee Co ang pagsinggitan sang ""Marcos Singilin, Duterte Panagutin"" sa rally sa Luneta subong nga aga. 

#AksyonRadyoIloilo",,"Hahahahah.. NPA agenda","0","https://www.facebook.com/100064669725059/posts/1272081354957510/?mibextid=rS40aB7S9Ucbxw6v"
"""MARCOS SINGILIN, DUTERTE PANAGUTIN"" -- KABATAAN PARTY-LIST REP. RENEE CO SA MAANOMALIYA NGA FLOOD CONTROL PROJECTS 

BY: LHEY ANN ALAYON | September 21, 2025
Video courtesy: Newswatch

Ginpangunahan ni Kabataan Party-list Rep. Renee Co ang pagsinggitan sang ""Marcos Singilin, Duterte Panagutin"" sa rally sa Luneta subong nga aga. 

#AksyonRadyoIloilo",,"Abnoooo","0","https://www.facebook.com/100064669725059/posts/1272081354957510/?mibextid=rS40aB7S9Ucbxw6v"
"""MARCOS SINGILIN, DUTERTE PANAGUTIN"" -- KABATAAN PARTY-LIST REP. RENEE CO SA MAANOMALIYA NGA FLOOD CONTROL PROJECTS 

BY: LHEY ANN ALAYON | September 21, 2025
Video courtesy: Newswatch

Ginpangunahan ni Kabataan Party-list Rep. Renee Co ang pagsinggitan sang ""Marcos Singilin, Duterte Panagutin"" sa rally sa Luneta subong nga aga. 

#AksyonRadyoIloilo",,"Gaga","0","https://www.facebook.com/100064669725059/posts/1272081354957510/?mibextid=rS40aB7S9Ucbxw6v"
"""MARCOS SINGILIN, DUTERTE PANAGUTIN"" -- KABATAAN PARTY-LIST REP. RENEE CO SA MAANOMALIYA NGA FLOOD CONTROL PROJECTS 

BY: LHEY ANN ALAYON | September 21, 2025
Video courtesy: Newswatch

Ginpangunahan ni Kabataan Party-list Rep. Renee Co ang pagsinggitan sang ""Marcos Singilin, Duterte Panagutin"" sa rally sa Luneta subong nga aga. 

#AksyonRadyoIloilo",,"Meow","0","https://www.facebook.com/100064669725059/posts/1272081354957510/?mibextid=rS40aB7S9Ucbxw6v"
"""MARCOS SINGILIN, DUTERTE PANAGUTIN"" -- KABATAAN PARTY-LIST REP. RENEE CO SA MAANOMALIYA NGA FLOOD CONTROL PROJECTS 

BY: LHEY ANN ALAYON | September 21, 2025
Video courtesy: Newswatch

Ginpangunahan ni Kabataan Party-list Rep. Renee Co ang pagsinggitan sang ""Marcos Singilin, Duterte Panagutin"" sa rally sa Luneta subong nga aga. 

#AksyonRadyoIloilo",,"meow meow hahahahah","0","https://www.facebook.com/100064669725059/posts/1272081354957510/?mibextid=rS40aB7S9Ucbxw6v"
"""MARCOS SINGILIN, DUTERTE PANAGUTIN"" -- KABATAAN PARTY-LIST REP. RENEE CO SA MAANOMALIYA NGA FLOOD CONTROL PROJECTS 

BY: LHEY ANN ALAYON | September 21, 2025
Video courtesy: Newswatch

Ginpangunahan ni Kabataan Party-list Rep. Renee Co ang pagsinggitan sang ""Marcos Singilin, Duterte Panagutin"" sa rally sa Luneta subong nga aga. 

#AksyonRadyoIloilo",,"LUHHHH!!!!!","0","https://www.facebook.com/100064669725059/posts/1272081354957510/?mibextid=rS40aB7S9Ucbxw6v"
"""MARCOS SINGILIN, DUTERTE PANAGUTIN"" -- KABATAAN PARTY-LIST REP. RENEE CO SA MAANOMALIYA NGA FLOOD CONTROL PROJECTS 

BY: LHEY ANN ALAYON | September 21, 2025
Video courtesy: Newswatch

Ginpangunahan ni Kabataan Party-list Rep. Renee Co ang pagsinggitan sang ""Marcos Singilin, Duterte Panagutin"" sa rally sa Luneta subong nga aga. 

#AksyonRadyoIloilo",,"Ngaw ngaw","0","https://www.facebook.com/100064669725059/posts/1272081354957510/?mibextid=rS40aB7S9Ucbxw6v"
"""MARCOS SINGILIN, DUTERTE PANAGUTIN"" -- KABATAAN PARTY-LIST REP. RENEE CO SA MAANOMALIYA NGA FLOOD CONTROL PROJECTS 

BY: LHEY ANN ALAYON | September 21, 2025
Video courtesy: Newswatch

Ginpangunahan ni Kabataan Party-list Rep. Renee Co ang pagsinggitan sang ""Marcos Singilin, Duterte Panagutin"" sa rally sa Luneta subong nga aga. 

#AksyonRadyoIloilo",,"Oink oink","0","https://www.facebook.com/100064669725059/posts/1272081354957510/?mibextid=rS40aB7S9Ucbxw6v"
"""MARCOS SINGILIN, DUTERTE PANAGUTIN"" -- KABATAAN PARTY-LIST REP. RENEE CO SA MAANOMALIYA NGA FLOOD CONTROL PROJECTS 

BY: LHEY ANN ALAYON | September 21, 2025
Video courtesy: Newswatch

Ginpangunahan ni Kabataan Party-list Rep. Renee Co ang pagsinggitan sang ""Marcos Singilin, Duterte Panagutin"" sa rally sa Luneta subong nga aga. 

#AksyonRadyoIloilo",,"Meow🤣🤣🤣","0","https://www.facebook.com/100064669725059/posts/1272081354957510/?mibextid=rS40aB7S9Ucbxw6v"
"""MARCOS SINGILIN, DUTERTE PANAGUTIN"" -- KABATAAN PARTY-LIST REP. RENEE CO SA MAANOMALIYA NGA FLOOD CONTROL PROJECTS 

BY: LHEY ANN ALAYON | September 21, 2025
Video courtesy: Newswatch

Ginpangunahan ni Kabataan Party-list Rep. Renee Co ang pagsinggitan sang ""Marcos Singilin, Duterte Panagutin"" sa rally sa Luneta subong nga aga. 

#AksyonRadyoIloilo",,"NPA? Haha!","0","https://www.facebook.com/100064669725059/posts/1272081354957510/?mibextid=rS40aB7S9Ucbxw6v"
"""MARCOS SINGILIN, DUTERTE PANAGUTIN"" -- KABATAAN PARTY-LIST REP. RENEE CO SA MAANOMALIYA NGA FLOOD CONTROL PROJECTS 

BY: LHEY ANN ALAYON | September 21, 2025
Video courtesy: Newswatch

Ginpangunahan ni Kabataan Party-list Rep. Renee Co ang pagsinggitan sang ""Marcos Singilin, Duterte Panagutin"" sa rally sa Luneta subong nga aga. 

#AksyonRadyoIloilo",,"Abogaga ng  bayan 🤣😂😂😂","1","https://www.facebook.com/100064669725059/posts/1272081354957510/?mibextid=rS40aB7S9Ucbxw6v"
"""MARCOS SINGILIN, DUTERTE PANAGUTIN"" -- KABATAAN PARTY-LIST REP. RENEE CO SA MAANOMALIYA NGA FLOOD CONTROL PROJECTS 

BY: LHEY ANN ALAYON | September 21, 2025
Video courtesy: Newswatch

Ginpangunahan ni Kabataan Party-list Rep. Renee Co ang pagsinggitan sang ""Marcos Singilin, Duterte Panagutin"" sa rally sa Luneta subong nga aga. 

#AksyonRadyoIloilo",,"Meooowwwwwwwwwwwww","0","https://www.facebook.com/100064669725059/posts/1272081354957510/?mibextid=rS40aB7S9Ucbxw6v"
"""MARCOS SINGILIN, DUTERTE PANAGUTIN"" -- KABATAAN PARTY-LIST REP. RENEE CO SA MAANOMALIYA NGA FLOOD CONTROL PROJECTS 

BY: LHEY ANN ALAYON | September 21, 2025
Video courtesy: Newswatch

Ginpangunahan ni Kabataan Party-list Rep. Renee Co ang pagsinggitan sang ""Marcos Singilin, Duterte Panagutin"" sa rally sa Luneta subong nga aga. 

#AksyonRadyoIloilo",,"Lustae Resign!","0","https://www.facebook.com/100064669725059/posts/1272081354957510/?mibextid=rS40aB7S9Ucbxw6v"
"""MARCOS SINGILIN, DUTERTE PANAGUTIN"" -- KABATAAN PARTY-LIST REP. RENEE CO SA MAANOMALIYA NGA FLOOD CONTROL PROJECTS 

BY: LHEY ANN ALAYON | September 21, 2025
Video courtesy: Newswatch

Ginpangunahan ni Kabataan Party-list Rep. Renee Co ang pagsinggitan sang ""Marcos Singilin, Duterte Panagutin"" sa rally sa Luneta subong nga aga. 

#AksyonRadyoIloilo",,"Hangag","0","https://www.facebook.com/100064669725059/posts/1272081354957510/?mibextid=rS40aB7S9Ucbxw6v"
"""MARCOS SINGILIN, DUTERTE PANAGUTIN"" -- KABATAAN PARTY-LIST REP. RENEE CO SA MAANOMALIYA NGA FLOOD CONTROL PROJECTS 

BY: LHEY ANN ALAYON | September 21, 2025
Video courtesy: Newswatch

Ginpangunahan ni Kabataan Party-list Rep. Renee Co ang pagsinggitan sang ""Marcos Singilin, Duterte Panagutin"" sa rally sa Luneta subong nga aga. 

#AksyonRadyoIloilo",,"Protect  VP sarah.. oust marcos","0","https://www.facebook.com/100064669725059/posts/1272081354957510/?mibextid=rS40aB7S9Ucbxw6v"
"""MARCOS SINGILIN, DUTERTE PANAGUTIN"" -- KABATAAN PARTY-LIST REP. RENEE CO SA MAANOMALIYA NGA FLOOD CONTROL PROJECTS 

BY: LHEY ANN ALAYON | September 21, 2025
Video courtesy: Newswatch

Ginpangunahan ni Kabataan Party-list Rep. Renee Co ang pagsinggitan sang ""Marcos Singilin, Duterte Panagutin"" sa rally sa Luneta subong nga aga. 

#AksyonRadyoIloilo",,"NPA","0","https://www.facebook.com/100064669725059/posts/1272081354957510/?mibextid=rS40aB7S9Ucbxw6v"
"""MARCOS SINGILIN, DUTERTE PANAGUTIN"" -- KABATAAN PARTY-LIST REP. RENEE CO SA MAANOMALIYA NGA FLOOD CONTROL PROJECTS 

BY: LHEY ANN ALAYON | September 21, 2025
Video courtesy: Newswatch

Ginpangunahan ni Kabataan Party-list Rep. Renee Co ang pagsinggitan sang ""Marcos Singilin, Duterte Panagutin"" sa rally sa Luneta subong nga aga. 

#AksyonRadyoIloilo",,"Hahaha tangggggga at bobo😂😂😂","0","https://www.facebook.com/100064669725059/posts/1272081354957510/?mibextid=rS40aB7S9Ucbxw6v"
"""MARCOS SINGILIN, DUTERTE PANAGUTIN"" -- KABATAAN PARTY-LIST REP. RENEE CO SA MAANOMALIYA NGA FLOOD CONTROL PROJECTS 

BY: LHEY ANN ALAYON | September 21, 2025
Video courtesy: Newswatch

Ginpangunahan ni Kabataan Party-list Rep. Renee Co ang pagsinggitan sang ""Marcos Singilin, Duterte Panagutin"" sa rally sa Luneta subong nga aga. 

#AksyonRadyoIloilo",,"BBM SARAH 2028","0","https://www.facebook.com/100064669725059/posts/1272081354957510/?mibextid=rS40aB7S9Ucbxw6v"
"""MARCOS SINGILIN, DUTERTE PANAGUTIN"" -- KABATAAN PARTY-LIST REP. RENEE CO SA MAANOMALIYA NGA FLOOD CONTROL PROJECTS 

BY: LHEY ANN ALAYON | September 21, 2025
Video courtesy: Newswatch

Ginpangunahan ni Kabataan Party-list Rep. Renee Co ang pagsinggitan sang ""Marcos Singilin, Duterte Panagutin"" sa rally sa Luneta subong nga aga. 

#AksyonRadyoIloilo",,"FAKE rally.","0","https://www.facebook.com/100064669725059/posts/1272081354957510/?mibextid=rS40aB7S9Ucbxw6v"
"""MARCOS SINGILIN, DUTERTE PANAGUTIN"" -- KABATAAN PARTY-LIST REP. RENEE CO SA MAANOMALIYA NGA FLOOD CONTROL PROJECTS 

BY: LHEY ANN ALAYON | September 21, 2025
Video courtesy: Newswatch

Ginpangunahan ni Kabataan Party-list Rep. Renee Co ang pagsinggitan sang ""Marcos Singilin, Duterte Panagutin"" sa rally sa Luneta subong nga aga. 

#AksyonRadyoIloilo",,"Nah!","0","https://www.facebook.com/100064669725059/posts/1272081354957510/?mibextid=rS40aB7S9Ucbxw6v"
"""MARCOS SINGILIN, DUTERTE PANAGUTIN"" -- KABATAAN PARTY-LIST REP. RENEE CO SA MAANOMALIYA NGA FLOOD CONTROL PROJECTS 

BY: LHEY ANN ALAYON | September 21, 2025
Video courtesy: Newswatch

Ginpangunahan ni Kabataan Party-list Rep. Renee Co ang pagsinggitan sang ""Marcos Singilin, Duterte Panagutin"" sa rally sa Luneta subong nga aga. 

#AksyonRadyoIloilo",,"Way ne!! 😂","0","https://www.facebook.com/100064669725059/posts/1272081354957510/?mibextid=rS40aB7S9Ucbxw6v"
"""MARCOS SINGILIN, DUTERTE PANAGUTIN"" -- KABATAAN PARTY-LIST REP. RENEE CO SA MAANOMALIYA NGA FLOOD CONTROL PROJECTS 

BY: LHEY ANN ALAYON | September 21, 2025
Video courtesy: Newswatch

Ginpangunahan ni Kabataan Party-list Rep. Renee Co ang pagsinggitan sang ""Marcos Singilin, Duterte Panagutin"" sa rally sa Luneta subong nga aga. 

#AksyonRadyoIloilo",,"huh?","0","https://www.facebook.com/100064669725059/posts/1272081354957510/?mibextid=rS40aB7S9Ucbxw6v"
"""MARCOS SINGILIN, DUTERTE PANAGUTIN"" -- KABATAAN PARTY-LIST REP. RENEE CO SA MAANOMALIYA NGA FLOOD CONTROL PROJECTS 

BY: LHEY ANN ALAYON | September 21, 2025
Video courtesy: Newswatch

Ginpangunahan ni Kabataan Party-list Rep. Renee Co ang pagsinggitan sang ""Marcos Singilin, Duterte Panagutin"" sa rally sa Luneta subong nga aga. 

#AksyonRadyoIloilo",,"Street Terrorists Tactics Puppet of NPA Terrorists 😂😂🤣","0","https://www.facebook.com/100064669725059/posts/1272081354957510/?mibextid=rS40aB7S9Ucbxw6v"
"""MARCOS SINGILIN, DUTERTE PANAGUTIN"" -- KABATAAN PARTY-LIST REP. RENEE CO SA MAANOMALIYA NGA FLOOD CONTROL PROJECTS 

BY: LHEY ANN ALAYON | September 21, 2025
Video courtesy: Newswatch

Ginpangunahan ni Kabataan Party-list Rep. Renee Co ang pagsinggitan sang ""Marcos Singilin, Duterte Panagutin"" sa rally sa Luneta subong nga aga. 

#AksyonRadyoIloilo",,"Hahhahahahh","0","https://www.facebook.com/100064669725059/posts/1272081354957510/?mibextid=rS40aB7S9Ucbxw6v"
"""MARCOS SINGILIN, DUTERTE PANAGUTIN"" -- KABATAAN PARTY-LIST REP. RENEE CO SA MAANOMALIYA NGA FLOOD CONTROL PROJECTS 

BY: LHEY ANN ALAYON | September 21, 2025
Video courtesy: Newswatch

Ginpangunahan ni Kabataan Party-list Rep. Renee Co ang pagsinggitan sang ""Marcos Singilin, Duterte Panagutin"" sa rally sa Luneta subong nga aga. 

#AksyonRadyoIloilo",,"Tanga","0","https://www.facebook.com/100064669725059/posts/1272081354957510/?mibextid=rS40aB7S9Ucbxw6v"
