word,pos_symbol,pos_word,meaning
a,RP,particle,"oh, well, hesitating filler."
-a,VB,verbal affix,affix.
abakáda,NN,noun,alphabet.
abága,NN,noun,shoulder.
abalóryo,NN,noun,"rosary beads, strung beads, necklace."
ábay,NN,noun,"of weddings, witness."
abáw,UH,interjection,"oh, wow, really."
aberíya,VB,verb,"to have engine trouble, to stop."
abí’,RP,particle,"let me see, would you please, hey, excuse please."
ábi’ábi,VB,verb,"to greet, to shake hands with."
ábi’ábi,JJ,adjective,"kind, friendly, civil."
abogádo,NN,noun,"lawyer, attorney-at-law."
abóso,NN,noun,abuse.
abóso,VB,verb,"to abuse, to take advantage of."
ábri,VB,verb,"to unlock, to unfasten, to open."
abríl,NN,noun,april.
ábtik,JJ,adjective,"active, brisk, lively."
abú,NN,noun,ash.
abúnu,NN,noun,fertilizer.
abúnu,VB,verb,to fertilize.
abút,VB,verb,"to arrive, to reach, to come to."
abút,JJ,adjective,"cranky, irritable, moody."
alabútun,NN,noun formative,ang tigúlang.
ábyan,NN,noun,"friend, buddy."
ákig,NN,noun,"anger, hatred."
ákig,VB,verb,"to be angry, to scold."
akú,PRP,pronoun,"i, me (first person singular nominal pronoun)."
áku’,VB,verb,"to own, to claim, to promise, to swear, to admit."
ákun,PRP,pronoun,"my, mine (first person singular pre-possessive pronoun)."
ádlaw,NN,noun,"day, birthday, anniversary."
ádlaw’ádlaw,RB,adverb,"daily, everyday."
-ado,JJ,adjective formative,formative affix designating conditions or state of being.
ága,NN,noun,morning.
agálun,NN,noun,"master, boss."
ágaw,VB,verb,"to grab, to seize, to take by force, to usurp."
ágay,VB,verb,"to flow slowly, to drip in small drops."
ágbay,VB,verb,to put one’s arm on or about the shoulder of another person.
ágda,VB,verb,"to ask, to invite."
ági,NN,noun,"handwriting;  way, means."
ági,VB,verb,"to pass by for something, to pass through."
agí’,NN,noun,hermaphrodite.
agí’,JJ,adjective,"effeminate, sissy."
agósto,NN,noun,august.
agrimensór,NN,noun,surveyor.
ágsa,VB,verb,to work another’s field for part of the produce.
ágsa,NN,noun,tenant.
ágsik,VB,verb,"to fly off, to scatter, to spray."
ágtang,NN,noun,forehead.
agúd,CC,conjunction,so that.
águm,VB,verb,"to obtain, to attain, to achieve, to possess."
águm,NN,noun,"possessions, things."
ágwa,NN,noun,"perfume, cologne."
agwánta,VB,verb,"to bear, to tolerate, to suffer."
ahá’,VB,verb,"to insist, to ask fervently."
ahénsya,NN,noun,pawnshop.
ahénte,NN,noun,agent.
áhos,NN,noun,garlic.
alabá’ab,JJ,adjective,"of liquid, lukewarm."
álak,NN,noun,"hard drink, liquor."
alágad,NN,noun,adopted person.
alágad,VB,verb,"to adopt, to take care of someone."
aláhas,NN,noun,jewelry.
álam,NN,noun,"wisdom, knowledge."
álam,JJ,adjective,"bright, smart, brilliant."
álam,VB,verb,"to become smart, to become brilliant."
alámbre,NN,noun,wire.
alangá’ang,NN,noun,slight fever.
alangá’ang,JJ,adjective,"feverish, having a slight temperature."
álang’álang,JJ,adjective,"doubtful, immature."
álang’álang,VB,verb,to hesitate.
alangáy,JJ,adjective,"equal, the same."
alás,RP,particle,time particle used with time-telling from dos until dose.
álat,NN,noun,saltiness.
álat,JJ,adjective,salty.
alát,NN,noun,native basket made of woven bamboo strips.
álay,VB,verb,to be still through constant tension of the muscles.
aláy’ay,VB,verb,"to cradle, to support, to hold arms under some person or thing so as to support."
alkálde,NN,noun,mayor.
alkánse,NN,noun,loss in terms of money.
alkánse,VB,verb,"to lose some amount due to mismanagement in selling, to fail to gain."
alkánse,NN,noun formative,’alkánse akú sa pagbalígya’.
alkansíya,NN,noun,"coin bank, empty coconut shell used as a coin bank."
alkítran,NN,noun,"tar, asphalt."
alibángbang,NN,noun,butterfly.
aligútgut,NN,noun,"rage, wrath."
alimángu,NN,noun,crab.
alipúlus,NN,noun,"cyclone, eddy."
alíntun,VB,verb,"to transfer, to hand down."
alísto,JJ,adjective,"alert, ready, prompt."
almasín,NN,noun,"store, small market."
almidól,NN,noun,starch.
almiránte,NN,noun,"of the navy, admiral."
alpabéto,NN,noun,alphabet.
alpómbra,NN,noun,"carpet, rug."
álsa,VB,verb,"to raise, to lift, to elevate slightly."
alúm,NN,noun,mole.
alúng’ung,NN,noun,"opinion, idea, thought, knowledge."
áman,VB,verb,to prepare.
amargóso,NN,noun,bitter melon.
amát’amát,RB,adverb,"gradually, little by little."
amát’amát,VB,verb,"to start slowly, to gain speed, to leave one by one."
amáy,NN,noun,father.
ámba,NN,noun,"prayer, chant, song."
ámba,VB,verb,"to sing, to pray, to adore."
ámbit,VB,verb,"to participate, to share in."
ámbung,NN,noun,"radiance, beauty."
ámbung,JJ,adjective,"radiant, effulgent, beautiful."
amérika,NN,noun,america.
amerikána,NN,noun,"formal coat for men, female american citizen."
amerikáno,NN,noun,american citizen.
amidúl,NN,noun,variant of almidúl.
amígo,NN,noun,"friend, buddy."
amimíluk,NN,noun,eyelash.
amínhan,NN,noun,north.
ámlig,VB,verb,"to handle with care, to be, careful."
ámpu’,NN,noun,"prayer, pleading."
ámpu’,VB,verb,"to pray, to beseech, to beg, to plead."
ámu,NN,noun,"boss, employer, master."
amú,PRP,pronoun,"it, that."
amú,RB,adverb,similarly.
amú’,NN,noun,monkey.
amúma,VB,verb,"to be hospitable, to entertain."
ámun,PRP,pronoun,"our, ours (first person exclusive plural pre-possessive pronoun)."
ámut,NN,noun,"subscription, donation, contribution."
ámut,VB,verb,"to contribute, to help by giving something."
ámyun,JJ,adjective,fragrant.
1-an,VB,verbal affix,"infinitive, benefactive-locative focus affix."
2-an,VB,verbal affix,designating reciprocity of action.
3-an,NN,noun formative,noun formative affix designating a container or a place where an action occurs.
anák,NN,noun,child.
anák,VB,verb,"to bear a child, to give birth, to be godparent to a child during baptism or confirmation."
1-anan,NN,noun formative,noun formative affix denoting reciprocal action.
2-anan,VB,verbal affix,designating reciprocity of action.
anád,JJ,adjective,"usual, sophisticated, accustomed to."
anád,VB,verb,"to be accustomed to, to make familiar through experience."
ánay,RP,particle,"please, wait a minute."
ánay,NN,noun,termite.
-ánay,NN,noun formative,variant of -ánan.
ánaw,NN,noun,"deluge, great flood."
ándam,VB,verb,"to be cautious, to be careful, to beware, to be prepared."
andámyu,NN,noun,gangplank.
ándar,VB,verb,"to function, to work."
anhíng,JJ,adjective,"late, departed, living comparatively recently."
áni,NN,noun,"harvest, produce."
áni,VB,verb,"to harvest, to reap."
aningál,VB,verb,to have the delusion of hearing a familiar sound.
ántes,RB,adverb,"earlier, before, in advance, previously."
antígu,VB,verb,"to know, to be knowledgeable."
ánting’ánting,NN,noun,"amulet, talisman."
antipatikú,JJ,adjective,"unsympathetic, settled aversion."
ántud,JJ,adjective,"fetid, of odor, burnt."
ántus,VB,verb,"to bear, to suffer, to endure."
antyúhus,NN,noun,"spectacles, eyeglasses."
anu,PRP,pronoun,what.
anu,VB,verb,"to become, to do with."
ánud,VB,verb,"to drift, to flow with the current."
ánum,CD,numeral,six.
1-ánun,JJ,adjective formative,formative affix attached to nouns to designate abundance in possession.
2-anun,NN,noun formative,noun formative affix designating state of being.
anúnsyo,NN,noun,"announcement, broadcast."
anúnsyo,VB,verb,"to announce, to broadcast, to make public."
ányag,JJ,adjective,"beautiful, pretty."
ányo,NN,noun,year.
áng,RP,particle,definite noun marker.
ángay,JJ,adjective,"appropriate, becoming."
ángay,VB,verb,"to be well matched, to be equal, to look becoming, to fit."
ángkab,VB,verb,"of animals, to snap, to bite, to seize with teeth so as to grip or bite."
ángkla,NN,noun,anchor.
ángkun,VB,verb,"to acquire, to attain, to possess."
ángga’,NN,noun,"nickname, pet name."
ángga’,VB,verb,"to fondle, to caress, to pet, to care for very much."
ánggid,JJ,adjective,"alike, similar."
ánggid,VB,verb,"to be alike, to compare."
angút,VB,verb,"to join together, to tie together, to fasten together."
ápa,NN,noun,cone.
apá’,NN,noun,"mute, dumb."
ápang,CC,conjunction,"but, however."
aparadór,NN,noun,"closet, cabinet."
ápas,VB,verb,"to follow, to go after."
ápat,CD,numeral,four;  forty; /ika-/ fourth; /napulug-/ fourteen.
ápdu,NN,noun,gall bladder.
apelyédo,NN,noun,"surname, last name."
ápin,VB,verb,"to support, to side with, to be an ally to, to defend."
apínas,JJ,adjective,scarce.
aplá’ag,VB,verb,"to spread, to break and scatter."
apú,NN,noun,grandchild.
ápuk,VB,verb,"to throw, to be blown aside."
ápug,NN,noun,lime.
apurá,VB,verb,"to make haste, to hasten."
ára’,DT,deictic,there (short form to mean far from the speaker).
arádu,NN,noun,plow.
arádu,VB,verb,"to plow, to use a plow to break up or turn the soil."
árko,NN,noun,arch.
aresgádo,JJ,adjective,"adventurous, daring, foolhardy."
ári,DT,deictic,here (short form to mean near the speaker).
arí’arí,JJ,adjective,stunted in growth.
aritmétika,NN,noun,arithmetic.
arítus,NN,noun,earring.
ármas,NN,noun,"weapon, arms."
árte,NN,noun,"art, design, decoration;  actor, actress."
árte,JJ,adjective,"creative, artistic, vain."
artíkulo,NN,noun,article.
arúy,UH,interjection,ouch.
-aryo,NN,noun formative,noun formative affix designating state of being.
ásab,JJ,adjective,"voracious, gluttonous, ravenous."
asál,VB,verb,to roast particularly on a pit.
ásang,NN,noun,fish gill.
asáwa,NN,noun,wife.
asáwa,VB,verb,"to take a wife, to marry."
aséro,NN,noun,steel.
asílo,NN,noun,"sanctuary, institution of relief or care for the destitute or afflicted."
asikáso,VB,verb,"to take care of, to attend to."
asín,NN,noun,salt.
asín,JJ,adjective,salty.
áslum,NN,noun,sourness.
áslum,JJ,adjective,sour.
asú,NN,noun,smoke.
asú,VB,verb,to smoke.
asúkar,NN,noun,refined sugar.
asúgi,NN,noun,"mercury, quicksilver."
asúl,JJ,adjective,blue.
asúntu,NN,noun,"lawsuit, a case before a court."
áswang,NN,noun,"witch, sorceress."
asyendéro,NN,noun,"big landowner, sugar magnate."
atataró,NN,noun,caterpillar.
atáke,VB,verb,"to attack, to assault, to fall upon."
atáy,NN,noun,liver.
atendér,VB,verb,"to attend to, to look after."
aténsyon,NN,noun,attention.
áthag,JJ,adjective,"clear, distinct."
atí,NN,noun,"to rob, to plunder, to steal, to sack."
atipán,VB,verb,"to take care of, to attend to."
atipuyúng,VB,verb,"to be dizzy, to feel faint."
átras,VB,verb,"to go behind, to move back."
atráso,JJ,adjective,"late, delayed."
atsára,NN,noun,pickled green papaya.
atú,DT,deictic,"that (short form to mean yonder, far from both the speaker and the listener)."
atúbang,VB,verb,"to face, to confront, to stand before."
atúbang,RB,adverb,in front of.
átun,PRP,pronoun,"our, ours (first person inclusive pre-possessive pronoun)."
atúp,NN,noun,roof.
atutúli,NN,noun,earwax.
áwa’,NN,noun,"mercy, compassion, pity."
áwa’,VB,verb,to have compassion for.
áwas,VB,verb,to overflow.
awát,VB,verb,"to annoy, to waste another person’s time, to delay."
áway,NN,noun,"combat, fight, assault.;  opponent."
áway,VB,verb,"to fight, to go to war."
áwto,NN,noun,"car, automobile."
áy,UH,interjection,"oh, ouch, oh no."
-ay,VB,verbal affix,variant of -an.
ayág,VB,verb,"to sift, to screen, to strain."
ayám,VB,verb,to hunt.
ayáp,VB,verb,"to adopt, to be willing to accept something new, to take up and practice as one’s own."
ayáw,VB,verb,"to have more than enough, to be satiated, to be abundantly fed."
ayáw,NN,noun formative,’ayáwan si pédro sang pagká’un.
áyhan,CC,conjunction,"perhaps, therefore."
áyu,VB,verb,"to become well, to fix something to make it work, to become good."
áyu,JJ,adjective,"fine, good, well."
áyu’,NN,noun,"bargain, discount."
áyu’,VB,verb,"to bargain, to ask for a discount."
bá’bá,NN,noun,mouth.
babáyi,NN,noun,"female, woman."
bábuy,NN,noun,"pig, pork."
báka,NN,noun,"cow, beef."
baká’,JJ,adjective,"bow-legged, walking as if under a strain."
baká’,VB,verb,to walk under weight.
bakág,VB,verb,"to get annoyed, to lose one’s patience."
bakál,VB,verb,"to buy, to purchase."
bakasyón,NN,noun,"vacation, leisure trip."
bakasyón,VB,verb,"to take a vacation, to go on a trip."
bákbak,VB,verb,to strip off.
bákhaw,NN,noun,mangrove.
bákhu’,VB,verb,"to sigh, to moan, to lament."
báknal,JJ,adjective,"burdensome, onerous, bulky."
báknit,VB,verb,"to nudge, to pinch, to pluck."
bákud,JJ,adjective,"strong, stiff."
bákud,VB,verb,"to become strong, to stiffen."
bákul,VB,verb,to beat or baffle with blows using a piece of wood or a piece of metal.
bakúlud,NN,noun,"slope, hill."
bakúna,NN,noun,vaccination.
bakúna,VB,verb,to vaccinate.
bádlu’,NN,noun,phlegm.
bádlung,VB,verb,"to point out a fault or mistake, to correct by telling a person."
bága,NN,noun,"ember, live coal."
bagáhe,NN,noun,"luggage, piece of baggage, cargo."
bagáng,VB,verb,"to heat, to make red hot."
baganíhan,NN,noun,hero.
bagásu,NN,noun,bagasse.
bagátnan,NN,noun,south.
bágay,NN,noun,"thing, idea, notion, effects."
bágid,VB,verb,"to rub together, to strike together."
bágid,JJ,adjective,"of fruits, unripe, nearly ripe."
bágrung,NN,noun,"roaring sound, thunderous sound."
bágrung,VB,verb,"to roar, to thunder, to make a deafening sound."
bágrut,VB,verb,to gnash or grind one’s teeth.
bágsak,NN,noun,bedbug.
bágting,VB,verb,"to ring a bell, to toll."
bágtung,VB,verb,to wrap in a bundle especially with a woven cloth.
bágu,RB,adverb,before.
bág’u,JJ,adjective,"new, recent, unfamiliar, novel."
bág’u,VB,verb,"to make new, to change, to renew."
bagúl,NN,noun,hard shell of the coconut.
bágyu,NN,noun,"rainstorm, typhoon, hurricane."
bágyu,VB,verb,"to be stormy, to be forceful."
bahá’,NN,noun,flood.
bahá’,VB,verb,to cover with a flood.
bahála’,VB,verb,to be responsible for.
báhin,NN,noun,"part, chapter, share."
báhin,VB,verb,"to divide, to deal with‚ to make small parts of."
báhit,VB,verb,to take something out from the fire.
báhu,NN,noun,"of music, bass."
báhu’,NN,noun,"smell, odor, stink."
báhu’,JJ,adjective,"odorous, pungent, acrid smelling, stinking."
bahúg,NN,noun,food for pigs.
bahúg,VB,verb,"of animals, to feed swine, or any animal; of people, to eat mixed foods simultaneously."
bahúl,JJ,adjective,"coarse, loose or rough texture."
bahún,NN,noun,sneeze.
bahún,VB,verb,to sneeze.
bá’id,VB,verb,"to sharpen, to rub against a stone so as to sharpen."
bá’is,VB,verb,"to argue, to dispute, to debate."
bála,NN,noun,bullet.
balá,RP,particle,question particle to express doubt or uncertainty; tag question particle.
balá’an,JJ,adjective,"divine, godlike, heavenly."
balábag,VB,verb,"to frustrate, to block, to lay across as of a log."
baláka,VB,verb,"to feel concerned about something or somebody, to worry."
bál’ag,VB,verb,"to file, to rub and make smooth with a file."
balágun,NN,noun,"vine, climbing plant."
balahíbu,NN,noun,"of animals, fur; of people, skin hair."
balának,NN,noun,mullet.
balánse,VB,verb,"to balance, to shift, to bring to a state of equipoise or stability."
balangáw,NN,noun,rainbow.
balás,NN,noun,sand.
balása,VB,verb,"to shuffle, to mix up as of cards."
balasúbas,JJ,adjective,"rowdy, rude, good-for-nothing, inconsiderate."
balatí’an,NN,noun,"disease, illness, feeling, physical condition."
balatí’an,VB,verb,"to suffer from a disease, to be sick."
baláy,NN,noun,"house, home, dwelling, building."
baláy,VB,verb,"to build a house, to put up a house or building."
bálaybálay,NN,noun,playhouse.
bálaybálay,VB,verb,to go from one house to another.
baláybay,NN,noun,"verse, recitation, rhyme, poetry."
balbolá,NN,noun,valve.
bálda,NN,noun,"pain, sickness, ache, soreness."
bálda,JJ,adjective,"paralytic, sickly, low resistance against illness."
báldi,NN,noun,"bucket, pail."
baldúsa,NN,noun,"concrete pavement, cemented floor."
bále,VB,verb,"to be about, to amount to, to equal to."
bálhas,NN,noun,"perspiration, sweat, condensation."
bálhas,VB,verb,"to perspire, to sweat."
bálhin,VB,verb,"to change, to exchange."
balí’,NN,noun,"fracture, break."
balí’,JJ,adjective,"broken, fractured."
balí’,VB,verb,"to break, to fracture, to rapture."
balíbad,NN,noun,"excuse, reason, refusal."
balíbad,VB,verb,"to find an excuse, to give a reason, to refuse."
balík,VB,verb,"to come back, to return, to retrace one’s steps."
balikawáng,NN,noun,hip.
balikíd,VB,verb,"to turn one’s head to look back, to turn over to the other side in a lying position."
balígya’,NN,noun,goods for sale.
balígya’,VB,verb,"to sell, to dispose of by sale."
balískad,VB,verb,"to turn upside down, to invert, to turn over."
balíswa’,VB,verb,"to turn over, to turn upside down, to invert."
balíta’,NN,noun,"news, report."
balíta’,VB,verb,"to inform, to tell the news, to report."
bálu,NN,noun,"widow, widower."
balú’,NN,noun,"knot, loop, bow."
balú’,VB,verb,"to entwine, to knot, to tie in a loop or bow."
balúd,NN,noun,ocean wave.
balúd,JJ,adjective,"rough seas, wavy."
bálun,NN,noun,"provisions, a stock of needed materials or supplies collected beforehand."
bálun,VB,verb,"to take provisions along, to bring money or food on a trip."
balúta,NN,noun,ballot.
bálsa,NN,noun,"raft, ferry, a native raft made of tied bamboo trunks."
bálus,NN,noun,"answer, reply, revenge, reprisal, reward, vendetta."
bálus,VB,verb,"to answer, to reply, to strike back, to take revenge on."
balúskay,VB,verb,"to rummage, to make a thorough search."
balút,NN,noun,"unhatched embryo of duck or chicken, boiled and eaten as a delicacy."
balyéna,NN,noun,whale.
bána,NN,noun,husband.
baná’ag,NN,noun,"dawn, early morning, rays of the sun."
banás,NN,noun,"path, a footpath through uncleared areas."
bánda,NN,noun,"cord or strip of material serving chiefly for decoration, a music band or group of musicians organized for playing together."
bandehádo,NN,noun,platter.
bandéra,NN,noun,flag.
bándo,NN,noun,"announcement, broadcast, declaration."
bándo,VB,verb,"to announce, to make public, to inform the public, to declare."
bánhaw,VB,verb,"to resurrect, to rise from the dead."
baníg,NN,noun,native mat made from strips of palm leaves woven together.
baníhut,JJ,adjective,"stubborn, obstinate, persistent, unyielding."
bansúli’,VB,verb,"to tumble, to be together in a confused mass."
bánta’,NN,noun,"guess, opinion, supposition, estimate."
bánta’,VB,verb,"to guess, to opine, to suppose, to estimate."
bántal,VB,verb,to bundle or wrap together with a piece of cloth or clothing.
bantála’,NN,noun,"announcement, advertisement, broadcast."
bantála’,VB,verb,"to announce or broadcast over the air, to advertise."
bántay,NN,noun,"watchman, watcher, guard, observer."
bántay,VB,verb,"to watch over, to guard, to observe."
bánting,VB,verb,to brace or tie together with a rope.
bántug,JJ,adjective,"renowned, famous, eminent, distinguished, noted."
bántug,VB,verb,"to be rumored, to be considered a hearsay, to become well-known."
bánwa,NN,noun,"town, community, a compactly settled area usually larger than a village but smaller than a city;  citizen."
bányo,NN,noun,bathroom.
bangá’,NN,noun,native earthen jar used as water container.
bángkay,NN,noun,"corpse, dead body."
bangkéta,NN,noun,"sidewalk, concrete pavement."
bangkéte,NN,noun,"banquet, ceremonious meal."
bángko,NN,noun,bank.
bángku’,NN,noun,wooden bench long enough for two or more people to sit on.
bangdánan,NN,noun,"reason, cause, motive for refusal."
bángday,VB,verb,to lean against as for support.
bángga’,VB,verb,"to collide, to bump against."
bángig,VB,verb,"to quarrel, to start a fight."
bangís,JJ,adjective,"brutal, cruel, inhuman, ferocious, fierce."
bangúd,CC,conjunction,"regarding, concerning, relating to, because of, therefore."
bángun,VB,verb,"to arise, to get up from bed, to get up from a lying position."
bapór,NN,noun,"boat, ship."
bará,VB,verb,"to clog, to impede with extraneous matter."
bára,NN,noun,"bar, a long straight piece of wood or metal, crowbar."
baráha,NN,noun,"deck of playing cards, card."
barandílya,NN,noun,"railing made of iron serving as a guard or support, iron guard rail."
baratílyo,NN,noun,bargain sale.
baráto,JJ,adjective,"cheap, inexpensive."
baráto,VB,verb,"to make cheap, to reduce in price."
bárbas,NN,noun,beard.
bárbas,VB,verb,to shave the beard off.
barbéro,NN,noun,barber.
barílis,NN,noun,barrel.
barína,NN,noun,awl.
barína,VB,verb,"to drill, to bore a hole with an awl."
barukán,NN,noun,urinary bladder.
barútu,NN,noun,"canoe, a native canoe made from carved trunks of trees."
báryu,NN,noun,a unit of local government and area division having the status of a village.
bása,VB,verb,to read.
basá’,JJ,adjective,"wet, soaked."
basá’,VB,verb,"to wet, to soak with liquid."
baság,JJ,adjective,"of sound, hoarse, dull, broken."
básbas,VB,verb,"of plants and trees, to cut, to trim."
báskit,NN,noun,basket.
báskug,JJ,adjective,"of sound, loud; of force, strong."
bási’,VB,verb,"may, may be, might."
báso,NN,noun,drinking glass.
básta,CC,conjunction,"because, provided, as long as, if, just, i said so."
básta,RP,particle,"i said so, it has been agreed upon."
bástun,NN,noun,"walking stick, cane."
bástus,JJ,adjective,"rude, uncouth, offensive in manner or action, lacking in social refinement."
básul,VB,verb,"to scold, to chide, to blame, to regret, to repent, to reproach."
basúra,NN,noun,"garbage, trash, litter."
básya,VB,verb,"of water, to pour out with force, to throw out."
báta,NN,noun,"a loose garment usually worn in bed, nightgown."
báta’,NN,noun,"child, baby, young girl or boy usually below the age of ten years old."
báta’,JJ,adjective,"young, immature."
báta’,VB,verb,"to deliver a child, to bear a child."
batá’batá’,JJ,adjective,"younger, childish."
bátak,VB,verb,"to pull upward, to raise."
batás,VB,verb,"to bear, to suffer, to endure."
batás,NN,noun,endurance.
batásan,NN,noun,"manner, character, custom, behavior."
batí,VB,verb,"of liquid and powder, to beat together, to mix together."
batí’,VB,verb,"to hear, to be able to hear."
báti’,NN,noun,feelings.
batí’batí’,VB,verb,to eavesdrop.
batíd,JJ,adjective,"clever, cunning, ingenious."
batí’is,NN,noun,"leg, shin."
batinggílan,JJ,adjective,"flirt, loose in morality."
bátsi,NN,noun,hole on the road.
batú,NN,noun,"rock, stone, pebble."
bátu’,VB,verb,"to resist, to oppose, to fight, to challenge."
batúbaláni’,NN,noun,magnet.
batúbatú,VB,verb,"to spell, to count one by one."
bátuk,VB,verb,"to resist, to oppose to compete, to debate."
bátug,NN,noun,egg yolk.
bátun,VB,verb,"to receive, to accept, to take."
batúta,NN,noun,"police club, wooden club."
bátya’,NN,noun,native wide wooden tub or basin.
bátyag,NN,noun,"feeling, sense."
bátyag,VB,verb,"to feel, to have a sensation."
ba’ú,NN,noun,land turtle.
ba’úg,JJ,adjective,"of egg, rotten, sterile."
báw’as,JJ,adjective,"of people, sterile, barren, childless."
báwi’,VB,verb,"to redeem, to take back, to reclaim."
bawtisár,VB,verb,"to baptize, to pour water on the head as in baptism."
báya’,VB,verb,"to leave, to quit, to abandon."
bayábas,NN,noun,guava.
báyad,NN,noun,payment.
báyad,VB,verb,"to pay, to settle an account, to spend."
bayáw,NN,noun,"sister-in-law, brother-in-law."
báyaw,VB,verb,"to elevate, to lift, to raise as a host during roman catholic mass service."
báybay,NN,noun,"beach, coast, shore."
baylíhan,NN,noun,dancehall.
báylu,VB,verb,"to exchange, to substitute, to swap."
bayú,VB,verb,"to box, to maul, to pound."
báyu’,NN,noun,"dress, clothing, apparel."
bayú’ung,NN,noun,bag made of woven palm leaves.
bentáha’,NN,noun,"advantage, edge."
bérde,JJ,adjective,green.
bersíkulu,NN,noun,verse.
beteráno,NN,noun,veteran.
béynte,CD,numeral,twenty;  twentieth.
bíbi,NN,noun,duck.
bibíg,NN,noun,lip.
bíbliya,NN,noun,bible.
bikoláno,NN,noun,"language spoken principally in albay, camarines sur, catanduanes, sorsogon, the southern half of camarines norte, and in some towns of masbate."
biktíma,NN,noun,victim.
bigúti,NN,noun,moustache.
bíhag,NN,noun,"captive, hostage."
bíhag,JJ,adjective,"captivating, attractive."
bíhag,VB,verb,"to capture, to abduct, to kidnap, to attract, to bait."
bílang,VB,verb,"to consider, to esteem as."
bilánggu,NN,noun,prisoner.
bilánggu,VB,verb,"to capture, to imprison."
bilás,NN,noun,the affinal relation of husbands or wives of siblings.
bilí,NN,noun,"cost, amount, price."
bilí,VB,verb,"to be worth, to cost, to be the price of."
bilíd,VB,verb,"to hold with the hands so as to inspect closely, especially clothes."
bílin,NN,noun,"request, last words."
bílin,VB,verb,"to enjoin, to leave behind."
bilín,NN,noun,"balance account, remainder, left over."
bílug,NN,noun,"piece, part."
bilúg,JJ,adjective,"round, circle."
bílyar,NN,noun,"billiard, pool."
bilyéte,NN,noun,ticket.
binágbinág,VB,verb,"to consider, to ponder, to apportion."
binágun,NN,noun,native machete.
bínhi’,NN,noun,"seedling, plant grown from seed."
bíno,NN,noun,wine.
bintána’,NN,noun,window.
bingáw,JJ,adjective,"of teeth, missing, jagged."
bingáw,VB,verb,"of teeth, to lose a tooth, to knock out a tooth, to jag or notch accidentally."
bíngkal,VB,verb,"to break in a door, to force an entrance."
bírhen,NN,noun,"virgin, mary, the mother of jesus christ."
bís’ak,VB,verb,"of wood, to cleave, to split."
bisán,CC,conjunction,"even if, although, in spite of."
bisáya’,JJ,adjective,"visayan, of visayan origin."
bísi,NN,noun,"vice, substitute."
bisikléta,NN,noun,bicycle.
bisikléta,VB,verb,to ride a bicycle.
bísi,NN,noun,vice-president.
bisíta,NN,noun,"visitor, guest."
bisíta,VB,verb,"to visit, to call upon, to pay a visit."
bísta,NN,noun,"view, panorama, scene."
bísyu,NN,noun,"vice, fault."
bísyu,VB,verb,"to be naughty, to be wicked, to disobey, to fuss."
bítad,VB,verb,"to open, to unfold, to spread out so as to see closely."
bitamína,NN,noun,"vitamin, nutrient."
bítay,VB,verb,"to hang, to string up, to suspend."
bítbit,VB,verb,"to bring along, to carry."
bitík,NN,noun,"flea, tick."
bitín,NN,noun,snake.
bitú’un,NN,noun,star.
bíya’,VB,verb,"to leave behind, to abandon."
blángko,JJ,adjective,"expressionless, blank, empty."
blángko,NN,noun,empty space provided on a piece of paper.
blósa,NN,noun,"blouse, top."
bokabuláryo,NN,noun,vocabulary.
bodéga,NN,noun,"warehouse, storage, cellar."
bóla,NN,noun,"ball, round object."
bómba,NN,noun,"bomb, hand pump for water."
bombéro,NN,noun,fireman.
bombílya,NN,noun,electric bulb.
bómbo,NN,noun,drum.
boradór,NN,noun,eraser.
bórda,NN,noun,"embroidery, design."
bórda,VB,verb,to embroider.
botélya,NN,noun,bottle.
botíka,NN,noun,"medicine store, drug store."
bóto,NN,noun,vote.
bóto,VB,verb,"to vote, to cast a vote."
bú’ang,JJ,adjective,"fool, stupid, crazy."
bú’ang,NN,noun,"fool, simpleton, idiot."
bu’áya,NN,noun,"alligator, crocodile."
búbu,VB,verb,"to baptize, to pour water into a container."
bubún,NN,noun,well.
bubungán,NN,noun,roof.
buká’,NN,noun,"opening, crack."
buká’,JJ,adjective,"open, cut, split, cracked."
buká’,VB,verb,"to cut open, to crack."
búkad,VB,verb,"to open, to unfold, to bloom, to undo a package."
bukál,NN,noun,"bubble, froth."
bukál,VB,verb,"to boil, to bubble."
bukás,JJ,adjective,"opened, candid."
bukás,VB,verb,"to open, to unfold, to begin."
búkaw,NN,noun,owl.
búkbuk,NN,noun,weevil.
búkbuk,VB,verb,"to crash, to grind, to make into powder."
búkid,NN,noun,"hill, mountain."
bukú,NN,noun,"node, joint."
búku’,NN,noun,"plan, proposal, intention, proposition."
búku’,VB,verb,"to say, to plan, to think of, to intent to."
bukúbukú,NN,noun,"joint, ankle."
búktut,NN,noun,hunchback.
búkud,JJ,adjective,"secure, strong."
bukúl,NN,noun,"lump, swelling, protuberance; of plants, bud."
búkut,VB,verb,"to confine, to isolate, to pen or coop up."
búdhi’,NN,noun,"conscience, inner self."
búdhi’,VB,verb,"to betray, to be faithless, to be disloyal."
búdlay,JJ,adjective,"difficult, hard."
búdlay,VB,verb,"to feel the difficulty, to tire."
bugá,VB,verb,"to belch forth, to spit out as a volcano."
bugál,NN,noun,"pride, haughtiness."
bugál,VB,verb,"to be proud, to show off."
bugál,JJ,adjective,"plentiful, abundant."
bugál,VB,verb,"to be plentiful, to progress."
bugás,NN,noun,unhusked rice grains.
búg’at,JJ,adjective,"heavy, burdensome, cumbersome."
bugáy,NN,noun,"grace, bounty, blessing."
bugáy,VB,verb,"to shower with blessings, to give grace."
búgkus,NN,noun,"bundle, string used to tie a package."
búgkus,VB,verb,"to bundle together, to tie with a string."
búgnu’,VB,verb,"to greet, to speak to, to interact with."
búgras,VB,verb,"of string, to break off, to snap off."
búgsay,NN,noun,oar.
búgsay,VB,verb,"to row, to strike the water with an oar."
búgsuk,VB,verb,"to erect by driving into the soil, to thrust through with force to make it stand."
búgtaw,VB,verb,"to waken, to awake."
búgtu’,VB,verb,"to snap, to break off."
búgtung,JJ,adjective,"alone, one and only."
búgtung,NN,noun,only-child.
búg’us,JJ,adjective,"entire, complete, whole-hearted."
buhahá’,JJ,adjective,"lavish, extravagant, spend-thrift."
búhat,VB,verb,"to do, to make, to perform."
buháwi’,NN,noun,tornado.
buhí’,JJ,adjective,alive.
búhi’,VB,verb,"to set free, to unhand, to ignite as of fire-crackers."
búhin,VB,verb,"to subtract, to deduct, to decrease, to lessen."
buhís,NN,noun,"tax, levy."
buhís,VB,verb,to levy tax.
búhu’,NN,noun,"hole, crevice, aperture."
búhu’,VB,verb,to bore or drill a hole.
buhúk,NN,noun,hair on the head.
bulá’,NN,noun,"bubble, froth, foam."
bulá’,VB,verb,"to bubble, to foam, to spume at the mouth."
búlak,NN,noun,"flower, blossom, cotton fibers."
búlak,VB,verb,"to bloom, to flower."
bulákwit,VB,verb,"to snatch, to seize."
bulád,VB,verb,"to spread out, to dry in the sun."
buladúr,NN,noun,kite.
búlag,VB,verb,"to divorce, to sever, to separate, to depart."
bulág,NN,noun,"blind, beggar."
bulág,JJ,adjective,"depravity in eyesight, blind."
buláhan,JJ,adjective,"fortunate, lucky."
búlan,NN,noun,"month, moon."
búlanbulan,RB,adverb,"monthly, every month."
búlang,VB,verb,to participate in a cockfight.
búlaw,VB,verb,"to oversleep, to wake up later than usual, to waken late in the day."
buláwan,NN,noun,"gold, raw gold metal."
búlbug,VB,verb,"to strike repeatedly, to beat against."
bolkán,NN,noun,volcano.
bulgár,JJ,adjective,"vulgar, gaudy."
bulí’,NN,noun,"anus, buttocks, rear."
bulídbulíd,VB,verb,"to crumble, to roll over and over down a slope."
búlig,NN,noun,"bunch of banana fruits intact on the trunk, help;  to help, to assist, to aid."
bulíng,NN,noun,soot.
búltu,NN,noun,"bulk, big bundle."
bulúng,NN,noun,"medicine, drug, cure."
bulúng,VB,verb,"to cure, to doctor."
búnak,VB,verb,"to wet, to dampen."
búnak,JJ,adjective,wet.
bún’ag,VB,verb,to dry in the sun.
bunál,NN,noun,"whip, lash."
bunál,VB,verb,"to trash, to strike with a whip."
bunáyag,JJ,adjective,"cordial, gracious."
búndul,JJ,adjective,"slow, tardy."
bunít,NN,noun,"fish hook, angle."
bunít,VB,verb,"to hook, to fish, to angle."
búnlaw,VB,verb,"to rinse, to finish washing with clean water."
búntul,VB,verb,"to throw to the ground, to attack with force so as to offset the balance."
bunú’,VB,verb,"to stab with a sharp instrument, to pierce."
búnuk,NN,noun,"heavy rain, downpour."
búnuk,VB,verb,to rain heavily.
bunút,NN,noun,"coconut husk, scrub made from coconut husk."
bunút,VB,verb,"to remove the husk from a coconut, to scrub the floor with a coconut husk."
búnyag,NN,noun,baptism.
búnyag,VB,verb,"to sprinkle, to water plants‚ to baptize."
búnga,NN,noun,"fruit, consequence, result."
búnga,VB,verb,"to bear fruit, to result in."
bungát,VB,verb,"to speak out, to utter."
búngkag,VB,verb,"to demolish, to take apart, to destroy, to dismantle."
búnggu’,VB,verb,"to bump against, to push against something with force."
búnghay,NN,noun,"part, division."
búnghay,VB,verb,"to form a part of, to become divided."
búngtud,NN,noun,"low elevation of the ground, an elevation lower than a hill, slope."
bungúl,NN,noun,deaf.
búngut,NN,noun,"beard, whiskers, moustache."
burará’,JJ,adjective,"extravagant, lavish."
búrhut,VB,verb,"to fizz out, to puff."
bus,NN,noun,"bus, public vehicle."
busá’ag,VB,verb,"to scatter into different directions, to break into pieces and scatter, to burst."
bús’ak,VB,verb,"to chop wood, to chop wood for firewood."
busál,NN,noun,"of dogs, mouth cover to prevent biting."
busáy,NN,noun,"waterfall, spring."
búsbus,VB,verb,"to cut open, to perform a caesarian operation."
búskad,VB,verb,"to spread open as in a flower, to unfold."
búsdik,VB,verb,to split or burst open.
busisí’,JJ,adjective,"scrupulous, meticulous."
búslut,VB,verb,"to have a rent, to have a hole through the bottom."
busúg,JJ,adjective,"satiated, full, satisfied with food."
búsul,NN,noun,seed.
busún,NN,noun,mailbox.
busúng,JJ,adjective,"pregnant, with child."
busúng,VB,verb,to be pregnant.
búswang,VB,verb,to break or burst and discharge pus.
butáng,NN,noun,"thing, object."
butáng,VB,verb,"to put down, to lay on a place."
butángbútang,NN,noun,"rumor, false accusation."
butángbútang,VB,verb,"to slander, to backbite, to spread false rumors."
bútkun,NN,noun,arm.
búthu’,VB,verb,"to go to school, to study, to learn."
butí,NN,noun,small pox.
butí’,VB,verb,to pop like a corn or rice.
butíg,NN,noun,"lie, falsehood."
butíg,JJ,adjective,"liar, sly."
butíg,VB,verb,"to tell a lie, to make a false statement."
bútlak,VB,verb,"of the sun, to rise."
butónes,NN,noun,button.
butúd,JJ,adjective,"bloated, distended."
butúd,VB,verb,"to become bloated, to suffer from the wind."
bútung,VB,verb,"to pull, to drag."
bútyag,VB,verb,"to tell others, to disclose, to let out a secret."
bu’úl,NN,noun,heel.
bú’ung,VB,verb,"to break into small pieces, to scatter into fragments."
bú’ut,JJ,adjective,"kind, amiable, considerate."
bu’út,NN,noun,"will, wants, desire, wish."
bu’út,VB,verb,"to will, to desire, to wish, to do as one pleases."
búya,NN,noun,"bribe, fix."
búya,VB,verb,"to bribe, to buy like a person in marriage, to offer a dowry."
buyáyag,VB,verb,"to show up, to expose, to disclose a confidential matter."
buyánbuyań,JJ,adjective,"ne’er do well, neglectful."
buyánbuyań,VB,verb,"to neglect, to be nonchalant, to be unconcerned."
buyáyaw,VB,verb,"to abuse in strong language, to curse, to scold, to use swear words."
búylug,VB,verb,"to accompany, to join, to group together."
búyuk,VB,verb,"to bend, to curve, to incline, to persuade."
buyúg,NN,noun,bumblebee.
búyut,VB,verb,"to grasp firmly, to hold onto."
bwás,RB,adverb,"tomorrow, next day."
byáhe,NN,noun,"trip, journey, voyage."
byérnes,NN,noun,friday.
byólin,NN,noun,violin.
bwélta,VB,verb,"to return, to come back, to retrace steps."
1-ka,PRP,pronoun,you (short form of ikáw).
2-ka,RP,particle,designates quantity or amount.
1-ka-,VB,verbal affix,variant of naká-.
2-ka-,NN,noun formative,noun formative affix used with verbs designating reciprocal relationship.
3-ka-,JJ,adjective formative,formative affix designating comparative and superlative degrees of comparison.
ka’agánhun,NN,noun,"dawn, early morning."
1-ka-…-an,NN,noun formative,noun formative affix.
ka-…-anan,NN,noun formative,noun formative affix designating abstract plurality.
ka’áway,NN,noun,"enemy, opponent, foe."
kabalyéro,NN,noun,"knight, gentleman."
kabán,NN,noun,"chest, a native basket holding a quantity of approximately one cavan or 25 liters."
kabatá’an,NN,noun,children.
kabáy,RP,particle,"hope so, in all probability, god willing."
kabáy,VB,verb,"to wish for, to desire, to request."
kabáyu’,NN,noun,horse.
kabáyu’,VB,verb,to ride on horseback.
kabeséra,NN,noun,"head of the table, chairman, leader."
kábig,VB,verb,"to consider, to hold or take for, to look upon as."
kabít,VB,verb,to hand up.
kábu,NN,noun,"foreman, overseer."
kabú’,NN,noun,can or container used for pouring water over the body when taking a bath.
kabúg,NN,noun,bat.
kabúgaw,NN,noun,"native grapefruit, which is big and sweet."
kabús,RB,adverb,"not fit, not enough, hapless."
kakás,VB,verb,"to wash away, to take out, to dissolve."
kakí,JJ,adjective,"brown, tan."
káda,JJ,adjective,"every, each."
kádaw,VB,verb,to wade in the water.
kádena,NN,noun,chain.
kádlaw,NN,noun,laughter.
kádlaw,VB,verb,to laugh.
kádtu,VB,verb,"to go to, to depart."
kafé,NN,noun,coffee.
kág,CC,conjunction,"and, furthermore."
kagáb’i,RB,adverb,"last night, the night preceding."
kagát,VB,verb,"to bite, to snap, to catch between the teeth."
kágaw,NN,noun,"germ, microbe."
kag’ína,RB,adverb,variant of ka’ína.
kagúla’,NN,noun,"noise, excitement."
kagúla’,VB,verb,"to be noisy, to be excited."
kagulángan,NN,noun,"forest, uncleared land."
kagús,VB,verb,to scrape off.
káha,NN,noun,"jewel box, safe."
kahápun,RB,adverb,yesterday.
káhas,JJ,adjective,"violent, daring."
káhas,VB,verb,"to dare, to make a challenge, to be violent."
kahéro,NN,noun,cashier.
káhig,VB,verb,"to rake, to shovel."
kahigayúnan,NN,noun,chance.
kahíl,NN,noun,nectarine.
kahimtángan,NN,noun,"situation, condition, position."
kahulugán,NN,noun,meaning.
kahún,NN,noun,box.
káhuy,NN,noun,"tree, wood, timber."
ka’ína,RB,adverb,"earlier, a while ago."
ka’íngin,NN,noun,"uphill land, land cleared by burning."
ka’íngin,VB,verb,to clear a piece of land by burning.
kalabánan,RB,adverb,"mostly, for the greater part."
kalabánan,NN,noun,majority.
kalabása,NN,noun,yellow squash.
kalabéra,NN,noun,"skeleton, framework."
kalág,NN,noun,"ghost, soul, spirit."
kaláha’,NN,noun,frying pan.
kalám,JJ,adjective,"sensitive to tickling, uncomfortable."
kalám,VB,verb,to become ticklish.
kalamánsi’,NN,noun,"lime, lemon."
kalámay,NN,noun,refined sugar.
kalámbre,VB,verb,"to chill, to tremble, to shiver."
kalamidád,NN,noun,calamity.
ka-…-la…-an,NN,noun formative,noun formative affix designating abstract plurality.
kalán,NN,noun,"native stove usually made of wrought iron elevated on three thin legs, fire pit made of three stones to hold the pot."
kálas,VB,verb,to rustle like dry leaves.
kalaykáy,NN,noun,rake.
kálkal,VB,verb,"of bones from a niche, to dig out."
kaldéro,NN,noun,kettle made of wrought iron.
kalendáryo,NN,noun,calendar.
kalésa,NN,noun,"buggy, cart pulled by a horse."
káli,VB,verb,to dig up.
kalibútan,NN,noun,"universe, earth, world."
kalimutáw,NN,noun,eyeball.
kalís,VB,verb,to skim the top so as to make even.
kalít,VB,verb,to take the opportunity.
kálu’,NN,noun,"hat, cap."
ka-…-lu-…,NN,noun formative,noun formative affix designating abstract plurality of state of being.
kálut,VB,verb,"to scratch gently, to ease an itchy feeling."
kalú’uy,NN,noun,"mercy, pity, clemency."
kálye,NN,noun,"street, road, avenue."
káma,NN,noun,bed.
kamálig,NN,noun,barn.
kamánsi,NN,noun,breadfruit.
kámang,VB,verb,"to creep, to crawl, to walk on all fours."
kamángyan,NN,noun,incense.
kamaróte,NN,noun,"of a ship, cabin."
kamásun,NN,noun,claw.
kamatáyan,NN,noun,death.
kamátis,NN,noun,tomato.
kámbang,JJ,adjective,"spotted, mixed, of two shades or colors."
kámbyu,VB,verb,"to exchange, to barter, to swap."
kamí,PRP,pronoun,we (exclusive first person plural nominal pronoun).
kamisadéntro,NN,noun,men’s shirt.
kamiséta,NN,noun,undershirt.
kamisún,NN,noun,"ladies’ full slip, chemise."
kámlut,VB,verb,"to paw, to touch."
kampanáryu,NN,noun,belfry.
kampánya,NN,noun,campaign.
kampánya,VB,verb,to campaign.
kámpi,VB,verb,"to side with, to be an ally to."
kámpo,NN,noun,camp.
kampyón,NN,noun,champion.
kamú,PRP,pronoun,you (plural second person nominal pronoun).
kamumú’u,NN,noun,claw.
kamústa,VB,verb,"to greet, to shake hands with, to inquire of one’s health."
kamút,NN,noun,hand.
kamúti,NN,noun,sweet potato.
kamútingkáhuy,NN,noun,cassava.
kanál,NN,noun,"canal, ditch, drainage."
kánay,VB,verb,"to subside as of winds and waves, to become less intense, to abate."
kandádu,NN,noun,padlock.
kandádu,VB,verb,to lock with a padlock.
kánday,RP,particle,personal name marker.
kandidáto,NN,noun,candidate.
kandíla’,NN,noun,candle.
kánding,NN,noun,goat.
kándus,VB,verb,"to scoop out, to serve on a dish from a pot."
kánta,NN,noun,"song, tune."
kánta,VB,verb,"to sing, to chant, to warble."
kantéro,NN,noun,mason.
kantidád,NN,noun,"quantity, amount."
kánto,NN,noun,street corner.
kanú’,NN,noun,american.
kán’un,NN,noun,cooked steamed rice.
kányon,NN,noun,cannon.
kapákapá,VB,verb,"to flutter, to be confused, to be excited so as not able to settle down."
kapampángan,NN,noun,"language spoken principally in pampanga, some four towns in tarlac, and two towns in bata’an."
kapatás,NN,noun,foreman.
kapáyas,NN,noun,papaya.
kápkap,VB,verb,"to grope about, to feel one’s way like a blind man."
kápid,NN,noun,"twin, double."
kapílya,NN,noun,small chapel.
kapín,RB,adverb,"more than, moreover, in addition."
kapitál,NN,noun,capital.
kapitán,NN,noun,captain.
kapitérya,NN,noun,"cafeteria, canteen."
kapitólyo,NN,noun,"capitol, provincial capitol."
kapituló,NN,noun,chapter.
kaprítsu,NN,noun,"mood, vices, wiles."
kaprítsu,JJ,adjective,"flighty, vain‚ wily."
kapún,VB,verb,"of pigs or animals, to circumcise."
kapuslánan,NN,noun,"usefulness, advantage."
kapút,VB,verb,"to hold onto, to grasp, to clutch."
kapúti,NN,noun,raincoat.
kápuy,NN,noun,"tiredness, exhaustion."
kápuy,VB,verb,"to be tired, to be exhausted."
kápyut,VB,verb,"to hang onto for support, to grasp for support."
karábkab,VB,verb,"to inflame, to ignite, to burst into flame."
kárbaw,NN,noun,"carabao, water buffalo."
karéra,NN,noun,"race, contest."
karéra,VB,verb,"to run a race, to race."
kárga,NN,noun,"cargo, load."
kárga,VB,verb,"to load, to carry a heavy load."
karí,VB,verb,"to approach, to come near the speaker."
karidád,NN,noun,charity.
karitéla,NN,noun,horse and buggy.
karitún,NN,noun,wheel.
kárne,NN,noun,meat.
karnéro,NN,noun,sheep.
karpentéro,NN,noun,carpenter.
karsáda,NN,noun,"road, street."
kartéro,NN,noun,mailman.
kárton,NN,noun,"box, carton."
karún,RB,adverb,later.
karús,VB,verb,"to scratch, to claw."
karúskarús,JJ,adjective,"written hurriedly, non-legible."
kasákit,NN,noun,"suffering, hurt, sorrow."
kasál,NN,noun,"marriage, wedding."
kasál,VB,verb,"to perform a marriage, to officiate a wedding."
kasán’u,RB,adverb,"a while ago, a little time passed."
kasangkápan,NN,noun,"furniture, devices, materials."
kaséra,NN,noun,"boarder, person who pays room and board."
kaséra,VB,verb,to pay room and board.
kaseróla,NN,noun,cooking pot.
kasilíngan,NN,noun,neighbor.
kasílyas,NN,noun,toilet.
kasimánwa,NN,noun,folks from the same town or place of origin.
káso,NN,noun,"legal case, lawsuit."
kasualidád,UH,interjection,impossible.
kasúdlan,NN,noun,"bowel, intestines."
kasugtánan,NN,noun,"agreement, contract."
kasugu’án,NN,noun,"order, command, rule, law."
katá’katá’,VB,verb,"to talk idly, to gossip."
katalágman,NN,noun,"danger, hazard, harm, damage."
katalanghága’,JJ,adjective,"unbelievable, incredible."
katápu’,NN,noun,"member, a person who is in something as a member."
katáru,NN,noun,"cold, running nose."
katáru,VB,verb,to have a cold.
katáw,NN,noun,"nymph, mermaid."
katolikó,NN,noun,"catholic, a member of the roman catholic church."
katórse,CD,numeral,fourteen.
kátre,NN,noun,bed.
katsíla’,NN,noun,spaniard.
katúl,JJ,adjective,itchy.
katúl,VB,verb,to be itchy.
katúmbal,NN,noun,pepper plant and fruit.
katúndan,NN,noun,west.
katungdánan,NN,noun,"duty, responsibility, obligation."
ka’ugalíngun,NN,noun,"own self, one’s own."
ka’ún,VB,verb,"to eat, to devour."
ka-…-un,NN,noun formative,"noun formative affix designating state, quality, degree."
káwat,NN,noun,"burglar, thief, robber."
káwat,JJ,adjective,"thief, robber."
káwat,VB,verb,"to steal, to rob."
káway,VB,verb,"to dangle, to wave a hand, to wave in the wind."
kawáyan,NN,noun,bamboo.
káw’it,NN,noun,hook.
káw’it,VB,verb,"to hook in, to take hold of by a hook."
1-kay,CC,conjunction,"because, for."
2-kay,RP,particle,personal name pre-possessive marker.
kayába,VB,verb,to hurry up.
kayumánggi’,JJ,adjective,"dark brown in complexion, tan."
kemiká,NN,noun,chemistry.
kemikó,NN,noun,chemist.
kerída,NN,noun,"mistress, a woman with whom a man cohabitates without the advantage of marriage."
késo,NN,noun,cheese.
kibú’,VB,verb,"to throb, to pound continuously like a heart."
kíbul,NN,noun,corn on the feet.
kíbul,VB,verb,to become calloused.
kibún,VB,verb,"to surround, to besiege."
kibút,VB,verb,"to surprise, to jolt, to startle."
kidkid,VB,verb,"to cut in thin slices, to slice very thinly."
-kig-,VB,verbal affix,social reciprocal actor focus affix.
kigás,NN,noun,dryness.
kigás,JJ,adjective,"dry, blight."
kíhad,VB,verb,"to slice, with a knife."
kílag,VB,verb,to look about curiously.
kilála,NN,noun,"acquaintance, person with whom one has a facial acquaintance."
kilát,NN,noun,lightning.
kílay,NN,noun,eyebrow.
kílid,RB,adverb,"beside, on the brink."
kílo,NN,noun,kilogram.
kilométro,NN,noun,"kilometer, unit of distance measure which is equal to approximately 0.62 miles."
kímpit,NN,noun,"pincer, prong, hair clip."
kímpit,VB,verb,"to pick with a pincer, to pin hair together."
kina’ádman,NN,noun,science.
kina-…-an,NN,noun formative,noun formative affix designating plurality.
kinabúhi’,NN,noun,"life, life cycle."
kinahánglan,VB,verb,"to have need of, to demand."
kinánglan,VB,verb,variant of kinahánglan.
kínse,CD,numeral,"fifteen.;  bimonthly, fortnightly."
kíntsay,NN,noun,celery.
kínut,JJ,adjective,"thrifty, economical, frugal."
kíngki,NN,noun,native oil or kerosene lamp made usually of an empty bottle with coconut oil or kerosene and a wick.
kíput,VB,verb,"to shut, to close."
kiráb,VB,verb,"to flash, to spark."
kisáp,VB,verb,"to blink, to twinkle, to open and shut the eyes rapidly."
kískis,VB,verb,"to scrape with a sharp instrument, to rub with something sharp."
kitá,PRP,pronoun,we (inclusive first person plural nominal pronoun).
kíta’,VB,verb,to see each other.
kitíd,JJ,adjective,"slim, narrow."
kí’um,VB,verb,to close lips together.
kláse,NN,noun,class.
klásiko,JJ,adjective,classic.
kliniká,NN,noun,clinic.
kóbra,VB,verb,to collect money.
kóbra,NN,noun,collector.
kobrekáma,NN,noun,bedspread.
kodák,NN,noun,"camera, picture."
kolékta,NN,noun,money collection in church.
kolékta,VB,verb,"to collect, to gather together."
koléhiyo,NN,noun,"college, especially a religious-order-managed school."
kolerá,NN,noun,"cholera, dysentery."
kolíntas,NN,noun,necklace.
kolór,NN,noun,color.
komersyánte,NN,noun,small-time businessman who peddles his wares moving from one town to another during market days.
komidór,NN,noun,diningroom.
kompányar,VB,verb,"to accompany with a piano, to join in."
kondisyón,NN,noun,"condition, mood, good physical condition."
koného,NN,noun,"rabbit, hare."
konsehál,NN,noun,"municipal councilman, councilman."
konsého,NN,noun,"municipal council, body of elected councilmen."
konsyérto,NN,noun,orchestra concert.
kóntra,NN,noun,"opponent, enemy."
kóntra,VB,verb,"to oppose, to resist, to counteract."
kontráto,NN,noun,"agreement, legal contract."
kongkréta,NN,noun,"concrete, cement."
kongresísta,NN,noun,"congressman, representative to congress."
kongréso,NN,noun,"congress, legislature."
kópya,NN,noun,"copy, duplicate."
kópya,VB,verb,"to copy, to duplicate."
kordéro,NN,noun,lamb.
koréo,NN,noun,"mail, post office."
kóro,NN,noun,"choir, chorus, place where the choir stays in church."
koróna,NN,noun,crown.
korpínyo,NN,noun,corset.
kórte,NN,noun,"shape, design, judicial court."
kortesíya,NN,noun,"courtesy, politeness."
kortína,NN,noun,"curtain, drape."
koryénte,NN,noun,"electric wire, electric current."
koryénte,VB,verb,to get electrocuted.
kostúra,VB,verb,to sew a dress.
kostúra,NN,noun,dressmaker.
kótse,NN,noun,"car, automobile."
krayóla,NN,noun,crayon.
kriminál,NN,noun,"criminal, convict."
kristál,NN,noun,"crystal, glass."
krísto,NN,noun,jesus christ.
kristyáno,NN,noun,christian.
ku,PRP,pronoun,"i, me."
kúbay,VB,verb,"to line up, to fall in line."
kubús,JJ,adjective,"poor, destitute."
kukú,NN,noun,finger or toe nail.
kú’ku’,VB,verb,to stoop.
kudál,NN,noun,"fence, enclosure."
kúdkud,VB,verb,to grate with a grater.
kudkurán,NN,noun,"grater, native grater of jagged iron spoon-like shape nailed to a wooden seat."
kúdlit,NN,noun,"line, mark."
kúdlit,VB,verb,"to line, to mark, to draw with a pencil."
kugá’,VB,verb,"to throttle, to strangle, to choke."
kúgmat,NN,noun,"terror, dread."
kúgmat,VB,verb,"to be terrified, to be frightened, to be scared."
kúgus,VB,verb,"to bear, to hug, to cradle like a baby, to carry a baby in the arms."
kúha’,VB,verb,"to take, to get, to take away, to procure."
kúhit,VB,verb,"to touch slightly to draw attention, to nudge."
kulá,NN,noun,"glue, paste."
kulákig,JJ,adjective,"sickly, emaciated."
kulámug,NN,noun,dried mucus in the nose.
kúlang,JJ,adjective,"lacking, incomplete, inadequate, short of."
kúlang,VB,verb,"to fall short of, to be inadequate."
kúlba’,NN,noun,"anxiety, nervousness."
kúlba’,VB,verb,"to be nervous, to be afraid."
kúli’,JJ,adjective,"slow, weak."
kulíhut,RB,adverb,"last, hindmost."
kulú,NN,noun,breadfruit.
kulúb,JJ,adjective,"inverted, upset, turned over."
kulúb,VB,verb,"to invert, to turn over a deep container so that the bottom is up."
kúlun,NN,noun,clay cooking pot.
kulúng,VB,verb,"to cage, to imprison."
kulyápis,JJ,adjective,emaciated.
kumalágku’,NN,noun,"thumb, big toe."
kumbúya,NN,noun,partner.
kumbuyahán,NN,noun,"company, partnership."
kumpaníya,NN,noun,"company, business enterprise."
kumpáre,NN,noun,"comrade, relationship between the godfather and parents of the godchild."
kumpisár,NN,noun,confession.
kumpisár,VB,verb,"to confess, to tell the truth."
kúmud,VB,verb,"to grumble, to murmur, to sulk."
kún,CC,conjunction,"if, possibly if, provided that."
kúndi’,CC,conjunction,"although, but, well, therefore, might as well."
kundíman,NN,noun,"filipino song which depicts mood changes of the people, usually written in the native languages and composed by filipinos."
kuntáni’,RP,particle,"maybe, if possible, i hope."
kunú,RP,particle,"according to, he or she said."
kunúl,JJ,adjective,"interrupted, shrank, dry (like a river)."
kunúl,VB,verb,"to cease, to stop flowing, to run dry as a river."
kunúp,NN,noun,"cloak, coat, overcoat."
kunút,JJ,adjective,wrinkled.
kunút,VB,verb,"to wrinkle, to crumple."
kúnyag,NN,noun,"chill, cold chill."
kúnyag,VB,verb,"to shake with chills, to shiver."
kúpkup,NN,noun,"embrace, hug."
kúpkup,VB,verb,"to embrace, to hug."
kupú’,VB,verb,"to hang onto tightly, to embrace tightly, to cling to, to stick to like a lizard."
kúra,NN,noun,"pastor of a parish, minister in charge of a certain area."
kúrba,NN,noun,curve.
kúrba,VB,verb,"to twist, to bend, to turn, to curve."
kurbáda,NN,noun,"street corner, street curve."
kurbáta,NN,noun,necktie.
kúri’,JJ,adjective,"slow, weak."
kúri’,VB,verb,"to be slow, to have difficulty."
kuribúng,VB,verb,to isolate in a quiet room.
kurinút,JJ,adjective,"creased, wrinkled."
kurinút,NN,noun,"crease, fold, wrinkle."
kurinút,VB,verb,"to fold, to crease, to wrinkle."
kuríng,NN,noun,cat.
kurisúng,NN,noun,frown.
kurisúng,VB,verb,to frown.
kúrit,NN,noun,"line, mark, pencil mark."
kúrit,VB,verb,"to make a line, to draw on paper with a pencil, to mark with a pencil."
kúrug,VB,verb,"to shiver, to tremble, to shake."
kusámkusám,VB,verb,"to taste, to partake of a little food."
kúskus,VB,verb,to scrape with a sharp instrument or with a scraper.
kúsi’,NN,noun,"pinch, small piece."
kúsi’,VB,verb,"to press or nip with fingernails, to pinch."
kusína,NN,noun,kitchen.
kusinéro,NN,noun,cook.
kusípad,VB,verb,"to thumb through, to pick with the fingers like corn from the cob."
kusúg,JJ,adjective,"strong, energetic, healthy."
kusúg,NN,noun,"energy, strength."
kusúg,VB,verb,"to become strong, to be energetic."
kúta’,NN,noun,"prison, fort."
kutáwkutáw,VB,verb,"to dilute, to mix with water."
kútkut,NN,noun,hole in the ground.
kútkut,VB,verb,"to excavate, to dig, to scoop out dirt from the ground so as to make a hole."
kutíng,NN,noun,kitten.
kutíngkúting,VB,verb,"to pluck or strum a guitar, to pluck a string instrument."
kútis,NN,noun,"skin complexion, facial complexion."
kutsára,NN,noun,tablespoon.
kutsaríta,NN,noun,teaspoon.
kutséro,NN,noun,"coachman, rig driver, man who drives a kalésa."
kutsílyo,NN,noun,knife.
kútsukútsu,NN,noun,"rumor, hearsay."
kútsukútsu,VB,verb,"to chitchat, to gossip, to be rumored."
kutsún,NN,noun,"cushion, bed mattress."
kútub,RB,adverb,until.
kutúl,VB,verb,"to pick, to pluck from a plant, to gather flowers."
kútut,VB,verb,to sting as a bee or a wasp.
kú’ub,VB,verb,"to bow, to bend the head as if in hiding."
kú’ut,VB,verb,"to feel for, to fish out with the hand, to put one’s hand or arm in a hole."
kuyámpad,VB,verb,"to run, to scamper off."
kúymi,NN,noun,cashier.
kwadérno,NN,noun,notebook.
kwádra,NN,noun,stable.
kwádro,NN,noun,"frame, picture frame."
kwáku,NN,noun,"pipe, tobacco pipe."
kwán,RP,particle,whatchamacallit.
kwarénta,CD,numeral,forty.
kwárta,NN,noun,"money, cold cash."
kwártakwárta,NN,noun,play money.
kwárto,NN,noun,"room, enclosed area, bedroom."
kwátro,CD,numeral,four.
kwéba,NN,noun,cave.
kwélyo,NN,noun,"collar, back of the neck."
kwénta,NN,noun,"account, balance account."
kwénta,VB,verb,"to account, to solve, to balance."
kwérdas,NN,noun,string for a string instrument.
kwítis,NN,noun,fireworks.
kwítis,DT,deictic,nan
dá’an,JJ,adjective,"old, used, worn out."
dá’an,RP,particle,"beforehand, first of all, right away."
pagkúha’,NN,noun formative,dá’an sang pápel.
dabádabá,NN,noun,"blaze, flame."
dabádabá,VB,verb,"to flare up, to blaze, to be on fire."
dábdab,NN,noun,"flare, flame, blaze."
dábdab,VB,verb,"to flare up, to blaze, to be on fire."
dábuk,VB,verb,"to kindle a fire, to build a fire, to ignite."
dabúdabú,NN,noun,"shower, drizzle."
dakbánwa,NN,noun,city.
dakú’,JJ,adjective,"big, bulky, huge, great."
dakú’,VB,verb,"to become big, to make big."
dakúp,VB,verb,"to catch, to trap, to snare, to capture, to arrest."
dagámi,NN,noun,"hay, straw."
dágat,NN,noun,"sea, ocean."
dágat,DT,deictic,nan
dagát,NN,noun,"seasickness, nausea."
dagát,VB,verb,"to be seasick, to be nauseated."
dagáya’,JJ,adjective,"many, plentiful, teeming, swarming."
dágdag,NN,noun,"addition, native term for extra pieces given of items purchased."
dágdag,VB,verb,"to let fall, to drop, to add something extra to a purchase."
dagpi’,NN,noun,"rap, tap, pat."
dagpi’,VB,verb,"to rap, to tap, to pat."
dagsa’,VB,verb,"to transfer, to be washed ashore, to flow with the current."
dágta’,NN,noun,"sap, stain, sticky sap of plants, mark."
dágta’,VB,verb,"to stain, to blot, to mar."
dagum,NN,noun,"sewing needle, injection needle."
dagusu’,VB,verb,"to swarm, to move in a crowd."
dagu’ub,NN,noun,thunder.
dagu’ub,VB,verb,to thunder.
dágway,NN,noun,"facial expression, shape, posture."
dahú’,VB,verb,"to receive, to accept, to take form."
dahúm,NN,noun,"expectations, anticipation."
dahúm,VB,verb,walá’ akú nagdahúm nga ma’abút ka.
dáhun,NN,noun,leaf.
da’ígun,NN,noun,christmas carol.
da’ígun,VB,verb,to sing christmas carols.
dalá,VB,verb,"to bring, to carry, to transmit."
dalá,NN,noun,"packages, things being carried, load."
dalág,JJ,adjective,yellow.
dalága,NN,noun,"unmarried girl, between the age of about fifteen to thirty."
dalágan,VB,verb,"to run, to dash, to dart, to scamper."
dalagíta,NN,noun,young girl between the age of ten years old to about fifteen years old.
dalámhak,JJ,adjective,"wayward, disobedient, untoward."
dálan,NN,noun,"street, road, path, cleared path."
dalándan,VB,verb,"to descend quickly, to hurry down the stairs, to slide down the bannister."
dalándan,DT,deictic,nan
dálangdálang,VB,verb,"to lose oneself, to lose one’s way."
daláwat,VB,verb,"to buy cereal, especially rice or corn."
dáldal,VB,verb,"to backbite, to spread false malicious talk, to talk against."
dalí’,RB,adverb,"immediately, hurriedly, quickly."
dalí’,JJ,adjective,"quick, immediate."
dalí’,VB,verb,"to be quick, to hurry, to hasten."
dalísay,JJ,adjective,"pure, immaculate, untainted."
dalú’,VB,verb,"to caress, to fondle."
dalúk,JJ,adjective,"selfish, greedy, glutton."
dalúdo,VB,verb,"to swell, to rise, to become flooded."
dálum,JJ,adjective,deep.
dálum,VB,verb,"to deepen, to become deep."
dalúndun,VB,verb,"to carry, to push along, to use water or slimy substance to push an object or food down the throat."
damán,NN,noun,nightmare.
damán,VB,verb,to have a nightmare.
damáng,NN,noun,spider.
dámgu,NN,noun,dream.
dámgu,VB,verb,"to dream, to have a dream."
dámhag,VB,verb,"to fall headlong, to fall on one’s face."
dámpig,VB,verb,"to help, to aid, to side with."
dámu’,JJ,adjective,"many, plenty."
dámu’,VB,verb,"to be many, to augment in number, to increase."
damúg,NN,noun,"of pigs, food."
damuhál,JJ,adjective,"rude, unrefined in social manners."
dámul,JJ,adjective,"thick, dense, bulky."
dánlug,VB,verb,"to slide, to slip."
dángat,VB,verb,"to reach, to acquire, to get at, to secure, to take hold of."
dángat,DT,deictic,nan
dangúp,VB,verb,"to take refuge, to cover, to shelter, to appeal."
dapádapá,NN,noun,sole of the feet.
dápat,VB,verb,"to be necessary, to be fit, to apply, to use."
dápaw,NN,noun,chicken flea.
dapáy,NN,noun,hawk.
dapít,JJ,adjective,near.
dáplus,VB,verb,"to slide off, to stray."
dápu’,VB,verb,"to alight, to attack, to gather around as of birds."
dapúg,NN,noun,"stove, fireplace, fire pit."
dáp’ung,NN,noun,bonfire.
dáp’ung,VB,verb,"to build a bonfire, to put on fire."
dápyus,VB,verb,"to slide, to stray."
dásig,RB,adverb,"quickly, faster."
dásig,JJ,adjective,"fast, quick."
dásig,VB,verb,"to do something with speed and promptness, to hasten."
dás’il,VB,verb,"to injure, to lacerate, to throw against."
dasúk,VB,verb,"to fill, to crowd."
dasú’dasú’,JJ,adjective,"impulsive, temperamental, risky."
dasú’dasú’,VB,verb,"to risk, to rush into without thought of consequences."
dasún,RB,adverb,next.
dasún,JJ,adjective,"later, next, to come after."
da’úg,NN,noun,"gain, winnings."
da’úg,VB,verb,"to win, to be superior, to overcome, to overthrow."
dá’ut,VB,verb,"to injure, to hurt, to harm, to damage."
dáya’,NN,noun,"deceit, trick, dishonesty."
dáya’,JJ,adjective,"cheat, dishonest."
dáya’,VB,verb,"to trick, to cheat, to deceive."
dayán,VB,verb,"to walk or stroll about, to promenade."
dayán,DT,deictic,nan
dáyaw,VB,verb,"to praise, to commend, to appreciate, to extol."
dayáw,JJ,adjective,"capricious, vain."
dáyun,VB,verb,"to continue, to come in, to spend some time on."
de,RP,particle,"of, with."
debóto,JJ,adjective,"devout, fervent."
dekolór,JJ,adjective,"multi-colored, colored."
dekorá,VB,verb,"to decorate, to put on ornaments."
de’ílo,NN,noun,"linen cloth, white linen pair of pants."
delárgo,NN,noun,long pants for men.
demokrásya,NN,noun,democracy.
demónyo,NN,noun,"devil, satan."
dentísta,NN,noun,dentist.
desgrásya,NN,noun,"disaster, accident, disgrace."
desgrásya,VB,verb,"to have an accident, to have an unfortunate experience."
desisyón,NN,noun,decision.
desisyón,VB,verb,"to make a decision, to decide."
destíno,NN,noun,"destination, assignment for place of work."
desyémbre,NN,noun,december.
dí,DT,deictic,short form of dirí.
debúhu,NN,noun,"design, embroidery."
diksyonáryo,NN,noun,dictionary.
díkta,VB,verb,"to dictate, nagdíkta ang ma’éstra sa kláse."
didál,NN,noun,thimble.
dídtu,DT,deictic,over there.
di’ín,RB,adverb,where.
díla’,NN,noun,tongue.
dilántu,VB,verb,"to expand in business, to improve in the family standard of living, to progress."
dílap,VB,verb,"to lick, to lap, to drawl the tongue like a dog."
díli’,VB,verb,"to forbid, to prohibit."
díli’,DT,deictic,nan
dimát,VB,verb,"to attract, to draw attention to, to allure."
díngding,NN,noun,wall of a building.
dingút,JJ,adjective,"stingy, miserly, selfish."
dirá’,DT,deictic,"there (near the listener, but far from the speaker)."
direktór,NN,noun,director.
diri,DT,deictic,here.
diskúrso,NN,noun,"speech, talk."
diskúrso,VB,verb,"to give a speech, to talk formally."
disgústo,VB,verb,"to be disgusted, to have a misunderstanding, to bear ill-feelings."
disimulár,VB,verb,"to overlook, to let pass, to make unnoticeable, to cover up."
disiplína,NN,noun,discipline.
disprás,NN,noun,masquerade.
dís’ug,VB,verb,"to push, to jostle, to shove."
diwál,JJ,adjective,lapping tongue.
diwál,VB,verb,"to let the tongue hang out like a dog, to stick the tongue out."
diwáta’,NN,noun,"idol, fairy."
díyas,NN,noun,birthday.
dóble,JJ,adjective,"double, twin."
doktór,NN,noun,doctor.
dódong,NN,noun,young boy from about age one to fifteen.
domínggo,NN,noun,sunday.
-dor,NN,noun formative,noun formative affix.
dormitóryo,NN,noun,dormitory.
dós,CD,numeral,two.
dóse,CD,numeral,twelve.
doséna,NN,noun,dozen.
du’ág,NN,noun,"color, hue."
dú’aw,VB,verb,"to drop in, to look in, to visit."
duká’,VB,verb,to nod with drowsiness.
dúkduk,VB,verb,"to pound, to grind."
dukú’,VB,verb,"to bow, to stoop down."
dukuménto,NN,noun,document.
dukút,VB,verb,"to stick to, to paste on."
dúda,NN,noun,"doubt, suspicion."
dúda,DT,deictic,nan
dúda,VB,verb,"to doubt, to distrust, to suspect."
dúga’,NN,noun,"sap, juice."
dúgang,NN,noun,addition.
dúgang,VB,verb,"to increase, to add, to augment."
dúgay,RB,adverb,"of time, long."
dúgay,VB,verb,"to tarry, to take a long time."
dugáydugáy,RB,adverb,"in a little while, frequently."
dúgkal,VB,verb,"to thrust, to stick, to stab."
dúghan,NN,noun,"bosom, chest."
dúgmuk,VB,verb,"to crush, to break by pressure."
dugú’,NN,noun,blood.
dugú’,VB,verb,to bleed.
dúguk,VB,verb,"to join, to take part in."
dugús,NN,noun,honey.
dúgwak,NN,noun,swan.
dúhadúha,VB,verb,"to doubt, to hesitate, to waver."
duhá,CD,numeral,two.
dúhul,VB,verb,"to give personally, to hand."
dúla’,VB,verb,"to lose, to miss, to mislay."
dúlang,NN,noun,"mine, mineral mine."
dúlhug,VB,verb,"to descend down a slope, to slide down an inclined plane or a slope."
dúlingdúling,VB,verb,"to walk unsteadily, to stagger, to take irregular steps."
dúlug,VB,verb,"to halt, to stop, to stand."
dulúm,JJ,adjective,"dark, dim."
dulúm,VB,verb,"to darken, to get dusky, to become gloomy."
dulúnan,NN,noun,"boundary, border, confine, demarcation."
dúlung,VB,verb,"to approach, to come near, to draw near, to go in the direction of."
dúl’ung,VB,verb,"to transport, to bring, to deliver, to conduct."
dulúnggan,NN,noun,ear.
dulúnggan,DT,deictic,nan
dúlut,NN,noun,"offering, gift."
dúlut,VB,verb,"to make a gift, to make an offering."
dúlsi,NN,noun,"candy, pastry."
dumála,VB,verb,"to manage, to lead, to conduct, to direct, to govern, to supervise."
dúmdum,VB,verb,"to think, to recollect, to remember, to bear in mind, to recall."
dumíli’,VB,verb,"to interdict, to ban, to forbid, to prohibit."
dúmug,VB,verb,"to scuffle, to wrestle, to struggle."
dumulú’ung,NN,noun,"alien, stranger, foreigner."
dumút,VB,verb,"to abominate, to detest, to begrudge."
dunút,JJ,adjective,"rotten, spoiled."
dunút,VB,verb,"to be rotten, to crush."
dúngan,RB,adverb,"together, simultaneously."
dúngan,VB,verb,"to be or do together, to be simultaneous."
dúngka’,VB,verb,"to land, to arrive as a boat, to dock in port."
dúnglay,VB,verb,to incline to the side.
dungúk,VB,verb,"to look down, to incline one’s head forward, to bend the head."
dungúg,NN,noun,"honor, fame, reputation."
dúpla’,VB,verb,"to spit on, to spit."
dúsdus,VB,verb,"to push, to shove, to mix."
dúsmu’,VB,verb,to stumble.
dusú’,VB,verb,"to push against, to shove, to thrust."
dúta’,NN,noun,"land, soil, earth."
dú’ug,NN,noun,"location, site, place."
dú’ul,NN,noun,cork.
dúyan,NN,noun,"swing, cradle, crib, hammock."
dúyan,VB,verb,"to rock a cradle, to swing."
dúyu,JJ,adjective,"dejected, sad."
dwénde,NN,noun,"dwarf, elf, leprechaun."
dwénde,DT,deictic,nan
dyés,CD,numeral,ten.
dyíp,NN,noun,"jeepney, renovated war surplus jeeps used as public transportation."
dyús,NN,noun,"god, the almighty."
dyútay,JJ,adjective,"tiny, small, little."
ebanghélyo,NN,noun,"gospel, epistle."
eklípsi,NN,noun,eclipse.
eksámin,NN,noun,"examination, test."
eksámin,VB,verb,to give or take an examination.
edád,NN,noun,age.
eh,RP,particle,"filler which can mean, oh…, no…."
eleksyón,NN,noun,election.
eleksyón,VB,verb,to hold an election.
elementárya,NN,noun,elementary.
embahadór,NN,noun,ambassador.
embalsamár,VB,verb,to embalm.
empanáda,NN,noun,native pie of meat baked with pastry crust.
empleyádo,NN,noun,employee.
empýene,NN,noun,ringworm.
enéro,NN,noun,january.
enhenyéro,NN,noun,engineer.
ensaláda,NN,noun,salad.
entabládo,NN,noun,"platform, stage."
éntra,VB,verb,"to go in, to enter, to share in, to interfere, to participate."
entyénde,VB,verb,"to understand, to grasp, to comprehend, to realize."
englatéra,NN,noun,england.
epektíbo,JJ,adjective,effective.
-ero,NN,noun formative,noun formative affix designating type of work done.
eropláno,NN,noun,airplane.
eskándalo,NN,noun,scandal.
eskándalo,JJ,adjective,"rude, scandalous, lack in social refinement."
eskándalo,VB,verb,to create a scandal.
eskiníta,NN,noun,"aisle, alleyway."
eskóba,NN,noun,"of shoes, brush."
eskultór,NN,noun,sculptor.
eskwéla,NN,noun,"student, pupil."
eskwelahán,NN,noun,"school house, school."
eséna,NN,noun,"screen, movie screen."
espáda,NN,noun,"sword, spade."
espánya,NN,noun,spain.
espanyól,NN,noun,"spanish, spaniard."
espíritu,NN,noun,"soul, spirit, ghost."
espíya,NN,noun,"agent, spy."
espíya,VB,verb,to spy.
espóngha,NN,noun,"powder puff, sponge."
estádo,NN,noun,"state, province."
estádos,NN,noun,united states.
estánte,NN,noun,"shelf, bookcase."
estár,VB,verb,"to inhabit, to stay, to live, to reside."
estasyón,NN,noun,station.
estátwa,NN,noun,statue.
estranghéro,NN,noun,"foreigner, stranger."
estudyánte,NN,noun,"learner, student."
fálda,NN,noun,ladies skirt.
famílya,NN,noun,"family, home."
febréro,NN,noun,february.
floréra,NN,noun,flower vase.
fránsya,NN,noun,france.
gábi,NN,noun,taro.
gáb’i,NN,noun,"night, evening."
gabinéte,NN,noun,"cabinet, an advisory body to the president of the country."
gabúk,JJ,adjective,"rotten, decayed."
gabúk,VB,verb,"to be rotten, to decay."
gábut,VB,verb,"to pull out, to weed, to extract, to uproot."
gáhit,VB,verb,to clear the way by cutting off grass.
gáhud,JJ,adjective,"noisy, bothersome."
gáhud,NN,noun,"noise, clatter."
gáhud,VB,verb,"to be noisy, to make noise."
gahúm,NN,noun,"power, authority, precedence."
gá’id,VB,verb,"to bind, to secure, to tie to, to hitch on to."
gálab,VB,verb,"to cut with a sickle, to gather rice grains with a sickle."
galánte,JJ,adjective,"gallant, chivalrous, extravagant."
galapún,NN,noun,bottle.
galatúng,NN,noun,"firewood, chopped wood used for firewood."
galí’,RP,particle,"really, is that so, indeed, oh."
gáling,VB,verb,"to mill, to grind."
galingán,NN,noun,"grinder, mill."
galón,NN,noun,gallon.
gál’um,NN,noun,"rain cloud, gray cloud."
gál’um,JJ,adjective,cloudy.
gál’um,VB,verb,to become cloudy.
galyétas,NN,noun,"crackers, cookie."
gamáy,JJ,adjective,"small, little."
gámhun,NN,noun,fog.
gámhun,JJ,adjective,foggy.
gámit,VB,verb,"to use, to devise."
gamósa,JJ,adjective,velvety.
gamú,NN,noun,"disturbance, conflict, confusion."
gamú,VB,verb,"to cause a disturbance, to throw into confusion, to take away peace."
gamút,NN,noun,root.
gána,NN,noun,appetite.
gána,VB,verb,to have appetite for.
ganánsya,NN,noun,"winnings, gain."
gáni’,CC,conjunction,"in fact, as a matter of fact."
gánit,VB,verb,"to pinch, to twist, to pull one’s hair."
gántang,NN,noun,ganta.
gantángan,NN,noun,wooden measuring box with a volume content of approximately one ganta or three liters.
gánsa,NN,noun,goose.
gansál,JJ,adjective,"loud, deafening."
gansál,NN,noun,"noise, racket."
gansál,VB,verb,"to be noisy, to set up a racket."
gánuy,VB,verb,"to drag behind, to draw."
ganghá’an,NN,noun,"gate, entrance, door."
gápas,VB,verb,"to cut down, to fell."
gápus,VB,verb,"to bind, to tie together, to tie the hands together."
gárab,VB,verb,"to cut rice, to gather rice grains, grass or any dicot plant with a sharp instrument."
gárab,NN,noun,"reaper, small sharp blade in the palm used to cut rice grains from the stalk."
gará’,VB,verb,"to allure, to entice, to persuade, to prevail upon."
garáhi,NN,noun,garage.
garantíya,NN,noun,guarantee.
garúk,JJ,adjective,"corrupt, depraved."
garúk,VB,verb,to corrupt.
garút,JJ,adjective,"tough, rowdy."
gástos,NN,noun,"expense, disbursement."
gástos,VB,verb,"to spend, to expend, to disburse."
gástos,JJ,adjective,"extravagant, spendthrift."
gatá’,NN,noun,"juice, coconut milk."
gátas,NN,noun,"milk, sap."
gatúmbal,NN,noun,pepper.
gátung,VB,verb,to burn as firewood.
gatús,CD,numeral,hundred.
ga’úd,NN,noun,"paddle, oar."
ga’úd,VB,verb,"to row, to paddle, to propel by means of an oar."
gáwa,VB,verb,to look out the window.
gáwad,VB,verb,"to get at a price, to recover, to redeem a pawned item."
gáwgaw,NN,noun,starch.
gayún,JJ,adjective,"gorgeous, dressy."
géra,NN,noun,"war, battle."
géra,VB,verb,to declare or fight a war.
gíkan,VB,verb,"to come from, to originate, to be derived from."
gíd,RP,particle,"very, extremely, most, intensifier."
gihápun,RB,adverb,always.
gíhu’,VB,verb,"to move, to stir, to budge."
gilayún,RB,adverb,"soon, immediately, later."
gín-,VB,verbal affix,general completed -un affix.
giná’,VB,verbal affix,general durative -un affix.
giná…-an,VB,verbal affix,general durative -an affix.
gín-…-an,VB,verbal affix,general completed -an affix.
ginamús,NN,noun,native fish sauce made out of marinated fish.
ginháwa,NN,noun,"breath, respiration."
ginháwa,VB,verb,"to breathe, to take in air."
ginikánan,NN,noun,parent.
gín’ut,JJ,adjective,"of climate, warm, hot."
ginú’u,NN,noun,"sir, mister."
ginú’u,NN,noun,god.
gisá,VB,verb,"to fry with fat, to saute."
gisántes,NN,noun,pea.
gísi’,VB,verb,"to tear, to slit with a sharp instrument, to split, to break asunder."
gíray,VB,verb,to tear or cut in strips.
gitára,NN,noun,guitar.
gitára,VB,verb,to play a guitar.
governadór,NN,noun,governor.
grábe,JJ,adjective,"grave, serious."
grádo,NN,noun,grade.
grádwar,VB,verb,to graduate.
gramátika,NN,noun,grammar.
grása,NN,noun,grease.
grásya,NN,noun,"grace, blessing."
grátis,NN,noun,"gratis, free."
grípo,NN,noun,faucet.
gruméte,NN,noun,crew.
grúpu,NN,noun,group.
gubá’,VB,verb,"to demolish, to destroy, to undo."
gubán,NN,noun,"group, brigade, caravan."
gúbat,NN,noun,war.
gúbat,VB,verb,"to wage a war, to declare war."
gúgma,NN,noun,"love, adoration, affection."
gúhab,VB,verb,to break in or through.
gúlang,NN,noun,"age, maturity."
gúlang,VB,verb,"to be old, to become mature, to ripen."
naggúlang,NN,noun formative,ang mangá prútas.
gúlgul,VB,verb,"to saw off, to cut off."
gúlub,VB,verb,"to cut, to trim, to crop closely."
gulút,VB,verb,to cut with a knife or scissors.
gúma,NN,noun,"rubber, tire."
gúmuk,VB,verb,to squeeze or compress so as to crush.
gumulúwa’,NN,noun,"cast, mold."
gúmun,VB,verb,"to muddle, to disorganize, to entangle, especially string or yarn, or thread."
gúnting,NN,noun,"scissors, haircut."
gúnting,VB,verb,to cut with a scissors.
gúra,NN,noun,"cap, hat."
guráb,VB,verb,"to grasp and to pull out grass, to weed."
guráyguráy,JJ,adjective,"lined, striped."
gurípat,VB,verb,"to twist the ears, to box the ears."
gústo,NN,noun,"wants, desire, likes."
gústo,VB,verb,"to care for, to want, to desire, to like."
gúsuk,NN,noun,rib.
gúlpi,VB,verb,"to shock, to jolt."
gúlu’,VB,verb,"to thrust, to put a stick or finger through a hole, to insert something through a crack."
gútrab,VB,verb,to chop or cut off with a knife or a pair of scissors.
gutúk,JJ,adjective,"of clothes, tight."
gutúk,VB,verb,to be tight.
gútum,NN,noun,"hunger, craving."
gútum,VB,verb,"to crave for, to hunger for."
gúyud,VB,verb,"to tug along, to drag along, to pull, to trail along the ground."
gwá’,RB,adverb,outside.
gwá’,VB,verb,"to go or come outside, to appear, to make one’s appearance on stage."
gwápo,JJ,adjective,"handsome, beautiful, pretty."
háblug,VB,verb,"to swing, to dangle, to rock to and fro."
hábnus,VB,verb,"to snatch, to pull with force, to draw away suddenly."
hábuk,VB,verb,"to inflate, to blow up, to swell."
hábug,VB,verb,"to swing, to rock back and forth."
hábul,NN,noun,thick blanket.
habúl,JJ,adjective,"of edged or pointed tools, dull, blunt."
habúl,VB,verb,to weave.
habón,NN,noun,washing soap.
habúy,VB,verb,"to throw out, to cast, to shoot, to toss, to pitch."
hábyug,VB,verb,"to swing, hurl, to rock, especially to a far distance."
hakáb,JJ,adjective,"ravenous, greedy."
háklu’,VB,verb,"to breathe in, to draw in, to inhale."
hákruy,VB,verb,"to complain, to moan, to sigh."
hakú’hakú’,RB,adverb,"hastily, hurriedly."
hákup,NN,noun,"handful, fistful."
hákup,VB,verb,"to take one handful, to scoop out using the hands."
hakús,NN,noun,"embrace, hug."
hakús,VB,verb,"to hug, to embrace, to clasp in one’s arms."
hákut,VB,verb,"to carry to another place, to bring in successive loads, to transport."
hákwat,VB,verb,"to lift, to carry light load."
hádluk,NN,noun,"fear, apprehension."
hádluk,JJ,adjective,"fearful, diabolic, dreadful."
hádluk,VB,verb,"to be afraid, to fear, to be apprehensive."
hágad,VB,verb,"to persuade, to induce, to invite, to ask to come."
hágbas,VB,verb,"to cut, to mow down grass, to cut down grass or weeds with a sickle or a reaper."
haǵdan,NN,noun,"stairs, ladder."
hágis,VB,verb,"to trim, to cut off thorns."
hágmak,VB,verb,to fall headlong.
hagúp,JJ,adjective,"domesticated, meek, tame, docile."
hagúp,VB,verb,"to be tame, to domesticate, to break in."
háguphágup,VB,verb,"to caress, to pet, to rub down."
halá,RP,particle,"watch out, see there, whoops."
hálab,VB,verb,"to feed like animals on grass, to pasture, to graze."
halákhak,NN,noun,"laughter, boisterous laugh."
halákhak,VB,verb,to laugh loudly.
hálad,NN,noun,"offer, dedication, gift."
hálad,VB,verb,"to offer, to sacrifice, to bestow, to donate."
haláy,VB,verb,"to drape, to hang to dry."
hál’id,VB,verb,"to litter, to throw in an inconspicuous way, to put away in disorder."
halígi,NN,noun,"post, pillar."
halimbáwa’,NN,noun,example.
halín,VB,verb,"to leave, to depart, to come from someplace."
hálin,VB,verb,to transfer to another place.
halíntang,NN,noun,"grade, step, degree."
hálit,VB,verb,"to damage, to injure, to impair."
halíya,NN,noun,jelly made from coconut milk and brown sugar.
hál’u,NN,noun,"mortar, pestle."
hálu’,VB,verb,"to mix together, to beat together."
halu’án,NN,noun,fresh water fish.
halúk,NN,noun,"kiss, peck on the cheek."
halúk,VB,verb,to give a kiss.
halúg,JJ,adjective,loose.
halúnhun,VB,verb,"to swallow a big chunk of food without chewing, to gulp down the throat."
hálung,VB,verb,"to handle with care, to treat tenderly, to cherish."
hálus,RB,adverb,"almost, somewhat, very close to."
hámak,VB,verb,"to scorn, to hate."
hámbal,NN,noun,"speech, conversation, talk."
hámbal,JJ,adjective,"talkative, conversant."
hámbal,VB,verb,"to talk, to say, to tell, to speak."
hámbug,JJ,adjective,"boastful, haughty, proud, hambug."
hámbug,VB,verb,"to be boastful, to be proud."
hámbuy,VB,verb,"to put, to place, to rest one’s arm upon."
hámpak,VB,verb,"to beat, to whip, to whack."
hámpang,VB,verb,"to play, to clown around, to gamble."
hámpang,NN,noun,"game, play, stake."
hampángan,NN,noun,toy.
hámpul,NN,noun,"plaster, cover over a wound."
hámtang,VB,verb,"to put, to place."
hámtung,NN,noun,"maturity, manhood, womanhood."
hamún,NN,noun,"ham, cured meat."
hamút,JJ,adjective,"sweet smelling, fragrant, odorous."
hamút,VB,verb,"to smell sweet, to be fragrant."
hamú’uk,RB,adverb,deep sleep.
hamú’ut,VB,verb,"to be pleased, to be gratified."
hámyang,VB,verb,"to lie on one’s back, to lie in state as of a corpse."
hánas,VB,verb,"to drill, to train, to practice, to rehearse."
hánda’,VB,verb,"to prepare, to make ready."
hándum,NN,noun,"wish, desire, ambition.;  souvenir, memory."
hándum,VB,verb,"to long for, to wish for, to crave for."
hándung,NN,noun,"shade, unlighted area."
handuráwan,NN,noun,daydream.
hándus,VB,verb,"to spear, to split, to bore or thrust through."
haníg,VB,verb,to line the bottom of a pan with leaves or the like to prevent the food from sticking.
haníp,RB,adverb,"even, uniform, of equal distance."
hantál,VB,verb,"to stack, to pile."
hántup,VB,verb,"to understand, to comprehend, to know, to conceive."
hánut,NN,noun,"whip, lash."
hánut,VB,verb,"to strike with a whip or cane, to flog, to beat."
hanú’ut,JJ,adjective,"sincere, wholehearted."
hangád,VB,verb,"to look up to, to honor, to admire, to raise one’s eyes to."
hangánhangán,RB,adverb,"easily, lazily, taking it easy."
hángbas,VB,verb,to cut grass.
hángkat,NN,noun,"challenge, dare, provocation."
hángkat,VB,verb,"to defy, to challenge, to dare."
hángdu’,VB,verb,"to consent, to give a nod, to approve, to accept a proposal."
hángin,NN,noun,wind.
hangúp,VB,verb,"to understand, to comprehend."
hángus,VB,verb,"to gasp for breath, to pant, to breathe fast and with difficulty."
hapá’,VB,verb,to prostrate oneself with arms outstretched.
hápaw,VB,verb,"to skim, to make a sweeping motion over the top of a container to make even the contents."
hápay,VB,verb,"to bend low, to lean onto for support."
hápdi’,JJ,adjective,"painful, smart pain."
hápdi’,NN,noun,"pain, sting."
hápdi’,VB,verb,"to smart, to cause a sharp pain, to be painful."
hapi’n,NN,noun,"diaper, lining, cover."
hápit,VB,verb,"to drop in, to pass by, to visit, to call upon."
háplak,VB,verb,"to fall flat on the ground, to lay flat."
háplas,VB,verb,"to rub with ointment, to smear, to dab."
háplay,VB,verb,"to hang on to, to let hang."
háplik,VB,verb,"to give a side stroke, to side sweep, to flick away."
háplit,VB,verb,"to blow, to strike, to hit."
háplus,VB,verb,"to rub with ointment, to smear."
hápu’,VB,verb,"to be tired, to be exhausted."
hapún,NN,noun,"japanese, japan."
hápun,NN,noun,afternoon.
hápun,VB,verb,"to alight, to perch, to turn dark in the late afternoon."
hapús,JJ,adjective,"easy, manageable."
hára,NN,noun,"queen, empress."
harákhak,NN,noun,"guffaw, laughter."
harákhak,VB,verb,"to guffaw, to laugh loudly."
harána,NN,noun,serenade.
harána,VB,verb,"to serenade, to sing to a lady with intentions of courtship."
haranísta,NN,noun,serenaders.
harásharás,JJ,adjective,"harsh in manner, lacking in social refinement."
hardín,NN,noun,garden.;  gardener.
hári’,NN,noun,"king, emperor."
hári’,VB,verb,"to be king, to rule as a king, to reign."
harína,NN,noun,flour.
harúput,NN,noun,breeze.
harúthut,VB,verb,"to sew in big stitches, to patch."
hásta,RB,adverb,until.
hátag,NN,noun,"gift, donation."
hátag,VB,verb,"to give, to make a gift, to bestow, to assign, to award."
hatúkhatúk,VB,verb,"to prick, to hurt, to chop, to make several cuts with a sharp instrument."
hatúd,VB,verb,"to deliver personally, to carry a message."
háwa’,VB,verb,"to make way, to leave an open space, to open a passage."
háwak,NN,noun,waistline.
háwan,VB,verb,"to clear, to clean from obstruction, to clear a crowded area."
háw’as,VB,verb,"to take out of, to remove from inside, to deliver from a container."
hawáthawát,VB,verb,"to crave badly, to eat little by little."
háwid,VB,verb,"to retain, to stay, to keep possession of."
háya’,VB,verb,to lay out a corpse.
háyag,JJ,adjective,"bright, shiny."
háyag,VB,verb,to become bright.
hayáhay,NN,noun,"flag, banner."
hayángháyang,VB,verb,to lie down lazily.
hayát,JJ,adjective,"slender, thin, lean."
hayáw,VB,verb,"to make as if to strike, to threaten to strike, to raise the hand as if to strike."
háyhay,VB,verb,"to sigh, to moan, to utter a plaint or wail."
háylu,VB,verb,"to convince, to induce."
hayú’,NN,noun,"pet name, nickname."
háyup,NN,noun,animal.
héfe,NN,noun,chief.
henerál,NN,noun,"general, army officer with the rank of general."
heneró,NN,noun,"cloth, bale of cloth."
heringílya,NN,noun,syringe.
hibalú,VB,verb,"to know, to be aware of, to understand, to comprehend."
hibí’,VB,verb,"to cry, to weep, to whimper."
hibubún’ut,VB,verb,"to sob, sigh convulsively."
híkap,VB,verb,"to touch with the hand, to feel, to handle."
híkaw,NN,noun,"envy, jealousy."
híkaw,VB,verb,"to envy, to be jealous of."
híkay,VB,verb,"to find fault, to ridicule, to despise."
híkut,NN,noun,cooked food.
híkut,VB,verb,"to get ready, to bring on, to cook, to prepare in the kitchen."
hidá’it,NN,noun,"peace, tranquility."
hidá’it,JJ,adjective,"peaceful, tranquil."
hídlaw,NN,noun,"longing, homesickness."
hídlaw,VB,verb,"to long for, to yearn for, to be homesick, to wish to see personally."
higád,RB,adverb,"alongside, beside, on the edge."
higánte,NN,noun,giant.
higayún,RP,particle,"in the event that, in the circumstance that."
hígku’,NN,noun,"rubbish, dirt, dust, blemish, blot."
hígku’,JJ,adjective,"dirty, dusty."
hígku’,VB,verb,"to be dirty, to soil, to defile, to litter."
hígda’,VB,verb,to lie down.
higúgma,NN,noun,"love, affection."
higúgma,VB,verb,"to love, to have affection for, to adore."
hígup,VB,verb,"to sip, to suck up, to slurp, as a soup."
higút,NN,noun,"rope, string."
higút,VB,verb,"to bind, to tie, to secure, to fasten with a string or a rope."
hilabút,VB,verb,"to interfere, to meddle."
hílak,VB,verb,"to cherish, to hesitate to spend or give away because of sentimental or monetary value, to have high regard for."
hilamún,NN,noun,"grass, weed."
hilám’us,VB,verb,to wash the face.
hilánat,NN,noun,fever.
hilánat,VB,verb,"to have a fever, to be feverish."
hílap,VB,verb,to cut into thin slices with an extremely sharp knife.
hilapít,RB,adverb,"near, in the vicinity of."
hiláw,JJ,adjective,"raw, unripe, fresh."
hiláy,VB,verb,"to lean, to incline, to slant."
hilayú’,RB,adverb,"far away, remote."
hílu,NN,noun,thread.
hilú’,NN,noun,poison.
hilú’,VB,verb,"to poison, to give poison to."
híl’ub,VB,verb,"to complete, to finish, to terminate planting or tilling the soil."
híl’um,VB,verb,"to guess, to sense, to suspect."
hílut,NN,noun,midwife.
hílut,VB,verb,"to massage, to rub."
hílway,JJ,adjective,"free, independent, safe."
hílway,NN,noun,"freedom, independence."
himáya’,NN,noun,"happiness, glory, bliss."
hímbis,NN,noun,fish scales.
hímpit,JJ,adjective,"perfect, faultless."
hímu,VB,verb,"to make, to do, to perform."
himúd’us,NN,noun,effort.
himúd’us,VB,verb,"to exert oneself, to make great effort."
himúlat,VB,verb,"to strive to obtain, to be earnest."
himúlbul,VB,verb,to pluck clean of feathers or fur.
himulús,VB,verb,"to be of use, to make serviceable, to take advantage of."
himúnung,JJ,adjective,"quiet, silent."
himúnung,VB,verb,"to become quiet, to become noiseless."
hím’ung,JJ,adjective,"modest, refined, demure, graceful."
hímus,VB,verb,"to arrange, to put away in an orderly manner."
himútad,VB,verb,"to scrutinize, to look at closely."
himutígun,NN,noun,"denial, refusal."
hináblus,NN,noun,"niece, nephew."
hinákay,VB,verb,"to hire, to pay for rent."
hináli’,RB,adverb,"abruptly, suddenly."
hinámbit,VB,verb,"to mention, to refer to, to allude."
hinámput,VB,verb,"to draw near, to approach, to move in the direction of the speaker."
hináw,VB,verb,to wash hands or face.
hínay,RB,adverb,"slowly, gently."
hínay,JJ,adjective,"slow, weak, tender."
hínay,VB,verb,"to do slowly, to be weak or gentle."
hínhin,JJ,adjective,"graceful, demure, dainty."
híning,JJ,adjective,"shiny, polished."
hínis,VB,verb,"to rub, to polish, to clean."
hínlu’,JJ,adjective,"smooth, elegant, dainty."
hinúlsul,NN,noun,"repentance, regret, remorse."
hinúlsul,VB,verb,"to be sorry for, to repent, to regret."
hinun’ánun,VB,verb,"to exchange views on a subject, to apeak about, to discuss."
hingabút,VB,verb,"to draw, to try to reach, to persecute, to molest, to seek to obtain."
hingagáw,VB,verb,"to reach the goal, to complete, to finish."
hingálan,VB,verb,"to name, to call by name."
hingamú,VB,verb,"to covet, to desire, to strive to obtain."
hinganíban,NN,noun,weapon.
hingapús,VB,verb,"to end, to finish, to complete, to terminate."
hingí’ki’,VB,verb,to clean the teeth of tartar.
hingukú,VB,verb,"to cut the nails, to trim and clean the fingernails."
hingúyang,NN,noun,food preparation.
hingúyang,VB,verb,"to hesitate to spend, to waste, to spend unwisely."
híngyu’,VB,verb,"to think, to plan, to have the intention, to deliberate."
hípag,NN,noun,"sister-in-law, brother-in-law."
hípid,JJ,adjective,"neat, orderly, dressy."
hípus,JJ,adjective,"quiet, silent, still."
hípus,NN,noun,"stillness, silence, quietness."
hípus,VB,verb,"to be silent, to keep quiet, to keep still."
hírup,JJ,adjective,"intimate, tender."
hírup,NN,noun,"comrade, friend, close friend."
hísa,NN,noun,"envy, jealousy."
hísa,JJ,adjective,"envious, jealous, selfish."
hisáyud,VB,verb,"to ask for an explanation, to request information."
híta’,NN,noun,"thigh, crotch."
hítad,VB,verb,"to stretch, to open and smooth out as of cloth or paper."
híwa’,NN,noun,"chunck, sliced piece, one slice."
híwa’,VB,verb,"to slice, to carve, to cut to pieces."
híwat,VB,verb,"to celebrate, to hold a feast."
hiyás,NN,noun,"precious stone, gem."
híyud,VB,verb,to stretch out.
hornál,NN,noun,"laborer, workman."
hu’ád,JJ,adjective,counterfeit.
hu’ád,NN,noun,"copy, duplicate."
hu’ád,VB,verb,to copy.
húbad,VB,verb,"to loosen, to untie, to solve, to translate."
hubág,NN,noun,"swelling, boil."
hubág,JJ,adjective,"swollen, bulging."
hubág,VB,verb,"to swell, to bulge."
hubás,VB,verb,"to evaporate, to dry up."
húben,JJ,adjective,young.
húblag,NN,noun,"social compatibility, social movement, organization with revolutionary functions and aims."
húblas,JJ,adjective,naked.
húblas,VB,verb,"to strip off, to take off."
húbu’,JJ,adjective,"naked, unclad."
húbu’,VB,verb,"to unclad, to take off."
hubúg,NN,noun,drunk;  drunkard.
hubúg,VB,verb,"to become drunk, to drink to excess."
hubún,NN,noun,group.
húk’ab,VB,verb,to loosen and fall off.
húkas,VB,verb,"to remove, to detach, to take off."
hukúm,NN,noun,judge.
hukúm,VB,verb,"to pass judgement, to try a court case."
hudéyu,NN,noun,jew.
hugák,JJ,adjective,loose.
hugák,VB,verb,"to untie, to loosen."
hugakúm,VB,verb,"to clasp in the fist, to grab, to grasp, to usurp."
húgas,VB,verb,to wash hands and other objects except clothes.
húgpa’,VB,verb,"to land, to perch, to come to rest especially of flying objects."
húgpung,NN,noun,"bundle, bouquet."
húgpung,VB,verb,"to make a bundle, to join together as a group."
hugút,JJ,adjective,tight.
húgyaw,NN,noun,"noisy laughter, enjoyment."
húgyaw,VB,verb,"to be joyful, to cheer."
húlag,NN,noun,"movement, action."
húlag,VB,verb,"to move, to stir, to get busy."
hulám,VB,verb,to borrow.
húlas,NN,noun,"perspiration, moisture."
húlas,VB,verb,to perspire.
hulát,NN,noun,"waiting, expectations."
hulát,VB,verb,"to wait, to expect, to be ready for."
hulík,VB,verb,to snap at or to swallow the bait.
húlid,VB,verb,"to lie alongside, to lie together."
húlip,VB,verb,"to fill in strips, to patch a hole in a mat."
húlug,VB,verb,"to fall down, to tumble."
hulúnan,NN,noun,"roost, place for resting."
hulúnan,VB,verb,"to roost, to settle down for rest or sleep as with fowls."
húlyo,NN,noun,july.
humán,JJ,adjective,"finished, completed, terminated."
humán,VB,verb,"to terminate, to accomplish, to finish."
humáy,NN,noun,rice plant.
húmlad,VB,verb,"to spread out, to open, to unfold."
húmuk,JJ,adjective,"soft, feathery."
húmuk,VB,verb,"to become soft, to become tender."
humút,NN,noun,"smell, odor.;  cologne, perfume, essence."
humút,JJ,adjective,"fragrant, sweet smelling, odorous."
huná’,JJ,adjective,"fragile, frail."
huná’huná’,NN,noun,"thoughts, ideas, opinion."
huná’huná’,VB,verb,"to think, to have the idea, to consider."
hunás,NN,noun,low tide.;  beach.
hunás,VB,verb,to have low tide.
huní,NN,noun,"sound, chirp, whine."
huní,VB,verb,"of birds and insects, to hum, to chirp, to whistle."
húnit,JJ,adjective,"durable, lasting."
hún’ug,NN,noun,"dew, moisture on the ground."
húnung,VB,verb,"to stop, to cease, to detain."
hunús,NN,noun,"shelf, drawer."
húnus,VB,verb,"to draw out, to pull out as a drawer."
hunúsbu’,JJ,adjective,"fretful, whimpering."
húnyo,NN,noun,june.
hungúd,JJ,adjective,intentional.
hungúd,VB,verb,"to do intentionally, to act voluntarily."
hupay,NN,noun,nightmare.
hupút,VB,verb,"to keep, to hold, to have."
huragúk,NN,noun,snore.
huragúk,VB,verb,to snore.
huramúl,JJ,adjective,damp.
hurínghúring,NN,noun,"rumor, news."
hurínghúring,VB,verb,"to be rumored, to be spread as news."
húrma,NN,noun,"mold, cast."
húrma,VB,verb,"to mold, to fit into a cast."
húrno,NN,noun,oven.
húrno,VB,verb,to bake in an oven.
hurubatún,NN,noun,"maxim, saying."
hurúng,NN,noun,"bad guy, goon."
huruśhurus,JJ,adjective,"cad, rude, without gentlemanly instincts."
húsay,NN,noun,"comb, settlement, solution."
húsay,VB,verb,"to comb one’s hair, to settle, to arrange, to set in order."
húslu’,VB,verb,"to unsheathe, to draw out by accident, to drop off its container."
hústu,RB,adverb,"enough, adequate, correct, fit, just right."
hutík,NN,noun,whisper.
hutík,VB,verb,to speak in a whisper.
hú’u,RB,adverb,"yes, affirmative particle."
hu’úl,NN,noun,"sadness, woe."
hu’út,JJ,adjective,tight.
hu’út,NN,noun,tightness.
huwád,VB,verb,"to copy, to duplicate."
huwés,NN,noun,judge.
húy,UH,interjection,"hey, oh."
huyá’,NN,noun,"shame, disgrace."
huyá’,JJ,adjective,"disgraceful, shameful."
huyá’,VB,verb,"to be ashamed, to feel reproach."
húyab,VB,verb,to run away suddenly with great speed.
húy’ab,NN,noun,yawn.
húy’ab,VB,verb,to yawn.
huyá’huyá’,NN,noun,sensitive plant.
húyang,JJ,adjective,"rickety, shaky."
húyang,VB,verb,"to shake, to be rickety."
huyúp,NN,noun,"blast, blow, breath."
huyúp,VB,verb,"to blow, to breathe upon, to expel breath."
hwébes,NN,noun,thursday.
1-i-,VB,verbal affix,general proposed action instrumental affix.
2-i-,VB,verbal affix,goal focus affix.
-i,VB,verbal affix,benefactive-locative focus affix.
ibábaw,RB,adverb,"on top of, on the surface."
ibábaw,VB,verb,"to be on top of, to put on top."
ibán,NN,noun,"other, some other."
íbid’íbid,VB,verb,"to chaperon, to tag along, to tail along."
íbug,VB,verb,"to have a passion for, to crave for."
íbug,NN,noun formative,’íbug akú sang páhu’.
íbug,NN,noun formative,si gabriel.
2-ika-,VB,verbal affix,designating possibility of an action to happen.
ikáw,PRP,pronoun,you (singular second person nominal pronoun).
íkit,JJ,adjective,"close together, dense, least possible space between the elements."
íkug,NN,noun,tail.
ikúg’íkug,VB,verb,"to tail along, to tag along, to wag the tail as a dog."
idálum,RB,adverb,"underneath, below, at the bottom."
idálum,VB,verb,"to put under, to demote, to descend."
ídas,NN,noun,"furrow, line."
ídas,VB,verb,"to line, to furrow."
idík,NN,noun,"pigling, piglet."
ídlab,VB,verb,"to catch fire, to burst into flame."
idú’,NN,noun,dog.
iga,VB,verbal affix,designating proposed action for instrumental focus.
ígham,VB,verb,"to cough slightly, to clear the throat so as to attract attention."
iglésya,NN,noun,church.
ígpat,VB,verb,"to spark, to flicker, to twinkle as of stars."
igsú’un,NN,noun,relation between godchild and children of godparents.
igú’,VB,verb,"to fit, to accommodate."
ígut,VB,verb,"to creak, to emit a grating sound by friction."
íhaw,VB,verb,"to broil, to roast over live coal."
íhi,NN,noun,axle bar.
íhi’,NN,noun,urine.
íhi’,VB,verb,"to urinate, to pass water."
íla,PRP,pronoun,"their, theirs (third person plural pre-position source pronoun)."
ilá,JJ,adjective,"elusive, untamed, undomesticated."
íla’,VB,verb,"to like, to admire, to appreciate, to wish for."
ilagá’,NN,noun,"rodent, rat, mouse."
ilayá,NN,noun,"hinterland, remote area."
ílig,NN,noun,"flow, current.;  ditch, drainage."
ílig,VB,verb,"to flow, to run through."
ilímnun,NN,noun,"drink, beverage, liquor."
ílis,VB,verb,"to change, to alter, to vary, to replace, to exchange."
ílu,NN,noun,orphan.
ílu,VB,verb,"to become an orphan, to be orphaned."
íluk,NN,noun,armpit.
ílug,VB,verb,"to follow, to imitate, to copy, to forge."
ilúng,NN,noun,nose.
ilúy,NN,noun,mother.
imbénto,NN,noun,"invention, creation."
imbénto,VB,verb,"to invent, to devise."
imbestigár,VB,verb,"to investigate, to censure."
imbitasyón,NN,noun,invitation.
imprénta,NN,noun,printing press.
imprénta,VB,verb,"to print, to put in paper through a printing press."
ímpun,VB,verb,"to join together, to conglomerate, to associate, to pull talents together."
impúntu,RB,adverb,"of time, sharp, on the dot."
ímu,PRP,pronoun,"your, yours (second person singular pre-position source pronoun)."
ímul,JJ,adjective,"poor, impoverized."
ímul,VB,verb,"to become poor, to lose money or wealth."
ímun,NN,noun,"jealousy, envy."
ímun,VB,verb,to feel jealous.
impyérno,NN,noun,"hell, nether world."
1-in-,NN,noun formative,noun formative affix.
2-in-,JJ,adjective formative,formative affix to designate manner or state of being.
3-in-,VB,verbal affix,designating manner of performance or state of being.
iná’,DT,deictic,that (far from the speaker).
1-in-…-an,NN,noun formative,noun formative affix.
2-in-…-an,VB,verbal affix,completed action transitive verb affix.
inánu,NN,noun,"dwarfish man, man of dwarfish proportions."
índay,NN,noun,"younger girls of age one to fifteen, address term for girls chronologically younger than the speaker, address term for unfamiliar non-acquainted informal relationship."
índi’,RB,adverb,"negative particle, no."
índis’índis,NN,noun,"contest, competition."
índis’índis,VB,verb,"to hold a contest, to compete."
ineksyón,NN,noun,"injection, syringe."
ineksyón,VB,verb,"to inject, to prick with a needle."
iní,DT,deictic,this (near the speaker).
ínit,NN,noun,"heat, temperature, heat of the sun, anger."
ínit,JJ,adjective,"warm, hot, in rage, passionate."
ínit,VB,verb,"to heat, to boil, to make angry, to enrage, to boil with passion or rage."
inítan,NN,noun,sunshine.
inosénte,JJ,adjective,innocent.
insúltu,NN,noun,"insult, ridicule."
insúltu,VB,verb,"to insult, to ridicule, to affront."
interés,NN,noun,"interest, raise."
interés,VB,verb,"to be interested in, to covet."
intsík,NN,noun,chinese.
íntu’,NN,noun,flattery.
íntu’,VB,verb,"to convince with good graces, to play ball with emotions, to flatter."
inúg-,NN,noun formative,instrumental noun formative affix.
inúm,NN,noun,"drink, beverage, liquor;  beverage, liquor."
inúm,VB,verb,"to drink, to take in."
inúmul,NN,noun,"fist, clinched fist."
ínut,JJ,adjective,"frugal, stingy, thrifty."
inútil,JJ,adjective,"useless, decrepit, disabled."
ínyu,PRP,pronoun,"your, yours (second person plural pre-position source pronoun)."
ingkáhi,NN,noun,"lace, trimming for a dress."
ingkántu,NN,noun,"fairy, evil spirit."
ingkántu,JJ,adjective,enchanted.
inínglis,NN,noun,english language.
ingít,JJ,adjective,"irritable, angry, in bad temper."
ingít,VB,verb,"to be in a bad mood, to be irritated."
íngud,VB,verb,"to be close by, to move closer, to be intimate with, be beside of."
íngus,VB,verb,"to sniffle, to draw air audibly."
ípa-,VB,verbal affix,designating causation of action by the actor.
íping,VB,verb,"to seat next to, to be at the side of, to adjoin."
ípit,VB,verb,"to compress, to squeeze, to press between."
íput,NN,noun,"feces, animal waste matter;  anus."
íput,VB,verb,to move the bowel.
irás,VB,verb,"to feel uncomfortable with, to have a low regard for."
isá,CD,numeral,one;  first.
ísda’,NN,noun,fish.
ísda’,VB,verb,"to catch fish, to go out to the sea to catch fish."
ísi’ísi,VB,verb,"to walk unsteadily, to stagger, to be unsteady in walking."
ísip,NN,noun,"number, count."
ísip,VB,verb,"to count, to reckon, to enumerate."
ispíya,NN,noun,"spy, fifth column."
ispíya,VB,verb,"to spy, to watch closely."
-ista,NN,noun formative,noun formative affix denoting profession or type of job.
istórya,NN,noun,"conversation, story."
istórya,VB,verb,"to tell a story, to converse."
ísu,NN,noun,chalk.
ísug,NN,noun,"courage, boldness, bravery."
ísug,JJ,adjective,"bold, brave, courageous."
ísug,VB,verb,"to become courageous, to make one’s self brave to face adversities."
ísul,VB,verb,"to retreat, to move back, to step back so as to make way."
íswag,VB,verb,"to move over, to extend, to move away, to make room."
ítik,NN,noun,duckling.
ítik,VB,verb,to tickle.
itikíta,NN,noun,"trademark, label."
ítlug,NN,noun,egg.
ítlug,VB,verb,to lay an egg.
itúm,JJ,adjective,"black, dark, dark in complexion."
itúm,VB,verb,"to become black, to get a tan."
íwag,NN,noun,"light, illumination."
íwat,JJ,adjective,"grave, seriously ill."
íya,PRP,pronoun,"his, her, hers, its (third person singular pre-position source pronoun)."
iyá,RP,particle,"specifier distinguishing particle used before or after a deictic, noun or pronoun chosen to be emphasized."
1-la-,VB,verbal affix,"or group action affix, used together with general aspect affixes."
2-la-,NN,noun formative,noun formative affix when combined with .
3-la-,JJ,adjective formative,adjective formative affix.
-la-…-an,NN,noun formative,noun formative affix designating repetitive or social action occurring in a place.
lá’aw,VB,verb,"to watch, to observe, to look out of the window."
labá,VB,verb,"of clothes, to wash."
labá,NN,noun,laundrywoman.
lába’,NN,noun,"length, duration, extent."
lába’,JJ,adjective,"long, extending for a considerable distance."
labábu,NN,noun,"lavabo, washbasin."
lábag,VB,verb,"to be against, to violate."
labáha,NN,noun,"razor blade, razor."
labán,CC,conjunction,"besides, except, moreover, furthermore."
labatíba,NN,noun,enema.
labatíba,VB,verb,to give or apply an enema.
láb’as,JJ,adjective,"raw, fresh as of fruits and vegetables."
labáw,RB,adverb,"aside from, besides, more than."
labáw,VB,verb,"to surpass, to exceed."
labáy,VB,verb,"to go through, to pass by."
labí,RB,adverb,"more than, exceedingly."
labí,VB,verb,"to exceed, to surpass."
labú’,VB,verb,"to strike with a machete or an ax, to smite with great force."
láb’uk,VB,verb,"to sip, to take a draught."
labúgay,VB,verb,"to stir, to mix especially liquids."
lábut,NN,noun,"business, concern."
lábyug,VB,verb,"to hurl, to fling, to throw to a far distance."
laká’,JJ,adjective,"scarce, rare, sometimes."
lák’ang,NN,noun,"big step, step which is as far as the legs can extend."
lák’ang,VB,verb,"to step over, to make a big step."
lakát,NN,noun,"trip, walk, business trip."
lakát,VB,verb,"to walk, to go, to leave."
lákbang,VB,verb,"to stride, to make a big step."
lakíp,VB,verb,"to include, to enclose, to insert."
láklak,VB,verb,to lap with the tongue.
láktaw,VB,verb,"to pass over, to miss, to skip."
láktud,VB,verb,to take a short cut.
ládlad,VB,verb,"to open, to spread, to unfold."
lá’ga’,VB,verb,"to boil, to cook in water."
lagabúng,VB,verb,"to fall to the ground with a flop, to rumble."
lagári’,NN,noun,"saw, carpenter’s tool."
lagári’,VB,verb,to cut with a saw.
lagás,VB,verb,"to pursue, to run after, to chase."
lagátik,NN,noun,"snap, clicking sound."
lagatúk,NN,noun,"snap, dull thud, dull sound."
lágawlágaw,VB,verb,"to wander about, to roam around, to stroll."
lágda’,NN,noun,"mark, sign, signature."
lági,RB,adverb,"frequently, often."
lágpit,NN,noun,rat trap.
lágtum,JJ,adjective,"black, dark."
lagú,NN,noun,earthworm.
lagú’,NN,noun,"soiled clothes, laundry."
lagwérta,NN,noun,"lawn, yard, orchard."
lágyu’,RB,adverb,"far, at a distance."
lágyu’,VB,verb,"to run away, to flee, to go to a far off place."
lahúg,NN,noun,"joke, teasing."
lahúgláhug,NN,noun,"joke, teasing."
lahúgláhug,VB,verb,"to joke, to make fun, to quip."
lá’in,JJ,adjective,"bad, immodest, unfavorable, unjurous."
la’ín,JJ,adjective,"different, changed, dissimilar, various."
la’ín,VB,verb,"to change, to be different."
lála,VB,verb,"to weave, to weave together."
lalá’,VB,verb,"to become seriously ill, to become severe."
laláki,NN,noun,"male, man, boy, male illicit lover."
laláw,VB,verb,"to be in black mourning dress, to wear mourning clothes."
lalím,NN,noun,flavor.
lális,VB,verb,"to pay no heed to, to disobey."
lamá’lamá’,VB,verb,"to cut into small pieces as of ribs, to cut meat with bones into thin pieces."
lámang,CC,conjunction,"but, only, mere, just."
laḿbat,NN,noun,"net, woven rattan net of native beds."
lámbut,VB,verb,"to reach, to arrive, to attain."
lamésa,NN,noun,table.
laḿgud,JJ,adjective,barren.
lamíg,NN,noun,coldness.
lamíg,JJ,adjective,"cold, cool, low in temperature for weather and liquids."
lamígas,NN,noun,"grain, cereal."
lámluk,NN,noun,moth.
lampás,VB,verb,"to surpass, to overtake."
lampásu,NN,noun,"rag, mop, scrub."
lampásu,VB,verb,"to mop, to scrub the floor."
lampín,NN,noun,baby’s diaper.
lampitáw,JJ,adjective,"well-known, famous."
lampú’as,VB,verb,"to pass, to reach beyond and move on."
lámpus,VB,verb,"to hit someone with something, to strike hard with an instrument."
lamúk,NN,noun,mosquito.
lamúd,VB,verb,"to mix with, to add to."
lamún,NN,noun,blind.
lámun,VB,verb,"to eat like an animal, to gulp down food hungrily."
lána,NN,noun,"wool, oil especially coconut oil."
lándung,NN,noun,"shade, shadow."
lánsang,NN,noun,nail.
lánsang,VB,verb,to drive a nail.
lansítas,NN,noun,pocket knife.
lánta,JJ,adjective,"withered, faded as of plants and flowers."
lántaw,VB,verb,"to watch, to see, to look out of the window."
lántun,NN,noun,"tune, song, music, music sheet."
lántun,VB,verb,to play a musical instrument.
lanúg,NN,noun,"echo, black and blue mark, rotten portion."
lányatlányat,NN,noun,membrane.
láng,RP,particle,"only, also, just."
láng’at,NN,noun,"interval, space between."
lángaw,NN,noun,fly.
lángka’,NN,noun,jackfruit.
lángkag,VB,verb,"to worry, to be anxious about."
lánggaw,NN,noun,vinegar.
langís,NN,noun,"oil, especially coconut oil."
lángit,NN,noun,"heaven, sky, outer space."
láng’ug,JJ,adjective,"rotten, foul odor of stagnant water."
langúy,VB,verb,to swim.
lápak,VB,verb,"to trample on, to step on, to treat with pride or contempt."
lápad,NN,noun,"width, area, broadness."
lápad,JJ,adjective,"wide, broad, extensive."
lapá’lapá’,VB,verb,"to cut into small pieces, to mangle."
lápas,VB,verb,"to violate, to disobey an order."
lapáw,VB,verb,"to be higher than, to exceed, to overflow."
lápdus,VB,verb,"to hit with a strong force, to beat with intentions to destroy, to hit hard."
lápis,NN,noun,pencil.
lapít,JJ,adjective,"near, close, intimate."
lapít,VB,verb,"to approach, to move near, to be close by."
lápnag,VB,verb,"to become extensive, to spread, to propagate."
lápsag,NN,noun,"baby of age one to two, infant."
lápsi’,JJ,adjective,"frail, wan, pale, pallid."
lápta,VB,verb,"to extend, to spread, to scatter."
lápus,VB,verb,"to pierce, to penetrate, to go through."
lapúyut,JJ,adjective,"sticky, thick in texture especially of liquids."
lápyu,VB,verb,"to tire, to get exhausted."
laranghíta,NN,noun,nectarine.
laráwan,NN,noun,picture.
lárga,VB,verb,"to travel away on a boat, to sail away."
lasáw,NN,noun,molasses.
lás’ay,JJ,adjective,"bland in taste, unsavory."
lásu,NN,noun,"ribbon, trimming."
láta,NN,noun,"tin, can."
latá’,JJ,adjective,"rotten, overcooked."
látag,VB,verb,"to bleach, to put out in the sun."
látay,VB,verb,"to cross a narrow footbridge without support, to balance oneself on a narrow board."
látid,VB,verb,"to line, to mark, to limit, to make a boundary."
latigú,NN,noun,whip.
latúk,NN,noun,table.
látum,VB,verb,to penetrate to the innermost part.
latún,NN,noun,tin can with a volume content of five gallons.
latún,VB,verb,"to infect, to contaminate."
lá’ug,VB,verb,"to roam, to stroll, to walk about."
lá’um,VB,verb,"to hope, to expect, to trust, to estimate."
la’ún,NN,noun,"old maid, bachelor girl."
-la-…-un,NN,noun formative,noun formative affix designating an action to be performed to the object or person referred to.
lá’ut,JJ,adjective,"vile, bad, malicious, wicked."
láwa’,NN,noun,spider web.
láwag,VB,verb,"to pronounce, to call out."
láwas,NN,noun,"body, human body.;  representative."
láw’ay,JJ,adjective,"ugly, offensive, repulsive."
láwid,NN,noun,"of distance, length."
láwid,JJ,adjective,"of distance, long, long stretch."
láwig,JJ,adjective,"lengthy, wide, broad, extensive."
láwlaw,JJ,adjective,"loose about the waist, of clothing, loose."
láya,NN,noun,fish net.
láya’,VB,verb,"to wither, to fade, to dry up as of flowers and plants."
láyag,NN,noun,sail for a boat.
láyas,VB,verb,"to run away, to flee from, to go away without permission, to run away from home."
layát,VB,verb,to sag as of skin.
láygay,VB,verb,"to advise, to talk, to lecture, to preach."
layí,NN,noun,"law, bill."
layú’,NN,noun,"of distance, far."
layú’,JJ,adjective,"far, distant."
layú’,VB,verb,"to go far, to go away, to be far."
layúng,VB,verb,"to dry up, to wither."
leksyón,NN,noun,lesson.
létse,NN,noun,volume measure amounting to one eight-ounce tin can.
létse,UH,interjection,"damn, damn you."
-li-,VB,verbal affix,variant of -la-.
libák,VB,verb,"to backbite, to deride."
libańg,VB,verb,"to amuse, to entertain, to comfort."
libát,JJ,adjective,cross-eyed.
libát,VB,verb,to become cross-eyed.
líbra,NN,noun,pound.
líbre,JJ,adjective,"free, gratis."
libreríya,NN,noun,library.
líbro,NN,noun,book.
líbu,CD,numeral,thousand.
líbud,VB,verb,"to peddle door to door, to go around."
líbug,NN,noun,bumblebee.
libúg,NN,noun,"trouble, problem, worry."
libúg,VB,verb,"to be confused, to be worried, to have a problem."
libún,NN,noun,"enclosure, fence."
libún,VB,verb,"to enclose, to surround."
líbut,VB,verb,"to walk about, to roam around, to encircle."
líbut,NN,noun,surrounding.
likáw,VB,verb,"to shun, to avoid, to detour."
líkday,VB,verb,"to step to one side to allow another to pass, to make way, to step aside."
líkido,NN,noun,liquid.
líki’,VB,verb,"to bound, to spring, to leap with grace."
líksi,VB,verb,"to jump around, to leap."
likú’,VB,verb,"to turn the corner, to turn a street corner."
likúd,NN,noun,back.
likúm,VB,verb,"to hide a secret, to conceal."
lígad,VB,verb,"to pass by, to be part of the past."
naglígad,NN,noun formative,ang enéro péro walá’ pa matapús ang trabáho ku.
ligás,NN,noun,"garter, belt."
lígdung,JJ,adjective,"modest, serious, conservative."
lígid,VB,verb,"to whirl, to roll, to turn over and over."
ligís,VB,verb,"to mill, to crush into powder."
lígu’,VB,verb,"to take a bath, to bathe, to swim in the river or the ocean."
líg’un,JJ,adjective,"steady, stable, strong."
ligúnlígun,VB,verb,"to let melt, to swallow or dissolve in the mouth."
ligúy,JJ,adjective,"negligent, truant."
ligúy,VB,verb,"to play truant, to be lazy."
liháy,VB,verb,"to fall against for support, to lean on."
lihí’,VB,verb,"to forbid, to disapprove."
líla,JJ,adjective,"violet, lavender."
limá,CD,numeral,five;  fifth.
límbung,NN,noun,"lie, deceit."
límbung,VB,verb,"to cheat, to deceive, to double-cross."
limitádo,JJ,adjective,limited.
limpyabúta,NN,noun,bootblack.
límyo,JJ,adjective,"clean, spotless, in order."
límyo,VB,verb,"to clean, to put in order."
límug,VB,verb,to gargle.
limús,NN,noun,"alm, donation."
limús,VB,verb,"to give alms, to donate."
límut,VB,verb,to forget.
linábhan,NN,noun,washed clothes.
línas,VB,verb,"to thresh as of rice, to trample upon."
línas,NN,noun,thresher.
línaw,NN,noun,"brook, stream."
líntak,VB,verb,to emit a clicking sound.
líntuk,NN,noun,bran.
línug,NN,noun,earthquake.
línug,VB,verb,"to have an earthquake, to shake like an earthquake."
linúng,JJ,adjective,"calm, silent, peaceful."
língas,VB,verb,"to distract, to confuse, to upset, to make noise."
lingáw,VB,verb,"to distract, to bother, to amuse, to relax."
lingáw,JJ,adjective,"noisy, bothersome, distracting."
língkud,VB,verb,to sit down.
linggánay,NN,noun,bell.
línghud,JJ,adjective,"of plants, young, new."
língin,JJ,adjective,"dizzy, round."
língin,VB,verb,"to be dizzy, to have nausea, to feel the head spinning."
língling,VB,verb,"to peep through a small hole, to observe secretly through an aperture."
lipák,NN,noun,"stick, small twig."
lípas,VB,verb,to pass by as of time.
lipát,VB,verb,"to forget, to lose the memory."
lípay,NN,noun,"happiness, joy, delight."
lípay,VB,verb,"to be delighted, to feel happy."
lípun,VB,verb,"to screen, to conceal, to hide."
lípung,VB,verb,"to faint, to fall unconscious."
líp’ut,NN,noun,"shortness, brevity."
líp’ut,JJ,adjective,"short, brief, curtailed."
lísang,VB,verb,"to be terrified, to be frightened, to be shocked."
lisénsya,NN,noun,"license, permission."
lisénsya,VB,verb,to ask permission.
lísi,VB,verb,to look about curiously or searchingly.
lisík,VB,verb,to fly like chips of wood.
lísngadlísngad,VB,verb,"to linger, to tarry, to delay."
lísta,NN,noun,"list, roll."
lísta,VB,verb,"to list down, to enlist, to enroll."
lístun,NN,noun,"ribbon trimming, shoe string."
lísu,NN,noun,seed.
lísu’,VB,verb,"to turn about, to be awry."
lisúd,JJ,adjective,"hard, difficult."
lisúd,NN,noun,"distress, hardship, difficulty."
litík,VB,verb,"to crack, to split, to have a flaw."
lítra,NN,noun,letter of the alphabet.
lítro,NN,noun,liter measure.
litsúgas,NN,noun,lettuce.
lítsun,NN,noun,whole pig roasted on live coal pit.
lítsun,VB,verb,to roast a whole pig.
lítun,VB,verb,"to migrate, to transfer, to move."
lí’ug,NN,noun,neck.
liwáliwá,VB,verb,"to relax, to take a vacation."
liwán,VB,verb,"to do again, to repeat, to remodel."
liwát,RB,adverb,"again, repeatedly."
liwát,VB,verb,"to do over, to remodel, to repeat."
liyón,NN,noun,lion.
lóbo,NN,noun,balloon.
lólo,NN,noun,grandfather.
lóte,NN,noun,"piece of land, lot."
-lu-,VB,verbal affix,variant of -la-.
lú’ad,VB,verb,"to spit out, to throw out of the mouth."
lubád,VB,verb,"to solve, to translate, to interpret."
lúbag,VB,verb,"to twist, to wring, to twist and pull."
lúbha’,VB,verb,"to cheat, to betray."
lubhá’,JJ,adjective,"serious, grave."
lubhá’,VB,verb,"to be seriously ill, to get worse."
lubí,NN,noun,coconut.
lúbid,NN,noun,"rope, string."
lúbid,VB,verb,"to entwine, to make into a rope or string."
lubúg,JJ,adjective,"murky, turbid."
lubúg,VB,verb,to become murky.
lubúng,NN,noun,"burial, crypt."
lubúng,VB,verb,"to bury, to inter."
lukát,VB,verb,"to pull or dig out together with the roots, to uproot."
lúku,VB,verb,"to cheat, to trick."
lukú,VB,verb,"of dogs, to lie down with front legs bent under."
lúksu,VB,verb,"to jump, to leap, to jump over."
lúkut,VB,verb,"to wind up, to roll, to crumple."
lugár,NN,noun,"place, site, location."
lúgdang,VB,verb,"to sink, to disappear under the water."
lúgpay,VB,verb,"to mollify, to soothe, to counsel."
lú’gu’,VB,verb,to shake.
lugúm,NN,noun,dye.
lugúm,VB,verb,"to dye, to color with dye."
lúgus,VB,verb,"to force to submit, to violate, to grab, to rape."
lúha’,NN,noun,tear.
lúhu,JJ,adjective,"dressed up, elegant."
luhúd,VB,verb,to kneel down.
lulú’,JJ,adjective,"gentle, kind, meek, tender."
lumáy,NN,noun,"love potion, charm."
lumáy,VB,verb,"to entice, to attract strongly, to give a love potion."
lúmba’,NN,noun,"race, contest."
lúmba’,VB,verb,"to have a race, to hold a contest."
lúming,JJ,adjective,"flabby, feeble, limp."
lúmpag,VB,verb,"to destroy, to demolish."
lúmpat,VB,verb,"to jump, to leap, to dive down."
lumús,VB,verb,to drown.
lúmut,NN,noun,moss.
lumúy,VB,verb,to put into the mouth and swallow down as of a pill.
lúnes,NN,noun,monday.
lúnhaw,JJ,adjective,green.
lúntad,VB,verb,"to live, to reside, to emigrate."
lúnsay,RB,adverb,"steady, stable."
lúnud,VB,verb,"to be inferior to, to be unbecoming, to sink."
lungíb,NN,noun,cave.
lungún,NN,noun,"bier, crypt."
lunggú’,VB,verb,to knock or push against especially the head.
lungúlúngu,VB,verb,to shake the head for negation or disapproval.
lupád,VB,verb,"to fly, to soar in the air."
lúpig,VB,verb,"to oppress, to overpower, to side with."
lupúk,VB,verb,"to burst, to blow-out, to erupt."
lupúg,JJ,adjective,crippled.
lúp’ug,VB,verb,to sit or squat down with legs turned to one side as resting animals.
lupút,VB,verb,"to have loose bowel movement, to have diarrhea."
lúpyak,VB,verb,to form a small depression in the ground.
lusád,VB,verb,"to alight, to land, to disembark."
lús’aw,JJ,adjective,"faded, discolored."
lús’aw,VB,verb,"to fade, to run in color, especially of cloth."
lúspad,JJ,adjective,"wan, pale in face."
lúspad,VB,verb,"to be pale or wan, to turn pale."
lusút,VB,verb,"to emerge, to pass, to go through, to pierce."
luták,NN,noun,clay.
lutás,VB,verb,"to wean, to detach affection for something longed for."
lutáw,JJ,adjective,"famous, big, afloat, popular."
lutáw,VB,verb,"to float, to be famous, to be well-known."
lúthang,VB,verb,"to shoot to death, to fire a gun."
lútu,VB,verb,"to mourn, to wear the black mourning attire."
lútu’,NN,noun,"cooked food, prepared food."
lútu’,JJ,adjective,"cooked, ripe."
lútu’,VB,verb,"to cook, to mature, to ripen."
lútus,VB,verb,"to surpass, to outdo, to run after, to defeat."
lú’uy,VB,verb,"to have mercy, to have compassion for."
luwág,NN,noun,"ladle, a native deep-bowled spoon used in cooking made from hard skin of the coconut and long bamboo handle."
luwás,CC,conjunction,"aside from, except, outside of."
luwás,VB,verb,"to free, to redeem, to save."
lúya,JJ,adjective,"decrepit, weak, frail."
lúya,VB,verb,"to become weak, to lose strength."
lúy’a,NN,noun,ginger.
lúyag,VB,verb,"to want, to desire, to like."
lúyluy,VB,verb,"to hand down, to droop."
luyú,RB,adverb,"by, near, beside."
1-ma-,VB,verbal affix,proposed action affix of the  verb.
2-ma-,JJ,adjective formative,"formative affix attached to nouns, verb or adjective roots."
ma-…-an,VB,verbal affix,proposed action affix of the  verb for benefactive-locative focus.
ma’álwan,JJ,adjective,"rude, mean."
ma’áyu,JJ,adjective,"well, good, fine."
1-ma-…-un,NN,noun formative,noun formative affix designating a state of being as described by the adjective root.
2-ma-…-un,JJ,adjective formative,formative affix designating state of being.
mábdus,VB,verb,to be pregnant.
maká-,VB,verbal affix,proposed action affix of the  verb for actor focus.
maka’áku’,NN,noun,"god, the almighty."
makiná,NN,noun,"machine, motor."
makinílya,NN,noun,typewriter.
makinílya,VB,verb,to type.
mákut,VB,verb,"to make a fire, to begin to burn, to start to blaze."
mádre,NN,noun,"nun, catholic nun."
ma’éstro,NN,noun,"teacher, instructor."
1-mag-,VB,verbal affix,infinitive actor focus affix.
2-mag-,NN,noun formative,noun formative affix designating reciprocal relationship.
magá’,VB,verbal affix,proposed action affix of the  verb.
mág’an,JJ,adjective,"light, trivial, cheerful."
mag’asáwa,NN,noun,married couple.
mágka-,VB,verbal affix,designating possibility of a reciprocal action to happen.
mágpa-,VB,verbal affix,designating causation of action by the actor.
maǵpang-,VB,verbal affix,magpanghilám’-us akú.
maguláng,NN,noun,"older sibling, older in age."
mahál,JJ,adjective,"expensive, dear, cherished."
mahímo,VB,verb,"to be possible, to be feasible."
ma’ís,NN,noun,corn.
malá,JJ,adjective,dry.
malá,VB,verb,"to become dry, to evaporate."
nagmalá,NN,noun formative,ang pantalún ku.
maléta,NN,noun,"piece of baggage, luggage."
málu,VB,verb,"to give an alarm, to crow as of cocks."
mán,RP,particle,"also, too."
mánang,NN,noun,respect term for a lady older than the speaker.
mándo,NN,noun,"command, announcement."
mándo,VB,verb,"to rule, to lead, to command, to announce."
maného,VB,verb,"to manipulate, to drive a car."
maní,NN,noun,peanut.
manínay,NN,noun,godmother.
mansánas,NN,noun,apple.
mantíka’,NN,noun,"cooking oil, shortening."
mantikílya,NN,noun,butter.
mántil,NN,noun,tablecloth.
mántsa,NN,noun,"stain, spot."
mántsa,VB,verb,"to stain, to mark."
mántu’,NN,noun,veil used by women in church.
manúk,NN,noun,chicken.
manúg-,NN,noun formative,noun formative affix designating a type of job or work.
mán’ug,NN,noun,"snake, serpent."
mánung,NN,noun,respect term for men older than the speaker.
manyíka’,NN,noun,doll.
1-mang-,VB,verbal affix,active action affix usually designating plural or repeated action.
2-mang-,NN,noun formative,noun formative affix designating type of job or profession.
mangá,RP,particle,marker.
mángga,NN,noun,mango.
mánggad,NN,noun,"wealth, property."
mánggad,JJ,adjective,"rich, landed, wealthy."
mánghud,NN,noun,"younger sibling, term used for people younger in age than the speaker."
mangín,VB,verbal affix,"to become, to be like."
mangingísda’,NN,noun,fisherman.
mangú’,JJ,adjective,"unlettered, ignorant."
mangungúma,NN,noun,farmer.
mápa,NN,noun,map.
marásmas,VB,verb,to become wide awake.
márka,NN,noun,"brand, mark, label."
marinéro,NN,noun,sailor.
mármul,NN,noun,marble.
márso,NN,noun,march.
mártes,NN,noun,tuesday.
martílyu,NN,noun,hammer.
martír,NN,noun,martyr.
mártsa,NN,noun,"march, drill practice."
mártsa,VB,verb,"to march, to drill."
maskará,NN,noun,mask.
maskará,VB,verb,to wear a mask.
máskin,CC,conjunction,"even if, even though, as long as."
masyádo,RB,adverb,"too much, in excess."
mata,NN,noun,eye.
mata,VB,verb,to awaken.
matadéro,NN,noun,butcher.
matárung,NN,noun,"reason, cause."
matárung,JJ,adjective,reasonable.
matáy,VB,verb,"to die, to pass away."
ma’úl,JJ,adjective,numb.
ma’úl,VB,verb,to become numb.
may-,JJ,adjective formative,formative affix designating possession of the quality stated.
may-,NN,noun formative,si ramóna.
may,VB,verb,"to have, the existence of something, to be in existence."
máya,NN,noun,wren.
mayád,JJ,adjective,"good, fine, well."
mayád,VB,verb,"to become well, to recover from being sick, to get well, to improve."
nagmáyad,NN,noun formative,si carméla.
máyo,NN,noun,may.
mayór,NN,noun,mayor of a town or city.
mayordómo,NN,noun,"butler, official of a ship."
medálya,NN,noun,medal.
medikó,NN,noun,doctor.
médya,NN,noun,half.
médyas,NN,noun,"socks, stocking."
mensáhe,NN,noun,message.;  messenger.
merkádo,NN,noun,open market.
mestisílya,NN,noun,female half-breed.
mestíso,NN,noun,"half-breed, male half-breed."
métro,NN,noun,meter.
mikániko,NN,noun,machinist.
mikróbyo,NN,noun,"germ, microbe."
míl,CD,numeral,thousand.
milágru,NN,noun,miracle.
milágru,VB,verb,to perform a miracle.
mílya,NN,noun,mile.
milyún,CD,numeral,million.
milyún,NN,noun,millionaire.
mína,NN,noun,"mineral mine, land mine."
minístro,NN,noun,"minister, preacher."
mínus,RB,adverb,"before, less, of time."
mínus,VB,verb,"to take out, to decrease, to make smaller."
minútu,NN,noun,"of time, minute."
míngaw,NN,noun,"loneliness, anguish."
míngaw,JJ,adjective,"lonely, cheerless."
míngaw,VB,verb,"to feel lonely, to feel distressed, ginmingáw akú kahápun."
mísa,NN,noun,roman catholic mass.
mísa,VB,verb,to say mass.
misyonéro,NN,noun,missionary.
mítlang,VB,verb,"to say, to mention."
miyád,JJ,adjective,"fine, good, well."
motór,NN,noun,"motor, machine."
motór,JJ,adjective,motorized.
motorsíklo,NN,noun,motorcycle.
mu,PRP,pronoun,"short form of nímu, second person post-position source pronoun."
mu,RP,particle,particle expressing affirmation of the statement of which it is the last word.
mú’ad,VB,verb,"to augment, to increase, to multiply."
múklat,VB,verb,to open one’s eyes in waking.
múda,NN,noun,"mode, fashion."
múda,VB,verb,to become the fashion.
mugún,VB,verb,"to work for a daily wage, to earn."
múg’ut,VB,verb,"to do something with violence, to have a grudge for."
mulálung,VB,verb,to see or perceive clearly.
muléstya,NN,noun,"bother, trouble."
muléstya,VB,verb,"to bother, to molest, to cause trouble, to request."
múlta,NN,noun,"fine, penalty."
múlta,VB,verb,"to impose a fine, to be fined."
munisípyo,NN,noun,"municipal town hall, municipal office building."
múnu,CC,conjunction,"said, according to, quoting particle."
múnu,VB,verb,"to mention, to murmur, to say."
mungá’,NN,noun,"hen, female chicken."
múngha,NN,noun,"monk, isolated nun."
murahág,JJ,adjective,"pop-eyed, red-eyed."
múrto,NN,noun,"ghost, spirit, apparition."
muskitéro,NN,noun,mosquito net.
muskobádo,NN,noun,"unrefined sugar, brown sugar."
músika,NN,noun,music.
músing,VB,verb,"to disgrace, to taint."
músmus,JJ,adjective,"poor, just, only."
mutsátso,NN,noun,"man servant, paid male servant in the house."
mutún,NN,noun,pulley.
mútya’,NN,noun,pearl.
mwéstra,NN,noun,"sample, model."
myémbro,NN,noun,member.
myerkolés,NN,noun,wednesday.
myerkolés,NN,noun,nan
na,RP,particle,"already, still, yet."
na-,VB,verbal affix,variant of ; completed action affix for the /ma-/ verb in optative mode.
na’,DT,deictic,"that, from iná’."
na-…-an,VB,verbal affix,conditional completed action affix of the  verb.
nábaw,JJ,adjective,shallow.
naká-,VB,verbal affix,conditional completed action affix of the  verb.
nákun,PRP,pronoun,"my, mine, (first person singular post-position source pronoun)."
nag-,VB,verbal affix,completed action affix of the  verb.
naláng,RP,particle,"only, just, a limiting particle."
námit,JJ,adjective,delicious.
námun,PRP,pronoun,"our, ours (first person plural exclusive post-position pronoun)."
námun,NN,noun,nan
nanám,JJ,adjective,"delicious, tasty, spicy."
nánay,NN,noun,"mother, respect form for older aunts or older ladies in the family."
nánday,RP,particle,post-position personal name marker.
nánu,PRP,pronoun,variant of anu.
nangín,VB,verbal affix,"became, was in the state of."
napúlu’,CD,numeral,ten.
naranghíta,NN,noun,nectarine.
nárs,NN,noun,nurse.
nátun,PRP,pronoun,"our, ours (first person plural inclusive post-position source pronoun)."
ná’ug,VB,verb,"to go down, to descend."
nawúng,NN,noun,"countenance, face."
nay,NN,noun,variant of nánay.
nayánáya,JJ,adjective,"elegant, well-dressed."
náyun,RB,adverb,"beyond, over there."
nayún,NN,noun,"of pig, sow."
negósyo,NN,noun,"small business, business.;  merchant."
negósyo,VB,verb,"to do business, to be in business."
néne’,NN,noun,endearment term for young girls or the eldest girl in the family.
nérbyos,NN,noun,"nervousness, anxiety."
nérbyos,JJ,adjective,"nervous, edgy, anxious."
nérbyos,VB,verb,"to be anxious, to be nervous."
ni,DT,deictic,"this, from iní."
ni,RP,particle,personal name post-position marker.
nígru,NN,noun,"negro, black-complexioned person."
níla,PRP,pronoun,their (third person plural post-position source pronoun).
nílag,VB,verb,"to observe closely, to eavesdrop, to be on the watch surreptitiously."
nímu,PRP,pronoun,your (second person singular post-position source pronoun).
nínyu,PRP,pronoun,your (second person plural post-position source pronoun).
nípa,NN,noun,"nipa palm, swampy palm."
nipiś,JJ,adjective,"thin, reduced in volume."
nipiś,NN,noun,nan
nipiś,VB,verb,"to be thinner, to reduce in volume or thickness."
nipúlun,JJ,adjective,"round, circular, spherical."
níwang,JJ,adjective,"lean, thin, of animals and people."
níwang,VB,verb,"to reduce in weight, to become thinner."
níya,PRP,pronoun,"her, his, its (third person singular post-position source pronoun)."
niyúg,NN,noun,coconut.
nobéla,NN,noun,novel.
nobyémbre,NN,noun,november.
nóbyo,NN,noun,"sweetheart, groom."
nónong,NN,noun,"endearment term for young boys, especially the second oldest in the family."
nónoy,NN,noun,"endearment term for young boys, especially the youngest in the family."
nú,PRP,pronoun,tag question word from anú.
nubú’,JJ,adjective,short in height.
número,NN,noun,number.
núsnus,VB,verb,to rub hard.
nwébe,CD,numeral,nine.
nyébe,NN,noun,snow.
nga,RP,particle,modifier connector.
ngá’a,RB,adverb,why.
ngálan,NN,noun,name.
ngásal,VB,verb,"to chatter, to talk boisterously."
ngáwa,NN,noun,"surprise, apprehension."
ngáwa,VB,verb,"to be surprised, to shrink from, to be afraid of."
ngídlis,VB,verb,"to be horrified, to feel uncomfortable with, to be unpleasant or disagreeable."
ngíl’ad,VB,verb,"to loathe, to be sickened, to disgust."
ngípun,NN,noun,tooth.
ngísi,NN,noun,"grin, giggle."
ngísi,VB,verb,"to grin, to giggle."
ngíslu’,NN,noun,"of the mouth, gum."
ngúrab,VB,verb,"to murmur, to complain to oneself."
ngúrub,NN,noun,"frown, roar, growl."
ngúrub,VB,verb,"to snarl, to growl, to frown."
ngútngut,VB,verb,"to be painful, to feel a sharp pain, to ache."
o,CC,conjunction,or.
o,RP,particle,"okay, oh."
obíspo,NN,noun,bishop.
okupádo,JJ,adjective,"busy, occupied."
ónse,CD,numeral,eleven.
operá,VB,verb,"to operate, to be operated on."
opisína,NN,noun,office.
opisyál,NN,noun,official.
óras,NN,noun,"time;  clock, watch, time piece."
orasyón,NN,noun,"angelus, toll of bells come six o’clock in the afternoon."
órden,NN,noun,cincture of priests on the head.
órden,VB,verb,"to ordain, to bestow the cincture, so as to become a priest."
ordináryo,JJ,adjective,"common, ordinary."
órgano,NN,noun,organ.
ospitál,NN,noun,hospital.
osyóso,JJ,adjective,"curious, nosy."
otél,NN,noun,hotel.
otsénta,CD,numeral,eighty.
ótso,CD,numeral,eight.
óbra,NN,noun,"work, job, assignment."
óbra,VB,verb,"to work, to do a job."
pa,RP,particle,"still, yet."
1-pa-,VB,verbal affix,to move in the direction of.
2-pa-,NN,noun formative,noun formative affix used with verbs.
-pa-,VB,verbal affix,"designating causation of action, meaning to allow to happen, to make possible, to happen."
pá’a,NN,noun,thigh.
pa’álam,VB,verb,"to warn, to tell beforehand."
pa’ánu,RB,adverb,how.
pa’ayún,VB,verb,"to go towards, to make for, to point at."
paboríto,NN,noun,favorite.
paboríto,JJ,adjective,favorite.
pábrika,NN,noun,factory.
pábu,NN,noun,turkey.
paká’,NN,noun,frog.
paka’isá,NN,noun,first degree cousin.
pakarás,VB,verb,to harrow.
pákaw,NN,noun,"hilt, handle."
pakéte,NN,noun,"pack, package."
páklang,NN,noun,"stem, branch."
pákpak,NN,noun,"feather, wing."
pákpak,VB,verb,to beat off as to brush off dust or ants from a dress.
pákris,NN,noun,bruise.
páksi’,VB,verb,"to tear off from something, to take out from a book, to pluck off a flower."
pakú’,NN,noun,sleeve.
pakút,NN,noun,"guess, venture."
pakút,VB,verb,"to venture a guess, to guess."
pákyaw,JJ,adjective,"wholesale, in bulk."
padalá,NN,noun,"thing sent, package sent."
padalá,VB,verb,to send.
padáyun,VB,verb,"to go onward, to continue."
padér,NN,noun,concrete wall.
padíhut,VB,verb,"to contrive, to perform, to set up, to organize."
padúgi’,VB,verb,"to manage, to find a way, to contrive."
padúlung,VB,verb,"to go to, to go in the direction of, to head for."
pádya’,NN,noun,"prize, reward."
1-pag-,VB,verbal affix,actor focus affix.
2-pag-,NN,noun formative,noun formative affix when used with verbs.
pagáno,NN,noun,"heathen, pagan."
1-pagka-,VB,verbal affix,"immediately after, following, verbal affix designating action completed before another action."
2-pagka-,NN,noun formative,"noun formative affix designating state of being, manner of being."
pagká’un,NN,noun,food.
págsik,JJ,adjective,"brisk, active, enthusiastic."
pág’un,JJ,adjective,"strong, durable, firm, solid."
págut,VB,verb,"to rave, to be furious, to gnash the teeth while asleep."
páha,NN,noun,"belt, waist band."
páhid,VB,verb,"to wipe clean, to wipe away, to dry with a cloth."
pahítu’,NN,noun,"technique, procedure, way, means."
pahítu’,VB,verb,"to do, to find a way, to scheme, to process."
páhu’,NN,noun,mango.
páhug,VB,verb,"to frighten, to tease."
pahulám,VB,verb,"to lend, to let."
pahúway,NN,noun,"rest, relaxation."
pahúway,VB,verb,"to rest, to relax."
pa’ílub,VB,verb,"to bear patiently or humbly, to give way, to give the chance to others."
pa’ínu’ínu,NN,noun,"thought, idea."
pa’ínu’ínu,VB,verb,"to think, to have the idea of."
pa’ít,NN,noun,bitterness.
pa’ít,JJ,adjective,bitter.
pa’íway,VB,verb,"to repel, to avoid, to be careful of."
pála,NN,noun,"shovel, spade."
pála’,VB,verb,"to erase with an eraser, to wipe out."
pala-,JJ,adjective formative,formative affix designating habitual state of being or repeated action.
palákpak,NN,noun,clapping of the hands.
palákpak,VB,verb,to clap the hands.
palaktakún,NN,noun,"riddle, problem."
pálad,NN,noun,"fate, palm."
palamanúg,VB,verb,"to swell, to have black and blue marks."
palangána,NN,noun,basin.
palángga’,NN,noun,"beloved, sweetheart, favorite."
palángga’,VB,verb,"to love, to care for."
pálapála,NN,noun,trellis.
palasárun,NN,noun,"project, plan."
palásyu,NN,noun,palace.
pálay,NN,noun,rice plant.
paláyas,NN,noun,awning.
pálhit,VB,verb,"to smear over, to plaster on to."
palíbut,RB,adverb,around.
pálid,VB,verb,to be blown away.
paligu’,VB,verb,see ligu’.
palíhug,VB,verb,to please.
palítu,NN,noun,tooth pick.
pálpag,VB,verb,"to strike or hit with something, to drive a nail."
pálsu,VB,verb,"to fail, to disappoint, to be unsuccessful."
pálta,VB,verb,to be absent.
paltéra,NN,noun,midwife.
pálu,NN,noun,masthead of a ship.
pálung,VB,verb,"to put out, to extinguish, to blow out."
palús,VB,verb,"to slip off, to free from grip."
pamáhaw,NN,noun,"breakfast, snack."
pamáhaw,VB,verb,"to eat breakfast, to eat a snack."
pamalándung,VB,verb,"to meditate, to contemplate."
pamantalá’an,NN,noun,newspaper.
pamángkut,NN,noun,question.
pamángkut,VB,verb,to ask a question.
pamatán’un,NN,noun,youth.
památbat,VB,verb,"to speak with authority, to lead a group in prayer, to sentence as a judge."
památi’,VB,verb,to listen.
pamugún,VB,verb,"to earn, to work at a job."
pamulúgsu’,VB,verb,to gesticulate wildly and talk angrily.
pamús’un,VB,verb,to move the bowels.
paná’,NN,noun,"arrow, bow."
panákut,NN,noun,"ingredients, spice."
panakáyun,VB,verb,"to sail, to take the boat."
panaderíya,NN,noun,bakery.
panag’íya,VB,verb,"to own, to acquire, to obtain."
panagsarí’,NN,noun,predicate.
panahún,NN,noun,"weather, climate."
panálgan,NN,noun,storey.
panambítun,VB,verb,"to sigh, to mourn, to cry."
panámkun,VB,verb,"to conceive, to crave for something while conceiving."
pananglítan,CC,conjunction,"supposing, in case, if."
panáptun,NN,noun,cloth.
pánas,VB,verb,"to rub off, to erase, to wipe out."
paná’ug,VB,verb,"to go down, to go downstairs."
panihúl,NN,noun,whistle.
panihúl,VB,verb,"to whistle, to be whistled at."
paní’id,NN,noun,"experience, observation."
paní’id,VB,verb,"to observe, to experience."
panílag,VB,verb,"to watch, to scout, to observe surreptitiously."
pánit,NN,noun,"skin, leather, bark."
pánit,VB,verb,"to skin, to peel off."
pani’údtu,NN,noun,lunch.
pani’údtu,VB,verb,to eat lunch.
pánsit,NN,noun,cooked noodles with mixed vegetables and dumplings.
pantalón,NN,noun,pair of pants.
pantálya,NN,noun,dummy.
panúgyan,NN,noun,"suggestion, recommendation."
panuláy,NN,noun,"evil, devil, temptation."
panyága,NN,noun,lunch.
panyága,VB,verb,to eat lunch.
panyápun,NN,noun,"supper, dinner."
panyápun,VB,verb,"to eat supper, to dine."
pányu’,NN,noun,handkerchief.
1-pang-,VB,verbal affix,frequent or repeated action affix of goal focus imperative mode.
2-pang-,NN,noun formative,noun formative affix used to designate something used repeatedly.
-pang-,VB,verbal affix,action affix.
pang-…-un,VB,verbal affix,ginpangumústa akú ni presidénte márcos.
pangabáy,VB,verb,"to request, to ask a favor."
pangabúdlay,NN,noun,"effort, hard work."
pangabúdlay,VB,verb,"to work hard, to try to accomplish, to put effort into."
pangabúhi’,NN,noun,"life, way of life."
pangáku’,NN,noun,"promise, oath, sworn statement."
pangáku’,VB,verb,"to swear, to promise, to commit."
pangáku’,NN,noun formative,magliwát.
pangádyi’,NN,noun,"prayer, meditation."
pangádyi’,VB,verb,"to pray, to meditate, to contemplate."
pangamúyu’,NN,noun,"prayer, supplication."
pangamúyu’,VB,verb,"to pray, to supplicate, to entreat god."
pangánud,NN,noun,cloud.
pangáyaw,VB,verb,"to migrate, to transfer to a place temporarily, to move to a new place."
pangáyu’,NN,noun,"request, demand, thing asked for."
pangáyu’,VB,verb,"to ask, to request, to demand."
pánggas,VB,verb,"to sow, to plant seeds by hand."
panginhásun,NN,noun,"sea shell, clam."
pangíta’,NN,noun,"wage, earnings."
pangíta’,VB,verb,"to look for, to search."
pángpang,NN,noun,"brink, edge, coast, area close to a river or sea."
pangúlu,NN,noun,"president, chief, leader."
pápa,NN,noun,roman catholic pope.
papá,NN,noun,father.
pá’pa’,VB,verb,"to hammer, to strike a nail."
pápas,VB,verb,"to exterminate, to destroy."
papél,NN,noun,paper.
pára,CC,conjunction,for.
parakáyda,NN,noun,parachute.
paráda,NN,noun,"parade, parking."
paráda,VB,verb,"to hold a parade, to park a vehicle."
para’ísu,NN,noun,paradise.
paralísis,NN,noun,"paralysis, loss of sensation on any part of the body."
paralítiku,NN,noun,"paralytic, crippled person."
párapu,NN,noun,paragraph.
parého,RB,adverb,"same, similarly."
parého,VB,verb,"to be the same, to be similar."
pári’,NN,noun,"priest, minister, preacher."
parílya,NN,noun,broiling grill.
páris,NN,noun,"pair, look-alike."
parmásya,NN,noun,"pharmacy, drug store."
parmasyotika,NN,noun,pharmacist.
párti,NN,noun,"part, division, piece."
párti,RB,adverb,"about, in relation to."
partído,NN,noun,political party.
parúl,NN,noun,"lantern, christmas lanterns."
parút,VB,verb,to miss a card in gambling.
paryénte,NN,noun,"relative, cousin."
pasák,NN,noun,fern.
pásad,VB,verb,"to establish, to erect, to put up."
pasagí’,JJ,adjective,simple.
pasáhe,NN,noun,"passage, trip.;  passenger."
pasamáno,NN,noun,window sill.
pás’an,VB,verb,"to bear on the shoulder, to carry on the shoulder."
pasápása,VB,verb,to pass on from one hand to another.
pasapórte,NN,noun,passport.
pasár,VB,verb,"to pass through, to be over, to go by."
pasáw,NN,noun,croton plant.
pasáy,VB,verb,to eat the main meat course without rice.
pasáylu,VB,verb,"to forgive, to excuse."
paskíl,NN,noun,"placard, billboard."
páskwa,NN,noun,christmas.
pasénsya,NN,noun,"forgiveness, excuse."
pasénsya,VB,verb,"to forgive, to excuse."
pasílyo,NN,noun,"aisle, corridor."
pasimpálad,VB,verb,"to take the risk, to chance it."
pásis,NN,noun,free pass.
páslaw,VB,verb,"to be caught red-handed, to fail, to lose."
páspas,VB,verb,"to cut down as of trees, to fell many trees."
pásta,NN,noun,"paste, tooth filling."
pásta,VB,verb,"to paste on, to fill a tooth cavity."
pastór,NN,noun,"shepherd, parish priest."
pásu’,NN,noun,"burn, scorch on a person’s skin."
pásu’,VB,verb,"to get burned, to get scorched."
pasulábi,VB,verb,"to prefer, to esteem, to give priority."
pásung,NN,noun,native sack of woven palm leaves with the volume content of one cavan.
pásyar,NN,noun,"stroll, walk."
pásyar,VB,verb,"to take a walk, to stroll."
pasyénte,NN,noun,sick patient.
patadyúng,NN,noun,native wrap-around skirt.
pátag,JJ,adjective,"of land, plain, even, level."
patáni’,NN,noun,pea pod.
patarásak,JJ,adjective,eccentric.
pátas,RB,adverb,"equally, evenly."
pátas,VB,verb,"to come out equal, to result in a tie."
patáwad,NN,noun,"excuse, clemency, pardon."
patáwad,VB,verb,"to give clemency, to pardon, to forgive, to excuse."
patáy,NN,noun,"dead person, dead plant or animal, corpse.;  death."
patáy,VB,verb,"to kill, to put to death."
páti,VB,verb,"to believe, to obey, to be convinced."
patí’,RB,adverb,"including, also, with, together with."
pát’in,VB,verb,"to sign, to mark, to enter in the list."
patíng,NN,noun,"pigeon, dove."
patís,NN,noun,fish sauce made from marinated shrimps or fish.
pátpat,VB,verb,"to explain, to interpret, to translate."
pátu,NN,noun,duck.
pátuk,VB,verb,"to begin to do, to invent, to create, to start, to organize."
pát’ud,VB,verb,"to be sure, to make sure."
patugsíling,NN,noun,"consideration, thoughtfulness."
patugsíling,VB,verb,"to be considerate, to think of other’s feelings."
patumbayá’,VB,verb,"to neglect, to abandon."
patúnda’,NN,noun,warning.
patúpátu,NN,noun,"fabrication, lie, made-up story."
patúyang,VB,verb,"to expose extravagantly, to show-off."
pátyu,NN,noun,"cemetery, tomb."
pa’úli’,VB,verb,"to go home, to go back to the house."
pa’úmud,VB,verb,"to abstain, to exercise patience."
pa’ún,NN,noun,"bait, decoy."
pá’un,VB,verb,"to isolate, to separate, to set aside."
-pa-…-un,VB,verbal affix,designating causation of action by the acor in the construction.
pa’úna,VB,verb,"to allow to go ahead, to be first."
pawíkan,NN,noun,sea turtle.
paya’ún,JJ,adjective,childish.
payág,NN,noun,"small hut, hovel."
páypay,VB,verb,"to fan for air, to beckon to, to call back with a hand gesture."
páyung,NN,noun,"umbrella, parasol."
páyung,VB,verb,to wear an umbrella.
pelígro,NN,noun,"risk, danger."
pensyón,NN,noun,pension.
pensyón,VB,verb,"to give a pension, to support through a pension."
péras,NN,noun,pear.
peregríno,NN,noun,pilgrim.
pérlas,NN,noun,pearl.
péro,CC,conjunction,"but, however."
personál,JJ,adjective,personal.
peryódiko,NN,noun,newspaper.
pesétas,NN,noun,twenty centavo coin.
pétsa,NN,noun,"date, day of the week and month of the year."
pi’áng,JJ,adjective,"lame, cripple."
pi’áng,VB,verb,"to become lame, to become crippled, to limp."
pikít,JJ,adjective,"of clothes, tight."
píkpik,VB,verb,"to pet, to pat on the back."
pikún,JJ,adjective,"short-tempered, ill-natured."
pikúy,NN,noun,parrot.
pidáso,NN,noun,"piece, one part, one bite."
pígaw,JJ,adjective,"frail, weak."
pígaw,VB,verb,"to become weak, to become frail."
pígus,VB,verb,"to oppress, to exploit."
pihák,NN,noun,"other side, reverse, pair, half."
pihák,VB,verb,"to cut in two parts, to divide in half."
pilá,RB,adverb,"how much, how many."
píla,NN,noun,"line, queue."
píla,VB,verb,to stand in line.
pílak,NN,noun,"silver, coin, silver money."
pilák,VB,verb,"to throw, to cast away."
pilás,NN,noun,"wound, bruise, soreness."
pílduras,NN,noun,"medicine tablets, pill."
píli,NN,noun,choice.
píli,VB,verb,"to choose, to select, to elect."
pílik,VB,verb,"of animals, to quiver, to shake."
pilikulá,NN,noun,"movie film, movie show."
pilipínas,NN,noun,philippines.
pilipíno,NN,noun,"filipino, citizen of the philippines."
pílit,VB,verb,"to insist, to urge, to force, to compel."
pilít,JJ,adjective,"sticky, clammy."
pilít,VB,verb,"to stick on, to paste on."
pilósopo,NN,noun,"philosopher, smark aleck."
pílpil,VB,verb,"to weigh down, to put a weight on top."
pilú’,NN,noun,"fold of the dress, hem."
pilú’,VB,verb,"to fold over, to make a fold."
pimyénta,NN,noun,red or white pepper.
pina-,JJ,adjective formative,formative affix designating superlative degree quality.
piníkas,NN,noun,"one piece, sliced piece, cut up pieces."
pínsar,NN,noun,"thought, idea."
pínsar,VB,verb,"to think of, to have the idea that."
pínta,NN,noun,paint.
pínta,VB,verb,"to paint, to cover with paint."
píntal,NN,noun,"bar, bolt."
píntal,VB,verb,"to bolt, to bar an opening."
píntas,JJ,adjective,"cruel, harsh, brutal."
pintór,NN,noun,painter.
píntuk,NN,noun,"dot, blot."
pínu,JJ,adjective,"fine, dainty, skilled product."
pínu,VB,verb,"to refine, to produce something of fine workmanship, to smoothen."
pínya,NN,noun,pineapple.
pínggan,NN,noun,"plate, dish."
píhpih,VB,verb,to brush off with the hand.
pípa,NN,noun,tobacco pipe.
pípa,VB,verb,to smoke a pipe.
pí’pi’,VB,verb,to pat with the hand.
pipínu,NN,noun,cucumber.
pirásu,NN,noun,"piece, one part."
piríku,NN,noun,parrot.
pírma,NN,noun,signature.
pírma,VB,verb,"to sign, to put one’s signature to."
pírme,RB,adverb,"always, constantly."
pírut,VB,verb,"to wink, to squint the eye."
písan,JJ,adjective,"diligent, industrious."
pisára,NN,noun,blackboard.
písga’,VB,verb,"to pinch, to press, to squeeze to extract liquid."
písi’,NN,noun,"string, cord."
pisík,VB,verb,"to fly off or jump off, of shrimps and fish, to make a quick and sudden movement, to flip."
pisíl,VB,verb,"to compress, to grip, to press, to press with the fingers."
písngi,NN,noun,cheek.
písngu’,NN,noun,"sob, sobbing sound."
písngu’,VB,verb,to sob after weeping.
písos,NN,noun,peso bill.
píspis,NN,noun,bird.
písta,NN,noun,"fiesta, religious feast day of a saint, variant of pyésta."
písti,NN,noun,"epidemic, pest, plague, drought."
pisú’,NN,noun,chick.
pisúk,NN,noun,moment.
pisúk,VB,verb,to bat an eye.
pitáka,NN,noun,"purse, handbag."
pitála’,NN,noun,bolt.
pitík,NN,noun,"beating, throbbing, flick."
pitík,VB,verb,to flick another person with a finger.
pítla’,JJ,adjective,gibberish.
pítsil,NN,noun,pitcher.
pitú,CD,numeral,seven.;  seventh; /napulug-/ seventeen; /ka-…-an/ seventy.
pítu,NN,noun,whistle.
pítu,VB,verb,"to blow a whistle, to whistle."
pí’ud,VB,verb,to fold.
pí’ut,JJ,adjective,"tight, crowded."
pí’ut,VB,verb,"to become tight, to breathe with difficulty."
píyung,VB,verb,"to shut, to close the eye."
pláka,NN,noun,phonograph record.
planéta,NN,noun,planet.
plántsa,NN,noun,dry iron.
plántsa,VB,verb,to iron with a dry iron.
plánu,NN,noun,plan.
plánu,VB,verb,to plan.
plása,NN,noun,"park, plaza."
pláster,NN,noun,"plaster, band aid."
platéro,NN,noun,goldsmith.
platíto,NN,noun,saucer.
pláto,NN,noun,"dinner plate, dish."
pléte,NN,noun,"fare, ticket for a plane or boat or bus ride."
plúma,NN,noun,fountain pen.
pluméru,NN,noun,feather duster.
póbre,JJ,adjective,"poor, humble, unpretentious."
póbre,NN,noun,poverty.
pomáda,NN,noun,"pomade, men’s hair dressing."
porsyénto,NN,noun,"percentage, interest."
póste,NN,noun,"post, column."
postúŕa,JJ,adjective,"dressed up, elegant, smartly dressed."
posturyóso,JJ,adjective,"chic, dressy, elegantly dressed."
prémyo,NN,noun,"prize, reward."
prénda,VB,verb,to pawn.
préno,NN,noun,"brake of a vehicle, stop."
préno,VB,verb,"to put on the brakes, to stop."
presentár,VB,verb,"to present oneself, to introduce, to give as a gift."
presidénte,NN,noun,president.
présyo,NN,noun,"price, cost price, selling price, cost."
pribádo,JJ,adjective,private.
pribilíhiyu,NN,noun,privilege.
primabéra,NN,noun,spring.
prímo,NN,noun,cousin.
prinsipál,NN,noun,school principal.
príso,NN,noun,prisoner.;  prison.
príso,VB,verb,"to put in prison, to imprison."
príto,JJ,adjective,fried.
príto,VB,verb,"to fry, to cook in oil."
probár,VB,verb,"to prove, to give proofs."
probínsya,NN,noun,"province, state, political division."
probléma,NN,noun,problem.
prográma,NN,noun,program.
propesór,NN,noun,professor.
protésta,NN,noun,"protest, complain."
protésta,VB,verb,"to complain, to protest."
prupíta,NN,noun,prophet.
prútas,NN,noun,fruit.
pruwéba,NN,noun,"proof, evidence."
pú’as,VB,verb,"to calm, to ease, to become less strong."
pu’ása,NN,noun,fasting.
pu’ása,VB,verb,"to fast, to abstain from eating regular meals for penance."
públiku,NN,noun,public.
puká,VB,verb,"to stay up late at night, to have a late night."
púkan,VB,verb,to cut a tree down.
pukatúd,NN,noun,elevation.
púkaw,VB,verb,"to rouse, to waken."
púkpuk,VB,verb,"to beat, to hammer down, to hit on the head."
púksi’,VB,verb,"to pick flowers, to tear off."
púdag,VB,verb,to stamp the feet in anger.
púga’,VB,verb,to squeeze so as to extract liquid.
púgad,NN,noun,nest.
pugún,NN,noun,"stove, native oven made of clay."
pugúng,VB,verb,"to repress, to stop, to control."
púgut,VB,verb,"to cut off the head, to behead."
púhag,VB,verb,"to break open, to release the gate, to disturb one’s peace."
púhun,VB,verb,"to conspire, to plot."
pulá,JJ,adjective,"red, crimson."
pulá,VB,verb,"to color with red, to turn red, to blush."
púlak,VB,verb,"to fall off the tree or plant, to wither and fall."
puláw,VB,verb,"to stay awake so as to watch, to have a late night."
púlbura,NN,noun,gun powder.
púlbus,NN,noun,"powder, face powder, dusting powder."
pulgáda,NN,noun,inch.
púli,VB,verb,"to take sides in a fight, to ally with."
púling,VB,verb,to have a foreign object in the eye.
pulís,NN,noun,"policeman, cop."
púlpug,VB,verb,to drive or mash with a hammer.
pulséras,NN,noun,bracelet.
púlsu,NN,noun,pulse.
púlu,NN,noun,handle of a knife.
púlu’,NN,noun,island.
púlu’,CD,numeral,variant of napúlu’.
púlung,NN,noun,"message, word, advice."
púlung,VB,verb,"to express oneself, to give a speech, to give an advice."
pulús,NN,noun,"usefulness, profit, advantage, benefit."
púlut,VB,verb,to pick up from the ground.
pumpyáng,NN,noun,cymbal.
púna’,NN,noun,net.
púna’,VB,verb,"to trap in a net, to weave a net."
púnaw,VB,verb,"to faint, to feel dizzy."
púnda,NN,noun,pillow case.
puní,NN,noun,decoration.
puní,VB,verb,"to decorate, to deck."
púnu’,NN,noun,"tree trunk, leader, chief."
punú’,JJ,adjective,full to capacity.
punú’,VB,verb,to fill to capacity.
punú’an,NN,noun,"beginning, start, authority, leader."
púnung,NN,noun,fishpond.
púnta,NN,noun,"tip, edge, end."
púntus,NN,noun,"score, point."
púnyus,NN,noun,"wrist, cuff."
pungá,JJ,adjective,nasal manner of speech.
pungku’,VB,verb,to sit down.
púnggud,NN,noun,"pimple, blemish."
púnggul,VB,verb,"to cut off from the plant, to prune."
púngpung,NN,noun,"bundle, bunch, bouquet of flowers."
púngpung,VB,verb,"to bundle, to tie into a bundle."
púngsud,NN,noun,"country, nation, community."
pú’pu’,VB,verb,"to pluck from the plant or tree, to pick, to harvest."
púrma,NN,noun,"form, shape."
púru,RB,adverb,"purely, all."
púrung,NN,noun,"crown, veil, head cover."
pusá’,VB,verb,"to break, to crack."
púsad,VB,verb,"to pace up and down angrily, to stamp the feet in anger."
pús’ang,VB,verb,"to throw down on the floor, to put down with a bang."
púsdak,VB,verb,"to throw down, to drop with considerable force."
púsnga,NN,noun,"snort, pant."
púsnga,VB,verb,"to breathe through the nostrils, to snort."
puspurú,NN,noun,"match, match stick."
pústa’,NN,noun,"stake, bet."
pústa’,VB,verb,"to bet, to put up as stake."
púsu’,NN,noun,"heart, banana flower."
púsud,NN,noun,"navel, belly button."
pús’un,NN,noun,abdomen.
púswit,VB,verb,"to burst through a small opening with force, especially of liquids."
putí’,JJ,adjective,"white, fair in complexion.;  white."
pútul,VB,verb,"to sever, to cut off."
pútul,JJ,adjective,"severed, cut, broken off."
putús,NN,noun,"wrapper, cover."
putús,VB,verb,"to wrap, to tie into a package, to pack."
putút,JJ,adjective,"of people, short."
putyúkan,NN,noun,beehive.
pu’úk,NN,noun,place.
pu’úd,NN,noun,"country, nation."
pu’út,VB,verb,"to lie for ambush, to hide, to conceal."
púyu,NN,noun,"cloth sack, cloth bag with a drawstring."
puyú,NN,noun,"mudfish, freshwater fish."
puyú’,VB,verb,"to live, to dwell, to reside."
púyus,VB,verb,"to bind, to wrap up."
pwéde,RB,adverb,"all right, can be, its possible, certainly, yes."
pwérta,NN,noun,"door, gate."
pwertáhan,NN,noun,door.
pyáno,NN,noun,piano.
pyánsa,NN,noun,"bond, bail money."
pyánsa,VB,verb,"to set bail, to bail out, to put a bond."
pyé,NN,noun,one foot measure.
pyérde,VB,verb,"to be defeated, to lose, to give up."
pyésas,NN,noun,spare parts.
pyésta,NN,noun,"fiesta, religious feast of a patron saint which is celebrated with pomp and carnivalistic tradition."
rabanús,NN,noun,radish.
rábrab,VB,verb,"to tear off, to rip."
rádyo,NN,noun,radio.
rámas,VB,verb,"to rub, to scrape off."
rántsu,NN,noun,ranch.
rásras,VB,verb,"to slash, of clothing, to slit or to take out the stitching."
ráyna,NN,noun,"queen, empress."
rebólber,NN,noun,"gun, revolver."
reklámo,NN,noun,"complaint, discontent."
reklámo,VB,verb,to complain.
regálo,NN,noun,"gift, present."
regálo,VB,verb,to give a present.
reló,NN,noun,"time piece, wrist watch."
relyéno,NN,noun,stuffed chicken or fish.
rénda,NN,noun,bridle.
rénta,NN,noun,rent.
rénta,VB,verb,"to rent, to hire."
repólyo,NN,noun,cabbage.
representánte,NN,noun,"representative, congressman."
reputasyon,NN,noun,reputation.
resíbo,NN,noun,receipt.
resíta,NN,noun,prescription of a doctor.
resúlta,NN,noun,"result, conclusion."
retobádo,JJ,adjective,"naughty, impish."
retráto,NN,noun,"picture, snapshot."
réyna,NN,noun,queen.
rikádo,NN,noun,"seasoning, spice."
rílis,NN,noun,"train rail, railroad tracks."
rimís,JJ,adjective,"delicious, tasty."
rípa,NN,noun,"raffle, lottery."
ritásu,NN,noun,remnant.
románsa,NN,noun,romance.
rósa,JJ,adjective,pink.
rosál,NN,noun,gardenia.
rósas,NN,noun,rose flower.
rúmpag,VB,verb,"to destroy, to ruin, to take apart."
rúsdak,VB,verb,"to collapse, to fall over."
rwéda,NN,noun,wheel.
sa,RB,adverb,"by, on, at, in, relational particle."
sá’ad,NN,noun,"promise, vow."
sá’ad,VB,verb,"to vow, to promise."
sába’,VB,verb,"to beat double time, to beat violently."
sábak,NN,noun,lap.
sábak,VB,verb,to sit on the lap.
sábad,JJ,adjective,"noisy, troublesome."
sabadó,NN,noun,saturday.
sabát,NN,noun,"response, answer."
sabát,VB,verb,"to respond, to answer."
sabáw,NN,noun,"broth, soup."
sáb’it,VB,verb,"to hang to accidentally, to put on."
sáblag,VB,verb,"to compromise, to meet half way."
sáblay,VB,verb,to hang clothes or cloth.
sáblig,VB,verb,"to douse with water, to sprinkle water."
sábnit,VB,verb,"to snatch, to grab with force."
sabúd,VB,verb,"to scatter, to sow."
sáb’ug,VB,verb,"to scatter, to sow."
sábwag,VB,verb,"to scatter, to sow."
sábya,VB,verb,"to splash with water, to douse with liquid or powder, to throw at something."
sáka’,VB,verb,"to enter, to go up, to ascend, to climb."
sakáda,NN,noun,seasonal worker.
sakadéro,NN,noun,sugarcane field laborer.
sakáy,VB,verb,"to ride, to board."
sákdag,VB,verb,"to help, to sustain, to support, to aid."
sakít,NN,noun,"illness, pain, grief, sorrow."
sakít,VB,verb,"to be painful, to be hurt, to feel bad about."
sakít,JJ,adjective,"painful, sorrowful."
sáklaw,VB,verb,to feel slighted.
sáksak,VB,verb,"to chop, to stab repeatedly, to cut into pieces."
sáksi,NN,noun,witness.
sáksi,VB,verb,"to testify, to witness."
sáku,NN,noun,"burlap bag, sack."
sáku’,NN,noun,"busyness, hurry."
sáku’,JJ,adjective,"busy, hurried."
sáku’,VB,verb,"to hurry, to keep occupied, to be busy."
sákup,NN,noun,"subjects, members."
sákup,VB,verb,"to conquer, to be a member of, to enlist."
sákut,VB,verb,"to mix, to blend, to put together."
sádtu,DT,deictic,those (far from both the speaker and the listener).
sádtu,RB,adverb,"before, in the past."
sádya,NN,noun,"happiness, joy, cheer."
sádya,JJ,adjective,"happy, cheerful, joyful."
ság’a,VB,verb,"to throw out water, to drain."
sagáhay,VB,verb,"to overflow, to pour out abundantly."
sagáng,VB,verb,"to prevent, to protect oneself, to defend."
ság’ang,NN,noun,chin.
sagawák,VB,verb,to burst out suddenly as water through a faucet.
ságbut,NN,noun,"rubbish, grass."
ságing,NN,noun,banana.
sagír’um,JJ,adjective,"dim, doleful."
ságnuy,VB,verb,"to drag in the water while cruising, to dunk in water."
ság’ub,VB,verb,"to draw water from a well, to fetch water."
sagúd,VB,verb,"to take care of animals, to raise animals."
sag’úli’,NN,noun,"loose coins, change in coins."
sag’úli’,VB,verb,"to be reconciled, to give loose change."
sagúp,VB,verb,"to save, to rescue."
ságyud,VB,verb,"to trail behind as a train, to be too long so as to touch the floor or ground."
sáha’,NN,noun,"bulb, seedling, young plant grown from the root of the mother plant."
sahí’,JJ,adjective,"special, distinct, distinguished."
sahú’,VB,verb,"to be accustomed to, to get along well."
sahúg,VB,verb,"to disturb, to interrupt."
sála,NN,noun,"livingroom, hall, lounge area."
sála’,NN,noun,strainer.
sála’,VB,verb,"to strain, to sift."
salá’,NN,noun,"mistake, crime, sin, error."
salá’,VB,verb,"to make a mistake, to commit an error."
salákay,VB,verb,"to overthrow, to attack."
salamángka,NN,noun,magic;  magician.
salamíng,NN,noun,mirror.
salampáti,NN,noun,dove.
salapí’,NN,noun,fifty centavo piece.
salápid,NN,noun,braid.
salápid,VB,verb,"to plait, to braid, to twist."
sálap,NN,noun,fish net.
salápu’,VB,verb,"to detect, to catch red-handed, to find."
salawáhan,JJ,adjective,"fickle, unfaithful."
saláwsaw,NN,noun,"examination, test."
salbáhe,JJ,adjective,"haughty, unfaithful, rogue."
saliká’,VB,verb,"to straddle, to sit astride."
salída,NN,noun,"show, movie show."
sálig,NN,noun,"trust, confidence."
sálig,VB,verb,"to trust, to confide in, to depend on."
salimpapáw,JJ,adjective,"superficial, hypocrite."
salimú’ang,JJ,adjective,delirious.
salimú’ang,VB,verb,"to be delirious, to rave."
salín,NN,noun,"remnant, left-over, scrap."
salín,VB,verb,"to leave something behind, to keep, to store for some other time."
salipádpad,VB,verb,"to fling, to throw away."
sálmon,NN,noun,"sardines, salmon."
sálmon,JJ,adjective,orange.
sálsal,VB,verb,"to forge, to hammer."
salsálun,NN,noun,"iron, metal."
salú,VB,verb,to catch.
sálu,VB,verb,"to eat together, to partake of a meal together."
salúk,VB,verb,to dip or scoop out with the hand or a dipper or ladle.
sálud,VB,verb,to catch drops of water so as to gather in a container.
salúdu,NN,noun,"salute, bow."
salúdu,VB,verb,"to salute, to bow, to show respect."
salúg,NN,noun,floor.
sálug,VB,verb,"to mix, to mingle."
sálum,VB,verb,"to dive for, to sink in."
sálup,VB,verb,"to go down, to disappear, to penetrate."
salusálu,VB,verb,"to have a feast, to hold a banquet."
sál’ut,VB,verb,"to insert, to get between."
samád,NN,noun,"wound, injured part."
samád,VB,verb,"to wound, to injure, to destroy."
sámay,JJ,adjective,"striped, lined."
sámay,VB,verb,to line with stripes.
sámbag,NN,noun,tamarind.
sámbil,VB,verb,to quirk.
sámbit,VB,verb,"to refer to, to mention."
sámbud,VB,verb,"to wind, to bind, to roll, to twist, to get entangled."
samí’,RB,adverb,"always, regularly."
sampaguíta,NN,noun,native jasmin.
sampátun,NN,noun,"expert, sage."
sámpuk,VB,verb,"to fight head to head, to fight in man-to-man combat."
sámput,VB,verb,"to come to, to reach, to arrive at."
nagsámput,NN,noun formative,silá sa syudád.
sámtang,CC,conjunction,"meanwhile, while, meantime."
sámu’,VB,verb,"to dilute, to mix together."
sámuk,NN,noun,"noise, trouble, bother."
sámuk,VB,verb,"to bother, to cause trouble, to make noise."
sánag,JJ,adjective,"bright, shiny."
sánag,VB,verb,"to be clear, to shine."
sándad,VB,verb,"to knock over and fall, to stumble."
sánday,RP,particle,personal names nominal marker.
sandí’ay,VB,verb,to lean on.
sándig,VB,verb,to lean on for support.
sandíya,NN,noun,"watermelon, watermelon seeds."
sánduk,NN,noun,"ladle, big spoon."
sánduk,VB,verb,to dig or scoop out.
sánlag,VB,verb,"to fry, to cook in oil."
sánting,JJ,adjective,"of string or ropes, tight."
sántu,NN,noun,variant of sántus.
sántu’,VB,verb,"to harmonize, to agree, to be of the same opinion."
sántus,NN,noun,saint.
sántus,JJ,adjective,"saintly, holy."
sán’u,RB,adverb,when.
sáng,RP,particle,indefinite noun marker.
sangá,NN,noun,"branch, bough, twig."
sángkad,NN,noun,"width, breadth, broadness."
sángkap,JJ,adjective,"well-equipped, complete."
sángkap,NN,noun,"furniture, devices, things, equipment."
sángkap,VB,verb,"to furnish, to provide with, to equip."
sanggá,NN,noun,"branch, twig, bough."
sánghid,VB,verb,"to touch lightly, to sidesweep."
sánglit,CC,conjunction,"even if, meanwhile."
sapá’,NN,noun,"creek, brook, lake."
sapák,VB,verb,"to pay attention to, to mind."
sapá’sápa’,NN,noun,"lagoon, man-made brook or creek."
sápat,NN,noun,insect.
sapatéro,NN,noun,shoemaker.
sapátus,NN,noun,shoe.
sápsap,VB,verb,"to chop so as to make even, to smoothen."
sapú,VB,verb,"to discover, to find out."
sápul,VB,verb,"to confer, to talk things over."
sapúpu,VB,verb,to take care of.
sapút,VB,verb,"to arrive, to reach."
saráng,VB,verb,"to be able, to be possible, to be capable of, to be able to afford."
sarí,NN,noun,"class, kind."
sárisári,JJ,adjective,"different, of mixed kinds, combined."
sársa,NN,noun,"sauce, gravy."
sarsyádo,NN,noun,"meat dish of chicken, pork or meat with a little gravy."
sarút,NN,noun,"pest, plague, epidemic."
sástre,NN,noun,tailor.
sát’um,VB,verb,"to know, to recognize."
sa’úlu,VB,verb,"to memorize, to remember."
sa’úlug,VB,verb,to celebrate.
sá’ut,NN,noun,dance.
sá’ut,VB,verb,to dance.
sáw’a,JJ,adjective,"immoral, indecent."
sawáy,NN,noun,"brass metal, criticism."
sawáy,VB,verb,"to criticize, to correct, to mention so as to correct."
sáwsaw,VB,verb,"to soak, to put into, to dip."
sáya,NN,noun,long skirt of old women.
sayásat,VB,verb,"to investigate, to check, to diagnose."
sáylu,VB,verb,"to transfer, to move over."
sáysay,VB,verb,"to relate, to explain, to describe."
sáysay,NN,noun,"history, story, explanation."
sáyud,VB,verb,"to know, to discover, to hear about."
sayúp,VB,verb,"to commit an error, to be at fault."
sebuáno,NN,noun,"language spoken principally in agusan, bohol, bukidnon, cebu, davao, lanao del norte, the eastern half of leyte, misamis occidental, negros, oriental, surigao, zamboanga del norte, zamboanga del sur, and in some towns in cotabato."
sekretaŕya,NN,noun,secretary.
sekréto,NN,noun,secret.
séda,NN,noun,silk.
segúro,NN,noun,insurance.
sélyo,NN,noun,"stamp, postage."
semána,NN,noun,week.
seménto,NN,noun,"cement, concrete."
senádo,NN,noun,senate;  senator.
sentábos,NN,noun,"one centavo, one centavo coin."
sentimós,NN,noun,"centavo coin, one centavo, one cent."
séntro,NN,noun,"center, middle."
septyémbre,NN,noun,september.
serbésa,NN,noun,beer.
serbilyéta,NN,noun,table napkin.
seremónya,NN,noun,ceremony.
seréno,NN,noun,watchman.
seténta,CD,numeral,seventy.
séys,CD,numeral,six.
seysénta,CD,numeral,sixty.
si,RP,particle,personal name marker.
sibát,NN,noun,"spear, lance."
sibín,NN,noun,wash cloth.
sibín,VB,verb,to wipe with a towel or wash cloth.
sibít,NN,noun,straight pin.
sibít,VB,verb,"to use a pin, to tuck together with a pin, to prick with a pin."
síbu,NN,noun,grease.
síbu,VB,verb,"to fit, to be enough."
síbu’,NN,noun,"zero, nothing."
sibúyas,NN,noun,onion.
síkad,VB,verb,to kick with the foot.
sikréta,NN,noun,detective.
síku,NN,noun,elbow.
síku,VB,verb,"to elbow, to nudge."
sikúp,VB,verb,"to catch with the hands, as of fish."
síkway,VB,verb,"to reject, to abandon, to jilt, to leave behind, to cast out."
síd’ing,VB,verb,"to peep, to look in for a little while."
sidlángan,NN,noun,east.
síga,NN,noun,"glow, shine."
síga,VB,verb,"to shine, to give a glow."
sigahúm,VB,verb,"to desire, to hanker after."
sigarílyo,NN,noun,cigarette.
sígi,RB,adverb,"okay, alright, go ahead."
sígi,VB,verb,"to go ahead, to go on, to continue."
sígput,VB,verb,"to take up small particles, to collect the leavings."
sígu,VB,verb,"to fit, to join perfectly."
sigúro,RB,adverb,"maybe, perhaps."
sigúro,JJ,adjective,"certain, for sure."
siháy,VB,verb,"to be different, to be in contrast, to separate from."
sihigún,NN,noun,rod.
silá,PRP,pronoun,they (third person plural nominal pronoun).
sílak,NN,noun,"rays of the sun, heat of the sun."
sílak,VB,verb,to shine brightly.
sílaw,JJ,adjective,"glaring, extremely shiny, blinding."
sílhig,NN,noun,broom.
sílhig,VB,verb,to sweep.
síli,NN,noun,eel.
síli’,JJ,adjective,"brilliant, smart."
silíng,NN,noun,"saying, talk, words."
silíng,VB,verb,"to talk about, to say, to mention."
sílu,JJ,adjective,square.
sílung,NN,noun,"basement, shelter."
sílung,VB,verb,to take shelter.
sílut,VB,verb,"to punish, to condemn."
símba,VB,verb,"to worship, to go to church, to pay homage to."
símba,NN,noun,church.
simbóryo,NN,noun,"dome, belfry."
símbug,VB,verb,"to mix, to dilute liquids."
símpli,JJ,adjective,"simple, ordinary."
símpun,VB,verb,"to join, to be together with."
sín,NN,noun,galvanized iron.
siná’,DT,deictic,"those, (far from the speaker)."
síndi,NN,noun,"flame, light."
síndi,VB,verb,"to light, to put a match to."
siní,DT,deictic,these.
síni,NN,noun,"movie theatre, movie film."
sínsil,NN,noun,chisel.
sinsílyo,NN,noun,"small change, coins."
síntas,NN,noun,"strip, ribbon of film."
sinú’,VB,verb,to shake so as to feel the sound.
sín’u,PRP,pronoun,who.
sínyal,NN,noun,"sign, symbol, gesture."
sínyal,VB,verb,"to make a sign, to gesticulate, to beacon."
sínyas,NN,noun,"hint, cue, gesture, sign."
sínyas,VB,verb,"to give the cue, to call, to give a hint."
síng,RP,particle,variant of sang.
singkamás,NN,noun,turnip.
síngki’,JJ,adjective,"corny, unaccustomed, unsophisticated."
síngko,CD,numeral,five.
síngko,NN,noun,five centavo piece.
singkwénta,CD,numeral,fifty.
sínggit,NN,noun,shout.
sínggit,VB,verb,"to shout, to howl."
sínghut,NN,noun,"sniff, smell."
sínghut,VB,verb,"to sniff, to smell closely."
singíl,NN,noun,"sprout, seedling."
singíl,VB,verb,"to sprout, to germinate."
singít,NN,noun,"pole, pole with a hook for gathering fruits."
síngsing,NN,noun,ring.
sípa’,NN,noun,"kick, filipino game of kick ball."
sípa’,VB,verb,to kick.
sipák,VB,verb,to separate from.
sipála,VB,verb,"to insult, to scorn."
sipí’,NN,noun,"one piece, one piece of an orange."
sipílyo,NN,noun,toothbrush.
sípit,VB,verb,to carry under the arm.
síplat,NN,noun,"glance, stolen glimpse."
síplat,VB,verb,to steal a look at.
síp’un,NN,noun,"cold, running nose."
sirá,NN,noun,"lock, bar."
sirá,JJ,adjective,"closed, locked."
sirá,VB,verb,"to close, to lock."
sirgwélas,NN,noun,tropical plum.
sirirítan,NN,noun,cricket.
sír’um,NN,noun,"dark, dusk."
sistéma,NN,noun,system.
sítsit,VB,verb,"to hiss at, to produce a long hissing sound so as to call attention."
sítyu,NN,noun,political and area division smaller than a barrio or village.
si’úd,NN,noun,"fish trap, loop."
si’úd,VB,verb,"to trap fish, to gather fish from a si’úd."
síwil,NN,noun,"twig, young sprout."
síya,NN,noun,"chair, saddle."
siyám,CD,numeral,nine.
sóbra,RB,adverb,"over, too much."
sóbra,NN,noun,"lift-over, balance."
sóbra,VB,verb,to be more than necessary.
sóbra,VB,verb,"to add together, to get the sum."
sóbre,NN,noun,envelope.
soldádo,NN,noun,soldier.
soltéro,NN,noun,single man of age fifteen and up.
sopá,NN,noun,"couch, sofa."
sorbéte,NN,noun,ice cream.
soríso,NN,noun,sausage.
sú’ay,VB,verb,"to debate, to dispute, to disobey."
sú’ay,JJ,adjective,"disobedient, hostile."
subá’,NN,noun,river.
subáng,NN,noun,oldest child.
subáy,NN,noun,"ant, red ant."
súbli’,VB,verb,"to inherit, to be heir to."
súbli’,NN,noun,"legacy, heritage; /mang-/ heir."
subú’,NN,noun,"sadness, sorrow, loneliness."
subú’,JJ,adjective,"sad, lonely, sorrowful."
subú’,VB,verb,"to become sad, to feel lonely."
súbul,VB,verb,"to cast out, to drive away, to renounce."
subúng,RB,adverb,"now, like, similarly."
súka,NN,noun,"spew, vomit."
súka,VB,verb,"to vomit, to throw up."
súka’,NN,noun,vinegar.
súkat,NN,noun,measurement.
súkat,VB,verb,to measure.
súk’ay,VB,verb,"to dig up earth, to turn up earth with a hand tool."
súki’,NN,noun,"favorite customer, favorite salesman."
súl’ub,VB,verb,"to dress, to put on a dress, to wear a garment."
súksuk,NN,noun,"apparel, dress, house lizard."
súksuk,VB,verb,"to wear a garment, to put on, to don."
sukúb,VB,verb,to measure the quantity of.
sukút,NN,noun,"payment, price, collection."
sukút,VB,verb,"to collect, to ask for payment."
súd’an,NN,noun,"main course of a meal, viand to go with rice during a meal."
sugá’,NN,noun,"light, electric bulb."
sugál,NN,noun,"gambling, risk."
sugál,VB,verb,"to gamble, to take the risk."
súgat,VB,verb,to fetch people.
sugatá’,VB,verb,"to encounter, to meet accidentally, to come from different directions."
súgba,VB,verb,"to roast, to broil, to broil directly on top of live coal."
súgbu,VB,verb,"to jump overboard, to dive into."
súghaw,VB,verb,"to glean, to pick after a reaper."
súgid,NN,noun,"disclosure, story."
súgid,VB,verb,"to tell, to disclose."
sugilánun,NN,noun,"story, conversation."
sugilánun,VB,verb,"to tell a story, to converse with."
súgpa’,VB,verb,to spit blood.
súgpu,NN,noun,lobster.
súgpun,NN,noun,"connection, adjoining part, continuation."
súgpun,VB,verb,"to adjoin, to connect, to continue."
súgu’,NN,noun,"command, request."
súgu’,VB,verb,"to request, to command, to decree."
súgud,NN,noun,"start, beginning."
súgud,VB,verb,"to start, to begin, to commence."
sugút,NN,noun,"agreement, contract."
sugút,VB,verb,"to consent, to agree, to allow, to permit."
súgyut,VB,verb,"to urge on, to induce, to provoke."
súhul,NN,noun,"salary, pay."
súhul,VB,verb,"to pay wages, to give salary to."
súhut,VB,verb,"to creep through, to go under, to crawl through a narrow passage."
súhut,NN,noun,bribe.
súlab,NN,noun,blade.
sulábi,VB,verb,"to pet, to discriminate, to prefer, to distinguish."
sulát,NN,noun,"handwriting, letter."
sulát,VB,verb,to write.
suláy,VB,verb,"to tempt, to induce, to do otherwise."
súlda,VB,verb,to weld together.
súlhay,JJ,adjective,"comfortable, at ease."
súlhay,NN,noun,"comfort, ease."
súlhay,VB,verb,"to become easy, to live in comfort."
sulí’,VB,verb,to turn upside down.
súlip,VB,verb,"to pass under the house, to dive."
súlit,VB,verb,"to test, to repeat, to do again."
súlu,RB,adverb,"alone, solely."
sulú’,NN,noun,torch.
súluk,NN,noun,corner.
sulúd,NN,noun,"inside, room."
sulúd,VB,verb,"to enter, to go inside, to put inside."
súlsul,VB,verb,"to press on, to insist."
súlung,VB,verb,"to inspect, to raid."
sulusakayán,NN,noun,"toy boat, paper boat."
súma,NN,noun,"sum, addition."
súma,VB,verb,to add up.
súman,NN,noun,sticky cooked rice wrapped in banana leaf.
súmbag,VB,verb,"to box, to hit with the fist."
súmbung,VB,verb,"to denounce, to accuse, to report."
súm’ud,VB,verb,"to loathe, to have more than enough so as to feel boredom, to cloy."
súmpa’,NN,noun,"oath, sworn statement, vow."
súmpa’,VB,verb,"to take an oath, to swear, to make a big promise."
súmpung,VB,verb,"to oppose, to resist, to fight, to have an argument with."
sundáyag,VB,verb,"to publish, to display, to explain."
súnlug,NN,noun,"teasing, joke."
súnlug,VB,verb,to tease.
súnsun,JJ,adjective,"frequent, often."
súntuk,VB,verb,"to pierce, to thrust, to go through."
sunú’,CC,conjunction,according to.
sunúd,RB,adverb,next.
sunúd,VB,verb,"to go after, to follow, to tag along."
sunúd,NN,noun,"rules, laws, guidelines; /-lu-…-un/ leader, example, model, rules."
sunúdsunúd,RB,adverb,one after another.
sunúdsunúd,VB,verb,"to tail, to tag along, to keep on following after."
súnug,NN,noun,"fire, dest ctive burning."
súnug,VB,verb,"to set fire to, to burn, to raze."
súngay,NN,noun,horn.
súngay,VB,verb,"to gore, to pierce with a horn."
súngka’,NN,noun,"filipino game of stones, appeal."
súngka’,VB,verb,to appeal a case in the upper court.
súnggu’,VB,verb,"to bump into, to crash against, to knock hard against something."
súnggud,VB,verb,"to sulk, to resent, to be disappointed so as to sulk."
súngsung,NN,noun,"stopper, cork."
súngsung,VB,verb,to close an opening with a stopper or a cork.
súngu,NN,noun,antennae of insects.
súpas,NN,noun,soup.
superbisór,NN,noun,supervisor.
supládu,JJ,adjective,"stubborn, over-bearing."
súpsup,VB,verb,"to sip in, to suck, to absorb."
supúk,VB,verb,"to contradict, to oppose, to fight someone smaller in size or younger in age."
supúg,JJ,adjective,"rabid, contagious, furious."
súput,NN,noun,paper sack or bag.
supút,VB,verb,"to gather or collect in small amounts, to be against someone smaller in size."
súrsi,NN,noun,"darning, patch."
súrsi,VB,verb,"to darn, to patch."
sús,UH,interjection,"oh, my goodness, wow."
súsi’,VB,verb,"to investigate, to look into, to try to discover, to research."
suspendér,VB,verb,"to suspend, to reprieve."
susténto,NN,noun,"sustenance, maintenance."
súsu,NN,noun,"mammary gland, breast."
súsu,VB,verb,to nurse from the breast or bottle.
sutíl,JJ,adjective,"naughty, mischievous."
sútsut,VB,verb,"to prod from below with a very little force, to make a hissing sound to call attention."
súyup,VB,verb,"to absorb, to suck in, to breathe in."
swélas,NN,noun,"of shoes, sole."
swéldo,NN,noun,"salary, pay, wage."
swéldo,VB,verb,"to pay wages, to receive a salary."
swérte,NN,noun,"luck, fate."
swérte,JJ,adjective,lucky.
syá,PRP,pronoun,"he, she, it (third person singular nominal pronoun)."
syápa,NN,noun,badge.
syén,CD,numeral,hundred.
syénsya,NN,noun,science.
syérto,RB,adverb,"certainly, surely."
syéte,CD,numeral,seven.
syudád,NN,noun,"city, metropolis."
ta,PRP,pronoun,short form of nátun.
tá’as,JJ,adjective,tall.
tá’as,VB,verb,"to grow tall, to raise, to increase."
tába’,VB,verb,to buy land or fields.
tabáku’,NN,noun,"tobacco, cigar."
tabáku’,VB,verb,"to smake a cigar, to chew tobacco."
tában,NN,noun,"to run away with, to take away, to elope."
tábang,NN,noun,"help, aid, succor."
tábang,VB,verb,"to assist, to help."
táb’ang,JJ,adjective,"tasteless, of liquid consistency, light, mild."
tábas,VB,verb,"to sew, to cut cloth."
tabíd,VB,verb,"to link together with a rope or string, to attach to."
tabínas,NN,noun,embarrassment.
tabís,NN,noun,"penalty, fine."
tablétas,NN,noun,"medicine tablet, pill."
tabú’,NN,noun,"dipper, can used to scoop out water;  case, event, happening."
tabú’,VB,verb,"to happen, to occur, to come to pass."
tábu’,VB,verb,"to come together, to meet purposely, to fetch from an airport or pier."
tabúk,VB,verb,"to go across, to cross over."
tábug,VB,verb,"to drive away, using arm gestures."
tabún,NN,noun,cover.
tabún,VB,verb,to cover with something.
tak’an,VB,verb,"to get disgusted with, to get bored, to become weary, to get tired of."
naták’an,NN,noun formative,akú magpamáti’ sa íya istórya.
tákam,VB,verb,to munch or chew noisily.
tákas,NN,noun,"land, dry land."
tákas,VB,verb,"to disembark, to go ashore, to go out of the water."
tákdung,VB,verb,to cover the head.
táklad,VB,verb,"to ascend, to climb over an obstacle."
táklap,VB,verb,"to cover, to put or lay upon."
táklas,VB,verb,"to climb up a steep or uncleared path, to climb over an obstacle."
táklung,NN,noun,snail.
táklus,VB,verb,to hang an object around the hip or waist with a belt.
tákna’,NN,noun,"hour, moment."
táktak,VB,verb,"of petals or leaves, to fall one by one."
takúd,VB,verb,"to put on, to connect, as of electric wire, to install."
takúp,NN,noun,"cover, stopper."
takúp,VB,verb,"to cover, to put a cover on."
takús,NN,noun,"fit, measure, dimension."
tádlung,JJ,adjective,straight.
tádlung,VB,verb,to straighten.
tádtad,VB,verb,"to chop, to mutilate."
tádyaw,NN,noun,native clay jar designed to hold water.
tag,NN,noun formative,noun formative affix designating type of work done by a person.
tag,RP,particle,adverbial formative affix designating quantity or value.
tagá,VB,verb,"to be from, to come from, to originate from."
tagálog,NN,noun,"language spoken principally in the greater manila area, and in bata’an, bulacan, occidental mindoro, oriental mindoro, quezon and rizal provinces."
tagám,VB,verb,"to beware, to be careful of, to take the risk."
tagám,NN,noun,"danger, risk."
tagasák,VB,verb,"to make a slapping sound, to resound, to make a dripping sound like the rain."
tágay,VB,verb,"to put out, to offer."
tagbaláy,NN,noun,"owner of the house, host, or hostess."
tágbang,VB,verb,to cast overboard.
tághul,NN,noun,"howl, dog bark."
tághul,VB,verb,"to howl, to bark like a dog."
tághuy,VB,verb,"to wail, to sigh."
tagíptip,NN,noun,mildew.
tag’íya,NN,noun,"owner, possessor."
tágna’,NN,noun,"guess, prediction, prophecy, forecast."
tágna’,VB,verb,"to foretell, to predict, to guess."
tagpilá,RB,adverb,how much.
tágring,NN,noun,"resonance, ringing sound as of a telephone."
tágring,VB,verb,"to ring, to resound."
tágsa,RB,adverb,"each, each one, per person."
tágsatágsa,NN,noun,"everyone, each one, one by one."
tágsing,JJ,adjective,"oxytone, sonorous."
tágtag,VB,verb,"to distribute, to apportion."
tágu’,VB,verb,"to hide, to store away, to conceal."
tagúb,NN,noun,"sheath, scabbard."
tagudíli’,VB,verb,"to condemn, to damn."
tagúm,JJ,adjective,blue.
tahál,VB,verb,to sharpen a pencil.
táhaw,VB,verb,"to become mild, to lose alcohol content, to be flat."
tahí’,NN,noun,"sewing, stitch."
tahí’,VB,verb,to sew.
táhud,NN,noun,"respect, honor, courtesy."
táhud,VB,verb,to show respect or courtesy.
tahúm,JJ,adjective,"beautiful, pretty."
tahúm,NN,noun,"beauty, effulgence."
talágsa,RB,adverb,"rarely, scarcely, seldom."
talá’id,RB,adverb,"evenly distributed, evenly done."
talámnan,NN,noun,"field, garden."
tálang,VB,verb,"to miss the way, to lose one’s way."
tál’as,VB,verb,to run away.
talástas,NN,noun,"edict, proclamation."
talástas,VB,verb,"to know, to understand, to proclaim."
tálaw,JJ,adjective,"chicken-hearted, coward."
talikúd,VB,verb,"to turn one’s back upon, to abandon, to desert."
talimbabága,NN,noun,centipede.
talíthi’,NN,noun,"drizzle, shower."
talíwan,VB,verb,"to bypass, to catch up and then leave behind, to overtake."
nag-talíwan,NN,noun formative,ang búlan sang febréro.
táltal,VB,verb,to loosen especially with a jackscrew or a hammer.
talúdtud,NN,noun,ridge.
talúm,JJ,adjective,sharp as of knives and blades.
talúm,NN,noun,sharpness.
talúng,NN,noun,eggplant.
tál’us,VB,verb,"to take another’s place, to substitute for someone."
talyér,NN,noun,repair shop for cars.
táma’,RB,adverb,"correct, well, extremely, excessively."
táma’,VB,verb,"to be correct, to fit into, to adjust well."
tamád,JJ,adjective,"idle, lazy, indolent."
tamáwu,NN,noun,"dwarf, elf."
tamáy,VB,verb,"to despise, to contempt."
támbal,NN,noun,"medicine, cure, remedy;  doctor, quack doctor."
támbal,VB,verb,"to cure, to remedy."
tambalihán,NN,noun,chameleon.
támbi,VB,verb,"of sewing, to sew a small piece to a bigger piece of cloth, to have enough material."
támbu’,NN,noun,bamboo shoot.
támbuk,NN,noun,"fatness, stoutness."
támbuk,JJ,adjective,"fat, stout, obese."
támbung,VB,verb,"to attend, to be present."
támbur,NN,noun,drum.
tamíng,NN,noun,"armor, shield."
tám’is,NN,noun,sweetness.
tám’is,JJ,adjective,sweet.
támpa’,NN,noun,slap on the face.
támpa’,VB,verb,to slap on the face.
támpad,JJ,adjective,"frank, candid."
támpad,VB,verb,"to confront, to be frank, to divulge."
tampálas,VB,verb,to insult.
tampálas,JJ,adjective,cruel.
támpi,VB,verb,"to put on an apron, to put something over the dress so as to cover it."
támpis,NN,noun,"apron, piece of cloth worn over the skirt for decoration."
támpuk,VB,verb,"to fill up a hole, to cover a hole."
tamúd,VB,verb,to look upon.
támwa,VB,verb,to peep out of.
támyaw,VB,verb,"to greet, to entertain."
tanán,PRP,pronoun,"all, everybody, everything."
tanáng,JJ,adjective,ripe.
tán’aw,VB,verb,"to see, to watch, to look at."
tánda’,NN,noun,"mark, line, indication."
tándug,VB,verb,"to touch, to move around."
tándus,JJ,adjective,excellent.
táni’,RB,adverb,"if possible, perhaps, possibly."
tánsya,NN,noun,"estimate, prediction."
tánsya,VB,verb,"to estimate, to predict the quantity."
tanúm,NN,noun,plant.
tanúm,VB,verb,"to plant, to allow to grow."
tányag,NN,noun,offer.
tányag,VB,verb,"to offer as a bonus, to offer."
tangá,NN,noun,cockroach.
tangá’,VB,verb,"to look up, to look stupid, to have a blank stare."
tángki,NN,noun,tank container.
tangkúgu’,NN,noun,nape of the neck.
tángis,NN,noun,"cry, lament."
tángis,VB,verb,"to cry, to lament."
tángla’,VB,verb,to look up.
tangú’,NN,noun,"nod, nodding movement of the head."
tangú’,VB,verb,to nod the head for assent.
tangú’tángu’,VB,verb,to nod the head repeatedly to show assent.
tápak,NN,noun,"foot mark, footfall."
tápak,VB,verb,"to tread barefooted, to step on."
tápán,JJ,adjective,"flat, plain, level."
tapás,VB,verb,"to cut down a big plant or tree, to chop down."
tapát,VB,verb,"to resolve, to tell the truth, to be frank."
tápi’,NN,noun,"wood, board, lumber."
tapík,VB,verb,"to transfer to, to stick to, to move over."
táplik,VB,verb,"to flick, to jerk, to flick on the sides."
tápna’,VB,verb,to stop.
tápnay,VB,verb,"to carry or hold in the arms, to cradle in the arms like a baby."
tápu’,NN,noun,"association, group, club."
tápu’,VB,verb,"to join together as a group, to associate, to group together."
tapúk,JJ,adjective,"brittle, delicate, non-durable."
tápuk,VB,verb,"to throw away, to cast away to a far off place, to deport."
tapús,JJ,adjective,"finished, completed."
tapús,VB,verb,"to finish, to complete."
tapútapú,NN,noun,dust.
tarhéta,NN,noun,"card, identification."
társo,NN,noun,"clown, joker."
tárung,NN,noun,"reason, excuse."
tárung,VB,verb,"to behave well, to straighten up."
tása,NN,noun,drinking cup.
tásak,VB,verb,"to put on one’s foot, to step into."
táslaw,JJ,adjective,coward.
tástas,VB,verb,"to separate, to take off stitching after sewing, to remove stitching by a blade or any sharp instrument."
tátap,VB,verb,"to look after, to take care of, to attend to."
tatay,NN,noun,"father, respect form for older male relatives."
tátlu,CD,numeral,three;  third; /ka-…-an/ thirty; /napulug-/ thirteen.
tá’ub,NN,noun,"tide, high tide."
tawág,NN,noun,"call, telephone call, beacon."
tawág,VB,verb,"to call, to beacon."
táwgi,NN,noun,mongo bean sprouts used as vegetable.
táwhay,JJ,adjective,"peaceful, with ease, slow."
táwtaw,VB,verb,"to drop and pull a fish hook into the water, to cast a hook in the water."
táwu,NN,noun,man.
táwu,VB,verb,to be born.
tay,NN,noun,variant of tátay.
tayá’,NN,noun,"stake, bet."
tayá’,VB,verb,"to bet, to put up as stake."
táytay,NN,noun,bridge.
tayúbung,NN,noun,starch.
táyug,JJ,adjective,high up in the air.
táy’ug,VB,verb,"to tremble, to shake."
tayún,VB,verb,"to funnel, to fill a bottle with liquid."
tayúyun,JJ,adjective,easy.
téla,NN,noun,cloth.
telebísyon,NN,noun,television.
telegráma,NN,noun,telegram.
telegráma,VB,verb,to send a telegram.
teleponó,NN,noun,telephone.
teleponó,VB,verb,to call on the telephone.
témpla,NN,noun,"flavor, mixture, consistency."
témpla,VB,verb,"to mix, to tamper for consistency."
tempráno,RB,adverb,early.
tenér,VB,verb,"to stay, to live in, to reside."
tenyénte,NN,noun,lieutenant.
térno,NN,noun,"matching coat and pants for men, matching shoes, handbag and dress for ladies, formal long native costume of filipinas with butterfly sleeves."
tesoréro,NN,noun,treasurer.
testígo,NN,noun,"witness, testimony."
testígo,VB,verb,"to witness, to testify."
tí’,RP,particle,"well…, so, now then, you see, i told you so."
ti’áw,VB,verb,"to tease, to make a joke of."
ti’áwtí’aw,NN,noun,"joke, teasing."
ti’áyun,VB,verb,"to live together as husband and wife, to get along together, to be compatible in personality."
tibákla,NN,noun,grasshopper.
tibáw’as,VB,verb,"to escape, to set free."
tibúnug,JJ,adjective,"healthy, robust."
tíb’ung,VB,verb,"to raise, to lift."
tíbsuk,VB,verb,to fall down head first.
tikáb,VB,verb,to open one’s mouth.
tíkal,VB,verb,"to talk too much, to prattle."
tikálun,JJ,adjective,"proud, vainglorious."
tikáng,NN,noun,"step, tread."
tikáng,VB,verb,"to step on, to walk, to tread."
tíkas,VB,verb,to steal.
tíklud,VB,verb,"to push away, to push behind."
tíklup,VB,verb,to fold over.
tíkma’,VB,verb,"to shock, to jolt."
tikú’,JJ,adjective,"crooked, bent, curved."
tikú’,VB,verb,"to become bent, to make crooked."
tig,RP,particle,variant of tag.
tig-…-la-,NN,noun formative,noun formative affix designating season of abundance or plurality.
tig…-li-,NN,noun formative,variant of .
tíg’a,JJ,adjective,"hard, solid."
tíg’a,VB,verb,"to become hard, to solidify."
tigána,NN,noun,left-overs.
tigána,VB,verb,"to leave for later, to store away, to stock for later use."
tíg’ang,VB,verb,"to set over the fire to cook, to cook steamed rice."
tigayún,VB,verb,"to become a reality, to make possible, to bring about."
tígbas,VB,verb,to cut off with considerable force so as to make only one stroke.
tígdas,JJ,adjective,"severe, rigid, strict."
tigíb,NN,noun,chisel.
tig’ik,NN,noun,"shriek, choking sound."
tig’ik,VB,verb,to shriek.
tiglawás,NN,noun,"representative, congressman, spokesman."
tigre,NN,noun,tiger.
tigúlang,JJ,adjective,"of people, old."
tigúlang,VB,verb,"to grow old, to age."
tihín,VB,verb,to walk on tiptoe.
tí’id,VB,verb,to tread carefully or stealthily.
ti’íl,NN,noun,"feet, foot, leg."
tiláw,VB,verb,"to taste, to try."
timá’an,NN,noun,"sign, signal, warning."
timáwa’,NN,noun,"mass of poor people, masses, citizenry."
tímba’,NN,noun,bucket used to fetch water from a well.
tímba’,VB,verb,to draw water from a well.
tímbang,NN,noun,"weight;  scale, balance."
tímbang,VB,verb,"to weigh, to balance."
tímbre,NN,noun,"seal, stamp."
tímbre,VB,verb,"to seal with a seal, to mark, to earmark."
timbú’uk,VB,verb,"to whirl upward with speed, to soar."
tín’ad,VB,verb,to become prosperous.
tinápay,NN,noun,"bread, cookie."
tín’aw,NN,noun,"of water, clearness."
tín’aw,JJ,adjective,"of water, clear."
tíndak,NN,noun,kick.
tíndak,VB,verb,to kick.
tínday,NN,noun,calf.
tindéro,NN,noun,"vendor, salesman."
tíndug,NN,noun,"poise, stature."
tíndug,VB,verb,"to stand, to arise."
tinedór,NN,noun,fork.
tiniklíng,NN,noun,filipino dance using bamboo poles.
tínlu’,NN,noun,"cleanness, purity, virginity."
tínlu’,JJ,adjective,"clean, pure."
tínta’,NN,noun,ink.
tíntin,VB,verb,"to canter, to walk carefully."
tinúla,NN,noun,vegetable soup.
ting-,NN,noun formative,noun formative affix designating season.
tingá’,VB,verb,to breathe one’s last.
tingádlaw,NN,noun,summer.
tíngal,VB,verb,to force another’s mouth to open.
tingála,NN,noun,"wonder, surprise, amazement."
tingála,VB,verb,"to wonder, to be astonished, to be surprised."
tingkáya’,VB,verb,"to fall flat on one’s back, to slide down and fall on one’s back."
tínggas,JJ,adjective,"fleshy, plump, full."
tingúb,VB,verb,"to come together, to combine, to put together."
tíngug,NN,noun,voice.
tíngug,VB,verb,"to make a sound, to speak after a stretch of silence."
tingúha’,NN,noun,"to attempt, trial."
tingúha’,VB,verb,"to try, to make great efforts to attain, to attempt."
típdas,NN,noun,measles.
típhag,NN,noun,landslide.
tipík,NN,noun,"bit, small piece, chip."
tipík,VB,verb,"to break in pieces, to chip off."
típig,VB,verb,"to fold away, to deposit."
típu,NN,noun,"poise, character type, personality."
típun,VB,verb,"to gather together, to assemble."
típus,NN,noun,typhoid fever.
tíra,VB,verb,"to fight, to box, to kick, to batter."
tiránte,NN,noun,pants suspenders.
tísa’,NN,noun,"chalk, brick."
tískug,JJ,adjective,stiff.
tísluk,VB,verb,to prick with a sharp or pointed end.
tisúk,VB,verb,to stick into.
tístis,VB,verb,"to spite another out of envy, to backbite."
títi’,NN,noun,"nipple, feeding bottle."
títi’,VB,verb,"to suck the breast, to feed from a bottle."
título,NN,noun,"legal title, contract, title of ownership."
ti’ún,NN,noun,"moment, a little while."
tíya,NN,noun,"aunt, respect term for older females."
tiyán,NN,noun,"stomach, abdomen."
tíyo,NN,noun,"uncle, respect form for older male persons."
tíyug,VB,verb,"to roam around, to turn around."
tiyúgtiyúg,NN,noun,"tramp, prostitute."
tódas,VB,verb,"to win all the tricks, to win the game."
tódo,JJ,adjective,"full speed, fast, full blast."
tómo,NN,noun,volume.
toneláda,NN,noun,ton.
tóre,NN,noun,"tower, steeple."
tóro,NN,noun,"ox, bull."
tórpe,JJ,adjective,"sheepish, dense, unthinking."
tórpe,UH,interjection,"brat, stupid, dumb."
totál,NN,noun,"total, sum."
totál,CC,conjunction,"anyhow, anyway."
tóto’,NN,noun,endearment term for the eldest or the youngest boy in the family.
trabáho,NN,noun,"work, job."
trabáho,VB,verb,"to work, to do something."
trák,NN,noun,truck.
trámbya,NN,noun,trolley.
trángka,NN,noun,"lock, bar."
trángka,VB,verb,"to lock, to fasten securely."
trangkáso,NN,noun,"flu, influenza."
trapál,NN,noun,"canvas, tent."
trápo,NN,noun,"rag, wiper."
trápo,VB,verb,to wipe with a rag.
trayángulo,NN,noun,triangle.
trén,NN,noun,train.
trés,CD,numeral,three.
trése,CD,numeral,thirteen;  thirteenth.
tréynta,CD,numeral,thirty;  thirtieth.
tróno,NN,noun,throne.
trumpéta,NN,noun,"bugle, trumpet."
trúmpo,NN,noun,"top, child’s toy."
trúsu,NN,noun,log.
tsá,NN,noun,tea.
tséke,NN,noun,check.
tsinélas,NN,noun,slipper.
tsokoláte,NN,noun,"chocolate, brown color."
tsupér,NN,noun,"chauffer, driver."
tú,DT,deictic,"that younder, from atú."
tú’ad,VB,verb,to accept one’s fault or error.
tu’álya,NN,noun,towel.
tú’aw,VB,verb,"to cry out, to exclaim."
tubá’,NN,noun,fermented coconut drink.
tubá’,VB,verb,"to cut down a banana plant, to gather mature fruits."
tubás,VB,verb,"to harvest, to gather mature produce."
túbi’,NN,noun,variant of túb ig.
túbig,NN,noun,"water, liquid."
túblag,VB,verb,to disturb.
túbtub,RB,adverb,until.
tubú,NN,noun,sugarcane.
túbu,NN,noun,"pipe, tube."
túbu’,NN,noun,growth.
túbu’,VB,verb,"to grow, to germinate, to sprout."
túb’uk,VB,verb,"to shoot up, to flare."
tubúd,NN,noun,"leak, drop, flow."
tubúd,VB,verb,"to leak, to flow in small drops."
tubúg,VB,verb,to wallow in a mud hole as a carabao.
tubús,VB,verb,"to save, to redeem, to redeem a pawned item."
túka,VB,verb,to turn.
tukád,VB,verb,"to ascend, to go up."
tukáp,VB,verb,to patch a hole.
tukár,NN,noun,sound of a musical instrument.
tukár,VB,verb,to play a musical instrument.
tukíb,VB,verb,to open a little in order to peep.
túksu’,VB,verb,to ask to recite in class.
túktuk,NN,noun,"beak, bill, rust."
túktuk,VB,verb,to get rusty.
tukúb,VB,verb,"of animals, to catch and eat, to take the bait."
tukúd,NN,noun,"cane, staff, support."
túkud,VB,verb,"to establish, to build, to put up."
tukún,NN,noun,pole used for support.
tukús,VB,verb,to bid.
túdlu’,NN,noun,finger;  teaching.
túdlu’,VB,verb,"to point out, to teach."
tugák,VB,verb,to loosen.
tugálbung,VB,verb,to trap.
túg’an,VB,verb,"to promise, to pledge."
túbbung,VB,verb,"to go down from a rural area to the town or city, to go to the seashore to buy fish."
túgda’,VB,verb,"to add to the length of the conversation, to enter into a conversation."
túgdang,VB,verb,"to dunk, to immerse, to dump."
túgmaw,VB,verb,"to immerse, to wet in the water."
túgnaw,NN,noun,"coldness, cold."
túgnaw,VB,verb,to feel cold.
túgpa’,VB,verb,"to land, to alight from the air."
túgun,VB,verb,"to request to get, to give a message, to ask."
túgut,VB,verb,"to permit, to allow, to agree."
túgyan,VB,verb,"to entrust, to bestow."
tuháw,VB,verb,"to emerge, to appear."
túhay,JJ,adjective,"different, distinct."
túhay,VB,verb,"to become different, to deviate."
túhil,VB,verb,to poke with a stick.
túhud,NN,noun,knee.
túhuy,VB,verb,to direct toward.
tú’ig,NN,noun,year.
tú’igtú’ig,RB,adverb,"annually, yearly."
túlad,RB,adverb,"same, alike."
túl’an,NN,noun,bone.
tuláy,NN,noun,bridge.
túlda,NN,noun,"tent, canvas cover or roofing."
túl’id,VB,verb,to survey.
túlin,VB,verb,"to order, to command."
túlis,VB,verb,"to hold up, to steal."
túltug,VB,verb,"to strike, to beat, to pound with considerable force so as to make into powder."
túltul,VB,verb,"to know one’s way, to find one’s way."
túlu’,NN,noun,"one drop, one drip."
túlu’,VB,verb,"to drip, to leak, to fall in drops."
túluk,NN,noun,"glance, look, glimpse."
túluk,VB,verb,"to gaze at, to glimpse."
tulúd,VB,verb,to push.
túlug,NN,noun,"sleep, slumber."
túlug,VB,verb,"to go to sleep, to fall asleep."
tulún,VB,verb,"to swallow, to gulp down."
tulún’an,NN,noun,book.
túman,VB,verb,"to obey, to accomplish as requested."
túmba,VB,verb,"to fall, to stumble."
túmbaktúmbak,NN,noun,dragonfly.
túmban,VB,verb,"to kick, to stamp on."
túmbas,JJ,adjective,"equal to, the same amount."
túmbas,VB,verb,"to pay off, to put up an amount equal to what is at stake."
tumbayá’,VB,verb,"to neglect, to shake off responsibility."
túmbu’,VB,verb,"to bound, to hop, to play with coins or bottle covers for head-or-tail game."
túmbuk,NN,noun,"dot, period."
túmbuk,VB,verb,to put a period or a dot.
túmpi’,VB,verb,"to stack, to pile."
túmpuk,NN,noun,"pile, group."
túmpuk,VB,verb,"to pile up, to group together, to put on one pile."
túm’uk,VB,verb,"to press down, to compress."
túmud,VB,verb,to point at.
túna,VB,verb,"to give rise to, to be the cause of, to be the origin of."
túnaw,VB,verb,"to melt, to digest, to dissolve."
túnay,JJ,adjective,"real, genuine, actual."
túnda’,VB,verb,"to announce, to make public."
túntu,JJ,adjective,"stupid, ignorant, unsophisticated."
túntu,UH,interjection,"you idiot, stupid."
túntun,VB,verb,"to lower down, to dangle."
túnu,NN,noun,musical tune.
tunúk,NN,noun,"thorn, splinter."
tunúk,VB,verb,to be pricked with a thorn or splinter.
túnud,VB,verb,"to disappear, to sink."
tunúg,NN,noun,"sound, tone."
tunúg,VB,verb,"to make a sound, to sound."
tún’ug,NN,noun,dew.
tungá’,NN,noun,"middle, center, half."
tungá’,RB,adverb,between.
tungá’,VB,verb,to divide in two.
tungá’túnga’,NN,noun,"bullseye, center, central figure."
túnghul,VB,verb,"to hand over, to deliver personally."
túngtung,VB,verb,"to put on top, to place upon."
tungúd,RB,adverb,"about, concerning, because."
tungúd,VB,verb,"to concern, to refer to."
tupá’,VB,verb,to fall down upon.
túpad,VB,verb,"to be at the side of, to sit beside someone."
túpung,RB,adverb,equal in length.
túpung,VB,verb,to make equal in length.
tusíno,NN,noun,"homemade bacon, salted pork."
túsluk,VB,verb,"to pierce, to prick with a pointed end, to inject."
túsngaw,VB,verb,"to blast, to burst."
tústa,NN,noun,"toast, toasted bread or food."
tústa,VB,verb,"to toast, to make brown."
túsu,JJ,adjective,"cunning, sly, shrewd."
tús’un,VB,verb,to carry on the head.
tutál,NN,noun,total.
tutál,RB,adverb,"anyhow, anyway."
tú’tu’,VB,verb,to reproach.
tútud,VB,verb,to set fire to.
tútum,VB,verb,to become reliable.
tutúnlan,NN,noun,throat.
tú’u,NN,noun,"belief, devotion."
tú’u,VB,verb,"to believe, to have the conviction."
tu’ú,NN,noun,right side.
tú’ud,JJ,adjective,"true, certain."
tu’ún,NN,noun,"studies, learning, school work."
tu’ún,VB,verb,"to study, to learn."
túwang,VB,verb,"to help each other, to carry the load by sharing it with some others."
túwang,NN,noun,"shareholder, partner."
tuwáy,NN,noun,clam.
túytuy,VB,verb,"to guide, to lead."
túyu’,NN,noun,soy sauce.
tuyu’,NN,noun,"intention, purpose, aim."
tuyu’,VB,verb,"to do intentionally, to plan for."
tuyú,VB,verb,"to feel sleepy, to be drowsy."
túyub,VB,verb,to whirl around.
tyábaw,NN,noun,"yell, scream, outburst."
tyábaw,VB,verb,"to shriek, to scream."
tyánggi,NN,noun,small corner store which carries a little bit of everything.
tyémpo,NN,noun,"weather, climate, time."
tyénda,NN,noun,"open market, supermarket which carries every possible item."
úba,VB,verb,"to take off, especially clothing, to denude."
úbas,NN,noun,grape.
ubáy,VB,verb,"to guide, to direct."
úbi,NN,noun,violet yam.
ubú,NN,noun,cough.
ubú,VB,verb,"to cough, to have a cough."
úbug,VB,verb,"to wade, to walk in water."
úbus,VB,verb,"to finish, to consume, to take the last bit."
ubús,RB,adverb,"below, under, beneath."
úkbung,NN,noun,"tip, extreme end."
úklab,VB,verb,"to separate from, to tear off from the surface, to detach."
ukún,CC,conjunction,or else.
údtu,NN,noun,noon.
ugá,JJ,adjective,dry.
ugá,VB,verb,"to dry, to get dry from heat."
ugáli’,NN,noun,"conduct, habit, behavior."
ugáling,CC,conjunction,"maybe, perhaps, but."
uganút,JJ,adjective,tough.
ugángan,NN,noun,father or mother-in-law.
ugát,NN,noun,vein.
ugayúng,NN,noun,"drawl, groan, moan."
úgbus,NN,noun,"of plants, bud."
ugís,JJ,adjective,"faded, worn out in appearance."
ugís,VB,verb,"to fade in color, to look over used."
úgtu,NN,noun,variant of údtu.
ugút,NN,noun,"irritation, chagrin, madness."
ugút,VB,verb,"to feel chagrined, to be irritated."
úguy’úguy,NN,noun,humming sound.
úhaw,NN,noun,thirst.
úhaw,VB,verb,to feel thirsty.
uhú,UH,interjection,"see, look."
úla’,VB,verb,"to spill out, to pour out."
uláklub,NN,noun,eyelid.
ulán,NN,noun,rain;  rainy season.
uláng,NN,noun,"lobster, fresh water shrimp."
úlay,JJ,adjective,"chaste, virgin, pure."
úlhut,VB,verb,to pop out suddenly without warning.
úli’,VB,verb,"to return, to give back."
úli’,NN,noun formative,"ang ímu líbro, ha."
ulí’,VB,verb,"to go home, to go back to the house."
nag’ulí’,NN,noun formative,silá.
ulihí,RB,adverb,late.
ulípun,NN,noun,"poor man, servant."
ulípun,JJ,adjective,poor.
úlu,NN,noun,head.
úlu,VB,verb,"to head, to be master of, to chairman."
ulú’úlu’,VB,verb,"to comfort, to win over, to talk kindly so as to win the favor of."
úlud,NN,noun,worm.
ulúnan,NN,noun,pillow.
ulús,NN,noun,"cloth, fabric."
-um-,VB,verbal affix,designating completed action.
umá,NN,noun,"farm, cultivated field."
umágad,NN,noun,"daughter-in-law, son-in-law."
umál,JJ,adjective,blunt.
umpisá,NN,noun,"beginning, start."
umpisá,VB,verb,"to commence, to start."
-un,VB,verbal affix,infinitive goal focus affix.
úna,CD,numeral,one;  first.
úna,VB,verb,"to go ahead, to overtake."
úna,NN,noun formative,kamí kay kadúgay sa íla.
únat,JJ,adjective,"ductile, stretchable."
únat,VB,verb,to stretch.
unáy,JJ,adjective,"constant, stationary, permanent."
unáy,VB,verb,to become permanent.
úndang,VB,verb,"to finish, to stop."
úntat,VB,verb,"to stop, to interrupt, to disrupt."
unúd,NN,noun,"flesh, meat, insides, contents."
únung,VB,verb,"to help out, to contribute towards the good end."
unús,NN,noun,storm.
ungál,NN,noun,"drawl, howl."
upá,NN,noun,"bran, chaff."
úpak,NN,noun,"peeling, skin of fruits."
úpak,VB,verb,"to take the skin off, to peel."
upúd,NN,noun,"companion, associate."
upúd,VB,verb,"to go along with, to tag along."
úrung,VB,verb,"to stop in surprise, or admiration."
úrung,NN,noun formative,’urungán si mário pagkakíta’ niya kay mára.
usá,NN,noun,deer.
úsang,VB,verb,"to snarl, to fight like dogs, to chew like a dog."
usár,VB,verb,to use.
úsbung,VB,verb,"to exhale, to give off steam or an odorous smell."
úsik,VB,verb,"to waste, to make something into a waste for trivial reasons."
usísa’,NN,noun,"inquiry, investigation."
usísa’,VB,verb,"to inquire, to investigate, to check."
-uso,JJ,adjective formative,"formative affix designating condition, quality or state of being."
ústya,NN,noun,communion host used in roman catholic masses.
úsu,NN,noun,"fashion, fad, vogue."
úswag,NN,noun,"prosperity, success, progress."
úswag,VB,verb,"to be successful, to progress, to develop."
útan,NN,noun,vegetable.
útang,NN,noun,"debt, credit."
útuk,NN,noun,brain.
útud,NN,noun,"sibling, brother, sister."
utúd,VB,verb,"to sever, to cut off, to break off."
uwák,NN,noun,"crow, raven."
úwang,VB,verb,"to howl loudly, to yelp like a helpless dog."
uwáy,NN,noun,rattan.
úy,UH,interjection,"hey, oh."
uyáng,NN,noun,food which fell off from the plate during meal time; wasted item.
uyáng,VB,verb,"to waste away, to be clumsy so as to drop food from a service plate."
uyapús,NN,noun,"boil, swollen area in the skin."
úyat,VB,verb,"to hold, to grasp."
uyayá’,JJ,adjective,"careless, neglectful of personal appearance."
úyug,VB,verb,to shake as of a tree.
úyun,VB,verb,"to take a liking to, to be pleased with."
úy’uy,VB,verb,"to collapse, to weaken and fall."
wágkus,NN,noun,"belt, sash, waist band."
wágwag,VB,verb,to scatter accidentally.
walá,NN,noun,left side.
walá’,RB,adverb,"none, no."
wáli,NN,noun,"sermon, preaching."
wáli,VB,verb,"to preach, to give a lecture or sermon."
walís,JJ,adjective,"ambidextrous, left-handed."
walú,CD,numeral,eight.
waráwag,NN,noun,"announcement, broadcast."
waráwag,VB,verb,"to announce over the radio, to publish, to broadcast."
wasák,JJ,adjective,"destroyed, demolished."
wasák,VB,verb,"to destroy, to demolish, to take apart."
wás’ag,VB,verb,"to scatter, to spread after being broken."
wásay,NN,noun,"ax, hatchet."
wásdak,VB,verb,"to crumble to pieces, to fall into pieces, to fall by accident."
wáslik,VB,verb,to shake off from the hand with considerable force.
wáswas,VB,verb,to shake out clothes.
wíli,VB,verb,"to be amused, to entertain."
wisík,VB,verb,"to sprinkle with the hand, to spray with the hand."
y,CC,conjunction,"and, for time."
yábi,NN,noun,key.
yáb’uk,NN,noun,"dust, dirt."
yádtu,DT,deictic,"objective demonstrative meaning there, far from both the speaker and the listener."
yágpis,JJ,adjective,"lanky, thin."
yahúng,NN,noun,"bowl, bowl container for food."
yámu’,VB,verb,to complain.
yaníb,VB,verb,to surrender.
yánu,JJ,adjective,"plain, simple, solid in color."
yángkutyángkut,NN,noun,miscellaneous.
yánghag,VB,verb,to stare at.
yára’,DT,deictic,"objective demonstrative meaning there, far from the speaker."
yárda,NN,noun,"yardstick, yard."
yári,DT,deictic,"objective demonstrative meaning here, near the speaker."
ya’úb,VB,verb,"to kneel down and bend one’s face until it touches the ground, to capitulate."
yáwa’,NN,noun,devil.
yáwyaw,VB,verb,"to scold, to quarrel on top of one’s voice."
yáyung,VB,verb,"to bear, to carry something between two people, to transport a heavy object by having two people carry it on each end."
yélo,NN,noun,ice.
yúbit,VB,verb,"to tease, to make fun of, to ridicule."
yukút,JJ,adjective,"crumpled, wrinkled."
yukút,VB,verb,"to crumple, to make wrinkles on."
yúdu,NN,noun,iodine.
yúdyud,VB,verb,"to pull, to drag on the ground."
yuhúm,NN,noun,"smile, grin."
yupúk,NN,noun,dimple.
yurópa,NN,noun,europe.
