Word	Part of speech	meaning	source
manol	adjective	ignorant	https://en.m.wiktionary.org/wiki/manol
manol	noun	ignoramus	https://en.m.wiktionary.org/wiki/manol
garuk	noun	filth	https://en.m.wiktionary.org/wiki/garuk
garuk	verb	corrupt	https://en.m.wiktionary.org/wiki/garuk
lanog	noun	weal ; bruise , black eye	https://en.m.wiktionary.org/wiki/lanog
lanog	adjective	bruised	https://en.m.wiktionary.org/wiki/lanog
bugalon	verb	to be or become proud	https://en.m.wiktionary.org/wiki/bugalon
hangga	noun	smallpox	https://en.m.wiktionary.org/wiki/hangga
damgohon	verb	to dream	https://en.m.wiktionary.org/wiki/damgohon
dugos	noun	honey	https://en.m.wiktionary.org/wiki/dugos
dulot	noun	dedication ; gift ; present	https://en.m.wiktionary.org/wiki/dulot
ilaga	noun	mouse Synonym: balabaw	https://en.m.wiktionary.org/wiki/ilaga
daug	verb	defeat , succeed , triumph , win	https://en.m.wiktionary.org/wiki/daug
mainit	adjective	hot Antonym: malamig	https://en.m.wiktionary.org/wiki/mainit
ahensya	noun	agency	https://en.m.wiktionary.org/wiki/ahensya
ahensya	noun	pawnshop	https://en.m.wiktionary.org/wiki/ahensya
pulut	adjective	( of rope ) firmly twisted	https://en.m.wiktionary.org/wiki/pulut
pulut	adjective	( of liquid ) thick	https://en.m.wiktionary.org/wiki/pulut
pulut	verb	to thicken	https://en.m.wiktionary.org/wiki/pulut
pulut	verb	to pick up from the floor or ground	https://en.m.wiktionary.org/wiki/pulut
paagaw	verb	causative of ágao	https://en.m.wiktionary.org/wiki/paagaw
baroto	noun	dugout ; canoe	https://en.m.wiktionary.org/wiki/baroto
gal-um	noun	raincloud	https://en.m.wiktionary.org/wiki/gal-um
gal-um	noun	mist or fog , haze	https://en.m.wiktionary.org/wiki/gal-um
pader	noun	stone or concrete wall or fence	https://en.m.wiktionary.org/wiki/pader
ayam-ayam	noun	ant	https://en.m.wiktionary.org/wiki/ayam-ayam
pelikula	noun	pellicle ; film	https://en.m.wiktionary.org/wiki/pelikula
pelikula	noun	film ; movie ; motion picture	https://en.m.wiktionary.org/wiki/pelikula
dagway nga makahuhuya	adjective	shabby	https://en.m.wiktionary.org/wiki/dagway%20nga%20makahuhuya
buho-buho	noun	diminutive of búhò : a small hole , perforation , or pore	https://en.m.wiktionary.org/wiki/buho-buho
utang	noun	debt	https://en.m.wiktionary.org/wiki/utang
utang	noun	credit	https://en.m.wiktionary.org/wiki/utang
utang	verb	to have a debt ; to owe	https://en.m.wiktionary.org/wiki/utang
utang	verb	to borrow in credit	https://en.m.wiktionary.org/wiki/utang
luy-a	noun	ginger ( Zingiber officinale )	https://en.m.wiktionary.org/wiki/luy-a
luy-a	noun	rhizome of this plant	https://en.m.wiktionary.org/wiki/luy-a
malipayon	adjective	happy	https://en.m.wiktionary.org/wiki/malipayon
marabo	adjective	tasty , savoury Antonym: maganás	https://en.m.wiktionary.org/wiki/marabo
abo-abohon	adjective	ashen , ash -colored, grey , pale	https://en.m.wiktionary.org/wiki/abo-abohon
lala-lala	verb	diminutive of lála	https://en.m.wiktionary.org/wiki/lala-lala
almon	noun	tree	https://en.m.wiktionary.org/wiki/almon
bangkay	noun	cadaver ; corpse Synonyms: lawas , patay	https://en.m.wiktionary.org/wiki/bangkay
sambag	noun	tamarind ( Tamarindus indica )	https://en.m.wiktionary.org/wiki/sambag
aritos	noun	earring	https://en.m.wiktionary.org/wiki/aritos
baw-as	adjective	( usually said of women ) barren , childless	https://en.m.wiktionary.org/wiki/baw-as
pililion	noun	nominee , one who is worthy or desirable to be chosen	https://en.m.wiktionary.org/wiki/pililion
sakayanon	noun	mariner , sailor , seaman	https://en.m.wiktionary.org/wiki/sakayanon
dal-ok	noun	blister , pustule	https://en.m.wiktionary.org/wiki/dal-ok
uyang	noun	grandmother	https://en.m.wiktionary.org/wiki/uyang
ebanhelyo	noun	archaic form of ebanghelyo	https://en.m.wiktionary.org/wiki/ebanhelyo
dalaw	noun	visit Synonym: duaw	https://en.m.wiktionary.org/wiki/dalaw
dalaw	verb	to visit	https://en.m.wiktionary.org/wiki/dalaw
sentimyento	noun	sentiment	https://en.m.wiktionary.org/wiki/sentimyento
buhis	noun	( historical ) a tribute	https://en.m.wiktionary.org/wiki/buhis
buhis	noun	duty , revenue , tax	https://en.m.wiktionary.org/wiki/buhis
buhis	noun	toll	https://en.m.wiktionary.org/wiki/buhis
buhis	noun	tribute	https://en.m.wiktionary.org/wiki/buhis
bioleta	noun	violet ( color )	https://en.m.wiktionary.org/wiki/bioleta
hinakay	noun	a charge , fare , or fee	https://en.m.wiktionary.org/wiki/hinakay
hinakay	noun	payment	https://en.m.wiktionary.org/wiki/hinakay
hinakay	noun	rent	https://en.m.wiktionary.org/wiki/hinakay
maayo	adjective	good	https://en.m.wiktionary.org/wiki/maayo
arisgado	adjective	avid , adventurous	https://en.m.wiktionary.org/wiki/arisgado
arisgado	adjective	daring , risky Synonym: makahas	https://en.m.wiktionary.org/wiki/arisgado
gamhon	noun	( botany ) weed	https://en.m.wiktionary.org/wiki/gamhon
busung	adjective	alternative spelling of busong ( “ pregnant ” )	https://en.m.wiktionary.org/wiki/busung
banka	noun	boat	https://en.m.wiktionary.org/wiki/banka
aligi	noun	crab fat	https://en.m.wiktionary.org/wiki/aligi
balasubas	adjective	( money ) broke , short of cash	https://en.m.wiktionary.org/wiki/balasubas
balasubas	adjective	( of manual work ) careless , botched	https://en.m.wiktionary.org/wiki/balasubas
tayuyon	adjective	alternative spelling of tayóyon	https://en.m.wiktionary.org/wiki/tayuyon
abo-abo	adjective	the color of ash , ashen	https://en.m.wiktionary.org/wiki/abo-abo
abo-abo	verb	diminutive of abó	https://en.m.wiktionary.org/wiki/abo-abo
matápan	noun	flat , level , plain	https://en.m.wiktionary.org/wiki/mat%C3%A1pan
bisan	conjunction	although ; even if Synonym: maskin	https://en.m.wiktionary.org/wiki/bisan
bisan	adverb	in spite of Synonym: agad	https://en.m.wiktionary.org/wiki/bisan
ginutlan	noun	interlude , interval	https://en.m.wiktionary.org/wiki/ginutlan
ami	noun	second harvest	https://en.m.wiktionary.org/wiki/ami
ehersisyo	noun	exercise	https://en.m.wiktionary.org/wiki/ehersisyo
halimbawa	noun	example	https://en.m.wiktionary.org/wiki/halimbawa
halimbawa	noun	illustration	https://en.m.wiktionary.org/wiki/halimbawa
halimbawa	noun	instance	https://en.m.wiktionary.org/wiki/halimbawa
malolot	adjective	affectionate , tender	https://en.m.wiktionary.org/wiki/malolot
lamok	noun	mosquito	https://en.m.wiktionary.org/wiki/lamok
bulto	noun	luggage , trunk or box	https://en.m.wiktionary.org/wiki/bulto
bulto	noun	a carved statue	https://en.m.wiktionary.org/wiki/bulto
bibingka	noun	cake (a baked, small rice cake)	https://en.m.wiktionary.org/wiki/bibingka
sungay	noun	horn	https://en.m.wiktionary.org/wiki/sungay
daguob	noun	thunder	https://en.m.wiktionary.org/wiki/daguob
balaba	noun	rattan	https://en.m.wiktionary.org/wiki/balaba
aslang	noun	chin	https://en.m.wiktionary.org/wiki/aslang
batasan	noun	behaviour , character , culture , custom , manners	https://en.m.wiktionary.org/wiki/batasan
amo	noun	monkey	https://en.m.wiktionary.org/wiki/amo
kinaw	verb	glisten , shine , sparkle	https://en.m.wiktionary.org/wiki/kinaw
bitoon	noun	( astronomy ) star	https://en.m.wiktionary.org/wiki/bitoon
probinsya	noun	province	https://en.m.wiktionary.org/wiki/probinsya
dala	verb	to bring , carry	https://en.m.wiktionary.org/wiki/dala
banig	noun	carpet , mat , mattress	https://en.m.wiktionary.org/wiki/banig
bag-ohan	noun	beginner	https://en.m.wiktionary.org/wiki/bag-ohan
lawa	noun	spiderweb	https://en.m.wiktionary.org/wiki/lawa
agdayan	adjective	lazy	https://en.m.wiktionary.org/wiki/agdayan
agdayan	adjective	dull , slow , stupid	https://en.m.wiktionary.org/wiki/agdayan
gata	noun	coconut milk	https://en.m.wiktionary.org/wiki/gata
kasulya	noun	( Christianity ) chasuble	https://en.m.wiktionary.org/wiki/kasulya
abri	verb	to open (as a window), unlock (as a gate), or turn on (as a stove)	https://en.m.wiktionary.org/wiki/abri
abri	verb	to begin , commence Synonyms: sugod , umpisa	https://en.m.wiktionary.org/wiki/abri
dagta	noun	sap	https://en.m.wiktionary.org/wiki/dagta
husay	noun	comb	https://en.m.wiktionary.org/wiki/husay
kasla	verb	imperative passive of kasál	https://en.m.wiktionary.org/wiki/kasla
yawa	noun	devil ; evil spirit ; demon	https://en.m.wiktionary.org/wiki/yawa
yawa	interjection	( vulgar ) term of abuse	https://en.m.wiktionary.org/wiki/yawa
galingan	noun	grinder	https://en.m.wiktionary.org/wiki/galingan
kapatid	noun	sibling	https://en.m.wiktionary.org/wiki/kapatid
amog	adjective	oversensitive , sensitive , touchy Amog nga bata. A very touchy child.	https://en.m.wiktionary.org/wiki/amog
dimatarung	adjective	dishonest	https://en.m.wiktionary.org/wiki/dimatarung
dimatarung	adjective	unfair , unjust , wicked , wrong	https://en.m.wiktionary.org/wiki/dimatarung
dimatarung	adjective	injurious	https://en.m.wiktionary.org/wiki/dimatarung
banwa	noun	town ; city ; municipality ; state ; commonwealth	https://en.m.wiktionary.org/wiki/banwa
banwa	noun	citizenry ; inhabitant	https://en.m.wiktionary.org/wiki/banwa
hubog	adjective	drunk ; intoxicated Synonym: balong	https://en.m.wiktionary.org/wiki/hubog
abong	adjective	windward	https://en.m.wiktionary.org/wiki/abong
hugut	adjective	tight	https://en.m.wiktionary.org/wiki/hugut
kaladlawan	noun	comic	https://en.m.wiktionary.org/wiki/kaladlawan
bugto	verb	break , disconnect	https://en.m.wiktionary.org/wiki/bugto
dioktok	noun	seashells	https://en.m.wiktionary.org/wiki/dioktok
bagnas	adjective	unripe	https://en.m.wiktionary.org/wiki/bagnas
bugas	noun	milled rice , white rice	https://en.m.wiktionary.org/wiki/bugas
bugas	noun	pimple	https://en.m.wiktionary.org/wiki/bugas
bugas	verb	to hull rice	https://en.m.wiktionary.org/wiki/bugas
bati-bati	noun	diminutive of batî ; gossip , hearsay , rumor	https://en.m.wiktionary.org/wiki/bati-bati
hampang	noun	game	https://en.m.wiktionary.org/wiki/hampang
latayan	noun	a narrow bridge often with no handrail	https://en.m.wiktionary.org/wiki/latayan
latayan	noun	gangplank	https://en.m.wiktionary.org/wiki/latayan
kuning	noun	cat	https://en.m.wiktionary.org/wiki/kuning
mabulakon	adjective	flowery , to smell of flowers	https://en.m.wiktionary.org/wiki/mabulakon
mabulakon	adjective	full of flowers	https://en.m.wiktionary.org/wiki/mabulakon
bolkan	noun	volcano	https://en.m.wiktionary.org/wiki/bolkan
alhebra	noun	algebra	https://en.m.wiktionary.org/wiki/alhebra
dulumugan	verb	swarm	https://en.m.wiktionary.org/wiki/dulumugan
ayo	noun	a pet name	https://en.m.wiktionary.org/wiki/ayo
ayo	noun	bargain , discount	https://en.m.wiktionary.org/wiki/ayo
ayo	verb	to ask or request	https://en.m.wiktionary.org/wiki/ayo
tugot	verb	to allow	https://en.m.wiktionary.org/wiki/tugot
manong	noun	eldest brother	https://en.m.wiktionary.org/wiki/manong
manong	noun	term of address for the eldest brother : big bro	https://en.m.wiktionary.org/wiki/manong
uswag	verb	to step back ; to make room ; to give way	https://en.m.wiktionary.org/wiki/uswag
uswag	verb	to postpone	https://en.m.wiktionary.org/wiki/uswag
uswag	verb	to prosper ; to advance ; to progress	https://en.m.wiktionary.org/wiki/uswag
alabuton	adjective	cranky , eccentric	https://en.m.wiktionary.org/wiki/alabuton
bisyo	noun	bad , wicked , naughty , disobedient	https://en.m.wiktionary.org/wiki/bisyo
bisyo	verb	to refuse or be disobedient	https://en.m.wiktionary.org/wiki/bisyo
adtang	noun	the forehead	https://en.m.wiktionary.org/wiki/adtang
abay-abay	verb	diminutive of abáy	https://en.m.wiktionary.org/wiki/abay-abay
abay-abay	verb	frequentative of abáy	https://en.m.wiktionary.org/wiki/abay-abay
abay-abay	verb	to interfere or meddle	https://en.m.wiktionary.org/wiki/abay-abay
buyog	noun	bee ( insect )	https://en.m.wiktionary.org/wiki/buyog
giwaos	noun	alternative spelling of giwá-os	https://en.m.wiktionary.org/wiki/giwaos
dangat	verb	to acquire , gain	https://en.m.wiktionary.org/wiki/dangat
dangat	verb	to obtain , procure , secure	https://en.m.wiktionary.org/wiki/dangat
dangat	verb	to win	https://en.m.wiktionary.org/wiki/dangat
bitok	noun	pinworm	https://en.m.wiktionary.org/wiki/bitok
balaanon	adjective	( religion ) saintly , blessed , holy	https://en.m.wiktionary.org/wiki/balaanon
balaanon	adjective	happy , beatific	https://en.m.wiktionary.org/wiki/balaanon
bana	noun	husband	https://en.m.wiktionary.org/wiki/bana
bana	noun	opinion , guess , thought	https://en.m.wiktionary.org/wiki/bana
dalhon	verb	bring	https://en.m.wiktionary.org/wiki/dalhon
uyon	verb	to agree	https://en.m.wiktionary.org/wiki/uyon
alan	adjective	rancid	https://en.m.wiktionary.org/wiki/alan
birhin	adjective	virgin	https://en.m.wiktionary.org/wiki/birhin
balung	adjective	alternative spelling of balong ( “ drunk; intoxicated ” )	https://en.m.wiktionary.org/wiki/balung
bulung	noun	drug , medicine	https://en.m.wiktionary.org/wiki/bulung
bulung	verb	spin , rotate	https://en.m.wiktionary.org/wiki/bulung
tuô	adjective	right ( as in a direction )	https://en.m.wiktionary.org/wiki/tu%C3%B4
baga	noun	charcoal , cinder , coal , light	https://en.m.wiktionary.org/wiki/baga
abung	verb	to intercept ; to stop ; to catch	https://en.m.wiktionary.org/wiki/abung
busug	adjective	satiated , satisfied	https://en.m.wiktionary.org/wiki/busug
busug	adjective	excruciating or painful	https://en.m.wiktionary.org/wiki/busug
kutud	noun	boundary , line	https://en.m.wiktionary.org/wiki/kutud
kutud	noun	ruler	https://en.m.wiktionary.org/wiki/kutud
galing	verb	grind , mill	https://en.m.wiktionary.org/wiki/galing
aro	noun	leprosy	https://en.m.wiktionary.org/wiki/aro
dabudabu	noun	shower	https://en.m.wiktionary.org/wiki/dabudabu
angso	noun	smell of urine Synonym: pangsot	https://en.m.wiktionary.org/wiki/angso
empeine	noun	herpes	https://en.m.wiktionary.org/wiki/empeine
banag-banag	noun	dawn , daybreak	https://en.m.wiktionary.org/wiki/banag-banag
banag-banag	noun	morning (obsolete)	https://en.m.wiktionary.org/wiki/banag-banag
dughan	noun	( anatomy ) chest ; bosom ; breast ; thorax	https://en.m.wiktionary.org/wiki/dughan
duha	verb	to duplicate	https://en.m.wiktionary.org/wiki/duha
dangog	noun	scurf	https://en.m.wiktionary.org/wiki/dangog
eskoba	noun	brush	https://en.m.wiktionary.org/wiki/eskoba
binudngan	noun	a handspun cloth , fabric , or textile	https://en.m.wiktionary.org/wiki/binudngan
grasya	noun	grace Synonym: bugay Antonyms: desgrasya , huya	https://en.m.wiktionary.org/wiki/grasya
dulukdokan	noun	grinder	https://en.m.wiktionary.org/wiki/dulukdokan
kagab-i	noun	last night	https://en.m.wiktionary.org/wiki/kagab-i
binulan	adjective	every month , monthly	https://en.m.wiktionary.org/wiki/binulan
guyod	verb	to drag ; to haul ; to pull	https://en.m.wiktionary.org/wiki/guyod
kahas	noun	daringness	https://en.m.wiktionary.org/wiki/kahas
kahas	noun	violence Synonym: bangis	https://en.m.wiktionary.org/wiki/kahas
asupre	noun	sulphur	https://en.m.wiktionary.org/wiki/asupre
adudulay	noun	a large earthworm	https://en.m.wiktionary.org/wiki/adudulay
hawak	noun	( anatomy ) waist ( body part ) Synonyms: ubit , ulubitan	https://en.m.wiktionary.org/wiki/hawak
aninaw	verb	to imitate , to model Synonyms: ilog , ehemplo , huaran , espeho , gia , huluaran	https://en.m.wiktionary.org/wiki/aninaw
atubang	verb	to confront ; to face	https://en.m.wiktionary.org/wiki/atubang
arnibal	noun	syrup	https://en.m.wiktionary.org/wiki/arnibal
arnibal	noun	caramel , coconut caramel ( latík )	https://en.m.wiktionary.org/wiki/arnibal
arnibal	noun	molasses	https://en.m.wiktionary.org/wiki/arnibal
arnibal	noun	sweetener	https://en.m.wiktionary.org/wiki/arnibal
dagumak	verb	to wear out from frequent use	https://en.m.wiktionary.org/wiki/dagumak
abi	adverb	for instance	https://en.m.wiktionary.org/wiki/abi
abi	verb	imagine	https://en.m.wiktionary.org/wiki/abi
abi	verb	think	https://en.m.wiktionary.org/wiki/abi
abi	verb	say aloud	https://en.m.wiktionary.org/wiki/abi
delana	adjective	woolen	https://en.m.wiktionary.org/wiki/delana
alang-alang	adjective	immature , inappropriate , inconvenient , unsuitable	https://en.m.wiktionary.org/wiki/alang-alang
laum	verb	to hope	https://en.m.wiktionary.org/wiki/laum
aihado	noun	godson	https://en.m.wiktionary.org/wiki/aihado
paabay	verb	causative of abáy	https://en.m.wiktionary.org/wiki/paabay
kalabasa	noun	squash	https://en.m.wiktionary.org/wiki/kalabasa
budiong	noun	trumpet ; horn	https://en.m.wiktionary.org/wiki/budiong
aihada	noun	goddaughter	https://en.m.wiktionary.org/wiki/aihada
sumalayhaw	noun	cockerel ; young cock	https://en.m.wiktionary.org/wiki/sumalayhaw
halang	adjective	spicy , pungent , biting ( of taste ) Synonym: kahang	https://en.m.wiktionary.org/wiki/halang
abiso	noun	notice , information	https://en.m.wiktionary.org/wiki/abiso
abiso	verb	notify , inform	https://en.m.wiktionary.org/wiki/abiso
sapatos	noun	shoe	https://en.m.wiktionary.org/wiki/sapatos
bohawi	noun	cyclone , whirlwind	https://en.m.wiktionary.org/wiki/bohawi
bais	verb	sharpen	https://en.m.wiktionary.org/wiki/bais
sirip	noun	sheriff	https://en.m.wiktionary.org/wiki/sirip
premyo	noun	prize Synonym: padya	https://en.m.wiktionary.org/wiki/premyo
bukadkad	verb	to bloom , blossom , or flower	https://en.m.wiktionary.org/wiki/bukadkad
dutang panublion	noun	patrimony	https://en.m.wiktionary.org/wiki/dutang%20panublion
antiyado	adjective	buff ( color )	https://en.m.wiktionary.org/wiki/antiyado
bara	noun	crowbar	https://en.m.wiktionary.org/wiki/bara
bara	noun	yardstick	https://en.m.wiktionary.org/wiki/bara
alat	noun	basket	https://en.m.wiktionary.org/wiki/alat
kabayo	noun	horse	https://en.m.wiktionary.org/wiki/kabayo
dagum	noun	needle	https://en.m.wiktionary.org/wiki/dagum
alaypan	noun	asylum , nursery	https://en.m.wiktionary.org/wiki/alaypan
bitas	adjective	injured	https://en.m.wiktionary.org/wiki/bitas
bitas	noun	fissure , mutilation	https://en.m.wiktionary.org/wiki/bitas
bitas	verb	break , rend , sever , split , tear	https://en.m.wiktionary.org/wiki/bitas
bandeha	noun	platter , plate	https://en.m.wiktionary.org/wiki/bandeha
utud	noun	something cut off or broken off	https://en.m.wiktionary.org/wiki/utud
utud	noun	sibling	https://en.m.wiktionary.org/wiki/utud
utud	adjective	severed ; cut off Synonym: putol	https://en.m.wiktionary.org/wiki/utud
utud	verb	to cut off ; to sever	https://en.m.wiktionary.org/wiki/utud
utud	verb	to interrupt something ( such as a conversation )	https://en.m.wiktionary.org/wiki/utud
utud	verb	to make someone one's sibling	https://en.m.wiktionary.org/wiki/utud
habol	noun	blanket	https://en.m.wiktionary.org/wiki/habol
wasay	noun	axe	https://en.m.wiktionary.org/wiki/wasay
diruskas	noun	screw	https://en.m.wiktionary.org/wiki/diruskas
hambadan	verb	scorn	https://en.m.wiktionary.org/wiki/hambadan
hagup	verb	to be tame	https://en.m.wiktionary.org/wiki/hagup
dalimuos	noun	( of wind ) gust	https://en.m.wiktionary.org/wiki/dalimuos
dalimuos	noun	a fit of anger or passion	https://en.m.wiktionary.org/wiki/dalimuos
patani	noun	lima beans	https://en.m.wiktionary.org/wiki/patani
pildoras	noun	pill	https://en.m.wiktionary.org/wiki/pildoras
dampig	verb	aid , help , support	https://en.m.wiktionary.org/wiki/dampig
maambas	adjective	expensive or wasteful	https://en.m.wiktionary.org/wiki/maambas
eskuwela	noun	school Synonym: buluthoan	https://en.m.wiktionary.org/wiki/eskuwela
eskuwela	verb	to go to school ; to attend school	https://en.m.wiktionary.org/wiki/eskuwela
bahawbahaw	noun	ant	https://en.m.wiktionary.org/wiki/bahawbahaw
ginggon	noun	gingham	https://en.m.wiktionary.org/wiki/ginggon
doble	noun	double	https://en.m.wiktionary.org/wiki/doble
tawo	noun	a man ; a person ; a human	https://en.m.wiktionary.org/wiki/tawo
saramaylo	adjective	confused	https://en.m.wiktionary.org/wiki/saramaylo
saramaylo	adjective	awkward , clumsy , dull , stupid	https://en.m.wiktionary.org/wiki/saramaylo
guyum	noun	ant , ( various , species )	https://en.m.wiktionary.org/wiki/guyum
balanak	noun	( a kind of fish ) mullet	https://en.m.wiktionary.org/wiki/balanak
linog	noun	earthquake	https://en.m.wiktionary.org/wiki/linog
liog	noun	( anatomy ) neck	https://en.m.wiktionary.org/wiki/liog
duko	noun	respect	https://en.m.wiktionary.org/wiki/duko
duko	verb	bow	https://en.m.wiktionary.org/wiki/duko
apa	adjective	dumb , mute , tongue-tied	https://en.m.wiktionary.org/wiki/apa
sagad	noun	specialist	https://en.m.wiktionary.org/wiki/sagad
bayad	noun	charge ; payment ; fee ; toll	https://en.m.wiktionary.org/wiki/bayad
mahubog	verb	to get drunk ; to intoxicate Synonym: mabalong	https://en.m.wiktionary.org/wiki/mahubog
mapinatopatoon	adjective	creative , imaginative , inventive	https://en.m.wiktionary.org/wiki/mapinatopatoon
tililawan	noun	test , trial	https://en.m.wiktionary.org/wiki/tililawan
buksan	verb	open	https://en.m.wiktionary.org/wiki/buksan
balita	noun	information , news	https://en.m.wiktionary.org/wiki/balita
balita	verb	to inform , proclaim	https://en.m.wiktionary.org/wiki/balita
amat-amat	adverb	gradually , slowly	https://en.m.wiktionary.org/wiki/amat-amat
kawing	noun	copulation	https://en.m.wiktionary.org/wiki/kawing
kawing	verb	to copulate	https://en.m.wiktionary.org/wiki/kawing
bahaw	adjective	( of food ) cold	https://en.m.wiktionary.org/wiki/bahaw
bahaw	noun	cold rice	https://en.m.wiktionary.org/wiki/bahaw
buho	noun	crevice , hole , opening , perforation , pit , vent	https://en.m.wiktionary.org/wiki/buho
tuko	noun	gecko	https://en.m.wiktionary.org/wiki/tuko
dulang	noun	dig , excavate , mine	https://en.m.wiktionary.org/wiki/dulang
abogado	noun	lawyer	https://en.m.wiktionary.org/wiki/abogado
abuelo	noun	grandfather	https://en.m.wiktionary.org/wiki/abuelo
tipolon	adjective	round , spherical	https://en.m.wiktionary.org/wiki/tipolon
hingap-us	verb	to commit suicide by hanging	https://en.m.wiktionary.org/wiki/hingap-us
gawgaw	noun	starch	https://en.m.wiktionary.org/wiki/gawgaw
binuhatan	noun	work , deed	https://en.m.wiktionary.org/wiki/binuhatan
dagyang	verb	enjoy oneself , frolic	https://en.m.wiktionary.org/wiki/dagyang
asero	noun	steel	https://en.m.wiktionary.org/wiki/asero
kamatuoran	noun	truth ; veracity	https://en.m.wiktionary.org/wiki/kamatuoran
langgaw	noun	vinegar	https://en.m.wiktionary.org/wiki/langgaw
anhel	noun	archaic form of anghel	https://en.m.wiktionary.org/wiki/anhel
anggid-anggid	adjective	diminutive of anggid : nearly alike, similar	https://en.m.wiktionary.org/wiki/anggid-anggid
bigote	noun	moustache	https://en.m.wiktionary.org/wiki/bigote
kalikog	verb	to clean ; to probe	https://en.m.wiktionary.org/wiki/kalikog
kabulig	noun	assistant , helper	https://en.m.wiktionary.org/wiki/kabulig
lakum	verb	to deceive ; to cheat ; to swindle Synonym: lakon	https://en.m.wiktionary.org/wiki/lakum
hinali	adjective	sudden	https://en.m.wiktionary.org/wiki/hinali
dugus	adjective	the best part of a thing	https://en.m.wiktionary.org/wiki/dugus
dugus	noun	honey	https://en.m.wiktionary.org/wiki/dugus
dugus	verb	to gather fruit	https://en.m.wiktionary.org/wiki/dugus
hinganiban	noun	weapon Synonym: armas	https://en.m.wiktionary.org/wiki/hinganiban
dugwak	noun	crane , swan	https://en.m.wiktionary.org/wiki/dugwak
lumilaw	verb	doze	https://en.m.wiktionary.org/wiki/lumilaw
hilanat	noun	( pathology ) cold Synonym: sip-on	https://en.m.wiktionary.org/wiki/hilanat
hilanat	noun	fever Synonym: kalentura	https://en.m.wiktionary.org/wiki/hilanat
daan	adjective	old	https://en.m.wiktionary.org/wiki/daan
daan	adjective	used ; worn-out	https://en.m.wiktionary.org/wiki/daan
daan	adverb	beforehand	https://en.m.wiktionary.org/wiki/daan
daan	adverb	first of all	https://en.m.wiktionary.org/wiki/daan
daan	adverb	right away	https://en.m.wiktionary.org/wiki/daan
amba sang pispis	noun	warbler	https://en.m.wiktionary.org/wiki/amba%20sang%20pispis
buto	noun	( anatomy ) penis	https://en.m.wiktionary.org/wiki/buto
salbabida	noun	life preserver ; life jacket ; life buoy	https://en.m.wiktionary.org/wiki/salbabida
amihan	noun	north wind	https://en.m.wiktionary.org/wiki/amihan
hagumhum	verb	to hum or coo	https://en.m.wiktionary.org/wiki/hagumhum
hagumhum	verb	to rumble or boom	https://en.m.wiktionary.org/wiki/hagumhum
sun-adan	noun	fireplace	https://en.m.wiktionary.org/wiki/sun-adan
adorno	noun	adornment , decoration , embellishment , ornamentation	https://en.m.wiktionary.org/wiki/adorno
adorno	verb	to adorn , decorate , embellish , or ornament	https://en.m.wiktionary.org/wiki/adorno
tornilyo	noun	a screw , specifically propeller screw	https://en.m.wiktionary.org/wiki/tornilyo
gana	noun	appetite , desire	https://en.m.wiktionary.org/wiki/gana
datilis	noun	date palm	https://en.m.wiktionary.org/wiki/datilis
diin	adverb	where	https://en.m.wiktionary.org/wiki/diin
diin	adverb	there	https://en.m.wiktionary.org/wiki/diin
baas	verb	diminish , lessen	https://en.m.wiktionary.org/wiki/baas
awtopsiya	noun	autopsy	https://en.m.wiktionary.org/wiki/awtopsiya
halokhok	verb	grunt	https://en.m.wiktionary.org/wiki/halokhok
guya	noun	( anatomy ) face	https://en.m.wiktionary.org/wiki/guya
salaming	noun	mirror Synonym: espeho	https://en.m.wiktionary.org/wiki/salaming
agtang	noun	( anatomy ) forehead	https://en.m.wiktionary.org/wiki/agtang
agogoling	noun	bumblebee	https://en.m.wiktionary.org/wiki/agogoling
batongmaidlak	noun	diamond	https://en.m.wiktionary.org/wiki/batongmaidlak
baboy	noun	pig ( mammal of genus Sus ) ; swine	https://en.m.wiktionary.org/wiki/baboy
hinalabuab	noun	offspring	https://en.m.wiktionary.org/wiki/hinalabuab
dipaha	adjective	made of straw	https://en.m.wiktionary.org/wiki/dipaha
dipaha	noun	straw	https://en.m.wiktionary.org/wiki/dipaha
hiwit	noun	a bewitchment , charm , or spell	https://en.m.wiktionary.org/wiki/hiwit
tiki	noun	common house gecko	https://en.m.wiktionary.org/wiki/tiki
baskug	noun	loudness ( of noise ) Synonym: gansal	https://en.m.wiktionary.org/wiki/baskug
baskug	noun	strength Synonyms: bakud , kusug	https://en.m.wiktionary.org/wiki/baskug
maghatag sing kinahanglan	verb	supply	https://en.m.wiktionary.org/wiki/maghatag%20sing%20kinahanglan
dira	adverb	there , yonder	https://en.m.wiktionary.org/wiki/dira
paglaum	noun	hope	https://en.m.wiktionary.org/wiki/paglaum
bangko	noun	bench	https://en.m.wiktionary.org/wiki/bangko
bangko	noun	bank	https://en.m.wiktionary.org/wiki/bangko
gihapon	adverb	always , as , always , usually	https://en.m.wiktionary.org/wiki/gihapon
manok	noun	chicken	https://en.m.wiktionary.org/wiki/manok
matataas	adjective	high , exalted Synonym: matáas	https://en.m.wiktionary.org/wiki/matataas
sunlog	noun	tease	https://en.m.wiktionary.org/wiki/sunlog
bibig	noun	( anatomy ) lip	https://en.m.wiktionary.org/wiki/bibig
bibig	noun	edge , rim ( of a glass )	https://en.m.wiktionary.org/wiki/bibig
kahilwayan	noun	freedom ; liberty Synonym: kaluasan	https://en.m.wiktionary.org/wiki/kahilwayan
kahilwayan	noun	independence	https://en.m.wiktionary.org/wiki/kahilwayan
dulongan	noun	parking	https://en.m.wiktionary.org/wiki/dulongan
ganhaan	noun	door	https://en.m.wiktionary.org/wiki/ganhaan
bangud sa	adjective	concerning	https://en.m.wiktionary.org/wiki/bangud%20sa
laplap	verb	cut , slice	https://en.m.wiktionary.org/wiki/laplap
ayagan	noun	sieve	https://en.m.wiktionary.org/wiki/ayagan
balayan sang sinulatan ukon dinalan	noun	syntax	https://en.m.wiktionary.org/wiki/balayan%20sang%20sinulatan%20ukon%20dinalan
mango	noun	( derogatory ) idiot	https://en.m.wiktionary.org/wiki/mango
mango	adjective	stupid , foolish	https://en.m.wiktionary.org/wiki/mango
suyak	noun	thorn	https://en.m.wiktionary.org/wiki/suyak
dumalagan	noun	runaway	https://en.m.wiktionary.org/wiki/dumalagan
tampulanga	noun	( botany ) hibiscus	https://en.m.wiktionary.org/wiki/tampulanga
tudlo sang dalaga	noun	a type of banana	https://en.m.wiktionary.org/wiki/tudlo%20sang%20dalaga
halab	verb	graze	https://en.m.wiktionary.org/wiki/halab
bagsat	noun	bedbug	https://en.m.wiktionary.org/wiki/bagsat
libre	adjective	free ; without charge ; gratis	https://en.m.wiktionary.org/wiki/libre
labaha	noun	razor	https://en.m.wiktionary.org/wiki/labaha
bayhon	noun	form , figure , shape Synonym: porma	https://en.m.wiktionary.org/wiki/bayhon
hinlo	adjective	smooth , level	https://en.m.wiktionary.org/wiki/hinlo
hinlo	verb	polish , shine	https://en.m.wiktionary.org/wiki/hinlo
hulugpaan	noun	airport Hulugpaan sang Roxas Roxas Airport	https://en.m.wiktionary.org/wiki/hulugpaan
buntug	noun	stye	https://en.m.wiktionary.org/wiki/buntug
buntug	verb	to bite , strike ( of snakes )	https://en.m.wiktionary.org/wiki/buntug
maalwan	adjective	generous	https://en.m.wiktionary.org/wiki/maalwan
maalwan	adjective	graceful Synonyms: mahim-ong , mahinhin	https://en.m.wiktionary.org/wiki/maalwan
okra	noun	okra ( Abelmoschus esculentus )	https://en.m.wiktionary.org/wiki/okra
abayan	adjective	( superstition ) liable to fall under an evil spell or magic	https://en.m.wiktionary.org/wiki/abayan
akal-akal	verb	to bubble or seethe	https://en.m.wiktionary.org/wiki/akal-akal
kalibutan	noun	world	https://en.m.wiktionary.org/wiki/kalibutan
hanginan	adjective	well - ventilated	https://en.m.wiktionary.org/wiki/hanginan
hanginan	adjective	windy ; breezy Synonym: hanginon	https://en.m.wiktionary.org/wiki/hanginan
kinam	verb	taste	https://en.m.wiktionary.org/wiki/kinam
edukasyon	noun	education , upbringing	https://en.m.wiktionary.org/wiki/edukasyon
edukasyon	noun	instruction , training	https://en.m.wiktionary.org/wiki/edukasyon
teolohia	noun	theology	https://en.m.wiktionary.org/wiki/teolohia
apendisitis	noun	appendicitis	https://en.m.wiktionary.org/wiki/apendisitis
aga	noun	morning	https://en.m.wiktionary.org/wiki/aga
apitong	noun	tree	https://en.m.wiktionary.org/wiki/apitong
belada sa eskwelahan	noun	commencement	https://en.m.wiktionary.org/wiki/belada%20sa%20eskwelahan
abak	verb	to follow in quick succession	https://en.m.wiktionary.org/wiki/abak
dugo	noun	blood	https://en.m.wiktionary.org/wiki/dugo
bisan diin	noun	everywhere , somewhere , wherever	https://en.m.wiktionary.org/wiki/bisan%20diin
boko-boko	noun	ankle	https://en.m.wiktionary.org/wiki/boko-boko
bungalon	noun	( botany ) vetiver grass , zacate grass	https://en.m.wiktionary.org/wiki/bungalon
daplos	noun	slip , slipping Synonym: dapyos	https://en.m.wiktionary.org/wiki/daplos
haloan	noun	a mudfish	https://en.m.wiktionary.org/wiki/haloan
bitik	noun	flea	https://en.m.wiktionary.org/wiki/bitik
kamatayon	noun	death Antonym: kinabuhi	https://en.m.wiktionary.org/wiki/kamatayon
ayi	noun	spleen	https://en.m.wiktionary.org/wiki/ayi
buy-an	verb	escape , to let to get away	https://en.m.wiktionary.org/wiki/buy-an
hagunghung	noun	a rumbling sound	https://en.m.wiktionary.org/wiki/hagunghung
hagunghung	noun	a boom	https://en.m.wiktionary.org/wiki/hagunghung
hagunghung	verb	rumble	https://en.m.wiktionary.org/wiki/hagunghung
balsamo	noun	balm , balsam (clarification of this definition is needed)	https://en.m.wiktionary.org/wiki/balsamo
karnabal	noun	carnival	https://en.m.wiktionary.org/wiki/karnabal
batan-on	adjective	childish , childlike , juvenile Batan-on nga kalipay. Childlike pleasure.	https://en.m.wiktionary.org/wiki/batan-on
busay	noun	waterfall Synonym: talogan	https://en.m.wiktionary.org/wiki/busay
busay	noun	spring Synonym: bukal	https://en.m.wiktionary.org/wiki/busay
gibwangan	noun	the junction of two or more rivers	https://en.m.wiktionary.org/wiki/gibwangan
gibwangan	noun	mouth of a river	https://en.m.wiktionary.org/wiki/gibwangan
sabat	noun	answer ; reply	https://en.m.wiktionary.org/wiki/sabat
anak-anak	noun	adopted child , foster child	https://en.m.wiktionary.org/wiki/anak-anak
biskwit	noun	biscuit	https://en.m.wiktionary.org/wiki/biskwit
dabadaba	noun	kindling	https://en.m.wiktionary.org/wiki/dabadaba
yahong	noun	bowl	https://en.m.wiktionary.org/wiki/yahong
batakan	noun	crane , pulley	https://en.m.wiktionary.org/wiki/batakan
dumulog	verb	pause	https://en.m.wiktionary.org/wiki/dumulog
bagrong	noun	sound	https://en.m.wiktionary.org/wiki/bagrong
laham	verb	to touch , feel	https://en.m.wiktionary.org/wiki/laham
sulod	noun	alternative form of sulud	https://en.m.wiktionary.org/wiki/sulod
kudyapi	noun	a kudyapi	https://en.m.wiktionary.org/wiki/kudyapi
dapay	noun	hawk , bird of prey	https://en.m.wiktionary.org/wiki/dapay
dumuluaw	noun	guest , visitor	https://en.m.wiktionary.org/wiki/dumuluaw
bagyo	noun	tropical cyclone	https://en.m.wiktionary.org/wiki/bagyo
bagyo	noun	typhoon	https://en.m.wiktionary.org/wiki/bagyo
bagyo	noun	storm	https://en.m.wiktionary.org/wiki/bagyo
haway	adjective	exposed , visible	https://en.m.wiktionary.org/wiki/haway
baraha	noun	cards	https://en.m.wiktionary.org/wiki/baraha
balabag	noun	impediment	https://en.m.wiktionary.org/wiki/balabag
samong	noun	obstacle	https://en.m.wiktionary.org/wiki/samong
dapat	adjective	eligible	https://en.m.wiktionary.org/wiki/dapat
dapat	adjective	appropriate , fit , proper	https://en.m.wiktionary.org/wiki/dapat
mapait	adjective	bitter	https://en.m.wiktionary.org/wiki/mapait
ablaw	adjective	friendly , sociable	https://en.m.wiktionary.org/wiki/ablaw
ablaw	noun	friendliness	https://en.m.wiktionary.org/wiki/ablaw
balataan	noun	( anatomy ) uterus , womb	https://en.m.wiktionary.org/wiki/balataan
estudyante	noun	pupil , student	https://en.m.wiktionary.org/wiki/estudyante
bantay	noun	watchman , watcher	https://en.m.wiktionary.org/wiki/bantay
bantay	noun	observer	https://en.m.wiktionary.org/wiki/bantay
bantay	noun	guard Synonym: gwardya	https://en.m.wiktionary.org/wiki/bantay
bantay	verb	to watch ; to see over ; to supervise	https://en.m.wiktionary.org/wiki/bantay
baton	verb	accept , get , receive	https://en.m.wiktionary.org/wiki/baton
alaypan hayop	noun	zoo	https://en.m.wiktionary.org/wiki/alaypan%20hayop
dumugok	verb	attend	https://en.m.wiktionary.org/wiki/dumugok
dalin-as	verb	slip	https://en.m.wiktionary.org/wiki/dalin-as
anad	adjective	usual ; sophisticated ; used to	https://en.m.wiktionary.org/wiki/anad
anad	verb	practice , train	https://en.m.wiktionary.org/wiki/anad
buhi	adjective	alive Antonym: patay	https://en.m.wiktionary.org/wiki/buhi
abono	noun	dung , fertilizer , manure	https://en.m.wiktionary.org/wiki/abono
abono	noun	payment for another in advance	https://en.m.wiktionary.org/wiki/abono
haroan	noun	a mudfish	https://en.m.wiktionary.org/wiki/haroan
abisar	verb	to advise , inform , notify	https://en.m.wiktionary.org/wiki/abisar
abyogan	noun	swing ( hanging seat )	https://en.m.wiktionary.org/wiki/abyogan
dunkul	noun	firewood	https://en.m.wiktionary.org/wiki/dunkul
almohada	noun	cushion , pillow	https://en.m.wiktionary.org/wiki/almohada
tudlo	noun	( anatomy ) finger	https://en.m.wiktionary.org/wiki/tudlo
ginhawaan	noun	trachea , windpipe	https://en.m.wiktionary.org/wiki/ginhawaan
pahalin	verb	causative of hálin	https://en.m.wiktionary.org/wiki/pahalin
pahalin	verb	to depart or leave	https://en.m.wiktionary.org/wiki/pahalin
pahalin	verb	to fire or oust	https://en.m.wiktionary.org/wiki/pahalin
maaslum	adjective	sour	https://en.m.wiktionary.org/wiki/maaslum
bun-ag	noun	birth	https://en.m.wiktionary.org/wiki/bun-ag
bun-ag	noun	( medicine ) delivery	https://en.m.wiktionary.org/wiki/bun-ag
Negrense	noun	native or resident of Negros	https://en.m.wiktionary.org/wiki/Negrense
Negrense	adjective	pertaining to Negros	https://en.m.wiktionary.org/wiki/Negrense
godgod	verb	follow up , look for , search for	https://en.m.wiktionary.org/wiki/godgod
ginikanan	noun	parent	https://en.m.wiktionary.org/wiki/ginikanan
bayo-bayo	noun	pulse	https://en.m.wiktionary.org/wiki/bayo-bayo
sal-on	verb	catch	https://en.m.wiktionary.org/wiki/sal-on
kasal	verb	to marry	https://en.m.wiktionary.org/wiki/kasal
bulig	noun	aid , help Synonym: ayuda	https://en.m.wiktionary.org/wiki/bulig
duyan	noun	cradle	https://en.m.wiktionary.org/wiki/duyan
duyan	noun	hammock	https://en.m.wiktionary.org/wiki/duyan
duyan	noun	swing	https://en.m.wiktionary.org/wiki/duyan
agigising	noun	( anatomy ) temple	https://en.m.wiktionary.org/wiki/agigising
diyotay	adjective	small ; little Synonym: gamay Antonym: dako	https://en.m.wiktionary.org/wiki/diyotay
abir	noun	assets , property	https://en.m.wiktionary.org/wiki/abir
asugi	noun	mercury	https://en.m.wiktionary.org/wiki/asugi
hadlok	noun	afraid , awe , dread	https://en.m.wiktionary.org/wiki/hadlok
galyetas	noun	cracker , hardtack , biscuit	https://en.m.wiktionary.org/wiki/galyetas
galyetas	noun	a small ship	https://en.m.wiktionary.org/wiki/galyetas
bangka	noun	surfeit	https://en.m.wiktionary.org/wiki/bangka
bangka	noun	boat	https://en.m.wiktionary.org/wiki/bangka
daman	verb	sleeptalk	https://en.m.wiktionary.org/wiki/daman
badlu	noun	phlegm	https://en.m.wiktionary.org/wiki/badlu
ugangan	noun	parent-in-law	https://en.m.wiktionary.org/wiki/ugangan
almohadon	noun	a large cushion or pillow	https://en.m.wiktionary.org/wiki/almohadon
anay	noun	termite	https://en.m.wiktionary.org/wiki/anay
tuig-tuig	adjective	yearly , annual : happening once a year	https://en.m.wiktionary.org/wiki/tuig-tuig
gision	verb	crack , rip , tear	https://en.m.wiktionary.org/wiki/gision
bagoong	noun	shrimp paste	https://en.m.wiktionary.org/wiki/bagoong
abang	noun	avarice , greediness	https://en.m.wiktionary.org/wiki/abang
abang	verb	to be within range of a fire	https://en.m.wiktionary.org/wiki/abang
sinelas	noun	slipper ; flip-flop	https://en.m.wiktionary.org/wiki/sinelas
seremonya	noun	ceremony	https://en.m.wiktionary.org/wiki/seremonya
lag-it	noun	cheat , imposter , sneak , swindler , trickster	https://en.m.wiktionary.org/wiki/lag-it
lag-it	verb	to cheat , swindle	https://en.m.wiktionary.org/wiki/lag-it
halon	noun	shadow Synonym: landong	https://en.m.wiktionary.org/wiki/halon
ilig	verb	to flow , run , stream Ang túbig naga ílig . The water is flowing .	https://en.m.wiktionary.org/wiki/ilig
dumalagsa	noun	emigrant	https://en.m.wiktionary.org/wiki/dumalagsa
deskarga	verb	discharge or fire a weapon	https://en.m.wiktionary.org/wiki/deskarga
deskarga	verb	( sailing ) unload	https://en.m.wiktionary.org/wiki/deskarga
habal	adjective	inflamed	https://en.m.wiktionary.org/wiki/habal
duplikado	noun	duplicate	https://en.m.wiktionary.org/wiki/duplikado
pulu	noun	island ; isle ; islet Synonym: isla	https://en.m.wiktionary.org/wiki/pulu
aboy	adjective	bent ; curved ; warped	https://en.m.wiktionary.org/wiki/aboy
aboy	verb	to bend	https://en.m.wiktionary.org/wiki/aboy
asog	noun	( historical ) an effeminate man who functions as a babaylan	https://en.m.wiktionary.org/wiki/asog
asog	noun	a barren woman	https://en.m.wiktionary.org/wiki/asog
kalayo	noun	fire ; flame Synonyms: dabadaba , sunog	https://en.m.wiktionary.org/wiki/kalayo
bangis	noun	brutality , cruelty Synonym: pintas	https://en.m.wiktionary.org/wiki/bangis
bangis	noun	violence Synonym: kahas	https://en.m.wiktionary.org/wiki/bangis
bangis	verb	to be or become brutal , cruel , inhuman , or violent	https://en.m.wiktionary.org/wiki/bangis
dupoy	noun	breeze	https://en.m.wiktionary.org/wiki/dupoy
huyuhoy	noun	breeze Synonym: harupot	https://en.m.wiktionary.org/wiki/huyuhoy
Bacolodnon	noun	resident or inhabitant of Bacolod	https://en.m.wiktionary.org/wiki/Bacolodnon
Bacolodnon	adjective	of or pertaining to Bacolod	https://en.m.wiktionary.org/wiki/Bacolodnon
amorokpok	noun	meteorite , shooting star	https://en.m.wiktionary.org/wiki/amorokpok
amorokpok	noun	bird of prey	https://en.m.wiktionary.org/wiki/amorokpok
abi-abi	noun	greeting ; salutation	https://en.m.wiktionary.org/wiki/abi-abi
abi-abi	verb	to greet ; to salute	https://en.m.wiktionary.org/wiki/abi-abi
dinamita	noun	dynamite	https://en.m.wiktionary.org/wiki/dinamita
balani	noun	magnet , magnetism	https://en.m.wiktionary.org/wiki/balani
aduana	noun	customs ( office that taxes imported goods )	https://en.m.wiktionary.org/wiki/aduana
aduana	noun	tax , toll	https://en.m.wiktionary.org/wiki/aduana
bulang	noun	cockfight	https://en.m.wiktionary.org/wiki/bulang
bulang	verb	to cockfight	https://en.m.wiktionary.org/wiki/bulang
dibuho	noun	design , draft	https://en.m.wiktionary.org/wiki/dibuho
enpermera	noun	attendant	https://en.m.wiktionary.org/wiki/enpermera
asinan	noun	salt mine	https://en.m.wiktionary.org/wiki/asinan
abonar	verb	advance , loan	https://en.m.wiktionary.org/wiki/abonar
gab-i	noun	evening ; night Coordinate terms: aga , udto , hapon	https://en.m.wiktionary.org/wiki/gab-i
gab-i	noun	nighttime Synonym: adlaw	https://en.m.wiktionary.org/wiki/gab-i
kan-on	noun	cooked rice	https://en.m.wiktionary.org/wiki/kan-on
saging	noun	banana ; plantain	https://en.m.wiktionary.org/wiki/saging
urang	noun	shrimp ; prawn	https://en.m.wiktionary.org/wiki/urang
kabangis	adjective	fierceness , ferocity	https://en.m.wiktionary.org/wiki/kabangis
bulinga	noun	fish eggs , roe	https://en.m.wiktionary.org/wiki/bulinga
hima	noun	ice Synonym: yelo hima kag kalayo ice and fire	https://en.m.wiktionary.org/wiki/hima
balas	noun	sand	https://en.m.wiktionary.org/wiki/balas
dulis	noun	meteorite	https://en.m.wiktionary.org/wiki/dulis
bantog	adjective	eminent , famous , prominent	https://en.m.wiktionary.org/wiki/bantog
alabri	noun	a key , anything used for the purposes of opening something that is closed	https://en.m.wiktionary.org/wiki/alabri
gumulua	noun	cast	https://en.m.wiktionary.org/wiki/gumulua
gingikanan	noun	beginning , commencement , lineage , origin , root , source , start	https://en.m.wiktionary.org/wiki/gingikanan
maingol	adjective	rare , scarce	https://en.m.wiktionary.org/wiki/maingol
linaw	noun	lake ; pond Synonym: lim-aw	https://en.m.wiktionary.org/wiki/linaw
linaw	verb	to be calm ; to be peaceful	https://en.m.wiktionary.org/wiki/linaw
sokla	noun	silk	https://en.m.wiktionary.org/wiki/sokla
payong	noun	umbrella	https://en.m.wiktionary.org/wiki/payong
dunot	adjective	decayed , rotten , spoiled	https://en.m.wiktionary.org/wiki/dunot
mais	noun	maize ; corn	https://en.m.wiktionary.org/wiki/mais
kadak-an	noun	hall	https://en.m.wiktionary.org/wiki/kadak-an
aborido	adjective	disturbed , uneasy , upset , worried	https://en.m.wiktionary.org/wiki/aborido
usa	noun	deer	https://en.m.wiktionary.org/wiki/usa
tuig	noun	year	https://en.m.wiktionary.org/wiki/tuig
dagas	verb	to gather fruit	https://en.m.wiktionary.org/wiki/dagas
dagas	noun	windfall	https://en.m.wiktionary.org/wiki/dagas
bugnaw	adjective	chill , frigidity	https://en.m.wiktionary.org/wiki/bugnaw
abansada	adjective	exposed to the wind	https://en.m.wiktionary.org/wiki/abansada
dag-on	noun	season , year	https://en.m.wiktionary.org/wiki/dag-on
dag-on	verb	( passive voice ) overcome , conquer	https://en.m.wiktionary.org/wiki/dag-on
dalanawan	noun	swamp	https://en.m.wiktionary.org/wiki/dalanawan
bug-os	adjective	complete , whole	https://en.m.wiktionary.org/wiki/bug-os
bug-os	verb	do something completely	https://en.m.wiktionary.org/wiki/bug-os
kutsilyo	noun	knife Synonym: utak	https://en.m.wiktionary.org/wiki/kutsilyo
dalasaon	noun	assail , crash	https://en.m.wiktionary.org/wiki/dalasaon
tayoyon	adjective	continuous , steady , without pause	https://en.m.wiktionary.org/wiki/tayoyon
hoyohoy	noun	alternative spelling of huyuhoy	https://en.m.wiktionary.org/wiki/hoyohoy
dulud	noun	dribble , ooze	https://en.m.wiktionary.org/wiki/dulud
gilayon	adverb	immediately Synonym: dali	https://en.m.wiktionary.org/wiki/gilayon
gilayon	adverb	soon ; later Synonyms: karon , madason	https://en.m.wiktionary.org/wiki/gilayon
atis	noun	sugar apple ( Annona squamosa )	https://en.m.wiktionary.org/wiki/atis
bagat-bagat	noun	centipede	https://en.m.wiktionary.org/wiki/bagat-bagat
administrasyon	noun	administration , management	https://en.m.wiktionary.org/wiki/administrasyon
kuto	noun	louse ( insect )	https://en.m.wiktionary.org/wiki/kuto
aboy-aboy	noun	diminutive of abóy	https://en.m.wiktionary.org/wiki/aboy-aboy
aboy-aboy	noun	cradle , hammock , swing	https://en.m.wiktionary.org/wiki/aboy-aboy
diosnon	adjective	divine , godly , godlike , pious	https://en.m.wiktionary.org/wiki/diosnon
dulat	noun	awl , brad	https://en.m.wiktionary.org/wiki/dulat
rason	noun	faculty of thinking , reasoning ( of thought )	https://en.m.wiktionary.org/wiki/rason
rason	noun	explanation , account	https://en.m.wiktionary.org/wiki/rason
bendisyon	noun	benediction , blessing	https://en.m.wiktionary.org/wiki/bendisyon
bendisyon	verb	to bless	https://en.m.wiktionary.org/wiki/bendisyon
maragomo	adjective	short with someone	https://en.m.wiktionary.org/wiki/maragomo
butigon	adjective	misleading , sly	https://en.m.wiktionary.org/wiki/butigon
butigon	noun	liar , fibber	https://en.m.wiktionary.org/wiki/butigon
abunda	adjective	abundant , plentiful	https://en.m.wiktionary.org/wiki/abunda
tulug	verb	to sleep	https://en.m.wiktionary.org/wiki/tulug
tulug	noun	sleep	https://en.m.wiktionary.org/wiki/tulug
adlaw	noun	( astronomy ) sun	https://en.m.wiktionary.org/wiki/adlaw
adlaw	noun	( astronomy ) day	https://en.m.wiktionary.org/wiki/adlaw
adlaw	noun	( time ) daytime Antonym: gab-i	https://en.m.wiktionary.org/wiki/adlaw
kagulangan	noun	jungle	https://en.m.wiktionary.org/wiki/kagulangan
ngithil	verb	to whine , whimper	https://en.m.wiktionary.org/wiki/ngithil
koltson	noun	mattress	https://en.m.wiktionary.org/wiki/koltson
tanan	adjective	all	https://en.m.wiktionary.org/wiki/tanan
abakahan	noun	someone or something abundant in abaca plants	https://en.m.wiktionary.org/wiki/abakahan
bilanggoan	noun	jail ; prison Synonyms: hulunongan , kalaboso , karsel , presonan	https://en.m.wiktionary.org/wiki/bilanggoan
tagipusuon	noun	alternative form of tagiposoon	https://en.m.wiktionary.org/wiki/tagipusuon
babayen-on	adjective	effeminate	https://en.m.wiktionary.org/wiki/babayen-on
tampok	noun	elite	https://en.m.wiktionary.org/wiki/tampok
halong	verb	to handle with care Synonym: amlig	https://en.m.wiktionary.org/wiki/halong
halong	verb	to take care ( for belongings ) Synonyms: sapupo , tatap	https://en.m.wiktionary.org/wiki/halong
alkitran	noun	pitch , tar	https://en.m.wiktionary.org/wiki/alkitran
biling	noun	stitch , a sharp , sudden pain	https://en.m.wiktionary.org/wiki/biling
ilo	noun	orphan	https://en.m.wiktionary.org/wiki/ilo
babaylan	noun	healer , shaman	https://en.m.wiktionary.org/wiki/babaylan
dugoon	adjective	bloody , gory	https://en.m.wiktionary.org/wiki/dugoon
asin	noun	salt ( sodium chloride )	https://en.m.wiktionary.org/wiki/asin
asin	verb	to salt ( add salt to )	https://en.m.wiktionary.org/wiki/asin
buyagyag	verb	betray , expose , make public , tell	https://en.m.wiktionary.org/wiki/buyagyag
sag-ang	noun	( anatomy ) chin	https://en.m.wiktionary.org/wiki/sag-ang
hagunung	verb	boom	https://en.m.wiktionary.org/wiki/hagunung
hagunung	verb	rumble	https://en.m.wiktionary.org/wiki/hagunung
asugi nga buhi	noun	quicksilver	https://en.m.wiktionary.org/wiki/asugi%20nga%20buhi
antipara	noun	eyeglasses , glasses , spectacles Synonyms: antiohos , tagosilang	https://en.m.wiktionary.org/wiki/antipara
atipalo	noun	earwig	https://en.m.wiktionary.org/wiki/atipalo
hiliugyon	verb	to unite	https://en.m.wiktionary.org/wiki/hiliugyon
hiliugyon	verb	to agree , cooperate	https://en.m.wiktionary.org/wiki/hiliugyon
subong	adverb	now	https://en.m.wiktionary.org/wiki/subong
paryente	noun	relative Synonym: kakiliran	https://en.m.wiktionary.org/wiki/paryente
saylo	verb	to go over ; to change place	https://en.m.wiktionary.org/wiki/saylo
saylo	verb	to pass by	https://en.m.wiktionary.org/wiki/saylo
hanlug	adjective	slippery	https://en.m.wiktionary.org/wiki/hanlug
kahinguyangan	noun	expenditure , waste	https://en.m.wiktionary.org/wiki/kahinguyangan
dumuluong	noun	alien , foreigner , stranger	https://en.m.wiktionary.org/wiki/dumuluong
abwa	verb	make	https://en.m.wiktionary.org/wiki/abwa
abwa	verb	gather , collect	https://en.m.wiktionary.org/wiki/abwa
dalo	verb	to caress , to fondle	https://en.m.wiktionary.org/wiki/dalo
salakay	noun	invasion	https://en.m.wiktionary.org/wiki/salakay
salakay	noun	overthrow	https://en.m.wiktionary.org/wiki/salakay
salakay	noun	attack Synonym: atake	https://en.m.wiktionary.org/wiki/salakay
abud	noun	hem	https://en.m.wiktionary.org/wiki/abud
abud	noun	edge	https://en.m.wiktionary.org/wiki/abud
abud	verb	to hem	https://en.m.wiktionary.org/wiki/abud
arpa	noun	harp , lyre	https://en.m.wiktionary.org/wiki/arpa
lae	noun	adultery Synonym: láyì	https://en.m.wiktionary.org/wiki/lae
butakal	noun	boar	https://en.m.wiktionary.org/wiki/butakal
amoma	verb	regale , treat with food and drink	https://en.m.wiktionary.org/wiki/amoma
bayo	adjective	( of horses ) bay	https://en.m.wiktionary.org/wiki/bayo
bayo	noun	a garment which covers the upper body	https://en.m.wiktionary.org/wiki/bayo
timaan	noun	symbol	https://en.m.wiktionary.org/wiki/timaan
ambulansya	noun	ambulance	https://en.m.wiktionary.org/wiki/ambulansya
puol	noun	snail	https://en.m.wiktionary.org/wiki/puol
kalisang	noun	horror , terror	https://en.m.wiktionary.org/wiki/kalisang
kalisang	noun	fear , fright , panic	https://en.m.wiktionary.org/wiki/kalisang
alinga	verb	to watch ; to see over ; to supervise Synonym: anila	https://en.m.wiktionary.org/wiki/alinga
aban	verb	to finish	https://en.m.wiktionary.org/wiki/aban
aban	verb	( of a loom ) to take off	https://en.m.wiktionary.org/wiki/aban
dayan	noun	stroll , walk Synonym: lagaw	https://en.m.wiktionary.org/wiki/dayan
balaklon	noun	commodities , goods , wares	https://en.m.wiktionary.org/wiki/balaklon
gabi	noun	taro	https://en.m.wiktionary.org/wiki/gabi
tibakla	noun	grasshopper	https://en.m.wiktionary.org/wiki/tibakla
mahagup	adjective	tame , docile , gentle	https://en.m.wiktionary.org/wiki/mahagup
bukidnon	adjective	coarse , rough , uncultured , uncouth	https://en.m.wiktionary.org/wiki/bukidnon
bukidnon	noun	mountaineer	https://en.m.wiktionary.org/wiki/bukidnon
balunggay	noun	a type of tree , the malunggay or horseradish tree , Moringa oleifera	https://en.m.wiktionary.org/wiki/balunggay
habul	noun	blanket , rug	https://en.m.wiktionary.org/wiki/habul
utud-utud	verb	diminutive of utúd : to cut something off	https://en.m.wiktionary.org/wiki/utud-utud
baliskag	noun	vertebra ; spine	https://en.m.wiktionary.org/wiki/baliskag
dumayon	verb	enter	https://en.m.wiktionary.org/wiki/dumayon
bilog	adjective	entire ; intact ; round ; solid ; whole	https://en.m.wiktionary.org/wiki/bilog
bisikleta	noun	bicycle	https://en.m.wiktionary.org/wiki/bisikleta
awat	verb	to annoy	https://en.m.wiktionary.org/wiki/awat
awat	verb	to delay or waste someone's time	https://en.m.wiktionary.org/wiki/awat
kaldera	noun	kettle	https://en.m.wiktionary.org/wiki/kaldera
banas sa higad sang suba	noun	riverside Nagaistar ako banas sa higad sang suba . I live by the riverside.	https://en.m.wiktionary.org/wiki/banas%20sa%20higad%20sang%20suba
aborto	noun	abortion	https://en.m.wiktionary.org/wiki/aborto
aborto	noun	miscarriage	https://en.m.wiktionary.org/wiki/aborto
aborto	noun	monster	https://en.m.wiktionary.org/wiki/aborto
aborto	noun	act of stopping	https://en.m.wiktionary.org/wiki/aborto
batota	noun	baton	https://en.m.wiktionary.org/wiki/batota
batota	noun	rule , sway	https://en.m.wiktionary.org/wiki/batota
apog	noun	( chemistry ) limestone	https://en.m.wiktionary.org/wiki/apog
bungot	noun	beard	https://en.m.wiktionary.org/wiki/bungot
damot	noun	vegetable	https://en.m.wiktionary.org/wiki/damot
batidor	noun	whisk	https://en.m.wiktionary.org/wiki/batidor
duyanon	verb	swing	https://en.m.wiktionary.org/wiki/duyanon
balangitaw	noun	( animal ) alligator , crocodile	https://en.m.wiktionary.org/wiki/balangitaw
tul-an	noun	bone	https://en.m.wiktionary.org/wiki/tul-an
telepono	noun	telephone	https://en.m.wiktionary.org/wiki/telepono
telepono	verb	to call or telephone another person	https://en.m.wiktionary.org/wiki/telepono
kadumot	noun	hatred , grudge Antonym: higugma	https://en.m.wiktionary.org/wiki/kadumot
urok	noun	young pig ; piglet	https://en.m.wiktionary.org/wiki/urok
halalongan	noun	delicate , precaution	https://en.m.wiktionary.org/wiki/halalongan
enkantado	adjective	magical	https://en.m.wiktionary.org/wiki/enkantado
namit	noun	delicacy Synonyms: nanam , rimis	https://en.m.wiktionary.org/wiki/namit
Passinhon	noun	resident or inhabitant of Passi	https://en.m.wiktionary.org/wiki/Passinhon
Passinhon	adjective	of or pertaining to Passi	https://en.m.wiktionary.org/wiki/Passinhon
bunang	noun	thread , yarn	https://en.m.wiktionary.org/wiki/bunang
punoan	noun	( of authorities ) chief , head	https://en.m.wiktionary.org/wiki/punoan
hinugyaw	noun	excitement	https://en.m.wiktionary.org/wiki/hinugyaw
landong	noun	shadow Synonym: halon	https://en.m.wiktionary.org/wiki/landong
dabdab	verb	kindle , light	https://en.m.wiktionary.org/wiki/dabdab
balahibo	noun	body hair	https://en.m.wiktionary.org/wiki/balahibo
balahibo	noun	fur	https://en.m.wiktionary.org/wiki/balahibo
balahibo	noun	feathers Synonym: balukag	https://en.m.wiktionary.org/wiki/balahibo
larawanan	noun	photographer's studio	https://en.m.wiktionary.org/wiki/larawanan
damgo	noun	dream	https://en.m.wiktionary.org/wiki/damgo
paabat	verb	causative of ábat	https://en.m.wiktionary.org/wiki/paabat
dumili	verb	prohibit	https://en.m.wiktionary.org/wiki/dumili
balaligya	noun	commodities , goods , merchandise	https://en.m.wiktionary.org/wiki/balaligya
makakululba	adjective	intimidating , disconcerting	https://en.m.wiktionary.org/wiki/makakululba
makakululba	adjective	causing nervousness or shyness	https://en.m.wiktionary.org/wiki/makakululba
diwal	noun	a type of seashell	https://en.m.wiktionary.org/wiki/diwal
mabaskug	adjective	loud Synonym: magansal	https://en.m.wiktionary.org/wiki/mabaskug
mabaskug	adjective	strong Synonyms: mabakud , makusug	https://en.m.wiktionary.org/wiki/mabaskug
damak	adjective	dirty , slovenly , untidy	https://en.m.wiktionary.org/wiki/damak
damak	adjective	( derogatory ) sluttish	https://en.m.wiktionary.org/wiki/damak
balihawog	noun	bolt , latch	https://en.m.wiktionary.org/wiki/balihawog
danggot	verb	wean	https://en.m.wiktionary.org/wiki/danggot
dapa-dapa	noun	sole	https://en.m.wiktionary.org/wiki/dapa-dapa
kape	noun	coffee	https://en.m.wiktionary.org/wiki/kape
patay	adjective	dead Antonym: buhi	https://en.m.wiktionary.org/wiki/patay
patay	noun	the dead body of a person; cadaver ; corpse Synonyms: lawas , bangkay	https://en.m.wiktionary.org/wiki/patay
tangis	verb	to cry ; to weep ; to lament	https://en.m.wiktionary.org/wiki/tangis
tangis	noun	cry ; weep ; lament	https://en.m.wiktionary.org/wiki/tangis
dalunggan	noun	( anatomy ) ear	https://en.m.wiktionary.org/wiki/dalunggan
balisbisan	noun	eaves	https://en.m.wiktionary.org/wiki/balisbisan
berde	noun	green ( color/colour )	https://en.m.wiktionary.org/wiki/berde
berde	adjective	greenish	https://en.m.wiktionary.org/wiki/berde
bodega	noun	cellar , storeroom , warehouse	https://en.m.wiktionary.org/wiki/bodega
sablayan	noun	clothesline	https://en.m.wiktionary.org/wiki/sablayan
alimpulos	noun	the top of the head	https://en.m.wiktionary.org/wiki/alimpulos
alimpulos	noun	cyclone , eddy	https://en.m.wiktionary.org/wiki/alimpulos
kawatan	noun	thief ; robber ; burglar	https://en.m.wiktionary.org/wiki/kawatan
bungul	adjective	deaf	https://en.m.wiktionary.org/wiki/bungul
bungul	noun	a piece of bamboo	https://en.m.wiktionary.org/wiki/bungul
katalaka	adjective	annoying , bothersome	https://en.m.wiktionary.org/wiki/katalaka
matalaw	adjective	cowardly , scared , timid	https://en.m.wiktionary.org/wiki/matalaw
bilog-bilog	noun	diminutive of bilóg	https://en.m.wiktionary.org/wiki/bilog-bilog
bilog-bilog	noun	clumps , lumps	https://en.m.wiktionary.org/wiki/bilog-bilog
gapas	verb	to cut down or fell	https://en.m.wiktionary.org/wiki/gapas
ehemplo	noun	example Synonym: halimbawa	https://en.m.wiktionary.org/wiki/ehemplo
tesorero	noun	treasurer	https://en.m.wiktionary.org/wiki/tesorero
sikdo	noun	hiccup Synonym: sid-o	https://en.m.wiktionary.org/wiki/sikdo
sikdo	verb	to have a hiccup Synonym: sid-o	https://en.m.wiktionary.org/wiki/sikdo
agao	verb	to seize or take by force	https://en.m.wiktionary.org/wiki/agao
aminhan	noun	north Synonym: norte	https://en.m.wiktionary.org/wiki/aminhan
aminhan	adjective	northern	https://en.m.wiktionary.org/wiki/aminhan
aminhan	adjective	northerly	https://en.m.wiktionary.org/wiki/aminhan
wayang	noun	open plain , extensive grounds in a broad valley , or the like	https://en.m.wiktionary.org/wiki/wayang
elepante	noun	elephant Synonym: gadyo	https://en.m.wiktionary.org/wiki/elepante
banglid	noun	elevation , hill	https://en.m.wiktionary.org/wiki/banglid
samit	verb	taste	https://en.m.wiktionary.org/wiki/samit
abat	verb	to follow after	https://en.m.wiktionary.org/wiki/abat
bentana	noun	window Synonyms: gawang , talamwaan	https://en.m.wiktionary.org/wiki/bentana
kuring	noun	cat	https://en.m.wiktionary.org/wiki/kuring
abut	verb	to arrive at a place	https://en.m.wiktionary.org/wiki/abut
abut	verb	to catch up with or overtake	https://en.m.wiktionary.org/wiki/abut
abat-abat	verb	diminutive of ábat	https://en.m.wiktionary.org/wiki/abat-abat
abat-abat	verb	frequentative of ábat	https://en.m.wiktionary.org/wiki/abat-abat
abat-abat	verb	to follow closely	https://en.m.wiktionary.org/wiki/abat-abat
abat-abat	verb	living from hand to mouth	https://en.m.wiktionary.org/wiki/abat-abat
embahador	noun	ambassador	https://en.m.wiktionary.org/wiki/embahador
likod	noun	( anatomy ) back	https://en.m.wiktionary.org/wiki/likod
dapit	adjective	close , near , nearby	https://en.m.wiktionary.org/wiki/dapit
dapit	verb	invite	https://en.m.wiktionary.org/wiki/dapit
dedal	noun	thimble	https://en.m.wiktionary.org/wiki/dedal
absurdo	noun	absurdity , nonsense	https://en.m.wiktionary.org/wiki/absurdo
kabuhi	noun	life	https://en.m.wiktionary.org/wiki/kabuhi
gisi	noun	rend , rip , split , tear , ( to , rend )	https://en.m.wiktionary.org/wiki/gisi
man-og	noun	snake	https://en.m.wiktionary.org/wiki/man-og
balibad	noun	excuse , pretext	https://en.m.wiktionary.org/wiki/balibad
balahibo sang hayop	noun	fur , sable	https://en.m.wiktionary.org/wiki/balahibo%20sang%20hayop
butok-butok	adjective	diligent	https://en.m.wiktionary.org/wiki/butok-butok
butok-butok	verb	diminutive of butók	https://en.m.wiktionary.org/wiki/butok-butok
tuo	verb	to believe	https://en.m.wiktionary.org/wiki/tuo
abongho	noun	anger , exasperation	https://en.m.wiktionary.org/wiki/abongho
abongho	noun	angry	https://en.m.wiktionary.org/wiki/abongho
buli	noun	buttock	https://en.m.wiktionary.org/wiki/buli
buli	verb	polish	https://en.m.wiktionary.org/wiki/buli
andamio	noun	gangplank	https://en.m.wiktionary.org/wiki/andamio
pobre	adjective	poor	https://en.m.wiktionary.org/wiki/pobre
pobre	noun	a beggar ; a mendicant	https://en.m.wiktionary.org/wiki/pobre
bastos	adjective	harsh , mean , rude	https://en.m.wiktionary.org/wiki/bastos
bastos	adjective	immodest	https://en.m.wiktionary.org/wiki/bastos
dulog	noun	pause , standstill , stop	https://en.m.wiktionary.org/wiki/dulog
abusar	noun	misuse , abuse	https://en.m.wiktionary.org/wiki/abusar
abusar	verb	to misuse or abuse , to take advantage of	https://en.m.wiktionary.org/wiki/abusar
busong	adjective	pregnant Synonym: mabdos	https://en.m.wiktionary.org/wiki/busong
dotol	noun	( animals ) : tick	https://en.m.wiktionary.org/wiki/dotol
burus	noun	blister	https://en.m.wiktionary.org/wiki/burus
basa-basa	adjective	diminutive of basâ : slightly damp	https://en.m.wiktionary.org/wiki/basa-basa
basa-basa	verb	diminutive of bása : to read a little, or occasionally	https://en.m.wiktionary.org/wiki/basa-basa
halintang	noun	degree , grade	https://en.m.wiktionary.org/wiki/halintang
edad	noun	age Synonym: gulang	https://en.m.wiktionary.org/wiki/edad
dalaga	noun	dame	https://en.m.wiktionary.org/wiki/dalaga
dungkaan	noun	harbor ; haven ; port , wharf Synonyms: dulungkaan , dulungan	https://en.m.wiktionary.org/wiki/dungkaan
habok	verb	loosen , swell up	https://en.m.wiktionary.org/wiki/habok
dorado	adjective	gold , golden	https://en.m.wiktionary.org/wiki/dorado
dorado	noun	gilt	https://en.m.wiktionary.org/wiki/dorado
dorado	noun	gold	https://en.m.wiktionary.org/wiki/dorado
alasohan	noun	chimney	https://en.m.wiktionary.org/wiki/alasohan
hingudto	noun	the sun's zenith ; midday	https://en.m.wiktionary.org/wiki/hingudto
dakbanwa	noun	city Synonym: siyudad	https://en.m.wiktionary.org/wiki/dakbanwa
batok	noun	objection , protest	https://en.m.wiktionary.org/wiki/batok
batok	verb	to resist or oppose	https://en.m.wiktionary.org/wiki/batok
asoy	adjective	useful	https://en.m.wiktionary.org/wiki/asoy
asoy	noun	declaration , explanation ; a clear statement	https://en.m.wiktionary.org/wiki/asoy
asoy	noun	result , use	https://en.m.wiktionary.org/wiki/asoy
gamo	noun	conflict , trouble	https://en.m.wiktionary.org/wiki/gamo
gamo	noun	confusion , disorder . excitement , noise	https://en.m.wiktionary.org/wiki/gamo
bansag	noun	nickname	https://en.m.wiktionary.org/wiki/bansag
munga	noun	hen	https://en.m.wiktionary.org/wiki/munga
bayabas	noun	guava	https://en.m.wiktionary.org/wiki/bayabas
suba	noun	river	https://en.m.wiktionary.org/wiki/suba
himaya	noun	glory ; worship or praise	https://en.m.wiktionary.org/wiki/himaya
binilanggo	noun	prisoner ; inmate ; convict Synonyms: piniriso , priso	https://en.m.wiktionary.org/wiki/binilanggo
sablay	verb	to hang clothing over a chair	https://en.m.wiktionary.org/wiki/sablay
kampana	noun	bell	https://en.m.wiktionary.org/wiki/kampana
baston ni San Hose	noun	hollyhock	https://en.m.wiktionary.org/wiki/baston%20ni%20San%20Hose
baston ni San Hose	noun	staff of St. Joseph	https://en.m.wiktionary.org/wiki/baston%20ni%20San%20Hose
kadton	verb	bite	https://en.m.wiktionary.org/wiki/kadton
haguk	verb	to snore	https://en.m.wiktionary.org/wiki/haguk
alkansiya	noun	money box , piggy bank	https://en.m.wiktionary.org/wiki/alkansiya
maalam	adjective	learned , clever , wise	https://en.m.wiktionary.org/wiki/maalam
maalam	adjective	scholarly , erudite	https://en.m.wiktionary.org/wiki/maalam
busgon	adjective	satiated	https://en.m.wiktionary.org/wiki/busgon
abtik	noun	dexterity , skill	https://en.m.wiktionary.org/wiki/abtik
dumulugok	noun	audience	https://en.m.wiktionary.org/wiki/dumulugok
atatalo	noun	caterpillar	https://en.m.wiktionary.org/wiki/atatalo
sabtanay	verb	to answer	https://en.m.wiktionary.org/wiki/sabtanay
bulan	noun	moon ( largest natural satellite of planet Earth )	https://en.m.wiktionary.org/wiki/bulan
bulan	noun	moon ( any substantially sized natural satellite of a planet )	https://en.m.wiktionary.org/wiki/bulan
bulan	noun	month ( period into which a year is divided )	https://en.m.wiktionary.org/wiki/bulan
anting-anting	noun	amulet , talisman	https://en.m.wiktionary.org/wiki/anting-anting
bundul	adjective	slow , dull , deliberate in action	https://en.m.wiktionary.org/wiki/bundul
halas	noun	snake ; serpent	https://en.m.wiktionary.org/wiki/halas
pahat-pahat	verb	diminutive of páhat	https://en.m.wiktionary.org/wiki/pahat-pahat
pahat-pahat	verb	frequentative of páhat	https://en.m.wiktionary.org/wiki/pahat-pahat
dulus	noun	wire	https://en.m.wiktionary.org/wiki/dulus
bulangan	noun	cockpit	https://en.m.wiktionary.org/wiki/bulangan
anghit	noun	smell of a goat Synonym: angrus	https://en.m.wiktionary.org/wiki/anghit
konbensyon	noun	convention , meeting	https://en.m.wiktionary.org/wiki/konbensyon
ilisan	noun	dressing room where someone changes clothing	https://en.m.wiktionary.org/wiki/ilisan
lubong	noun	burial	https://en.m.wiktionary.org/wiki/lubong
patron	noun	patron saint	https://en.m.wiktionary.org/wiki/patron
batobalani	noun	magnet	https://en.m.wiktionary.org/wiki/batobalani
kaisug	noun	courage	https://en.m.wiktionary.org/wiki/kaisug
bulunakan	noun	laundry , laundry room , wash	https://en.m.wiktionary.org/wiki/bulunakan
paalam	noun	causative of álam	https://en.m.wiktionary.org/wiki/paalam
paalam	interjection	goodbye Paálam na.	https://en.m.wiktionary.org/wiki/paalam
paalam	verb	to warn or caution	https://en.m.wiktionary.org/wiki/paalam
solang	noun	( anatomy ) chin	https://en.m.wiktionary.org/wiki/solang
apo	noun	grandchild	https://en.m.wiktionary.org/wiki/apo
apo	noun	grandfather	https://en.m.wiktionary.org/wiki/apo
bantolinaw	noun	ebony	https://en.m.wiktionary.org/wiki/bantolinaw
gansilyo	noun	crochet hook , knitting needle	https://en.m.wiktionary.org/wiki/gansilyo
ihi	noun	urine ; pee	https://en.m.wiktionary.org/wiki/ihi
guluwaan	noun	exit , escape , egress	https://en.m.wiktionary.org/wiki/guluwaan
dumugo	verb	bleed	https://en.m.wiktionary.org/wiki/dumugo
haklu	noun	breathe	https://en.m.wiktionary.org/wiki/haklu
salsalon	noun	iron	https://en.m.wiktionary.org/wiki/salsalon
bulakbol	noun	truant	https://en.m.wiktionary.org/wiki/bulakbol
bulakbol	verb	to play truant	https://en.m.wiktionary.org/wiki/bulakbol
halay	verb	hang	https://en.m.wiktionary.org/wiki/halay
gripo	noun	faucet ; tap	https://en.m.wiktionary.org/wiki/gripo
busilak	noun	limestone , marble	https://en.m.wiktionary.org/wiki/busilak
musika	noun	music Synonym: lanton	https://en.m.wiktionary.org/wiki/musika
binata	adjective	childish	https://en.m.wiktionary.org/wiki/binata
binata	adjective	immature	https://en.m.wiktionary.org/wiki/binata
matam-is	adjective	sweet	https://en.m.wiktionary.org/wiki/matam-is
sobre	noun	envelope	https://en.m.wiktionary.org/wiki/sobre
sobre	noun	excess	https://en.m.wiktionary.org/wiki/sobre
bulbul	noun	fine hair	https://en.m.wiktionary.org/wiki/bulbul
bulbul	noun	down ( soft hair of the face when beginning to appear )	https://en.m.wiktionary.org/wiki/bulbul
bulbul	noun	feathers	https://en.m.wiktionary.org/wiki/bulbul
burangos	noun	beard	https://en.m.wiktionary.org/wiki/burangos
hugot	adjective	alternative spelling of hugut	https://en.m.wiktionary.org/wiki/hugot
balason	adjective	sandy	https://en.m.wiktionary.org/wiki/balason
kaulangan	verb	to block	https://en.m.wiktionary.org/wiki/kaulangan
athag	adjective	clear , distinct	https://en.m.wiktionary.org/wiki/athag
athag	verb	clarify	https://en.m.wiktionary.org/wiki/athag
dagaang	adjective	red , scarlet	https://en.m.wiktionary.org/wiki/dagaang
gintung-an	noun	center , middle , midpoint	https://en.m.wiktionary.org/wiki/gintung-an
gamit	verb	to use , to apply , to employ	https://en.m.wiktionary.org/wiki/gamit
ngaa	adverb	why Ngaa indi ka magkadto? Why won't you go?	https://en.m.wiktionary.org/wiki/ngaa
lapuyot	adjective	thick , condensed , coagulated	https://en.m.wiktionary.org/wiki/lapuyot
lapuyot	verb	to thicken , condense	https://en.m.wiktionary.org/wiki/lapuyot
bilanggo	verb	imprison , incarcerate , confine	https://en.m.wiktionary.org/wiki/bilanggo
waay	adjective	without	https://en.m.wiktionary.org/wiki/waay
dalayap	noun	Key lime	https://en.m.wiktionary.org/wiki/dalayap
bataon	adjective	young , youthful	https://en.m.wiktionary.org/wiki/bataon
init	noun	heat Antonym: lamig	https://en.m.wiktionary.org/wiki/init
pabrika	noun	factory , mill	https://en.m.wiktionary.org/wiki/pabrika
bulador	noun	kite	https://en.m.wiktionary.org/wiki/bulador
eskwala	noun	( carpentry ) square	https://en.m.wiktionary.org/wiki/eskwala
digamohan	noun	fireplace , hearth , kitchen	https://en.m.wiktionary.org/wiki/digamohan
debosyon	noun	devotion or piety	https://en.m.wiktionary.org/wiki/debosyon
karabaw	noun	carabao ; water buffalo	https://en.m.wiktionary.org/wiki/karabaw
dahon	noun	frond , leaf ( part of a plant )	https://en.m.wiktionary.org/wiki/dahon
dalan	noun	path , way Synonym: banas	https://en.m.wiktionary.org/wiki/dalan
dalan	noun	road , street Synonyms: kalye , karsada	https://en.m.wiktionary.org/wiki/dalan
gawahan	noun	window	https://en.m.wiktionary.org/wiki/gawahan
serip	noun	sheriff	https://en.m.wiktionary.org/wiki/serip
gunting	noun	scissors	https://en.m.wiktionary.org/wiki/gunting
gunting	noun	haircut	https://en.m.wiktionary.org/wiki/gunting
tayobong	noun	a type of plant, the roots are used for making glue and starch	https://en.m.wiktionary.org/wiki/tayobong
kapilya	noun	chapel	https://en.m.wiktionary.org/wiki/kapilya
haboy	verb	fling , hurl	https://en.m.wiktionary.org/wiki/haboy
bohok	noun	hair	https://en.m.wiktionary.org/wiki/bohok
bulak	noun	blossom , flower	https://en.m.wiktionary.org/wiki/bulak
bulak	verb	blossom , flower	https://en.m.wiktionary.org/wiki/bulak
belasyon	noun	vigil , wake	https://en.m.wiktionary.org/wiki/belasyon
tigilinit	noun	summer	https://en.m.wiktionary.org/wiki/tigilinit
karwahe	noun	four - wheeled horse - drawn carriage	https://en.m.wiktionary.org/wiki/karwahe
kutkut	noun	a dug hole in the ground	https://en.m.wiktionary.org/wiki/kutkut
ahos	noun	garlic ( Allium sativum )	https://en.m.wiktionary.org/wiki/ahos
hingabot	noun	lust	https://en.m.wiktionary.org/wiki/hingabot
banga	noun	water jar	https://en.m.wiktionary.org/wiki/banga
banga	noun	idiot , fool , simpleton	https://en.m.wiktionary.org/wiki/banga
banga	verb	like , enjoy	https://en.m.wiktionary.org/wiki/banga
abyan	noun	friend ; buddy Synonym: amigo	https://en.m.wiktionary.org/wiki/abyan
abyan	noun	comrade Synonym: kahirop	https://en.m.wiktionary.org/wiki/abyan
habon	noun	soap	https://en.m.wiktionary.org/wiki/habon
butad	adjective	dark brown , dun	https://en.m.wiktionary.org/wiki/butad
ginagihan	noun	incidents and events that happen to a person during their life	https://en.m.wiktionary.org/wiki/ginagihan
dali	adverb	immediately , quickly , hurriedly	https://en.m.wiktionary.org/wiki/dali
mabahaw	adjective	stale , old	https://en.m.wiktionary.org/wiki/mabahaw
dawat	verb	to accept , to receive	https://en.m.wiktionary.org/wiki/dawat
dawat	verb	to regain one's appetite	https://en.m.wiktionary.org/wiki/dawat
ginsakpan	noun	dominion	https://en.m.wiktionary.org/wiki/ginsakpan
ayuda	noun	aid , help Synonym: bulig	https://en.m.wiktionary.org/wiki/ayuda
abyasion	noun	aviation	https://en.m.wiktionary.org/wiki/abyasion
kulantro	noun	coriander	https://en.m.wiktionary.org/wiki/kulantro
kaaway	noun	enemy ; foe	https://en.m.wiktionary.org/wiki/kaaway
daroos	noun	a severe cough	https://en.m.wiktionary.org/wiki/daroos
daroos	verb	cough	https://en.m.wiktionary.org/wiki/daroos
ba-og	adjective	gray , grey	https://en.m.wiktionary.org/wiki/ba-og
alimokon	noun	pigeon	https://en.m.wiktionary.org/wiki/alimokon
diperensya	noun	difference	https://en.m.wiktionary.org/wiki/diperensya
diperensya	noun	controversy or quarrel	https://en.m.wiktionary.org/wiki/diperensya
binabaye	adjective	fit for a woman ; womanly	https://en.m.wiktionary.org/wiki/binabaye
binabaye	noun	effeminate	https://en.m.wiktionary.org/wiki/binabaye
bagting	noun	chime , ring , toll	https://en.m.wiktionary.org/wiki/bagting
kasing	noun	spinning top	https://en.m.wiktionary.org/wiki/kasing
entablado	noun	platform , stage	https://en.m.wiktionary.org/wiki/entablado
abohan	noun	fireplace ; hearth	https://en.m.wiktionary.org/wiki/abohan
abohan	noun	kitchen Synonym: kosina	https://en.m.wiktionary.org/wiki/abohan
lamokon	adjective	filled with mosquitoes	https://en.m.wiktionary.org/wiki/lamokon
lamokon	adjective	related to mosquitoes	https://en.m.wiktionary.org/wiki/lamokon
tampis	noun	apron , skirt	https://en.m.wiktionary.org/wiki/tampis
bagtis	noun	mudfish	https://en.m.wiktionary.org/wiki/bagtis
bugay	noun	gift , present	https://en.m.wiktionary.org/wiki/bugay
bugay	noun	donation	https://en.m.wiktionary.org/wiki/bugay
bugay	verb	( charitable ) to make a gift or donation	https://en.m.wiktionary.org/wiki/bugay
kilay	noun	( anatomy ) eyebrow	https://en.m.wiktionary.org/wiki/kilay
halunhun	verb	gulp down , swallow	https://en.m.wiktionary.org/wiki/halunhun
tuhod	noun	( anatomy ) knee	https://en.m.wiktionary.org/wiki/tuhod
kinataohan	noun	birthday	https://en.m.wiktionary.org/wiki/kinataohan
maanghit	adjective	smelling like a goat	https://en.m.wiktionary.org/wiki/maanghit
dulum	noun	darkness ; gloom	https://en.m.wiktionary.org/wiki/dulum
dulum	verb	to darken ; to turn dark	https://en.m.wiktionary.org/wiki/dulum
balingon	noun	anchovy	https://en.m.wiktionary.org/wiki/balingon
balingon	noun	fish dried in the sun	https://en.m.wiktionary.org/wiki/balingon
handa	adjective	ready ; prepared Synonym: mahinandaon	https://en.m.wiktionary.org/wiki/handa
handa	verb	to make ready Synonyms: aman , paaman	https://en.m.wiktionary.org/wiki/handa
taya	noun	bet , wager	https://en.m.wiktionary.org/wiki/taya
taya	verb	to shield	https://en.m.wiktionary.org/wiki/taya
taya	verb	to take a defensive position	https://en.m.wiktionary.org/wiki/taya
gabon	noun	cloud Synonym: panganod	https://en.m.wiktionary.org/wiki/gabon
bidyiw	noun	harpoon , spear	https://en.m.wiktionary.org/wiki/bidyiw
atatayog	adjective	useless ; up to no good	https://en.m.wiktionary.org/wiki/atatayog
absuelto	adjective	absolved	https://en.m.wiktionary.org/wiki/absuelto
emperador	noun	emperor	https://en.m.wiktionary.org/wiki/emperador
hubu	adjective	naked ; bare Synonym: hublas	https://en.m.wiktionary.org/wiki/hubu
hubu	verb	to strip ; to undress Synonym: hublas	https://en.m.wiktionary.org/wiki/hubu
gikas	verb	to cut off or diminish	https://en.m.wiktionary.org/wiki/gikas
gikas	verb	separate	https://en.m.wiktionary.org/wiki/gikas
espeho	noun	mirror Synonym: salaming	https://en.m.wiktionary.org/wiki/espeho
ab-ab	verb	to eat	https://en.m.wiktionary.org/wiki/ab-ab
ab-ab	verb	to undermine	https://en.m.wiktionary.org/wiki/ab-ab
ab-ab	verb	to wash away	https://en.m.wiktionary.org/wiki/ab-ab
buyug	noun	wasp	https://en.m.wiktionary.org/wiki/buyug
dagway	noun	appearance , conformation , countenance , guise	https://en.m.wiktionary.org/wiki/dagway
dagway	noun	contour , feature , shape , surface	https://en.m.wiktionary.org/wiki/dagway
dagway	noun	cut , figure , image , likeness	https://en.m.wiktionary.org/wiki/dagway
dagway	noun	species , type	https://en.m.wiktionary.org/wiki/dagway
badlak	verb	beam , dazzle , sparkle	https://en.m.wiktionary.org/wiki/badlak
baw-ing	adjective	( places ) deserted , desolate , isolated , far away, lonely , secluded	https://en.m.wiktionary.org/wiki/baw-ing
eleksyon	noun	election	https://en.m.wiktionary.org/wiki/eleksyon
buhok	noun	alternative spelling of bohók	https://en.m.wiktionary.org/wiki/buhok
halampangan	adjective	trifling	https://en.m.wiktionary.org/wiki/halampangan
magarot	adjective	noisy , boisterous	https://en.m.wiktionary.org/wiki/magarot
magarot	adjective	gabbling	https://en.m.wiktionary.org/wiki/magarot
magarot	adjective	dense , crowded	https://en.m.wiktionary.org/wiki/magarot
bulalakaw	noun	( Visayan mythology ) a deity described as a shining bird or human-bird hybrid	https://en.m.wiktionary.org/wiki/bulalakaw
bulalakaw	noun	a meteorite , shooting star	https://en.m.wiktionary.org/wiki/bulalakaw
balanion	adjective	magnetic	https://en.m.wiktionary.org/wiki/balanion
amumuklid	noun	toadstool	https://en.m.wiktionary.org/wiki/amumuklid
dagotdot	noun	debris or refuse on a beach	https://en.m.wiktionary.org/wiki/dagotdot
dagotdot	noun	rain	https://en.m.wiktionary.org/wiki/dagotdot
dagotdot	noun	a kind of grass	https://en.m.wiktionary.org/wiki/dagotdot
balaynon	adjective	domestic , homely	https://en.m.wiktionary.org/wiki/balaynon
abang-abang	verb	to help or assist	https://en.m.wiktionary.org/wiki/abang-abang
hutik	noun	whisper	https://en.m.wiktionary.org/wiki/hutik
hutik	verb	to whisper	https://en.m.wiktionary.org/wiki/hutik
dumaan	adjective	old	https://en.m.wiktionary.org/wiki/dumaan
dumaan	adjective	antique , old-time	https://en.m.wiktionary.org/wiki/dumaan
dumaan	noun	settled farmhand on the Negros mainland Antonym: sakada ( “ seasonal migrant farmworker ” )	https://en.m.wiktionary.org/wiki/dumaan
balhas	noun	sweat	https://en.m.wiktionary.org/wiki/balhas
balhas	verb	to sweat	https://en.m.wiktionary.org/wiki/balhas
barong	noun	shirt	https://en.m.wiktionary.org/wiki/barong
hangin	noun	wind ( movement of air )	https://en.m.wiktionary.org/wiki/hangin
dalagita	noun	maid , a girl	https://en.m.wiktionary.org/wiki/dalagita
kalsada	noun	road , highway Synonym: dalan	https://en.m.wiktionary.org/wiki/kalsada
kalsada	noun	street Synonym: kalye	https://en.m.wiktionary.org/wiki/kalsada
danaw	noun	pool , puddle	https://en.m.wiktionary.org/wiki/danaw
kabataon	adjective	young	https://en.m.wiktionary.org/wiki/kabataon
duag	noun	color	https://en.m.wiktionary.org/wiki/duag
duag	noun	appearance , form , shape	https://en.m.wiktionary.org/wiki/duag
duag	verb	to color	https://en.m.wiktionary.org/wiki/duag
baba-an	adjective	glib ; talkative	https://en.m.wiktionary.org/wiki/baba-an
ginsugoran	adjective	elementary	https://en.m.wiktionary.org/wiki/ginsugoran
dungganon	noun	bigwig , celebrity , noble , royal	https://en.m.wiktionary.org/wiki/dungganon
bayud	adjective	unsteady , shaky , unstable Synonyms: bawod , mahuyang	https://en.m.wiktionary.org/wiki/bayud
ampis	noun	skirt	https://en.m.wiktionary.org/wiki/ampis
babana	noun	soursop	https://en.m.wiktionary.org/wiki/babana
dumagaya	verb	flourish	https://en.m.wiktionary.org/wiki/dumagaya
gab-e	noun	night	https://en.m.wiktionary.org/wiki/gab-e
adgaw	noun	a type of tree	https://en.m.wiktionary.org/wiki/adgaw
lugpitan	noun	press , vice , clamp	https://en.m.wiktionary.org/wiki/lugpitan
buhat	adjective	done , finished	https://en.m.wiktionary.org/wiki/buhat
buhat	noun	deed , work , action	https://en.m.wiktionary.org/wiki/buhat
buhat	verb	to act , do , make , perform , accomplish	https://en.m.wiktionary.org/wiki/buhat
lagari	noun	saw ( tool )	https://en.m.wiktionary.org/wiki/lagari
padugi	noun	method	https://en.m.wiktionary.org/wiki/padugi
bakud	noun	strength Synonyms: baskug , bukud , kusug , pag-un	https://en.m.wiktionary.org/wiki/bakud
bakud	noun	stiffness Synonym: tiskug	https://en.m.wiktionary.org/wiki/bakud
maayo-ayo	adjective	beautiful , seemly , pretty	https://en.m.wiktionary.org/wiki/maayo-ayo
maayo-ayo	adjective	nice , engaging	https://en.m.wiktionary.org/wiki/maayo-ayo
tiyan	noun	( anatomy ) abdomen ; belly ; paunch	https://en.m.wiktionary.org/wiki/tiyan
inpierno	noun	hell	https://en.m.wiktionary.org/wiki/inpierno
inpierno	noun	place of religious damnation	https://en.m.wiktionary.org/wiki/inpierno
sundang	noun	a type of bolo knife	https://en.m.wiktionary.org/wiki/sundang
gabut	verb	to pull out, to extract , to uproot	https://en.m.wiktionary.org/wiki/gabut
anggid	adjective	similar	https://en.m.wiktionary.org/wiki/anggid
lulus	verb	unwind	https://en.m.wiktionary.org/wiki/lulus
botones	noun	button	https://en.m.wiktionary.org/wiki/botones
abierto	adjective	open	https://en.m.wiktionary.org/wiki/abierto
abierto	adjective	accessible	https://en.m.wiktionary.org/wiki/abierto
aso	noun	smoke	https://en.m.wiktionary.org/wiki/aso
aso	verb	to fumigate	https://en.m.wiktionary.org/wiki/aso
hukson	verb	detach , dismount	https://en.m.wiktionary.org/wiki/hukson
linti	noun	lightning Synonym: kilat	https://en.m.wiktionary.org/wiki/linti
diyutay	adjective	alternative form of diyotay	https://en.m.wiktionary.org/wiki/diyutay
luab	noun	collar	https://en.m.wiktionary.org/wiki/luab
luab	verb	to grasp by the collar	https://en.m.wiktionary.org/wiki/luab
kanding	noun	goat	https://en.m.wiktionary.org/wiki/kanding
tiilan	adjective	the lower part of	https://en.m.wiktionary.org/wiki/tiilan
tiilan	noun	foot	https://en.m.wiktionary.org/wiki/tiilan
taas	noun	height	https://en.m.wiktionary.org/wiki/taas
ramig	adjective	cold	https://en.m.wiktionary.org/wiki/ramig
busa	adverb	hence , so , therefore	https://en.m.wiktionary.org/wiki/busa
kagagmayan	noun	the poor or uninfluential members of a community	https://en.m.wiktionary.org/wiki/kagagmayan
himatayon	noun	the waning moon	https://en.m.wiktionary.org/wiki/himatayon
barato	adjective	cheap ; inexpensive Antonym: mahal	https://en.m.wiktionary.org/wiki/barato
kahikaw	noun	envy , spite	https://en.m.wiktionary.org/wiki/kahikaw
kahikaw	noun	a grudge	https://en.m.wiktionary.org/wiki/kahikaw
tagiposoon	noun	heart Synonym: kasingkasing	https://en.m.wiktionary.org/wiki/tagiposoon
alibakaw	noun	betel nut	https://en.m.wiktionary.org/wiki/alibakaw
kadiotay	adjective	small	https://en.m.wiktionary.org/wiki/kadiotay
Diosnon	adjective	devout	https://en.m.wiktionary.org/wiki/Diosnon
bakal	verb	to buy ; to purchase ; to shop	https://en.m.wiktionary.org/wiki/bakal
dahon-dahon	noun	mantis , praying mantis	https://en.m.wiktionary.org/wiki/dahon-dahon
dula	verb	to mislay , to lose , to mislay	https://en.m.wiktionary.org/wiki/dula
baha	noun	flood	https://en.m.wiktionary.org/wiki/baha
bahoy	noun	witch , sorceress	https://en.m.wiktionary.org/wiki/bahoy
bahoy	verb	to enchant or cast a spell upon someone	https://en.m.wiktionary.org/wiki/bahoy
ipot-ipot	noun	firefly	https://en.m.wiktionary.org/wiki/ipot-ipot
daay	noun	a lump of earth	https://en.m.wiktionary.org/wiki/daay
bagol	noun	( anatomy ) skull Synonym: yubon	https://en.m.wiktionary.org/wiki/bagol
bagol	noun	any skull -like vessel , such as a rough coconut shell cut in half and used for cleaning	https://en.m.wiktionary.org/wiki/bagol
bagol	noun	( figuratively ) brain ; mind Synonym: utok	https://en.m.wiktionary.org/wiki/bagol
pananglitan	noun	an analogy , example , or illustration	https://en.m.wiktionary.org/wiki/pananglitan
bungil	noun	harelip	https://en.m.wiktionary.org/wiki/bungil
barahan	noun	yardstick	https://en.m.wiktionary.org/wiki/barahan
sampal	noun	slap on the face	https://en.m.wiktionary.org/wiki/sampal
amlig	noun	care , caution	https://en.m.wiktionary.org/wiki/amlig
aswang	noun	( folklore , mythology ) aswang ( shapeshifting evil creature in Philippine mythology )	https://en.m.wiktionary.org/wiki/aswang
bahon	verb	to sneeze	https://en.m.wiktionary.org/wiki/bahon
anak	noun	child ( a female or male child, a daughter or son ) Synonym: bata	https://en.m.wiktionary.org/wiki/anak
butok	verb	to make or force an animal to lie down on its side	https://en.m.wiktionary.org/wiki/butok
dotol-dotol	noun	diminutive of dotól : anything resembling a tick	https://en.m.wiktionary.org/wiki/dotol-dotol
abrigo	noun	shawl	https://en.m.wiktionary.org/wiki/abrigo
luhod	verb	to kneel	https://en.m.wiktionary.org/wiki/luhod
madali	adjective	quick , immediate Synonym: madasig	https://en.m.wiktionary.org/wiki/madali
daginit	adjective	( of wind ) gentle , soft , mild , tender , warm	https://en.m.wiktionary.org/wiki/daginit
dalamgohanon	noun	dream , reverie	https://en.m.wiktionary.org/wiki/dalamgohanon
banlas	noun	desert	https://en.m.wiktionary.org/wiki/banlas
tarasak	adjective	thoughtless ; careless	https://en.m.wiktionary.org/wiki/tarasak
tarasak	adjective	happy-go-lucky ; nonchalant	https://en.m.wiktionary.org/wiki/tarasak
pasahi	adjective	extraordinary , exceptional , remarkable	https://en.m.wiktionary.org/wiki/pasahi
pasahi	adjective	uncommon , noteworthy	https://en.m.wiktionary.org/wiki/pasahi
pasahi	noun	passage	https://en.m.wiktionary.org/wiki/pasahi
pasahi	noun	fare or ticket	https://en.m.wiktionary.org/wiki/pasahi
pasahi	noun	passage ( of a book )	https://en.m.wiktionary.org/wiki/pasahi
pasahi	noun	anecdote ( of one's own life )	https://en.m.wiktionary.org/wiki/pasahi
pasahi	verb	the act of being extraordinary , to complete a task in an extraordinary fashion	https://en.m.wiktionary.org/wiki/pasahi
multa	noun	fine ( fee )	https://en.m.wiktionary.org/wiki/multa
multa	verb	to fine	https://en.m.wiktionary.org/wiki/multa
tunok	noun	thorn	https://en.m.wiktionary.org/wiki/tunok
dulogan	noun	stationary	https://en.m.wiktionary.org/wiki/dulogan
luha	noun	tear	https://en.m.wiktionary.org/wiki/luha
bulutangan	noun	holder , rack	https://en.m.wiktionary.org/wiki/bulutangan
baog	adjective	grey , old	https://en.m.wiktionary.org/wiki/baog
aga-aga	adjective	diminutive of ága : every morning	https://en.m.wiktionary.org/wiki/aga-aga
Pototanon	noun	resident or inhabitant of Pototan	https://en.m.wiktionary.org/wiki/Pototanon
Pototanon	adjective	of or pertaining to Pototan	https://en.m.wiktionary.org/wiki/Pototanon
dulonan	noun	border , boundary , demarcation	https://en.m.wiktionary.org/wiki/dulonan
abyog	verb	alternative spelling of ábiog	https://en.m.wiktionary.org/wiki/abyog
balhin	verb	alter , change , transform	https://en.m.wiktionary.org/wiki/balhin
abuela	noun	grandmother	https://en.m.wiktionary.org/wiki/abuela
mumho	noun	fallen crumbs of cooked rice on the floor or table	https://en.m.wiktionary.org/wiki/mumho
binangon	noun	bolo ; machete Synonym: utak	https://en.m.wiktionary.org/wiki/binangon
primo	noun	male cousin ( of any degree of cousinhood )	https://en.m.wiktionary.org/wiki/primo
dulunggan	noun	ear	https://en.m.wiktionary.org/wiki/dulunggan
giwa-os	noun	dearth of food, famine , misery	https://en.m.wiktionary.org/wiki/giwa-os
giyan	verb	desire , inclination , liking for	https://en.m.wiktionary.org/wiki/giyan
huyop	verb	to blow	https://en.m.wiktionary.org/wiki/huyop
abaniko	noun	folding fan Synonyms: kuyab , kuluyab , kuruyab , paypay	https://en.m.wiktionary.org/wiki/abaniko
abaniko	verb	to fan ( cool oneself with a fan )	https://en.m.wiktionary.org/wiki/abaniko
aninipot	noun	firefly	https://en.m.wiktionary.org/wiki/aninipot
alibangbang	noun	butterfly	https://en.m.wiktionary.org/wiki/alibangbang
apok	noun	eczema	https://en.m.wiktionary.org/wiki/apok
espiritu	noun	spirit , soul , ghost Synonym: kalag	https://en.m.wiktionary.org/wiki/espiritu
abian	noun	alternative form of abyan	https://en.m.wiktionary.org/wiki/abian
abian	verb	alternative form of abyan	https://en.m.wiktionary.org/wiki/abian
barandilya	noun	rail , railing	https://en.m.wiktionary.org/wiki/barandilya
pangalikog	noun	a probe	https://en.m.wiktionary.org/wiki/pangalikog
pangalikog	verb	frequentative of kalíkog	https://en.m.wiktionary.org/wiki/pangalikog
dungdung	noun	( idiomatic ) to rain cats and dogs	https://en.m.wiktionary.org/wiki/dungdung
kadang	noun	stilts Nagalakát silá sa kádang . They are walking on stilts .	https://en.m.wiktionary.org/wiki/kadang
buggaitan	adjective	prominent , famous , outstanding , excelling , excellent , surpassing others in skill, the best of its kind	https://en.m.wiktionary.org/wiki/buggaitan
kompanyero	noun	companion , partner , friend	https://en.m.wiktionary.org/wiki/kompanyero
kompanyero	noun	associate	https://en.m.wiktionary.org/wiki/kompanyero
kompanyero	noun	mate , consort	https://en.m.wiktionary.org/wiki/kompanyero
mabalong	verb	to get drunk ; to intoxicate Synonym: mahubog	https://en.m.wiktionary.org/wiki/mabalong
kolintas	noun	rosary	https://en.m.wiktionary.org/wiki/kolintas
tahum	noun	beauty , prettiness , attractiveness	https://en.m.wiktionary.org/wiki/tahum
tahum	adjective	beautiful , pretty , attractive , gorgeous , lovely	https://en.m.wiktionary.org/wiki/tahum
palahubog	noun	drunkard , alcoholic Synonym: palabalong	https://en.m.wiktionary.org/wiki/palahubog
baligya	noun	sale	https://en.m.wiktionary.org/wiki/baligya
baligya	verb	sell	https://en.m.wiktionary.org/wiki/baligya
dimalas	adjective	unlucky ; unfortunate	https://en.m.wiktionary.org/wiki/dimalas
alasoyon	adjective	stately	https://en.m.wiktionary.org/wiki/alasoyon
alasoyon	adjective	explainable	https://en.m.wiktionary.org/wiki/alasoyon
daskon	verb	cram	https://en.m.wiktionary.org/wiki/daskon
sip-onon	noun	sniveler ; sniffler	https://en.m.wiktionary.org/wiki/sip-onon
sip-onon	adjective	having a runny nose ; snot-nosed	https://en.m.wiktionary.org/wiki/sip-onon
embahada	noun	embassy	https://en.m.wiktionary.org/wiki/embahada
batohon	adjective	rocky , rugged , stone , stony	https://en.m.wiktionary.org/wiki/batohon
kabesera	noun	head of the table	https://en.m.wiktionary.org/wiki/kabesera
kabesera	noun	capital Synonym: kapital	https://en.m.wiktionary.org/wiki/kabesera
lungsod	noun	town Synonym: banwa	https://en.m.wiktionary.org/wiki/lungsod
lungsod	noun	anthill	https://en.m.wiktionary.org/wiki/lungsod
padong	noun	cockscomb ; rooster 's comb	https://en.m.wiktionary.org/wiki/padong
dayok	noun	a preparation of salted fish	https://en.m.wiktionary.org/wiki/dayok
bulawan	noun	gold	https://en.m.wiktionary.org/wiki/bulawan
bag-o	adjective	new , fresh Antonym: daan	https://en.m.wiktionary.org/wiki/bag-o
dalag	adjective	coward , yellow-bellied	https://en.m.wiktionary.org/wiki/dalag
agila	noun	eagle	https://en.m.wiktionary.org/wiki/agila
bugkos	noun	bundle , parcel	https://en.m.wiktionary.org/wiki/bugkos
bugkos	verb	to tie	https://en.m.wiktionary.org/wiki/bugkos
kinot	verb	economize	https://en.m.wiktionary.org/wiki/kinot
Bisaya	adjective	Visayan	https://en.m.wiktionary.org/wiki/Bisaya
kabangisan	noun	tyranny	https://en.m.wiktionary.org/wiki/kabangisan
babae	noun	dame , maid , mistress , girl	https://en.m.wiktionary.org/wiki/babae
alunga-og	adjective	( of water ) flat , insipid , stagnant , stale , vapid	https://en.m.wiktionary.org/wiki/alunga-og
alunga-og	adjective	( of work ) insufficient , careless , or negligent	https://en.m.wiktionary.org/wiki/alunga-og
hiphip	noun	bribe	https://en.m.wiktionary.org/wiki/hiphip
hiphip	verb	to bribe Synonyms: buya , liklik	https://en.m.wiktionary.org/wiki/hiphip
anghel	noun	angel	https://en.m.wiktionary.org/wiki/anghel
anghel	noun	young child who dies before the age of reason	https://en.m.wiktionary.org/wiki/anghel
panakot	noun	a spice	https://en.m.wiktionary.org/wiki/panakot
panakot	noun	(archaic) ingredient	https://en.m.wiktionary.org/wiki/panakot
panakot	noun	(archaic) medicine, drug	https://en.m.wiktionary.org/wiki/panakot
batog	noun	egg yolk	https://en.m.wiktionary.org/wiki/batog
lalaki	noun	a man , an adult male	https://en.m.wiktionary.org/wiki/lalaki
garapata	noun	tick	https://en.m.wiktionary.org/wiki/garapata
mabasa	adjective	damp ; moist ; dank ; humid	https://en.m.wiktionary.org/wiki/mabasa
akasya	noun	acacia tree	https://en.m.wiktionary.org/wiki/akasya
propeta	noun	prophet	https://en.m.wiktionary.org/wiki/propeta
Sagaynon	noun	resident or inhabitant of Sagay	https://en.m.wiktionary.org/wiki/Sagaynon
Sagaynon	adjective	of or pertaining to Sagay	https://en.m.wiktionary.org/wiki/Sagaynon
dupla	noun	saliva , spit , spittle	https://en.m.wiktionary.org/wiki/dupla
baka	noun	cow , bull , ox	https://en.m.wiktionary.org/wiki/baka
esensya	noun	essence ; extract , tincture	https://en.m.wiktionary.org/wiki/esensya
esensya	noun	excerpt	https://en.m.wiktionary.org/wiki/esensya
paka	noun	frog	https://en.m.wiktionary.org/wiki/paka
asukar	noun	sugar	https://en.m.wiktionary.org/wiki/asukar
ablang	noun	breadth , width	https://en.m.wiktionary.org/wiki/ablang
ablang	verb	broaden , widen	https://en.m.wiktionary.org/wiki/ablang
abuso	noun	abuse , impropriety	https://en.m.wiktionary.org/wiki/abuso
abuso	verb	to abuse , beguile , cheat , misuse	https://en.m.wiktionary.org/wiki/abuso
buluadan	noun	where animals are bred	https://en.m.wiktionary.org/wiki/buluadan
luta	verb	dislocate	https://en.m.wiktionary.org/wiki/luta
alagaran	noun	work , place of employment	https://en.m.wiktionary.org/wiki/alagaran
maduyug	adjective	attracted	https://en.m.wiktionary.org/wiki/maduyug
maduyug	adjective	biased , prejudiced , predisposed	https://en.m.wiktionary.org/wiki/maduyug
bandehado	noun	platter	https://en.m.wiktionary.org/wiki/bandehado
ulod	noun	worm	https://en.m.wiktionary.org/wiki/ulod
ignorante	adjective	ignorant Synonyms: pakok , urais	https://en.m.wiktionary.org/wiki/ignorante
ignorante	noun	ignoramus Synonyms: pakok , urais	https://en.m.wiktionary.org/wiki/ignorante
bilat	noun	vagina , vulva	https://en.m.wiktionary.org/wiki/bilat
buung	adjective	broken , smashed	https://en.m.wiktionary.org/wiki/buung
buung	verb	to break into fragments , ruin , smash	https://en.m.wiktionary.org/wiki/buung
hagurot	noun	flash	https://en.m.wiktionary.org/wiki/hagurot
gansa	noun	gander , goose	https://en.m.wiktionary.org/wiki/gansa
kahoy	noun	tree	https://en.m.wiktionary.org/wiki/kahoy
bantayan	noun	guard - house , lookout station	https://en.m.wiktionary.org/wiki/bantayan
gago	adjective	ignorant	https://en.m.wiktionary.org/wiki/gago
latok	noun	table Synonym: lamesa	https://en.m.wiktionary.org/wiki/latok
dalum	adjective	( of depth ) deep	https://en.m.wiktionary.org/wiki/dalum
dalum	adjective	( of thoughts ) deep , profound , insightful	https://en.m.wiktionary.org/wiki/dalum
dalum	verb	deepen	https://en.m.wiktionary.org/wiki/dalum
agwanta	verb	bear , tolerate	https://en.m.wiktionary.org/wiki/agwanta
lala	noun	solfeggio	https://en.m.wiktionary.org/wiki/lala
lala	verb	( music ) to sing a lullaby	https://en.m.wiktionary.org/wiki/lala
lala	verb	to strip ; to separate (meat from the bone)	https://en.m.wiktionary.org/wiki/lala
aspalto	noun	asphalt	https://en.m.wiktionary.org/wiki/aspalto
aspalto	verb	to asphalt	https://en.m.wiktionary.org/wiki/aspalto
pigaw	adjective	frail , weak	https://en.m.wiktionary.org/wiki/pigaw
dalakpon	noun	malefactor , outlaw	https://en.m.wiktionary.org/wiki/dalakpon
tikling	noun	crane	https://en.m.wiktionary.org/wiki/tikling
huad	noun	something that is counterfeit or facsimile	https://en.m.wiktionary.org/wiki/huad
utod	noun	sibling	https://en.m.wiktionary.org/wiki/utod
abad	noun	abbot	https://en.m.wiktionary.org/wiki/abad
apo nga babae	noun	granddaughter	https://en.m.wiktionary.org/wiki/apo%20nga%20babae
amidol	noun	starch	https://en.m.wiktionary.org/wiki/amidol
hubug	adjective	alternative spelling of hubog ( “ drunk; intoxicated ” )	https://en.m.wiktionary.org/wiki/hubug
buti	adjective	cracked or split	https://en.m.wiktionary.org/wiki/buti
buti	noun	cataract	https://en.m.wiktionary.org/wiki/buti
buti	verb	frolic or play	https://en.m.wiktionary.org/wiki/buti
abak-abak	verb	diminutive of ábak	https://en.m.wiktionary.org/wiki/abak-abak
abak-abak	verb	frequentative of ábak	https://en.m.wiktionary.org/wiki/abak-abak
dingot	adjective	disgruntled , miserly , stingy	https://en.m.wiktionary.org/wiki/dingot
dingot	verb	the act of being stingy	https://en.m.wiktionary.org/wiki/dingot
bangon	noun	the right and left epigastric artery	https://en.m.wiktionary.org/wiki/bangon
bangon	verb	to rise from a lying position	https://en.m.wiktionary.org/wiki/bangon
arado	verb	plough	https://en.m.wiktionary.org/wiki/arado
pikoy	noun	parrot	https://en.m.wiktionary.org/wiki/pikoy
maidlak	adjective	glittering or sparkling	https://en.m.wiktionary.org/wiki/maidlak
disgrasya	noun	accident , mishap	https://en.m.wiktionary.org/wiki/disgrasya
bitin	noun	snake	https://en.m.wiktionary.org/wiki/bitin
bitin	verb	haul , lift	https://en.m.wiktionary.org/wiki/bitin
bangkaw	noun	lance ; spear	https://en.m.wiktionary.org/wiki/bangkaw
sip-on	noun	wet nasal mucus ; snot	https://en.m.wiktionary.org/wiki/sip-on
sip-on	noun	( pathology ) cold Synonyms: hilanat , kalentura	https://en.m.wiktionary.org/wiki/sip-on
kilat	noun	lightning Synonym: linti	https://en.m.wiktionary.org/wiki/kilat
anila	noun	beehive	https://en.m.wiktionary.org/wiki/anila
anila	verb	supervise , watch	https://en.m.wiktionary.org/wiki/anila
torpe	adjective	slow , dull , or stupid	https://en.m.wiktionary.org/wiki/torpe
torpe	adjective	indecent , lewd	https://en.m.wiktionary.org/wiki/torpe
gipak	adjective	broken	https://en.m.wiktionary.org/wiki/gipak
kadam-an	adjective	many	https://en.m.wiktionary.org/wiki/kadam-an
timbolog	adjective	round , spherical	https://en.m.wiktionary.org/wiki/timbolog
lubi	noun	coconut	https://en.m.wiktionary.org/wiki/lubi
amoy	noun	holy man	https://en.m.wiktionary.org/wiki/amoy
dutan-on	adjective	earthly , worldly	https://en.m.wiktionary.org/wiki/dutan-on
apo nga lalaki	noun	grandson	https://en.m.wiktionary.org/wiki/apo%20nga%20lalaki
gisa	verb	to bake , to fry	https://en.m.wiktionary.org/wiki/gisa
banwahanon	adjective	related to towns , municipalities or their government ; civic	https://en.m.wiktionary.org/wiki/banwahanon
banwahanon	noun	citizen ; person ; public	https://en.m.wiktionary.org/wiki/banwahanon
hikog	verb	to commit suicide	https://en.m.wiktionary.org/wiki/hikog
gatas	noun	milk	https://en.m.wiktionary.org/wiki/gatas
kawit	noun	hook	https://en.m.wiktionary.org/wiki/kawit
pating	noun	dove ; pigeon	https://en.m.wiktionary.org/wiki/pating
samad	noun	wound ; injury ; lesion	https://en.m.wiktionary.org/wiki/samad
samad	adjective	wounded ; hurt ; injured	https://en.m.wiktionary.org/wiki/samad
samad	verb	to wound ; to hurt ; to injure	https://en.m.wiktionary.org/wiki/samad
hamon	noun	ham	https://en.m.wiktionary.org/wiki/hamon
lunangon	adjective	muddy	https://en.m.wiktionary.org/wiki/lunangon
ginharian	noun	domain ; empire ; kingdom ; monarchy ; realm ; sovereignty Synonym: dakhari	https://en.m.wiktionary.org/wiki/ginharian
buk-on	verb	to cut or open	https://en.m.wiktionary.org/wiki/buk-on
daku-daku	adjective	diminutive of daku	https://en.m.wiktionary.org/wiki/daku-daku
dakhari	noun	emperor Synonym: emperador Coordinate term: dakhara	https://en.m.wiktionary.org/wiki/dakhari
barukan	noun	( anatomy ) bladder	https://en.m.wiktionary.org/wiki/barukan
buyot	verb	cling , clutch ,	https://en.m.wiktionary.org/wiki/buyot
buyot	verb	to grasp , grip , or hold fast	https://en.m.wiktionary.org/wiki/buyot
eskultor	noun	sculptor	https://en.m.wiktionary.org/wiki/eskultor
kwarentenas	noun	quarantine	https://en.m.wiktionary.org/wiki/kwarentenas
abaga	noun	( anatomy ) shoulder	https://en.m.wiktionary.org/wiki/abaga
abaga	verb	to shoulder something	https://en.m.wiktionary.org/wiki/abaga
piyansa	noun	( law ) bail	https://en.m.wiktionary.org/wiki/piyansa
piyansa	verb	( law ) to bail ; to post bail	https://en.m.wiktionary.org/wiki/piyansa
beka	noun	scholarship	https://en.m.wiktionary.org/wiki/beka
bungansiso	noun	whale	https://en.m.wiktionary.org/wiki/bungansiso
ganso	noun	hook	https://en.m.wiktionary.org/wiki/ganso
sagupra	adjective	rough	https://en.m.wiktionary.org/wiki/sagupra
asawa sang hari	noun	queen	https://en.m.wiktionary.org/wiki/asawa%20sang%20hari
bisita	noun	guest ; visitor	https://en.m.wiktionary.org/wiki/bisita
bisita	noun	visit Synonym: duaw	https://en.m.wiktionary.org/wiki/bisita
langit	noun	sky , heaven Synonym: ginhanan	https://en.m.wiktionary.org/wiki/langit
abas	noun	a type of bean	https://en.m.wiktionary.org/wiki/abas
halaran	noun	altar	https://en.m.wiktionary.org/wiki/halaran
dakup	verb	to catch , to apprehend , to arrest , to capture	https://en.m.wiktionary.org/wiki/dakup
dinuagan	noun	painting , picture	https://en.m.wiktionary.org/wiki/dinuagan
bululngan	noun	clinic , hospital , medical center	https://en.m.wiktionary.org/wiki/bululngan
ugtu	noun	noon	https://en.m.wiktionary.org/wiki/ugtu
duha-duha	noun	doubt , indecision	https://en.m.wiktionary.org/wiki/duha-duha
duha-duha	verb	to doubt or waver , to be undecided	https://en.m.wiktionary.org/wiki/duha-duha
kalamunding	noun	calamondin	https://en.m.wiktionary.org/wiki/kalamunding
salamwanan	adjective	choosy	https://en.m.wiktionary.org/wiki/salamwanan
barangay	noun	the smallest local government unit in the Philippines , a subdivision of a city or municipality	https://en.m.wiktionary.org/wiki/barangay
ganyat	verb	attract , entice , seduce	https://en.m.wiktionary.org/wiki/ganyat
tanang	adjective	overripe , rotten	https://en.m.wiktionary.org/wiki/tanang
bingaw	adjective	broken	https://en.m.wiktionary.org/wiki/bingaw
bagani	noun	act of heroism	https://en.m.wiktionary.org/wiki/bagani
batid	adjective	proficient , skilled , versed	https://en.m.wiktionary.org/wiki/batid
batid	adjective	experienced	https://en.m.wiktionary.org/wiki/batid
batid	adjective	expert Synonyms: eksperto , sampaton	https://en.m.wiktionary.org/wiki/batid
abaka	noun	Manila hemp , abaca	https://en.m.wiktionary.org/wiki/abaka
butang-butang	noun	calumny , libel , or slander	https://en.m.wiktionary.org/wiki/butang-butang
bunghay	noun	a party or group of people	https://en.m.wiktionary.org/wiki/bunghay
bunghay	noun	troop , division	https://en.m.wiktionary.org/wiki/bunghay
bunghay	noun	sect	https://en.m.wiktionary.org/wiki/bunghay
antipatiko	adjective	repugnant , repulsive	https://en.m.wiktionary.org/wiki/antipatiko
salapi	noun	cash , coin	https://en.m.wiktionary.org/wiki/salapi
salapi	noun	fifty centavos	https://en.m.wiktionary.org/wiki/salapi
bug-at	adjective	heavy ; hefty	https://en.m.wiktionary.org/wiki/bug-at
bug-at	noun	gravity	https://en.m.wiktionary.org/wiki/bug-at
lasi	noun	( anatomy ) gum	https://en.m.wiktionary.org/wiki/lasi
dahog	noun	shoot , tendril	https://en.m.wiktionary.org/wiki/dahog
dahog	verb	to slide or skid ; skidding	https://en.m.wiktionary.org/wiki/dahog
barina	noun	awl , drill	https://en.m.wiktionary.org/wiki/barina
haluk	noun	kiss	https://en.m.wiktionary.org/wiki/haluk
hampangan	noun	toy	https://en.m.wiktionary.org/wiki/hampangan
bukaw	noun	owl	https://en.m.wiktionary.org/wiki/bukaw
bukid	noun	mountain	https://en.m.wiktionary.org/wiki/bukid
bukid	noun	hill Synonym: bakolod	https://en.m.wiktionary.org/wiki/bukid
iyot	noun	( vulgar ) coitus ; sexual intercourse	https://en.m.wiktionary.org/wiki/iyot
iyot	verb	( vulgar ) to have sex ; to screw ; to fuck Synonyms: ayod , ayod-ayod , itot	https://en.m.wiktionary.org/wiki/iyot
toro	noun	bull , ox	https://en.m.wiktionary.org/wiki/toro
dado	noun	a young fish	https://en.m.wiktionary.org/wiki/dado
nipa	noun	nipa palm	https://en.m.wiktionary.org/wiki/nipa
balotanog	adjective	insufficient , unsatisfactory	https://en.m.wiktionary.org/wiki/balotanog
balotanog	adjective	parboiled , underdone , undercooked	https://en.m.wiktionary.org/wiki/balotanog
barit	verb	to sharpen	https://en.m.wiktionary.org/wiki/barit
kasingkasing	noun	heart Synonym: tagiposoon	https://en.m.wiktionary.org/wiki/kasingkasing
tikoy	noun	nian gao ( a Chinese New Year cake made of glutinous rice flour )	https://en.m.wiktionary.org/wiki/tikoy
agwa	noun	water Synonym: tubig	https://en.m.wiktionary.org/wiki/agwa
agwa	noun	perfume , scent Synonym: pahumot	https://en.m.wiktionary.org/wiki/agwa
relihion	noun	religion	https://en.m.wiktionary.org/wiki/relihion
bugal	adjective	arrogant	https://en.m.wiktionary.org/wiki/bugal
dapaw	noun	flea ; tick	https://en.m.wiktionary.org/wiki/dapaw
mamaw	noun	elf ; goblin ; sprite ; fairy ; ghost ; etc. Synonyms: mamamáhoy , tamáo , tumáo , kamâkamâ	https://en.m.wiktionary.org/wiki/mamaw
maganas	adjective	tasteless , insipid Antonym: marabó	https://en.m.wiktionary.org/wiki/maganas
gamay	adjective	little , small Synonym: diyotay	https://en.m.wiktionary.org/wiki/gamay
dosena	noun	dozen year unknown, Cecile Motus, Hiligaynon Lessons , Рипол Классик ( →ISBN ), page 214 Nagapatindug sang taytay ang manga tawu sang Kinahanglan sang enhenyero  kwarenta y singko ka bilug nga kahuy para sa Ang dosena sang bulak tag PO.60.  presyong Pl.15 ang duha ka dosena . Imelda sang apat ka dosena . Mabakal ...	https://en.m.wiktionary.org/wiki/dosena
barnis	noun	lacquer , varnish	https://en.m.wiktionary.org/wiki/barnis
indi	adverb	no ; not Antonym: huo	https://en.m.wiktionary.org/wiki/indi
indi	interjection	no Antonym: huo	https://en.m.wiktionary.org/wiki/indi
pilak	noun	silver	https://en.m.wiktionary.org/wiki/pilak
pilak	verb	to throw	https://en.m.wiktionary.org/wiki/pilak
eklipse	noun	eclipse	https://en.m.wiktionary.org/wiki/eklipse
sagahay	adjective	overflowing	https://en.m.wiktionary.org/wiki/sagahay
basura	noun	garbage , refuse , waste , rubbish , trash Synonym: higko	https://en.m.wiktionary.org/wiki/basura
aginaldo	noun	Christmas present	https://en.m.wiktionary.org/wiki/aginaldo
manoy	noun	( familiar ) eldest brother	https://en.m.wiktionary.org/wiki/manoy
manoy	noun	( familiar ) term of address for the eldest brother : big bro	https://en.m.wiktionary.org/wiki/manoy
arte	noun	art , skill	https://en.m.wiktionary.org/wiki/arte
arte	noun	artifice	https://en.m.wiktionary.org/wiki/arte
sielo	noun	heaven , firmament , sky Synonym: langit	https://en.m.wiktionary.org/wiki/sielo
dungandungan	noun	temple	https://en.m.wiktionary.org/wiki/dungandungan
anhing	adjective	dead , deceased , late	https://en.m.wiktionary.org/wiki/anhing
kwadra	noun	shed	https://en.m.wiktionary.org/wiki/kwadra
tingulan	noun	rainy season ; wet season ; monsoon season Synonym: dagna	https://en.m.wiktionary.org/wiki/tingulan
bunit	noun	( fishing ) : angle , hook	https://en.m.wiktionary.org/wiki/bunit
bunit	verb	( fishing ) : to angle or hook	https://en.m.wiktionary.org/wiki/bunit
apinas	adjective	difficult , scarce , trying	https://en.m.wiktionary.org/wiki/apinas
dagaya	noun	abundance	https://en.m.wiktionary.org/wiki/dagaya
dalisay	adjective	strong	https://en.m.wiktionary.org/wiki/dalisay
adiong	noun	a large ship or ark	https://en.m.wiktionary.org/wiki/adiong
bas-on	verb	to be damp , or wet	https://en.m.wiktionary.org/wiki/bas-on
gesantes	noun	snow pea , sugar snap pea	https://en.m.wiktionary.org/wiki/gesantes
adelpa	noun	oleander	https://en.m.wiktionary.org/wiki/adelpa
ginuo	noun	sir	https://en.m.wiktionary.org/wiki/ginuo
kolera	noun	( pathology ) cholera	https://en.m.wiktionary.org/wiki/kolera
mataas	adjective	elevated , high , lofty , ranking , tall Synonyms: matatáas , matangkad	https://en.m.wiktionary.org/wiki/mataas
abano	noun	a cigar made by machinery	https://en.m.wiktionary.org/wiki/abano
kamatis	noun	tomato	https://en.m.wiktionary.org/wiki/kamatis
mananap	noun	animal Synonym: hayop	https://en.m.wiktionary.org/wiki/mananap
balde	noun	bucket , pail	https://en.m.wiktionary.org/wiki/balde
gasolina	noun	gasoline ( US , Canada ) ; petrol ( Australia , UK )	https://en.m.wiktionary.org/wiki/gasolina
gasolina	verb	to refuel with gasoline / petrol ; to gas up	https://en.m.wiktionary.org/wiki/gasolina
balagon	noun	vine	https://en.m.wiktionary.org/wiki/balagon
tagipusoon	noun	alternative form of tagiposoon	https://en.m.wiktionary.org/wiki/tagipusoon
layi	noun	adultery Synonym: láè	https://en.m.wiktionary.org/wiki/layi
layi	verb	to commit adultery	https://en.m.wiktionary.org/wiki/layi
butang	noun	item , matter , stuff , thing	https://en.m.wiktionary.org/wiki/butang
butang	noun	place	https://en.m.wiktionary.org/wiki/butang
butang	verb	to place an object, usually on a surface	https://en.m.wiktionary.org/wiki/butang
mapiguson	adjective	harsh	https://en.m.wiktionary.org/wiki/mapiguson
dosis	noun	dose , medicine	https://en.m.wiktionary.org/wiki/dosis
atake	noun	attack Synonym: salakay	https://en.m.wiktionary.org/wiki/atake
buling	noun	spot , stain	https://en.m.wiktionary.org/wiki/buling
buling	verb	stain , soil , dirty	https://en.m.wiktionary.org/wiki/buling
ra-ing	adjective	dirty , grimy , soiled . sullied	https://en.m.wiktionary.org/wiki/ra-ing
ra-ing	noun	dirt , grime	https://en.m.wiktionary.org/wiki/ra-ing
atomo	noun	( physics ) atom	https://en.m.wiktionary.org/wiki/atomo
hipos	adjective	silent ; quiet Synonym: humal	https://en.m.wiktionary.org/wiki/hipos
hagna	noun	motion , proposal	https://en.m.wiktionary.org/wiki/hagna
hagna	verb	to propose or intend	https://en.m.wiktionary.org/wiki/hagna
sadsad	verb	to trip ; to skip ; to dance ; to step nimbly or lightly	https://en.m.wiktionary.org/wiki/sadsad
sadsad	verb	to step on; to put one's foot upon	https://en.m.wiktionary.org/wiki/sadsad
sadsad	verb	to be supported by; to be founded by	https://en.m.wiktionary.org/wiki/sadsad
dalamhak	adjective	wayward	https://en.m.wiktionary.org/wiki/dalamhak
banta	noun	opinion	https://en.m.wiktionary.org/wiki/banta
banta	verb	guess , conjecture	https://en.m.wiktionary.org/wiki/banta
bugsay	noun	oar , paddle	https://en.m.wiktionary.org/wiki/bugsay
bugsay	verb	to oar or paddle	https://en.m.wiktionary.org/wiki/bugsay
hinambalan	noun	promise	https://en.m.wiktionary.org/wiki/hinambalan
bakyas	adjective	( of soil ) rocky , stony , barren	https://en.m.wiktionary.org/wiki/bakyas
bakyas	noun	stone , rock	https://en.m.wiktionary.org/wiki/bakyas
kasirum	noun	evening	https://en.m.wiktionary.org/wiki/kasirum
balong	adjective	drunk ; intoxicated Synonym: hubog	https://en.m.wiktionary.org/wiki/balong
dimatungkad	adjective	bottomless , inscrutable , unfathomable	https://en.m.wiktionary.org/wiki/dimatungkad
basta	adjective	enough	https://en.m.wiktionary.org/wiki/basta
alom	adjective	dark , dim	https://en.m.wiktionary.org/wiki/alom
alom	noun	( skin ) a mole	https://en.m.wiktionary.org/wiki/alom
gub-on	verb	disrupt	https://en.m.wiktionary.org/wiki/gub-on
alamilaw	verb	to doze	https://en.m.wiktionary.org/wiki/alamilaw
batok sa kasugoan	adjective	unconstitutional , unlawful	https://en.m.wiktionary.org/wiki/batok%20sa%20kasugoan
halit	verb	damage	https://en.m.wiktionary.org/wiki/halit
halit	verb	harm , injure	https://en.m.wiktionary.org/wiki/halit
upod	verb	to go with, to accompany	https://en.m.wiktionary.org/wiki/upod
upod	verb	to be with	https://en.m.wiktionary.org/wiki/upod
upod	verb	to get along with	https://en.m.wiktionary.org/wiki/upod
upod	adverb	too , also , as well as	https://en.m.wiktionary.org/wiki/upod
upod	adverb	again	https://en.m.wiktionary.org/wiki/upod
upod	noun	companion Synonym: kaupod	https://en.m.wiktionary.org/wiki/upod
uhaw	noun	thirst	https://en.m.wiktionary.org/wiki/uhaw
duyog	noun	inclination	https://en.m.wiktionary.org/wiki/duyog
basag-ulo	adjective	brainless , stupid , silly	https://en.m.wiktionary.org/wiki/basag-ulo
siko	noun	elbow	https://en.m.wiktionary.org/wiki/siko
kadugay	noun	duration	https://en.m.wiktionary.org/wiki/kadugay
aghon	noun	compass , more specifically a mariner 's compass	https://en.m.wiktionary.org/wiki/aghon
alugbati	noun	the Malabar spinach ( Basella alba )	https://en.m.wiktionary.org/wiki/alugbati
lagwerta	noun	orchard	https://en.m.wiktionary.org/wiki/lagwerta
lagwerta	noun	lawn	https://en.m.wiktionary.org/wiki/lagwerta
lagwerta	noun	garden Synonyms: hardin , talamnan	https://en.m.wiktionary.org/wiki/lagwerta
dimaisip	adjective	countless , innumerable	https://en.m.wiktionary.org/wiki/dimaisip
sibuyas	noun	onion	https://en.m.wiktionary.org/wiki/sibuyas
dogsing	verb	to nudge or stroke , often flirtatiously	https://en.m.wiktionary.org/wiki/dogsing
kasisit-an	noun	difficulties , troubles	https://en.m.wiktionary.org/wiki/kasisit-an
kabuang	noun	madness ; insanity	https://en.m.wiktionary.org/wiki/kabuang
kabuang	noun	foolishness ; folly ; idiocy	https://en.m.wiktionary.org/wiki/kabuang
balod	noun	wave	https://en.m.wiktionary.org/wiki/balod
baston	noun	cane	https://en.m.wiktionary.org/wiki/baston
baston	noun	stick	https://en.m.wiktionary.org/wiki/baston
ditil	noun	clitoris	https://en.m.wiktionary.org/wiki/ditil
amyon	noun	fragrance , scent , smell	https://en.m.wiktionary.org/wiki/amyon
mata	noun	( anatomy ) eye ( organ )	https://en.m.wiktionary.org/wiki/mata
hamot	noun	aroma , fragrance	https://en.m.wiktionary.org/wiki/hamot
numero	noun	number	https://en.m.wiktionary.org/wiki/numero
butho	verb	to visit ; to frequent Synonyms: bisita , duaw	https://en.m.wiktionary.org/wiki/butho
butho	verb	to go to school Synonym: eskuwela	https://en.m.wiktionary.org/wiki/butho
buylog	verb	accompany	https://en.m.wiktionary.org/wiki/buylog
buylog	verb	sympathize	https://en.m.wiktionary.org/wiki/buylog
babaye	noun	female ; woman or girl Coordinate term: lalake	https://en.m.wiktionary.org/wiki/babaye
sugod	verb	to begin	https://en.m.wiktionary.org/wiki/sugod
embudo	noun	funnel	https://en.m.wiktionary.org/wiki/embudo
maanyag	adjective	beautiful , seemly , pretty	https://en.m.wiktionary.org/wiki/maanyag
dulugokan	noun	attraction	https://en.m.wiktionary.org/wiki/dulugokan
kawkus	noun	caucus	https://en.m.wiktionary.org/wiki/kawkus
ilong	noun	nose	https://en.m.wiktionary.org/wiki/ilong
bokabularyo	noun	vocabulary	https://en.m.wiktionary.org/wiki/bokabularyo
gamot	noun	root	https://en.m.wiktionary.org/wiki/gamot
aritmetika	noun	arithmetic	https://en.m.wiktionary.org/wiki/aritmetika
gikan	noun	origin , where someone comes from	https://en.m.wiktionary.org/wiki/gikan
kawayan	noun	bamboo	https://en.m.wiktionary.org/wiki/kawayan
bagis	noun	shark	https://en.m.wiktionary.org/wiki/bagis
mainpolon	adjective	round	https://en.m.wiktionary.org/wiki/mainpolon
bario	noun	community , hamlet	https://en.m.wiktionary.org/wiki/bario
apan	noun	an adult locust	https://en.m.wiktionary.org/wiki/apan
bunggo	verb	bump , collide	https://en.m.wiktionary.org/wiki/bunggo
bunggo	verb	shove or throw with force	https://en.m.wiktionary.org/wiki/bunggo
dumaay	verb	fade	https://en.m.wiktionary.org/wiki/dumaay
ayag	verb	sift	https://en.m.wiktionary.org/wiki/ayag
baylo	verb	change , exchange , replace	https://en.m.wiktionary.org/wiki/baylo
bika	verb	to straddle	https://en.m.wiktionary.org/wiki/bika
bika	verb	to spread one's legs wide	https://en.m.wiktionary.org/wiki/bika
amba	verb	chant , sing	https://en.m.wiktionary.org/wiki/amba
hagmak	verb	fall down	https://en.m.wiktionary.org/wiki/hagmak
atog	noun	( anatomy ) glans penis	https://en.m.wiktionary.org/wiki/atog
butkon	noun	( anatomy ) arm	https://en.m.wiktionary.org/wiki/butkon
Katsila	adjective	Spanish Synonym: Espanyol	https://en.m.wiktionary.org/wiki/Katsila
Katsila	noun	Spaniard Synonym: Espanyol	https://en.m.wiktionary.org/wiki/Katsila
dalok	adjective	greedy , gluttonous	https://en.m.wiktionary.org/wiki/dalok
dalok	noun	glutton	https://en.m.wiktionary.org/wiki/dalok
dalok	verb	to be greedy	https://en.m.wiktionary.org/wiki/dalok
matay	verb	to die	https://en.m.wiktionary.org/wiki/matay
pigtot	noun	coccyx ; tailbone	https://en.m.wiktionary.org/wiki/pigtot
banda	noun	strap	https://en.m.wiktionary.org/wiki/banda
buyayaw	verb	to curse ; to swear	https://en.m.wiktionary.org/wiki/buyayaw
elektrisidad	noun	electricity	https://en.m.wiktionary.org/wiki/elektrisidad
abilidad	noun	ability , capacity	https://en.m.wiktionary.org/wiki/abilidad
abilidad	noun	talent , mastery	https://en.m.wiktionary.org/wiki/abilidad
abilidad	noun	knowledge	https://en.m.wiktionary.org/wiki/abilidad
abilidad	noun	dexterity	https://en.m.wiktionary.org/wiki/abilidad
daut	verb	to injure ; to harm	https://en.m.wiktionary.org/wiki/daut
daut	verb	to damage	https://en.m.wiktionary.org/wiki/daut
daut	verb	to impair	https://en.m.wiktionary.org/wiki/daut
daut	verb	to spoil	https://en.m.wiktionary.org/wiki/daut
daut	verb	to do harm ; to cause detriment	https://en.m.wiktionary.org/wiki/daut
harupot	noun	breeze Synonym: huyuhoy	https://en.m.wiktionary.org/wiki/harupot
abrigana	noun	apéritif	https://en.m.wiktionary.org/wiki/abrigana
abrigana	noun	appetizer	https://en.m.wiktionary.org/wiki/abrigana
abrigana	noun	hors d'oeuvre	https://en.m.wiktionary.org/wiki/abrigana
dagsang	verb	to fester	https://en.m.wiktionary.org/wiki/dagsang
diskusyon	noun	debate , discussion	https://en.m.wiktionary.org/wiki/diskusyon
bay-ad	noun	a type of seashell	https://en.m.wiktionary.org/wiki/bay-ad
abakan	noun	a small fish of a reddish color	https://en.m.wiktionary.org/wiki/abakan
daku	adjective	big , large	https://en.m.wiktionary.org/wiki/daku
daku	noun	bulk	https://en.m.wiktionary.org/wiki/daku
daku	noun	flame , light	https://en.m.wiktionary.org/wiki/daku
daku	noun	a copper coin that is now out of circulation	https://en.m.wiktionary.org/wiki/daku
dool	noun	cork , stopper , plug	https://en.m.wiktionary.org/wiki/dool
dool	noun	( of a tree ) offshoot , shoot	https://en.m.wiktionary.org/wiki/dool
dool	verb	to cork , stopper	https://en.m.wiktionary.org/wiki/dool
dool	verb	to establish firm contact with	https://en.m.wiktionary.org/wiki/dool
hinablos	noun	nephew ; niece	https://en.m.wiktionary.org/wiki/hinablos
dumalahan	noun	engineer , executive	https://en.m.wiktionary.org/wiki/dumalahan
daku kaayo	adjective	very big	https://en.m.wiktionary.org/wiki/daku%20kaayo
daku kaayo	adjective	exceptionally large	https://en.m.wiktionary.org/wiki/daku%20kaayo
daku kaayo	adjective	ponderous	https://en.m.wiktionary.org/wiki/daku%20kaayo
binaboy	adjective	hoggish , piggish	https://en.m.wiktionary.org/wiki/binaboy
budhi	noun	betrayal , treachery , foul play	https://en.m.wiktionary.org/wiki/budhi
budhi	verb	deceive , betray	https://en.m.wiktionary.org/wiki/budhi
isda	noun	fish	https://en.m.wiktionary.org/wiki/isda
lagwertero	noun	gardener	https://en.m.wiktionary.org/wiki/lagwertero
ginhawa	noun	breath , exhalation , inhalation , respiration	https://en.m.wiktionary.org/wiki/ginhawa
ilok	noun	( anatomy ) armpit	https://en.m.wiktionary.org/wiki/ilok
bagatnan	noun	south Synonym: habagatnan	https://en.m.wiktionary.org/wiki/bagatnan
abadesa	noun	abbess	https://en.m.wiktionary.org/wiki/abadesa
bilugon	noun	alternative spelling of bilogón	https://en.m.wiktionary.org/wiki/bilugon
buluhatan	noun	workshop	https://en.m.wiktionary.org/wiki/buluhatan
dakpulu	noun	continent Synonym: kontinente	https://en.m.wiktionary.org/wiki/dakpulu
bihag	noun	captive , prisoner	https://en.m.wiktionary.org/wiki/bihag
bihag	verb	to capture ; to take prisoner	https://en.m.wiktionary.org/wiki/bihag
bulus	noun	the beginning of a flood in a flooded river	https://en.m.wiktionary.org/wiki/bulus
bulus	noun	bale	https://en.m.wiktionary.org/wiki/bulus
bulus	verb	to substitute	https://en.m.wiktionary.org/wiki/bulus
hakuhaku	noun	haste	https://en.m.wiktionary.org/wiki/hakuhaku
sid-o	noun	hiccup Synonym: sikdo	https://en.m.wiktionary.org/wiki/sid-o
sid-o	verb	to have a hiccup Synonym: sikdo	https://en.m.wiktionary.org/wiki/sid-o
abiog	verb	to move to and fro, to swing or rock	https://en.m.wiktionary.org/wiki/abiog
balitadhan	noun	honeysuckle	https://en.m.wiktionary.org/wiki/balitadhan
bulukutan	noun	enclosure , pen	https://en.m.wiktionary.org/wiki/bulukutan
kabalyero	noun	knight	https://en.m.wiktionary.org/wiki/kabalyero
kabalyero	noun	fire-tree ( Caesalpinia pulcherrima )	https://en.m.wiktionary.org/wiki/kabalyero
distrito	noun	territory , province , district	https://en.m.wiktionary.org/wiki/distrito
abilay	noun	shawl	https://en.m.wiktionary.org/wiki/abilay
ulo	noun	( anatomy ) head	https://en.m.wiktionary.org/wiki/ulo
bailo	verb	change , barter , swap	https://en.m.wiktionary.org/wiki/bailo
unsa	noun	ounce	https://en.m.wiktionary.org/wiki/unsa
kawayanan	noun	bamboo grove	https://en.m.wiktionary.org/wiki/kawayanan
gibungan	noun	the junction of two or more rivers	https://en.m.wiktionary.org/wiki/gibungan
gibungan	noun	mouth of a river	https://en.m.wiktionary.org/wiki/gibungan
itot	verb	to have sexual intercourse with someone	https://en.m.wiktionary.org/wiki/itot
itot	interjection	when a person shocks suddenly	https://en.m.wiktionary.org/wiki/itot
huaran	noun	example	https://en.m.wiktionary.org/wiki/huaran
balota	noun	ballot	https://en.m.wiktionary.org/wiki/balota
dungog	noun	honor	https://en.m.wiktionary.org/wiki/dungog
dungog	noun	celebrity	https://en.m.wiktionary.org/wiki/dungog
dugang	noun	addition , increment	https://en.m.wiktionary.org/wiki/dugang
dugang	verb	to add or increase in number	https://en.m.wiktionary.org/wiki/dugang
delargo	noun	pants , trousers	https://en.m.wiktionary.org/wiki/delargo
bayoon	noun	fabric , textile	https://en.m.wiktionary.org/wiki/bayoon
dawhat	verb	receive	https://en.m.wiktionary.org/wiki/dawhat
abrasita	verb	hug	https://en.m.wiktionary.org/wiki/abrasita
habagat	noun	southwest monsoon	https://en.m.wiktionary.org/wiki/habagat
artikulo	noun	article	https://en.m.wiktionary.org/wiki/artikulo
karon	adverb	later Synonyms: gilayon , madason	https://en.m.wiktionary.org/wiki/karon
dohol	verb	hand	https://en.m.wiktionary.org/wiki/dohol
dohol	verb	to pass , reach	https://en.m.wiktionary.org/wiki/dohol
dumdum	verb	to recollect , remember , think	https://en.m.wiktionary.org/wiki/dumdum
timbangan	noun	scale	https://en.m.wiktionary.org/wiki/timbangan
timbangan	noun	a constellation of stars	https://en.m.wiktionary.org/wiki/timbangan
mabug-at	adjective	heavy	https://en.m.wiktionary.org/wiki/mabug-at
busol	noun	seed Synonym: liso	https://en.m.wiktionary.org/wiki/busol
dab-ot	verb	to reach out	https://en.m.wiktionary.org/wiki/dab-ot
dab-ot	verb	stretch	https://en.m.wiktionary.org/wiki/dab-ot
rami	adjective	pliable , soft	https://en.m.wiktionary.org/wiki/rami
grumete	noun	crew	https://en.m.wiktionary.org/wiki/grumete
balay	noun	home , house	https://en.m.wiktionary.org/wiki/balay
balay	noun	building	https://en.m.wiktionary.org/wiki/balay
gaang	verb	to heat , warm	https://en.m.wiktionary.org/wiki/gaang
duog	noun	place , site Synonym: lugar	https://en.m.wiktionary.org/wiki/duog
duog	noun	village Synonym: baryo	https://en.m.wiktionary.org/wiki/duog
titi	noun	( anatomy ) breast	https://en.m.wiktionary.org/wiki/titi
alimosan	noun	mudskipper	https://en.m.wiktionary.org/wiki/alimosan
abrisita	verb	alternative spelling of abrasíta	https://en.m.wiktionary.org/wiki/abrisita
ala-asawa	noun	concubine , mistress	https://en.m.wiktionary.org/wiki/ala-asawa
baybay	noun	beach , coast , shore	https://en.m.wiktionary.org/wiki/baybay
gamosa	noun	velvet	https://en.m.wiktionary.org/wiki/gamosa
asilo	noun	asylum , protection , shelter , refuge	https://en.m.wiktionary.org/wiki/asilo
kadalag-an	noun	success	https://en.m.wiktionary.org/wiki/kadalag-an
takuri	noun	kettle	https://en.m.wiktionary.org/wiki/takuri
abu	noun	ash	https://en.m.wiktionary.org/wiki/abu
dinalan	noun	sentence , word . verse	https://en.m.wiktionary.org/wiki/dinalan
balangaw	noun	rainbow	https://en.m.wiktionary.org/wiki/balangaw
gora	noun	bonnet , cap	https://en.m.wiktionary.org/wiki/gora
bokbok	noun	a type of boring insect	https://en.m.wiktionary.org/wiki/bokbok
bokbok	verb	crush , grind , mash , pound , powderise	https://en.m.wiktionary.org/wiki/bokbok
hal-o	noun	pestle	https://en.m.wiktionary.org/wiki/hal-o
buluhaton	noun	errand ; task	https://en.m.wiktionary.org/wiki/buluhaton
bao	noun	tortoise , turtle	https://en.m.wiktionary.org/wiki/bao
bao	noun	( vehicles , automotive , slang ) Volkswagen Beetle	https://en.m.wiktionary.org/wiki/bao
butwas	verb	raise something to the surface	https://en.m.wiktionary.org/wiki/butwas
damang	noun	spider	https://en.m.wiktionary.org/wiki/damang
kutsara	noun	spoon	https://en.m.wiktionary.org/wiki/kutsara
baluyot	noun	sack ; bag ; pouch ; wallet	https://en.m.wiktionary.org/wiki/baluyot
amat	adjective	gradual , step-by-step , slow	https://en.m.wiktionary.org/wiki/amat
bakolod	noun	hill ; hillock ; mound ; slope	https://en.m.wiktionary.org/wiki/bakolod
batiya	noun	washbasin ; washbowl	https://en.m.wiktionary.org/wiki/batiya
paa	noun	thigh	https://en.m.wiktionary.org/wiki/paa
paa	noun	haunch (of a horse , stag , etc.)	https://en.m.wiktionary.org/wiki/paa
lipay	adjective	happy ; glad	https://en.m.wiktionary.org/wiki/lipay
lipay	verb	to gladden	https://en.m.wiktionary.org/wiki/lipay
lipay	verb	to be happy	https://en.m.wiktionary.org/wiki/lipay
ngalan	noun	name	https://en.m.wiktionary.org/wiki/ngalan
aslum	noun	sourness	https://en.m.wiktionary.org/wiki/aslum
aslum	noun	acidity	https://en.m.wiktionary.org/wiki/aslum
aslum	verb	to sour	https://en.m.wiktionary.org/wiki/aslum
gabuk	adjective	rotten , decayed , decomposed	https://en.m.wiktionary.org/wiki/gabuk
gabuk	verb	to be rotten or decomposing	https://en.m.wiktionary.org/wiki/gabuk
kauswagan	noun	advancement ; improvement ; progress	https://en.m.wiktionary.org/wiki/kauswagan
bawi	verb	to redeem , deliver , set free , release , or liberate	https://en.m.wiktionary.org/wiki/bawi
maagol	adjective	lazy , indolent , idle	https://en.m.wiktionary.org/wiki/maagol
anyil	adjective	indigo	https://en.m.wiktionary.org/wiki/anyil
almidon	noun	starch	https://en.m.wiktionary.org/wiki/almidon
amaynon	adjective	paternal	https://en.m.wiktionary.org/wiki/amaynon
duaw	noun	visit Synonym: dalaw	https://en.m.wiktionary.org/wiki/duaw
gulang	noun	age Synonym: edad	https://en.m.wiktionary.org/wiki/gulang
gulang	adjective	mature , ripe Synonym: tanang Antonym: hilaw	https://en.m.wiktionary.org/wiki/gulang
halin	verb	to leave ; to depart	https://en.m.wiktionary.org/wiki/halin
polbora	noun	gunpowder	https://en.m.wiktionary.org/wiki/polbora
milok	noun	eyelash	https://en.m.wiktionary.org/wiki/milok
kalipay	noun	happiness ; joy	https://en.m.wiktionary.org/wiki/kalipay
manipis	adjective	thin Antonym: madamol	https://en.m.wiktionary.org/wiki/manipis
alam	noun	knowledge , learning	https://en.m.wiktionary.org/wiki/alam
baug	adjective	barren	https://en.m.wiktionary.org/wiki/baug
baug	adjective	grey , old	https://en.m.wiktionary.org/wiki/baug
bunyag	noun	baptism	https://en.m.wiktionary.org/wiki/bunyag
hanluk	adjective	alternative spelling of hánlug	https://en.m.wiktionary.org/wiki/hanluk
hanluk	noun	mosquito	https://en.m.wiktionary.org/wiki/hanluk
lap-ok	noun	blister	https://en.m.wiktionary.org/wiki/lap-ok
tulak	verb	to throw ; to pitch	https://en.m.wiktionary.org/wiki/tulak
tulak	verb	to push away	https://en.m.wiktionary.org/wiki/tulak
alagad	noun	employee ; follower ; servant	https://en.m.wiktionary.org/wiki/alagad
alagad	verb	to wait for someone	https://en.m.wiktionary.org/wiki/alagad
alagad	verb	to serve	https://en.m.wiktionary.org/wiki/alagad
buligan	verb	to aid , to help	https://en.m.wiktionary.org/wiki/buligan
banas	noun	path ; trail ; lane Synonym: dalan	https://en.m.wiktionary.org/wiki/banas
ikog	noun	tail	https://en.m.wiktionary.org/wiki/ikog
ikog	verb	to tail ( follow closely )	https://en.m.wiktionary.org/wiki/ikog
atop	noun	roof Synonym: bubongan	https://en.m.wiktionary.org/wiki/atop
atsara	noun	pickles	https://en.m.wiktionary.org/wiki/atsara
gahud	noun	clatter , noise	https://en.m.wiktionary.org/wiki/gahud
gahud	noun	( sound ) : rattle	https://en.m.wiktionary.org/wiki/gahud
gahud	noun	sound	https://en.m.wiktionary.org/wiki/gahud
langoy	noun	swim Synonym: dangaw	https://en.m.wiktionary.org/wiki/langoy
sidlangan	noun	east Synonym: mulud-an	https://en.m.wiktionary.org/wiki/sidlangan
sidlangan	adjective	east ; eastern	https://en.m.wiktionary.org/wiki/sidlangan
kubrekama	noun	bedsheet ; bedspread	https://en.m.wiktionary.org/wiki/kubrekama
balatas	noun	galaxy	https://en.m.wiktionary.org/wiki/balatas
agi-agi	adjective	diminutive of agî	https://en.m.wiktionary.org/wiki/agi-agi
agi-agi	adjective	diminutive of ági	https://en.m.wiktionary.org/wiki/agi-agi
agi-agi	adjective	transient , transitory , or passing	https://en.m.wiktionary.org/wiki/agi-agi
dyanitor	noun	janitor	https://en.m.wiktionary.org/wiki/dyanitor
bangkil	noun	tusk	https://en.m.wiktionary.org/wiki/bangkil
awa	noun	compassion , mercy , pity	https://en.m.wiktionary.org/wiki/awa
almoranas	noun	( pathology ) hemorrhoid	https://en.m.wiktionary.org/wiki/almoranas
almoranas	verb	to be afflicted with hemorrhoids	https://en.m.wiktionary.org/wiki/almoranas
lomot	noun	moss ( plants of the division Bryophyta )	https://en.m.wiktionary.org/wiki/lomot
balatong	noun	yardlong bean	https://en.m.wiktionary.org/wiki/balatong
balatong	noun	vegetables Synonym: utan	https://en.m.wiktionary.org/wiki/balatong
dungkul	noun	firewood , log	https://en.m.wiktionary.org/wiki/dungkul
abiar	verb	to invite	https://en.m.wiktionary.org/wiki/abiar
abiar	verb	to provision for a journey	https://en.m.wiktionary.org/wiki/abiar
basag	adjective	cracked , dull , hollow	https://en.m.wiktionary.org/wiki/basag
pahat	verb	to share ; to divide	https://en.m.wiktionary.org/wiki/pahat
fresa	noun	strawberry	https://en.m.wiktionary.org/wiki/fresa
adorasyon	noun	worship	https://en.m.wiktionary.org/wiki/adorasyon
dogwak	noun	( animals ) : crane , heron	https://en.m.wiktionary.org/wiki/dogwak
bairan	noun	whetstone	https://en.m.wiktionary.org/wiki/bairan
kutsarita	noun	teaspoon	https://en.m.wiktionary.org/wiki/kutsarita
hiyas	noun	jewel	https://en.m.wiktionary.org/wiki/hiyas
monyeka	noun	doll	https://en.m.wiktionary.org/wiki/monyeka
sibat	noun	spear	https://en.m.wiktionary.org/wiki/sibat
kahubug	noun	drunkenness ; intoxication ; inebriation	https://en.m.wiktionary.org/wiki/kahubug
abtan	verb	arrive	https://en.m.wiktionary.org/wiki/abtan
balhag	adjective	printed , published	https://en.m.wiktionary.org/wiki/balhag
balhag	verb	print , publish	https://en.m.wiktionary.org/wiki/balhag
bumulutho	noun	schoolboy , schoolgirl , student	https://en.m.wiktionary.org/wiki/bumulutho
abraso	verb	hug , embrace	https://en.m.wiktionary.org/wiki/abraso
danlug	noun	slipperiness or greasiness	https://en.m.wiktionary.org/wiki/danlug
kagayonan	noun	splendor	https://en.m.wiktionary.org/wiki/kagayonan
bukana	noun	mouth ( of a river )	https://en.m.wiktionary.org/wiki/bukana
hal-u	noun	pestle	https://en.m.wiktionary.org/wiki/hal-u
galab	noun	scythe , sickle	https://en.m.wiktionary.org/wiki/galab
dumot	noun	hatred , indignation , rage	https://en.m.wiktionary.org/wiki/dumot
kaon	verb	to eat ; to dine Kaon ta! Let's eat !	https://en.m.wiktionary.org/wiki/kaon
buluthoan	noun	place of reunion , meetinghouse	https://en.m.wiktionary.org/wiki/buluthoan
buluthoan	noun	school Synonyms: eskuwela , eskuwelahan	https://en.m.wiktionary.org/wiki/buluthoan
aparador	noun	cupboard , dresser , sideboard	https://en.m.wiktionary.org/wiki/aparador
bal-ag	noun	a metal file	https://en.m.wiktionary.org/wiki/bal-ag
bilogon	noun	a cane or cudgel	https://en.m.wiktionary.org/wiki/bilogon
lawas	noun	( anatomy ) body ; torso	https://en.m.wiktionary.org/wiki/lawas
lawas	noun	cadaver ; corpse ; dead body Synonyms: bangkay , patay	https://en.m.wiktionary.org/wiki/lawas
tubig	noun	water	https://en.m.wiktionary.org/wiki/tubig
tubig	verb	to water	https://en.m.wiktionary.org/wiki/tubig
dalitan	adjective	poisonous , venomous	https://en.m.wiktionary.org/wiki/dalitan
ulan	noun	rain	https://en.m.wiktionary.org/wiki/ulan
sapding	verb	touch , graze , come in contact with	https://en.m.wiktionary.org/wiki/sapding
dagangdang	adjective	red , scarlet	https://en.m.wiktionary.org/wiki/dagangdang
isa pa	adjective	likewise , plus	https://en.m.wiktionary.org/wiki/isa%20pa
isa pa	adjective	another	https://en.m.wiktionary.org/wiki/isa%20pa
asibar	noun	aloe vera	https://en.m.wiktionary.org/wiki/asibar
mabinantayon	adjective	watchful	https://en.m.wiktionary.org/wiki/mabinantayon
balaw	noun	asphalt , pitch , resin , tar	https://en.m.wiktionary.org/wiki/balaw
balaw	particle	( interrogative ) questions listener's thoughts or opinions, often in a conditional sense	https://en.m.wiktionary.org/wiki/balaw
abelyana	adjective	brown , hazel	https://en.m.wiktionary.org/wiki/abelyana
abelyana	noun	hazelnut	https://en.m.wiktionary.org/wiki/abelyana
bawod sang mga tudlo	noun	wave (literally, bent fingers)	https://en.m.wiktionary.org/wiki/bawod%20sang%20mga%20tudlo
bati	verb	to suffer	https://en.m.wiktionary.org/wiki/bati
bati	verb	( negative ) to feel	https://en.m.wiktionary.org/wiki/bati
bati	verb	to hear	https://en.m.wiktionary.org/wiki/bati
bati	verb	( cooking ) to beat , stir	https://en.m.wiktionary.org/wiki/bati
babayi	noun	alternative form of babaye	https://en.m.wiktionary.org/wiki/babayi
baliko	noun	arch	https://en.m.wiktionary.org/wiki/baliko
baliko	noun	shape of an arch	https://en.m.wiktionary.org/wiki/baliko
dagutdut	noun	alternative spelling of dagótdot	https://en.m.wiktionary.org/wiki/dagutdut
basi	adverb	perhaps	https://en.m.wiktionary.org/wiki/basi
basi	noun	a type of rice beer	https://en.m.wiktionary.org/wiki/basi
butiti	noun	pufferfish	https://en.m.wiktionary.org/wiki/butiti
apdo	noun	bile , gall	https://en.m.wiktionary.org/wiki/apdo
apdo	noun	( anatomy ) gall bladder	https://en.m.wiktionary.org/wiki/apdo
binhi	noun	grain Synonym: lamigas	https://en.m.wiktionary.org/wiki/binhi
diwata	noun	( mythology , folklore ) a diwata	https://en.m.wiktionary.org/wiki/diwata
kadumut	noun	alternative spelling of kadumot	https://en.m.wiktionary.org/wiki/kadumut
butig	noun	lie , untruth	https://en.m.wiktionary.org/wiki/butig
ramay	noun	rice	https://en.m.wiktionary.org/wiki/ramay
gatong	noun	firewood ; fuel	https://en.m.wiktionary.org/wiki/gatong
gatong	verb	to fuel	https://en.m.wiktionary.org/wiki/gatong
aloy	noun	feign sickness; malinger	https://en.m.wiktionary.org/wiki/aloy
damol	noun	thickness Antonym: nipis	https://en.m.wiktionary.org/wiki/damol
kapid	noun	twin	https://en.m.wiktionary.org/wiki/kapid
kapid	noun	twins	https://en.m.wiktionary.org/wiki/kapid
kapid	adjective	joined side to side ; double	https://en.m.wiktionary.org/wiki/kapid
maramig	adjective	cold , stiff	https://en.m.wiktionary.org/wiki/maramig
bali	adjective	broken	https://en.m.wiktionary.org/wiki/bali
bali	verb	break	https://en.m.wiktionary.org/wiki/bali
bisan sin-o	noun	anybody , whoever	https://en.m.wiktionary.org/wiki/bisan%20sin-o
too	adjective	dexter , right	https://en.m.wiktionary.org/wiki/too
guray-guray	noun	stripe	https://en.m.wiktionary.org/wiki/guray-guray
magbukal	verb	to seethe , to bubble , to produce foam Synonym: magbula	https://en.m.wiktionary.org/wiki/magbukal
likay	verb	to avoid by moving suddenly out of the way ; to dodge	https://en.m.wiktionary.org/wiki/likay
likay	verb	to escape ; to slip away ; to evade ; to elude	https://en.m.wiktionary.org/wiki/likay
likay	verb	to avoid ; to keep away from; to keep clear of; to shun	https://en.m.wiktionary.org/wiki/likay
hulusayon	noun	question	https://en.m.wiktionary.org/wiki/hulusayon
dumukot	verb	to stick	https://en.m.wiktionary.org/wiki/dumukot
basol	noun	blame	https://en.m.wiktionary.org/wiki/basol
basol	noun	reprimand ; scolding	https://en.m.wiktionary.org/wiki/basol
basol	verb	to blame	https://en.m.wiktionary.org/wiki/basol
basol	verb	to chide ; to scold	https://en.m.wiktionary.org/wiki/basol
hanginero	noun	windbag ; braggart Synonym: hanginon	https://en.m.wiktionary.org/wiki/hanginero
tangkugo	noun	( anatomy ) nape	https://en.m.wiktionary.org/wiki/tangkugo
tangkugo	verb	to hit at the nape	https://en.m.wiktionary.org/wiki/tangkugo
babha	noun	wound , gash	https://en.m.wiktionary.org/wiki/babha
almanaki	noun	almanac , calendar	https://en.m.wiktionary.org/wiki/almanaki
dikta	verb	dictate	https://en.m.wiktionary.org/wiki/dikta
bilin	noun	remainder	https://en.m.wiktionary.org/wiki/bilin
bilin	verb	order , command	https://en.m.wiktionary.org/wiki/bilin
Binisaya	adjective	Visayan	https://en.m.wiktionary.org/wiki/Binisaya
kalagday	noun	gentleness , tenderness	https://en.m.wiktionary.org/wiki/kalagday
absolusyon	noun	absolution , acquittal	https://en.m.wiktionary.org/wiki/absolusyon
abyerto	adjective	alternative form of abiérto	https://en.m.wiktionary.org/wiki/abyerto
abrilatas	noun	can opener	https://en.m.wiktionary.org/wiki/abrilatas
sabila	noun	aloe	https://en.m.wiktionary.org/wiki/sabila
matahum	adjective	beautiful , seemly , pretty	https://en.m.wiktionary.org/wiki/matahum
sagup	verb	rescue , save	https://en.m.wiktionary.org/wiki/sagup
lingkoranan	noun	chair Synonym: siya	https://en.m.wiktionary.org/wiki/lingkoranan
depekto	noun	defect , flaw	https://en.m.wiktionary.org/wiki/depekto
tanyag	verb	offer , proffer	https://en.m.wiktionary.org/wiki/tanyag
ananay	adjective	gentle , mild , soft , slow , noiseless , quiet , tranquil , quietly	https://en.m.wiktionary.org/wiki/ananay
haligi	noun	pillar	https://en.m.wiktionary.org/wiki/haligi
haligi	noun	post	https://en.m.wiktionary.org/wiki/haligi
kusina	noun	kitchen	https://en.m.wiktionary.org/wiki/kusina
sulog	noun	rooster	https://en.m.wiktionary.org/wiki/sulog
bitay	verb	hang , suspend	https://en.m.wiktionary.org/wiki/bitay
tapan	verb	to level or make even	https://en.m.wiktionary.org/wiki/tapan
bigki	noun	edge ; rim ; bank ( of a river )	https://en.m.wiktionary.org/wiki/bigki
dagangbulan	noun	March	https://en.m.wiktionary.org/wiki/dagangbulan
subay	noun	ant	https://en.m.wiktionary.org/wiki/subay
dumungka	verb	harbor , land	https://en.m.wiktionary.org/wiki/dumungka
tibunog	adjective	fat , plump , stout	https://en.m.wiktionary.org/wiki/tibunog
anak nga babae	noun	daughter	https://en.m.wiktionary.org/wiki/anak%20nga%20babae
hangaway	adjective	martial , warlike	https://en.m.wiktionary.org/wiki/hangaway
hangaway	noun	warrior , fighter	https://en.m.wiktionary.org/wiki/hangaway
bilwa	verb	dislocate , sprain	https://en.m.wiktionary.org/wiki/bilwa
kaagahon	noun	dawn	https://en.m.wiktionary.org/wiki/kaagahon
abukay	verb	to rummage , to disturb the surface of	https://en.m.wiktionary.org/wiki/abukay
balising	noun	cross-eyed squint	https://en.m.wiktionary.org/wiki/balising
tandaan	noun	sign , signal	https://en.m.wiktionary.org/wiki/tandaan
tandaan	noun	mark , note	https://en.m.wiktionary.org/wiki/tandaan
madanlog	adjective	elusive , or slippery	https://en.m.wiktionary.org/wiki/madanlog
bola	noun	ball	https://en.m.wiktionary.org/wiki/bola
habyog	noun	swing	https://en.m.wiktionary.org/wiki/habyog
garahe	noun	garage	https://en.m.wiktionary.org/wiki/garahe
bulungan	noun	spindle , spinning wheel	https://en.m.wiktionary.org/wiki/bulungan
dawdaw	verb	turn , spin	https://en.m.wiktionary.org/wiki/dawdaw
manang	noun	eldest sister	https://en.m.wiktionary.org/wiki/manang
manang	noun	elder sister ; big sister	https://en.m.wiktionary.org/wiki/manang
manang	noun	term of address for an elder sister or the eldest sister : big sis	https://en.m.wiktionary.org/wiki/manang
manang	noun	term of address for any woman older than the speaker, not necessarily an elderly woman : ma'am	https://en.m.wiktionary.org/wiki/manang
bendita	noun	blessing	https://en.m.wiktionary.org/wiki/bendita
bendita	verb	( transitive ) bless	https://en.m.wiktionary.org/wiki/bendita
gusok	noun	( anatomy ) rib	https://en.m.wiktionary.org/wiki/gusok
adobi	noun	adobe	https://en.m.wiktionary.org/wiki/adobi
aypon	noun	protege	https://en.m.wiktionary.org/wiki/aypon
dalagku	adjective	big , large	https://en.m.wiktionary.org/wiki/dalagku
duyong	noun	dugong , sea cow	https://en.m.wiktionary.org/wiki/duyong
kasag	noun	blue crab , Portunus pelagicus ( a large crab found in the intertidal estuaries of the Philippine and other Southeast Asian waters )	https://en.m.wiktionary.org/wiki/kasag
bululngon	noun	sick person	https://en.m.wiktionary.org/wiki/bululngon
ad-adan	noun	slicer , a frame knife	https://en.m.wiktionary.org/wiki/ad-adan
balidha	noun	law ; legislation	https://en.m.wiktionary.org/wiki/balidha
abibar	verb	to urge , encourage , rouse	https://en.m.wiktionary.org/wiki/abibar
utak	noun	knife Synonym: kutsilyo	https://en.m.wiktionary.org/wiki/utak
utak	noun	bolo Synonym: binangon	https://en.m.wiktionary.org/wiki/utak
pungko	verb	to sit Synonym: lingkod	https://en.m.wiktionary.org/wiki/pungko
banaag	noun	gleam	https://en.m.wiktionary.org/wiki/banaag
banaag	noun	daybreak	https://en.m.wiktionary.org/wiki/banaag
damo	verb	to increase , multiply	https://en.m.wiktionary.org/wiki/damo
gutok	adjective	tight	https://en.m.wiktionary.org/wiki/gutok
gutok	adjective	crowded	https://en.m.wiktionary.org/wiki/gutok
bat-ol	adjective	dull , stupid , or obstinate	https://en.m.wiktionary.org/wiki/bat-ol
katulundan	noun	sunset	https://en.m.wiktionary.org/wiki/katulundan
katulundan	noun	west	https://en.m.wiktionary.org/wiki/katulundan
agalon	noun	boss , employer , lord , master	https://en.m.wiktionary.org/wiki/agalon
abay	verb	to enter ; join	https://en.m.wiktionary.org/wiki/abay
abay	verb	to associate ; mingle	https://en.m.wiktionary.org/wiki/abay
agda	verb	to invite	https://en.m.wiktionary.org/wiki/agda
puok	noun	district , territory	https://en.m.wiktionary.org/wiki/puok
puok	noun	place	https://en.m.wiktionary.org/wiki/puok
bokol	noun	bud , flower	https://en.m.wiktionary.org/wiki/bokol
bokol	noun	knob	https://en.m.wiktionary.org/wiki/bokol
kalan-on	noun	food , especially rice	https://en.m.wiktionary.org/wiki/kalan-on
dapig	noun	companion , partner	https://en.m.wiktionary.org/wiki/dapig
dapig	noun	pair	https://en.m.wiktionary.org/wiki/dapig
dapig	verb	aid , assist , help	https://en.m.wiktionary.org/wiki/dapig
bilid	verb	examine , handle , inspect	https://en.m.wiktionary.org/wiki/bilid
gawi	noun	conduct	https://en.m.wiktionary.org/wiki/gawi
gwardya	noun	guard ; watch	https://en.m.wiktionary.org/wiki/gwardya
eskandalo	noun	scandal	https://en.m.wiktionary.org/wiki/eskandalo
ahedres	noun	chess	https://en.m.wiktionary.org/wiki/ahedres
buslot	noun	aperture , hole	https://en.m.wiktionary.org/wiki/buslot
buslot	noun	rent , gash	https://en.m.wiktionary.org/wiki/buslot
aliwatan	noun	wrist	https://en.m.wiktionary.org/wiki/aliwatan
kalooy	noun	mercy Synonym: awa	https://en.m.wiktionary.org/wiki/kalooy
kalooy	noun	compassion	https://en.m.wiktionary.org/wiki/kalooy
magbulig	verb	to aid , to help	https://en.m.wiktionary.org/wiki/magbulig
balaan	adjective	divine , holy , pious , upright , virtuous	https://en.m.wiktionary.org/wiki/balaan
halog	adjective	ample	https://en.m.wiktionary.org/wiki/halog
halog	adjective	loose	https://en.m.wiktionary.org/wiki/halog
hinguyang	noun	expense	https://en.m.wiktionary.org/wiki/hinguyang
korason	noun	( anatomy ) heart Synonym: kasingkasing	https://en.m.wiktionary.org/wiki/korason
alpombra	noun	carpet ; rug	https://en.m.wiktionary.org/wiki/alpombra
ahiti	noun	leek	https://en.m.wiktionary.org/wiki/ahiti
kuul	noun	snail	https://en.m.wiktionary.org/wiki/kuul
dis-og	verb	jostle , push	https://en.m.wiktionary.org/wiki/dis-og
kamalig	noun	barn	https://en.m.wiktionary.org/wiki/kamalig
pamuyayaw	verb	frequentative of buyáyaw	https://en.m.wiktionary.org/wiki/pamuyayaw
pamuyayaw	verb	to curse and swear	https://en.m.wiktionary.org/wiki/pamuyayaw
timawa	noun	a citizen or member of a community	https://en.m.wiktionary.org/wiki/timawa
timawa	verb	to free or liberate	https://en.m.wiktionary.org/wiki/timawa
dimasaysay	adjective	inexplicable , mysterious	https://en.m.wiktionary.org/wiki/dimasaysay
bagon	noun	wagon	https://en.m.wiktionary.org/wiki/bagon
hupa	noun	nightmare	https://en.m.wiktionary.org/wiki/hupa
busal	noun	bridle , muzzle	https://en.m.wiktionary.org/wiki/busal
ginoo	noun	deity ; god	https://en.m.wiktionary.org/wiki/ginoo
andam	adjective	careful , cautious , wary Synonyms: tagam , paiway	https://en.m.wiktionary.org/wiki/andam
anekdota	noun	anecdote	https://en.m.wiktionary.org/wiki/anekdota
bandera	noun	flag	https://en.m.wiktionary.org/wiki/bandera
banyo	noun	bathroom	https://en.m.wiktionary.org/wiki/banyo
banyo	noun	shower	https://en.m.wiktionary.org/wiki/banyo
itom	adjective	black ( absorbing all light )	https://en.m.wiktionary.org/wiki/itom
itom	noun	black ( color/colour )	https://en.m.wiktionary.org/wiki/itom
liso	noun	seed Synonym: busol	https://en.m.wiktionary.org/wiki/liso
pamulut	verb	frequentative of púlut	https://en.m.wiktionary.org/wiki/pamulut
dalang-dalang	adjective	astray	https://en.m.wiktionary.org/wiki/dalang-dalang
dalang-dalang	verb	to lose one's way	https://en.m.wiktionary.org/wiki/dalang-dalang
ankla	noun	anchor	https://en.m.wiktionary.org/wiki/ankla
ankla	verb	anchor	https://en.m.wiktionary.org/wiki/ankla
punse	noun	a mixed alcoholic drink	https://en.m.wiktionary.org/wiki/punse
abadia	noun	abbey	https://en.m.wiktionary.org/wiki/abadia
beberon	noun	nozzle of a baby bottle	https://en.m.wiktionary.org/wiki/beberon
bangdan	noun	cause , reason , motive	https://en.m.wiktionary.org/wiki/bangdan
aroro	noun	arrowroot	https://en.m.wiktionary.org/wiki/aroro
abokado	noun	avocado	https://en.m.wiktionary.org/wiki/abokado
dawdawan	noun	machine , mill	https://en.m.wiktionary.org/wiki/dawdawan
batuta	noun	baton	https://en.m.wiktionary.org/wiki/batuta
batuta	noun	rule , sway	https://en.m.wiktionary.org/wiki/batuta
guray	noun	streak , stripe	https://en.m.wiktionary.org/wiki/guray
kabugaw	noun	pomelo , grapefruit	https://en.m.wiktionary.org/wiki/kabugaw
kabanyagaan	adjective	mean , malicious , vile , wicked	https://en.m.wiktionary.org/wiki/kabanyagaan
kabanyagaan	noun	wickedness , malice	https://en.m.wiktionary.org/wiki/kabanyagaan
gatasan	verb	milk	https://en.m.wiktionary.org/wiki/gatasan
diskurso	noun	speech	https://en.m.wiktionary.org/wiki/diskurso
baba	noun	mouth	https://en.m.wiktionary.org/wiki/baba
maitum	adjective	black	https://en.m.wiktionary.org/wiki/maitum
lansang	noun	nail ( spike-shaped metal fastener )	https://en.m.wiktionary.org/wiki/lansang
lansang	verb	to nail	https://en.m.wiktionary.org/wiki/lansang
alipasa	verb	hurry , rush	https://en.m.wiktionary.org/wiki/alipasa
balaod	noun	dysentery	https://en.m.wiktionary.org/wiki/balaod
batungdaan	noun	monument (literally, old stone)	https://en.m.wiktionary.org/wiki/batungdaan
batobato	noun	kidney	https://en.m.wiktionary.org/wiki/batobato
idalum	noun	underneath ; beneath ; below	https://en.m.wiktionary.org/wiki/idalum
hulip	noun	patch	https://en.m.wiktionary.org/wiki/hulip
berso	noun	verse , poem Synonym: balaybay	https://en.m.wiktionary.org/wiki/berso
agwatato	noun	pimp	https://en.m.wiktionary.org/wiki/agwatato
agwatato	noun	procurer ( someone who arranges for prostitution )	https://en.m.wiktionary.org/wiki/agwatato
abaganhan	adjective	broad - shouldered	https://en.m.wiktionary.org/wiki/abaganhan
ingol	noun	scarcity , dearth	https://en.m.wiktionary.org/wiki/ingol
alang-ang	noun	trivial cold ; slight fever	https://en.m.wiktionary.org/wiki/alang-ang
distansya	noun	distance , remoteness	https://en.m.wiktionary.org/wiki/distansya
distansya	noun	an interval of time or space	https://en.m.wiktionary.org/wiki/distansya
angkab	verb	bite	https://en.m.wiktionary.org/wiki/angkab
katig	noun	outrigger float	https://en.m.wiktionary.org/wiki/katig
angkod	noun	incisor ; front teeth	https://en.m.wiktionary.org/wiki/angkod
tanhaga	adjective	extraordinary , marvelous , wonderful	https://en.m.wiktionary.org/wiki/tanhaga
tanhaga	noun	marvel , wonder	https://en.m.wiktionary.org/wiki/tanhaga
maambong	adjective	nice	https://en.m.wiktionary.org/wiki/maambong
maambong	adjective	gorgeous , lovely	https://en.m.wiktionary.org/wiki/maambong
maambong	adjective	decent , modest , or proper	https://en.m.wiktionary.org/wiki/maambong
ada	noun	fairy	https://en.m.wiktionary.org/wiki/ada
talong	noun	eggplant ( US ) ; aubergine ( UK )	https://en.m.wiktionary.org/wiki/talong
adikdik	noun	dandruff	https://en.m.wiktionary.org/wiki/adikdik
abut-abut	verb	frequentative of abút	https://en.m.wiktionary.org/wiki/abut-abut
abut-abut	verb	following in quick succession	https://en.m.wiktionary.org/wiki/abut-abut
abut-abut	verb	frequentative of ábut : to come and go	https://en.m.wiktionary.org/wiki/abut-abut
buhin	noun	subtraction	https://en.m.wiktionary.org/wiki/buhin
buhin	verb	to lessen , subtract , or diminish	https://en.m.wiktionary.org/wiki/buhin
frankiyo	noun	postage	https://en.m.wiktionary.org/wiki/frankiyo
soldado	noun	soldier	https://en.m.wiktionary.org/wiki/soldado
batiis	noun	calf , leg , limb	https://en.m.wiktionary.org/wiki/batiis
dumar	verb	tame , train	https://en.m.wiktionary.org/wiki/dumar
lakon	verb	to deceive ; to cheat ; to swindle Synonym: lakum	https://en.m.wiktionary.org/wiki/lakon
lakon	verb	to embezzle ; to misappropriate	https://en.m.wiktionary.org/wiki/lakon
atay	noun	( anatomy ) liver	https://en.m.wiktionary.org/wiki/atay
bunayag makig-atubang	adjective	genial	https://en.m.wiktionary.org/wiki/bunayag%20makig-atubang
Biyernes	noun	Friday	https://en.m.wiktionary.org/wiki/Biyernes
bulak-bulak	noun	diminutive of búlak	https://en.m.wiktionary.org/wiki/bulak-bulak
panganud	noun	cloud	https://en.m.wiktionary.org/wiki/panganud
bahol	adjective	odor , smell , stink	https://en.m.wiktionary.org/wiki/bahol
fuersa	noun	force , strength , vigor	https://en.m.wiktionary.org/wiki/fuersa
fuersa	noun	coercion , compulsion	https://en.m.wiktionary.org/wiki/fuersa
fuersa	verb	to force , compel	https://en.m.wiktionary.org/wiki/fuersa
banhay	noun	a moderate slope or incline	https://en.m.wiktionary.org/wiki/banhay
gutom	adjective	famished , hungry	https://en.m.wiktionary.org/wiki/gutom
gutom	noun	hunger	https://en.m.wiktionary.org/wiki/gutom
dugmok	verb	to break by applying pressure or weight , to crush	https://en.m.wiktionary.org/wiki/dugmok
algodon	noun	cotton	https://en.m.wiktionary.org/wiki/algodon
dupak	adjective	dirty , foul , obscene , smutty	https://en.m.wiktionary.org/wiki/dupak
dupak	adjective	indecent , impure	https://en.m.wiktionary.org/wiki/dupak
dupak	noun	bad language, obscene words	https://en.m.wiktionary.org/wiki/dupak
dupak	verb	to use obscene language	https://en.m.wiktionary.org/wiki/dupak
balabaw	noun	mouse ; rat Synonyms: ambaw , ilaga	https://en.m.wiktionary.org/wiki/balabaw
bakalaw	noun	codfish	https://en.m.wiktionary.org/wiki/bakalaw
kalaglagan	noun	destruction , perdition , ruin	https://en.m.wiktionary.org/wiki/kalaglagan
petsay	noun	Chinese cabbage ( either napa cabbage or bok choy )	https://en.m.wiktionary.org/wiki/petsay
sansaw	noun	grass jelly	https://en.m.wiktionary.org/wiki/sansaw
sansaw	noun	grass jelly drink	https://en.m.wiktionary.org/wiki/sansaw
sansaw	noun	light ; easy ; without worry or trouble Sánsaw gid ang ákon ólo. I am perfectly at ease. Sánsaw na ang íla hunâhúnà. They do not worry any longer.	https://en.m.wiktionary.org/wiki/sansaw
tandog	verb	feel , touch	https://en.m.wiktionary.org/wiki/tandog
mapinatuboon	adjective	( of soil ) good , fertile , productive	https://en.m.wiktionary.org/wiki/mapinatuboon
garot	adjective	dense	https://en.m.wiktionary.org/wiki/garot
hagad	verb	invite , persuade , request	https://en.m.wiktionary.org/wiki/hagad
salug	noun	floor	https://en.m.wiktionary.org/wiki/salug
garbanso	noun	chickpea , garbanzo	https://en.m.wiktionary.org/wiki/garbanso
baleu	verb	to change ; to transform ; to transmogrify	https://en.m.wiktionary.org/wiki/baleu
baak	adjective	crushed , broken	https://en.m.wiktionary.org/wiki/baak
baak	verb	to crush , to squeeze	https://en.m.wiktionary.org/wiki/baak
baganihan	noun	hero	https://en.m.wiktionary.org/wiki/baganihan
halalban	noun	meadow , pasture	https://en.m.wiktionary.org/wiki/halalban
bokhon	adjective	hairy	https://en.m.wiktionary.org/wiki/bokhon
dumagsa	verb	flourish	https://en.m.wiktionary.org/wiki/dumagsa
bilad	verb	( of a book ) display , unfold , open	https://en.m.wiktionary.org/wiki/bilad
humbak	noun	( ocean ) wave	https://en.m.wiktionary.org/wiki/humbak
humbak	noun	sea , ocean	https://en.m.wiktionary.org/wiki/humbak
humbak	noun	( of a task ) difficulty , distress	https://en.m.wiktionary.org/wiki/humbak
bitayan	noun	gallows ; gibbet ; scaffold	https://en.m.wiktionary.org/wiki/bitayan
balatian	noun	disease , illness , sickness	https://en.m.wiktionary.org/wiki/balatian
balatian	verb	to have a disease , to be ill	https://en.m.wiktionary.org/wiki/balatian
baybayon	noun	beach ; coast ; shore	https://en.m.wiktionary.org/wiki/baybayon
apian	noun	opium	https://en.m.wiktionary.org/wiki/apian
amapola	noun	poppy	https://en.m.wiktionary.org/wiki/amapola
hapon	noun	afternoon	https://en.m.wiktionary.org/wiki/hapon
dagat	noun	ocean , sea , saltwater	https://en.m.wiktionary.org/wiki/dagat
dagat	verb	to be seasick	https://en.m.wiktionary.org/wiki/dagat
hulonan	noun	roost	https://en.m.wiktionary.org/wiki/hulonan
kabakahan	noun	cattle	https://en.m.wiktionary.org/wiki/kabakahan
kaambong	noun	handsomeness	https://en.m.wiktionary.org/wiki/kaambong
mauswagon	adjective	progressive ; advanced	https://en.m.wiktionary.org/wiki/mauswagon
eksamen	noun	test , examination	https://en.m.wiktionary.org/wiki/eksamen
eksamen	verb	to inquire or search	https://en.m.wiktionary.org/wiki/eksamen
bunayag sing kabubut-on	adjective	cordial	https://en.m.wiktionary.org/wiki/bunayag%20sing%20kabubut-on
utok	noun	( anatomy ) brain ( organ )	https://en.m.wiktionary.org/wiki/utok
kawa	noun	boiler	https://en.m.wiktionary.org/wiki/kawa
daldal	verb	implicate , involve	https://en.m.wiktionary.org/wiki/daldal
daldal	verb	( of wind, waves ) push , impel	https://en.m.wiktionary.org/wiki/daldal
bus-og	adjective	pure , unadulterated ,	https://en.m.wiktionary.org/wiki/bus-og
bus-og	adjective	unalloyed	https://en.m.wiktionary.org/wiki/bus-og
balikawang	noun	haunch , hip , loins	https://en.m.wiktionary.org/wiki/balikawang
sabak	noun	lap	https://en.m.wiktionary.org/wiki/sabak
sabak	verb	to sit on one's lap	https://en.m.wiktionary.org/wiki/sabak
dulangan	noun	mine	https://en.m.wiktionary.org/wiki/dulangan
gwantes	noun	gloves	https://en.m.wiktionary.org/wiki/gwantes
manay	noun	( familiar ) eldest sister	https://en.m.wiktionary.org/wiki/manay
manay	noun	( familiar ) term of address for the eldest sister : big sis	https://en.m.wiktionary.org/wiki/manay
kapanganuran	noun	the clouds	https://en.m.wiktionary.org/wiki/kapanganuran
budyong	noun	alternative spelling of budióng	https://en.m.wiktionary.org/wiki/budyong
patalum	verb	to sharpen or hone a blade	https://en.m.wiktionary.org/wiki/patalum
asunto	adverb	concerning , with regard to	https://en.m.wiktionary.org/wiki/asunto
asunto	noun	lawsuit	https://en.m.wiktionary.org/wiki/asunto
dagami	noun	hay ; straw	https://en.m.wiktionary.org/wiki/dagami
dunoton	verb	crush	https://en.m.wiktionary.org/wiki/dunoton
atrasado sa pagbayad	adjective	delinquent	https://en.m.wiktionary.org/wiki/atrasado%20sa%20pagbayad
batad	noun	millet	https://en.m.wiktionary.org/wiki/batad
basin	noun	toilet	https://en.m.wiktionary.org/wiki/basin
bukas	adjective	candid , open Synonym: serado	https://en.m.wiktionary.org/wiki/bukas
ampo	noun	prayer , request	https://en.m.wiktionary.org/wiki/ampo
ampo	verb	ask , beseech , beg , petition , pray , request	https://en.m.wiktionary.org/wiki/ampo
patatas	noun	potato	https://en.m.wiktionary.org/wiki/patatas
mabangis	adjective	fierce , ferocious	https://en.m.wiktionary.org/wiki/mabangis
mabangis	adjective	inhuman	https://en.m.wiktionary.org/wiki/mabangis
mabangis	adjective	brutal , cruel Synonym: mapintas	https://en.m.wiktionary.org/wiki/mabangis
mabangis	adjective	violent Synonym: makahas	https://en.m.wiktionary.org/wiki/mabangis
bapor	noun	boat , ship	https://en.m.wiktionary.org/wiki/bapor
hikab	noun	( pathology ) asthma Synonym: usang	https://en.m.wiktionary.org/wiki/hikab
gia	noun	guide , leader , founder	https://en.m.wiktionary.org/wiki/gia
burnil	verb	to polish ; to shine	https://en.m.wiktionary.org/wiki/burnil
latagon	noun	valley , a rural area	https://en.m.wiktionary.org/wiki/latagon
hagung	verb	to hum , coo	https://en.m.wiktionary.org/wiki/hagung
hagung	verb	to boom , rumble	https://en.m.wiktionary.org/wiki/hagung
kapaul	noun	fatigue , weariness	https://en.m.wiktionary.org/wiki/kapaul
kapatol	noun	strength , determination	https://en.m.wiktionary.org/wiki/kapatol
bulawanon	adjective	golden	https://en.m.wiktionary.org/wiki/bulawanon
ara	noun	altar stone in a Catholic church	https://en.m.wiktionary.org/wiki/ara
kamao	verb	to be	https://en.m.wiktionary.org/wiki/kamao
tagna	noun	foretell ; forecast	https://en.m.wiktionary.org/wiki/tagna
ambahan	noun	canticle , chant , hymn , song	https://en.m.wiktionary.org/wiki/ambahan
tindak	noun	kick	https://en.m.wiktionary.org/wiki/tindak
tindak	verb	to kick	https://en.m.wiktionary.org/wiki/tindak
law-ay	adjective	ugly Nag láw-ay ang íya nga pangguyáhon. The expression on his face became ugly .	https://en.m.wiktionary.org/wiki/law-ay
law-ay	adjective	repulsive	https://en.m.wiktionary.org/wiki/law-ay
law-ay	adjective	nasty	https://en.m.wiktionary.org/wiki/law-ay
law-ay	adjective	mean	https://en.m.wiktionary.org/wiki/law-ay
law-ay	adjective	hideous	https://en.m.wiktionary.org/wiki/law-ay
law-ay	adjective	obscene	https://en.m.wiktionary.org/wiki/law-ay
law-ay	verb	to be or become ugly, repulsive, hideous, forbidding , etc.	https://en.m.wiktionary.org/wiki/law-ay
hagdanan	noun	stairs	https://en.m.wiktionary.org/wiki/hagdanan
hagdanan	noun	ladder	https://en.m.wiktionary.org/wiki/hagdanan
adelantado	adjective	advanced , modern	https://en.m.wiktionary.org/wiki/adelantado
adelantado	adjective	progressive	https://en.m.wiktionary.org/wiki/adelantado
laba	adjective	long in length	https://en.m.wiktionary.org/wiki/laba
abohon	adjective	ash , grey	https://en.m.wiktionary.org/wiki/abohon
abohon	adjective	ashy , gray	https://en.m.wiktionary.org/wiki/abohon
abiogan	noun	archaic spelling of abyogan	https://en.m.wiktionary.org/wiki/abiogan
ablay	noun	shawl	https://en.m.wiktionary.org/wiki/ablay
ablay	verb	lean	https://en.m.wiktionary.org/wiki/ablay
guban	noun	brigade , group , throng	https://en.m.wiktionary.org/wiki/guban
bangot	verb	bind , tie	https://en.m.wiktionary.org/wiki/bangot
dokumento	noun	document , deed , record	https://en.m.wiktionary.org/wiki/dokumento
halandumon	adjective	desirable	https://en.m.wiktionary.org/wiki/halandumon
gratipikasyon	noun	gratuity , reward , tip , ( gratuity , reward )	https://en.m.wiktionary.org/wiki/gratipikasyon
bulahan	adjective	fortunate	https://en.m.wiktionary.org/wiki/bulahan
alanyon	noun	crop	https://en.m.wiktionary.org/wiki/alanyon
buhaha	adjective	heedless , lavish , prodigal , wasteful	https://en.m.wiktionary.org/wiki/buhaha
buhaha	adjective	spendthrift	https://en.m.wiktionary.org/wiki/buhaha
buhaha	noun	spendthrift	https://en.m.wiktionary.org/wiki/buhaha
tiil	noun	( anatomy ) foot	https://en.m.wiktionary.org/wiki/tiil
kalag	noun	soul , spirit , ghost Synonyms: espiritu , murto	https://en.m.wiktionary.org/wiki/kalag
gastado	adjective	spent	https://en.m.wiktionary.org/wiki/gastado
gambal	adjective	bulky	https://en.m.wiktionary.org/wiki/gambal
maantod	adjective	( of food ) burned or scorched ; fetid	https://en.m.wiktionary.org/wiki/maantod
magdamgo	verb	to dream	https://en.m.wiktionary.org/wiki/magdamgo
sanga	noun	branch	https://en.m.wiktionary.org/wiki/sanga
barbero	noun	barber , haircutter Synonym: manuggunting	https://en.m.wiktionary.org/wiki/barbero
tilinguhaon	adjective	worthwhile	https://en.m.wiktionary.org/wiki/tilinguhaon
dasig	adjective	quick	https://en.m.wiktionary.org/wiki/dasig
dasig	verb	hasten	https://en.m.wiktionary.org/wiki/dasig
halea	noun	jelly	https://en.m.wiktionary.org/wiki/halea
gaway	verb	dangle	https://en.m.wiktionary.org/wiki/gaway
lunang	noun	mud	https://en.m.wiktionary.org/wiki/lunang
aros	noun	rice	https://en.m.wiktionary.org/wiki/aros
amay	noun	father Antonym: iloy	https://en.m.wiktionary.org/wiki/amay
ebanghelyo	noun	gospel	https://en.m.wiktionary.org/wiki/ebanghelyo
adlawon	noun	full daylight after sunrise is over	https://en.m.wiktionary.org/wiki/adlawon
paklay	noun	a Filipino dish made from sautéed sliced bamboo shoots , mixed with meat such as fish or shrimp , ground pork or beef , with some tomatoes , onions , garlic , and other spices , among other ingredients, especially in the cuisine of Western Visayas Nakakáon kamí dídto sing manámit nga páklay . We had there a savoury dish of bamboo-shoots mixed with meat .	https://en.m.wiktionary.org/wiki/paklay
aluntaga	noun	the rung or step of a ladder	https://en.m.wiktionary.org/wiki/aluntaga
buas	adverb	tomorrow	https://en.m.wiktionary.org/wiki/buas
dul-ay	noun	a lump of earth or dirt	https://en.m.wiktionary.org/wiki/dul-ay
dunang manggad	noun	natural resources	https://en.m.wiktionary.org/wiki/dunang%20manggad
kagaw	noun	germ ; microbe	https://en.m.wiktionary.org/wiki/kagaw
bobo	verb	to pour out or over	https://en.m.wiktionary.org/wiki/bobo
bobo	noun	baptism without ceremony	https://en.m.wiktionary.org/wiki/bobo
duta	noun	earth , ground , soil	https://en.m.wiktionary.org/wiki/duta
duta	noun	land , lot , property	https://en.m.wiktionary.org/wiki/duta
baldado	adjective	crippled , handicapped , maimed	https://en.m.wiktionary.org/wiki/baldado
semana	noun	week	https://en.m.wiktionary.org/wiki/semana
