word,pos_symbol,pos_word,meaning
-a,VB,verbal affix,affix.
-ado,JJ,adjective formative,formative affix designating conditions or state of being.
-ánay,NN,noun formative,variant of -ánan.
-aryo,NN,noun formative,noun formative affix designating state of being.
-ay,VB,verbal affix,variant of -an.
-dor,NN,noun formative,noun formative affix.
-ero,NN,noun formative,noun formative affix designating type of work done.
-i,VB,verbal affix,benefactive-locative focus affix.
-ista,NN,noun formative,noun formative affix denoting profession or type of job.
-kig-,VB,verbal affix,social reciprocal actor focus affix.
-la-…-an,NN,noun formative,noun formative affix designating repetitive or social action occurring in a place.
-la-…-un,NN,noun formative,noun formative affix designating an action to be performed to the object or person referred to.
-li-,VB,verbal affix,variant of -la-.
-lu-,VB,verbal affix,variant of -la-.
-pa-,VB,verbal affix,"designating causation of action, meaning to allow to happen, to make possible, to happen."
-pa-…-un,VB,verbal affix,designating causation of action by the acor in the construction.
-pang-,VB,verbal affix,action affix.
-um-,VB,verbal affix,designating completed action.
-un,VB,verbal affix,infinitive goal focus affix.
-uso,JJ,adjective formative,"formative affix designating condition, quality or state of being."
1-an,VB,verbal affix,"infinitive, benefactive-locative focus affix."
1-anan,NN,noun formative,noun formative affix denoting reciprocal action.
1-ánun,JJ,adjective formative,formative affix attached to nouns to designate abundance in possession.
1-i-,VB,verbal affix,general proposed action instrumental affix.
1-in-,NN,noun formative,noun formative affix.
1-in-…-an,NN,noun formative,noun formative affix.
1-ka,PRP,pronoun,you (short form of ikáw).
1-ka-,VB,verbal affix,variant of naká-.
1-ka-…-an,NN,noun formative,noun formative affix.
1-kay,CC,conjunction,"because, for."
1-la-,VB,verbal affix,"or group action affix, used together with general aspect affixes."
1-ma-,VB,verbal affix,proposed action affix of the  verb.
1-ma-…-un,NN,noun formative,noun formative affix designating a state of being as described by the adjective root.
1-mag-,VB,verbal affix,infinitive actor focus affix.
1-mang-,VB,verbal affix,active action affix usually designating plural or repeated action.
1-pa-,VB,verbal affix,to move in the direction of.
1-pag-,VB,verbal affix,actor focus affix.
1-pagka-,VB,verbal affix,"immediately after, following, verbal affix designating action completed before another action."
1-pang-,VB,verbal affix,frequent or repeated action affix of goal focus imperative mode.
2-an,VB,verbal affix,designating reciprocity of action.
2-anan,VB,verbal affix,designating reciprocity of action.
2-anun,NN,noun formative,noun formative affix designating state of being.
2-i-,VB,verbal affix,goal focus affix.
2-ika-,VB,verbal affix,designating possibility of an action to happen.
2-in-,JJ,adjective formative,formative affix to designate manner or state of being.
2-in-…-an,VB,verbal affix,completed action transitive verb affix.
2-ka,RP,particle,designates quantity or amount.
2-ka-,NN,noun formative,noun formative affix used with verbs designating reciprocal relationship.
2-kay,RP,particle,personal name pre-possessive marker.
2-la-,NN,noun formative,noun formative affix when combined with .
2-ma-,JJ,adjective formative,"formative affix attached to nouns, verb or adjective roots."
2-ma-…-un,JJ,adjective formative,formative affix designating state of being.
2-mag-,NN,noun formative,noun formative affix designating reciprocal relationship.
2-mang-,NN,noun formative,noun formative affix designating type of job or profession.
2-pa-,NN,noun formative,noun formative affix used with verbs.
2-pag-,NN,noun formative,noun formative affix when used with verbs.
2-pagka-,NN,noun formative,"noun formative affix designating state of being, manner of being."
2-pang-,NN,noun formative,noun formative affix used to designate something used repeatedly.
3-an,NN,noun formative,noun formative affix designating a container or a place where an action occurs.
3-in-,VB,verbal affix,designating manner of performance or state of being.
3-ka-,JJ,adjective formative,formative affix designating comparative and superlative degrees of comparison.
3-la-,JJ,adjective formative,adjective formative affix.
a,RP,particle,"oh, well, hesitating filler."
ab-ab,VB,verb,to eat
ab-ab,VB,verb,to undermine
ab-ab,VB,verb,to wash away
abad,NN,noun,abbot
abadesa,NN,noun,abbess
abadia,NN,noun,abbey
abaga,NN,noun,( anatomy ) shoulder
abaga,VB,verb,to shoulder something
abága,NN,noun,shoulder.
abaganhan,JJ,adjective,broad - shouldered
abak,VB,verb,to follow in quick succession
abak-abak,VB,verb,diminutive of ábak
abak-abak,VB,verb,frequentative of ábak
abaka,NN,noun,"manila hemp , abaca"
abakáda,NN,noun,alphabet.
abakahan,NN,noun,someone or something abundant in abaca plants
abakan,NN,noun,a small fish of a reddish color
abalóryo,NN,noun,"rosary beads, strung beads, necklace."
aban,VB,verb,to finish
aban,VB,verb,( of a loom ) to take off
abang,NN,noun,"avarice , greediness"
abang,VB,verb,to be within range of a fire
abang-abang,VB,verb,to help or assist
abaniko,NN,noun,"folding fan synonyms: kuyab , kuluyab , kuruyab , paypay"
abaniko,VB,verb,to fan ( cool oneself with a fan )
abano,NN,noun,a cigar made by machinery
abansada,JJ,adjective,exposed to the wind
abas,NN,noun,a type of bean
abat,VB,verb,to follow after
abat-abat,VB,verb,diminutive of ábat
abat-abat,VB,verb,frequentative of ábat
abat-abat,VB,verb,to follow closely
abat-abat,VB,verb,living from hand to mouth
abáw,UH,interjection,"oh, wow, really."
abay,VB,verb,to enter ; join
abay,VB,verb,to associate ; mingle
ábay,NN,noun,"of weddings, witness."
abay-abay,VB,verb,diminutive of abáy
abay-abay,VB,verb,frequentative of abáy
abay-abay,VB,verb,to interfere or meddle
abayan,JJ,adjective,( superstition ) liable to fall under an evil spell or magic
abelyana,JJ,adjective,"brown , hazel"
abelyana,NN,noun,hazelnut
aberíya,VB,verb,"to have engine trouble, to stop."
abi,RB,adverb,for instance
abi,VB,verb,imagine
abi,VB,verb,think
abi,VB,verb,say aloud
abi-abi,NN,noun,greeting ; salutation
abi-abi,VB,verb,to greet ; to salute
abian,NN,noun,alternative form of abyan
abian,VB,verb,alternative form of abyan
abiar,VB,verb,to invite
abiar,VB,verb,to provision for a journey
abibar,VB,verb,"to urge , encourage , rouse"
abierto,JJ,adjective,open
abierto,JJ,adjective,accessible
abilay,NN,noun,shawl
abilidad,NN,noun,"ability , capacity"
abilidad,NN,noun,"talent , mastery"
abilidad,NN,noun,knowledge
abilidad,NN,noun,dexterity
abiog,VB,verb,"to move to and fro, to swing or rock"
abiogan,NN,noun,archaic spelling of abyogan
abir,NN,noun,"assets , property"
abisar,VB,verb,"to advise , inform , notify"
abiso,NN,noun,"notice , information"
abiso,VB,verb,"notify , inform"
abí’,RP,particle,"let me see, would you please, hey, excuse please."
ábi’ábi,VB,verb,"to greet, to shake hands with."
ábi’ábi,JJ,adjective,"kind, friendly, civil."
ablang,NN,noun,"breadth , width"
ablang,VB,verb,"broaden , widen"
ablaw,JJ,adjective,"friendly , sociable"
ablaw,NN,noun,friendliness
ablay,NN,noun,shawl
ablay,VB,verb,lean
abo-abo,JJ,adjective,"the color of ash , ashen"
abo-abo,VB,verb,diminutive of abó
abo-abohon,JJ,adjective,"ashen , ash -colored, grey , pale"
abogado,NN,noun,lawyer
abogádo,NN,noun,"lawyer, attorney-at-law."
abohan,NN,noun,fireplace ; hearth
abohan,NN,noun,kitchen synonym: kosina
abohon,JJ,adjective,"ash , grey"
abohon,JJ,adjective,"ashy , gray"
abokado,NN,noun,avocado
abonar,VB,verb,"advance , loan"
abong,JJ,adjective,windward
abongho,NN,noun,"anger , exasperation"
abongho,NN,noun,angry
abono,NN,noun,"dung , fertilizer , manure"
abono,NN,noun,payment for another in advance
aborido,JJ,adjective,"disturbed , uneasy , upset , worried"
aborto,NN,noun,abortion
aborto,NN,noun,miscarriage
aborto,NN,noun,monster
aborto,NN,noun,act of stopping
abóso,NN,noun,abuse.
abóso,VB,verb,"to abuse, to take advantage of."
aboy,JJ,adjective,bent ; curved ; warped
aboy,VB,verb,to bend
aboy-aboy,NN,noun,diminutive of abóy
aboy-aboy,NN,noun,"cradle , hammock , swing"
abrasita,VB,verb,hug
abraso,VB,verb,"hug , embrace"
abri,VB,verb,"to open (as a window), unlock (as a gate), or turn on (as a stove)"
abri,VB,verb,"to begin , commence synonyms: sugod , umpisa"
ábri,VB,verb,"to unlock, to unfasten, to open."
abrigana,NN,noun,apéritif
abrigana,NN,noun,appetizer
abrigana,NN,noun,hors d'oeuvre
abrigo,NN,noun,shawl
abríl,NN,noun,april.
abrilatas,NN,noun,can opener
abrisita,VB,verb,alternative spelling of abrasíta
absolusyon,NN,noun,"absolution , acquittal"
absuelto,JJ,adjective,absolved
absurdo,NN,noun,"absurdity , nonsense"
abtan,VB,verb,arrive
abtik,NN,noun,"dexterity , skill"
ábtik,JJ,adjective,"active, brisk, lively."
abu,NN,noun,ash
abú,NN,noun,ash.
abud,NN,noun,hem
abud,NN,noun,edge
abud,VB,verb,to hem
abuela,NN,noun,grandmother
abuelo,NN,noun,grandfather
abukay,VB,verb,"to rummage , to disturb the surface of"
abunda,JJ,adjective,"abundant , plentiful"
abung,VB,verb,to intercept ; to stop ; to catch
abúnu,NN,noun,fertilizer.
abúnu,VB,verb,to fertilize.
abusar,NN,noun,"misuse , abuse"
abusar,VB,verb,"to misuse or abuse , to take advantage of"
abuso,NN,noun,"abuse , impropriety"
abuso,VB,verb,"to abuse , beguile , cheat , misuse"
abut,VB,verb,to arrive at a place
abut,VB,verb,to catch up with or overtake
abút,VB,verb,"to arrive, to reach, to come to."
abút,JJ,adjective,"cranky, irritable, moody."
abut-abut,VB,verb,frequentative of abút
abut-abut,VB,verb,following in quick succession
abut-abut,VB,verb,frequentative of ábut : to come and go
abwa,VB,verb,make
abwa,VB,verb,"gather , collect"
abyan,NN,noun,friend ; buddy synonym: amigo
abyan,NN,noun,comrade synonym: kahirop
ábyan,NN,noun,"friend, buddy."
abyasion,NN,noun,aviation
abyerto,JJ,adjective,alternative form of abiérto
abyog,VB,verb,alternative spelling of ábiog
abyogan,NN,noun,swing ( hanging seat )
ad-adan,NN,noun,"slicer , a frame knife"
ada,NN,noun,fairy
adelantado,JJ,adjective,"advanced , modern"
adelantado,JJ,adjective,progressive
adelpa,NN,noun,oleander
adgaw,NN,noun,a type of tree
adikdik,NN,noun,dandruff
adiong,NN,noun,a large ship or ark
adlaw,NN,noun,( astronomy ) sun
adlaw,NN,noun,( astronomy ) day
adlaw,NN,noun,( time ) daytime antonym: gab-i
ádlaw,NN,noun,"day, birthday, anniversary."
adlawon,NN,noun,full daylight after sunrise is over
ádlaw’ádlaw,RB,adverb,"daily, everyday."
administrasyon,NN,noun,"administration , management"
adobi,NN,noun,adobe
adorasyon,NN,noun,worship
adorno,NN,noun,"adornment , decoration , embellishment , ornamentation"
adorno,VB,verb,"to adorn , decorate , embellish , or ornament"
adtang,NN,noun,the forehead
aduana,NN,noun,customs ( office that taxes imported goods )
aduana,NN,noun,"tax , toll"
adudulay,NN,noun,a large earthworm
aga,NN,noun,morning
ága,NN,noun,morning.
aga-aga,JJ,adjective,diminutive of ága : every morning
agalon,NN,noun,"boss , employer , lord , master"
agálun,NN,noun,"master, boss."
agao,VB,verb,to seize or take by force
ágaw,VB,verb,"to grab, to seize, to take by force, to usurp."
ágay,VB,verb,"to flow slowly, to drip in small drops."
ágbay,VB,verb,to put one’s arm on or about the shoulder of another person.
agda,VB,verb,to invite
ágda,VB,verb,"to ask, to invite."
agdayan,JJ,adjective,lazy
agdayan,JJ,adjective,"dull , slow , stupid"
aghon,NN,noun,"compass , more specifically a mariner 's compass"
ági,NN,noun,"handwriting;  way, means."
ági,VB,verb,"to pass by for something, to pass through."
agi-agi,JJ,adjective,diminutive of agî
agi-agi,JJ,adjective,diminutive of ági
agi-agi,JJ,adjective,"transient , transitory , or passing"
agigising,NN,noun,( anatomy ) temple
agila,NN,noun,eagle
aginaldo,NN,noun,christmas present
agí’,NN,noun,hermaphrodite.
agí’,JJ,adjective,"effeminate, sissy."
agogoling,NN,noun,bumblebee
agósto,NN,noun,august.
agrimensór,NN,noun,surveyor.
ágsa,VB,verb,to work another’s field for part of the produce.
ágsa,NN,noun,tenant.
ágsik,VB,verb,"to fly off, to scatter, to spray."
agtang,NN,noun,( anatomy ) forehead
ágtang,NN,noun,forehead.
agúd,CC,conjunction,so that.
águm,VB,verb,"to obtain, to attain, to achieve, to possess."
águm,NN,noun,"possessions, things."
agwa,NN,noun,water synonym: tubig
agwa,NN,noun,"perfume , scent synonym: pahumot"
ágwa,NN,noun,"perfume, cologne."
agwanta,VB,verb,"bear , tolerate"
agwánta,VB,verb,"to bear, to tolerate, to suffer."
agwatato,NN,noun,pimp
agwatato,NN,noun,procurer ( someone who arranges for prostitution )
ahá’,VB,verb,"to insist, to ask fervently."
ahedres,NN,noun,chess
ahensya,NN,noun,agency
ahensya,NN,noun,pawnshop
ahénsya,NN,noun,pawnshop.
ahénte,NN,noun,agent.
ahiti,NN,noun,leek
ahos,NN,noun,garlic ( allium sativum )
áhos,NN,noun,garlic.
aihada,NN,noun,goddaughter
aihado,NN,noun,godson
akal-akal,VB,verb,to bubble or seethe
akasya,NN,noun,acacia tree
ákig,NN,noun,"anger, hatred."
ákig,VB,verb,"to be angry, to scold."
akú,PRP,pronoun,"i, me (first person singular nominal pronoun)."
ákun,PRP,pronoun,"my, mine (first person singular pre-possessive pronoun)."
áku’,VB,verb,"to own, to claim, to promise, to swear, to admit."
ala-asawa,NN,noun,"concubine , mistress"
alabá’ab,JJ,adjective,"of liquid, lukewarm."
alabri,NN,noun,"a key , anything used for the purposes of opening something that is closed"
alabuton,JJ,adjective,"cranky , eccentric"
alabútun,NN,noun formative,ang tigúlang.
alagad,NN,noun,employee ; follower ; servant
alagad,VB,verb,to wait for someone
alagad,VB,verb,to serve
alágad,NN,noun,adopted person.
alágad,VB,verb,"to adopt, to take care of someone."
alagaran,NN,noun,"work , place of employment"
aláhas,NN,noun,jewelry.
álak,NN,noun,"hard drink, liquor."
alam,NN,noun,"knowledge , learning"
álam,NN,noun,"wisdom, knowledge."
álam,JJ,adjective,"bright, smart, brilliant."
álam,VB,verb,"to become smart, to become brilliant."
alámbre,NN,noun,wire.
alamilaw,VB,verb,to doze
alan,JJ,adjective,rancid
alang-alang,JJ,adjective,"immature , inappropriate , inconvenient , unsuitable"
alang-ang,NN,noun,trivial cold ; slight fever
alangáy,JJ,adjective,"equal, the same."
alangá’ang,NN,noun,slight fever.
alangá’ang,JJ,adjective,"feverish, having a slight temperature."
álang’álang,JJ,adjective,"doubtful, immature."
álang’álang,VB,verb,to hesitate.
alanyon,NN,noun,crop
alás,RP,particle,time particle used with time-telling from dos until dose.
alasohan,NN,noun,chimney
alasoyon,JJ,adjective,stately
alasoyon,JJ,adjective,explainable
alat,NN,noun,basket
alát,NN,noun,native basket made of woven bamboo strips.
álat,NN,noun,saltiness.
álat,JJ,adjective,salty.
álay,VB,verb,to be still through constant tension of the muscles.
alaypan,NN,noun,"asylum , nursery"
alaypan hayop,NN,noun,zoo
aláy’ay,VB,verb,"to cradle, to support, to hold arms under some person or thing so as to support."
algodon,NN,noun,cotton
alhebra,NN,noun,algebra
alibakaw,NN,noun,betel nut
alibangbang,NN,noun,butterfly
alibángbang,NN,noun,butterfly.
aligi,NN,noun,crab fat
aligútgut,NN,noun,"rage, wrath."
alimángu,NN,noun,crab.
alimokon,NN,noun,pigeon
alimosan,NN,noun,mudskipper
alimpulos,NN,noun,the top of the head
alimpulos,NN,noun,"cyclone , eddy"
alinga,VB,verb,to watch ; to see over ; to supervise synonym: anila
alíntun,VB,verb,"to transfer, to hand down."
alipasa,VB,verb,"hurry , rush"
alipúlus,NN,noun,"cyclone, eddy."
alísto,JJ,adjective,"alert, ready, prompt."
aliwatan,NN,noun,wrist
alkálde,NN,noun,mayor.
alkánse,NN,noun,loss in terms of money.
alkánse,VB,verb,"to lose some amount due to mismanagement in selling, to fail to gain."
alkánse,NN,noun formative,’alkánse akú sa pagbalígya’.
alkansiya,NN,noun,"money box , piggy bank"
alkansíya,NN,noun,"coin bank, empty coconut shell used as a coin bank."
alkitran,NN,noun,"pitch , tar"
alkítran,NN,noun,"tar, asphalt."
almanaki,NN,noun,"almanac , calendar"
almasín,NN,noun,"store, small market."
almidól,NN,noun,starch.
almidon,NN,noun,starch
almiránte,NN,noun,"of the navy, admiral."
almohada,NN,noun,"cushion , pillow"
almohadon,NN,noun,a large cushion or pillow
almon,NN,noun,tree
almoranas,NN,noun,( pathology ) hemorrhoid
almoranas,VB,verb,to be afflicted with hemorrhoids
alom,JJ,adjective,"dark , dim"
alom,NN,noun,( skin ) a mole
aloy,NN,noun,feign sickness; malinger
alpabéto,NN,noun,alphabet.
alpombra,NN,noun,carpet ; rug
alpómbra,NN,noun,"carpet, rug."
álsa,VB,verb,"to raise, to lift, to elevate slightly."
alugbati,NN,noun,the malabar spinach ( basella alba )
alúm,NN,noun,mole.
alunga-og,JJ,adjective,"( of water ) flat , insipid , stagnant , stale , vapid"
alunga-og,JJ,adjective,"( of work ) insufficient , careless , or negligent"
alúng’ung,NN,noun,"opinion, idea, thought, knowledge."
aluntaga,NN,noun,the rung or step of a ladder
áman,VB,verb,to prepare.
amapola,NN,noun,poppy
amargóso,NN,noun,bitter melon.
amat,JJ,adjective,"gradual , step-by-step , slow"
amat-amat,RB,adverb,"gradually , slowly"
amát’amát,RB,adverb,"gradually, little by little."
amát’amát,VB,verb,"to start slowly, to gain speed, to leave one by one."
amay,NN,noun,father antonym: iloy
amáy,NN,noun,father.
amaynon,JJ,adjective,paternal
amba,VB,verb,"chant , sing"
ámba,NN,noun,"prayer, chant, song."
ámba,VB,verb,"to sing, to pray, to adore."
amba sang pispis,NN,noun,warbler
ambahan,NN,noun,"canticle , chant , hymn , song"
ámbit,VB,verb,"to participate, to share in."
ambulansya,NN,noun,ambulance
ámbung,NN,noun,"radiance, beauty."
ámbung,JJ,adjective,"radiant, effulgent, beautiful."
amérika,NN,noun,america.
amerikána,NN,noun,"formal coat for men, female american citizen."
amerikáno,NN,noun,american citizen.
ami,NN,noun,second harvest
amidol,NN,noun,starch
amidúl,NN,noun,variant of almidúl.
amígo,NN,noun,"friend, buddy."
amihan,NN,noun,north wind
amimíluk,NN,noun,eyelash.
aminhan,NN,noun,north synonym: norte
aminhan,JJ,adjective,northern
aminhan,JJ,adjective,northerly
amínhan,NN,noun,north.
amlig,NN,noun,"care , caution"
ámlig,VB,verb,"to handle with care, to be, careful."
amo,NN,noun,monkey
amog,JJ,adjective,"oversensitive , sensitive , touchy amog nga bata. a very touchy child."
amoma,VB,verb,"regale , treat with food and drink"
amorokpok,NN,noun,"meteorite , shooting star"
amorokpok,NN,noun,bird of prey
amoy,NN,noun,holy man
ampis,NN,noun,skirt
ampo,NN,noun,"prayer , request"
ampo,VB,verb,"ask , beseech , beg , petition , pray , request"
ámpu’,NN,noun,"prayer, pleading."
ámpu’,VB,verb,"to pray, to beseech, to beg, to plead."
amú,PRP,pronoun,"it, that."
amú,RB,adverb,similarly.
ámu,NN,noun,"boss, employer, master."
amúma,VB,verb,"to be hospitable, to entertain."
amumuklid,NN,noun,toadstool
ámun,PRP,pronoun,"our, ours (first person exclusive plural pre-possessive pronoun)."
ámut,NN,noun,"subscription, donation, contribution."
ámut,VB,verb,"to contribute, to help by giving something."
amú’,NN,noun,monkey.
amyon,NN,noun,"fragrance , scent , smell"
ámyun,JJ,adjective,fragrant.
anad,JJ,adjective,usual ; sophisticated ; used to
anad,VB,verb,"practice , train"
anád,JJ,adjective,"usual, sophisticated, accustomed to."
anád,VB,verb,"to be accustomed to, to make familiar through experience."
anak,NN,noun,"child ( a female or male child, a daughter or son ) synonym: bata"
anák,NN,noun,child.
anák,VB,verb,"to bear a child, to give birth, to be godparent to a child during baptism or confirmation."
anak nga babae,NN,noun,daughter
anak-anak,NN,noun,"adopted child , foster child"
ananay,JJ,adjective,"gentle , mild , soft , slow , noiseless , quiet , tranquil , quietly"
ánaw,NN,noun,"deluge, great flood."
anay,NN,noun,termite
ánay,RP,particle,"please, wait a minute."
ánay,NN,noun,termite.
andam,JJ,adjective,"careful , cautious , wary synonyms: tagam , paiway"
ándam,VB,verb,"to be cautious, to be careful, to beware, to be prepared."
andamio,NN,noun,gangplank
andámyu,NN,noun,gangplank.
ándar,VB,verb,"to function, to work."
anekdota,NN,noun,anecdote
áng,RP,particle,definite noun marker.
ángay,JJ,adjective,"appropriate, becoming."
ángay,VB,verb,"to be well matched, to be equal, to look becoming, to fit."
ángga’,NN,noun,"nickname, pet name."
ángga’,VB,verb,"to fondle, to caress, to pet, to care for very much."
anggid,JJ,adjective,similar
ánggid,JJ,adjective,"alike, similar."
ánggid,VB,verb,"to be alike, to compare."
anggid-anggid,JJ,adjective,"diminutive of anggid : nearly alike, similar"
anghel,NN,noun,angel
anghel,NN,noun,young child who dies before the age of reason
anghit,NN,noun,smell of a goat synonym: angrus
angkab,VB,verb,bite
ángkab,VB,verb,"of animals, to snap, to bite, to seize with teeth so as to grip or bite."
ángkla,NN,noun,anchor.
angkod,NN,noun,incisor ; front teeth
ángkun,VB,verb,"to acquire, to attain, to possess."
angso,NN,noun,smell of urine synonym: pangsot
angút,VB,verb,"to join together, to tie together, to fasten together."
anhel,NN,noun,archaic form of anghel
anhing,JJ,adjective,"dead , deceased , late"
anhíng,JJ,adjective,"late, departed, living comparatively recently."
áni,NN,noun,"harvest, produce."
áni,VB,verb,"to harvest, to reap."
anila,NN,noun,beehive
anila,VB,verb,"supervise , watch"
aninaw,VB,verb,"to imitate , to model synonyms: ilog , ehemplo , huaran , espeho , gia , huluaran"
aningál,VB,verb,to have the delusion of hearing a familiar sound.
aninipot,NN,noun,firefly
ankla,NN,noun,anchor
ankla,VB,verb,anchor
ántes,RB,adverb,"earlier, before, in advance, previously."
antígu,VB,verb,"to know, to be knowledgeable."
anting-anting,NN,noun,"amulet , talisman"
ánting’ánting,NN,noun,"amulet, talisman."
antipara,NN,noun,"eyeglasses , glasses , spectacles synonyms: antiohos , tagosilang"
antipatiko,JJ,adjective,"repugnant , repulsive"
antipatikú,JJ,adjective,"unsympathetic, settled aversion."
antiyado,JJ,adjective,buff ( color )
ántud,JJ,adjective,"fetid, of odor, burnt."
ántus,VB,verb,"to bear, to suffer, to endure."
antyúhus,NN,noun,"spectacles, eyeglasses."
anu,PRP,pronoun,what.
anu,VB,verb,"to become, to do with."
ánud,VB,verb,"to drift, to flow with the current."
ánum,CD,numeral,six.
anúnsyo,NN,noun,"announcement, broadcast."
anúnsyo,VB,verb,"to announce, to broadcast, to make public."
ányag,JJ,adjective,"beautiful, pretty."
anyil,JJ,adjective,indigo
ányo,NN,noun,year.
apa,JJ,adjective,"dumb , mute , tongue-tied"
ápa,NN,noun,cone.
apan,NN,noun,an adult locust
ápang,CC,conjunction,"but, however."
aparador,NN,noun,"cupboard , dresser , sideboard"
aparadór,NN,noun,"closet, cabinet."
ápas,VB,verb,"to follow, to go after."
ápat,CD,numeral,four;  forty; /ika-/ fourth; /napulug-/ fourteen.
apá’,NN,noun,"mute, dumb."
apdo,NN,noun,"bile , gall"
apdo,NN,noun,( anatomy ) gall bladder
ápdu,NN,noun,gall bladder.
apelyédo,NN,noun,"surname, last name."
apendisitis,NN,noun,appendicitis
apian,NN,noun,opium
ápin,VB,verb,"to support, to side with, to be an ally to, to defend."
apinas,JJ,adjective,"difficult , scarce , trying"
apínas,JJ,adjective,scarce.
apitong,NN,noun,tree
aplá’ag,VB,verb,"to spread, to break and scatter."
apo,NN,noun,grandchild
apo,NN,noun,grandfather
apo nga babae,NN,noun,granddaughter
apo nga lalaki,NN,noun,grandson
apog,NN,noun,( chemistry ) limestone
apok,NN,noun,eczema
apú,NN,noun,grandchild.
ápug,NN,noun,lime.
ápuk,VB,verb,"to throw, to be blown aside."
apurá,VB,verb,"to make haste, to hasten."
ara,NN,noun,altar stone in a catholic church
arado,VB,verb,plough
arádu,NN,noun,plow.
arádu,VB,verb,"to plow, to use a plow to break up or turn the soil."
ára’,DT,deictic,there (short form to mean far from the speaker).
aresgádo,JJ,adjective,"adventurous, daring, foolhardy."
ári,DT,deictic,here (short form to mean near the speaker).
arisgado,JJ,adjective,"avid , adventurous"
arisgado,JJ,adjective,"daring , risky synonym: makahas"
aritmetika,NN,noun,arithmetic
aritmétika,NN,noun,arithmetic.
aritos,NN,noun,earring
arítus,NN,noun,earring.
arí’arí,JJ,adjective,stunted in growth.
árko,NN,noun,arch.
ármas,NN,noun,"weapon, arms."
arnibal,NN,noun,syrup
arnibal,NN,noun,"caramel , coconut caramel ( latík )"
arnibal,NN,noun,molasses
arnibal,NN,noun,sweetener
aro,NN,noun,leprosy
aroro,NN,noun,arrowroot
aros,NN,noun,rice
arpa,NN,noun,"harp , lyre"
arte,NN,noun,"art , skill"
arte,NN,noun,artifice
árte,NN,noun,"art, design, decoration;  actor, actress."
árte,JJ,adjective,"creative, artistic, vain."
artikulo,NN,noun,article
artíkulo,NN,noun,article.
arúy,UH,interjection,ouch.
ásab,JJ,adjective,"voracious, gluttonous, ravenous."
asál,VB,verb,to roast particularly on a pit.
ásang,NN,noun,fish gill.
asáwa,NN,noun,wife.
asáwa,VB,verb,"to take a wife, to marry."
asawa sang hari,NN,noun,queen
asero,NN,noun,steel
aséro,NN,noun,steel.
asibar,NN,noun,aloe vera
asikáso,VB,verb,"to take care of, to attend to."
asilo,NN,noun,"asylum , protection , shelter , refuge"
asílo,NN,noun,"sanctuary, institution of relief or care for the destitute or afflicted."
asin,NN,noun,salt ( sodium chloride )
asin,VB,verb,to salt ( add salt to )
asín,NN,noun,salt.
asín,JJ,adjective,salty.
asinan,NN,noun,salt mine
aslang,NN,noun,chin
aslum,NN,noun,sourness
aslum,NN,noun,acidity
aslum,VB,verb,to sour
áslum,NN,noun,sourness.
áslum,JJ,adjective,sour.
aso,NN,noun,smoke
aso,VB,verb,to fumigate
asog,NN,noun,( historical ) an effeminate man who functions as a babaylan
asog,NN,noun,a barren woman
asoy,JJ,adjective,useful
asoy,NN,noun,"declaration , explanation ; a clear statement"
asoy,NN,noun,"result , use"
aspalto,NN,noun,asphalt
aspalto,VB,verb,to asphalt
asú,NN,noun,smoke.
asú,VB,verb,to smoke.
asugi,NN,noun,mercury
asúgi,NN,noun,"mercury, quicksilver."
asugi nga buhi,NN,noun,quicksilver
asukar,NN,noun,sugar
asúkar,NN,noun,refined sugar.
asúl,JJ,adjective,blue.
asunto,RB,adverb,"concerning , with regard to"
asunto,NN,noun,lawsuit
asúntu,NN,noun,"lawsuit, a case before a court."
asupre,NN,noun,sulphur
aswang,NN,noun,"( folklore , mythology ) aswang ( shapeshifting evil creature in philippine mythology )"
áswang,NN,noun,"witch, sorceress."
asyendéro,NN,noun,"big landowner, sugar magnate."
atake,NN,noun,attack synonym: salakay
atáke,VB,verb,"to attack, to assault, to fall upon."
atatalo,NN,noun,caterpillar
atataró,NN,noun,caterpillar.
atatayog,JJ,adjective,useless ; up to no good
atay,NN,noun,( anatomy ) liver
atáy,NN,noun,liver.
atendér,VB,verb,"to attend to, to look after."
aténsyon,NN,noun,attention.
athag,JJ,adjective,"clear , distinct"
athag,VB,verb,clarify
áthag,JJ,adjective,"clear, distinct."
atí,NN,noun,"to rob, to plunder, to steal, to sack."
atipalo,NN,noun,earwig
atipán,VB,verb,"to take care of, to attend to."
atipuyúng,VB,verb,"to be dizzy, to feel faint."
atis,NN,noun,sugar apple ( annona squamosa )
atog,NN,noun,( anatomy ) glans penis
atomo,NN,noun,( physics ) atom
atop,NN,noun,roof synonym: bubongan
átras,VB,verb,"to go behind, to move back."
atrasado sa pagbayad,JJ,adjective,delinquent
atráso,JJ,adjective,"late, delayed."
atsara,NN,noun,pickles
atsára,NN,noun,pickled green papaya.
atú,DT,deictic,"that (short form to mean yonder, far from both the speaker and the listener)."
atubang,VB,verb,to confront ; to face
atúbang,VB,verb,"to face, to confront, to stand before."
atúbang,RB,adverb,in front of.
átun,PRP,pronoun,"our, ours (first person inclusive pre-possessive pronoun)."
atúp,NN,noun,roof.
atutúli,NN,noun,earwax.
awa,NN,noun,"compassion , mercy , pity"
áwas,VB,verb,to overflow.
awat,VB,verb,to annoy
awat,VB,verb,to delay or waste someone's time
awát,VB,verb,"to annoy, to waste another person’s time, to delay."
áway,NN,noun,"combat, fight, assault.;  opponent."
áway,VB,verb,"to fight, to go to war."
áwa’,NN,noun,"mercy, compassion, pity."
áwa’,VB,verb,to have compassion for.
áwto,NN,noun,"car, automobile."
awtopsiya,NN,noun,autopsy
áy,UH,interjection,"oh, ouch, oh no."
ayag,VB,verb,sift
ayág,VB,verb,"to sift, to screen, to strain."
ayagan,NN,noun,sieve
ayám,VB,verb,to hunt.
ayam-ayam,NN,noun,ant
ayáp,VB,verb,"to adopt, to be willing to accept something new, to take up and practice as one’s own."
ayáw,VB,verb,"to have more than enough, to be satiated, to be abundantly fed."
ayáw,NN,noun formative,’ayáwan si pédro sang pagká’un.
áyhan,CC,conjunction,"perhaps, therefore."
ayi,NN,noun,spleen
ayo,NN,noun,a pet name
ayo,NN,noun,"bargain , discount"
ayo,VB,verb,to ask or request
aypon,NN,noun,protege
áyu,VB,verb,"to become well, to fix something to make it work, to become good."
áyu,JJ,adjective,"fine, good, well."
ayuda,NN,noun,"aid , help synonym: bulig"
áyu’,NN,noun,"bargain, discount."
áyu’,VB,verb,"to bargain, to ask for a discount."
ba-og,JJ,adjective,"gray , grey"
baak,JJ,adjective,"crushed , broken"
baak,VB,verb,"to crush , to squeeze"
baas,VB,verb,"diminish , lessen"
baba,NN,noun,mouth
baba-an,JJ,adjective,glib ; talkative
babae,NN,noun,"dame , maid , mistress , girl"
babana,NN,noun,soursop
babaye,NN,noun,female ; woman or girl coordinate term: lalake
babayen-on,JJ,adjective,effeminate
babayi,NN,noun,alternative form of babaye
babáyi,NN,noun,"female, woman."
babaylan,NN,noun,"healer , shaman"
babha,NN,noun,"wound , gash"
baboy,NN,noun,pig ( mammal of genus sus ) ; swine
bábuy,NN,noun,"pig, pork."
bacolodnon,NN,noun,resident or inhabitant of bacolod
bacolodnon,JJ,adjective,of or pertaining to bacolod
badlak,VB,verb,"beam , dazzle , sparkle"
badlu,NN,noun,phlegm
bádlung,VB,verb,"to point out a fault or mistake, to correct by telling a person."
bádlu’,NN,noun,phlegm.
bag-o,JJ,adjective,"new , fresh antonym: daan"
bag-ohan,NN,noun,beginner
baga,NN,noun,"charcoal , cinder , coal , light"
bága,NN,noun,"ember, live coal."
bagáhe,NN,noun,"luggage, piece of baggage, cargo."
bagáng,VB,verb,"to heat, to make red hot."
bagani,NN,noun,act of heroism
baganihan,NN,noun,hero
baganíhan,NN,noun,hero.
bagásu,NN,noun,bagasse.
bagat-bagat,NN,noun,centipede
bagatnan,NN,noun,south synonym: habagatnan
bagátnan,NN,noun,south.
bágay,NN,noun,"thing, idea, notion, effects."
bágid,VB,verb,"to rub together, to strike together."
bágid,JJ,adjective,"of fruits, unripe, nearly ripe."
bagis,NN,noun,shark
bagnas,JJ,adjective,unripe
bagol,NN,noun,( anatomy ) skull synonym: yubon
bagol,NN,noun,"any skull -like vessel , such as a rough coconut shell cut in half and used for cleaning"
bagol,NN,noun,( figuratively ) brain ; mind synonym: utok
bagon,NN,noun,wagon
bagoong,NN,noun,shrimp paste
bagrong,NN,noun,sound
bágrung,NN,noun,"roaring sound, thunderous sound."
bágrung,VB,verb,"to roar, to thunder, to make a deafening sound."
bágrut,VB,verb,to gnash or grind one’s teeth.
bágsak,NN,noun,bedbug.
bagsat,NN,noun,bedbug
bagting,NN,noun,"chime , ring , toll"
bágting,VB,verb,"to ring a bell, to toll."
bagtis,NN,noun,mudfish
bágtung,VB,verb,to wrap in a bundle especially with a woven cloth.
bágu,RB,adverb,before.
bagúl,NN,noun,hard shell of the coconut.
bagyo,NN,noun,tropical cyclone
bagyo,NN,noun,typhoon
bagyo,NN,noun,storm
bágyu,NN,noun,"rainstorm, typhoon, hurricane."
bágyu,VB,verb,"to be stormy, to be forceful."
bág’u,JJ,adjective,"new, recent, unfamiliar, novel."
bág’u,VB,verb,"to make new, to change, to renew."
baha,NN,noun,flood
bahála’,VB,verb,to be responsible for.
bahaw,JJ,adjective,( of food ) cold
bahaw,NN,noun,cold rice
bahawbahaw,NN,noun,ant
bahá’,NN,noun,flood.
bahá’,VB,verb,to cover with a flood.
báhin,NN,noun,"part, chapter, share."
báhin,VB,verb,"to divide, to deal with‚ to make small parts of."
báhit,VB,verb,to take something out from the fire.
bahol,JJ,adjective,"odor , smell , stink"
bahon,VB,verb,to sneeze
bahoy,NN,noun,"witch , sorceress"
bahoy,VB,verb,to enchant or cast a spell upon someone
báhu,NN,noun,"of music, bass."
bahúg,NN,noun,food for pigs.
bahúg,VB,verb,"of animals, to feed swine, or any animal; of people, to eat mixed foods simultaneously."
bahúl,JJ,adjective,"coarse, loose or rough texture."
bahún,NN,noun,sneeze.
bahún,VB,verb,to sneeze.
báhu’,NN,noun,"smell, odor, stink."
báhu’,JJ,adjective,"odorous, pungent, acrid smelling, stinking."
bailo,VB,verb,"change , barter , swap"
bairan,NN,noun,whetstone
bais,VB,verb,sharpen
baka,NN,noun,"cow , bull , ox"
báka,NN,noun,"cow, beef."
bakág,VB,verb,"to get annoyed, to lose one’s patience."
bakal,VB,verb,to buy ; to purchase ; to shop
bakál,VB,verb,"to buy, to purchase."
bakalaw,NN,noun,codfish
bakasyón,NN,noun,"vacation, leisure trip."
bakasyón,VB,verb,"to take a vacation, to go on a trip."
baká’,JJ,adjective,"bow-legged, walking as if under a strain."
baká’,VB,verb,to walk under weight.
bákbak,VB,verb,to strip off.
bákhaw,NN,noun,mangrove.
bákhu’,VB,verb,"to sigh, to moan, to lament."
báknal,JJ,adjective,"burdensome, onerous, bulky."
báknit,VB,verb,"to nudge, to pinch, to pluck."
bakolod,NN,noun,hill ; hillock ; mound ; slope
bakud,NN,noun,"strength synonyms: baskug , bukud , kusug , pag-un"
bakud,NN,noun,stiffness synonym: tiskug
bákud,JJ,adjective,"strong, stiff."
bákud,VB,verb,"to become strong, to stiffen."
bákul,VB,verb,to beat or baffle with blows using a piece of wood or a piece of metal.
bakúlud,NN,noun,"slope, hill."
bakúna,NN,noun,vaccination.
bakúna,VB,verb,to vaccinate.
bakyas,JJ,adjective,"( of soil ) rocky , stony , barren"
bakyas,NN,noun,"stone , rock"
bal-ag,NN,noun,a metal file
balá,RP,particle,question particle to express doubt or uncertainty; tag question particle.
bála,NN,noun,bullet.
balaan,JJ,adjective,"divine , holy , pious , upright , virtuous"
balaanon,JJ,adjective,"( religion ) saintly , blessed , holy"
balaanon,JJ,adjective,"happy , beatific"
balaba,NN,noun,rattan
balabag,NN,noun,impediment
balábag,VB,verb,"to frustrate, to block, to lay across as of a log."
balabaw,NN,noun,"mouse ; rat synonyms: ambaw , ilaga"
balagon,NN,noun,vine
balágun,NN,noun,"vine, climbing plant."
balahibo,NN,noun,body hair
balahibo,NN,noun,fur
balahibo,NN,noun,feathers synonym: balukag
balahibo sang hayop,NN,noun,"fur , sable"
balahíbu,NN,noun,"of animals, fur; of people, skin hair."
baláka,VB,verb,"to feel concerned about something or somebody, to worry."
balaklon,NN,noun,"commodities , goods , wares"
balaligya,NN,noun,"commodities , goods , merchandise"
balanak,NN,noun,( a kind of fish ) mullet
balának,NN,noun,mullet.
balangaw,NN,noun,rainbow
balangáw,NN,noun,rainbow.
balangitaw,NN,noun,"( animal ) alligator , crocodile"
balani,NN,noun,"magnet , magnetism"
balanion,JJ,adjective,magnetic
balánse,VB,verb,"to balance, to shift, to bring to a state of equipoise or stability."
balaod,NN,noun,dysentery
balas,NN,noun,sand
balás,NN,noun,sand.
balása,VB,verb,"to shuffle, to mix up as of cards."
balason,JJ,adjective,sandy
balasubas,JJ,adjective,"( money ) broke , short of cash"
balasubas,JJ,adjective,"( of manual work ) careless , botched"
balasúbas,JJ,adjective,"rowdy, rude, good-for-nothing, inconsiderate."
balataan,NN,noun,"( anatomy ) uterus , womb"
balatas,NN,noun,galaxy
balatian,NN,noun,"disease , illness , sickness"
balatian,VB,verb,"to have a disease , to be ill"
balatí’an,NN,noun,"disease, illness, feeling, physical condition."
balatí’an,VB,verb,"to suffer from a disease, to be sick."
balatong,NN,noun,yardlong bean
balatong,NN,noun,vegetables synonym: utan
balaw,NN,noun,"asphalt , pitch , resin , tar"
balaw,RP,particle,"( interrogative ) questions listener's thoughts or opinions, often in a conditional sense"
balay,NN,noun,"home , house"
balay,NN,noun,building
baláy,NN,noun,"house, home, dwelling, building."
baláy,VB,verb,"to build a house, to put up a house or building."
balayan sang sinulatan ukon dinalan,NN,noun,syntax
bálaybálay,NN,noun,playhouse.
bálaybálay,VB,verb,to go from one house to another.
baláybay,NN,noun,"verse, recitation, rhyme, poetry."
balaynon,JJ,adjective,"domestic , homely"
balá’an,JJ,adjective,"divine, godlike, heavenly."
balbolá,NN,noun,valve.
bálda,NN,noun,"pain, sickness, ache, soreness."
bálda,JJ,adjective,"paralytic, sickly, low resistance against illness."
baldado,JJ,adjective,"crippled , handicapped , maimed"
balde,NN,noun,"bucket , pail"
báldi,NN,noun,"bucket, pail."
baldúsa,NN,noun,"concrete pavement, cemented floor."
bále,VB,verb,"to be about, to amount to, to equal to."
baleu,VB,verb,to change ; to transform ; to transmogrify
balhag,JJ,adjective,"printed , published"
balhag,VB,verb,"print , publish"
balhas,NN,noun,sweat
balhas,VB,verb,to sweat
bálhas,NN,noun,"perspiration, sweat, condensation."
bálhas,VB,verb,"to perspire, to sweat."
balhin,VB,verb,"alter , change , transform"
bálhin,VB,verb,"to change, to exchange."
bali,JJ,adjective,broken
bali,VB,verb,break
balibad,NN,noun,"excuse , pretext"
balíbad,NN,noun,"excuse, reason, refusal."
balíbad,VB,verb,"to find an excuse, to give a reason, to refuse."
balidha,NN,noun,law ; legislation
baligya,NN,noun,sale
baligya,VB,verb,sell
balígya’,NN,noun,goods for sale.
balígya’,VB,verb,"to sell, to dispose of by sale."
balihawog,NN,noun,"bolt , latch"
balík,VB,verb,"to come back, to return, to retrace one’s steps."
balikawang,NN,noun,"haunch , hip , loins"
balikawáng,NN,noun,hip.
balikíd,VB,verb,"to turn one’s head to look back, to turn over to the other side in a lying position."
baliko,NN,noun,arch
baliko,NN,noun,shape of an arch
balingon,NN,noun,anchovy
balingon,NN,noun,fish dried in the sun
balisbisan,NN,noun,eaves
balising,NN,noun,cross-eyed squint
balískad,VB,verb,"to turn upside down, to invert, to turn over."
baliskag,NN,noun,vertebra ; spine
balíswa’,VB,verb,"to turn over, to turn upside down, to invert."
balita,NN,noun,"information , news"
balita,VB,verb,"to inform , proclaim"
balitadhan,NN,noun,honeysuckle
balíta’,NN,noun,"news, report."
balíta’,VB,verb,"to inform, to tell the news, to report."
balí’,NN,noun,"fracture, break."
balí’,JJ,adjective,"broken, fractured."
balí’,VB,verb,"to break, to fracture, to rapture."
balod,NN,noun,wave
balong,JJ,adjective,drunk ; intoxicated synonym: hubog
balota,NN,noun,ballot
balotanog,JJ,adjective,"insufficient , unsatisfactory"
balotanog,JJ,adjective,"parboiled , underdone , undercooked"
bálsa,NN,noun,"raft, ferry, a native raft made of tied bamboo trunks."
balsamo,NN,noun,"balm , balsam (clarification of this definition is needed)"
bálu,NN,noun,"widow, widower."
balúd,NN,noun,ocean wave.
balúd,JJ,adjective,"rough seas, wavy."
bálun,NN,noun,"provisions, a stock of needed materials or supplies collected beforehand."
bálun,VB,verb,"to take provisions along, to bring money or food on a trip."
balung,JJ,adjective,alternative spelling of balong ( “ drunk; intoxicated ” )
balunggay,NN,noun,"a type of tree , the malunggay or horseradish tree , moringa oleifera"
bálus,NN,noun,"answer, reply, revenge, reprisal, reward, vendetta."
bálus,VB,verb,"to answer, to reply, to strike back, to take revenge on."
balúskay,VB,verb,"to rummage, to make a thorough search."
balút,NN,noun,"unhatched embryo of duck or chicken, boiled and eaten as a delicacy."
balúta,NN,noun,ballot.
baluyot,NN,noun,sack ; bag ; pouch ; wallet
balú’,NN,noun,"knot, loop, bow."
balú’,VB,verb,"to entwine, to knot, to tie in a loop or bow."
balyéna,NN,noun,whale.
bál’ag,VB,verb,"to file, to rub and make smooth with a file."
bana,NN,noun,husband
bana,NN,noun,"opinion , guess , thought"
bána,NN,noun,husband.
banaag,NN,noun,gleam
banaag,NN,noun,daybreak
banag-banag,NN,noun,"dawn , daybreak"
banag-banag,NN,noun,morning (obsolete)
banas,NN,noun,path ; trail ; lane synonym: dalan
banás,NN,noun,"path, a footpath through uncleared areas."
banas sa higad sang suba,NN,noun,riverside nagaistar ako banas sa higad sang suba . i live by the riverside.
baná’ag,NN,noun,"dawn, early morning, rays of the sun."
banda,NN,noun,strap
bánda,NN,noun,"cord or strip of material serving chiefly for decoration, a music band or group of musicians organized for playing together."
bandeha,NN,noun,"platter , plate"
bandehado,NN,noun,platter
bandehádo,NN,noun,platter.
bandera,NN,noun,flag
bandéra,NN,noun,flag.
bándo,NN,noun,"announcement, broadcast, declaration."
bándo,VB,verb,"to announce, to make public, to inform the public, to declare."
banga,NN,noun,water jar
banga,NN,noun,"idiot , fool , simpleton"
banga,VB,verb,"like , enjoy"
bangá’,NN,noun,native earthen jar used as water container.
bangdan,NN,noun,"cause , reason , motive"
bangdánan,NN,noun,"reason, cause, motive for refusal."
bángday,VB,verb,to lean against as for support.
bángga’,VB,verb,"to collide, to bump against."
bángig,VB,verb,"to quarrel, to start a fight."
bangis,NN,noun,"brutality , cruelty synonym: pintas"
bangis,NN,noun,violence synonym: kahas
bangis,VB,verb,"to be or become brutal , cruel , inhuman , or violent"
bangís,JJ,adjective,"brutal, cruel, inhuman, ferocious, fierce."
bangka,NN,noun,surfeit
bangka,NN,noun,boat
bangkaw,NN,noun,lance ; spear
bangkay,NN,noun,"cadaver ; corpse synonyms: lawas , patay"
bángkay,NN,noun,"corpse, dead body."
bangkéta,NN,noun,"sidewalk, concrete pavement."
bangkéte,NN,noun,"banquet, ceremonious meal."
bangkil,NN,noun,tusk
bangko,NN,noun,bench
bangko,NN,noun,bank
bángko,NN,noun,bank.
bángku’,NN,noun,wooden bench long enough for two or more people to sit on.
banglid,NN,noun,"elevation , hill"
bangon,NN,noun,the right and left epigastric artery
bangon,VB,verb,to rise from a lying position
bangot,VB,verb,"bind , tie"
bangúd,CC,conjunction,"regarding, concerning, relating to, because of, therefore."
bangud sa,JJ,adjective,concerning
bángun,VB,verb,"to arise, to get up from bed, to get up from a lying position."
bánhaw,VB,verb,"to resurrect, to rise from the dead."
banhay,NN,noun,a moderate slope or incline
banig,NN,noun,"carpet , mat , mattress"
baníg,NN,noun,native mat made from strips of palm leaves woven together.
baníhut,JJ,adjective,"stubborn, obstinate, persistent, unyielding."
banka,NN,noun,boat
banlas,NN,noun,desert
bansag,NN,noun,nickname
bansúli’,VB,verb,"to tumble, to be together in a confused mass."
banta,NN,noun,opinion
banta,VB,verb,"guess , conjecture"
bántal,VB,verb,to bundle or wrap together with a piece of cloth or clothing.
bantála’,NN,noun,"announcement, advertisement, broadcast."
bantála’,VB,verb,"to announce or broadcast over the air, to advertise."
bantay,NN,noun,"watchman , watcher"
bantay,NN,noun,observer
bantay,NN,noun,guard synonym: gwardya
bantay,VB,verb,to watch ; to see over ; to supervise
bántay,NN,noun,"watchman, watcher, guard, observer."
bántay,VB,verb,"to watch over, to guard, to observe."
bantayan,NN,noun,"guard - house , lookout station"
bánta’,NN,noun,"guess, opinion, supposition, estimate."
bánta’,VB,verb,"to guess, to opine, to suppose, to estimate."
bánting,VB,verb,to brace or tie together with a rope.
bantog,JJ,adjective,"eminent , famous , prominent"
bantolinaw,NN,noun,ebony
bántug,JJ,adjective,"renowned, famous, eminent, distinguished, noted."
bántug,VB,verb,"to be rumored, to be considered a hearsay, to become well-known."
banwa,NN,noun,town ; city ; municipality ; state ; commonwealth
banwa,NN,noun,citizenry ; inhabitant
bánwa,NN,noun,"town, community, a compactly settled area usually larger than a village but smaller than a city;  citizen."
banwahanon,JJ,adjective,"related to towns , municipalities or their government ; civic"
banwahanon,NN,noun,citizen ; person ; public
banyo,NN,noun,bathroom
banyo,NN,noun,shower
bányo,NN,noun,bathroom.
bao,NN,noun,"tortoise , turtle"
bao,NN,noun,"( vehicles , automotive , slang ) volkswagen beetle"
baog,JJ,adjective,"grey , old"
bapor,NN,noun,"boat , ship"
bapór,NN,noun,"boat, ship."
bara,NN,noun,crowbar
bara,NN,noun,yardstick
bará,VB,verb,"to clog, to impede with extraneous matter."
bára,NN,noun,"bar, a long straight piece of wood or metal, crowbar."
baraha,NN,noun,cards
baráha,NN,noun,"deck of playing cards, card."
barahan,NN,noun,yardstick
barandilya,NN,noun,"rail , railing"
barandílya,NN,noun,"railing made of iron serving as a guard or support, iron guard rail."
barangay,NN,noun,"the smallest local government unit in the philippines , a subdivision of a city or municipality"
baratílyo,NN,noun,bargain sale.
barato,JJ,adjective,cheap ; inexpensive antonym: mahal
baráto,JJ,adjective,"cheap, inexpensive."
baráto,VB,verb,"to make cheap, to reduce in price."
bárbas,NN,noun,beard.
bárbas,VB,verb,to shave the beard off.
barbero,NN,noun,"barber , haircutter synonym: manuggunting"
barbéro,NN,noun,barber.
barílis,NN,noun,barrel.
barina,NN,noun,"awl , drill"
barína,NN,noun,awl.
barína,VB,verb,"to drill, to bore a hole with an awl."
bario,NN,noun,"community , hamlet"
barit,VB,verb,to sharpen
barnis,NN,noun,"lacquer , varnish"
barong,NN,noun,shirt
baroto,NN,noun,dugout ; canoe
barukan,NN,noun,( anatomy ) bladder
barukán,NN,noun,urinary bladder.
barútu,NN,noun,"canoe, a native canoe made from carved trunks of trees."
báryu,NN,noun,a unit of local government and area division having the status of a village.
bas-on,VB,verb,"to be damp , or wet"
bása,VB,verb,to read.
basa-basa,JJ,adjective,diminutive of basâ : slightly damp
basa-basa,VB,verb,"diminutive of bása : to read a little, or occasionally"
basag,JJ,adjective,"cracked , dull , hollow"
baság,JJ,adjective,"of sound, hoarse, dull, broken."
basag-ulo,JJ,adjective,"brainless , stupid , silly"
basá’,JJ,adjective,"wet, soaked."
basá’,VB,verb,"to wet, to soak with liquid."
básbas,VB,verb,"of plants and trees, to cut, to trim."
basi,RB,adverb,perhaps
basi,NN,noun,a type of rice beer
basin,NN,noun,toilet
bási’,VB,verb,"may, may be, might."
báskit,NN,noun,basket.
baskug,NN,noun,loudness ( of noise ) synonym: gansal
baskug,NN,noun,"strength synonyms: bakud , kusug"
báskug,JJ,adjective,"of sound, loud; of force, strong."
báso,NN,noun,drinking glass.
basol,NN,noun,blame
basol,NN,noun,reprimand ; scolding
basol,VB,verb,to blame
basol,VB,verb,to chide ; to scold
basta,JJ,adjective,enough
básta,CC,conjunction,"because, provided, as long as, if, just, i said so."
básta,RP,particle,"i said so, it has been agreed upon."
baston,NN,noun,cane
baston,NN,noun,stick
baston ni san hose,NN,noun,hollyhock
baston ni san hose,NN,noun,staff of st. joseph
bastos,JJ,adjective,"harsh , mean , rude"
bastos,JJ,adjective,immodest
bástun,NN,noun,"walking stick, cane."
bástus,JJ,adjective,"rude, uncouth, offensive in manner or action, lacking in social refinement."
básul,VB,verb,"to scold, to chide, to blame, to regret, to repent, to reproach."
basura,NN,noun,"garbage , refuse , waste , rubbish , trash synonym: higko"
basúra,NN,noun,"garbage, trash, litter."
básya,VB,verb,"of water, to pour out with force, to throw out."
bat-ol,JJ,adjective,"dull , stupid , or obstinate"
báta,NN,noun,"a loose garment usually worn in bed, nightgown."
batad,NN,noun,millet
bátak,VB,verb,"to pull upward, to raise."
batakan,NN,noun,"crane , pulley"
batan-on,JJ,adjective,"childish , childlike , juvenile batan-on nga kalipay. childlike pleasure."
bataon,JJ,adjective,"young , youthful"
batás,VB,verb,"to bear, to suffer, to endure."
batás,NN,noun,endurance.
batasan,NN,noun,"behaviour , character , culture , custom , manners"
batásan,NN,noun,"manner, character, custom, behavior."
báta’,NN,noun,"child, baby, young girl or boy usually below the age of ten years old."
báta’,JJ,adjective,"young, immature."
báta’,VB,verb,"to deliver a child, to bear a child."
batá’batá’,JJ,adjective,"younger, childish."
bati,VB,verb,to suffer
bati,VB,verb,( negative ) to feel
bati,VB,verb,to hear
bati,VB,verb,"( cooking ) to beat , stir"
batí,VB,verb,"of liquid and powder, to beat together, to mix together."
bati-bati,NN,noun,"diminutive of batî ; gossip , hearsay , rumor"
batid,JJ,adjective,"proficient , skilled , versed"
batid,JJ,adjective,experienced
batid,JJ,adjective,"expert synonyms: eksperto , sampaton"
batíd,JJ,adjective,"clever, cunning, ingenious."
batidor,NN,noun,whisk
batiis,NN,noun,"calf , leg , limb"
batinggílan,JJ,adjective,"flirt, loose in morality."
batiya,NN,noun,washbasin ; washbowl
batí’,VB,verb,"to hear, to be able to hear."
báti’,NN,noun,feelings.
batí’batí’,VB,verb,to eavesdrop.
batí’is,NN,noun,"leg, shin."
batobalani,NN,noun,magnet
batobato,NN,noun,kidney
batog,NN,noun,egg yolk
batohon,JJ,adjective,"rocky , rugged , stone , stony"
batok,NN,noun,"objection , protest"
batok,VB,verb,to resist or oppose
batok sa kasugoan,JJ,adjective,"unconstitutional , unlawful"
baton,VB,verb,"accept , get , receive"
batongmaidlak,NN,noun,diamond
batota,NN,noun,baton
batota,NN,noun,"rule , sway"
bátsi,NN,noun,hole on the road.
batú,NN,noun,"rock, stone, pebble."
batúbaláni’,NN,noun,magnet.
batúbatú,VB,verb,"to spell, to count one by one."
bátug,NN,noun,egg yolk.
bátuk,VB,verb,"to resist, to oppose to compete, to debate."
bátun,VB,verb,"to receive, to accept, to take."
batungdaan,NN,noun,"monument (literally, old stone)"
batuta,NN,noun,baton
batuta,NN,noun,"rule , sway"
batúta,NN,noun,"police club, wooden club."
bátu’,VB,verb,"to resist, to oppose, to fight, to challenge."
bátyag,NN,noun,"feeling, sense."
bátyag,VB,verb,"to feel, to have a sensation."
bátya’,NN,noun,native wide wooden tub or basin.
baug,JJ,adjective,barren
baug,JJ,adjective,"grey , old"
baw-as,JJ,adjective,"( usually said of women ) barren , childless"
baw-ing,JJ,adjective,"( places ) deserted , desolate , isolated , far away, lonely , secluded"
bawi,VB,verb,"to redeem , deliver , set free , release , or liberate"
báwi’,VB,verb,"to redeem, to take back, to reclaim."
bawod sang mga tudlo,NN,noun,"wave (literally, bent fingers)"
bawtisár,VB,verb,"to baptize, to pour water on the head as in baptism."
báw’as,JJ,adjective,"of people, sterile, barren, childless."
bay-ad,NN,noun,a type of seashell
bayabas,NN,noun,guava
bayábas,NN,noun,guava.
bayad,NN,noun,charge ; payment ; fee ; toll
báyad,NN,noun,payment.
báyad,VB,verb,"to pay, to settle an account, to spend."
bayáw,NN,noun,"sister-in-law, brother-in-law."
báyaw,VB,verb,"to elevate, to lift, to raise as a host during roman catholic mass service."
báya’,VB,verb,"to leave, to quit, to abandon."
baybay,NN,noun,"beach , coast , shore"
báybay,NN,noun,"beach, coast, shore."
baybayon,NN,noun,beach ; coast ; shore
bayhon,NN,noun,"form , figure , shape synonym: porma"
baylíhan,NN,noun,dancehall.
baylo,VB,verb,"change , exchange , replace"
báylu,VB,verb,"to exchange, to substitute, to swap."
bayo,JJ,adjective,( of horses ) bay
bayo,NN,noun,a garment which covers the upper body
bayo-bayo,NN,noun,pulse
bayoon,NN,noun,"fabric , textile"
bayú,VB,verb,"to box, to maul, to pound."
bayud,JJ,adjective,"unsteady , shaky , unstable synonyms: bawod , mahuyang"
báyu’,NN,noun,"dress, clothing, apparel."
bayú’ung,NN,noun,bag made of woven palm leaves.
bá’bá,NN,noun,mouth.
bá’id,VB,verb,"to sharpen, to rub against a stone so as to sharpen."
bá’is,VB,verb,"to argue, to dispute, to debate."
ba’ú,NN,noun,land turtle.
ba’úg,JJ,adjective,"of egg, rotten, sterile."
beberon,NN,noun,nozzle of a baby bottle
beka,NN,noun,scholarship
belada sa eskwelahan,NN,noun,commencement
belasyon,NN,noun,"vigil , wake"
bendisyon,NN,noun,"benediction , blessing"
bendisyon,VB,verb,to bless
bendita,NN,noun,blessing
bendita,VB,verb,( transitive ) bless
bentáha’,NN,noun,"advantage, edge."
bentana,NN,noun,"window synonyms: gawang , talamwaan"
berde,NN,noun,green ( color/colour )
berde,JJ,adjective,greenish
bérde,JJ,adjective,green.
bersíkulu,NN,noun,verse.
berso,NN,noun,"verse , poem synonym: balaybay"
beteráno,NN,noun,veteran.
béynte,CD,numeral,twenty;  twentieth.
bíbi,NN,noun,duck.
bibig,NN,noun,( anatomy ) lip
bibig,NN,noun,"edge , rim ( of a glass )"
bibíg,NN,noun,lip.
bibingka,NN,noun,"cake (a baked, small rice cake)"
bíbliya,NN,noun,bible.
bidyiw,NN,noun,"harpoon , spear"
bigki,NN,noun,edge ; rim ; bank ( of a river )
bigote,NN,noun,moustache
bigúti,NN,noun,moustache.
bihag,NN,noun,"captive , prisoner"
bihag,VB,verb,to capture ; to take prisoner
bíhag,NN,noun,"captive, hostage."
bíhag,JJ,adjective,"captivating, attractive."
bíhag,VB,verb,"to capture, to abduct, to kidnap, to attract, to bait."
bika,VB,verb,to straddle
bika,VB,verb,to spread one's legs wide
bikoláno,NN,noun,"language spoken principally in albay, camarines sur, catanduanes, sorsogon, the southern half of camarines norte, and in some towns of masbate."
biktíma,NN,noun,victim.
bilad,VB,verb,"( of a book ) display , unfold , open"
bílang,VB,verb,"to consider, to esteem as."
bilanggo,VB,verb,"imprison , incarcerate , confine"
bilanggoan,NN,noun,"jail ; prison synonyms: hulunongan , kalaboso , karsel , presonan"
bilánggu,NN,noun,prisoner.
bilánggu,VB,verb,"to capture, to imprison."
bilás,NN,noun,the affinal relation of husbands or wives of siblings.
bilat,NN,noun,"vagina , vulva"
bilí,NN,noun,"cost, amount, price."
bilí,VB,verb,"to be worth, to cost, to be the price of."
bilid,VB,verb,"examine , handle , inspect"
bilíd,VB,verb,"to hold with the hands so as to inspect closely, especially clothes."
bilin,NN,noun,remainder
bilin,VB,verb,"order , command"
bilín,NN,noun,"balance account, remainder, left over."
bílin,NN,noun,"request, last words."
bílin,VB,verb,"to enjoin, to leave behind."
biling,NN,noun,"stitch , a sharp , sudden pain"
bilog,JJ,adjective,entire ; intact ; round ; solid ; whole
bilog-bilog,NN,noun,diminutive of bilóg
bilog-bilog,NN,noun,"clumps , lumps"
bilogon,NN,noun,a cane or cudgel
bilúg,JJ,adjective,"round, circle."
bílug,NN,noun,"piece, part."
bilugon,NN,noun,alternative spelling of bilogón
bilwa,VB,verb,"dislocate , sprain"
bílyar,NN,noun,"billiard, pool."
bilyéte,NN,noun,ticket.
binabaye,JJ,adjective,fit for a woman ; womanly
binabaye,NN,noun,effeminate
binaboy,JJ,adjective,"hoggish , piggish"
binágbinág,VB,verb,"to consider, to ponder, to apportion."
binágun,NN,noun,native machete.
binangon,NN,noun,bolo ; machete synonym: utak
binata,JJ,adjective,childish
binata,JJ,adjective,immature
bingaw,JJ,adjective,broken
bingáw,JJ,adjective,"of teeth, missing, jagged."
bingáw,VB,verb,"of teeth, to lose a tooth, to knock out a tooth, to jag or notch accidentally."
bíngkal,VB,verb,"to break in a door, to force an entrance."
binhi,NN,noun,grain synonym: lamigas
bínhi’,NN,noun,"seedling, plant grown from seed."
binilanggo,NN,noun,"prisoner ; inmate ; convict synonyms: piniriso , priso"
binisaya,JJ,adjective,visayan
bíno,NN,noun,wine.
bintána’,NN,noun,window.
binudngan,NN,noun,"a handspun cloth , fabric , or textile"
binuhatan,NN,noun,"work , deed"
binulan,JJ,adjective,"every month , monthly"
bioleta,NN,noun,violet ( color )
bírhen,NN,noun,"virgin, mary, the mother of jesus christ."
birhin,JJ,adjective,virgin
bisan,CC,conjunction,although ; even if synonym: maskin
bisan,RB,adverb,in spite of synonym: agad
bisán,CC,conjunction,"even if, although, in spite of."
bisan diin,NN,noun,"everywhere , somewhere , wherever"
bisan sin-o,NN,noun,"anybody , whoever"
bisaya,JJ,adjective,visayan
bisáya’,JJ,adjective,"visayan, of visayan origin."
bísi,NN,noun,"vice, substitute."
bísi,NN,noun,vice-president.
bisikleta,NN,noun,bicycle
bisikléta,NN,noun,bicycle.
bisikléta,VB,verb,to ride a bicycle.
bisita,NN,noun,guest ; visitor
bisita,NN,noun,visit synonym: duaw
bisíta,NN,noun,"visitor, guest."
bisíta,VB,verb,"to visit, to call upon, to pay a visit."
biskwit,NN,noun,biscuit
bísta,NN,noun,"view, panorama, scene."
bisyo,NN,noun,"bad , wicked , naughty , disobedient"
bisyo,VB,verb,to refuse or be disobedient
bísyu,NN,noun,"vice, fault."
bísyu,VB,verb,"to be naughty, to be wicked, to disobey, to fuss."
bís’ak,VB,verb,"of wood, to cleave, to split."
bítad,VB,verb,"to open, to unfold, to spread out so as to see closely."
bitamína,NN,noun,"vitamin, nutrient."
bitas,JJ,adjective,injured
bitas,NN,noun,"fissure , mutilation"
bitas,VB,verb,"break , rend , sever , split , tear"
bitay,VB,verb,"hang , suspend"
bítay,VB,verb,"to hang, to string up, to suspend."
bitayan,NN,noun,gallows ; gibbet ; scaffold
bítbit,VB,verb,"to bring along, to carry."
bitik,NN,noun,flea
bitík,NN,noun,"flea, tick."
bitin,NN,noun,snake
bitin,VB,verb,"haul , lift"
bitín,NN,noun,snake.
bitok,NN,noun,pinworm
bitoon,NN,noun,( astronomy ) star
bitú’un,NN,noun,star.
bíya’,VB,verb,"to leave behind, to abandon."
biyernes,NN,noun,friday
blángko,JJ,adjective,"expressionless, blank, empty."
blángko,NN,noun,empty space provided on a piece of paper.
blósa,NN,noun,"blouse, top."
bobo,VB,verb,to pour out or over
bobo,NN,noun,baptism without ceremony
bodega,NN,noun,"cellar , storeroom , warehouse"
bodéga,NN,noun,"warehouse, storage, cellar."
bohawi,NN,noun,"cyclone , whirlwind"
bohok,NN,noun,hair
bokabularyo,NN,noun,vocabulary
bokabuláryo,NN,noun,vocabulary.
bokbok,NN,noun,a type of boring insect
bokbok,VB,verb,"crush , grind , mash , pound , powderise"
bokhon,JJ,adjective,hairy
boko-boko,NN,noun,ankle
bokol,NN,noun,"bud , flower"
bokol,NN,noun,knob
bola,NN,noun,ball
bóla,NN,noun,"ball, round object."
bolkan,NN,noun,volcano
bolkán,NN,noun,volcano.
bómba,NN,noun,"bomb, hand pump for water."
bombéro,NN,noun,fireman.
bombílya,NN,noun,electric bulb.
bómbo,NN,noun,drum.
boradór,NN,noun,eraser.
bórda,NN,noun,"embroidery, design."
bórda,VB,verb,to embroider.
botélya,NN,noun,bottle.
botíka,NN,noun,"medicine store, drug store."
bóto,NN,noun,vote.
bóto,VB,verb,"to vote, to cast a vote."
botones,NN,noun,button
buas,RB,adverb,tomorrow
búbu,VB,verb,"to baptize, to pour water into a container."
bubún,NN,noun,well.
bubungán,NN,noun,roof.
budhi,NN,noun,"betrayal , treachery , foul play"
budhi,VB,verb,"deceive , betray"
búdhi’,NN,noun,"conscience, inner self."
búdhi’,VB,verb,"to betray, to be faithless, to be disloyal."
budiong,NN,noun,trumpet ; horn
búdlay,JJ,adjective,"difficult, hard."
búdlay,VB,verb,"to feel the difficulty, to tire."
budyong,NN,noun,alternative spelling of budióng
bug-at,JJ,adjective,heavy ; hefty
bug-at,NN,noun,gravity
bug-os,JJ,adjective,"complete , whole"
bug-os,VB,verb,do something completely
bugá,VB,verb,"to belch forth, to spit out as a volcano."
bugal,JJ,adjective,arrogant
bugál,NN,noun,"pride, haughtiness."
bugál,VB,verb,"to be proud, to show off."
bugál,JJ,adjective,"plentiful, abundant."
bugál,VB,verb,"to be plentiful, to progress."
bugalon,VB,verb,to be or become proud
bugas,NN,noun,"milled rice , white rice"
bugas,NN,noun,pimple
bugas,VB,verb,to hull rice
bugás,NN,noun,unhusked rice grains.
bugay,NN,noun,"gift , present"
bugay,NN,noun,donation
bugay,VB,verb,( charitable ) to make a gift or donation
bugáy,NN,noun,"grace, bounty, blessing."
bugáy,VB,verb,"to shower with blessings, to give grace."
buggaitan,JJ,adjective,"prominent , famous , outstanding , excelling , excellent , surpassing others in skill, the best of its kind"
bugkos,NN,noun,"bundle , parcel"
bugkos,VB,verb,to tie
búgkus,NN,noun,"bundle, string used to tie a package."
búgkus,VB,verb,"to bundle together, to tie with a string."
bugnaw,JJ,adjective,"chill , frigidity"
búgnu’,VB,verb,"to greet, to speak to, to interact with."
búgras,VB,verb,"of string, to break off, to snap off."
bugsay,NN,noun,"oar , paddle"
bugsay,VB,verb,to oar or paddle
búgsay,NN,noun,oar.
búgsay,VB,verb,"to row, to strike the water with an oar."
búgsuk,VB,verb,"to erect by driving into the soil, to thrust through with force to make it stand."
búgtaw,VB,verb,"to waken, to awake."
bugto,VB,verb,"break , disconnect"
búgtung,JJ,adjective,"alone, one and only."
búgtung,NN,noun,only-child.
búgtu’,VB,verb,"to snap, to break off."
búg’at,JJ,adjective,"heavy, burdensome, cumbersome."
búg’us,JJ,adjective,"entire, complete, whole-hearted."
buhaha,JJ,adjective,"heedless , lavish , prodigal , wasteful"
buhaha,JJ,adjective,spendthrift
buhaha,NN,noun,spendthrift
buhahá’,JJ,adjective,"lavish, extravagant, spend-thrift."
buhat,JJ,adjective,"done , finished"
buhat,NN,noun,"deed , work , action"
buhat,VB,verb,"to act , do , make , perform , accomplish"
búhat,VB,verb,"to do, to make, to perform."
buháwi’,NN,noun,tornado.
buhi,JJ,adjective,alive antonym: patay
buhin,NN,noun,subtraction
buhin,VB,verb,"to lessen , subtract , or diminish"
búhin,VB,verb,"to subtract, to deduct, to decrease, to lessen."
buhis,NN,noun,( historical ) a tribute
buhis,NN,noun,"duty , revenue , tax"
buhis,NN,noun,toll
buhis,NN,noun,tribute
buhís,NN,noun,"tax, levy."
buhís,VB,verb,to levy tax.
buhí’,JJ,adjective,alive.
búhi’,VB,verb,"to set free, to unhand, to ignite as of fire-crackers."
buho,NN,noun,"crevice , hole , opening , perforation , pit , vent"
buho-buho,NN,noun,"diminutive of búhò : a small hole , perforation , or pore"
buhok,NN,noun,alternative spelling of bohók
buhúk,NN,noun,hair on the head.
búhu’,NN,noun,"hole, crevice, aperture."
búhu’,VB,verb,to bore or drill a hole.
buk-on,VB,verb,to cut or open
búkad,VB,verb,"to open, to unfold, to bloom, to undo a package."
bukadkad,VB,verb,"to bloom , blossom , or flower"
bukál,NN,noun,"bubble, froth."
bukál,VB,verb,"to boil, to bubble."
bukana,NN,noun,mouth ( of a river )
bukas,JJ,adjective,"candid , open synonym: serado"
bukás,JJ,adjective,"opened, candid."
bukás,VB,verb,"to open, to unfold, to begin."
bukaw,NN,noun,owl
búkaw,NN,noun,owl.
buká’,NN,noun,"opening, crack."
buká’,JJ,adjective,"open, cut, split, cracked."
buká’,VB,verb,"to cut open, to crack."
búkbuk,NN,noun,weevil.
búkbuk,VB,verb,"to crash, to grind, to make into powder."
bukid,NN,noun,mountain
bukid,NN,noun,hill synonym: bakolod
búkid,NN,noun,"hill, mountain."
bukidnon,JJ,adjective,"coarse , rough , uncultured , uncouth"
bukidnon,NN,noun,mountaineer
buksan,VB,verb,open
búktut,NN,noun,hunchback.
bukú,NN,noun,"node, joint."
bukúbukú,NN,noun,"joint, ankle."
búkud,JJ,adjective,"secure, strong."
bukúl,NN,noun,"lump, swelling, protuberance; of plants, bud."
búkut,VB,verb,"to confine, to isolate, to pen or coop up."
búku’,NN,noun,"plan, proposal, intention, proposition."
búku’,VB,verb,"to say, to plan, to think of, to intent to."
bulád,VB,verb,"to spread out, to dry in the sun."
bulador,NN,noun,kite
buladúr,NN,noun,kite.
bulág,NN,noun,"blind, beggar."
bulág,JJ,adjective,"depravity in eyesight, blind."
búlag,VB,verb,"to divorce, to sever, to separate, to depart."
bulahan,JJ,adjective,fortunate
buláhan,JJ,adjective,"fortunate, lucky."
bulak,NN,noun,"blossom , flower"
bulak,VB,verb,"blossom , flower"
búlak,NN,noun,"flower, blossom, cotton fibers."
búlak,VB,verb,"to bloom, to flower."
bulak-bulak,NN,noun,diminutive of búlak
bulakbol,NN,noun,truant
bulakbol,VB,verb,to play truant
bulákwit,VB,verb,"to snatch, to seize."
bulalakaw,NN,noun,( visayan mythology ) a deity described as a shining bird or human-bird hybrid
bulalakaw,NN,noun,"a meteorite , shooting star"
bulan,NN,noun,moon ( largest natural satellite of planet earth )
bulan,NN,noun,moon ( any substantially sized natural satellite of a planet )
bulan,NN,noun,month ( period into which a year is divided )
búlan,NN,noun,"month, moon."
búlanbulan,RB,adverb,"monthly, every month."
bulang,NN,noun,cockfight
bulang,VB,verb,to cockfight
búlang,VB,verb,to participate in a cockfight.
bulangan,NN,noun,cockpit
búlaw,VB,verb,"to oversleep, to wake up later than usual, to waken late in the day."
bulawan,NN,noun,gold
buláwan,NN,noun,"gold, raw gold metal."
bulawanon,JJ,adjective,golden
bulá’,NN,noun,"bubble, froth, foam."
bulá’,VB,verb,"to bubble, to foam, to spume at the mouth."
búlbug,VB,verb,"to strike repeatedly, to beat against."
bulbul,NN,noun,fine hair
bulbul,NN,noun,down ( soft hair of the face when beginning to appear )
bulbul,NN,noun,feathers
bulgár,JJ,adjective,"vulgar, gaudy."
buli,NN,noun,buttock
buli,VB,verb,polish
bulídbulíd,VB,verb,"to crumble, to roll over and over down a slope."
bulig,NN,noun,"aid , help synonym: ayuda"
búlig,NN,noun,"bunch of banana fruits intact on the trunk, help;  to help, to assist, to aid."
buligan,VB,verb,"to aid , to help"
buling,NN,noun,"spot , stain"
buling,VB,verb,"stain , soil , dirty"
bulíng,NN,noun,soot.
bulinga,NN,noun,"fish eggs , roe"
bulí’,NN,noun,"anus, buttocks, rear."
bulto,NN,noun,"luggage , trunk or box"
bulto,NN,noun,a carved statue
búltu,NN,noun,"bulk, big bundle."
buluadan,NN,noun,where animals are bred
buluhatan,NN,noun,workshop
buluhaton,NN,noun,errand ; task
bulukutan,NN,noun,"enclosure , pen"
bululngan,NN,noun,"clinic , hospital , medical center"
bululngon,NN,noun,sick person
bulunakan,NN,noun,"laundry , laundry room , wash"
bulung,NN,noun,"drug , medicine"
bulung,VB,verb,"spin , rotate"
bulúng,NN,noun,"medicine, drug, cure."
bulúng,VB,verb,"to cure, to doctor."
bulungan,NN,noun,"spindle , spinning wheel"
bulus,NN,noun,the beginning of a flood in a flooded river
bulus,NN,noun,bale
bulus,VB,verb,to substitute
bulutangan,NN,noun,"holder , rack"
buluthoan,NN,noun,"place of reunion , meetinghouse"
buluthoan,NN,noun,"school synonyms: eskuwela , eskuwelahan"
bumulutho,NN,noun,"schoolboy , schoolgirl , student"
bun-ag,NN,noun,birth
bun-ag,NN,noun,( medicine ) delivery
búnak,VB,verb,"to wet, to dampen."
búnak,JJ,adjective,wet.
bunál,NN,noun,"whip, lash."
bunál,VB,verb,"to trash, to strike with a whip."
bunang,NN,noun,"thread , yarn"
bunáyag,JJ,adjective,"cordial, gracious."
bunayag makig-atubang,JJ,adjective,genial
bunayag sing kabubut-on,JJ,adjective,cordial
bundul,JJ,adjective,"slow , dull , deliberate in action"
búndul,JJ,adjective,"slow, tardy."
búnga,NN,noun,"fruit, consequence, result."
búnga,VB,verb,"to bear fruit, to result in."
bungalon,NN,noun,"( botany ) vetiver grass , zacate grass"
bungansiso,NN,noun,whale
bungát,VB,verb,"to speak out, to utter."
bunggo,VB,verb,"bump , collide"
bunggo,VB,verb,shove or throw with force
búnggu’,VB,verb,"to bump against, to push against something with force."
bunghay,NN,noun,a party or group of people
bunghay,NN,noun,"troop , division"
bunghay,NN,noun,sect
búnghay,NN,noun,"part, division."
búnghay,VB,verb,"to form a part of, to become divided."
bungil,NN,noun,harelip
búngkag,VB,verb,"to demolish, to take apart, to destroy, to dismantle."
bungot,NN,noun,beard
búngtud,NN,noun,"low elevation of the ground, an elevation lower than a hill, slope."
bungul,JJ,adjective,deaf
bungul,NN,noun,a piece of bamboo
bungúl,NN,noun,deaf.
búngut,NN,noun,"beard, whiskers, moustache."
bunit,NN,noun,"( fishing ) : angle , hook"
bunit,VB,verb,( fishing ) : to angle or hook
bunít,NN,noun,"fish hook, angle."
bunít,VB,verb,"to hook, to fish, to angle."
búnlaw,VB,verb,"to rinse, to finish washing with clean water."
buntug,NN,noun,stye
buntug,VB,verb,"to bite , strike ( of snakes )"
búntul,VB,verb,"to throw to the ground, to attack with force so as to offset the balance."
búnuk,NN,noun,"heavy rain, downpour."
búnuk,VB,verb,to rain heavily.
bunút,NN,noun,"coconut husk, scrub made from coconut husk."
bunút,VB,verb,"to remove the husk from a coconut, to scrub the floor with a coconut husk."
bunú’,VB,verb,"to stab with a sharp instrument, to pierce."
bunyag,NN,noun,baptism
búnyag,NN,noun,baptism.
búnyag,VB,verb,"to sprinkle, to water plants‚ to baptize."
bún’ag,VB,verb,to dry in the sun.
burangos,NN,noun,beard
burará’,JJ,adjective,"extravagant, lavish."
búrhut,VB,verb,"to fizz out, to puff."
burnil,VB,verb,to polish ; to shine
burus,NN,noun,blister
bus,NN,noun,"bus, public vehicle."
bus-og,JJ,adjective,"pure , unadulterated ,"
bus-og,JJ,adjective,unalloyed
busa,RB,adverb,"hence , so , therefore"
busal,NN,noun,"bridle , muzzle"
busál,NN,noun,"of dogs, mouth cover to prevent biting."
busay,NN,noun,waterfall synonym: talogan
busay,NN,noun,spring synonym: bukal
busáy,NN,noun,"waterfall, spring."
busá’ag,VB,verb,"to scatter into different directions, to break into pieces and scatter, to burst."
búsbus,VB,verb,"to cut open, to perform a caesarian operation."
búsdik,VB,verb,to split or burst open.
busgon,JJ,adjective,satiated
busilak,NN,noun,"limestone , marble"
busisí’,JJ,adjective,"scrupulous, meticulous."
búskad,VB,verb,"to spread open as in a flower, to unfold."
buslot,NN,noun,"aperture , hole"
buslot,NN,noun,"rent , gash"
búslut,VB,verb,"to have a rent, to have a hole through the bottom."
busol,NN,noun,seed synonym: liso
busong,JJ,adjective,pregnant synonym: mabdos
busug,JJ,adjective,"satiated , satisfied"
busug,JJ,adjective,excruciating or painful
busúg,JJ,adjective,"satiated, full, satisfied with food."
búsul,NN,noun,seed.
busún,NN,noun,mailbox.
busung,JJ,adjective,alternative spelling of busong ( “ pregnant ” )
busúng,JJ,adjective,"pregnant, with child."
busúng,VB,verb,to be pregnant.
búswang,VB,verb,to break or burst and discharge pus.
bús’ak,VB,verb,"to chop wood, to chop wood for firewood."
butad,JJ,adjective,"dark brown , dun"
butakal,NN,noun,boar
butang,NN,noun,"item , matter , stuff , thing"
butang,NN,noun,place
butang,VB,verb,"to place an object, usually on a surface"
butáng,NN,noun,"thing, object."
butáng,VB,verb,"to put down, to lay on a place."
butang-butang,NN,noun,"calumny , libel , or slander"
butángbútang,NN,noun,"rumor, false accusation."
butángbútang,VB,verb,"to slander, to backbite, to spread false rumors."
butho,VB,verb,"to visit ; to frequent synonyms: bisita , duaw"
butho,VB,verb,to go to school synonym: eskuwela
búthu’,VB,verb,"to go to school, to study, to learn."
buti,JJ,adjective,cracked or split
buti,NN,noun,cataract
buti,VB,verb,frolic or play
butí,NN,noun,small pox.
butig,NN,noun,"lie , untruth"
butíg,NN,noun,"lie, falsehood."
butíg,JJ,adjective,"liar, sly."
butíg,VB,verb,"to tell a lie, to make a false statement."
butigon,JJ,adjective,"misleading , sly"
butigon,NN,noun,"liar , fibber"
butiti,NN,noun,pufferfish
butí’,VB,verb,to pop like a corn or rice.
butkon,NN,noun,( anatomy ) arm
bútkun,NN,noun,arm.
bútlak,VB,verb,"of the sun, to rise."
buto,NN,noun,( anatomy ) penis
butok,VB,verb,to make or force an animal to lie down on its side
butok-butok,JJ,adjective,diligent
butok-butok,VB,verb,diminutive of butók
butónes,NN,noun,button.
butúd,JJ,adjective,"bloated, distended."
butúd,VB,verb,"to become bloated, to suffer from the wind."
bútung,VB,verb,"to pull, to drag."
butwas,VB,verb,raise something to the surface
bútyag,VB,verb,"to tell others, to disclose, to let out a secret."
buung,JJ,adjective,"broken , smashed"
buung,VB,verb,"to break into fragments , ruin , smash"
buy-an,VB,verb,"escape , to let to get away"
búya,NN,noun,"bribe, fix."
búya,VB,verb,"to bribe, to buy like a person in marriage, to offer a dowry."
buyagyag,VB,verb,"betray , expose , make public , tell"
buyánbuyań,JJ,adjective,"ne’er do well, neglectful."
buyánbuyań,VB,verb,"to neglect, to be nonchalant, to be unconcerned."
buyáyag,VB,verb,"to show up, to expose, to disclose a confidential matter."
buyayaw,VB,verb,to curse ; to swear
buyáyaw,VB,verb,"to abuse in strong language, to curse, to scold, to use swear words."
buylog,VB,verb,accompany
buylog,VB,verb,sympathize
búylug,VB,verb,"to accompany, to join, to group together."
buyog,NN,noun,bee ( insect )
buyot,VB,verb,"cling , clutch ,"
buyot,VB,verb,"to grasp , grip , or hold fast"
buyug,NN,noun,wasp
buyúg,NN,noun,bumblebee.
búyuk,VB,verb,"to bend, to curve, to incline, to persuade."
búyut,VB,verb,"to grasp firmly, to hold onto."
bú’ang,JJ,adjective,"fool, stupid, crazy."
bú’ang,NN,noun,"fool, simpleton, idiot."
bu’áya,NN,noun,"alligator, crocodile."
bu’úl,NN,noun,heel.
bú’ung,VB,verb,"to break into small pieces, to scatter into fragments."
bu’út,NN,noun,"will, wants, desire, wish."
bu’út,VB,verb,"to will, to desire, to wish, to do as one pleases."
bú’ut,JJ,adjective,"kind, amiable, considerate."
bwás,RB,adverb,"tomorrow, next day."
bwélta,VB,verb,"to return, to come back, to retrace steps."
byáhe,NN,noun,"trip, journey, voyage."
byérnes,NN,noun,friday.
byólin,NN,noun,violin.
daan,JJ,adjective,old
daan,JJ,adjective,used ; worn-out
daan,RB,adverb,beforehand
daan,RB,adverb,first of all
daan,RB,adverb,right away
daay,NN,noun,a lump of earth
dab-ot,VB,verb,to reach out
dab-ot,VB,verb,stretch
dabadaba,NN,noun,kindling
dabádabá,NN,noun,"blaze, flame."
dabádabá,VB,verb,"to flare up, to blaze, to be on fire."
dabdab,VB,verb,"kindle , light"
dábdab,NN,noun,"flare, flame, blaze."
dábdab,VB,verb,"to flare up, to blaze, to be on fire."
dabudabu,NN,noun,shower
dabúdabú,NN,noun,"shower, drizzle."
dábuk,VB,verb,"to kindle a fire, to build a fire, to ignite."
dado,NN,noun,a young fish
dag-on,NN,noun,"season , year"
dag-on,VB,verb,"( passive voice ) overcome , conquer"
dagaang,JJ,adjective,"red , scarlet"
dagami,NN,noun,hay ; straw
dagámi,NN,noun,"hay, straw."
dagangbulan,NN,noun,march
dagangdang,JJ,adjective,"red , scarlet"
dagas,VB,verb,to gather fruit
dagas,NN,noun,windfall
dagat,NN,noun,"ocean , sea , saltwater"
dagat,VB,verb,to be seasick
dagát,NN,noun,"seasickness, nausea."
dagát,VB,verb,"to be seasick, to be nauseated."
dágat,NN,noun,"sea, ocean."
dágat,DT,deictic,nan
dagaya,NN,noun,abundance
dagáya’,JJ,adjective,"many, plentiful, teeming, swarming."
dágdag,NN,noun,"addition, native term for extra pieces given of items purchased."
dágdag,VB,verb,"to let fall, to drop, to add something extra to a purchase."
daginit,JJ,adjective,"( of wind ) gentle , soft , mild , tender , warm"
dagotdot,NN,noun,debris or refuse on a beach
dagotdot,NN,noun,rain
dagotdot,NN,noun,a kind of grass
dagpi’,NN,noun,"rap, tap, pat."
dagpi’,VB,verb,"to rap, to tap, to pat."
dagsang,VB,verb,to fester
dagsa’,VB,verb,"to transfer, to be washed ashore, to flow with the current."
dagta,NN,noun,sap
dágta’,NN,noun,"sap, stain, sticky sap of plants, mark."
dágta’,VB,verb,"to stain, to blot, to mar."
dagum,NN,noun,"sewing needle, injection needle."
dagum,NN,noun,needle
dagumak,VB,verb,to wear out from frequent use
daguob,NN,noun,thunder
dagusu’,VB,verb,"to swarm, to move in a crowd."
dagutdut,NN,noun,alternative spelling of dagótdot
dagu’ub,NN,noun,thunder.
dagu’ub,VB,verb,to thunder.
dagway,NN,noun,"appearance , conformation , countenance , guise"
dagway,NN,noun,"contour , feature , shape , surface"
dagway,NN,noun,"cut , figure , image , likeness"
dagway,NN,noun,"species , type"
dágway,NN,noun,"facial expression, shape, posture."
dagway nga makahuhuya,JJ,adjective,shabby
dagyang,VB,verb,"enjoy oneself , frolic"
dahog,NN,noun,"shoot , tendril"
dahog,VB,verb,to slide or skid ; skidding
dahon,NN,noun,"frond , leaf ( part of a plant )"
dahon-dahon,NN,noun,"mantis , praying mantis"
dahúm,NN,noun,"expectations, anticipation."
dahúm,VB,verb,walá’ akú nagdahúm nga ma’abút ka.
dáhun,NN,noun,leaf.
dahú’,VB,verb,"to receive, to accept, to take form."
dakbanwa,NN,noun,city synonym: siyudad
dakbánwa,NN,noun,city.
dakhari,NN,noun,emperor synonym: emperador coordinate term: dakhara
dakpulu,NN,noun,continent synonym: kontinente
daku,JJ,adjective,"big , large"
daku,NN,noun,bulk
daku,NN,noun,"flame , light"
daku,NN,noun,a copper coin that is now out of circulation
daku kaayo,JJ,adjective,very big
daku kaayo,JJ,adjective,exceptionally large
daku kaayo,JJ,adjective,ponderous
daku-daku,JJ,adjective,diminutive of daku
dakup,VB,verb,"to catch , to apprehend , to arrest , to capture"
dakúp,VB,verb,"to catch, to trap, to snare, to capture, to arrest."
dakú’,JJ,adjective,"big, bulky, huge, great."
dakú’,VB,verb,"to become big, to make big."
dal-ok,NN,noun,"blister , pustule"
dala,VB,verb,"to bring , carry"
dalá,VB,verb,"to bring, to carry, to transmit."
dalá,NN,noun,"packages, things being carried, load."
dalag,JJ,adjective,"coward , yellow-bellied"
dalág,JJ,adjective,yellow.
dalaga,NN,noun,dame
dalága,NN,noun,"unmarried girl, between the age of about fifteen to thirty."
dalágan,VB,verb,"to run, to dash, to dart, to scamper."
dalagita,NN,noun,"maid , a girl"
dalagíta,NN,noun,young girl between the age of ten years old to about fifteen years old.
dalagku,JJ,adjective,"big , large"
dalakpon,NN,noun,"malefactor , outlaw"
dalamgohanon,NN,noun,"dream , reverie"
dalamhak,JJ,adjective,wayward
dalámhak,JJ,adjective,"wayward, disobedient, untoward."
dalan,NN,noun,"path , way synonym: banas"
dalan,NN,noun,"road , street synonyms: kalye , karsada"
dálan,NN,noun,"street, road, path, cleared path."
dalanawan,NN,noun,swamp
dalándan,VB,verb,"to descend quickly, to hurry down the stairs, to slide down the bannister."
dalándan,DT,deictic,nan
dalang-dalang,JJ,adjective,astray
dalang-dalang,VB,verb,to lose one's way
dálangdálang,VB,verb,"to lose oneself, to lose one’s way."
dalasaon,NN,noun,"assail , crash"
dalaw,NN,noun,visit synonym: duaw
dalaw,VB,verb,to visit
daláwat,VB,verb,"to buy cereal, especially rice or corn."
dalayap,NN,noun,key lime
daldal,VB,verb,"implicate , involve"
daldal,VB,verb,"( of wind, waves ) push , impel"
dáldal,VB,verb,"to backbite, to spread false malicious talk, to talk against."
dalhon,VB,verb,bring
dali,RB,adverb,"immediately , quickly , hurriedly"
dalimuos,NN,noun,( of wind ) gust
dalimuos,NN,noun,a fit of anger or passion
dalin-as,VB,verb,slip
dalisay,JJ,adjective,strong
dalísay,JJ,adjective,"pure, immaculate, untainted."
dalitan,JJ,adjective,"poisonous , venomous"
dalí’,RB,adverb,"immediately, hurriedly, quickly."
dalí’,JJ,adjective,"quick, immediate."
dalí’,VB,verb,"to be quick, to hurry, to hasten."
dalo,VB,verb,"to caress , to fondle"
dalok,JJ,adjective,"greedy , gluttonous"
dalok,NN,noun,glutton
dalok,VB,verb,to be greedy
dalúdo,VB,verb,"to swell, to rise, to become flooded."
dalúk,JJ,adjective,"selfish, greedy, glutton."
dalum,JJ,adjective,( of depth ) deep
dalum,JJ,adjective,"( of thoughts ) deep , profound , insightful"
dalum,VB,verb,deepen
dálum,JJ,adjective,deep.
dálum,VB,verb,"to deepen, to become deep."
dalúndun,VB,verb,"to carry, to push along, to use water or slimy substance to push an object or food down the throat."
dalunggan,NN,noun,( anatomy ) ear
dalú’,VB,verb,"to caress, to fondle."
damak,JJ,adjective,"dirty , slovenly , untidy"
damak,JJ,adjective,( derogatory ) sluttish
daman,VB,verb,sleeptalk
damán,NN,noun,nightmare.
damán,VB,verb,to have a nightmare.
damang,NN,noun,spider
damáng,NN,noun,spider.
damgo,NN,noun,dream
damgohon,VB,verb,to dream
dámgu,NN,noun,dream.
dámgu,VB,verb,"to dream, to have a dream."
dámhag,VB,verb,"to fall headlong, to fall on one’s face."
damo,VB,verb,"to increase , multiply"
damol,NN,noun,thickness antonym: nipis
damot,NN,noun,vegetable
dampig,VB,verb,"aid , help , support"
dámpig,VB,verb,"to help, to aid, to side with."
damúg,NN,noun,"of pigs, food."
damuhál,JJ,adjective,"rude, unrefined in social manners."
dámul,JJ,adjective,"thick, dense, bulky."
dámu’,JJ,adjective,"many, plenty."
dámu’,VB,verb,"to be many, to augment in number, to increase."
danaw,NN,noun,"pool , puddle"
dangat,VB,verb,"to acquire , gain"
dangat,VB,verb,"to obtain , procure , secure"
dangat,VB,verb,to win
dángat,VB,verb,"to reach, to acquire, to get at, to secure, to take hold of."
dángat,DT,deictic,nan
danggot,VB,verb,wean
dangog,NN,noun,scurf
dangúp,VB,verb,"to take refuge, to cover, to shelter, to appeal."
danlug,NN,noun,slipperiness or greasiness
dánlug,VB,verb,"to slide, to slip."
dapa-dapa,NN,noun,sole
dapádapá,NN,noun,sole of the feet.
dapat,JJ,adjective,eligible
dapat,JJ,adjective,"appropriate , fit , proper"
dápat,VB,verb,"to be necessary, to be fit, to apply, to use."
dapaw,NN,noun,flea ; tick
dápaw,NN,noun,chicken flea.
dapay,NN,noun,"hawk , bird of prey"
dapáy,NN,noun,hawk.
dapig,NN,noun,"companion , partner"
dapig,NN,noun,pair
dapig,VB,verb,"aid , assist , help"
dapit,JJ,adjective,"close , near , nearby"
dapit,VB,verb,invite
dapít,JJ,adjective,near.
daplos,NN,noun,"slip , slipping synonym: dapyos"
dáplus,VB,verb,"to slide off, to stray."
dapúg,NN,noun,"stove, fireplace, fire pit."
dápu’,VB,verb,"to alight, to attack, to gather around as of birds."
dápyus,VB,verb,"to slide, to stray."
dáp’ung,NN,noun,bonfire.
dáp’ung,VB,verb,"to build a bonfire, to put on fire."
daroos,NN,noun,a severe cough
daroos,VB,verb,cough
dasig,JJ,adjective,quick
dasig,VB,verb,hasten
dásig,RB,adverb,"quickly, faster."
dásig,JJ,adjective,"fast, quick."
dásig,VB,verb,"to do something with speed and promptness, to hasten."
daskon,VB,verb,cram
dasúk,VB,verb,"to fill, to crowd."
dasún,RB,adverb,next.
dasún,JJ,adjective,"later, next, to come after."
dasú’dasú’,JJ,adjective,"impulsive, temperamental, risky."
dasú’dasú’,VB,verb,"to risk, to rush into without thought of consequences."
dás’il,VB,verb,"to injure, to lacerate, to throw against."
datilis,NN,noun,date palm
daug,VB,verb,"defeat , succeed , triumph , win"
daut,VB,verb,to injure ; to harm
daut,VB,verb,to damage
daut,VB,verb,to impair
daut,VB,verb,to spoil
daut,VB,verb,to do harm ; to cause detriment
dawat,VB,verb,"to accept , to receive"
dawat,VB,verb,to regain one's appetite
dawdaw,VB,verb,"turn , spin"
dawdawan,NN,noun,"machine , mill"
dawhat,VB,verb,receive
dayan,NN,noun,"stroll , walk synonym: lagaw"
dayán,VB,verb,"to walk or stroll about, to promenade."
dayán,DT,deictic,nan
dayáw,JJ,adjective,"capricious, vain."
dáyaw,VB,verb,"to praise, to commend, to appreciate, to extol."
dáya’,NN,noun,"deceit, trick, dishonesty."
dáya’,JJ,adjective,"cheat, dishonest."
dáya’,VB,verb,"to trick, to cheat, to deceive."
dayok,NN,noun,a preparation of salted fish
dáyun,VB,verb,"to continue, to come in, to spend some time on."
dá’an,JJ,adjective,"old, used, worn out."
dá’an,RP,particle,"beforehand, first of all, right away."
da’ígun,NN,noun,christmas carol.
da’ígun,VB,verb,to sing christmas carols.
da’úg,NN,noun,"gain, winnings."
da’úg,VB,verb,"to win, to be superior, to overcome, to overthrow."
dá’ut,VB,verb,"to injure, to hurt, to harm, to damage."
de,RP,particle,"of, with."
debosyon,NN,noun,devotion or piety
debóto,JJ,adjective,"devout, fervent."
debúhu,NN,noun,"design, embroidery."
dedal,NN,noun,thimble
dekolór,JJ,adjective,"multi-colored, colored."
dekorá,VB,verb,"to decorate, to put on ornaments."
delana,JJ,adjective,woolen
delargo,NN,noun,"pants , trousers"
delárgo,NN,noun,long pants for men.
demokrásya,NN,noun,democracy.
demónyo,NN,noun,"devil, satan."
dentísta,NN,noun,dentist.
depekto,NN,noun,"defect , flaw"
desgrásya,NN,noun,"disaster, accident, disgrace."
desgrásya,VB,verb,"to have an accident, to have an unfortunate experience."
desisyón,NN,noun,decision.
desisyón,VB,verb,"to make a decision, to decide."
deskarga,VB,verb,discharge or fire a weapon
deskarga,VB,verb,( sailing ) unload
destíno,NN,noun,"destination, assignment for place of work."
desyémbre,NN,noun,december.
de’ílo,NN,noun,"linen cloth, white linen pair of pants."
dí,DT,deictic,short form of dirí.
dibuho,NN,noun,"design , draft"
didál,NN,noun,thimble.
dídtu,DT,deictic,over there.
digamohan,NN,noun,"fireplace , hearth , kitchen"
diin,RB,adverb,where
diin,RB,adverb,there
diksyonáryo,NN,noun,dictionary.
dikta,VB,verb,dictate
díkta,VB,verb,"to dictate, nagdíkta ang ma’éstra sa kláse."
dilántu,VB,verb,"to expand in business, to improve in the family standard of living, to progress."
dílap,VB,verb,"to lick, to lap, to drawl the tongue like a dog."
díla’,NN,noun,tongue.
díli’,VB,verb,"to forbid, to prohibit."
díli’,DT,deictic,nan
dimaisip,JJ,adjective,"countless , innumerable"
dimalas,JJ,adjective,unlucky ; unfortunate
dimasaysay,JJ,adjective,"inexplicable , mysterious"
dimát,VB,verb,"to attract, to draw attention to, to allure."
dimatarung,JJ,adjective,dishonest
dimatarung,JJ,adjective,"unfair , unjust , wicked , wrong"
dimatarung,JJ,adjective,injurious
dimatungkad,JJ,adjective,"bottomless , inscrutable , unfathomable"
dinalan,NN,noun,"sentence , word . verse"
dinamita,NN,noun,dynamite
díngding,NN,noun,wall of a building.
dingot,JJ,adjective,"disgruntled , miserly , stingy"
dingot,VB,verb,the act of being stingy
dingút,JJ,adjective,"stingy, miserly, selfish."
dinuagan,NN,noun,"painting , picture"
dioktok,NN,noun,seashells
diosnon,JJ,adjective,"divine , godly , godlike , pious"
diosnon,JJ,adjective,devout
dipaha,JJ,adjective,made of straw
dipaha,NN,noun,straw
diperensya,NN,noun,difference
diperensya,NN,noun,controversy or quarrel
dira,RB,adverb,"there , yonder"
dirá’,DT,deictic,"there (near the listener, but far from the speaker)."
direktór,NN,noun,director.
diri,DT,deictic,here.
diruskas,NN,noun,screw
dis-og,VB,verb,"jostle , push"
disgrasya,NN,noun,"accident , mishap"
disgústo,VB,verb,"to be disgusted, to have a misunderstanding, to bear ill-feelings."
disimulár,VB,verb,"to overlook, to let pass, to make unnoticeable, to cover up."
disiplína,NN,noun,discipline.
diskurso,NN,noun,speech
diskúrso,NN,noun,"speech, talk."
diskúrso,VB,verb,"to give a speech, to talk formally."
diskusyon,NN,noun,"debate , discussion"
disprás,NN,noun,masquerade.
distansya,NN,noun,"distance , remoteness"
distansya,NN,noun,an interval of time or space
distrito,NN,noun,"territory , province , district"
dís’ug,VB,verb,"to push, to jostle, to shove."
ditil,NN,noun,clitoris
diwal,NN,noun,a type of seashell
diwál,JJ,adjective,lapping tongue.
diwál,VB,verb,"to let the tongue hang out like a dog, to stick the tongue out."
diwata,NN,noun,"( mythology , folklore ) a diwata"
diwáta’,NN,noun,"idol, fairy."
díyas,NN,noun,birthday.
diyotay,JJ,adjective,small ; little synonym: gamay antonym: dako
diyutay,JJ,adjective,alternative form of diyotay
di’ín,RB,adverb,where.
doble,NN,noun,double
dóble,JJ,adjective,"double, twin."
dódong,NN,noun,young boy from about age one to fifteen.
dogsing,VB,verb,"to nudge or stroke , often flirtatiously"
dogwak,NN,noun,"( animals ) : crane , heron"
dohol,VB,verb,hand
dohol,VB,verb,"to pass , reach"
doktór,NN,noun,doctor.
dokumento,NN,noun,"document , deed , record"
domínggo,NN,noun,sunday.
dool,NN,noun,"cork , stopper , plug"
dool,NN,noun,"( of a tree ) offshoot , shoot"
dool,VB,verb,"to cork , stopper"
dool,VB,verb,to establish firm contact with
dorado,JJ,adjective,"gold , golden"
dorado,NN,noun,gilt
dorado,NN,noun,gold
dormitóryo,NN,noun,dormitory.
dós,CD,numeral,two.
dóse,CD,numeral,twelve.
dosena,NN,noun,"dozen year unknown, cecile motus, hiligaynon lessons , рипол классик ( →isbn ), page 214 nagapatindug sang taytay ang manga tawu sang kinahanglan sang enhenyero  kwarenta y singko ka bilug nga kahuy para sa ang dosena sang bulak tag po.60.  presyong pl.15 ang duha ka dosena . imelda sang apat ka dosena . mabakal ..."
doséna,NN,noun,dozen.
dosis,NN,noun,"dose , medicine"
dotol,NN,noun,( animals ) : tick
dotol-dotol,NN,noun,diminutive of dotól : anything resembling a tick
duag,NN,noun,color
duag,NN,noun,"appearance , form , shape"
duag,VB,verb,to color
duaw,NN,noun,visit synonym: dalaw
dúda,NN,noun,"doubt, suspicion."
dúda,DT,deictic,nan
dúda,VB,verb,"to doubt, to distrust, to suspect."
dugang,NN,noun,"addition , increment"
dugang,VB,verb,to add or increase in number
dúgang,NN,noun,addition.
dúgang,VB,verb,"to increase, to add, to augment."
dúgay,RB,adverb,"of time, long."
dúgay,VB,verb,"to tarry, to take a long time."
dugáydugáy,RB,adverb,"in a little while, frequently."
dúga’,NN,noun,"sap, juice."
dughan,NN,noun,( anatomy ) chest ; bosom ; breast ; thorax
dúghan,NN,noun,"bosom, chest."
dúgkal,VB,verb,"to thrust, to stick, to stab."
dugmok,VB,verb,"to break by applying pressure or weight , to crush"
dúgmuk,VB,verb,"to crush, to break by pressure."
dugo,NN,noun,blood
dugoon,JJ,adjective,"bloody , gory"
dugos,NN,noun,honey
dúguk,VB,verb,"to join, to take part in."
dugus,JJ,adjective,the best part of a thing
dugus,NN,noun,honey
dugus,VB,verb,to gather fruit
dugús,NN,noun,honey.
dugú’,NN,noun,blood.
dugú’,VB,verb,to bleed.
dugwak,NN,noun,"crane , swan"
dúgwak,NN,noun,swan.
duha,VB,verb,to duplicate
duhá,CD,numeral,two.
duha-duha,NN,noun,"doubt , indecision"
duha-duha,VB,verb,"to doubt or waver , to be undecided"
dúhadúha,VB,verb,"to doubt, to hesitate, to waver."
dúhul,VB,verb,"to give personally, to hand."
duká’,VB,verb,to nod with drowsiness.
dúkduk,VB,verb,"to pound, to grind."
duko,NN,noun,respect
duko,VB,verb,bow
dukuménto,NN,noun,document.
dukút,VB,verb,"to stick to, to paste on."
dukú’,VB,verb,"to bow, to stoop down."
dul-ay,NN,noun,a lump of earth or dirt
dula,VB,verb,"to mislay , to lose , to mislay"
dulang,NN,noun,"dig , excavate , mine"
dúlang,NN,noun,"mine, mineral mine."
dulangan,NN,noun,mine
dulat,NN,noun,"awl , brad"
dúla’,VB,verb,"to lose, to miss, to mislay."
dúlhug,VB,verb,"to descend down a slope, to slide down an inclined plane or a slope."
dúlingdúling,VB,verb,"to walk unsteadily, to stagger, to take irregular steps."
dulis,NN,noun,meteorite
dulog,NN,noun,"pause , standstill , stop"
dulogan,NN,noun,stationary
dulonan,NN,noun,"border , boundary , demarcation"
dulongan,NN,noun,parking
dulot,NN,noun,dedication ; gift ; present
dúlsi,NN,noun,"candy, pastry."
dulud,NN,noun,"dribble , ooze"
dúlug,VB,verb,"to halt, to stop, to stand."
dulugokan,NN,noun,attraction
dulukdokan,NN,noun,grinder
dulum,NN,noun,darkness ; gloom
dulum,VB,verb,to darken ; to turn dark
dulúm,JJ,adjective,"dark, dim."
dulúm,VB,verb,"to darken, to get dusky, to become gloomy."
dulumugan,VB,verb,swarm
dulúnan,NN,noun,"boundary, border, confine, demarcation."
dúlung,VB,verb,"to approach, to come near, to draw near, to go in the direction of."
dulunggan,NN,noun,ear
dulúnggan,NN,noun,ear.
dulúnggan,DT,deictic,nan
dulus,NN,noun,wire
dúlut,NN,noun,"offering, gift."
dúlut,VB,verb,"to make a gift, to make an offering."
dúl’ung,VB,verb,"to transport, to bring, to deliver, to conduct."
dumaan,JJ,adjective,old
dumaan,JJ,adjective,"antique , old-time"
dumaan,NN,noun,settled farmhand on the negros mainland antonym: sakada ( “ seasonal migrant farmworker ” )
dumaay,VB,verb,fade
dumagaya,VB,verb,flourish
dumagsa,VB,verb,flourish
dumála,VB,verb,"to manage, to lead, to conduct, to direct, to govern, to supervise."
dumalagan,NN,noun,runaway
dumalagsa,NN,noun,emigrant
dumalahan,NN,noun,"engineer , executive"
dumar,VB,verb,"tame , train"
dumayon,VB,verb,enter
dumdum,VB,verb,"to recollect , remember , think"
dúmdum,VB,verb,"to think, to recollect, to remember, to bear in mind, to recall."
dumili,VB,verb,prohibit
dumíli’,VB,verb,"to interdict, to ban, to forbid, to prohibit."
dumot,NN,noun,"hatred , indignation , rage"
dúmug,VB,verb,"to scuffle, to wrestle, to struggle."
dumugo,VB,verb,bleed
dumugok,VB,verb,attend
dumukot,VB,verb,to stick
dumulog,VB,verb,pause
dumuluaw,NN,noun,"guest , visitor"
dumulugok,NN,noun,audience
dumuluong,NN,noun,"alien , foreigner , stranger"
dumulú’ung,NN,noun,"alien, stranger, foreigner."
dumungka,VB,verb,"harbor , land"
dumút,VB,verb,"to abominate, to detest, to begrudge."
dunang manggad,NN,noun,natural resources
dúngan,RB,adverb,"together, simultaneously."
dúngan,VB,verb,"to be or do together, to be simultaneous."
dungandungan,NN,noun,temple
dungdung,NN,noun,( idiomatic ) to rain cats and dogs
dungganon,NN,noun,"bigwig , celebrity , noble , royal"
dungkaan,NN,noun,"harbor ; haven ; port , wharf synonyms: dulungkaan , dulungan"
dúngka’,VB,verb,"to land, to arrive as a boat, to dock in port."
dungkul,NN,noun,"firewood , log"
dúnglay,VB,verb,to incline to the side.
dungog,NN,noun,honor
dungog,NN,noun,celebrity
dungúg,NN,noun,"honor, fame, reputation."
dungúk,VB,verb,"to look down, to incline one’s head forward, to bend the head."
dunkul,NN,noun,firewood
dunot,JJ,adjective,"decayed , rotten , spoiled"
dunoton,VB,verb,crush
dunút,JJ,adjective,"rotten, spoiled."
dunút,VB,verb,"to be rotten, to crush."
duog,NN,noun,"place , site synonym: lugar"
duog,NN,noun,village synonym: baryo
dupak,JJ,adjective,"dirty , foul , obscene , smutty"
dupak,JJ,adjective,"indecent , impure"
dupak,NN,noun,"bad language, obscene words"
dupak,VB,verb,to use obscene language
dupla,NN,noun,"saliva , spit , spittle"
dúpla’,VB,verb,"to spit on, to spit."
duplikado,NN,noun,duplicate
dupoy,NN,noun,breeze
dúsdus,VB,verb,"to push, to shove, to mix."
dúsmu’,VB,verb,to stumble.
dusú’,VB,verb,"to push against, to shove, to thrust."
duta,NN,noun,"earth , ground , soil"
duta,NN,noun,"land , lot , property"
dutan-on,JJ,adjective,"earthly , worldly"
dutang panublion,NN,noun,patrimony
dúta’,NN,noun,"land, soil, earth."
duyan,NN,noun,cradle
duyan,NN,noun,hammock
duyan,NN,noun,swing
dúyan,NN,noun,"swing, cradle, crib, hammock."
dúyan,VB,verb,"to rock a cradle, to swing."
duyanon,VB,verb,swing
duyog,NN,noun,inclination
duyong,NN,noun,"dugong , sea cow"
dúyu,JJ,adjective,"dejected, sad."
du’ág,NN,noun,"color, hue."
dú’aw,VB,verb,"to drop in, to look in, to visit."
dú’ug,NN,noun,"location, site, place."
dú’ul,NN,noun,cork.
dwénde,NN,noun,"dwarf, elf, leprechaun."
dwénde,DT,deictic,nan
dyanitor,NN,noun,janitor
dyés,CD,numeral,ten.
dyíp,NN,noun,"jeepney, renovated war surplus jeeps used as public transportation."
dyús,NN,noun,"god, the almighty."
dyútay,JJ,adjective,"tiny, small, little."
ebanghelyo,NN,noun,gospel
ebanghélyo,NN,noun,"gospel, epistle."
ebanhelyo,NN,noun,archaic form of ebanghelyo
edad,NN,noun,age synonym: gulang
edád,NN,noun,age.
edukasyon,NN,noun,"education , upbringing"
edukasyon,NN,noun,"instruction , training"
eh,RP,particle,"filler which can mean, oh…, no…."
ehemplo,NN,noun,example synonym: halimbawa
ehersisyo,NN,noun,exercise
eklipse,NN,noun,eclipse
eklípsi,NN,noun,eclipse.
eksamen,NN,noun,"test , examination"
eksamen,VB,verb,to inquire or search
eksámin,NN,noun,"examination, test."
eksámin,VB,verb,to give or take an examination.
eleksyon,NN,noun,election
eleksyón,NN,noun,election.
eleksyón,VB,verb,to hold an election.
elektrisidad,NN,noun,electricity
elementárya,NN,noun,elementary.
elepante,NN,noun,elephant synonym: gadyo
embahada,NN,noun,embassy
embahador,NN,noun,ambassador
embahadór,NN,noun,ambassador.
embalsamár,VB,verb,to embalm.
embudo,NN,noun,funnel
empanáda,NN,noun,native pie of meat baked with pastry crust.
empeine,NN,noun,herpes
emperador,NN,noun,emperor
empleyádo,NN,noun,employee.
empýene,NN,noun,ringworm.
enéro,NN,noun,january.
englatéra,NN,noun,england.
enhenyéro,NN,noun,engineer.
enkantado,JJ,adjective,magical
enpermera,NN,noun,attendant
ensaláda,NN,noun,salad.
entablado,NN,noun,"platform , stage"
entabládo,NN,noun,"platform, stage."
éntra,VB,verb,"to go in, to enter, to share in, to interfere, to participate."
entyénde,VB,verb,"to understand, to grasp, to comprehend, to realize."
epektíbo,JJ,adjective,effective.
eropláno,NN,noun,airplane.
eséna,NN,noun,"screen, movie screen."
esensya,NN,noun,"essence ; extract , tincture"
esensya,NN,noun,excerpt
eskandalo,NN,noun,scandal
eskándalo,NN,noun,scandal.
eskándalo,JJ,adjective,"rude, scandalous, lack in social refinement."
eskándalo,VB,verb,to create a scandal.
eskiníta,NN,noun,"aisle, alleyway."
eskoba,NN,noun,brush
eskóba,NN,noun,"of shoes, brush."
eskultor,NN,noun,sculptor
eskultór,NN,noun,sculptor.
eskuwela,NN,noun,school synonym: buluthoan
eskuwela,VB,verb,to go to school ; to attend school
eskwala,NN,noun,( carpentry ) square
eskwéla,NN,noun,"student, pupil."
eskwelahán,NN,noun,"school house, school."
espáda,NN,noun,"sword, spade."
espánya,NN,noun,spain.
espanyól,NN,noun,"spanish, spaniard."
espeho,NN,noun,mirror synonym: salaming
espiritu,NN,noun,"spirit , soul , ghost synonym: kalag"
espíritu,NN,noun,"soul, spirit, ghost."
espíya,NN,noun,"agent, spy."
espíya,VB,verb,to spy.
espóngha,NN,noun,"powder puff, sponge."
estádo,NN,noun,"state, province."
estádos,NN,noun,united states.
estánte,NN,noun,"shelf, bookcase."
estár,VB,verb,"to inhabit, to stay, to live, to reside."
estasyón,NN,noun,station.
estátwa,NN,noun,statue.
estranghéro,NN,noun,"foreigner, stranger."
estudyante,NN,noun,"pupil , student"
estudyánte,NN,noun,"learner, student."
fálda,NN,noun,ladies skirt.
famílya,NN,noun,"family, home."
febréro,NN,noun,february.
floréra,NN,noun,flower vase.
frankiyo,NN,noun,postage
fránsya,NN,noun,france.
fresa,NN,noun,strawberry
fuersa,NN,noun,"force , strength , vigor"
fuersa,NN,noun,"coercion , compulsion"
fuersa,VB,verb,"to force , compel"
gaang,VB,verb,"to heat , warm"
gab-e,NN,noun,night
gab-i,NN,noun,"evening ; night coordinate terms: aga , udto , hapon"
gab-i,NN,noun,nighttime synonym: adlaw
gabi,NN,noun,taro
gábi,NN,noun,taro.
gabinéte,NN,noun,"cabinet, an advisory body to the president of the country."
gabon,NN,noun,cloud synonym: panganod
gabuk,JJ,adjective,"rotten , decayed , decomposed"
gabuk,VB,verb,to be rotten or decomposing
gabúk,JJ,adjective,"rotten, decayed."
gabúk,VB,verb,"to be rotten, to decay."
gabut,VB,verb,"to pull out, to extract , to uproot"
gábut,VB,verb,"to pull out, to weed, to extract, to uproot."
gáb’i,NN,noun,"night, evening."
gago,JJ,adjective,ignorant
gáhit,VB,verb,to clear the way by cutting off grass.
gahud,NN,noun,"clatter , noise"
gahud,NN,noun,( sound ) : rattle
gahud,NN,noun,sound
gáhud,JJ,adjective,"noisy, bothersome."
gáhud,NN,noun,"noise, clatter."
gáhud,VB,verb,"to be noisy, to make noise."
gahúm,NN,noun,"power, authority, precedence."
gal-um,NN,noun,raincloud
gal-um,NN,noun,"mist or fog , haze"
galab,NN,noun,"scythe , sickle"
gálab,VB,verb,"to cut with a sickle, to gather rice grains with a sickle."
galánte,JJ,adjective,"gallant, chivalrous, extravagant."
galapún,NN,noun,bottle.
galatúng,NN,noun,"firewood, chopped wood used for firewood."
galing,VB,verb,"grind , mill"
gáling,VB,verb,"to mill, to grind."
galingan,NN,noun,grinder
galingán,NN,noun,"grinder, mill."
galí’,RP,particle,"really, is that so, indeed, oh."
galón,NN,noun,gallon.
galyetas,NN,noun,"cracker , hardtack , biscuit"
galyetas,NN,noun,a small ship
galyétas,NN,noun,"crackers, cookie."
gál’um,NN,noun,"rain cloud, gray cloud."
gál’um,JJ,adjective,cloudy.
gál’um,VB,verb,to become cloudy.
gamay,JJ,adjective,"little , small synonym: diyotay"
gamáy,JJ,adjective,"small, little."
gambal,JJ,adjective,bulky
gamhon,NN,noun,( botany ) weed
gámhun,NN,noun,fog.
gámhun,JJ,adjective,foggy.
gamit,VB,verb,"to use , to apply , to employ"
gámit,VB,verb,"to use, to devise."
gamo,NN,noun,"conflict , trouble"
gamo,NN,noun,"confusion , disorder . excitement , noise"
gamosa,NN,noun,velvet
gamósa,JJ,adjective,velvety.
gamot,NN,noun,root
gamú,NN,noun,"disturbance, conflict, confusion."
gamú,VB,verb,"to cause a disturbance, to throw into confusion, to take away peace."
gamút,NN,noun,root.
gana,NN,noun,"appetite , desire"
gána,NN,noun,appetite.
gána,VB,verb,to have appetite for.
ganánsya,NN,noun,"winnings, gain."
ganghá’an,NN,noun,"gate, entrance, door."
ganhaan,NN,noun,door
gánit,VB,verb,"to pinch, to twist, to pull one’s hair."
gáni’,CC,conjunction,"in fact, as a matter of fact."
gansa,NN,noun,"gander , goose"
gánsa,NN,noun,goose.
gansál,JJ,adjective,"loud, deafening."
gansál,NN,noun,"noise, racket."
gansál,VB,verb,"to be noisy, to set up a racket."
gansilyo,NN,noun,"crochet hook , knitting needle"
ganso,NN,noun,hook
gántang,NN,noun,ganta.
gantángan,NN,noun,wooden measuring box with a volume content of approximately one ganta or three liters.
gánuy,VB,verb,"to drag behind, to draw."
ganyat,VB,verb,"attract , entice , seduce"
gapas,VB,verb,to cut down or fell
gápas,VB,verb,"to cut down, to fell."
gápus,VB,verb,"to bind, to tie together, to tie the hands together."
gárab,VB,verb,"to cut rice, to gather rice grains, grass or any dicot plant with a sharp instrument."
gárab,NN,noun,"reaper, small sharp blade in the palm used to cut rice grains from the stalk."
garahe,NN,noun,garage
garáhi,NN,noun,garage.
garantíya,NN,noun,guarantee.
garapata,NN,noun,tick
gará’,VB,verb,"to allure, to entice, to persuade, to prevail upon."
garbanso,NN,noun,"chickpea , garbanzo"
garot,JJ,adjective,dense
garuk,NN,noun,filth
garuk,VB,verb,corrupt
garúk,JJ,adjective,"corrupt, depraved."
garúk,VB,verb,to corrupt.
garút,JJ,adjective,"tough, rowdy."
gasolina,NN,noun,"gasoline ( us , canada ) ; petrol ( australia , uk )"
gasolina,VB,verb,to refuel with gasoline / petrol ; to gas up
gastado,JJ,adjective,spent
gástos,NN,noun,"expense, disbursement."
gástos,VB,verb,"to spend, to expend, to disburse."
gástos,JJ,adjective,"extravagant, spendthrift."
gata,NN,noun,coconut milk
gatas,NN,noun,milk
gátas,NN,noun,"milk, sap."
gatasan,VB,verb,milk
gatá’,NN,noun,"juice, coconut milk."
gatong,NN,noun,firewood ; fuel
gatong,VB,verb,to fuel
gatúmbal,NN,noun,pepper.
gátung,VB,verb,to burn as firewood.
gatús,CD,numeral,hundred.
gáwa,VB,verb,to look out the window.
gáwad,VB,verb,"to get at a price, to recover, to redeem a pawned item."
gawahan,NN,noun,window
gaway,VB,verb,dangle
gawgaw,NN,noun,starch
gáwgaw,NN,noun,starch.
gawi,NN,noun,conduct
gayún,JJ,adjective,"gorgeous, dressy."
gá’id,VB,verb,"to bind, to secure, to tie to, to hitch on to."
ga’úd,NN,noun,"paddle, oar."
ga’úd,VB,verb,"to row, to paddle, to propel by means of an oar."
géra,NN,noun,"war, battle."
géra,VB,verb,to declare or fight a war.
gesantes,NN,noun,"snow pea , sugar snap pea"
gia,NN,noun,"guide , leader , founder"
gibungan,NN,noun,the junction of two or more rivers
gibungan,NN,noun,mouth of a river
gibwangan,NN,noun,the junction of two or more rivers
gibwangan,NN,noun,mouth of a river
gíd,RP,particle,"very, extremely, most, intensifier."
gihapon,RB,adverb,"always , as , always , usually"
gihápun,RB,adverb,always.
gíhu’,VB,verb,"to move, to stir, to budge."
gikan,NN,noun,"origin , where someone comes from"
gíkan,VB,verb,"to come from, to originate, to be derived from."
gikas,VB,verb,to cut off or diminish
gikas,VB,verb,separate
gilayon,RB,adverb,immediately synonym: dali
gilayon,RB,adverb,"soon ; later synonyms: karon , madason"
gilayún,RB,adverb,"soon, immediately, later."
gín-,VB,verbal affix,general completed -un affix.
gín-…-an,VB,verbal affix,general completed -an affix.
ginagihan,NN,noun,incidents and events that happen to a person during their life
ginamús,NN,noun,native fish sauce made out of marinated fish.
giná’,VB,verbal affix,general durative -un affix.
giná…-an,VB,verbal affix,general durative -an affix.
ginggon,NN,noun,gingham
gingikanan,NN,noun,"beginning , commencement , lineage , origin , root , source , start"
ginharian,NN,noun,domain ; empire ; kingdom ; monarchy ; realm ; sovereignty synonym: dakhari
ginhawa,NN,noun,"breath , exhalation , inhalation , respiration"
ginháwa,NN,noun,"breath, respiration."
ginháwa,VB,verb,"to breathe, to take in air."
ginhawaan,NN,noun,"trachea , windpipe"
ginikanan,NN,noun,parent
ginikánan,NN,noun,parent.
ginoo,NN,noun,deity ; god
ginsakpan,NN,noun,dominion
ginsugoran,JJ,adjective,elementary
gintung-an,NN,noun,"center , middle , midpoint"
ginuo,NN,noun,sir
ginutlan,NN,noun,"interlude , interval"
ginú’u,NN,noun,"sir, mister."
ginú’u,NN,noun,god.
gín’ut,JJ,adjective,"of climate, warm, hot."
gipak,JJ,adjective,broken
gíray,VB,verb,to tear or cut in strips.
gisa,VB,verb,"to bake , to fry"
gisá,VB,verb,"to fry with fat, to saute."
gisántes,NN,noun,pea.
gisi,NN,noun,"rend , rip , split , tear , ( to , rend )"
gision,VB,verb,"crack , rip , tear"
gísi’,VB,verb,"to tear, to slit with a sharp instrument, to split, to break asunder."
gitára,NN,noun,guitar.
gitára,VB,verb,to play a guitar.
giwa-os,NN,noun,"dearth of food, famine , misery"
giwaos,NN,noun,alternative spelling of giwá-os
giyan,VB,verb,"desire , inclination , liking for"
godgod,VB,verb,"follow up , look for , search for"
gora,NN,noun,"bonnet , cap"
governadór,NN,noun,governor.
grábe,JJ,adjective,"grave, serious."
grádo,NN,noun,grade.
grádwar,VB,verb,to graduate.
gramátika,NN,noun,grammar.
grása,NN,noun,grease.
grasya,NN,noun,"grace synonym: bugay antonyms: desgrasya , huya"
grásya,NN,noun,"grace, blessing."
gratipikasyon,NN,noun,"gratuity , reward , tip , ( gratuity , reward )"
grátis,NN,noun,"gratis, free."
gripo,NN,noun,faucet ; tap
grípo,NN,noun,faucet.
grumete,NN,noun,crew
gruméte,NN,noun,crew.
grúpu,NN,noun,group.
gub-on,VB,verb,disrupt
guban,NN,noun,"brigade , group , throng"
gubán,NN,noun,"group, brigade, caravan."
gúbat,NN,noun,war.
gúbat,VB,verb,"to wage a war, to declare war."
gubá’,VB,verb,"to demolish, to destroy, to undo."
gúgma,NN,noun,"love, adoration, affection."
gúhab,VB,verb,to break in or through.
gulang,NN,noun,age synonym: edad
gulang,JJ,adjective,"mature , ripe synonym: tanang antonym: hilaw"
gúlang,NN,noun,"age, maturity."
gúlang,VB,verb,"to be old, to become mature, to ripen."
gúlgul,VB,verb,"to saw off, to cut off."
gúlpi,VB,verb,"to shock, to jolt."
gúlub,VB,verb,"to cut, to trim, to crop closely."
gulút,VB,verb,to cut with a knife or scissors.
guluwaan,NN,noun,"exit , escape , egress"
gúlu’,VB,verb,"to thrust, to put a stick or finger through a hole, to insert something through a crack."
gúma,NN,noun,"rubber, tire."
gúmuk,VB,verb,to squeeze or compress so as to crush.
gumulua,NN,noun,cast
gumulúwa’,NN,noun,"cast, mold."
gúmun,VB,verb,"to muddle, to disorganize, to entangle, especially string or yarn, or thread."
gunting,NN,noun,scissors
gunting,NN,noun,haircut
gúnting,NN,noun,"scissors, haircut."
gúnting,VB,verb,to cut with a scissors.
gúra,NN,noun,"cap, hat."
guráb,VB,verb,"to grasp and to pull out grass, to weed."
guray,NN,noun,"streak , stripe"
guray-guray,NN,noun,stripe
guráyguráy,JJ,adjective,"lined, striped."
gurípat,VB,verb,"to twist the ears, to box the ears."
gusok,NN,noun,( anatomy ) rib
gústo,NN,noun,"wants, desire, likes."
gústo,VB,verb,"to care for, to want, to desire, to like."
gúsuk,NN,noun,rib.
gutok,JJ,adjective,tight
gutok,JJ,adjective,crowded
gutom,JJ,adjective,"famished , hungry"
gutom,NN,noun,hunger
gútrab,VB,verb,to chop or cut off with a knife or a pair of scissors.
gutúk,JJ,adjective,"of clothes, tight."
gutúk,VB,verb,to be tight.
gútum,NN,noun,"hunger, craving."
gútum,VB,verb,"to crave for, to hunger for."
guya,NN,noun,( anatomy ) face
guyod,VB,verb,to drag ; to haul ; to pull
gúyud,VB,verb,"to tug along, to drag along, to pull, to trail along the ground."
guyum,NN,noun,"ant , ( various , species )"
gwantes,NN,noun,gloves
gwápo,JJ,adjective,"handsome, beautiful, pretty."
gwardya,NN,noun,guard ; watch
gwá’,RB,adverb,outside.
gwá’,VB,verb,"to go or come outside, to appear, to make one’s appearance on stage."
habagat,NN,noun,southwest monsoon
habal,JJ,adjective,inflamed
háblug,VB,verb,"to swing, to dangle, to rock to and fro."
hábnus,VB,verb,"to snatch, to pull with force, to draw away suddenly."
habok,VB,verb,"loosen , swell up"
habol,NN,noun,blanket
habon,NN,noun,soap
habón,NN,noun,washing soap.
haboy,VB,verb,"fling , hurl"
hábug,VB,verb,"to swing, to rock back and forth."
hábuk,VB,verb,"to inflate, to blow up, to swell."
habul,NN,noun,"blanket , rug"
habúl,JJ,adjective,"of edged or pointed tools, dull, blunt."
habúl,VB,verb,to weave.
hábul,NN,noun,thick blanket.
habúy,VB,verb,"to throw out, to cast, to shoot, to toss, to pitch."
habyog,NN,noun,swing
hábyug,VB,verb,"to swing, hurl, to rock, especially to a far distance."
hadlok,NN,noun,"afraid , awe , dread"
hádluk,NN,noun,"fear, apprehension."
hádluk,JJ,adjective,"fearful, diabolic, dreadful."
hádluk,VB,verb,"to be afraid, to fear, to be apprehensive."
hagad,VB,verb,"invite , persuade , request"
hágad,VB,verb,"to persuade, to induce, to invite, to ask to come."
hágbas,VB,verb,"to cut, to mow down grass, to cut down grass or weeds with a sickle or a reaper."
haǵdan,NN,noun,"stairs, ladder."
hagdanan,NN,noun,stairs
hagdanan,NN,noun,ladder
hágis,VB,verb,"to trim, to cut off thorns."
hagmak,VB,verb,fall down
hágmak,VB,verb,to fall headlong.
hagna,NN,noun,"motion , proposal"
hagna,VB,verb,to propose or intend
haguk,VB,verb,to snore
hagumhum,VB,verb,to hum or coo
hagumhum,VB,verb,to rumble or boom
hagung,VB,verb,"to hum , coo"
hagung,VB,verb,"to boom , rumble"
hagunghung,NN,noun,a rumbling sound
hagunghung,NN,noun,a boom
hagunghung,VB,verb,rumble
hagunung,VB,verb,boom
hagunung,VB,verb,rumble
hagup,VB,verb,to be tame
hagúp,JJ,adjective,"domesticated, meek, tame, docile."
hagúp,VB,verb,"to be tame, to domesticate, to break in."
háguphágup,VB,verb,"to caress, to pet, to rub down."
hagurot,NN,noun,flash
hakáb,JJ,adjective,"ravenous, greedy."
haklu,NN,noun,breathe
háklu’,VB,verb,"to breathe in, to draw in, to inhale."
hákruy,VB,verb,"to complain, to moan, to sigh."
hakuhaku,NN,noun,haste
hákup,NN,noun,"handful, fistful."
hákup,VB,verb,"to take one handful, to scoop out using the hands."
hakús,NN,noun,"embrace, hug."
hakús,VB,verb,"to hug, to embrace, to clasp in one’s arms."
hákut,VB,verb,"to carry to another place, to bring in successive loads, to transport."
hakú’hakú’,RB,adverb,"hastily, hurriedly."
hákwat,VB,verb,"to lift, to carry light load."
hal-o,NN,noun,pestle
hal-u,NN,noun,pestle
halá,RP,particle,"watch out, see there, whoops."
halab,VB,verb,graze
hálab,VB,verb,"to feed like animals on grass, to pasture, to graze."
hálad,NN,noun,"offer, dedication, gift."
hálad,VB,verb,"to offer, to sacrifice, to bestow, to donate."
halákhak,NN,noun,"laughter, boisterous laugh."
halákhak,VB,verb,to laugh loudly.
halalban,NN,noun,"meadow , pasture"
halalongan,NN,noun,"delicate , precaution"
halampangan,JJ,adjective,trifling
halandumon,JJ,adjective,desirable
halang,JJ,adjective,"spicy , pungent , biting ( of taste ) synonym: kahang"
halaran,NN,noun,altar
halas,NN,noun,snake ; serpent
halay,VB,verb,hang
haláy,VB,verb,"to drape, to hang to dry."
halea,NN,noun,jelly
haligi,NN,noun,pillar
haligi,NN,noun,post
halígi,NN,noun,"post, pillar."
halimbawa,NN,noun,example
halimbawa,NN,noun,illustration
halimbawa,NN,noun,instance
halimbáwa’,NN,noun,example.
halin,VB,verb,to leave ; to depart
halín,VB,verb,"to leave, to depart, to come from someplace."
hálin,VB,verb,to transfer to another place.
halintang,NN,noun,"degree , grade"
halíntang,NN,noun,"grade, step, degree."
halit,VB,verb,damage
halit,VB,verb,"harm , injure"
hálit,VB,verb,"to damage, to injure, to impair."
halíya,NN,noun,jelly made from coconut milk and brown sugar.
haloan,NN,noun,a mudfish
halog,JJ,adjective,ample
halog,JJ,adjective,loose
halokhok,VB,verb,grunt
halon,NN,noun,shadow synonym: landong
halong,VB,verb,to handle with care synonym: amlig
halong,VB,verb,"to take care ( for belongings ) synonyms: sapupo , tatap"
halúg,JJ,adjective,loose.
haluk,NN,noun,kiss
halúk,NN,noun,"kiss, peck on the cheek."
halúk,VB,verb,to give a kiss.
hálung,VB,verb,"to handle with care, to treat tenderly, to cherish."
halunhun,VB,verb,"gulp down , swallow"
halúnhun,VB,verb,"to swallow a big chunk of food without chewing, to gulp down the throat."
hálus,RB,adverb,"almost, somewhat, very close to."
hálu’,VB,verb,"to mix together, to beat together."
halu’án,NN,noun,fresh water fish.
hál’id,VB,verb,"to litter, to throw in an inconspicuous way, to put away in disorder."
hál’u,NN,noun,"mortar, pestle."
hámak,VB,verb,"to scorn, to hate."
hambadan,VB,verb,scorn
hámbal,NN,noun,"speech, conversation, talk."
hámbal,JJ,adjective,"talkative, conversant."
hámbal,VB,verb,"to talk, to say, to tell, to speak."
hámbug,JJ,adjective,"boastful, haughty, proud, hambug."
hámbug,VB,verb,"to be boastful, to be proud."
hámbuy,VB,verb,"to put, to place, to rest one’s arm upon."
hamon,NN,noun,ham
hamot,NN,noun,"aroma , fragrance"
hámpak,VB,verb,"to beat, to whip, to whack."
hampang,NN,noun,game
hámpang,VB,verb,"to play, to clown around, to gamble."
hámpang,NN,noun,"game, play, stake."
hampangan,NN,noun,toy
hampángan,NN,noun,toy.
hámpul,NN,noun,"plaster, cover over a wound."
hámtang,VB,verb,"to put, to place."
hámtung,NN,noun,"maturity, manhood, womanhood."
hamún,NN,noun,"ham, cured meat."
hamút,JJ,adjective,"sweet smelling, fragrant, odorous."
hamút,VB,verb,"to smell sweet, to be fragrant."
hamú’uk,RB,adverb,deep sleep.
hamú’ut,VB,verb,"to be pleased, to be gratified."
hámyang,VB,verb,"to lie on one’s back, to lie in state as of a corpse."
hánas,VB,verb,"to drill, to train, to practice, to rehearse."
handa,JJ,adjective,ready ; prepared synonym: mahinandaon
handa,VB,verb,"to make ready synonyms: aman , paaman"
hánda’,VB,verb,"to prepare, to make ready."
hándum,NN,noun,"wish, desire, ambition.;  souvenir, memory."
hándum,VB,verb,"to long for, to wish for, to crave for."
hándung,NN,noun,"shade, unlighted area."
handuráwan,NN,noun,daydream.
hándus,VB,verb,"to spear, to split, to bore or thrust through."
hangád,VB,verb,"to look up to, to honor, to admire, to raise one’s eyes to."
hangánhangán,RB,adverb,"easily, lazily, taking it easy."
hangaway,JJ,adjective,"martial , warlike"
hangaway,NN,noun,"warrior , fighter"
hángbas,VB,verb,to cut grass.
hángdu’,VB,verb,"to consent, to give a nod, to approve, to accept a proposal."
hangga,NN,noun,smallpox
hangin,NN,noun,wind ( movement of air )
hángin,NN,noun,wind.
hanginan,JJ,adjective,well - ventilated
hanginan,JJ,adjective,windy ; breezy synonym: hanginon
hanginero,NN,noun,windbag ; braggart synonym: hanginon
hángkat,NN,noun,"challenge, dare, provocation."
hángkat,VB,verb,"to defy, to challenge, to dare."
hangúp,VB,verb,"to understand, to comprehend."
hángus,VB,verb,"to gasp for breath, to pant, to breathe fast and with difficulty."
haníg,VB,verb,to line the bottom of a pan with leaves or the like to prevent the food from sticking.
haníp,RB,adverb,"even, uniform, of equal distance."
hanlug,JJ,adjective,slippery
hanluk,JJ,adjective,alternative spelling of hánlug
hanluk,NN,noun,mosquito
hantál,VB,verb,"to stack, to pile."
hántup,VB,verb,"to understand, to comprehend, to know, to conceive."
hánut,NN,noun,"whip, lash."
hánut,VB,verb,"to strike with a whip or cane, to flog, to beat."
hanú’ut,JJ,adjective,"sincere, wholehearted."
hápaw,VB,verb,"to skim, to make a sweeping motion over the top of a container to make even the contents."
hápay,VB,verb,"to bend low, to lean onto for support."
hapá’,VB,verb,to prostrate oneself with arms outstretched.
hápdi’,JJ,adjective,"painful, smart pain."
hápdi’,NN,noun,"pain, sting."
hápdi’,VB,verb,"to smart, to cause a sharp pain, to be painful."
hápit,VB,verb,"to drop in, to pass by, to visit, to call upon."
hapi’n,NN,noun,"diaper, lining, cover."
háplak,VB,verb,"to fall flat on the ground, to lay flat."
háplas,VB,verb,"to rub with ointment, to smear, to dab."
háplay,VB,verb,"to hang on to, to let hang."
háplik,VB,verb,"to give a side stroke, to side sweep, to flick away."
háplit,VB,verb,"to blow, to strike, to hit."
háplus,VB,verb,"to rub with ointment, to smear."
hapon,NN,noun,afternoon
hapún,NN,noun,"japanese, japan."
hápun,NN,noun,afternoon.
hápun,VB,verb,"to alight, to perch, to turn dark in the late afternoon."
hapús,JJ,adjective,"easy, manageable."
hápu’,VB,verb,"to be tired, to be exhausted."
hára,NN,noun,"queen, empress."
harákhak,NN,noun,"guffaw, laughter."
harákhak,VB,verb,"to guffaw, to laugh loudly."
harána,NN,noun,serenade.
harána,VB,verb,"to serenade, to sing to a lady with intentions of courtship."
haranísta,NN,noun,serenaders.
harásharás,JJ,adjective,"harsh in manner, lacking in social refinement."
hardín,NN,noun,garden.;  gardener.
harína,NN,noun,flour.
hári’,NN,noun,"king, emperor."
hári’,VB,verb,"to be king, to rule as a king, to reign."
haroan,NN,noun,a mudfish
harupot,NN,noun,breeze synonym: huyuhoy
harúput,NN,noun,breeze.
harúthut,VB,verb,"to sew in big stitches, to patch."
hásta,RB,adverb,until.
hátag,NN,noun,"gift, donation."
hátag,VB,verb,"to give, to make a gift, to bestow, to assign, to award."
hatúd,VB,verb,"to deliver personally, to carry a message."
hatúkhatúk,VB,verb,"to prick, to hurt, to chop, to make several cuts with a sharp instrument."
hawak,NN,noun,"( anatomy ) waist ( body part ) synonyms: ubit , ulubitan"
háwak,NN,noun,waistline.
háwan,VB,verb,"to clear, to clean from obstruction, to clear a crowded area."
hawáthawát,VB,verb,"to crave badly, to eat little by little."
haway,JJ,adjective,"exposed , visible"
háwa’,VB,verb,"to make way, to leave an open space, to open a passage."
háwid,VB,verb,"to retain, to stay, to keep possession of."
háw’as,VB,verb,"to take out of, to remove from inside, to deliver from a container."
háyag,JJ,adjective,"bright, shiny."
háyag,VB,verb,to become bright.
hayáhay,NN,noun,"flag, banner."
hayángháyang,VB,verb,to lie down lazily.
hayát,JJ,adjective,"slender, thin, lean."
hayáw,VB,verb,"to make as if to strike, to threaten to strike, to raise the hand as if to strike."
háya’,VB,verb,to lay out a corpse.
háyhay,VB,verb,"to sigh, to moan, to utter a plaint or wail."
háylu,VB,verb,"to convince, to induce."
háyup,NN,noun,animal.
hayú’,NN,noun,"pet name, nickname."
héfe,NN,noun,chief.
henerál,NN,noun,"general, army officer with the rank of general."
heneró,NN,noun,"cloth, bale of cloth."
heringílya,NN,noun,syringe.
hibalú,VB,verb,"to know, to be aware of, to understand, to comprehend."
hibí’,VB,verb,"to cry, to weep, to whimper."
hibubún’ut,VB,verb,"to sob, sigh convulsively."
hidá’it,NN,noun,"peace, tranquility."
hidá’it,JJ,adjective,"peaceful, tranquil."
hídlaw,NN,noun,"longing, homesickness."
hídlaw,VB,verb,"to long for, to yearn for, to be homesick, to wish to see personally."
higád,RB,adverb,"alongside, beside, on the edge."
higánte,NN,noun,giant.
higayún,RP,particle,"in the event that, in the circumstance that."
hígda’,VB,verb,to lie down.
hígku’,NN,noun,"rubbish, dirt, dust, blemish, blot."
hígku’,JJ,adjective,"dirty, dusty."
hígku’,VB,verb,"to be dirty, to soil, to defile, to litter."
higúgma,NN,noun,"love, affection."
higúgma,VB,verb,"to love, to have affection for, to adore."
hígup,VB,verb,"to sip, to suck up, to slurp, as a soup."
higút,NN,noun,"rope, string."
higút,VB,verb,"to bind, to tie, to secure, to fasten with a string or a rope."
hikab,NN,noun,( pathology ) asthma synonym: usang
híkap,VB,verb,"to touch with the hand, to feel, to handle."
híkaw,NN,noun,"envy, jealousy."
híkaw,VB,verb,"to envy, to be jealous of."
híkay,VB,verb,"to find fault, to ridicule, to despise."
hikog,VB,verb,to commit suicide
híkut,NN,noun,cooked food.
híkut,VB,verb,"to get ready, to bring on, to cook, to prepare in the kitchen."
hilabút,VB,verb,"to interfere, to meddle."
hílak,VB,verb,"to cherish, to hesitate to spend or give away because of sentimental or monetary value, to have high regard for."
hilamún,NN,noun,"grass, weed."
hilám’us,VB,verb,to wash the face.
hilanat,NN,noun,( pathology ) cold synonym: sip-on
hilanat,NN,noun,fever synonym: kalentura
hilánat,NN,noun,fever.
hilánat,VB,verb,"to have a fever, to be feverish."
hílap,VB,verb,to cut into thin slices with an extremely sharp knife.
hilapít,RB,adverb,"near, in the vicinity of."
hiláw,JJ,adjective,"raw, unripe, fresh."
hiláy,VB,verb,"to lean, to incline, to slant."
hilayú’,RB,adverb,"far away, remote."
hiliugyon,VB,verb,to unite
hiliugyon,VB,verb,"to agree , cooperate"
hílu,NN,noun,thread.
hílut,NN,noun,midwife.
hílut,VB,verb,"to massage, to rub."
hilú’,NN,noun,poison.
hilú’,VB,verb,"to poison, to give poison to."
hílway,JJ,adjective,"free, independent, safe."
hílway,NN,noun,"freedom, independence."
híl’ub,VB,verb,"to complete, to finish, to terminate planting or tilling the soil."
híl’um,VB,verb,"to guess, to sense, to suspect."
hima,NN,noun,ice synonym: yelo hima kag kalayo ice and fire
himatayon,NN,noun,the waning moon
himaya,NN,noun,glory ; worship or praise
himáya’,NN,noun,"happiness, glory, bliss."
hímbis,NN,noun,fish scales.
hímpit,JJ,adjective,"perfect, faultless."
hímu,VB,verb,"to make, to do, to perform."
himúd’us,NN,noun,effort.
himúd’us,VB,verb,"to exert oneself, to make great effort."
himúlat,VB,verb,"to strive to obtain, to be earnest."
himúlbul,VB,verb,to pluck clean of feathers or fur.
himulús,VB,verb,"to be of use, to make serviceable, to take advantage of."
himúnung,JJ,adjective,"quiet, silent."
himúnung,VB,verb,"to become quiet, to become noiseless."
hímus,VB,verb,"to arrange, to put away in an orderly manner."
himútad,VB,verb,"to scrutinize, to look at closely."
himutígun,NN,noun,"denial, refusal."
hím’ung,JJ,adjective,"modest, refined, demure, graceful."
hinablos,NN,noun,nephew ; niece
hináblus,NN,noun,"niece, nephew."
hinakay,NN,noun,"a charge , fare , or fee"
hinakay,NN,noun,payment
hinakay,NN,noun,rent
hinákay,VB,verb,"to hire, to pay for rent."
hinalabuab,NN,noun,offspring
hinali,JJ,adjective,sudden
hináli’,RB,adverb,"abruptly, suddenly."
hinambalan,NN,noun,promise
hinámbit,VB,verb,"to mention, to refer to, to allude."
hinámput,VB,verb,"to draw near, to approach, to move in the direction of the speaker."
hináw,VB,verb,to wash hands or face.
hínay,RB,adverb,"slowly, gently."
hínay,JJ,adjective,"slow, weak, tender."
hínay,VB,verb,"to do slowly, to be weak or gentle."
hingabot,NN,noun,lust
hingabút,VB,verb,"to draw, to try to reach, to persecute, to molest, to seek to obtain."
hingagáw,VB,verb,"to reach the goal, to complete, to finish."
hingálan,VB,verb,"to name, to call by name."
hingamú,VB,verb,"to covet, to desire, to strive to obtain."
hinganiban,NN,noun,weapon synonym: armas
hinganíban,NN,noun,weapon.
hingap-us,VB,verb,to commit suicide by hanging
hingapús,VB,verb,"to end, to finish, to complete, to terminate."
hingí’ki’,VB,verb,to clean the teeth of tartar.
hingudto,NN,noun,the sun's zenith ; midday
hingukú,VB,verb,"to cut the nails, to trim and clean the fingernails."
hinguyang,NN,noun,expense
hingúyang,NN,noun,food preparation.
hingúyang,VB,verb,"to hesitate to spend, to waste, to spend unwisely."
híngyu’,VB,verb,"to think, to plan, to have the intention, to deliberate."
hínhin,JJ,adjective,"graceful, demure, dainty."
híning,JJ,adjective,"shiny, polished."
hínis,VB,verb,"to rub, to polish, to clean."
hinlo,JJ,adjective,"smooth , level"
hinlo,VB,verb,"polish , shine"
hínlu’,JJ,adjective,"smooth, elegant, dainty."
hinugyaw,NN,noun,excitement
hinúlsul,NN,noun,"repentance, regret, remorse."
hinúlsul,VB,verb,"to be sorry for, to repent, to regret."
hinun’ánun,VB,verb,"to exchange views on a subject, to apeak about, to discuss."
hípag,NN,noun,"sister-in-law, brother-in-law."
hiphip,NN,noun,bribe
hiphip,VB,verb,"to bribe synonyms: buya , liklik"
hípid,JJ,adjective,"neat, orderly, dressy."
hipos,JJ,adjective,silent ; quiet synonym: humal
hípus,JJ,adjective,"quiet, silent, still."
hípus,NN,noun,"stillness, silence, quietness."
hípus,VB,verb,"to be silent, to keep quiet, to keep still."
hírup,JJ,adjective,"intimate, tender."
hírup,NN,noun,"comrade, friend, close friend."
hísa,NN,noun,"envy, jealousy."
hísa,JJ,adjective,"envious, jealous, selfish."
hisáyud,VB,verb,"to ask for an explanation, to request information."
hítad,VB,verb,"to stretch, to open and smooth out as of cloth or paper."
híta’,NN,noun,"thigh, crotch."
híwat,VB,verb,"to celebrate, to hold a feast."
híwa’,NN,noun,"chunck, sliced piece, one slice."
híwa’,VB,verb,"to slice, to carve, to cut to pieces."
hiwit,NN,noun,"a bewitchment , charm , or spell"
hiyas,NN,noun,jewel
hiyás,NN,noun,"precious stone, gem."
híyud,VB,verb,to stretch out.
hornál,NN,noun,"laborer, workman."
hoyohoy,NN,noun,alternative spelling of huyuhoy
huad,NN,noun,something that is counterfeit or facsimile
huaran,NN,noun,example
húbad,VB,verb,"to loosen, to untie, to solve, to translate."
hubág,NN,noun,"swelling, boil."
hubág,JJ,adjective,"swollen, bulging."
hubág,VB,verb,"to swell, to bulge."
hubás,VB,verb,"to evaporate, to dry up."
húben,JJ,adjective,young.
húblag,NN,noun,"social compatibility, social movement, organization with revolutionary functions and aims."
húblas,JJ,adjective,naked.
húblas,VB,verb,"to strip off, to take off."
hubog,JJ,adjective,drunk ; intoxicated synonym: balong
hubu,JJ,adjective,naked ; bare synonym: hublas
hubu,VB,verb,to strip ; to undress synonym: hublas
hubug,JJ,adjective,alternative spelling of hubog ( “ drunk; intoxicated ” )
hubúg,NN,noun,drunk;  drunkard.
hubúg,VB,verb,"to become drunk, to drink to excess."
hubún,NN,noun,group.
húbu’,JJ,adjective,"naked, unclad."
húbu’,VB,verb,"to unclad, to take off."
hudéyu,NN,noun,jew.
hugák,JJ,adjective,loose.
hugák,VB,verb,"to untie, to loosen."
hugakúm,VB,verb,"to clasp in the fist, to grab, to grasp, to usurp."
húgas,VB,verb,to wash hands and other objects except clothes.
hugot,JJ,adjective,alternative spelling of hugut
húgpa’,VB,verb,"to land, to perch, to come to rest especially of flying objects."
húgpung,NN,noun,"bundle, bouquet."
húgpung,VB,verb,"to make a bundle, to join together as a group."
hugut,JJ,adjective,tight
hugút,JJ,adjective,tight.
húgyaw,NN,noun,"noisy laughter, enjoyment."
húgyaw,VB,verb,"to be joyful, to cheer."
húkas,VB,verb,"to remove, to detach, to take off."
hukson,VB,verb,"detach , dismount"
hukúm,NN,noun,judge.
hukúm,VB,verb,"to pass judgement, to try a court case."
húk’ab,VB,verb,to loosen and fall off.
húlag,NN,noun,"movement, action."
húlag,VB,verb,"to move, to stir, to get busy."
hulám,VB,verb,to borrow.
húlas,NN,noun,"perspiration, moisture."
húlas,VB,verb,to perspire.
hulát,NN,noun,"waiting, expectations."
hulát,VB,verb,"to wait, to expect, to be ready for."
húlid,VB,verb,"to lie alongside, to lie together."
hulík,VB,verb,to snap at or to swallow the bait.
hulip,NN,noun,patch
húlip,VB,verb,"to fill in strips, to patch a hole in a mat."
hulonan,NN,noun,roost
húlug,VB,verb,"to fall down, to tumble."
hulugpaan,NN,noun,airport hulugpaan sang roxas roxas airport
hulúnan,NN,noun,"roost, place for resting."
hulúnan,VB,verb,"to roost, to settle down for rest or sleep as with fowls."
hulusayon,NN,noun,question
húlyo,NN,noun,july.
humán,JJ,adjective,"finished, completed, terminated."
humán,VB,verb,"to terminate, to accomplish, to finish."
humáy,NN,noun,rice plant.
humbak,NN,noun,( ocean ) wave
humbak,NN,noun,"sea , ocean"
humbak,NN,noun,"( of a task ) difficulty , distress"
húmlad,VB,verb,"to spread out, to open, to unfold."
húmuk,JJ,adjective,"soft, feathery."
húmuk,VB,verb,"to become soft, to become tender."
humút,NN,noun,"smell, odor.;  cologne, perfume, essence."
humút,JJ,adjective,"fragrant, sweet smelling, odorous."
hunás,NN,noun,low tide.;  beach.
hunás,VB,verb,to have low tide.
huná’,JJ,adjective,"fragile, frail."
huná’huná’,NN,noun,"thoughts, ideas, opinion."
huná’huná’,VB,verb,"to think, to have the idea, to consider."
hungúd,JJ,adjective,intentional.
hungúd,VB,verb,"to do intentionally, to act voluntarily."
huní,NN,noun,"sound, chirp, whine."
huní,VB,verb,"of birds and insects, to hum, to chirp, to whistle."
húnit,JJ,adjective,"durable, lasting."
húnung,VB,verb,"to stop, to cease, to detain."
hunús,NN,noun,"shelf, drawer."
húnus,VB,verb,"to draw out, to pull out as a drawer."
hunúsbu’,JJ,adjective,"fretful, whimpering."
húnyo,NN,noun,june.
hún’ug,NN,noun,"dew, moisture on the ground."
hupa,NN,noun,nightmare
hupay,NN,noun,nightmare.
hupút,VB,verb,"to keep, to hold, to have."
huragúk,NN,noun,snore.
huragúk,VB,verb,to snore.
huramúl,JJ,adjective,damp.
hurínghúring,NN,noun,"rumor, news."
hurínghúring,VB,verb,"to be rumored, to be spread as news."
húrma,NN,noun,"mold, cast."
húrma,VB,verb,"to mold, to fit into a cast."
húrno,NN,noun,oven.
húrno,VB,verb,to bake in an oven.
hurubatún,NN,noun,"maxim, saying."
hurúng,NN,noun,"bad guy, goon."
huruśhurus,JJ,adjective,"cad, rude, without gentlemanly instincts."
husay,NN,noun,comb
húsay,NN,noun,"comb, settlement, solution."
húsay,VB,verb,"to comb one’s hair, to settle, to arrange, to set in order."
húslu’,VB,verb,"to unsheathe, to draw out by accident, to drop off its container."
hústu,RB,adverb,"enough, adequate, correct, fit, just right."
hutik,NN,noun,whisper
hutik,VB,verb,to whisper
hutík,NN,noun,whisper.
hutík,VB,verb,to speak in a whisper.
huwád,VB,verb,"to copy, to duplicate."
huwés,NN,noun,judge.
húy,UH,interjection,"hey, oh."
húyab,VB,verb,to run away suddenly with great speed.
húyang,JJ,adjective,"rickety, shaky."
húyang,VB,verb,"to shake, to be rickety."
huyá’,NN,noun,"shame, disgrace."
huyá’,JJ,adjective,"disgraceful, shameful."
huyá’,VB,verb,"to be ashamed, to feel reproach."
huyá’huyá’,NN,noun,sensitive plant.
huyop,VB,verb,to blow
huyuhoy,NN,noun,breeze synonym: harupot
huyúp,NN,noun,"blast, blow, breath."
huyúp,VB,verb,"to blow, to breathe upon, to expel breath."
húy’ab,NN,noun,yawn.
húy’ab,VB,verb,to yawn.
hu’ád,JJ,adjective,counterfeit.
hu’ád,NN,noun,"copy, duplicate."
hu’ád,VB,verb,to copy.
hú’u,RB,adverb,"yes, affirmative particle."
hu’úl,NN,noun,"sadness, woe."
hu’út,JJ,adjective,tight.
hu’út,NN,noun,tightness.
hwébes,NN,noun,thursday.
ibábaw,RB,adverb,"on top of, on the surface."
ibábaw,VB,verb,"to be on top of, to put on top."
ibán,NN,noun,"other, some other."
íbid’íbid,VB,verb,"to chaperon, to tag along, to tail along."
íbug,VB,verb,"to have a passion for, to crave for."
íbug,NN,noun formative,’íbug akú sang páhu’.
íbug,NN,noun formative,si gabriel.
idalum,NN,noun,underneath ; beneath ; below
idálum,RB,adverb,"underneath, below, at the bottom."
idálum,VB,verb,"to put under, to demote, to descend."
ídas,NN,noun,"furrow, line."
ídas,VB,verb,"to line, to furrow."
idík,NN,noun,"pigling, piglet."
ídlab,VB,verb,"to catch fire, to burst into flame."
idú’,NN,noun,dog.
iga,VB,verbal affix,designating proposed action for instrumental focus.
ígham,VB,verb,"to cough slightly, to clear the throat so as to attract attention."
iglésya,NN,noun,church.
ignorante,JJ,adjective,"ignorant synonyms: pakok , urais"
ignorante,NN,noun,"ignoramus synonyms: pakok , urais"
ígpat,VB,verb,"to spark, to flicker, to twinkle as of stars."
igsú’un,NN,noun,relation between godchild and children of godparents.
ígut,VB,verb,"to creak, to emit a grating sound by friction."
igú’,VB,verb,"to fit, to accommodate."
íhaw,VB,verb,"to broil, to roast over live coal."
ihi,NN,noun,urine ; pee
íhi,NN,noun,axle bar.
íhi’,NN,noun,urine.
íhi’,VB,verb,"to urinate, to pass water."
ikáw,PRP,pronoun,you (singular second person nominal pronoun).
íkit,JJ,adjective,"close together, dense, least possible space between the elements."
ikog,NN,noun,tail
ikog,VB,verb,to tail ( follow closely )
íkug,NN,noun,tail.
ikúg’íkug,VB,verb,"to tail along, to tag along, to wag the tail as a dog."
ilá,JJ,adjective,"elusive, untamed, undomesticated."
íla,PRP,pronoun,"their, theirs (third person plural pre-position source pronoun)."
ilaga,NN,noun,mouse synonym: balabaw
ilagá’,NN,noun,"rodent, rat, mouse."
ilayá,NN,noun,"hinterland, remote area."
íla’,VB,verb,"to like, to admire, to appreciate, to wish for."
ilig,VB,verb,"to flow , run , stream ang túbig naga ílig . the water is flowing ."
ílig,NN,noun,"flow, current.;  ditch, drainage."
ílig,VB,verb,"to flow, to run through."
ilímnun,NN,noun,"drink, beverage, liquor."
ílis,VB,verb,"to change, to alter, to vary, to replace, to exchange."
ilisan,NN,noun,dressing room where someone changes clothing
ilo,NN,noun,orphan
ilok,NN,noun,( anatomy ) armpit
ilong,NN,noun,nose
ílu,NN,noun,orphan.
ílu,VB,verb,"to become an orphan, to be orphaned."
ílug,VB,verb,"to follow, to imitate, to copy, to forge."
íluk,NN,noun,armpit.
ilúng,NN,noun,nose.
ilúy,NN,noun,mother.
imbénto,NN,noun,"invention, creation."
imbénto,VB,verb,"to invent, to devise."
imbestigár,VB,verb,"to investigate, to censure."
imbitasyón,NN,noun,invitation.
imprénta,NN,noun,printing press.
imprénta,VB,verb,"to print, to put in paper through a printing press."
ímpun,VB,verb,"to join together, to conglomerate, to associate, to pull talents together."
impúntu,RB,adverb,"of time, sharp, on the dot."
impyérno,NN,noun,"hell, nether world."
ímu,PRP,pronoun,"your, yours (second person singular pre-position source pronoun)."
ímul,JJ,adjective,"poor, impoverized."
ímul,VB,verb,"to become poor, to lose money or wealth."
ímun,NN,noun,"jealousy, envy."
ímun,VB,verb,to feel jealous.
inánu,NN,noun,"dwarfish man, man of dwarfish proportions."
iná’,DT,deictic,that (far from the speaker).
índay,NN,noun,"younger girls of age one to fifteen, address term for girls chronologically younger than the speaker, address term for unfamiliar non-acquainted informal relationship."
indi,RB,adverb,no ; not antonym: huo
indi,UH,interjection,no antonym: huo
índis’índis,NN,noun,"contest, competition."
índis’índis,VB,verb,"to hold a contest, to compete."
índi’,RB,adverb,"negative particle, no."
ineksyón,NN,noun,"injection, syringe."
ineksyón,VB,verb,"to inject, to prick with a needle."
ingít,JJ,adjective,"irritable, angry, in bad temper."
ingít,VB,verb,"to be in a bad mood, to be irritated."
ingkáhi,NN,noun,"lace, trimming for a dress."
ingkántu,NN,noun,"fairy, evil spirit."
ingkántu,JJ,adjective,enchanted.
ingol,NN,noun,"scarcity , dearth"
íngud,VB,verb,"to be close by, to move closer, to be intimate with, be beside of."
íngus,VB,verb,"to sniffle, to draw air audibly."
iní,DT,deictic,this (near the speaker).
inínglis,NN,noun,english language.
init,NN,noun,heat antonym: lamig
ínit,NN,noun,"heat, temperature, heat of the sun, anger."
ínit,JJ,adjective,"warm, hot, in rage, passionate."
ínit,VB,verb,"to heat, to boil, to make angry, to enrage, to boil with passion or rage."
inítan,NN,noun,sunshine.
inosénte,JJ,adjective,innocent.
inpierno,NN,noun,hell
inpierno,NN,noun,place of religious damnation
insúltu,NN,noun,"insult, ridicule."
insúltu,VB,verb,"to insult, to ridicule, to affront."
interés,NN,noun,"interest, raise."
interés,VB,verb,"to be interested in, to covet."
intsík,NN,noun,chinese.
íntu’,NN,noun,flattery.
íntu’,VB,verb,"to convince with good graces, to play ball with emotions, to flatter."
inúg-,NN,noun formative,instrumental noun formative affix.
inúm,NN,noun,"drink, beverage, liquor;  beverage, liquor."
inúm,VB,verb,"to drink, to take in."
inúmul,NN,noun,"fist, clinched fist."
ínut,JJ,adjective,"frugal, stingy, thrifty."
inútil,JJ,adjective,"useless, decrepit, disabled."
ínyu,PRP,pronoun,"your, yours (second person plural pre-position source pronoun)."
ípa-,VB,verbal affix,designating causation of action by the actor.
íping,VB,verb,"to seat next to, to be at the side of, to adjoin."
ípit,VB,verb,"to compress, to squeeze, to press between."
ipot-ipot,NN,noun,firefly
íput,NN,noun,"feces, animal waste matter;  anus."
íput,VB,verb,to move the bowel.
irás,VB,verb,"to feel uncomfortable with, to have a low regard for."
isá,CD,numeral,one;  first.
isa pa,JJ,adjective,"likewise , plus"
isa pa,JJ,adjective,another
isda,NN,noun,fish
ísda’,NN,noun,fish.
ísda’,VB,verb,"to catch fish, to go out to the sea to catch fish."
ísip,NN,noun,"number, count."
ísip,VB,verb,"to count, to reckon, to enumerate."
ísi’ísi,VB,verb,"to walk unsteadily, to stagger, to be unsteady in walking."
ispíya,NN,noun,"spy, fifth column."
ispíya,VB,verb,"to spy, to watch closely."
istórya,NN,noun,"conversation, story."
istórya,VB,verb,"to tell a story, to converse."
ísu,NN,noun,chalk.
ísug,NN,noun,"courage, boldness, bravery."
ísug,JJ,adjective,"bold, brave, courageous."
ísug,VB,verb,"to become courageous, to make one’s self brave to face adversities."
ísul,VB,verb,"to retreat, to move back, to step back so as to make way."
íswag,VB,verb,"to move over, to extend, to move away, to make room."
ítik,NN,noun,duckling.
ítik,VB,verb,to tickle.
itikíta,NN,noun,"trademark, label."
ítlug,NN,noun,egg.
ítlug,VB,verb,to lay an egg.
itom,JJ,adjective,black ( absorbing all light )
itom,NN,noun,black ( color/colour )
itot,VB,verb,to have sexual intercourse with someone
itot,UH,interjection,when a person shocks suddenly
itúm,JJ,adjective,"black, dark, dark in complexion."
itúm,VB,verb,"to become black, to get a tan."
íwag,NN,noun,"light, illumination."
íwat,JJ,adjective,"grave, seriously ill."
iyá,RP,particle,"specifier distinguishing particle used before or after a deictic, noun or pronoun chosen to be emphasized."
íya,PRP,pronoun,"his, her, hers, its (third person singular pre-position source pronoun)."
iyot,NN,noun,( vulgar ) coitus ; sexual intercourse
iyot,VB,verb,"( vulgar ) to have sex ; to screw ; to fuck synonyms: ayod , ayod-ayod , itot"
ka-…-anan,NN,noun formative,noun formative affix designating abstract plurality.
ka-…-la…-an,NN,noun formative,noun formative affix designating abstract plurality.
ka-…-lu-…,NN,noun formative,noun formative affix designating abstract plurality of state of being.
ka-…-un,NN,noun formative,"noun formative affix designating state, quality, degree."
kaagahon,NN,noun,dawn
kaambong,NN,noun,handsomeness
kaaway,NN,noun,enemy ; foe
kabakahan,NN,noun,cattle
kabalyero,NN,noun,knight
kabalyero,NN,noun,fire-tree ( caesalpinia pulcherrima )
kabalyéro,NN,noun,"knight, gentleman."
kabán,NN,noun,"chest, a native basket holding a quantity of approximately one cavan or 25 liters."
kabangis,JJ,adjective,"fierceness , ferocity"
kabangisan,NN,noun,tyranny
kabanyagaan,JJ,adjective,"mean , malicious , vile , wicked"
kabanyagaan,NN,noun,"wickedness , malice"
kabataon,JJ,adjective,young
kabatá’an,NN,noun,children.
kabáy,RP,particle,"hope so, in all probability, god willing."
kabáy,VB,verb,"to wish for, to desire, to request."
kabayo,NN,noun,horse
kabáyu’,NN,noun,horse.
kabáyu’,VB,verb,to ride on horseback.
kabesera,NN,noun,head of the table
kabesera,NN,noun,capital synonym: kapital
kabeséra,NN,noun,"head of the table, chairman, leader."
kábig,VB,verb,"to consider, to hold or take for, to look upon as."
kabít,VB,verb,to hand up.
kábu,NN,noun,"foreman, overseer."
kabuang,NN,noun,madness ; insanity
kabuang,NN,noun,foolishness ; folly ; idiocy
kabúg,NN,noun,bat.
kabugaw,NN,noun,"pomelo , grapefruit"
kabúgaw,NN,noun,"native grapefruit, which is big and sweet."
kabuhi,NN,noun,life
kabulig,NN,noun,"assistant , helper"
kabús,RB,adverb,"not fit, not enough, hapless."
kabú’,NN,noun,can or container used for pouring water over the body when taking a bath.
káda,JJ,adjective,"every, each."
kadak-an,NN,noun,hall
kadalag-an,NN,noun,success
kadam-an,JJ,adjective,many
kadang,NN,noun,stilts nagalakát silá sa kádang . they are walking on stilts .
kádaw,VB,verb,to wade in the water.
kádena,NN,noun,chain.
kadiotay,JJ,adjective,small
kádlaw,NN,noun,laughter.
kádlaw,VB,verb,to laugh.
kadton,VB,verb,bite
kádtu,VB,verb,"to go to, to depart."
kadugay,NN,noun,duration
kadumot,NN,noun,"hatred , grudge antonym: higugma"
kadumut,NN,noun,alternative spelling of kadumot
kafé,NN,noun,coffee.
kág,CC,conjunction,"and, furthermore."
kagab-i,NN,noun,last night
kagáb’i,RB,adverb,"last night, the night preceding."
kagagmayan,NN,noun,the poor or uninfluential members of a community
kagát,VB,verb,"to bite, to snap, to catch between the teeth."
kagaw,NN,noun,germ ; microbe
kágaw,NN,noun,"germ, microbe."
kagayonan,NN,noun,splendor
kagulangan,NN,noun,jungle
kagulángan,NN,noun,"forest, uncleared land."
kagúla’,NN,noun,"noise, excitement."
kagúla’,VB,verb,"to be noisy, to be excited."
kagús,VB,verb,to scrape off.
kag’ína,RB,adverb,variant of ka’ína.
káha,NN,noun,"jewel box, safe."
kahápun,RB,adverb,yesterday.
kahas,NN,noun,daringness
kahas,NN,noun,violence synonym: bangis
káhas,JJ,adjective,"violent, daring."
káhas,VB,verb,"to dare, to make a challenge, to be violent."
kahéro,NN,noun,cashier.
káhig,VB,verb,"to rake, to shovel."
kahigayúnan,NN,noun,chance.
kahikaw,NN,noun,"envy , spite"
kahikaw,NN,noun,a grudge
kahíl,NN,noun,nectarine.
kahilwayan,NN,noun,freedom ; liberty synonym: kaluasan
kahilwayan,NN,noun,independence
kahimtángan,NN,noun,"situation, condition, position."
kahinguyangan,NN,noun,"expenditure , waste"
kahoy,NN,noun,tree
kahubug,NN,noun,drunkenness ; intoxication ; inebriation
kahulugán,NN,noun,meaning.
kahún,NN,noun,box.
káhuy,NN,noun,"tree, wood, timber."
kaisug,NN,noun,courage
kakás,VB,verb,"to wash away, to take out, to dissolve."
kakí,JJ,adjective,"brown, tan."
kalabánan,RB,adverb,"mostly, for the greater part."
kalabánan,NN,noun,majority.
kalabasa,NN,noun,squash
kalabása,NN,noun,yellow squash.
kalabéra,NN,noun,"skeleton, framework."
kaladlawan,NN,noun,comic
kalag,NN,noun,"soul , spirit , ghost synonyms: espiritu , murto"
kalág,NN,noun,"ghost, soul, spirit."
kalagday,NN,noun,"gentleness , tenderness"
kalaglagan,NN,noun,"destruction , perdition , ruin"
kaláha’,NN,noun,frying pan.
kalám,JJ,adjective,"sensitive to tickling, uncomfortable."
kalám,VB,verb,to become ticklish.
kalamánsi’,NN,noun,"lime, lemon."
kalámay,NN,noun,refined sugar.
kalámbre,VB,verb,"to chill, to tremble, to shiver."
kalamidád,NN,noun,calamity.
kalamunding,NN,noun,calamondin
kalán,NN,noun,"native stove usually made of wrought iron elevated on three thin legs, fire pit made of three stones to hold the pot."
kalan-on,NN,noun,"food , especially rice"
kálas,VB,verb,to rustle like dry leaves.
kalaykáy,NN,noun,rake.
kalayo,NN,noun,"fire ; flame synonyms: dabadaba , sunog"
kaldera,NN,noun,kettle
kaldéro,NN,noun,kettle made of wrought iron.
kalendáryo,NN,noun,calendar.
kalésa,NN,noun,"buggy, cart pulled by a horse."
káli,VB,verb,to dig up.
kalibutan,NN,noun,world
kalibútan,NN,noun,"universe, earth, world."
kalikog,VB,verb,to clean ; to probe
kalimutáw,NN,noun,eyeball.
kalipay,NN,noun,happiness ; joy
kalís,VB,verb,to skim the top so as to make even.
kalisang,NN,noun,"horror , terror"
kalisang,NN,noun,"fear , fright , panic"
kalít,VB,verb,to take the opportunity.
kálkal,VB,verb,"of bones from a niche, to dig out."
kalooy,NN,noun,mercy synonym: awa
kalooy,NN,noun,compassion
kalsada,NN,noun,"road , highway synonym: dalan"
kalsada,NN,noun,street synonym: kalye
kálut,VB,verb,"to scratch gently, to ease an itchy feeling."
kálu’,NN,noun,"hat, cap."
kalú’uy,NN,noun,"mercy, pity, clemency."
kálye,NN,noun,"street, road, avenue."
káma,NN,noun,bed.
kamalig,NN,noun,barn
kamálig,NN,noun,barn.
kámang,VB,verb,"to creep, to crawl, to walk on all fours."
kamángyan,NN,noun,incense.
kamánsi,NN,noun,breadfruit.
kamao,VB,verb,to be
kamaróte,NN,noun,"of a ship, cabin."
kamásun,NN,noun,claw.
kamatáyan,NN,noun,death.
kamatayon,NN,noun,death antonym: kinabuhi
kamatis,NN,noun,tomato
kamátis,NN,noun,tomato.
kamatuoran,NN,noun,truth ; veracity
kámbang,JJ,adjective,"spotted, mixed, of two shades or colors."
kámbyu,VB,verb,"to exchange, to barter, to swap."
kamí,PRP,pronoun,we (exclusive first person plural nominal pronoun).
kamisadéntro,NN,noun,men’s shirt.
kamiséta,NN,noun,undershirt.
kamisún,NN,noun,"ladies’ full slip, chemise."
kámlut,VB,verb,"to paw, to touch."
kampana,NN,noun,bell
kampanáryu,NN,noun,belfry.
kampánya,NN,noun,campaign.
kampánya,VB,verb,to campaign.
kámpi,VB,verb,"to side with, to be an ally to."
kámpo,NN,noun,camp.
kampyón,NN,noun,champion.
kamú,PRP,pronoun,you (plural second person nominal pronoun).
kamumú’u,NN,noun,claw.
kamústa,VB,verb,"to greet, to shake hands with, to inquire of one’s health."
kamút,NN,noun,hand.
kamúti,NN,noun,sweet potato.
kamútingkáhuy,NN,noun,cassava.
kan-on,NN,noun,cooked rice
kanál,NN,noun,"canal, ditch, drainage."
kánay,VB,verb,"to subside as of winds and waves, to become less intense, to abate."
kandádu,NN,noun,padlock.
kandádu,VB,verb,to lock with a padlock.
kánday,RP,particle,personal name marker.
kandidáto,NN,noun,candidate.
kandíla’,NN,noun,candle.
kanding,NN,noun,goat
kánding,NN,noun,goat.
kándus,VB,verb,"to scoop out, to serve on a dish from a pot."
kánta,NN,noun,"song, tune."
kánta,VB,verb,"to sing, to chant, to warble."
kantéro,NN,noun,mason.
kantidád,NN,noun,"quantity, amount."
kánto,NN,noun,street corner.
kanú’,NN,noun,american.
kányon,NN,noun,cannon.
kán’un,NN,noun,cooked steamed rice.
kaon,VB,verb,to eat ; to dine kaon ta! let's eat !
kapákapá,VB,verb,"to flutter, to be confused, to be excited so as not able to settle down."
kapampángan,NN,noun,"language spoken principally in pampanga, some four towns in tarlac, and two towns in bata’an."
kapanganuran,NN,noun,the clouds
kapatás,NN,noun,foreman.
kapatid,NN,noun,sibling
kapatol,NN,noun,"strength , determination"
kapaul,NN,noun,"fatigue , weariness"
kapáyas,NN,noun,papaya.
kape,NN,noun,coffee
kapid,NN,noun,twin
kapid,NN,noun,twins
kapid,JJ,adjective,joined side to side ; double
kápid,NN,noun,"twin, double."
kapilya,NN,noun,chapel
kapílya,NN,noun,small chapel.
kapín,RB,adverb,"more than, moreover, in addition."
kapitál,NN,noun,capital.
kapitán,NN,noun,captain.
kapitérya,NN,noun,"cafeteria, canteen."
kapitólyo,NN,noun,"capitol, provincial capitol."
kapituló,NN,noun,chapter.
kápkap,VB,verb,"to grope about, to feel one’s way like a blind man."
kaprítsu,NN,noun,"mood, vices, wiles."
kaprítsu,JJ,adjective,"flighty, vain‚ wily."
kapún,VB,verb,"of pigs or animals, to circumcise."
kapuslánan,NN,noun,"usefulness, advantage."
kapút,VB,verb,"to hold onto, to grasp, to clutch."
kapúti,NN,noun,raincoat.
kápuy,NN,noun,"tiredness, exhaustion."
kápuy,VB,verb,"to be tired, to be exhausted."
kápyut,VB,verb,"to hang onto for support, to grasp for support."
karabaw,NN,noun,carabao ; water buffalo
karábkab,VB,verb,"to inflame, to ignite, to burst into flame."
kárbaw,NN,noun,"carabao, water buffalo."
karéra,NN,noun,"race, contest."
karéra,VB,verb,"to run a race, to race."
kárga,NN,noun,"cargo, load."
kárga,VB,verb,"to load, to carry a heavy load."
karí,VB,verb,"to approach, to come near the speaker."
karidád,NN,noun,charity.
karitéla,NN,noun,horse and buggy.
karitún,NN,noun,wheel.
karnabal,NN,noun,carnival
kárne,NN,noun,meat.
karnéro,NN,noun,sheep.
karon,RB,adverb,"later synonyms: gilayon , madason"
karpentéro,NN,noun,carpenter.
karsáda,NN,noun,"road, street."
kartéro,NN,noun,mailman.
kárton,NN,noun,"box, carton."
karún,RB,adverb,later.
karús,VB,verb,"to scratch, to claw."
karúskarús,JJ,adjective,"written hurriedly, non-legible."
karwahe,NN,noun,four - wheeled horse - drawn carriage
kasag,NN,noun,"blue crab , portunus pelagicus ( a large crab found in the intertidal estuaries of the philippine and other southeast asian waters )"
kasákit,NN,noun,"suffering, hurt, sorrow."
kasal,VB,verb,to marry
kasál,NN,noun,"marriage, wedding."
kasál,VB,verb,"to perform a marriage, to officiate a wedding."
kasangkápan,NN,noun,"furniture, devices, materials."
kasán’u,RB,adverb,"a while ago, a little time passed."
kaséra,NN,noun,"boarder, person who pays room and board."
kaséra,VB,verb,to pay room and board.
kaseróla,NN,noun,cooking pot.
kasilíngan,NN,noun,neighbor.
kasílyas,NN,noun,toilet.
kasimánwa,NN,noun,folks from the same town or place of origin.
kasing,NN,noun,spinning top
kasingkasing,NN,noun,heart synonym: tagiposoon
kasirum,NN,noun,evening
kasisit-an,NN,noun,"difficulties , troubles"
kasla,VB,verb,imperative passive of kasál
káso,NN,noun,"legal case, lawsuit."
kasualidád,UH,interjection,impossible.
kasúdlan,NN,noun,"bowel, intestines."
kasugtánan,NN,noun,"agreement, contract."
kasugu’án,NN,noun,"order, command, rule, law."
kasulya,NN,noun,( christianity ) chasuble
katalágman,NN,noun,"danger, hazard, harm, damage."
katalaka,JJ,adjective,"annoying , bothersome"
katalanghága’,JJ,adjective,"unbelievable, incredible."
katápu’,NN,noun,"member, a person who is in something as a member."
katáru,NN,noun,"cold, running nose."
katáru,VB,verb,to have a cold.
katáw,NN,noun,"nymph, mermaid."
katá’katá’,VB,verb,"to talk idly, to gossip."
katig,NN,noun,outrigger float
katolikó,NN,noun,"catholic, a member of the roman catholic church."
katórse,CD,numeral,fourteen.
kátre,NN,noun,bed.
katsila,JJ,adjective,spanish synonym: espanyol
katsila,NN,noun,spaniard synonym: espanyol
katsíla’,NN,noun,spaniard.
katúl,JJ,adjective,itchy.
katúl,VB,verb,to be itchy.
katulundan,NN,noun,sunset
katulundan,NN,noun,west
katúmbal,NN,noun,pepper plant and fruit.
katúndan,NN,noun,west.
katungdánan,NN,noun,"duty, responsibility, obligation."
kaulangan,VB,verb,to block
kauswagan,NN,noun,advancement ; improvement ; progress
kawa,NN,noun,boiler
káwat,NN,noun,"burglar, thief, robber."
káwat,JJ,adjective,"thief, robber."
káwat,VB,verb,"to steal, to rob."
kawatan,NN,noun,thief ; robber ; burglar
káway,VB,verb,"to dangle, to wave a hand, to wave in the wind."
kawayan,NN,noun,bamboo
kawáyan,NN,noun,bamboo.
kawayanan,NN,noun,bamboo grove
kawing,NN,noun,copulation
kawing,VB,verb,to copulate
kawit,NN,noun,hook
kawkus,NN,noun,caucus
káw’it,NN,noun,hook.
káw’it,VB,verb,"to hook in, to take hold of by a hook."
kayába,VB,verb,to hurry up.
kayumánggi’,JJ,adjective,"dark brown in complexion, tan."
ka’agánhun,NN,noun,"dawn, early morning."
ka’áway,NN,noun,"enemy, opponent, foe."
ka’ína,RB,adverb,"earlier, a while ago."
ka’íngin,NN,noun,"uphill land, land cleared by burning."
ka’íngin,VB,verb,to clear a piece of land by burning.
ka’ugalíngun,NN,noun,"own self, one’s own."
ka’ún,VB,verb,"to eat, to devour."
kemiká,NN,noun,chemistry.
kemikó,NN,noun,chemist.
kerída,NN,noun,"mistress, a woman with whom a man cohabitates without the advantage of marriage."
késo,NN,noun,cheese.
kíbul,NN,noun,corn on the feet.
kíbul,VB,verb,to become calloused.
kibún,VB,verb,"to surround, to besiege."
kibút,VB,verb,"to surprise, to jolt, to startle."
kibú’,VB,verb,"to throb, to pound continuously like a heart."
kidkid,VB,verb,"to cut in thin slices, to slice very thinly."
kigás,NN,noun,dryness.
kigás,JJ,adjective,"dry, blight."
kíhad,VB,verb,"to slice, with a knife."
kílag,VB,verb,to look about curiously.
kilála,NN,noun,"acquaintance, person with whom one has a facial acquaintance."
kilat,NN,noun,lightning synonym: linti
kilát,NN,noun,lightning.
kilay,NN,noun,( anatomy ) eyebrow
kílay,NN,noun,eyebrow.
kílid,RB,adverb,"beside, on the brink."
kílo,NN,noun,kilogram.
kilométro,NN,noun,"kilometer, unit of distance measure which is equal to approximately 0.62 miles."
kímpit,NN,noun,"pincer, prong, hair clip."
kímpit,VB,verb,"to pick with a pincer, to pin hair together."
kina-…-an,NN,noun formative,noun formative affix designating plurality.
kinabúhi’,NN,noun,"life, life cycle."
kinahánglan,VB,verb,"to have need of, to demand."
kinam,VB,verb,taste
kinánglan,VB,verb,variant of kinahánglan.
kinataohan,NN,noun,birthday
kinaw,VB,verb,"glisten , shine , sparkle"
kina’ádman,NN,noun,science.
kíngki,NN,noun,native oil or kerosene lamp made usually of an empty bottle with coconut oil or kerosene and a wick.
kinot,VB,verb,economize
kínse,CD,numeral,"fifteen.;  bimonthly, fortnightly."
kíntsay,NN,noun,celery.
kínut,JJ,adjective,"thrifty, economical, frugal."
kíput,VB,verb,"to shut, to close."
kiráb,VB,verb,"to flash, to spark."
kisáp,VB,verb,"to blink, to twinkle, to open and shut the eyes rapidly."
kískis,VB,verb,"to scrape with a sharp instrument, to rub with something sharp."
kitá,PRP,pronoun,we (inclusive first person plural nominal pronoun).
kíta’,VB,verb,to see each other.
kitíd,JJ,adjective,"slim, narrow."
kí’um,VB,verb,to close lips together.
kláse,NN,noun,class.
klásiko,JJ,adjective,classic.
kliniká,NN,noun,clinic.
kóbra,VB,verb,to collect money.
kóbra,NN,noun,collector.
kobrekáma,NN,noun,bedspread.
kodák,NN,noun,"camera, picture."
koléhiyo,NN,noun,"college, especially a religious-order-managed school."
kolékta,NN,noun,money collection in church.
kolékta,VB,verb,"to collect, to gather together."
kolera,NN,noun,( pathology ) cholera
kolerá,NN,noun,"cholera, dysentery."
kolintas,NN,noun,rosary
kolíntas,NN,noun,necklace.
kolór,NN,noun,color.
koltson,NN,noun,mattress
komersyánte,NN,noun,small-time businessman who peddles his wares moving from one town to another during market days.
komidór,NN,noun,diningroom.
kompányar,VB,verb,"to accompany with a piano, to join in."
kompanyero,NN,noun,"companion , partner , friend"
kompanyero,NN,noun,associate
kompanyero,NN,noun,"mate , consort"
konbensyon,NN,noun,"convention , meeting"
kondisyón,NN,noun,"condition, mood, good physical condition."
koného,NN,noun,"rabbit, hare."
kongkréta,NN,noun,"concrete, cement."
kongresísta,NN,noun,"congressman, representative to congress."
kongréso,NN,noun,"congress, legislature."
konsehál,NN,noun,"municipal councilman, councilman."
konsého,NN,noun,"municipal council, body of elected councilmen."
konsyérto,NN,noun,orchestra concert.
kóntra,NN,noun,"opponent, enemy."
kóntra,VB,verb,"to oppose, to resist, to counteract."
kontráto,NN,noun,"agreement, legal contract."
kópya,NN,noun,"copy, duplicate."
kópya,VB,verb,"to copy, to duplicate."
korason,NN,noun,( anatomy ) heart synonym: kasingkasing
kordéro,NN,noun,lamb.
koréo,NN,noun,"mail, post office."
kóro,NN,noun,"choir, chorus, place where the choir stays in church."
koróna,NN,noun,crown.
korpínyo,NN,noun,corset.
kórte,NN,noun,"shape, design, judicial court."
kortesíya,NN,noun,"courtesy, politeness."
kortína,NN,noun,"curtain, drape."
koryénte,NN,noun,"electric wire, electric current."
koryénte,VB,verb,to get electrocuted.
kostúra,VB,verb,to sew a dress.
kostúra,NN,noun,dressmaker.
kótse,NN,noun,"car, automobile."
krayóla,NN,noun,crayon.
kriminál,NN,noun,"criminal, convict."
kristál,NN,noun,"crystal, glass."
krísto,NN,noun,jesus christ.
kristyáno,NN,noun,christian.
ku,PRP,pronoun,"i, me."
kúbay,VB,verb,"to line up, to fall in line."
kubrekama,NN,noun,bedsheet ; bedspread
kubús,JJ,adjective,"poor, destitute."
kudál,NN,noun,"fence, enclosure."
kúdkud,VB,verb,to grate with a grater.
kudkurán,NN,noun,"grater, native grater of jagged iron spoon-like shape nailed to a wooden seat."
kúdlit,NN,noun,"line, mark."
kúdlit,VB,verb,"to line, to mark, to draw with a pencil."
kudyapi,NN,noun,a kudyapi
kugá’,VB,verb,"to throttle, to strangle, to choke."
kúgmat,NN,noun,"terror, dread."
kúgmat,VB,verb,"to be terrified, to be frightened, to be scared."
kúgus,VB,verb,"to bear, to hug, to cradle like a baby, to carry a baby in the arms."
kúha’,VB,verb,"to take, to get, to take away, to procure."
kúhit,VB,verb,"to touch slightly to draw attention, to nudge."
kukú,NN,noun,finger or toe nail.
kulá,NN,noun,"glue, paste."
kulákig,JJ,adjective,"sickly, emaciated."
kulámug,NN,noun,dried mucus in the nose.
kúlang,JJ,adjective,"lacking, incomplete, inadequate, short of."
kúlang,VB,verb,"to fall short of, to be inadequate."
kulantro,NN,noun,coriander
kúlba’,NN,noun,"anxiety, nervousness."
kúlba’,VB,verb,"to be nervous, to be afraid."
kulíhut,RB,adverb,"last, hindmost."
kúli’,JJ,adjective,"slow, weak."
kulú,NN,noun,breadfruit.
kulúb,JJ,adjective,"inverted, upset, turned over."
kulúb,VB,verb,"to invert, to turn over a deep container so that the bottom is up."
kúlun,NN,noun,clay cooking pot.
kulúng,VB,verb,"to cage, to imprison."
kulyápis,JJ,adjective,emaciated.
kumalágku’,NN,noun,"thumb, big toe."
kumbúya,NN,noun,partner.
kumbuyahán,NN,noun,"company, partnership."
kumpaníya,NN,noun,"company, business enterprise."
kumpáre,NN,noun,"comrade, relationship between the godfather and parents of the godchild."
kumpisár,NN,noun,confession.
kumpisár,VB,verb,"to confess, to tell the truth."
kúmud,VB,verb,"to grumble, to murmur, to sulk."
kún,CC,conjunction,"if, possibly if, provided that."
kundíman,NN,noun,"filipino song which depicts mood changes of the people, usually written in the native languages and composed by filipinos."
kúndi’,CC,conjunction,"although, but, well, therefore, might as well."
kuning,NN,noun,cat
kuntáni’,RP,particle,"maybe, if possible, i hope."
kunú,RP,particle,"according to, he or she said."
kunúl,JJ,adjective,"interrupted, shrank, dry (like a river)."
kunúl,VB,verb,"to cease, to stop flowing, to run dry as a river."
kunúp,NN,noun,"cloak, coat, overcoat."
kunút,JJ,adjective,wrinkled.
kunút,VB,verb,"to wrinkle, to crumple."
kúnyag,NN,noun,"chill, cold chill."
kúnyag,VB,verb,"to shake with chills, to shiver."
kúpkup,NN,noun,"embrace, hug."
kúpkup,VB,verb,"to embrace, to hug."
kupú’,VB,verb,"to hang onto tightly, to embrace tightly, to cling to, to stick to like a lizard."
kúra,NN,noun,"pastor of a parish, minister in charge of a certain area."
kúrba,NN,noun,curve.
kúrba,VB,verb,"to twist, to bend, to turn, to curve."
kurbáda,NN,noun,"street corner, street curve."
kurbáta,NN,noun,necktie.
kuribúng,VB,verb,to isolate in a quiet room.
kuring,NN,noun,cat
kuríng,NN,noun,cat.
kurinút,JJ,adjective,"creased, wrinkled."
kurinút,NN,noun,"crease, fold, wrinkle."
kurinút,VB,verb,"to fold, to crease, to wrinkle."
kurisúng,NN,noun,frown.
kurisúng,VB,verb,to frown.
kúrit,NN,noun,"line, mark, pencil mark."
kúrit,VB,verb,"to make a line, to draw on paper with a pencil, to mark with a pencil."
kúri’,JJ,adjective,"slow, weak."
kúri’,VB,verb,"to be slow, to have difficulty."
kúrug,VB,verb,"to shiver, to tremble, to shake."
kusámkusám,VB,verb,"to taste, to partake of a little food."
kusina,NN,noun,kitchen
kusína,NN,noun,kitchen.
kusinéro,NN,noun,cook.
kusípad,VB,verb,"to thumb through, to pick with the fingers like corn from the cob."
kúsi’,NN,noun,"pinch, small piece."
kúsi’,VB,verb,"to press or nip with fingernails, to pinch."
kúskus,VB,verb,to scrape with a sharp instrument or with a scraper.
kusúg,JJ,adjective,"strong, energetic, healthy."
kusúg,NN,noun,"energy, strength."
kusúg,VB,verb,"to become strong, to be energetic."
kutáwkutáw,VB,verb,"to dilute, to mix with water."
kúta’,NN,noun,"prison, fort."
kutíng,NN,noun,kitten.
kutíngkúting,VB,verb,"to pluck or strum a guitar, to pluck a string instrument."
kútis,NN,noun,"skin complexion, facial complexion."
kutkut,NN,noun,a dug hole in the ground
kútkut,NN,noun,hole in the ground.
kútkut,VB,verb,"to excavate, to dig, to scoop out dirt from the ground so as to make a hole."
kuto,NN,noun,louse ( insect )
kutsara,NN,noun,spoon
kutsára,NN,noun,tablespoon.
kutsarita,NN,noun,teaspoon
kutsaríta,NN,noun,teaspoon.
kutséro,NN,noun,"coachman, rig driver, man who drives a kalésa."
kutsilyo,NN,noun,knife synonym: utak
kutsílyo,NN,noun,knife.
kútsukútsu,NN,noun,"rumor, hearsay."
kútsukútsu,VB,verb,"to chitchat, to gossip, to be rumored."
kutsún,NN,noun,"cushion, bed mattress."
kútub,RB,adverb,until.
kutud,NN,noun,"boundary , line"
kutud,NN,noun,ruler
kutúl,VB,verb,"to pick, to pluck from a plant, to gather flowers."
kútut,VB,verb,to sting as a bee or a wasp.
kuul,NN,noun,snail
kuyámpad,VB,verb,"to run, to scamper off."
kúymi,NN,noun,cashier.
kú’ku’,VB,verb,to stoop.
kú’ub,VB,verb,"to bow, to bend the head as if in hiding."
kú’ut,VB,verb,"to feel for, to fish out with the hand, to put one’s hand or arm in a hole."
kwadérno,NN,noun,notebook.
kwadra,NN,noun,shed
kwádra,NN,noun,stable.
kwádro,NN,noun,"frame, picture frame."
kwáku,NN,noun,"pipe, tobacco pipe."
kwán,RP,particle,whatchamacallit.
kwarénta,CD,numeral,forty.
kwarentenas,NN,noun,quarantine
kwárta,NN,noun,"money, cold cash."
kwártakwárta,NN,noun,play money.
kwárto,NN,noun,"room, enclosed area, bedroom."
kwátro,CD,numeral,four.
kwéba,NN,noun,cave.
kwélyo,NN,noun,"collar, back of the neck."
kwénta,NN,noun,"account, balance account."
kwénta,VB,verb,"to account, to solve, to balance."
kwérdas,NN,noun,string for a string instrument.
kwítis,NN,noun,fireworks.
kwítis,DT,deictic,nan
laba,JJ,adjective,long in length
labá,VB,verb,"of clothes, to wash."
labá,NN,noun,laundrywoman.
labábu,NN,noun,"lavabo, washbasin."
lábag,VB,verb,"to be against, to violate."
labaha,NN,noun,razor
labáha,NN,noun,"razor blade, razor."
labán,CC,conjunction,"besides, except, moreover, furthermore."
labatíba,NN,noun,enema.
labatíba,VB,verb,to give or apply an enema.
labáw,RB,adverb,"aside from, besides, more than."
labáw,VB,verb,"to surpass, to exceed."
labáy,VB,verb,"to go through, to pass by."
lába’,NN,noun,"length, duration, extent."
lába’,JJ,adjective,"long, extending for a considerable distance."
labí,RB,adverb,"more than, exceedingly."
labí,VB,verb,"to exceed, to surpass."
labúgay,VB,verb,"to stir, to mix especially liquids."
lábut,NN,noun,"business, concern."
labú’,VB,verb,"to strike with a machete or an ax, to smite with great force."
lábyug,VB,verb,"to hurl, to fling, to throw to a far distance."
láb’as,JJ,adjective,"raw, fresh as of fruits and vegetables."
láb’uk,VB,verb,"to sip, to take a draught."
ládlad,VB,verb,"to open, to spread, to unfold."
lae,NN,noun,adultery synonym: láyì
lag-it,NN,noun,"cheat , imposter , sneak , swindler , trickster"
lag-it,VB,verb,"to cheat , swindle"
lagabúng,VB,verb,"to fall to the ground with a flop, to rumble."
lagari,NN,noun,saw ( tool )
lagári’,NN,noun,"saw, carpenter’s tool."
lagári’,VB,verb,to cut with a saw.
lagás,VB,verb,"to pursue, to run after, to chase."
lagátik,NN,noun,"snap, clicking sound."
lagatúk,NN,noun,"snap, dull thud, dull sound."
lágawlágaw,VB,verb,"to wander about, to roam around, to stroll."
lágda’,NN,noun,"mark, sign, signature."
lági,RB,adverb,"frequently, often."
lágpit,NN,noun,rat trap.
lágtum,JJ,adjective,"black, dark."
lagú,NN,noun,earthworm.
lagú’,NN,noun,"soiled clothes, laundry."
lagwerta,NN,noun,orchard
lagwerta,NN,noun,lawn
lagwerta,NN,noun,"garden synonyms: hardin , talamnan"
lagwérta,NN,noun,"lawn, yard, orchard."
lagwertero,NN,noun,gardener
lágyu’,RB,adverb,"far, at a distance."
lágyu’,VB,verb,"to run away, to flee, to go to a far off place."
laham,VB,verb,"to touch , feel"
lahúg,NN,noun,"joke, teasing."
lahúgláhug,NN,noun,"joke, teasing."
lahúgláhug,VB,verb,"to joke, to make fun, to quip."
lakát,NN,noun,"trip, walk, business trip."
lakát,VB,verb,"to walk, to go, to leave."
laká’,JJ,adjective,"scarce, rare, sometimes."
lákbang,VB,verb,"to stride, to make a big step."
lakíp,VB,verb,"to include, to enclose, to insert."
láklak,VB,verb,to lap with the tongue.
lakon,VB,verb,to deceive ; to cheat ; to swindle synonym: lakum
lakon,VB,verb,to embezzle ; to misappropriate
láktaw,VB,verb,"to pass over, to miss, to skip."
láktud,VB,verb,to take a short cut.
lakum,VB,verb,to deceive ; to cheat ; to swindle synonym: lakon
lák’ang,NN,noun,"big step, step which is as far as the legs can extend."
lák’ang,VB,verb,"to step over, to make a big step."
lala,NN,noun,solfeggio
lala,VB,verb,( music ) to sing a lullaby
lala,VB,verb,to strip ; to separate (meat from the bone)
lála,VB,verb,"to weave, to weave together."
lala-lala,VB,verb,diminutive of lála
lalaki,NN,noun,"a man , an adult male"
laláki,NN,noun,"male, man, boy, male illicit lover."
laláw,VB,verb,"to be in black mourning dress, to wear mourning clothes."
lalá’,VB,verb,"to become seriously ill, to become severe."
lalím,NN,noun,flavor.
lális,VB,verb,"to pay no heed to, to disobey."
lámang,CC,conjunction,"but, only, mere, just."
lamá’lamá’,VB,verb,"to cut into small pieces as of ribs, to cut meat with bones into thin pieces."
laḿbat,NN,noun,"net, woven rattan net of native beds."
lámbut,VB,verb,"to reach, to arrive, to attain."
lamésa,NN,noun,table.
laḿgud,JJ,adjective,barren.
lamíg,NN,noun,coldness.
lamíg,JJ,adjective,"cold, cool, low in temperature for weather and liquids."
lamígas,NN,noun,"grain, cereal."
lámluk,NN,noun,moth.
lamok,NN,noun,mosquito
lamokon,JJ,adjective,filled with mosquitoes
lamokon,JJ,adjective,related to mosquitoes
lampás,VB,verb,"to surpass, to overtake."
lampásu,NN,noun,"rag, mop, scrub."
lampásu,VB,verb,"to mop, to scrub the floor."
lampín,NN,noun,baby’s diaper.
lampitáw,JJ,adjective,"well-known, famous."
lámpus,VB,verb,"to hit someone with something, to strike hard with an instrument."
lampú’as,VB,verb,"to pass, to reach beyond and move on."
lamúd,VB,verb,"to mix with, to add to."
lamúk,NN,noun,mosquito.
lamún,NN,noun,blind.
lámun,VB,verb,"to eat like an animal, to gulp down food hungrily."
lána,NN,noun,"wool, oil especially coconut oil."
landong,NN,noun,shadow synonym: halon
lándung,NN,noun,"shade, shadow."
láng,RP,particle,"only, also, just."
lángaw,NN,noun,fly.
langgaw,NN,noun,vinegar
lánggaw,NN,noun,vinegar.
langís,NN,noun,"oil, especially coconut oil."
langit,NN,noun,"sky , heaven synonym: ginhanan"
lángit,NN,noun,"heaven, sky, outer space."
lángkag,VB,verb,"to worry, to be anxious about."
lángka’,NN,noun,jackfruit.
langoy,NN,noun,swim synonym: dangaw
langúy,VB,verb,to swim.
láng’at,NN,noun,"interval, space between."
láng’ug,JJ,adjective,"rotten, foul odor of stagnant water."
lanog,NN,noun,"weal ; bruise , black eye"
lanog,JJ,adjective,bruised
lansang,NN,noun,nail ( spike-shaped metal fastener )
lansang,VB,verb,to nail
lánsang,NN,noun,nail.
lánsang,VB,verb,to drive a nail.
lansítas,NN,noun,pocket knife.
lánta,JJ,adjective,"withered, faded as of plants and flowers."
lántaw,VB,verb,"to watch, to see, to look out of the window."
lántun,NN,noun,"tune, song, music, music sheet."
lántun,VB,verb,to play a musical instrument.
lanúg,NN,noun,"echo, black and blue mark, rotten portion."
lányatlányat,NN,noun,membrane.
lap-ok,NN,noun,blister
lápad,NN,noun,"width, area, broadness."
lápad,JJ,adjective,"wide, broad, extensive."
lápak,VB,verb,"to trample on, to step on, to treat with pride or contempt."
lápas,VB,verb,"to violate, to disobey an order."
lapáw,VB,verb,"to be higher than, to exceed, to overflow."
lapá’lapá’,VB,verb,"to cut into small pieces, to mangle."
lápdus,VB,verb,"to hit with a strong force, to beat with intentions to destroy, to hit hard."
lápis,NN,noun,pencil.
lapít,JJ,adjective,"near, close, intimate."
lapít,VB,verb,"to approach, to move near, to be close by."
laplap,VB,verb,"cut , slice"
lápnag,VB,verb,"to become extensive, to spread, to propagate."
lápsag,NN,noun,"baby of age one to two, infant."
lápsi’,JJ,adjective,"frail, wan, pale, pallid."
lápta,VB,verb,"to extend, to spread, to scatter."
lápus,VB,verb,"to pierce, to penetrate, to go through."
lapuyot,JJ,adjective,"thick , condensed , coagulated"
lapuyot,VB,verb,"to thicken , condense"
lapúyut,JJ,adjective,"sticky, thick in texture especially of liquids."
lápyu,VB,verb,"to tire, to get exhausted."
laranghíta,NN,noun,nectarine.
laráwan,NN,noun,picture.
larawanan,NN,noun,photographer's studio
lárga,VB,verb,"to travel away on a boat, to sail away."
lasáw,NN,noun,molasses.
lasi,NN,noun,( anatomy ) gum
lásu,NN,noun,"ribbon, trimming."
lás’ay,JJ,adjective,"bland in taste, unsavory."
láta,NN,noun,"tin, can."
látag,VB,verb,"to bleach, to put out in the sun."
latagon,NN,noun,"valley , a rural area"
látay,VB,verb,"to cross a narrow footbridge without support, to balance oneself on a narrow board."
latayan,NN,noun,a narrow bridge often with no handrail
latayan,NN,noun,gangplank
latá’,JJ,adjective,"rotten, overcooked."
látid,VB,verb,"to line, to mark, to limit, to make a boundary."
latigú,NN,noun,whip.
latok,NN,noun,table synonym: lamesa
latúk,NN,noun,table.
látum,VB,verb,to penetrate to the innermost part.
latún,NN,noun,tin can with a volume content of five gallons.
latún,VB,verb,"to infect, to contaminate."
laum,VB,verb,to hope
law-ay,JJ,adjective,ugly nag láw-ay ang íya nga pangguyáhon. the expression on his face became ugly .
law-ay,JJ,adjective,repulsive
law-ay,JJ,adjective,nasty
law-ay,JJ,adjective,mean
law-ay,JJ,adjective,hideous
law-ay,JJ,adjective,obscene
law-ay,VB,verb,"to be or become ugly, repulsive, hideous, forbidding , etc."
lawa,NN,noun,spiderweb
láwag,VB,verb,"to pronounce, to call out."
lawas,NN,noun,( anatomy ) body ; torso
lawas,NN,noun,"cadaver ; corpse ; dead body synonyms: bangkay , patay"
láwas,NN,noun,"body, human body.;  representative."
láwa’,NN,noun,spider web.
láwid,NN,noun,"of distance, length."
láwid,JJ,adjective,"of distance, long, long stretch."
láwig,JJ,adjective,"lengthy, wide, broad, extensive."
láwlaw,JJ,adjective,"loose about the waist, of clothing, loose."
láw’ay,JJ,adjective,"ugly, offensive, repulsive."
láya,NN,noun,fish net.
láyag,NN,noun,sail for a boat.
láyas,VB,verb,"to run away, to flee from, to go away without permission, to run away from home."
layát,VB,verb,to sag as of skin.
láya’,VB,verb,"to wither, to fade, to dry up as of flowers and plants."
láygay,VB,verb,"to advise, to talk, to lecture, to preach."
layi,NN,noun,adultery synonym: láè
layi,VB,verb,to commit adultery
layí,NN,noun,"law, bill."
layúng,VB,verb,"to dry up, to wither."
layú’,NN,noun,"of distance, far."
layú’,JJ,adjective,"far, distant."
layú’,VB,verb,"to go far, to go away, to be far."
lá’aw,VB,verb,"to watch, to observe, to look out of the window."
lá’ga’,VB,verb,"to boil, to cook in water."
la’ín,JJ,adjective,"different, changed, dissimilar, various."
la’ín,VB,verb,"to change, to be different."
lá’in,JJ,adjective,"bad, immodest, unfavorable, unjurous."
lá’ug,VB,verb,"to roam, to stroll, to walk about."
lá’um,VB,verb,"to hope, to expect, to trust, to estimate."
la’ún,NN,noun,"old maid, bachelor girl."
lá’ut,JJ,adjective,"vile, bad, malicious, wicked."
leksyón,NN,noun,lesson.
létse,NN,noun,volume measure amounting to one eight-ounce tin can.
létse,UH,interjection,"damn, damn you."
libák,VB,verb,"to backbite, to deride."
libańg,VB,verb,"to amuse, to entertain, to comfort."
libát,JJ,adjective,cross-eyed.
libát,VB,verb,to become cross-eyed.
líbra,NN,noun,pound.
libre,JJ,adjective,free ; without charge ; gratis
líbre,JJ,adjective,"free, gratis."
libreríya,NN,noun,library.
líbro,NN,noun,book.
líbu,CD,numeral,thousand.
líbud,VB,verb,"to peddle door to door, to go around."
libúg,NN,noun,"trouble, problem, worry."
libúg,VB,verb,"to be confused, to be worried, to have a problem."
líbug,NN,noun,bumblebee.
libún,NN,noun,"enclosure, fence."
libún,VB,verb,"to enclose, to surround."
líbut,VB,verb,"to walk about, to roam around, to encircle."
líbut,NN,noun,surrounding.
lígad,VB,verb,"to pass by, to be part of the past."
ligás,NN,noun,"garter, belt."
lígdung,JJ,adjective,"modest, serious, conservative."
lígid,VB,verb,"to whirl, to roll, to turn over and over."
ligís,VB,verb,"to mill, to crush into powder."
ligúnlígun,VB,verb,"to let melt, to swallow or dissolve in the mouth."
ligúy,JJ,adjective,"negligent, truant."
ligúy,VB,verb,"to play truant, to be lazy."
lígu’,VB,verb,"to take a bath, to bathe, to swim in the river or the ocean."
líg’un,JJ,adjective,"steady, stable, strong."
liháy,VB,verb,"to fall against for support, to lean on."
lihí’,VB,verb,"to forbid, to disapprove."
likáw,VB,verb,"to shun, to avoid, to detour."
likay,VB,verb,to avoid by moving suddenly out of the way ; to dodge
likay,VB,verb,to escape ; to slip away ; to evade ; to elude
likay,VB,verb,to avoid ; to keep away from; to keep clear of; to shun
líkday,VB,verb,"to step to one side to allow another to pass, to make way, to step aside."
líkido,NN,noun,liquid.
líki’,VB,verb,"to bound, to spring, to leap with grace."
likod,NN,noun,( anatomy ) back
líksi,VB,verb,"to jump around, to leap."
likúd,NN,noun,back.
likúm,VB,verb,"to hide a secret, to conceal."
likú’,VB,verb,"to turn the corner, to turn a street corner."
líla,JJ,adjective,"violet, lavender."
limá,CD,numeral,five;  fifth.
límbung,NN,noun,"lie, deceit."
límbung,VB,verb,"to cheat, to deceive, to double-cross."
limitádo,JJ,adjective,limited.
limpyabúta,NN,noun,bootblack.
límug,VB,verb,to gargle.
limús,NN,noun,"alm, donation."
limús,VB,verb,"to give alms, to donate."
límut,VB,verb,to forget.
límyo,JJ,adjective,"clean, spotless, in order."
límyo,VB,verb,"to clean, to put in order."
linábhan,NN,noun,washed clothes.
línas,VB,verb,"to thresh as of rice, to trample upon."
línas,NN,noun,thresher.
linaw,NN,noun,lake ; pond synonym: lim-aw
linaw,VB,verb,to be calm ; to be peaceful
línaw,NN,noun,"brook, stream."
língas,VB,verb,"to distract, to confuse, to upset, to make noise."
lingáw,VB,verb,"to distract, to bother, to amuse, to relax."
lingáw,JJ,adjective,"noisy, bothersome, distracting."
linggánay,NN,noun,bell.
línghud,JJ,adjective,"of plants, young, new."
língin,JJ,adjective,"dizzy, round."
língin,VB,verb,"to be dizzy, to have nausea, to feel the head spinning."
lingkoranan,NN,noun,chair synonym: siya
língkud,VB,verb,to sit down.
língling,VB,verb,"to peep through a small hole, to observe secretly through an aperture."
linog,NN,noun,earthquake
líntak,VB,verb,to emit a clicking sound.
linti,NN,noun,lightning synonym: kilat
líntuk,NN,noun,bran.
línug,NN,noun,earthquake.
línug,VB,verb,"to have an earthquake, to shake like an earthquake."
linúng,JJ,adjective,"calm, silent, peaceful."
liog,NN,noun,( anatomy ) neck
lipák,NN,noun,"stick, small twig."
lípas,VB,verb,to pass by as of time.
lipát,VB,verb,"to forget, to lose the memory."
lipay,JJ,adjective,happy ; glad
lipay,VB,verb,to gladden
lipay,VB,verb,to be happy
lípay,NN,noun,"happiness, joy, delight."
lípay,VB,verb,"to be delighted, to feel happy."
lípun,VB,verb,"to screen, to conceal, to hide."
lípung,VB,verb,"to faint, to fall unconscious."
líp’ut,NN,noun,"shortness, brevity."
líp’ut,JJ,adjective,"short, brief, curtailed."
lísang,VB,verb,"to be terrified, to be frightened, to be shocked."
lisénsya,NN,noun,"license, permission."
lisénsya,VB,verb,to ask permission.
lísi,VB,verb,to look about curiously or searchingly.
lisík,VB,verb,to fly like chips of wood.
lísngadlísngad,VB,verb,"to linger, to tarry, to delay."
liso,NN,noun,seed synonym: busol
lísta,NN,noun,"list, roll."
lísta,VB,verb,"to list down, to enlist, to enroll."
lístun,NN,noun,"ribbon trimming, shoe string."
lísu,NN,noun,seed.
lisúd,JJ,adjective,"hard, difficult."
lisúd,NN,noun,"distress, hardship, difficulty."
lísu’,VB,verb,"to turn about, to be awry."
litík,VB,verb,"to crack, to split, to have a flaw."
lítra,NN,noun,letter of the alphabet.
lítro,NN,noun,liter measure.
litsúgas,NN,noun,lettuce.
lítsun,NN,noun,whole pig roasted on live coal pit.
lítsun,VB,verb,to roast a whole pig.
lítun,VB,verb,"to migrate, to transfer, to move."
liwáliwá,VB,verb,"to relax, to take a vacation."
liwán,VB,verb,"to do again, to repeat, to remodel."
liwát,RB,adverb,"again, repeatedly."
liwát,VB,verb,"to do over, to remodel, to repeat."
liyón,NN,noun,lion.
lí’ug,NN,noun,neck.
lóbo,NN,noun,balloon.
lólo,NN,noun,grandfather.
lomot,NN,noun,moss ( plants of the division bryophyta )
lóte,NN,noun,"piece of land, lot."
luab,NN,noun,collar
luab,VB,verb,to grasp by the collar
lubád,VB,verb,"to solve, to translate, to interpret."
lúbag,VB,verb,"to twist, to wring, to twist and pull."
lubhá’,JJ,adjective,"serious, grave."
lubhá’,VB,verb,"to be seriously ill, to get worse."
lúbha’,VB,verb,"to cheat, to betray."
lubi,NN,noun,coconut
lubí,NN,noun,coconut.
lúbid,NN,noun,"rope, string."
lúbid,VB,verb,"to entwine, to make into a rope or string."
lubong,NN,noun,burial
lubúg,JJ,adjective,"murky, turbid."
lubúg,VB,verb,to become murky.
lubúng,NN,noun,"burial, crypt."
lubúng,VB,verb,"to bury, to inter."
lugár,NN,noun,"place, site, location."
lúgdang,VB,verb,"to sink, to disappear under the water."
lúgpay,VB,verb,"to mollify, to soothe, to counsel."
lugpitan,NN,noun,"press , vice , clamp"
lugúm,NN,noun,dye.
lugúm,VB,verb,"to dye, to color with dye."
lúgus,VB,verb,"to force to submit, to violate, to grab, to rape."
luha,NN,noun,tear
lúha’,NN,noun,tear.
luhod,VB,verb,to kneel
lúhu,JJ,adjective,"dressed up, elegant."
luhúd,VB,verb,to kneel down.
lukát,VB,verb,"to pull or dig out together with the roots, to uproot."
lúksu,VB,verb,"to jump, to leap, to jump over."
lukú,VB,verb,"of dogs, to lie down with front legs bent under."
lúku,VB,verb,"to cheat, to trick."
lúkut,VB,verb,"to wind up, to roll, to crumple."
lulus,VB,verb,unwind
lulú’,JJ,adjective,"gentle, kind, meek, tender."
lumáy,NN,noun,"love potion, charm."
lumáy,VB,verb,"to entice, to attract strongly, to give a love potion."
lúmba’,NN,noun,"race, contest."
lúmba’,VB,verb,"to have a race, to hold a contest."
lumilaw,VB,verb,doze
lúming,JJ,adjective,"flabby, feeble, limp."
lúmpag,VB,verb,"to destroy, to demolish."
lúmpat,VB,verb,"to jump, to leap, to dive down."
lumús,VB,verb,to drown.
lúmut,NN,noun,moss.
lumúy,VB,verb,to put into the mouth and swallow down as of a pill.
lunang,NN,noun,mud
lunangon,JJ,adjective,muddy
lúnes,NN,noun,monday.
lunggú’,VB,verb,to knock or push against especially the head.
lungíb,NN,noun,cave.
lungsod,NN,noun,town synonym: banwa
lungsod,NN,noun,anthill
lungúlúngu,VB,verb,to shake the head for negation or disapproval.
lungún,NN,noun,"bier, crypt."
lúnhaw,JJ,adjective,green.
lúnsay,RB,adverb,"steady, stable."
lúntad,VB,verb,"to live, to reside, to emigrate."
lúnud,VB,verb,"to be inferior to, to be unbecoming, to sink."
lupád,VB,verb,"to fly, to soar in the air."
lúpig,VB,verb,"to oppress, to overpower, to side with."
lupúg,JJ,adjective,crippled.
lupúk,VB,verb,"to burst, to blow-out, to erupt."
lupút,VB,verb,"to have loose bowel movement, to have diarrhea."
lúpyak,VB,verb,to form a small depression in the ground.
lúp’ug,VB,verb,to sit or squat down with legs turned to one side as resting animals.
lusád,VB,verb,"to alight, to land, to disembark."
lúspad,JJ,adjective,"wan, pale in face."
lúspad,VB,verb,"to be pale or wan, to turn pale."
lusút,VB,verb,"to emerge, to pass, to go through, to pierce."
lús’aw,JJ,adjective,"faded, discolored."
lús’aw,VB,verb,"to fade, to run in color, especially of cloth."
luta,VB,verb,dislocate
luták,NN,noun,clay.
lutás,VB,verb,"to wean, to detach affection for something longed for."
lutáw,JJ,adjective,"famous, big, afloat, popular."
lutáw,VB,verb,"to float, to be famous, to be well-known."
lúthang,VB,verb,"to shoot to death, to fire a gun."
lútu,VB,verb,"to mourn, to wear the black mourning attire."
lútus,VB,verb,"to surpass, to outdo, to run after, to defeat."
lútu’,NN,noun,"cooked food, prepared food."
lútu’,JJ,adjective,"cooked, ripe."
lútu’,VB,verb,"to cook, to mature, to ripen."
luwág,NN,noun,"ladle, a native deep-bowled spoon used in cooking made from hard skin of the coconut and long bamboo handle."
luwás,CC,conjunction,"aside from, except, outside of."
luwás,VB,verb,"to free, to redeem, to save."
luy-a,NN,noun,ginger ( zingiber officinale )
luy-a,NN,noun,rhizome of this plant
lúya,JJ,adjective,"decrepit, weak, frail."
lúya,VB,verb,"to become weak, to lose strength."
lúyag,VB,verb,"to want, to desire, to like."
lúyluy,VB,verb,"to hand down, to droop."
luyú,RB,adverb,"by, near, beside."
lúy’a,NN,noun,ginger.
lú’ad,VB,verb,"to spit out, to throw out of the mouth."
lú’gu’,VB,verb,to shake.
lú’uy,VB,verb,"to have mercy, to have compassion for."
ma-…-an,VB,verbal affix,proposed action affix of the  verb for benefactive-locative focus.
maagol,JJ,adjective,"lazy , indolent , idle"
maalam,JJ,adjective,"learned , clever , wise"
maalam,JJ,adjective,"scholarly , erudite"
maalwan,JJ,adjective,generous
maalwan,JJ,adjective,"graceful synonyms: mahim-ong , mahinhin"
maambas,JJ,adjective,expensive or wasteful
maambong,JJ,adjective,nice
maambong,JJ,adjective,"gorgeous , lovely"
maambong,JJ,adjective,"decent , modest , or proper"
maanghit,JJ,adjective,smelling like a goat
maantod,JJ,adjective,( of food ) burned or scorched ; fetid
maanyag,JJ,adjective,"beautiful , seemly , pretty"
maaslum,JJ,adjective,sour
maayo,JJ,adjective,good
maayo-ayo,JJ,adjective,"beautiful , seemly , pretty"
maayo-ayo,JJ,adjective,"nice , engaging"
mabahaw,JJ,adjective,"stale , old"
mabalong,VB,verb,to get drunk ; to intoxicate synonym: mahubog
mabangis,JJ,adjective,"fierce , ferocious"
mabangis,JJ,adjective,inhuman
mabangis,JJ,adjective,"brutal , cruel synonym: mapintas"
mabangis,JJ,adjective,violent synonym: makahas
mabasa,JJ,adjective,damp ; moist ; dank ; humid
mabaskug,JJ,adjective,loud synonym: magansal
mabaskug,JJ,adjective,"strong synonyms: mabakud , makusug"
mábdus,VB,verb,to be pregnant.
mabinantayon,JJ,adjective,watchful
mabug-at,JJ,adjective,heavy
mabulakon,JJ,adjective,"flowery , to smell of flowers"
mabulakon,JJ,adjective,full of flowers
madali,JJ,adjective,"quick , immediate synonym: madasig"
madanlog,JJ,adjective,"elusive , or slippery"
mádre,NN,noun,"nun, catholic nun."
maduyug,JJ,adjective,attracted
maduyug,JJ,adjective,"biased , prejudiced , predisposed"
maganas,JJ,adjective,"tasteless , insipid antonym: marabó"
magarot,JJ,adjective,"noisy , boisterous"
magarot,JJ,adjective,gabbling
magarot,JJ,adjective,"dense , crowded"
magá’,VB,verbal affix,proposed action affix of the  verb.
magbukal,VB,verb,"to seethe , to bubble , to produce foam synonym: magbula"
magbulig,VB,verb,"to aid , to help"
magdamgo,VB,verb,to dream
maghatag sing kinahanglan,VB,verb,supply
mágka-,VB,verbal affix,designating possibility of a reciprocal action to happen.
mágpa-,VB,verbal affix,designating causation of action by the actor.
maǵpang-,VB,verbal affix,magpanghilám’-us akú.
maguláng,NN,noun,"older sibling, older in age."
mág’an,JJ,adjective,"light, trivial, cheerful."
mag’asáwa,NN,noun,married couple.
mahagup,JJ,adjective,"tame , docile , gentle"
mahál,JJ,adjective,"expensive, dear, cherished."
mahímo,VB,verb,"to be possible, to be feasible."
mahubog,VB,verb,to get drunk ; to intoxicate synonym: mabalong
maidlak,JJ,adjective,glittering or sparkling
maingol,JJ,adjective,"rare , scarce"
mainit,JJ,adjective,hot antonym: malamig
mainpolon,JJ,adjective,round
mais,NN,noun,maize ; corn
maitum,JJ,adjective,black
maká-,VB,verbal affix,proposed action affix of the  verb for actor focus.
makakululba,JJ,adjective,"intimidating , disconcerting"
makakululba,JJ,adjective,causing nervousness or shyness
maka’áku’,NN,noun,"god, the almighty."
makiná,NN,noun,"machine, motor."
makinílya,NN,noun,typewriter.
makinílya,VB,verb,to type.
mákut,VB,verb,"to make a fire, to begin to burn, to start to blaze."
malá,JJ,adjective,dry.
malá,VB,verb,"to become dry, to evaporate."
maléta,NN,noun,"piece of baggage, luggage."
malipayon,JJ,adjective,happy
malolot,JJ,adjective,"affectionate , tender"
málu,VB,verb,"to give an alarm, to crow as of cocks."
mamaw,NN,noun,"elf ; goblin ; sprite ; fairy ; ghost ; etc. synonyms: mamamáhoy , tamáo , tumáo , kamâkamâ"
mán,RP,particle,"also, too."
man-og,NN,noun,snake
mananap,NN,noun,animal synonym: hayop
manang,NN,noun,eldest sister
manang,NN,noun,elder sister ; big sister
manang,NN,noun,term of address for an elder sister or the eldest sister : big sis
manang,NN,noun,"term of address for any woman older than the speaker, not necessarily an elderly woman : ma'am"
mánang,NN,noun,respect term for a lady older than the speaker.
manay,NN,noun,( familiar ) eldest sister
manay,NN,noun,( familiar ) term of address for the eldest sister : big sis
mándo,NN,noun,"command, announcement."
mándo,VB,verb,"to rule, to lead, to command, to announce."
maného,VB,verb,"to manipulate, to drive a car."
mangá,RP,particle,marker.
mángga,NN,noun,mango.
mánggad,NN,noun,"wealth, property."
mánggad,JJ,adjective,"rich, landed, wealthy."
mánghud,NN,noun,"younger sibling, term used for people younger in age than the speaker."
mangín,VB,verbal affix,"to become, to be like."
mangingísda’,NN,noun,fisherman.
mango,NN,noun,( derogatory ) idiot
mango,JJ,adjective,"stupid , foolish"
mangungúma,NN,noun,farmer.
mangú’,JJ,adjective,"unlettered, ignorant."
maní,NN,noun,peanut.
manínay,NN,noun,godmother.
manipis,JJ,adjective,thin antonym: madamol
manok,NN,noun,chicken
manol,JJ,adjective,ignorant
manol,NN,noun,ignoramus
manong,NN,noun,eldest brother
manong,NN,noun,term of address for the eldest brother : big bro
manoy,NN,noun,( familiar ) eldest brother
manoy,NN,noun,( familiar ) term of address for the eldest brother : big bro
mansánas,NN,noun,apple.
mantíka’,NN,noun,"cooking oil, shortening."
mantikílya,NN,noun,butter.
mántil,NN,noun,tablecloth.
mántsa,NN,noun,"stain, spot."
mántsa,VB,verb,"to stain, to mark."
mántu’,NN,noun,veil used by women in church.
manúg-,NN,noun formative,noun formative affix designating a type of job or work.
manúk,NN,noun,chicken.
mánung,NN,noun,respect term for men older than the speaker.
manyíka’,NN,noun,doll.
mán’ug,NN,noun,"snake, serpent."
mápa,NN,noun,map.
mapait,JJ,adjective,bitter
mapiguson,JJ,adjective,harsh
mapinatopatoon,JJ,adjective,"creative , imaginative , inventive"
mapinatuboon,JJ,adjective,"( of soil ) good , fertile , productive"
marabo,JJ,adjective,"tasty , savoury antonym: maganás"
maragomo,JJ,adjective,short with someone
maramig,JJ,adjective,"cold , stiff"
marásmas,VB,verb,to become wide awake.
marinéro,NN,noun,sailor.
márka,NN,noun,"brand, mark, label."
mármul,NN,noun,marble.
márso,NN,noun,march.
mártes,NN,noun,tuesday.
martílyu,NN,noun,hammer.
martír,NN,noun,martyr.
mártsa,NN,noun,"march, drill practice."
mártsa,VB,verb,"to march, to drill."
maskará,NN,noun,mask.
maskará,VB,verb,to wear a mask.
máskin,CC,conjunction,"even if, even though, as long as."
masyádo,RB,adverb,"too much, in excess."
mata,NN,noun,eye.
mata,VB,verb,to awaken.
mata,NN,noun,( anatomy ) eye ( organ )
mataas,JJ,adjective,"elevated , high , lofty , ranking , tall synonyms: matatáas , matangkad"
matadéro,NN,noun,butcher.
matahum,JJ,adjective,"beautiful , seemly , pretty"
matalaw,JJ,adjective,"cowardly , scared , timid"
matam-is,JJ,adjective,sweet
matápan,NN,noun,"flat , level , plain"
matárung,NN,noun,"reason, cause."
matárung,JJ,adjective,reasonable.
matataas,JJ,adjective,"high , exalted synonym: matáas"
matay,VB,verb,to die
matáy,VB,verb,"to die, to pass away."
mauswagon,JJ,adjective,progressive ; advanced
may,VB,verb,"to have, the existence of something, to be in existence."
may-,JJ,adjective formative,formative affix designating possession of the quality stated.
may-,NN,noun formative,si ramóna.
máya,NN,noun,wren.
mayád,JJ,adjective,"good, fine, well."
mayád,VB,verb,"to become well, to recover from being sick, to get well, to improve."
máyo,NN,noun,may.
mayór,NN,noun,mayor of a town or city.
mayordómo,NN,noun,"butler, official of a ship."
ma’álwan,JJ,adjective,"rude, mean."
ma’áyu,JJ,adjective,"well, good, fine."
ma’éstro,NN,noun,"teacher, instructor."
ma’ís,NN,noun,corn.
ma’úl,JJ,adjective,numb.
ma’úl,VB,verb,to become numb.
medálya,NN,noun,medal.
medikó,NN,noun,doctor.
médya,NN,noun,half.
médyas,NN,noun,"socks, stocking."
mensáhe,NN,noun,message.;  messenger.
merkádo,NN,noun,open market.
mestisílya,NN,noun,female half-breed.
mestíso,NN,noun,"half-breed, male half-breed."
métro,NN,noun,meter.
mikániko,NN,noun,machinist.
mikróbyo,NN,noun,"germ, microbe."
míl,CD,numeral,thousand.
milágru,NN,noun,miracle.
milágru,VB,verb,to perform a miracle.
milok,NN,noun,eyelash
mílya,NN,noun,mile.
milyún,CD,numeral,million.
milyún,NN,noun,millionaire.
mína,NN,noun,"mineral mine, land mine."
míngaw,NN,noun,"loneliness, anguish."
míngaw,JJ,adjective,"lonely, cheerless."
míngaw,VB,verb,"to feel lonely, to feel distressed, ginmingáw akú kahápun."
minístro,NN,noun,"minister, preacher."
mínus,RB,adverb,"before, less, of time."
mínus,VB,verb,"to take out, to decrease, to make smaller."
minútu,NN,noun,"of time, minute."
mísa,NN,noun,roman catholic mass.
mísa,VB,verb,to say mass.
misyonéro,NN,noun,missionary.
mítlang,VB,verb,"to say, to mention."
miyád,JJ,adjective,"fine, good, well."
monyeka,NN,noun,doll
motór,NN,noun,"motor, machine."
motór,JJ,adjective,motorized.
motorsíklo,NN,noun,motorcycle.
mu,PRP,pronoun,"short form of nímu, second person post-position source pronoun."
mu,RP,particle,particle expressing affirmation of the statement of which it is the last word.
múda,NN,noun,"mode, fashion."
múda,VB,verb,to become the fashion.
mugún,VB,verb,"to work for a daily wage, to earn."
múg’ut,VB,verb,"to do something with violence, to have a grudge for."
múklat,VB,verb,to open one’s eyes in waking.
mulálung,VB,verb,to see or perceive clearly.
muléstya,NN,noun,"bother, trouble."
muléstya,VB,verb,"to bother, to molest, to cause trouble, to request."
multa,NN,noun,fine ( fee )
multa,VB,verb,to fine
múlta,NN,noun,"fine, penalty."
múlta,VB,verb,"to impose a fine, to be fined."
mumho,NN,noun,fallen crumbs of cooked rice on the floor or table
munga,NN,noun,hen
mungá’,NN,noun,"hen, female chicken."
múngha,NN,noun,"monk, isolated nun."
munisípyo,NN,noun,"municipal town hall, municipal office building."
múnu,CC,conjunction,"said, according to, quoting particle."
múnu,VB,verb,"to mention, to murmur, to say."
murahág,JJ,adjective,"pop-eyed, red-eyed."
múrto,NN,noun,"ghost, spirit, apparition."
musika,NN,noun,music synonym: lanton
músika,NN,noun,music.
músing,VB,verb,"to disgrace, to taint."
muskitéro,NN,noun,mosquito net.
muskobádo,NN,noun,"unrefined sugar, brown sugar."
músmus,JJ,adjective,"poor, just, only."
mutsátso,NN,noun,"man servant, paid male servant in the house."
mutún,NN,noun,pulley.
mútya’,NN,noun,pearl.
mú’ad,VB,verb,"to augment, to increase, to multiply."
mwéstra,NN,noun,"sample, model."
myémbro,NN,noun,member.
myerkolés,NN,noun,wednesday.
myerkolés,NN,noun,nan
na,RP,particle,"already, still, yet."
na-,VB,verbal affix,variant of ; completed action affix for the /ma-/ verb in optative mode.
na-…-an,VB,verbal affix,conditional completed action affix of the  verb.
nábaw,JJ,adjective,shallow.
nag-,VB,verbal affix,completed action affix of the  verb.
nag-talíwan,NN,noun formative,ang búlan sang febréro.
naggúlang,NN,noun formative,ang mangá prútas.
naglígad,NN,noun formative,ang enéro péro walá’ pa matapús ang trabáho ku.
nagmalá,NN,noun formative,ang pantalún ku.
nagmáyad,NN,noun formative,si carméla.
nagsámput,NN,noun formative,silá sa syudád.
nag’ulí’,NN,noun formative,silá.
naká-,VB,verbal affix,conditional completed action affix of the  verb.
nákun,PRP,pronoun,"my, mine, (first person singular post-position source pronoun)."
naláng,RP,particle,"only, just, a limiting particle."
namit,NN,noun,"delicacy synonyms: nanam , rimis"
námit,JJ,adjective,delicious.
námun,PRP,pronoun,"our, ours (first person plural exclusive post-position pronoun)."
námun,NN,noun,nan
nanám,JJ,adjective,"delicious, tasty, spicy."
nánay,NN,noun,"mother, respect form for older aunts or older ladies in the family."
nánday,RP,particle,post-position personal name marker.
nangín,VB,verbal affix,"became, was in the state of."
nánu,PRP,pronoun,variant of anu.
napúlu’,CD,numeral,ten.
naranghíta,NN,noun,nectarine.
nárs,NN,noun,nurse.
naták’an,NN,noun formative,akú magpamáti’ sa íya istórya.
nátun,PRP,pronoun,"our, ours (first person plural inclusive post-position source pronoun)."
nawúng,NN,noun,"countenance, face."
nay,NN,noun,variant of nánay.
nayánáya,JJ,adjective,"elegant, well-dressed."
nayún,NN,noun,"of pig, sow."
náyun,RB,adverb,"beyond, over there."
na’,DT,deictic,"that, from iná’."
ná’ug,VB,verb,"to go down, to descend."
negósyo,NN,noun,"small business, business.;  merchant."
negósyo,VB,verb,"to do business, to be in business."
negrense,NN,noun,native or resident of negros
negrense,JJ,adjective,pertaining to negros
néne’,NN,noun,endearment term for young girls or the eldest girl in the family.
nérbyos,NN,noun,"nervousness, anxiety."
nérbyos,JJ,adjective,"nervous, edgy, anxious."
nérbyos,VB,verb,"to be anxious, to be nervous."
nga,RP,particle,modifier connector.
ngaa,RB,adverb,why ngaa indi ka magkadto? why won't you go?
ngalan,NN,noun,name
ngálan,NN,noun,name.
ngásal,VB,verb,"to chatter, to talk boisterously."
ngáwa,NN,noun,"surprise, apprehension."
ngáwa,VB,verb,"to be surprised, to shrink from, to be afraid of."
ngá’a,RB,adverb,why.
ngídlis,VB,verb,"to be horrified, to feel uncomfortable with, to be unpleasant or disagreeable."
ngíl’ad,VB,verb,"to loathe, to be sickened, to disgust."
ngípun,NN,noun,tooth.
ngísi,NN,noun,"grin, giggle."
ngísi,VB,verb,"to grin, to giggle."
ngíslu’,NN,noun,"of the mouth, gum."
ngithil,VB,verb,"to whine , whimper"
ngúrab,VB,verb,"to murmur, to complain to oneself."
ngúrub,NN,noun,"frown, roar, growl."
ngúrub,VB,verb,"to snarl, to growl, to frown."
ngútngut,VB,verb,"to be painful, to feel a sharp pain, to ache."
ni,DT,deictic,"this, from iní."
ni,RP,particle,personal name post-position marker.
nígru,NN,noun,"negro, black-complexioned person."
níla,PRP,pronoun,their (third person plural post-position source pronoun).
nílag,VB,verb,"to observe closely, to eavesdrop, to be on the watch surreptitiously."
nímu,PRP,pronoun,your (second person singular post-position source pronoun).
nínyu,PRP,pronoun,your (second person plural post-position source pronoun).
nipa,NN,noun,nipa palm
nípa,NN,noun,"nipa palm, swampy palm."
nipiś,JJ,adjective,"thin, reduced in volume."
nipiś,NN,noun,nan
nipiś,VB,verb,"to be thinner, to reduce in volume or thickness."
nipúlun,JJ,adjective,"round, circular, spherical."
níwang,JJ,adjective,"lean, thin, of animals and people."
níwang,VB,verb,"to reduce in weight, to become thinner."
níya,PRP,pronoun,"her, his, its (third person singular post-position source pronoun)."
niyúg,NN,noun,coconut.
nobéla,NN,noun,novel.
nobyémbre,NN,noun,november.
nóbyo,NN,noun,"sweetheart, groom."
nónong,NN,noun,"endearment term for young boys, especially the second oldest in the family."
nónoy,NN,noun,"endearment term for young boys, especially the youngest in the family."
nú,PRP,pronoun,tag question word from anú.
nubú’,JJ,adjective,short in height.
numero,NN,noun,number
número,NN,noun,number.
núsnus,VB,verb,to rub hard.
nwébe,CD,numeral,nine.
nyébe,NN,noun,snow.
o,CC,conjunction,or.
o,RP,particle,"okay, oh."
obíspo,NN,noun,bishop.
óbra,NN,noun,"work, job, assignment."
óbra,VB,verb,"to work, to do a job."
okra,NN,noun,okra ( abelmoschus esculentus )
okupádo,JJ,adjective,"busy, occupied."
ónse,CD,numeral,eleven.
operá,VB,verb,"to operate, to be operated on."
opisína,NN,noun,office.
opisyál,NN,noun,official.
óras,NN,noun,"time;  clock, watch, time piece."
orasyón,NN,noun,"angelus, toll of bells come six o’clock in the afternoon."
órden,NN,noun,cincture of priests on the head.
órden,VB,verb,"to ordain, to bestow the cincture, so as to become a priest."
ordináryo,JJ,adjective,"common, ordinary."
órgano,NN,noun,organ.
ospitál,NN,noun,hospital.
osyóso,JJ,adjective,"curious, nosy."
otél,NN,noun,hotel.
otsénta,CD,numeral,eighty.
ótso,CD,numeral,eight.
pa,RP,particle,"still, yet."
paa,NN,noun,thigh
paa,NN,noun,"haunch (of a horse , stag , etc.)"
paabat,VB,verb,causative of ábat
paabay,VB,verb,causative of abáy
paagaw,VB,verb,causative of ágao
paalam,NN,noun,causative of álam
paalam,UH,interjection,goodbye paálam na.
paalam,VB,verb,to warn or caution
paboríto,NN,noun,favorite.
paboríto,JJ,adjective,favorite.
pabrika,NN,noun,"factory , mill"
pábrika,NN,noun,factory.
pábu,NN,noun,turkey.
padalá,NN,noun,"thing sent, package sent."
padalá,VB,verb,to send.
padáyun,VB,verb,"to go onward, to continue."
pader,NN,noun,stone or concrete wall or fence
padér,NN,noun,concrete wall.
padíhut,VB,verb,"to contrive, to perform, to set up, to organize."
padong,NN,noun,cockscomb ; rooster 's comb
padugi,NN,noun,method
padúgi’,VB,verb,"to manage, to find a way, to contrive."
padúlung,VB,verb,"to go to, to go in the direction of, to head for."
pádya’,NN,noun,"prize, reward."
pagáno,NN,noun,"heathen, pagan."
pagká’un,NN,noun,food.
pagkúha’,NN,noun formative,dá’an sang pápel.
paglaum,NN,noun,hope
págsik,JJ,adjective,"brisk, active, enthusiastic."
págut,VB,verb,"to rave, to be furious, to gnash the teeth while asleep."
pág’un,JJ,adjective,"strong, durable, firm, solid."
páha,NN,noun,"belt, waist band."
pahalin,VB,verb,causative of hálin
pahalin,VB,verb,to depart or leave
pahalin,VB,verb,to fire or oust
pahat,VB,verb,to share ; to divide
pahat-pahat,VB,verb,diminutive of páhat
pahat-pahat,VB,verb,frequentative of páhat
páhid,VB,verb,"to wipe clean, to wipe away, to dry with a cloth."
pahítu’,NN,noun,"technique, procedure, way, means."
pahítu’,VB,verb,"to do, to find a way, to scheme, to process."
páhug,VB,verb,"to frighten, to tease."
pahulám,VB,verb,"to lend, to let."
pahúway,NN,noun,"rest, relaxation."
pahúway,VB,verb,"to rest, to relax."
páhu’,NN,noun,mango.
paka,NN,noun,frog
pakarás,VB,verb,to harrow.
pákaw,NN,noun,"hilt, handle."
paká’,NN,noun,frog.
paka’isá,NN,noun,first degree cousin.
pakéte,NN,noun,"pack, package."
páklang,NN,noun,"stem, branch."
paklay,NN,noun,"a filipino dish made from sautéed sliced bamboo shoots , mixed with meat such as fish or shrimp , ground pork or beef , with some tomatoes , onions , garlic , and other spices , among other ingredients, especially in the cuisine of western visayas nakakáon kamí dídto sing manámit nga páklay . we had there a savoury dish of bamboo-shoots mixed with meat ."
pákpak,NN,noun,"feather, wing."
pákpak,VB,verb,to beat off as to brush off dust or ants from a dress.
pákris,NN,noun,bruise.
páksi’,VB,verb,"to tear off from something, to take out from a book, to pluck off a flower."
pakút,NN,noun,"guess, venture."
pakút,VB,verb,"to venture a guess, to guess."
pakú’,NN,noun,sleeve.
pákyaw,JJ,adjective,"wholesale, in bulk."
pála,NN,noun,"shovel, spade."
pala-,JJ,adjective formative,formative affix designating habitual state of being or repeated action.
pálad,NN,noun,"fate, palm."
palahubog,NN,noun,"drunkard , alcoholic synonym: palabalong"
palákpak,NN,noun,clapping of the hands.
palákpak,VB,verb,to clap the hands.
palaktakún,NN,noun,"riddle, problem."
palamanúg,VB,verb,"to swell, to have black and blue marks."
palangána,NN,noun,basin.
palángga’,NN,noun,"beloved, sweetheart, favorite."
palángga’,VB,verb,"to love, to care for."
pálapála,NN,noun,trellis.
palasárun,NN,noun,"project, plan."
palásyu,NN,noun,palace.
pálay,NN,noun,rice plant.
paláyas,NN,noun,awning.
pála’,VB,verb,"to erase with an eraser, to wipe out."
pálhit,VB,verb,"to smear over, to plaster on to."
palíbut,RB,adverb,around.
pálid,VB,verb,to be blown away.
paligu’,VB,verb,see ligu’.
palíhug,VB,verb,to please.
palítu,NN,noun,tooth pick.
pálpag,VB,verb,"to strike or hit with something, to drive a nail."
pálsu,VB,verb,"to fail, to disappoint, to be unsuccessful."
pálta,VB,verb,to be absent.
paltéra,NN,noun,midwife.
pálu,NN,noun,masthead of a ship.
pálung,VB,verb,"to put out, to extinguish, to blow out."
palús,VB,verb,"to slip off, to free from grip."
pamáhaw,NN,noun,"breakfast, snack."
pamáhaw,VB,verb,"to eat breakfast, to eat a snack."
pamalándung,VB,verb,"to meditate, to contemplate."
pamángkut,NN,noun,question.
pamángkut,VB,verb,to ask a question.
pamantalá’an,NN,noun,newspaper.
pamatán’un,NN,noun,youth.
památbat,VB,verb,"to speak with authority, to lead a group in prayer, to sentence as a judge."
památi’,VB,verb,to listen.
pamugún,VB,verb,"to earn, to work at a job."
pamulúgsu’,VB,verb,to gesticulate wildly and talk angrily.
pamulut,VB,verb,frequentative of púlut
pamús’un,VB,verb,to move the bowels.
pamuyayaw,VB,verb,frequentative of buyáyaw
pamuyayaw,VB,verb,to curse and swear
panaderíya,NN,noun,bakery.
panagsarí’,NN,noun,predicate.
panag’íya,VB,verb,"to own, to acquire, to obtain."
panahún,NN,noun,"weather, climate."
panakáyun,VB,verb,"to sail, to take the boat."
panakot,NN,noun,a spice
panakot,NN,noun,(archaic) ingredient
panakot,NN,noun,"(archaic) medicine, drug"
panákut,NN,noun,"ingredients, spice."
panálgan,NN,noun,storey.
panambítun,VB,verb,"to sigh, to mourn, to cry."
panámkun,VB,verb,"to conceive, to crave for something while conceiving."
pananglitan,NN,noun,"an analogy , example , or illustration"
pananglítan,CC,conjunction,"supposing, in case, if."
panáptun,NN,noun,cloth.
pánas,VB,verb,"to rub off, to erase, to wipe out."
paná’,NN,noun,"arrow, bow."
paná’ug,VB,verb,"to go down, to go downstairs."
pang-…-un,VB,verbal affix,ginpangumústa akú ni presidénte márcos.
pangabáy,VB,verb,"to request, to ask a favor."
pangabúdlay,NN,noun,"effort, hard work."
pangabúdlay,VB,verb,"to work hard, to try to accomplish, to put effort into."
pangabúhi’,NN,noun,"life, way of life."
pangádyi’,NN,noun,"prayer, meditation."
pangádyi’,VB,verb,"to pray, to meditate, to contemplate."
pangáku’,NN,noun,"promise, oath, sworn statement."
pangáku’,VB,verb,"to swear, to promise, to commit."
pangáku’,NN,noun formative,magliwát.
pangalikog,NN,noun,a probe
pangalikog,VB,verb,frequentative of kalíkog
pangamúyu’,NN,noun,"prayer, supplication."
pangamúyu’,VB,verb,"to pray, to supplicate, to entreat god."
panganud,NN,noun,cloud
pangánud,NN,noun,cloud.
pangáyaw,VB,verb,"to migrate, to transfer to a place temporarily, to move to a new place."
pangáyu’,NN,noun,"request, demand, thing asked for."
pangáyu’,VB,verb,"to ask, to request, to demand."
pánggas,VB,verb,"to sow, to plant seeds by hand."
panginhásun,NN,noun,"sea shell, clam."
pangíta’,NN,noun,"wage, earnings."
pangíta’,VB,verb,"to look for, to search."
pángpang,NN,noun,"brink, edge, coast, area close to a river or sea."
pangúlu,NN,noun,"president, chief, leader."
panihúl,NN,noun,whistle.
panihúl,VB,verb,"to whistle, to be whistled at."
panílag,VB,verb,"to watch, to scout, to observe surreptitiously."
pánit,NN,noun,"skin, leather, bark."
pánit,VB,verb,"to skin, to peel off."
paní’id,NN,noun,"experience, observation."
paní’id,VB,verb,"to observe, to experience."
pani’údtu,NN,noun,lunch.
pani’údtu,VB,verb,to eat lunch.
pánsit,NN,noun,cooked noodles with mixed vegetables and dumplings.
pantalón,NN,noun,pair of pants.
pantálya,NN,noun,dummy.
panúgyan,NN,noun,"suggestion, recommendation."
panuláy,NN,noun,"evil, devil, temptation."
panyága,NN,noun,lunch.
panyága,VB,verb,to eat lunch.
panyápun,NN,noun,"supper, dinner."
panyápun,VB,verb,"to eat supper, to dine."
pányu’,NN,noun,handkerchief.
papá,NN,noun,father.
pápa,NN,noun,roman catholic pope.
pápas,VB,verb,"to exterminate, to destroy."
papél,NN,noun,paper.
pára,CC,conjunction,for.
paráda,NN,noun,"parade, parking."
paráda,VB,verb,"to hold a parade, to park a vehicle."
parakáyda,NN,noun,parachute.
paralísis,NN,noun,"paralysis, loss of sensation on any part of the body."
paralítiku,NN,noun,"paralytic, crippled person."
párapu,NN,noun,paragraph.
para’ísu,NN,noun,paradise.
parého,RB,adverb,"same, similarly."
parého,VB,verb,"to be the same, to be similar."
parílya,NN,noun,broiling grill.
páris,NN,noun,"pair, look-alike."
pári’,NN,noun,"priest, minister, preacher."
parmásya,NN,noun,"pharmacy, drug store."
parmasyotika,NN,noun,pharmacist.
párti,NN,noun,"part, division, piece."
párti,RB,adverb,"about, in relation to."
partído,NN,noun,political party.
parúl,NN,noun,"lantern, christmas lanterns."
parút,VB,verb,to miss a card in gambling.
paryente,NN,noun,relative synonym: kakiliran
paryénte,NN,noun,"relative, cousin."
pásad,VB,verb,"to establish, to erect, to put up."
pasagí’,JJ,adjective,simple.
pasáhe,NN,noun,"passage, trip.;  passenger."
pasahi,JJ,adjective,"extraordinary , exceptional , remarkable"
pasahi,JJ,adjective,"uncommon , noteworthy"
pasahi,NN,noun,passage
pasahi,NN,noun,fare or ticket
pasahi,NN,noun,passage ( of a book )
pasahi,NN,noun,anecdote ( of one's own life )
pasahi,VB,verb,"the act of being extraordinary , to complete a task in an extraordinary fashion"
pasák,NN,noun,fern.
pasamáno,NN,noun,window sill.
pasápása,VB,verb,to pass on from one hand to another.
pasapórte,NN,noun,passport.
pasár,VB,verb,"to pass through, to be over, to go by."
pasáw,NN,noun,croton plant.
pasáy,VB,verb,to eat the main meat course without rice.
pasáylu,VB,verb,"to forgive, to excuse."
pasénsya,NN,noun,"forgiveness, excuse."
pasénsya,VB,verb,"to forgive, to excuse."
pasílyo,NN,noun,"aisle, corridor."
pasimpálad,VB,verb,"to take the risk, to chance it."
pásis,NN,noun,free pass.
paskíl,NN,noun,"placard, billboard."
páskwa,NN,noun,christmas.
páslaw,VB,verb,"to be caught red-handed, to fail, to lose."
páspas,VB,verb,"to cut down as of trees, to fell many trees."
passinhon,NN,noun,resident or inhabitant of passi
passinhon,JJ,adjective,of or pertaining to passi
pásta,NN,noun,"paste, tooth filling."
pásta,VB,verb,"to paste on, to fill a tooth cavity."
pastór,NN,noun,"shepherd, parish priest."
pasulábi,VB,verb,"to prefer, to esteem, to give priority."
pásung,NN,noun,native sack of woven palm leaves with the volume content of one cavan.
pásu’,NN,noun,"burn, scorch on a person’s skin."
pásu’,VB,verb,"to get burned, to get scorched."
pásyar,NN,noun,"stroll, walk."
pásyar,VB,verb,"to take a walk, to stroll."
pasyénte,NN,noun,sick patient.
pás’an,VB,verb,"to bear on the shoulder, to carry on the shoulder."
patadyúng,NN,noun,native wrap-around skirt.
pátag,JJ,adjective,"of land, plain, even, level."
patalum,VB,verb,to sharpen or hone a blade
patani,NN,noun,lima beans
patáni’,NN,noun,pea pod.
patarásak,JJ,adjective,eccentric.
pátas,RB,adverb,"equally, evenly."
pátas,VB,verb,"to come out equal, to result in a tie."
patatas,NN,noun,potato
patáwad,NN,noun,"excuse, clemency, pardon."
patáwad,VB,verb,"to give clemency, to pardon, to forgive, to excuse."
patay,JJ,adjective,dead antonym: buhi
patay,NN,noun,"the dead body of a person; cadaver ; corpse synonyms: lawas , bangkay"
patáy,NN,noun,"dead person, dead plant or animal, corpse.;  death."
patáy,VB,verb,"to kill, to put to death."
páti,VB,verb,"to believe, to obey, to be convinced."
pating,NN,noun,dove ; pigeon
patíng,NN,noun,"pigeon, dove."
patís,NN,noun,fish sauce made from marinated shrimps or fish.
patí’,RB,adverb,"including, also, with, together with."
pátpat,VB,verb,"to explain, to interpret, to translate."
patron,NN,noun,patron saint
pátu,NN,noun,duck.
patugsíling,NN,noun,"consideration, thoughtfulness."
patugsíling,VB,verb,"to be considerate, to think of other’s feelings."
pátuk,VB,verb,"to begin to do, to invent, to create, to start, to organize."
patumbayá’,VB,verb,"to neglect, to abandon."
patúnda’,NN,noun,warning.
patúpátu,NN,noun,"fabrication, lie, made-up story."
patúyang,VB,verb,"to expose extravagantly, to show-off."
pátyu,NN,noun,"cemetery, tomb."
pát’in,VB,verb,"to sign, to mark, to enter in the list."
pát’ud,VB,verb,"to be sure, to make sure."
pawíkan,NN,noun,sea turtle.
payág,NN,noun,"small hut, hovel."
paya’ún,JJ,adjective,childish.
payong,NN,noun,umbrella
páypay,VB,verb,"to fan for air, to beckon to, to call back with a hand gesture."
páyung,NN,noun,"umbrella, parasol."
páyung,VB,verb,to wear an umbrella.
pá’a,NN,noun,thigh.
pa’álam,VB,verb,"to warn, to tell beforehand."
pa’ánu,RB,adverb,how.
pa’ayún,VB,verb,"to go towards, to make for, to point at."
pa’ílub,VB,verb,"to bear patiently or humbly, to give way, to give the chance to others."
pa’ínu’ínu,NN,noun,"thought, idea."
pa’ínu’ínu,VB,verb,"to think, to have the idea of."
pa’ít,NN,noun,bitterness.
pa’ít,JJ,adjective,bitter.
pa’íway,VB,verb,"to repel, to avoid, to be careful of."
pá’pa’,VB,verb,"to hammer, to strike a nail."
pa’úli’,VB,verb,"to go home, to go back to the house."
pa’úmud,VB,verb,"to abstain, to exercise patience."
pa’ún,NN,noun,"bait, decoy."
pá’un,VB,verb,"to isolate, to separate, to set aside."
pa’úna,VB,verb,"to allow to go ahead, to be first."
pelígro,NN,noun,"risk, danger."
pelikula,NN,noun,pellicle ; film
pelikula,NN,noun,film ; movie ; motion picture
pensyón,NN,noun,pension.
pensyón,VB,verb,"to give a pension, to support through a pension."
péras,NN,noun,pear.
peregríno,NN,noun,pilgrim.
pérlas,NN,noun,pearl.
péro,CC,conjunction,"but, however."
personál,JJ,adjective,personal.
peryódiko,NN,noun,newspaper.
pesétas,NN,noun,twenty centavo coin.
pétsa,NN,noun,"date, day of the week and month of the year."
petsay,NN,noun,chinese cabbage ( either napa cabbage or bok choy )
pidáso,NN,noun,"piece, one part, one bite."
pigaw,JJ,adjective,"frail , weak"
pígaw,JJ,adjective,"frail, weak."
pígaw,VB,verb,"to become weak, to become frail."
pigtot,NN,noun,coccyx ; tailbone
pígus,VB,verb,"to oppress, to exploit."
pihák,NN,noun,"other side, reverse, pair, half."
pihák,VB,verb,"to cut in two parts, to divide in half."
píhpih,VB,verb,to brush off with the hand.
pikít,JJ,adjective,"of clothes, tight."
pikoy,NN,noun,parrot
píkpik,VB,verb,"to pet, to pat on the back."
pikún,JJ,adjective,"short-tempered, ill-natured."
pikúy,NN,noun,parrot.
pilá,RB,adverb,"how much, how many."
píla,NN,noun,"line, queue."
píla,VB,verb,to stand in line.
pilak,NN,noun,silver
pilak,VB,verb,to throw
pilák,VB,verb,"to throw, to cast away."
pílak,NN,noun,"silver, coin, silver money."
pilás,NN,noun,"wound, bruise, soreness."
pildoras,NN,noun,pill
pílduras,NN,noun,"medicine tablets, pill."
píli,NN,noun,choice.
píli,VB,verb,"to choose, to select, to elect."
pílik,VB,verb,"of animals, to quiver, to shake."
pilikulá,NN,noun,"movie film, movie show."
pililion,NN,noun,"nominee , one who is worthy or desirable to be chosen"
pilipínas,NN,noun,philippines.
pilipíno,NN,noun,"filipino, citizen of the philippines."
pilít,JJ,adjective,"sticky, clammy."
pilít,VB,verb,"to stick on, to paste on."
pílit,VB,verb,"to insist, to urge, to force, to compel."
pilósopo,NN,noun,"philosopher, smark aleck."
pílpil,VB,verb,"to weigh down, to put a weight on top."
pilú’,NN,noun,"fold of the dress, hem."
pilú’,VB,verb,"to fold over, to make a fold."
pimyénta,NN,noun,red or white pepper.
pina-,JJ,adjective formative,formative affix designating superlative degree quality.
pínggan,NN,noun,"plate, dish."
piníkas,NN,noun,"one piece, sliced piece, cut up pieces."
pínsar,NN,noun,"thought, idea."
pínsar,VB,verb,"to think of, to have the idea that."
pínta,NN,noun,paint.
pínta,VB,verb,"to paint, to cover with paint."
píntal,NN,noun,"bar, bolt."
píntal,VB,verb,"to bolt, to bar an opening."
píntas,JJ,adjective,"cruel, harsh, brutal."
pintór,NN,noun,painter.
píntuk,NN,noun,"dot, blot."
pínu,JJ,adjective,"fine, dainty, skilled product."
pínu,VB,verb,"to refine, to produce something of fine workmanship, to smoothen."
pínya,NN,noun,pineapple.
pípa,NN,noun,tobacco pipe.
pípa,VB,verb,to smoke a pipe.
pipínu,NN,noun,cucumber.
pirásu,NN,noun,"piece, one part."
piríku,NN,noun,parrot.
pírma,NN,noun,signature.
pírma,VB,verb,"to sign, to put one’s signature to."
pírme,RB,adverb,"always, constantly."
pírut,VB,verb,"to wink, to squint the eye."
písan,JJ,adjective,"diligent, industrious."
pisára,NN,noun,blackboard.
písga’,VB,verb,"to pinch, to press, to squeeze to extract liquid."
pisík,VB,verb,"to fly off or jump off, of shrimps and fish, to make a quick and sudden movement, to flip."
pisíl,VB,verb,"to compress, to grip, to press, to press with the fingers."
písi’,NN,noun,"string, cord."
písngi,NN,noun,cheek.
písngu’,NN,noun,"sob, sobbing sound."
písngu’,VB,verb,to sob after weeping.
písos,NN,noun,peso bill.
píspis,NN,noun,bird.
písta,NN,noun,"fiesta, religious feast day of a saint, variant of pyésta."
písti,NN,noun,"epidemic, pest, plague, drought."
pisúk,NN,noun,moment.
pisúk,VB,verb,to bat an eye.
pisú’,NN,noun,chick.
pitáka,NN,noun,"purse, handbag."
pitála’,NN,noun,bolt.
pitík,NN,noun,"beating, throbbing, flick."
pitík,VB,verb,to flick another person with a finger.
pítla’,JJ,adjective,gibberish.
pítsil,NN,noun,pitcher.
pitú,CD,numeral,seven.;  seventh; /napulug-/ seventeen; /ka-…-an/ seventy.
pítu,NN,noun,whistle.
pítu,VB,verb,"to blow a whistle, to whistle."
piyansa,NN,noun,( law ) bail
piyansa,VB,verb,( law ) to bail ; to post bail
píyung,VB,verb,"to shut, to close the eye."
pi’áng,JJ,adjective,"lame, cripple."
pi’áng,VB,verb,"to become lame, to become crippled, to limp."
pí’pi’,VB,verb,to pat with the hand.
pí’ud,VB,verb,to fold.
pí’ut,JJ,adjective,"tight, crowded."
pí’ut,VB,verb,"to become tight, to breathe with difficulty."
pláka,NN,noun,phonograph record.
planéta,NN,noun,planet.
plántsa,NN,noun,dry iron.
plántsa,VB,verb,to iron with a dry iron.
plánu,NN,noun,plan.
plánu,VB,verb,to plan.
plása,NN,noun,"park, plaza."
pláster,NN,noun,"plaster, band aid."
platéro,NN,noun,goldsmith.
platíto,NN,noun,saucer.
pláto,NN,noun,"dinner plate, dish."
pléte,NN,noun,"fare, ticket for a plane or boat or bus ride."
plúma,NN,noun,fountain pen.
pluméru,NN,noun,feather duster.
pobre,JJ,adjective,poor
pobre,NN,noun,a beggar ; a mendicant
póbre,JJ,adjective,"poor, humble, unpretentious."
póbre,NN,noun,poverty.
polbora,NN,noun,gunpowder
pomáda,NN,noun,"pomade, men’s hair dressing."
porsyénto,NN,noun,"percentage, interest."
póste,NN,noun,"post, column."
postúŕa,JJ,adjective,"dressed up, elegant, smartly dressed."
posturyóso,JJ,adjective,"chic, dressy, elegantly dressed."
pototanon,NN,noun,resident or inhabitant of pototan
pototanon,JJ,adjective,of or pertaining to pototan
premyo,NN,noun,prize synonym: padya
prémyo,NN,noun,"prize, reward."
prénda,VB,verb,to pawn.
préno,NN,noun,"brake of a vehicle, stop."
préno,VB,verb,"to put on the brakes, to stop."
presentár,VB,verb,"to present oneself, to introduce, to give as a gift."
presidénte,NN,noun,president.
présyo,NN,noun,"price, cost price, selling price, cost."
pribádo,JJ,adjective,private.
pribilíhiyu,NN,noun,privilege.
primabéra,NN,noun,spring.
primo,NN,noun,male cousin ( of any degree of cousinhood )
prímo,NN,noun,cousin.
prinsipál,NN,noun,school principal.
príso,NN,noun,prisoner.;  prison.
príso,VB,verb,"to put in prison, to imprison."
príto,JJ,adjective,fried.
príto,VB,verb,"to fry, to cook in oil."
probár,VB,verb,"to prove, to give proofs."
probinsya,NN,noun,province
probínsya,NN,noun,"province, state, political division."
probléma,NN,noun,problem.
prográma,NN,noun,program.
propesór,NN,noun,professor.
propeta,NN,noun,prophet
protésta,NN,noun,"protest, complain."
protésta,VB,verb,"to complain, to protest."
prupíta,NN,noun,prophet.
prútas,NN,noun,fruit.
pruwéba,NN,noun,"proof, evidence."
públiku,NN,noun,public.
púdag,VB,verb,to stamp the feet in anger.
púgad,NN,noun,nest.
púga’,VB,verb,to squeeze so as to extract liquid.
pugún,NN,noun,"stove, native oven made of clay."
pugúng,VB,verb,"to repress, to stop, to control."
púgut,VB,verb,"to cut off the head, to behead."
púhag,VB,verb,"to break open, to release the gate, to disturb one’s peace."
púhun,VB,verb,"to conspire, to plot."
puká,VB,verb,"to stay up late at night, to have a late night."
púkan,VB,verb,to cut a tree down.
pukatúd,NN,noun,elevation.
púkaw,VB,verb,"to rouse, to waken."
púkpuk,VB,verb,"to beat, to hammer down, to hit on the head."
púksi’,VB,verb,"to pick flowers, to tear off."
pulá,JJ,adjective,"red, crimson."
pulá,VB,verb,"to color with red, to turn red, to blush."
púlak,VB,verb,"to fall off the tree or plant, to wither and fall."
puláw,VB,verb,"to stay awake so as to watch, to have a late night."
púlbura,NN,noun,gun powder.
púlbus,NN,noun,"powder, face powder, dusting powder."
pulgáda,NN,noun,inch.
púli,VB,verb,"to take sides in a fight, to ally with."
púling,VB,verb,to have a foreign object in the eye.
pulís,NN,noun,"policeman, cop."
púlpug,VB,verb,to drive or mash with a hammer.
pulséras,NN,noun,bracelet.
púlsu,NN,noun,pulse.
pulu,NN,noun,island ; isle ; islet synonym: isla
púlu,NN,noun,handle of a knife.
púlung,NN,noun,"message, word, advice."
púlung,VB,verb,"to express oneself, to give a speech, to give an advice."
pulús,NN,noun,"usefulness, profit, advantage, benefit."
pulut,JJ,adjective,( of rope ) firmly twisted
pulut,JJ,adjective,( of liquid ) thick
pulut,VB,verb,to thicken
pulut,VB,verb,to pick up from the floor or ground
púlut,VB,verb,to pick up from the ground.
púlu’,NN,noun,island.
púlu’,CD,numeral,variant of napúlu’.
pumpyáng,NN,noun,cymbal.
púnaw,VB,verb,"to faint, to feel dizzy."
púna’,NN,noun,net.
púna’,VB,verb,"to trap in a net, to weave a net."
púnda,NN,noun,pillow case.
pungá,JJ,adjective,nasal manner of speech.
púnggud,NN,noun,"pimple, blemish."
púnggul,VB,verb,"to cut off from the plant, to prune."
pungko,VB,verb,to sit synonym: lingkod
pungku’,VB,verb,to sit down.
púngpung,NN,noun,"bundle, bunch, bouquet of flowers."
púngpung,VB,verb,"to bundle, to tie into a bundle."
púngsud,NN,noun,"country, nation, community."
puní,NN,noun,decoration.
puní,VB,verb,"to decorate, to deck."
punoan,NN,noun,"( of authorities ) chief , head"
punse,NN,noun,a mixed alcoholic drink
púnta,NN,noun,"tip, edge, end."
púntus,NN,noun,"score, point."
púnung,NN,noun,fishpond.
punú’,JJ,adjective,full to capacity.
punú’,VB,verb,to fill to capacity.
púnu’,NN,noun,"tree trunk, leader, chief."
punú’an,NN,noun,"beginning, start, authority, leader."
púnyus,NN,noun,"wrist, cuff."
puok,NN,noun,"district , territory"
puok,NN,noun,place
puol,NN,noun,snail
púrma,NN,noun,"form, shape."
púru,RB,adverb,"purely, all."
púrung,NN,noun,"crown, veil, head cover."
púsad,VB,verb,"to pace up and down angrily, to stamp the feet in anger."
pusá’,VB,verb,"to break, to crack."
púsdak,VB,verb,"to throw down, to drop with considerable force."
púsnga,NN,noun,"snort, pant."
púsnga,VB,verb,"to breathe through the nostrils, to snort."
puspurú,NN,noun,"match, match stick."
pústa’,NN,noun,"stake, bet."
pústa’,VB,verb,"to bet, to put up as stake."
púsud,NN,noun,"navel, belly button."
púsu’,NN,noun,"heart, banana flower."
púswit,VB,verb,"to burst through a small opening with force, especially of liquids."
pús’ang,VB,verb,"to throw down on the floor, to put down with a bang."
pús’un,NN,noun,abdomen.
putí’,JJ,adjective,"white, fair in complexion.;  white."
pútul,VB,verb,"to sever, to cut off."
pútul,JJ,adjective,"severed, cut, broken off."
putús,NN,noun,"wrapper, cover."
putús,VB,verb,"to wrap, to tie into a package, to pack."
putút,JJ,adjective,"of people, short."
putyúkan,NN,noun,beehive.
puyú,NN,noun,"mudfish, freshwater fish."
púyu,NN,noun,"cloth sack, cloth bag with a drawstring."
púyus,VB,verb,"to bind, to wrap up."
puyú’,VB,verb,"to live, to dwell, to reside."
pú’as,VB,verb,"to calm, to ease, to become less strong."
pu’ása,NN,noun,fasting.
pu’ása,VB,verb,"to fast, to abstain from eating regular meals for penance."
pú’pu’,VB,verb,"to pluck from the plant or tree, to pick, to harvest."
pu’úd,NN,noun,"country, nation."
pu’úk,NN,noun,place.
pu’út,VB,verb,"to lie for ambush, to hide, to conceal."
pwéde,RB,adverb,"all right, can be, its possible, certainly, yes."
pwérta,NN,noun,"door, gate."
pwertáhan,NN,noun,door.
pyáno,NN,noun,piano.
pyánsa,NN,noun,"bond, bail money."
pyánsa,VB,verb,"to set bail, to bail out, to put a bond."
pyé,NN,noun,one foot measure.
pyérde,VB,verb,"to be defeated, to lose, to give up."
pyésas,NN,noun,spare parts.
pyésta,NN,noun,"fiesta, religious feast of a patron saint which is celebrated with pomp and carnivalistic tradition."
ra-ing,JJ,adjective,"dirty , grimy , soiled . sullied"
ra-ing,NN,noun,"dirt , grime"
rabanús,NN,noun,radish.
rábrab,VB,verb,"to tear off, to rip."
rádyo,NN,noun,radio.
rámas,VB,verb,"to rub, to scrape off."
ramay,NN,noun,rice
rami,JJ,adjective,"pliable , soft"
ramig,JJ,adjective,cold
rántsu,NN,noun,ranch.
rason,NN,noun,"faculty of thinking , reasoning ( of thought )"
rason,NN,noun,"explanation , account"
rásras,VB,verb,"to slash, of clothing, to slit or to take out the stitching."
ráyna,NN,noun,"queen, empress."
rebólber,NN,noun,"gun, revolver."
regálo,NN,noun,"gift, present."
regálo,VB,verb,to give a present.
reklámo,NN,noun,"complaint, discontent."
reklámo,VB,verb,to complain.
relihion,NN,noun,religion
reló,NN,noun,"time piece, wrist watch."
relyéno,NN,noun,stuffed chicken or fish.
rénda,NN,noun,bridle.
rénta,NN,noun,rent.
rénta,VB,verb,"to rent, to hire."
repólyo,NN,noun,cabbage.
representánte,NN,noun,"representative, congressman."
reputasyon,NN,noun,reputation.
resíbo,NN,noun,receipt.
resíta,NN,noun,prescription of a doctor.
resúlta,NN,noun,"result, conclusion."
retobádo,JJ,adjective,"naughty, impish."
retráto,NN,noun,"picture, snapshot."
réyna,NN,noun,queen.
rikádo,NN,noun,"seasoning, spice."
rílis,NN,noun,"train rail, railroad tracks."
rimís,JJ,adjective,"delicious, tasty."
rípa,NN,noun,"raffle, lottery."
ritásu,NN,noun,remnant.
románsa,NN,noun,romance.
rósa,JJ,adjective,pink.
rosál,NN,noun,gardenia.
rósas,NN,noun,rose flower.
rúmpag,VB,verb,"to destroy, to ruin, to take apart."
rúsdak,VB,verb,"to collapse, to fall over."
rwéda,NN,noun,wheel.
sa,RB,adverb,"by, on, at, in, relational particle."
sábad,JJ,adjective,"noisy, troublesome."
sabadó,NN,noun,saturday.
sabak,NN,noun,lap
sabak,VB,verb,to sit on one's lap
sábak,NN,noun,lap.
sábak,VB,verb,to sit on the lap.
sabat,NN,noun,answer ; reply
sabát,NN,noun,"response, answer."
sabát,VB,verb,"to respond, to answer."
sabáw,NN,noun,"broth, soup."
sába’,VB,verb,"to beat double time, to beat violently."
sabila,NN,noun,aloe
sáblag,VB,verb,"to compromise, to meet half way."
sablay,VB,verb,to hang clothing over a chair
sáblay,VB,verb,to hang clothes or cloth.
sablayan,NN,noun,clothesline
sáblig,VB,verb,"to douse with water, to sprinkle water."
sábnit,VB,verb,"to snatch, to grab with force."
sabtanay,VB,verb,to answer
sabúd,VB,verb,"to scatter, to sow."
sábwag,VB,verb,"to scatter, to sow."
sábya,VB,verb,"to splash with water, to douse with liquid or powder, to throw at something."
sáb’it,VB,verb,"to hang to accidentally, to put on."
sáb’ug,VB,verb,"to scatter, to sow."
sadsad,VB,verb,to trip ; to skip ; to dance ; to step nimbly or lightly
sadsad,VB,verb,to step on; to put one's foot upon
sadsad,VB,verb,to be supported by; to be founded by
sádtu,DT,deictic,those (far from both the speaker and the listener).
sádtu,RB,adverb,"before, in the past."
sádya,NN,noun,"happiness, joy, cheer."
sádya,JJ,adjective,"happy, cheerful, joyful."
sag-ang,NN,noun,( anatomy ) chin
sagad,NN,noun,specialist
sagahay,JJ,adjective,overflowing
sagáhay,VB,verb,"to overflow, to pour out abundantly."
sagáng,VB,verb,"to prevent, to protect oneself, to defend."
sagawák,VB,verb,to burst out suddenly as water through a faucet.
sagaynon,NN,noun,resident or inhabitant of sagay
sagaynon,JJ,adjective,of or pertaining to sagay
ságbut,NN,noun,"rubbish, grass."
saging,NN,noun,banana ; plantain
ságing,NN,noun,banana.
sagír’um,JJ,adjective,"dim, doleful."
ságnuy,VB,verb,"to drag in the water while cruising, to dunk in water."
sagúd,VB,verb,"to take care of animals, to raise animals."
sagup,VB,verb,"rescue , save"
sagúp,VB,verb,"to save, to rescue."
sagupra,JJ,adjective,rough
ságyud,VB,verb,"to trail behind as a train, to be too long so as to touch the floor or ground."
ság’a,VB,verb,"to throw out water, to drain."
ság’ang,NN,noun,chin.
ság’ub,VB,verb,"to draw water from a well, to fetch water."
sag’úli’,NN,noun,"loose coins, change in coins."
sag’úli’,VB,verb,"to be reconciled, to give loose change."
sáha’,NN,noun,"bulb, seedling, young plant grown from the root of the mother plant."
sahí’,JJ,adjective,"special, distinct, distinguished."
sahúg,VB,verb,"to disturb, to interrupt."
sahú’,VB,verb,"to be accustomed to, to get along well."
sakáda,NN,noun,seasonal worker.
sakadéro,NN,noun,sugarcane field laborer.
sakáy,VB,verb,"to ride, to board."
sakayanon,NN,noun,"mariner , sailor , seaman"
sáka’,VB,verb,"to enter, to go up, to ascend, to climb."
sákdag,VB,verb,"to help, to sustain, to support, to aid."
sakít,NN,noun,"illness, pain, grief, sorrow."
sakít,VB,verb,"to be painful, to be hurt, to feel bad about."
sakít,JJ,adjective,"painful, sorrowful."
sáklaw,VB,verb,to feel slighted.
sáksak,VB,verb,"to chop, to stab repeatedly, to cut into pieces."
sáksi,NN,noun,witness.
sáksi,VB,verb,"to testify, to witness."
sáku,NN,noun,"burlap bag, sack."
sákup,NN,noun,"subjects, members."
sákup,VB,verb,"to conquer, to be a member of, to enlist."
sákut,VB,verb,"to mix, to blend, to put together."
sáku’,NN,noun,"busyness, hurry."
sáku’,JJ,adjective,"busy, hurried."
sáku’,VB,verb,"to hurry, to keep occupied, to be busy."
sal-on,VB,verb,catch
sála,NN,noun,"livingroom, hall, lounge area."
salakay,NN,noun,invasion
salakay,NN,noun,overthrow
salakay,NN,noun,attack synonym: atake
salákay,VB,verb,"to overthrow, to attack."
salamángka,NN,noun,magic;  magician.
salaming,NN,noun,mirror synonym: espeho
salamíng,NN,noun,mirror.
salampáti,NN,noun,dove.
salamwanan,JJ,adjective,choosy
sálap,NN,noun,fish net.
salapi,NN,noun,"cash , coin"
salapi,NN,noun,fifty centavos
salápid,NN,noun,braid.
salápid,VB,verb,"to plait, to braid, to twist."
salapí’,NN,noun,fifty centavo piece.
salápu’,VB,verb,"to detect, to catch red-handed, to find."
salawáhan,JJ,adjective,"fickle, unfaithful."
saláwsaw,NN,noun,"examination, test."
salá’,NN,noun,"mistake, crime, sin, error."
salá’,VB,verb,"to make a mistake, to commit an error."
sála’,NN,noun,strainer.
sála’,VB,verb,"to strain, to sift."
salbabida,NN,noun,life preserver ; life jacket ; life buoy
salbáhe,JJ,adjective,"haughty, unfaithful, rogue."
salída,NN,noun,"show, movie show."
sálig,NN,noun,"trust, confidence."
sálig,VB,verb,"to trust, to confide in, to depend on."
saliká’,VB,verb,"to straddle, to sit astride."
salimpapáw,JJ,adjective,"superficial, hypocrite."
salimú’ang,JJ,adjective,delirious.
salimú’ang,VB,verb,"to be delirious, to rave."
salín,NN,noun,"remnant, left-over, scrap."
salín,VB,verb,"to leave something behind, to keep, to store for some other time."
salipádpad,VB,verb,"to fling, to throw away."
sálmon,NN,noun,"sardines, salmon."
sálmon,JJ,adjective,orange.
sálsal,VB,verb,"to forge, to hammer."
salsalon,NN,noun,iron
salsálun,NN,noun,"iron, metal."
salú,VB,verb,to catch.
sálu,VB,verb,"to eat together, to partake of a meal together."
sálud,VB,verb,to catch drops of water so as to gather in a container.
salúdu,NN,noun,"salute, bow."
salúdu,VB,verb,"to salute, to bow, to show respect."
salug,NN,noun,floor
salúg,NN,noun,floor.
sálug,VB,verb,"to mix, to mingle."
salúk,VB,verb,to dip or scoop out with the hand or a dipper or ladle.
sálum,VB,verb,"to dive for, to sink in."
sálup,VB,verb,"to go down, to disappear, to penetrate."
salusálu,VB,verb,"to have a feast, to hold a banquet."
sál’ut,VB,verb,"to insert, to get between."
samad,NN,noun,wound ; injury ; lesion
samad,JJ,adjective,wounded ; hurt ; injured
samad,VB,verb,to wound ; to hurt ; to injure
samád,NN,noun,"wound, injured part."
samád,VB,verb,"to wound, to injure, to destroy."
sámay,JJ,adjective,"striped, lined."
sámay,VB,verb,to line with stripes.
sambag,NN,noun,tamarind ( tamarindus indica )
sámbag,NN,noun,tamarind.
sámbil,VB,verb,to quirk.
sámbit,VB,verb,"to refer to, to mention."
sámbud,VB,verb,"to wind, to bind, to roll, to twist, to get entangled."
samit,VB,verb,taste
samí’,RB,adverb,"always, regularly."
samong,NN,noun,obstacle
sampaguíta,NN,noun,native jasmin.
sampal,NN,noun,slap on the face
sampátun,NN,noun,"expert, sage."
sámpuk,VB,verb,"to fight head to head, to fight in man-to-man combat."
sámput,VB,verb,"to come to, to reach, to arrive at."
sámtang,CC,conjunction,"meanwhile, while, meantime."
sámuk,NN,noun,"noise, trouble, bother."
sámuk,VB,verb,"to bother, to cause trouble, to make noise."
sámu’,VB,verb,"to dilute, to mix together."
sánag,JJ,adjective,"bright, shiny."
sánag,VB,verb,"to be clear, to shine."
sándad,VB,verb,"to knock over and fall, to stumble."
sánday,RP,particle,personal names nominal marker.
sándig,VB,verb,to lean on for support.
sandíya,NN,noun,"watermelon, watermelon seeds."
sandí’ay,VB,verb,to lean on.
sánduk,NN,noun,"ladle, big spoon."
sánduk,VB,verb,to dig or scoop out.
sáng,RP,particle,indefinite noun marker.
sanga,NN,noun,branch
sangá,NN,noun,"branch, bough, twig."
sanggá,NN,noun,"branch, twig, bough."
sánghid,VB,verb,"to touch lightly, to sidesweep."
sángkad,NN,noun,"width, breadth, broadness."
sángkap,JJ,adjective,"well-equipped, complete."
sángkap,NN,noun,"furniture, devices, things, equipment."
sángkap,VB,verb,"to furnish, to provide with, to equip."
sánglit,CC,conjunction,"even if, meanwhile."
sánlag,VB,verb,"to fry, to cook in oil."
sansaw,NN,noun,grass jelly
sansaw,NN,noun,grass jelly drink
sansaw,NN,noun,light ; easy ; without worry or trouble sánsaw gid ang ákon ólo. i am perfectly at ease. sánsaw na ang íla hunâhúnà. they do not worry any longer.
sánting,JJ,adjective,"of string or ropes, tight."
sántu,NN,noun,variant of sántus.
sántus,NN,noun,saint.
sántus,JJ,adjective,"saintly, holy."
sántu’,VB,verb,"to harmonize, to agree, to be of the same opinion."
sán’u,RB,adverb,when.
sapák,VB,verb,"to pay attention to, to mind."
sápat,NN,noun,insect.
sapatéro,NN,noun,shoemaker.
sapatos,NN,noun,shoe
sapátus,NN,noun,shoe.
sapá’,NN,noun,"creek, brook, lake."
sapá’sápa’,NN,noun,"lagoon, man-made brook or creek."
sapding,VB,verb,"touch , graze , come in contact with"
sápsap,VB,verb,"to chop so as to make even, to smoothen."
sapú,VB,verb,"to discover, to find out."
sápul,VB,verb,"to confer, to talk things over."
sapúpu,VB,verb,to take care of.
sapút,VB,verb,"to arrive, to reach."
saramaylo,JJ,adjective,confused
saramaylo,JJ,adjective,"awkward , clumsy , dull , stupid"
saráng,VB,verb,"to be able, to be possible, to be capable of, to be able to afford."
sarí,NN,noun,"class, kind."
sárisári,JJ,adjective,"different, of mixed kinds, combined."
sársa,NN,noun,"sauce, gravy."
sarsyádo,NN,noun,"meat dish of chicken, pork or meat with a little gravy."
sarút,NN,noun,"pest, plague, epidemic."
sástre,NN,noun,tailor.
sát’um,VB,verb,"to know, to recognize."
sawáy,NN,noun,"brass metal, criticism."
sawáy,VB,verb,"to criticize, to correct, to mention so as to correct."
sáwsaw,VB,verb,"to soak, to put into, to dip."
sáw’a,JJ,adjective,"immoral, indecent."
sáya,NN,noun,long skirt of old women.
sayásat,VB,verb,"to investigate, to check, to diagnose."
saylo,VB,verb,to go over ; to change place
saylo,VB,verb,to pass by
sáylu,VB,verb,"to transfer, to move over."
sáysay,VB,verb,"to relate, to explain, to describe."
sáysay,NN,noun,"history, story, explanation."
sáyud,VB,verb,"to know, to discover, to hear about."
sayúp,VB,verb,"to commit an error, to be at fault."
sá’ad,NN,noun,"promise, vow."
sá’ad,VB,verb,"to vow, to promise."
sa’úlu,VB,verb,"to memorize, to remember."
sa’úlug,VB,verb,to celebrate.
sá’ut,NN,noun,dance.
sá’ut,VB,verb,to dance.
sebuáno,NN,noun,"language spoken principally in agusan, bohol, bukidnon, cebu, davao, lanao del norte, the eastern half of leyte, misamis occidental, negros, oriental, surigao, zamboanga del norte, zamboanga del sur, and in some towns in cotabato."
séda,NN,noun,silk.
segúro,NN,noun,insurance.
sekretaŕya,NN,noun,secretary.
sekréto,NN,noun,secret.
sélyo,NN,noun,"stamp, postage."
semana,NN,noun,week
semána,NN,noun,week.
seménto,NN,noun,"cement, concrete."
senádo,NN,noun,senate;  senator.
sentábos,NN,noun,"one centavo, one centavo coin."
sentimós,NN,noun,"centavo coin, one centavo, one cent."
sentimyento,NN,noun,sentiment
séntro,NN,noun,"center, middle."
septyémbre,NN,noun,september.
serbésa,NN,noun,beer.
serbilyéta,NN,noun,table napkin.
seremonya,NN,noun,ceremony
seremónya,NN,noun,ceremony.
seréno,NN,noun,watchman.
serip,NN,noun,sheriff
seténta,CD,numeral,seventy.
séys,CD,numeral,six.
seysénta,CD,numeral,sixty.
si,RP,particle,personal name marker.
sibat,NN,noun,spear
sibát,NN,noun,"spear, lance."
sibín,NN,noun,wash cloth.
sibín,VB,verb,to wipe with a towel or wash cloth.
sibít,NN,noun,straight pin.
sibít,VB,verb,"to use a pin, to tuck together with a pin, to prick with a pin."
síbu,NN,noun,grease.
síbu,VB,verb,"to fit, to be enough."
sibuyas,NN,noun,onion
sibúyas,NN,noun,onion.
síbu’,NN,noun,"zero, nothing."
sid-o,NN,noun,hiccup synonym: sikdo
sid-o,VB,verb,to have a hiccup synonym: sikdo
sidlangan,NN,noun,east synonym: mulud-an
sidlangan,JJ,adjective,east ; eastern
sidlángan,NN,noun,east.
síd’ing,VB,verb,"to peep, to look in for a little while."
sielo,NN,noun,"heaven , firmament , sky synonym: langit"
síga,NN,noun,"glow, shine."
síga,VB,verb,"to shine, to give a glow."
sigahúm,VB,verb,"to desire, to hanker after."
sigarílyo,NN,noun,cigarette.
sígi,RB,adverb,"okay, alright, go ahead."
sígi,VB,verb,"to go ahead, to go on, to continue."
sígput,VB,verb,"to take up small particles, to collect the leavings."
sígu,VB,verb,"to fit, to join perfectly."
sigúro,RB,adverb,"maybe, perhaps."
sigúro,JJ,adjective,"certain, for sure."
siháy,VB,verb,"to be different, to be in contrast, to separate from."
sihigún,NN,noun,rod.
síkad,VB,verb,to kick with the foot.
sikdo,NN,noun,hiccup synonym: sid-o
sikdo,VB,verb,to have a hiccup synonym: sid-o
siko,NN,noun,elbow
sikréta,NN,noun,detective.
síku,NN,noun,elbow.
síku,VB,verb,"to elbow, to nudge."
sikúp,VB,verb,"to catch with the hands, as of fish."
síkway,VB,verb,"to reject, to abandon, to jilt, to leave behind, to cast out."
silá,PRP,pronoun,they (third person plural nominal pronoun).
sílak,NN,noun,"rays of the sun, heat of the sun."
sílak,VB,verb,to shine brightly.
sílaw,JJ,adjective,"glaring, extremely shiny, blinding."
sílhig,NN,noun,broom.
sílhig,VB,verb,to sweep.
síli,NN,noun,eel.
silíng,NN,noun,"saying, talk, words."
silíng,VB,verb,"to talk about, to say, to mention."
síli’,JJ,adjective,"brilliant, smart."
sílu,JJ,adjective,square.
sílung,NN,noun,"basement, shelter."
sílung,VB,verb,to take shelter.
sílut,VB,verb,"to punish, to condemn."
símba,VB,verb,"to worship, to go to church, to pay homage to."
símba,NN,noun,church.
simbóryo,NN,noun,"dome, belfry."
símbug,VB,verb,"to mix, to dilute liquids."
símpli,JJ,adjective,"simple, ordinary."
símpun,VB,verb,"to join, to be together with."
sín,NN,noun,galvanized iron.
siná’,DT,deictic,"those, (far from the speaker)."
síndi,NN,noun,"flame, light."
síndi,VB,verb,"to light, to put a match to."
sinelas,NN,noun,slipper ; flip-flop
síng,RP,particle,variant of sang.
sínggit,NN,noun,shout.
sínggit,VB,verb,"to shout, to howl."
sínghut,NN,noun,"sniff, smell."
sínghut,VB,verb,"to sniff, to smell closely."
singíl,NN,noun,"sprout, seedling."
singíl,VB,verb,"to sprout, to germinate."
singít,NN,noun,"pole, pole with a hook for gathering fruits."
singkamás,NN,noun,turnip.
síngki’,JJ,adjective,"corny, unaccustomed, unsophisticated."
síngko,CD,numeral,five.
síngko,NN,noun,five centavo piece.
singkwénta,CD,numeral,fifty.
síngsing,NN,noun,ring.
siní,DT,deictic,these.
síni,NN,noun,"movie theatre, movie film."
sínsil,NN,noun,chisel.
sinsílyo,NN,noun,"small change, coins."
síntas,NN,noun,"strip, ribbon of film."
sinú’,VB,verb,to shake so as to feel the sound.
sínyal,NN,noun,"sign, symbol, gesture."
sínyal,VB,verb,"to make a sign, to gesticulate, to beacon."
sínyas,NN,noun,"hint, cue, gesture, sign."
sínyas,VB,verb,"to give the cue, to call, to give a hint."
sín’u,PRP,pronoun,who.
sip-on,NN,noun,wet nasal mucus ; snot
sip-on,NN,noun,"( pathology ) cold synonyms: hilanat , kalentura"
sip-onon,NN,noun,sniveler ; sniffler
sip-onon,JJ,adjective,having a runny nose ; snot-nosed
sipák,VB,verb,to separate from.
sipála,VB,verb,"to insult, to scorn."
sípa’,NN,noun,"kick, filipino game of kick ball."
sípa’,VB,verb,to kick.
sipílyo,NN,noun,toothbrush.
sípit,VB,verb,to carry under the arm.
sipí’,NN,noun,"one piece, one piece of an orange."
síplat,NN,noun,"glance, stolen glimpse."
síplat,VB,verb,to steal a look at.
síp’un,NN,noun,"cold, running nose."
sirá,NN,noun,"lock, bar."
sirá,JJ,adjective,"closed, locked."
sirá,VB,verb,"to close, to lock."
sirgwélas,NN,noun,tropical plum.
sirip,NN,noun,sheriff
sirirítan,NN,noun,cricket.
sír’um,NN,noun,"dark, dusk."
sistéma,NN,noun,system.
sítsit,VB,verb,"to hiss at, to produce a long hissing sound so as to call attention."
sítyu,NN,noun,political and area division smaller than a barrio or village.
síwil,NN,noun,"twig, young sprout."
síya,NN,noun,"chair, saddle."
siyám,CD,numeral,nine.
si’úd,NN,noun,"fish trap, loop."
si’úd,VB,verb,"to trap fish, to gather fish from a si’úd."
sóbra,RB,adverb,"over, too much."
sóbra,NN,noun,"lift-over, balance."
sóbra,VB,verb,to be more than necessary.
sóbra,VB,verb,"to add together, to get the sum."
sobre,NN,noun,envelope
sobre,NN,noun,excess
sóbre,NN,noun,envelope.
sokla,NN,noun,silk
solang,NN,noun,( anatomy ) chin
soldado,NN,noun,soldier
soldádo,NN,noun,soldier.
soltéro,NN,noun,single man of age fifteen and up.
sopá,NN,noun,"couch, sofa."
sorbéte,NN,noun,ice cream.
soríso,NN,noun,sausage.
suba,NN,noun,river
subáng,NN,noun,oldest child.
subay,NN,noun,ant
subáy,NN,noun,"ant, red ant."
subá’,NN,noun,river.
súbli’,VB,verb,"to inherit, to be heir to."
súbli’,NN,noun,"legacy, heritage; /mang-/ heir."
subong,RB,adverb,now
súbul,VB,verb,"to cast out, to drive away, to renounce."
subúng,RB,adverb,"now, like, similarly."
subú’,NN,noun,"sadness, sorrow, loneliness."
subú’,JJ,adjective,"sad, lonely, sorrowful."
subú’,VB,verb,"to become sad, to feel lonely."
súd’an,NN,noun,"main course of a meal, viand to go with rice during a meal."
sugál,NN,noun,"gambling, risk."
sugál,VB,verb,"to gamble, to take the risk."
súgat,VB,verb,to fetch people.
sugatá’,VB,verb,"to encounter, to meet accidentally, to come from different directions."
sugá’,NN,noun,"light, electric bulb."
súgba,VB,verb,"to roast, to broil, to broil directly on top of live coal."
súgbu,VB,verb,"to jump overboard, to dive into."
súghaw,VB,verb,"to glean, to pick after a reaper."
súgid,NN,noun,"disclosure, story."
súgid,VB,verb,"to tell, to disclose."
sugilánun,NN,noun,"story, conversation."
sugilánun,VB,verb,"to tell a story, to converse with."
sugod,VB,verb,to begin
súgpa’,VB,verb,to spit blood.
súgpu,NN,noun,lobster.
súgpun,NN,noun,"connection, adjoining part, continuation."
súgpun,VB,verb,"to adjoin, to connect, to continue."
súgud,NN,noun,"start, beginning."
súgud,VB,verb,"to start, to begin, to commence."
sugút,NN,noun,"agreement, contract."
sugút,VB,verb,"to consent, to agree, to allow, to permit."
súgu’,NN,noun,"command, request."
súgu’,VB,verb,"to request, to command, to decree."
súgyut,VB,verb,"to urge on, to induce, to provoke."
súhul,NN,noun,"salary, pay."
súhul,VB,verb,"to pay wages, to give salary to."
súhut,VB,verb,"to creep through, to go under, to crawl through a narrow passage."
súhut,NN,noun,bribe.
súka,NN,noun,"spew, vomit."
súka,VB,verb,"to vomit, to throw up."
súkat,NN,noun,measurement.
súkat,VB,verb,to measure.
súka’,NN,noun,vinegar.
súki’,NN,noun,"favorite customer, favorite salesman."
súksuk,NN,noun,"apparel, dress, house lizard."
súksuk,VB,verb,"to wear a garment, to put on, to don."
sukúb,VB,verb,to measure the quantity of.
sukút,NN,noun,"payment, price, collection."
sukút,VB,verb,"to collect, to ask for payment."
súk’ay,VB,verb,"to dig up earth, to turn up earth with a hand tool."
súlab,NN,noun,blade.
sulábi,VB,verb,"to pet, to discriminate, to prefer, to distinguish."
sulát,NN,noun,"handwriting, letter."
sulát,VB,verb,to write.
suláy,VB,verb,"to tempt, to induce, to do otherwise."
súlda,VB,verb,to weld together.
súlhay,JJ,adjective,"comfortable, at ease."
súlhay,NN,noun,"comfort, ease."
súlhay,VB,verb,"to become easy, to live in comfort."
súlip,VB,verb,"to pass under the house, to dive."
súlit,VB,verb,"to test, to repeat, to do again."
sulí’,VB,verb,to turn upside down.
sulod,NN,noun,alternative form of sulud
sulog,NN,noun,rooster
súlsul,VB,verb,"to press on, to insist."
súlu,RB,adverb,"alone, solely."
sulúd,NN,noun,"inside, room."
sulúd,VB,verb,"to enter, to go inside, to put inside."
súluk,NN,noun,corner.
súlung,VB,verb,"to inspect, to raid."
sulusakayán,NN,noun,"toy boat, paper boat."
sulú’,NN,noun,torch.
súl’ub,VB,verb,"to dress, to put on a dress, to wear a garment."
súma,NN,noun,"sum, addition."
súma,VB,verb,to add up.
sumalayhaw,NN,noun,cockerel ; young cock
súman,NN,noun,sticky cooked rice wrapped in banana leaf.
súmbag,VB,verb,"to box, to hit with the fist."
súmbung,VB,verb,"to denounce, to accuse, to report."
súmpa’,NN,noun,"oath, sworn statement, vow."
súmpa’,VB,verb,"to take an oath, to swear, to make a big promise."
súmpung,VB,verb,"to oppose, to resist, to fight, to have an argument with."
súm’ud,VB,verb,"to loathe, to have more than enough so as to feel boredom, to cloy."
sun-adan,NN,noun,fireplace
sundang,NN,noun,a type of bolo knife
sundáyag,VB,verb,"to publish, to display, to explain."
sungay,NN,noun,horn
súngay,NN,noun,horn.
súngay,VB,verb,"to gore, to pierce with a horn."
súnggud,VB,verb,"to sulk, to resent, to be disappointed so as to sulk."
súnggu’,VB,verb,"to bump into, to crash against, to knock hard against something."
súngka’,NN,noun,"filipino game of stones, appeal."
súngka’,VB,verb,to appeal a case in the upper court.
súngsung,NN,noun,"stopper, cork."
súngsung,VB,verb,to close an opening with a stopper or a cork.
súngu,NN,noun,antennae of insects.
sunlog,NN,noun,tease
súnlug,NN,noun,"teasing, joke."
súnlug,VB,verb,to tease.
súnsun,JJ,adjective,"frequent, often."
súntuk,VB,verb,"to pierce, to thrust, to go through."
sunúd,RB,adverb,next.
sunúd,VB,verb,"to go after, to follow, to tag along."
sunúd,NN,noun,"rules, laws, guidelines; /-lu-…-un/ leader, example, model, rules."
sunúdsunúd,RB,adverb,one after another.
sunúdsunúd,VB,verb,"to tail, to tag along, to keep on following after."
súnug,NN,noun,"fire, dest ctive burning."
súnug,VB,verb,"to set fire to, to burn, to raze."
sunú’,CC,conjunction,according to.
súpas,NN,noun,soup.
superbisór,NN,noun,supervisor.
supládu,JJ,adjective,"stubborn, over-bearing."
súpsup,VB,verb,"to sip in, to suck, to absorb."
supúg,JJ,adjective,"rabid, contagious, furious."
supúk,VB,verb,"to contradict, to oppose, to fight someone smaller in size or younger in age."
supút,VB,verb,"to gather or collect in small amounts, to be against someone smaller in size."
súput,NN,noun,paper sack or bag.
súrsi,NN,noun,"darning, patch."
súrsi,VB,verb,"to darn, to patch."
sús,UH,interjection,"oh, my goodness, wow."
súsi’,VB,verb,"to investigate, to look into, to try to discover, to research."
suspendér,VB,verb,"to suspend, to reprieve."
susténto,NN,noun,"sustenance, maintenance."
súsu,NN,noun,"mammary gland, breast."
súsu,VB,verb,to nurse from the breast or bottle.
sutíl,JJ,adjective,"naughty, mischievous."
sútsut,VB,verb,"to prod from below with a very little force, to make a hissing sound to call attention."
suyak,NN,noun,thorn
súyup,VB,verb,"to absorb, to suck in, to breathe in."
sú’ay,VB,verb,"to debate, to dispute, to disobey."
sú’ay,JJ,adjective,"disobedient, hostile."
swélas,NN,noun,"of shoes, sole."
swéldo,NN,noun,"salary, pay, wage."
swéldo,VB,verb,"to pay wages, to receive a salary."
swérte,NN,noun,"luck, fate."
swérte,JJ,adjective,lucky.
syá,PRP,pronoun,"he, she, it (third person singular nominal pronoun)."
syápa,NN,noun,badge.
syén,CD,numeral,hundred.
syénsya,NN,noun,science.
syérto,RB,adverb,"certainly, surely."
syéte,CD,numeral,seven.
syudád,NN,noun,"city, metropolis."
ta,PRP,pronoun,short form of nátun.
taas,NN,noun,height
tabáku’,NN,noun,"tobacco, cigar."
tabáku’,VB,verb,"to smake a cigar, to chew tobacco."
tában,NN,noun,"to run away with, to take away, to elope."
tábang,NN,noun,"help, aid, succor."
tábang,VB,verb,"to assist, to help."
tábas,VB,verb,"to sew, to cut cloth."
tába’,VB,verb,to buy land or fields.
tabíd,VB,verb,"to link together with a rope or string, to attach to."
tabínas,NN,noun,embarrassment.
tabís,NN,noun,"penalty, fine."
tablétas,NN,noun,"medicine tablet, pill."
tábug,VB,verb,"to drive away, using arm gestures."
tabúk,VB,verb,"to go across, to cross over."
tabún,NN,noun,cover.
tabún,VB,verb,to cover with something.
tabú’,NN,noun,"dipper, can used to scoop out water;  case, event, happening."
tabú’,VB,verb,"to happen, to occur, to come to pass."
tábu’,VB,verb,"to come together, to meet purposely, to fetch from an airport or pier."
táb’ang,JJ,adjective,"tasteless, of liquid consistency, light, mild."
tádlung,JJ,adjective,straight.
tádlung,VB,verb,to straighten.
tádtad,VB,verb,"to chop, to mutilate."
tádyaw,NN,noun,native clay jar designed to hold water.
tag,NN,noun formative,noun formative affix designating type of work done by a person.
tag,RP,particle,adverbial formative affix designating quantity or value.
tagá,VB,verb,"to be from, to come from, to originate from."
tagálog,NN,noun,"language spoken principally in the greater manila area, and in bata’an, bulacan, occidental mindoro, oriental mindoro, quezon and rizal provinces."
tagám,VB,verb,"to beware, to be careful of, to take the risk."
tagám,NN,noun,"danger, risk."
tagasák,VB,verb,"to make a slapping sound, to resound, to make a dripping sound like the rain."
tágay,VB,verb,"to put out, to offer."
tagbaláy,NN,noun,"owner of the house, host, or hostess."
tágbang,VB,verb,to cast overboard.
tághul,NN,noun,"howl, dog bark."
tághul,VB,verb,"to howl, to bark like a dog."
tághuy,VB,verb,"to wail, to sigh."
tagiposoon,NN,noun,heart synonym: kasingkasing
tagíptip,NN,noun,mildew.
tagipusoon,NN,noun,alternative form of tagiposoon
tagipusuon,NN,noun,alternative form of tagiposoon
tagna,NN,noun,foretell ; forecast
tágna’,NN,noun,"guess, prediction, prophecy, forecast."
tágna’,VB,verb,"to foretell, to predict, to guess."
tagpilá,RB,adverb,how much.
tágring,NN,noun,"resonance, ringing sound as of a telephone."
tágring,VB,verb,"to ring, to resound."
tágsa,RB,adverb,"each, each one, per person."
tágsatágsa,NN,noun,"everyone, each one, one by one."
tágsing,JJ,adjective,"oxytone, sonorous."
tágtag,VB,verb,"to distribute, to apportion."
tagúb,NN,noun,"sheath, scabbard."
tagudíli’,VB,verb,"to condemn, to damn."
tagúm,JJ,adjective,blue.
tágu’,VB,verb,"to hide, to store away, to conceal."
tag’íya,NN,noun,"owner, possessor."
tahál,VB,verb,to sharpen a pencil.
táhaw,VB,verb,"to become mild, to lose alcohol content, to be flat."
tahí’,NN,noun,"sewing, stitch."
tahí’,VB,verb,to sew.
táhud,NN,noun,"respect, honor, courtesy."
táhud,VB,verb,to show respect or courtesy.
tahum,NN,noun,"beauty , prettiness , attractiveness"
tahum,JJ,adjective,"beautiful , pretty , attractive , gorgeous , lovely"
tahúm,JJ,adjective,"beautiful, pretty."
tahúm,NN,noun,"beauty, effulgence."
tákam,VB,verb,to munch or chew noisily.
tákas,NN,noun,"land, dry land."
tákas,VB,verb,"to disembark, to go ashore, to go out of the water."
tákdung,VB,verb,to cover the head.
táklad,VB,verb,"to ascend, to climb over an obstacle."
táklap,VB,verb,"to cover, to put or lay upon."
táklas,VB,verb,"to climb up a steep or uncleared path, to climb over an obstacle."
táklung,NN,noun,snail.
táklus,VB,verb,to hang an object around the hip or waist with a belt.
tákna’,NN,noun,"hour, moment."
táktak,VB,verb,"of petals or leaves, to fall one by one."
takúd,VB,verb,"to put on, to connect, as of electric wire, to install."
takúp,NN,noun,"cover, stopper."
takúp,VB,verb,"to cover, to put a cover on."
takuri,NN,noun,kettle
takús,NN,noun,"fit, measure, dimension."
tak’an,VB,verb,"to get disgusted with, to get bored, to become weary, to get tired of."
talágsa,RB,adverb,"rarely, scarcely, seldom."
talámnan,NN,noun,"field, garden."
tálang,VB,verb,"to miss the way, to lose one’s way."
talástas,NN,noun,"edict, proclamation."
talástas,VB,verb,"to know, to understand, to proclaim."
tálaw,JJ,adjective,"chicken-hearted, coward."
talá’id,RB,adverb,"evenly distributed, evenly done."
talikúd,VB,verb,"to turn one’s back upon, to abandon, to desert."
talimbabága,NN,noun,centipede.
talíthi’,NN,noun,"drizzle, shower."
talíwan,VB,verb,"to bypass, to catch up and then leave behind, to overtake."
talong,NN,noun,eggplant ( us ) ; aubergine ( uk )
táltal,VB,verb,to loosen especially with a jackscrew or a hammer.
talúdtud,NN,noun,ridge.
talúm,JJ,adjective,sharp as of knives and blades.
talúm,NN,noun,sharpness.
talúng,NN,noun,eggplant.
talyér,NN,noun,repair shop for cars.
tál’as,VB,verb,to run away.
tál’us,VB,verb,"to take another’s place, to substitute for someone."
tamád,JJ,adjective,"idle, lazy, indolent."
tamáwu,NN,noun,"dwarf, elf."
tamáy,VB,verb,"to despise, to contempt."
táma’,RB,adverb,"correct, well, extremely, excessively."
táma’,VB,verb,"to be correct, to fit into, to adjust well."
támbal,NN,noun,"medicine, cure, remedy;  doctor, quack doctor."
támbal,VB,verb,"to cure, to remedy."
tambalihán,NN,noun,chameleon.
támbi,VB,verb,"of sewing, to sew a small piece to a bigger piece of cloth, to have enough material."
támbuk,NN,noun,"fatness, stoutness."
támbuk,JJ,adjective,"fat, stout, obese."
támbung,VB,verb,"to attend, to be present."
támbur,NN,noun,drum.
támbu’,NN,noun,bamboo shoot.
tamíng,NN,noun,"armor, shield."
támpad,JJ,adjective,"frank, candid."
támpad,VB,verb,"to confront, to be frank, to divulge."
tampálas,VB,verb,to insult.
tampálas,JJ,adjective,cruel.
támpa’,NN,noun,slap on the face.
támpa’,VB,verb,to slap on the face.
támpi,VB,verb,"to put on an apron, to put something over the dress so as to cover it."
tampis,NN,noun,"apron , skirt"
támpis,NN,noun,"apron, piece of cloth worn over the skirt for decoration."
tampok,NN,noun,elite
támpuk,VB,verb,"to fill up a hole, to cover a hole."
tampulanga,NN,noun,( botany ) hibiscus
tamúd,VB,verb,to look upon.
támwa,VB,verb,to peep out of.
támyaw,VB,verb,"to greet, to entertain."
tám’is,NN,noun,sweetness.
tám’is,JJ,adjective,sweet.
tanan,JJ,adjective,all
tanán,PRP,pronoun,"all, everybody, everything."
tanang,JJ,adjective,"overripe , rotten"
tanáng,JJ,adjective,ripe.
tandaan,NN,noun,"sign , signal"
tandaan,NN,noun,"mark , note"
tánda’,NN,noun,"mark, line, indication."
tandog,VB,verb,"feel , touch"
tándug,VB,verb,"to touch, to move around."
tándus,JJ,adjective,excellent.
tangá,NN,noun,cockroach.
tangá’,VB,verb,"to look up, to look stupid, to have a blank stare."
tangis,VB,verb,to cry ; to weep ; to lament
tangis,NN,noun,cry ; weep ; lament
tángis,NN,noun,"cry, lament."
tángis,VB,verb,"to cry, to lament."
tángki,NN,noun,tank container.
tangkugo,NN,noun,( anatomy ) nape
tangkugo,VB,verb,to hit at the nape
tangkúgu’,NN,noun,nape of the neck.
tángla’,VB,verb,to look up.
tangú’,NN,noun,"nod, nodding movement of the head."
tangú’,VB,verb,to nod the head for assent.
tangú’tángu’,VB,verb,to nod the head repeatedly to show assent.
tanhaga,JJ,adjective,"extraordinary , marvelous , wonderful"
tanhaga,NN,noun,"marvel , wonder"
táni’,RB,adverb,"if possible, perhaps, possibly."
tánsya,NN,noun,"estimate, prediction."
tánsya,VB,verb,"to estimate, to predict the quantity."
tanúm,NN,noun,plant.
tanúm,VB,verb,"to plant, to allow to grow."
tanyag,VB,verb,"offer , proffer"
tányag,NN,noun,offer.
tányag,VB,verb,"to offer as a bonus, to offer."
tán’aw,VB,verb,"to see, to watch, to look at."
tápak,NN,noun,"foot mark, footfall."
tápak,VB,verb,"to tread barefooted, to step on."
tapan,VB,verb,to level or make even
tápán,JJ,adjective,"flat, plain, level."
tapás,VB,verb,"to cut down a big plant or tree, to chop down."
tapát,VB,verb,"to resolve, to tell the truth, to be frank."
tapík,VB,verb,"to transfer to, to stick to, to move over."
tápi’,NN,noun,"wood, board, lumber."
táplik,VB,verb,"to flick, to jerk, to flick on the sides."
tápnay,VB,verb,"to carry or hold in the arms, to cradle in the arms like a baby."
tápna’,VB,verb,to stop.
tapúk,JJ,adjective,"brittle, delicate, non-durable."
tápuk,VB,verb,"to throw away, to cast away to a far off place, to deport."
tapús,JJ,adjective,"finished, completed."
tapús,VB,verb,"to finish, to complete."
tapútapú,NN,noun,dust.
tápu’,NN,noun,"association, group, club."
tápu’,VB,verb,"to join together as a group, to associate, to group together."
tarasak,JJ,adjective,thoughtless ; careless
tarasak,JJ,adjective,happy-go-lucky ; nonchalant
tarhéta,NN,noun,"card, identification."
társo,NN,noun,"clown, joker."
tárung,NN,noun,"reason, excuse."
tárung,VB,verb,"to behave well, to straighten up."
tása,NN,noun,drinking cup.
tásak,VB,verb,"to put on one’s foot, to step into."
táslaw,JJ,adjective,coward.
tástas,VB,verb,"to separate, to take off stitching after sewing, to remove stitching by a blade or any sharp instrument."
tátap,VB,verb,"to look after, to take care of, to attend to."
tatay,NN,noun,"father, respect form for older male relatives."
tátlu,CD,numeral,three;  third; /ka-…-an/ thirty; /napulug-/ thirteen.
tawág,NN,noun,"call, telephone call, beacon."
tawág,VB,verb,"to call, to beacon."
táwgi,NN,noun,mongo bean sprouts used as vegetable.
táwhay,JJ,adjective,"peaceful, with ease, slow."
tawo,NN,noun,a man ; a person ; a human
táwtaw,VB,verb,"to drop and pull a fish hook into the water, to cast a hook in the water."
táwu,NN,noun,man.
táwu,VB,verb,to be born.
tay,NN,noun,variant of tátay.
taya,NN,noun,"bet , wager"
taya,VB,verb,to shield
taya,VB,verb,to take a defensive position
tayá’,NN,noun,"stake, bet."
tayá’,VB,verb,"to bet, to put up as stake."
tayobong,NN,noun,"a type of plant, the roots are used for making glue and starch"
tayoyon,JJ,adjective,"continuous , steady , without pause"
táytay,NN,noun,bridge.
tayúbung,NN,noun,starch.
táyug,JJ,adjective,high up in the air.
tayún,VB,verb,"to funnel, to fill a bottle with liquid."
tayuyon,JJ,adjective,alternative spelling of tayóyon
tayúyun,JJ,adjective,easy.
táy’ug,VB,verb,"to tremble, to shake."
tá’as,JJ,adjective,tall.
tá’as,VB,verb,"to grow tall, to raise, to increase."
tá’ub,NN,noun,"tide, high tide."
téla,NN,noun,cloth.
telebísyon,NN,noun,television.
telegráma,NN,noun,telegram.
telegráma,VB,verb,to send a telegram.
telepono,NN,noun,telephone
telepono,VB,verb,to call or telephone another person
teleponó,NN,noun,telephone.
teleponó,VB,verb,to call on the telephone.
témpla,NN,noun,"flavor, mixture, consistency."
témpla,VB,verb,"to mix, to tamper for consistency."
tempráno,RB,adverb,early.
tenér,VB,verb,"to stay, to live in, to reside."
tenyénte,NN,noun,lieutenant.
teolohia,NN,noun,theology
térno,NN,noun,"matching coat and pants for men, matching shoes, handbag and dress for ladies, formal long native costume of filipinas with butterfly sleeves."
tesorero,NN,noun,treasurer
tesoréro,NN,noun,treasurer.
testígo,NN,noun,"witness, testimony."
testígo,VB,verb,"to witness, to testify."
tibakla,NN,noun,grasshopper
tibákla,NN,noun,grasshopper.
tibáw’as,VB,verb,"to escape, to set free."
tíbsuk,VB,verb,to fall down head first.
tibunog,JJ,adjective,"fat , plump , stout"
tibúnug,JJ,adjective,"healthy, robust."
tíb’ung,VB,verb,"to raise, to lift."
tig,RP,particle,variant of tag.
tig-…-la-,NN,noun formative,noun formative affix designating season of abundance or plurality.
tigána,NN,noun,left-overs.
tigána,VB,verb,"to leave for later, to store away, to stock for later use."
tigayún,VB,verb,"to become a reality, to make possible, to bring about."
tígbas,VB,verb,to cut off with considerable force so as to make only one stroke.
tígdas,JJ,adjective,"severe, rigid, strict."
tigíb,NN,noun,chisel.
tigilinit,NN,noun,summer
tiglawás,NN,noun,"representative, congressman, spokesman."
tigre,NN,noun,tiger.
tigúlang,JJ,adjective,"of people, old."
tigúlang,VB,verb,"to grow old, to age."
tíg’a,JJ,adjective,"hard, solid."
tíg’a,VB,verb,"to become hard, to solidify."
tíg’ang,VB,verb,"to set over the fire to cook, to cook steamed rice."
tig’ik,NN,noun,"shriek, choking sound."
tig’ik,VB,verb,to shriek.
tig…-li-,NN,noun formative,variant of .
tihín,VB,verb,to walk on tiptoe.
tiil,NN,noun,( anatomy ) foot
tiilan,JJ,adjective,the lower part of
tiilan,NN,noun,foot
tikáb,VB,verb,to open one’s mouth.
tíkal,VB,verb,"to talk too much, to prattle."
tikálun,JJ,adjective,"proud, vainglorious."
tikáng,NN,noun,"step, tread."
tikáng,VB,verb,"to step on, to walk, to tread."
tíkas,VB,verb,to steal.
tiki,NN,noun,common house gecko
tikling,NN,noun,crane
tíklud,VB,verb,"to push away, to push behind."
tíklup,VB,verb,to fold over.
tíkma’,VB,verb,"to shock, to jolt."
tikoy,NN,noun,nian gao ( a chinese new year cake made of glutinous rice flour )
tikú’,JJ,adjective,"crooked, bent, curved."
tikú’,VB,verb,"to become bent, to make crooked."
tiláw,VB,verb,"to taste, to try."
tililawan,NN,noun,"test , trial"
tilinguhaon,JJ,adjective,worthwhile
timaan,NN,noun,symbol
timawa,NN,noun,a citizen or member of a community
timawa,VB,verb,to free or liberate
timáwa’,NN,noun,"mass of poor people, masses, citizenry."
timá’an,NN,noun,"sign, signal, warning."
tímbang,NN,noun,"weight;  scale, balance."
tímbang,VB,verb,"to weigh, to balance."
timbangan,NN,noun,scale
timbangan,NN,noun,a constellation of stars
tímba’,NN,noun,bucket used to fetch water from a well.
tímba’,VB,verb,to draw water from a well.
timbolog,JJ,adjective,"round , spherical"
tímbre,NN,noun,"seal, stamp."
tímbre,VB,verb,"to seal with a seal, to mark, to earmark."
timbú’uk,VB,verb,"to whirl upward with speed, to soar."
tinápay,NN,noun,"bread, cookie."
tindak,NN,noun,kick
tindak,VB,verb,to kick
tíndak,NN,noun,kick.
tíndak,VB,verb,to kick.
tínday,NN,noun,calf.
tindéro,NN,noun,"vendor, salesman."
tíndug,NN,noun,"poise, stature."
tíndug,VB,verb,"to stand, to arise."
tinedór,NN,noun,fork.
ting-,NN,noun formative,noun formative affix designating season.
tingádlaw,NN,noun,summer.
tíngal,VB,verb,to force another’s mouth to open.
tingála,NN,noun,"wonder, surprise, amazement."
tingála,VB,verb,"to wonder, to be astonished, to be surprised."
tingá’,VB,verb,to breathe one’s last.
tínggas,JJ,adjective,"fleshy, plump, full."
tingkáya’,VB,verb,"to fall flat on one’s back, to slide down and fall on one’s back."
tingúb,VB,verb,"to come together, to combine, to put together."
tíngug,NN,noun,voice.
tíngug,VB,verb,"to make a sound, to speak after a stretch of silence."
tingúha’,NN,noun,"to attempt, trial."
tingúha’,VB,verb,"to try, to make great efforts to attain, to attempt."
tingulan,NN,noun,rainy season ; wet season ; monsoon season synonym: dagna
tiniklíng,NN,noun,filipino dance using bamboo poles.
tínlu’,NN,noun,"cleanness, purity, virginity."
tínlu’,JJ,adjective,"clean, pure."
tínta’,NN,noun,ink.
tíntin,VB,verb,"to canter, to walk carefully."
tinúla,NN,noun,vegetable soup.
tín’ad,VB,verb,to become prosperous.
tín’aw,NN,noun,"of water, clearness."
tín’aw,JJ,adjective,"of water, clear."
típdas,NN,noun,measles.
típhag,NN,noun,landslide.
típig,VB,verb,"to fold away, to deposit."
tipík,NN,noun,"bit, small piece, chip."
tipík,VB,verb,"to break in pieces, to chip off."
tipolon,JJ,adjective,"round , spherical"
típu,NN,noun,"poise, character type, personality."
típun,VB,verb,"to gather together, to assemble."
típus,NN,noun,typhoid fever.
tíra,VB,verb,"to fight, to box, to kick, to batter."
tiránte,NN,noun,pants suspenders.
tísa’,NN,noun,"chalk, brick."
tískug,JJ,adjective,stiff.
tísluk,VB,verb,to prick with a sharp or pointed end.
tístis,VB,verb,"to spite another out of envy, to backbite."
tisúk,VB,verb,to stick into.
titi,NN,noun,( anatomy ) breast
títi’,NN,noun,"nipple, feeding bottle."
títi’,VB,verb,"to suck the breast, to feed from a bottle."
título,NN,noun,"legal title, contract, title of ownership."
tíya,NN,noun,"aunt, respect term for older females."
tiyan,NN,noun,( anatomy ) abdomen ; belly ; paunch
tiyán,NN,noun,"stomach, abdomen."
tíyo,NN,noun,"uncle, respect form for older male persons."
tíyug,VB,verb,"to roam around, to turn around."
tiyúgtiyúg,NN,noun,"tramp, prostitute."
tí’,RP,particle,"well…, so, now then, you see, i told you so."
ti’áw,VB,verb,"to tease, to make a joke of."
ti’áwtí’aw,NN,noun,"joke, teasing."
ti’áyun,VB,verb,"to live together as husband and wife, to get along together, to be compatible in personality."
tí’id,VB,verb,to tread carefully or stealthily.
ti’íl,NN,noun,"feet, foot, leg."
ti’ún,NN,noun,"moment, a little while."
tódas,VB,verb,"to win all the tricks, to win the game."
tódo,JJ,adjective,"full speed, fast, full blast."
tómo,NN,noun,volume.
toneláda,NN,noun,ton.
too,JJ,adjective,"dexter , right"
tóre,NN,noun,"tower, steeple."
tornilyo,NN,noun,"a screw , specifically propeller screw"
toro,NN,noun,"bull , ox"
tóro,NN,noun,"ox, bull."
torpe,JJ,adjective,"slow , dull , or stupid"
torpe,JJ,adjective,"indecent , lewd"
tórpe,JJ,adjective,"sheepish, dense, unthinking."
tórpe,UH,interjection,"brat, stupid, dumb."
totál,NN,noun,"total, sum."
totál,CC,conjunction,"anyhow, anyway."
tóto’,NN,noun,endearment term for the eldest or the youngest boy in the family.
trabáho,NN,noun,"work, job."
trabáho,VB,verb,"to work, to do something."
trák,NN,noun,truck.
trámbya,NN,noun,trolley.
trángka,NN,noun,"lock, bar."
trángka,VB,verb,"to lock, to fasten securely."
trangkáso,NN,noun,"flu, influenza."
trapál,NN,noun,"canvas, tent."
trápo,NN,noun,"rag, wiper."
trápo,VB,verb,to wipe with a rag.
trayángulo,NN,noun,triangle.
trén,NN,noun,train.
trés,CD,numeral,three.
trése,CD,numeral,thirteen;  thirteenth.
tréynta,CD,numeral,thirty;  thirtieth.
tróno,NN,noun,throne.
trumpéta,NN,noun,"bugle, trumpet."
trúmpo,NN,noun,"top, child’s toy."
trúsu,NN,noun,log.
tsá,NN,noun,tea.
tséke,NN,noun,check.
tsinélas,NN,noun,slipper.
tsokoláte,NN,noun,"chocolate, brown color."
tsupér,NN,noun,"chauffer, driver."
tú,DT,deictic,"that younder, from atú."
tubás,VB,verb,"to harvest, to gather mature produce."
tubá’,NN,noun,fermented coconut drink.
tubá’,VB,verb,"to cut down a banana plant, to gather mature fruits."
túbbung,VB,verb,"to go down from a rural area to the town or city, to go to the seashore to buy fish."
tubig,NN,noun,water
tubig,VB,verb,to water
túbig,NN,noun,"water, liquid."
túbi’,NN,noun,variant of túb ig.
túblag,VB,verb,to disturb.
túbtub,RB,adverb,until.
tubú,NN,noun,sugarcane.
túbu,NN,noun,"pipe, tube."
tubúd,NN,noun,"leak, drop, flow."
tubúd,VB,verb,"to leak, to flow in small drops."
tubúg,VB,verb,to wallow in a mud hole as a carabao.
tubús,VB,verb,"to save, to redeem, to redeem a pawned item."
túbu’,NN,noun,growth.
túbu’,VB,verb,"to grow, to germinate, to sprout."
túb’uk,VB,verb,"to shoot up, to flare."
tudlo,NN,noun,( anatomy ) finger
tudlo sang dalaga,NN,noun,a type of banana
túdlu’,NN,noun,finger;  teaching.
túdlu’,VB,verb,"to point out, to teach."
tugák,VB,verb,to loosen.
tugálbung,VB,verb,to trap.
túgdang,VB,verb,"to dunk, to immerse, to dump."
túgda’,VB,verb,"to add to the length of the conversation, to enter into a conversation."
túgmaw,VB,verb,"to immerse, to wet in the water."
túgnaw,NN,noun,"coldness, cold."
túgnaw,VB,verb,to feel cold.
tugot,VB,verb,to allow
túgpa’,VB,verb,"to land, to alight from the air."
túgun,VB,verb,"to request to get, to give a message, to ask."
túgut,VB,verb,"to permit, to allow, to agree."
túgyan,VB,verb,"to entrust, to bestow."
túg’an,VB,verb,"to promise, to pledge."
tuháw,VB,verb,"to emerge, to appear."
túhay,JJ,adjective,"different, distinct."
túhay,VB,verb,"to become different, to deviate."
túhil,VB,verb,to poke with a stick.
tuhod,NN,noun,( anatomy ) knee
túhud,NN,noun,knee.
túhuy,VB,verb,to direct toward.
tuig,NN,noun,year
tuig-tuig,JJ,adjective,"yearly , annual : happening once a year"
túka,VB,verb,to turn.
tukád,VB,verb,"to ascend, to go up."
tukáp,VB,verb,to patch a hole.
tukár,NN,noun,sound of a musical instrument.
tukár,VB,verb,to play a musical instrument.
tukíb,VB,verb,to open a little in order to peep.
tuko,NN,noun,gecko
túksu’,VB,verb,to ask to recite in class.
túktuk,NN,noun,"beak, bill, rust."
túktuk,VB,verb,to get rusty.
tukúb,VB,verb,"of animals, to catch and eat, to take the bait."
tukúd,NN,noun,"cane, staff, support."
túkud,VB,verb,"to establish, to build, to put up."
tukún,NN,noun,pole used for support.
tukús,VB,verb,to bid.
tul-an,NN,noun,bone
túlad,RB,adverb,"same, alike."
tulak,VB,verb,to throw ; to pitch
tulak,VB,verb,to push away
tuláy,NN,noun,bridge.
túlda,NN,noun,"tent, canvas cover or roofing."
túlin,VB,verb,"to order, to command."
túlis,VB,verb,"to hold up, to steal."
túltug,VB,verb,"to strike, to beat, to pound with considerable force so as to make into powder."
túltul,VB,verb,"to know one’s way, to find one’s way."
tulúd,VB,verb,to push.
tulug,VB,verb,to sleep
tulug,NN,noun,sleep
túlug,NN,noun,"sleep, slumber."
túlug,VB,verb,"to go to sleep, to fall asleep."
túluk,NN,noun,"glance, look, glimpse."
túluk,VB,verb,"to gaze at, to glimpse."
tulún,VB,verb,"to swallow, to gulp down."
tulún’an,NN,noun,book.
túlu’,NN,noun,"one drop, one drip."
túlu’,VB,verb,"to drip, to leak, to fall in drops."
túl’an,NN,noun,bone.
túl’id,VB,verb,to survey.
túman,VB,verb,"to obey, to accomplish as requested."
túmba,VB,verb,"to fall, to stumble."
túmbaktúmbak,NN,noun,dragonfly.
túmban,VB,verb,"to kick, to stamp on."
túmbas,JJ,adjective,"equal to, the same amount."
túmbas,VB,verb,"to pay off, to put up an amount equal to what is at stake."
tumbayá’,VB,verb,"to neglect, to shake off responsibility."
túmbuk,NN,noun,"dot, period."
túmbuk,VB,verb,to put a period or a dot.
túmbu’,VB,verb,"to bound, to hop, to play with coins or bottle covers for head-or-tail game."
túmpi’,VB,verb,"to stack, to pile."
túmpuk,NN,noun,"pile, group."
túmpuk,VB,verb,"to pile up, to group together, to put on one pile."
túmud,VB,verb,to point at.
túm’uk,VB,verb,"to press down, to compress."
túna,VB,verb,"to give rise to, to be the cause of, to be the origin of."
túnaw,VB,verb,"to melt, to digest, to dissolve."
túnay,JJ,adjective,"real, genuine, actual."
túnda’,VB,verb,"to announce, to make public."
tungá’,NN,noun,"middle, center, half."
tungá’,RB,adverb,between.
tungá’,VB,verb,to divide in two.
tungá’túnga’,NN,noun,"bullseye, center, central figure."
túnghul,VB,verb,"to hand over, to deliver personally."
túngtung,VB,verb,"to put on top, to place upon."
tungúd,RB,adverb,"about, concerning, because."
tungúd,VB,verb,"to concern, to refer to."
tunok,NN,noun,thorn
túntu,JJ,adjective,"stupid, ignorant, unsophisticated."
túntu,UH,interjection,"you idiot, stupid."
túntun,VB,verb,"to lower down, to dangle."
túnu,NN,noun,musical tune.
túnud,VB,verb,"to disappear, to sink."
tunúg,NN,noun,"sound, tone."
tunúg,VB,verb,"to make a sound, to sound."
tunúk,NN,noun,"thorn, splinter."
tunúk,VB,verb,to be pricked with a thorn or splinter.
tún’ug,NN,noun,dew.
tuo,VB,verb,to believe
tuô,JJ,adjective,right ( as in a direction )
túpad,VB,verb,"to be at the side of, to sit beside someone."
tupá’,VB,verb,to fall down upon.
túpung,RB,adverb,equal in length.
túpung,VB,verb,to make equal in length.
tusíno,NN,noun,"homemade bacon, salted pork."
túsluk,VB,verb,"to pierce, to prick with a pointed end, to inject."
túsngaw,VB,verb,"to blast, to burst."
tústa,NN,noun,"toast, toasted bread or food."
tústa,VB,verb,"to toast, to make brown."
túsu,JJ,adjective,"cunning, sly, shrewd."
tús’un,VB,verb,to carry on the head.
tutál,NN,noun,total.
tutál,RB,adverb,"anyhow, anyway."
tútud,VB,verb,to set fire to.
tútum,VB,verb,to become reliable.
tutúnlan,NN,noun,throat.
túwang,VB,verb,"to help each other, to carry the load by sharing it with some others."
túwang,NN,noun,"shareholder, partner."
tuwáy,NN,noun,clam.
túytuy,VB,verb,"to guide, to lead."
tuyú,VB,verb,"to feel sleepy, to be drowsy."
túyub,VB,verb,to whirl around.
tuyu’,NN,noun,"intention, purpose, aim."
tuyu’,VB,verb,"to do intentionally, to plan for."
túyu’,NN,noun,soy sauce.
tú’ad,VB,verb,to accept one’s fault or error.
tu’álya,NN,noun,towel.
tú’aw,VB,verb,"to cry out, to exclaim."
tú’ig,NN,noun,year.
tú’igtú’ig,RB,adverb,"annually, yearly."
tú’tu’,VB,verb,to reproach.
tu’ú,NN,noun,right side.
tú’u,NN,noun,"belief, devotion."
tú’u,VB,verb,"to believe, to have the conviction."
tú’ud,JJ,adjective,"true, certain."
tu’ún,NN,noun,"studies, learning, school work."
tu’ún,VB,verb,"to study, to learn."
tyábaw,NN,noun,"yell, scream, outburst."
tyábaw,VB,verb,"to shriek, to scream."
tyánggi,NN,noun,small corner store which carries a little bit of everything.
tyémpo,NN,noun,"weather, climate, time."
tyénda,NN,noun,"open market, supermarket which carries every possible item."
úba,VB,verb,"to take off, especially clothing, to denude."
úbas,NN,noun,grape.
ubáy,VB,verb,"to guide, to direct."
úbi,NN,noun,violet yam.
ubú,NN,noun,cough.
ubú,VB,verb,"to cough, to have a cough."
úbug,VB,verb,"to wade, to walk in water."
ubús,RB,adverb,"below, under, beneath."
úbus,VB,verb,"to finish, to consume, to take the last bit."
údtu,NN,noun,noon.
ugá,JJ,adjective,dry.
ugá,VB,verb,"to dry, to get dry from heat."
ugáling,CC,conjunction,"maybe, perhaps, but."
ugáli’,NN,noun,"conduct, habit, behavior."
ugangan,NN,noun,parent-in-law
ugángan,NN,noun,father or mother-in-law.
uganút,JJ,adjective,tough.
ugát,NN,noun,vein.
ugayúng,NN,noun,"drawl, groan, moan."
úgbus,NN,noun,"of plants, bud."
ugís,JJ,adjective,"faded, worn out in appearance."
ugís,VB,verb,"to fade in color, to look over used."
ugtu,NN,noun,noon
úgtu,NN,noun,variant of údtu.
ugút,NN,noun,"irritation, chagrin, madness."
ugút,VB,verb,"to feel chagrined, to be irritated."
úguy’úguy,NN,noun,humming sound.
uhaw,NN,noun,thirst
úhaw,NN,noun,thirst.
úhaw,VB,verb,to feel thirsty.
uhú,UH,interjection,"see, look."
úkbung,NN,noun,"tip, extreme end."
úklab,VB,verb,"to separate from, to tear off from the surface, to detach."
ukún,CC,conjunction,or else.
uláklub,NN,noun,eyelid.
ulan,NN,noun,rain
ulán,NN,noun,rain;  rainy season.
uláng,NN,noun,"lobster, fresh water shrimp."
úlay,JJ,adjective,"chaste, virgin, pure."
úla’,VB,verb,"to spill out, to pour out."
úlhut,VB,verb,to pop out suddenly without warning.
ulihí,RB,adverb,late.
ulípun,NN,noun,"poor man, servant."
ulípun,JJ,adjective,poor.
ulí’,VB,verb,"to go home, to go back to the house."
úli’,VB,verb,"to return, to give back."
úli’,NN,noun formative,"ang ímu líbro, ha."
ulo,NN,noun,( anatomy ) head
ulod,NN,noun,worm
úlu,NN,noun,head.
úlu,VB,verb,"to head, to be master of, to chairman."
úlud,NN,noun,worm.
ulúnan,NN,noun,pillow.
ulús,NN,noun,"cloth, fabric."
ulú’úlu’,VB,verb,"to comfort, to win over, to talk kindly so as to win the favor of."
umá,NN,noun,"farm, cultivated field."
umágad,NN,noun,"daughter-in-law, son-in-law."
umál,JJ,adjective,blunt.
umpisá,NN,noun,"beginning, start."
umpisá,VB,verb,"to commence, to start."
úna,CD,numeral,one;  first.
úna,VB,verb,"to go ahead, to overtake."
úna,NN,noun formative,kamí kay kadúgay sa íla.
únat,JJ,adjective,"ductile, stretchable."
únat,VB,verb,to stretch.
unáy,JJ,adjective,"constant, stationary, permanent."
unáy,VB,verb,to become permanent.
úndang,VB,verb,"to finish, to stop."
ungál,NN,noun,"drawl, howl."
unsa,NN,noun,ounce
úntat,VB,verb,"to stop, to interrupt, to disrupt."
unúd,NN,noun,"flesh, meat, insides, contents."
únung,VB,verb,"to help out, to contribute towards the good end."
unús,NN,noun,storm.
upá,NN,noun,"bran, chaff."
úpak,NN,noun,"peeling, skin of fruits."
úpak,VB,verb,"to take the skin off, to peel."
upod,VB,verb,"to go with, to accompany"
upod,VB,verb,to be with
upod,VB,verb,to get along with
upod,RB,adverb,"too , also , as well as"
upod,RB,adverb,again
upod,NN,noun,companion synonym: kaupod
upúd,NN,noun,"companion, associate."
upúd,VB,verb,"to go along with, to tag along."
urang,NN,noun,shrimp ; prawn
urok,NN,noun,young pig ; piglet
úrung,VB,verb,"to stop in surprise, or admiration."
úrung,NN,noun formative,’urungán si mário pagkakíta’ niya kay mára.
usa,NN,noun,deer
usá,NN,noun,deer.
úsang,VB,verb,"to snarl, to fight like dogs, to chew like a dog."
usár,VB,verb,to use.
úsbung,VB,verb,"to exhale, to give off steam or an odorous smell."
úsik,VB,verb,"to waste, to make something into a waste for trivial reasons."
usísa’,NN,noun,"inquiry, investigation."
usísa’,VB,verb,"to inquire, to investigate, to check."
ústya,NN,noun,communion host used in roman catholic masses.
úsu,NN,noun,"fashion, fad, vogue."
uswag,VB,verb,to step back ; to make room ; to give way
uswag,VB,verb,to postpone
uswag,VB,verb,to prosper ; to advance ; to progress
úswag,NN,noun,"prosperity, success, progress."
úswag,VB,verb,"to be successful, to progress, to develop."
utak,NN,noun,knife synonym: kutsilyo
utak,NN,noun,bolo synonym: binangon
útan,NN,noun,vegetable.
utang,NN,noun,debt
utang,NN,noun,credit
utang,VB,verb,to have a debt ; to owe
utang,VB,verb,to borrow in credit
útang,NN,noun,"debt, credit."
utod,NN,noun,sibling
utok,NN,noun,( anatomy ) brain ( organ )
utud,NN,noun,something cut off or broken off
utud,NN,noun,sibling
utud,JJ,adjective,severed ; cut off synonym: putol
utud,VB,verb,to cut off ; to sever
utud,VB,verb,to interrupt something ( such as a conversation )
utud,VB,verb,to make someone one's sibling
utúd,VB,verb,"to sever, to cut off, to break off."
útud,NN,noun,"sibling, brother, sister."
utud-utud,VB,verb,diminutive of utúd : to cut something off
útuk,NN,noun,brain.
uwák,NN,noun,"crow, raven."
úwang,VB,verb,"to howl loudly, to yelp like a helpless dog."
uwáy,NN,noun,rattan.
úy,UH,interjection,"hey, oh."
uyang,NN,noun,grandmother
uyáng,NN,noun,food which fell off from the plate during meal time; wasted item.
uyáng,VB,verb,"to waste away, to be clumsy so as to drop food from a service plate."
uyapús,NN,noun,"boil, swollen area in the skin."
úyat,VB,verb,"to hold, to grasp."
uyayá’,JJ,adjective,"careless, neglectful of personal appearance."
uyon,VB,verb,to agree
úyug,VB,verb,to shake as of a tree.
úyun,VB,verb,"to take a liking to, to be pleased with."
úy’uy,VB,verb,"to collapse, to weaken and fall."
waay,JJ,adjective,without
wágkus,NN,noun,"belt, sash, waist band."
wágwag,VB,verb,to scatter accidentally.
walá,NN,noun,left side.
walá’,RB,adverb,"none, no."
wáli,NN,noun,"sermon, preaching."
wáli,VB,verb,"to preach, to give a lecture or sermon."
walís,JJ,adjective,"ambidextrous, left-handed."
walú,CD,numeral,eight.
waráwag,NN,noun,"announcement, broadcast."
waráwag,VB,verb,"to announce over the radio, to publish, to broadcast."
wasák,JJ,adjective,"destroyed, demolished."
wasák,VB,verb,"to destroy, to demolish, to take apart."
wasay,NN,noun,axe
wásay,NN,noun,"ax, hatchet."
wásdak,VB,verb,"to crumble to pieces, to fall into pieces, to fall by accident."
wáslik,VB,verb,to shake off from the hand with considerable force.
wáswas,VB,verb,to shake out clothes.
wás’ag,VB,verb,"to scatter, to spread after being broken."
wayang,NN,noun,"open plain , extensive grounds in a broad valley , or the like"
wíli,VB,verb,"to be amused, to entertain."
wisík,VB,verb,"to sprinkle with the hand, to spray with the hand."
y,CC,conjunction,"and, for time."
yábi,NN,noun,key.
yáb’uk,NN,noun,"dust, dirt."
yádtu,DT,deictic,"objective demonstrative meaning there, far from both the speaker and the listener."
yágpis,JJ,adjective,"lanky, thin."
yahong,NN,noun,bowl
yahúng,NN,noun,"bowl, bowl container for food."
yámu’,VB,verb,to complain.
yánghag,VB,verb,to stare at.
yángkutyángkut,NN,noun,miscellaneous.
yaníb,VB,verb,to surrender.
yánu,JJ,adjective,"plain, simple, solid in color."
yára’,DT,deictic,"objective demonstrative meaning there, far from the speaker."
yárda,NN,noun,"yardstick, yard."
yári,DT,deictic,"objective demonstrative meaning here, near the speaker."
yawa,NN,noun,devil ; evil spirit ; demon
yawa,UH,interjection,( vulgar ) term of abuse
yáwa’,NN,noun,devil.
yáwyaw,VB,verb,"to scold, to quarrel on top of one’s voice."
yáyung,VB,verb,"to bear, to carry something between two people, to transport a heavy object by having two people carry it on each end."
ya’úb,VB,verb,"to kneel down and bend one’s face until it touches the ground, to capitulate."
yélo,NN,noun,ice.
yúbit,VB,verb,"to tease, to make fun of, to ridicule."
yúdu,NN,noun,iodine.
yúdyud,VB,verb,"to pull, to drag on the ground."
yuhúm,NN,noun,"smile, grin."
yukút,JJ,adjective,"crumpled, wrinkled."
yukút,VB,verb,"to crumple, to make wrinkles on."
yupúk,NN,noun,dimple.
yurópa,NN,noun,europe.
