word,pos_symbol,pos_word,meaning
abaganhan,adj,adjective,broad-shouldered
abansada,adj,adjective,exposed to the wind
abang,adj,adjective,window (opening for light and air)
abayan,adj,adjective,(anatomy) waist
abelyana,adj,adjective,"brown, hazel"
abierto,adj,adjective,neuter of abiertu
ablaw,adj,adjective,"friendly, sociable"
abo,adj,adjective,(international standards) iso 639-3 language code for abon.
abo-abo,adj,adjective,"the color of ash, ashen"
abo-abohon,adj,adjective,"ashen, ash-colored, grey, pale"
abohon,adj,adjective,the color grey
abong,adj,adjective,(anatomy) top of head
aborido,adj,adjective,"disturbed, uneasy, upset, worried"
aboy,adj,adjective,"spouse
synonyms: asawa, abuyan
kang aboy ― my spouse"
absuelto,adj,adjective,absolved
abunda,adj,adjective,"inflection of abundar:
third-person singular present indicative
second-person singular imperative"
abyerto,adj,adjective,open; not closed
adelantado,adj,adjective,"(historical) a title bestowed by the king on certain nobles in the 15th-17th centuries, who granted them governorship of a province or charged them with conquering a foreign territory
1838, william h[ickling] prescott, history of the reign of ferdinand and isabella, the catholic. […], volume (please specify |volume=i to iii), boston, mass.: american stationers’ company; john b. russell, →oclc:the grand master […] communicated it to the principal chiefs on the borders ; among others , to don pedro henriquez , adelantado of andalusia , don juan de silva , count of cifuentes , don alonso de aguilar , and the marquis of cadiz ."
aga-aga,adj,adjective,diminutive of ága: every morning
agdayan,adj,adjective,lazy
agi,adj,adjective,(international standards) iso 639-3 language code for agariya.
agi-agi,adj,adjective,"story
synonym: istoriya"
alabuton,adj,adjective,"cranky, eccentric"
alan,adj,adjective,alternative form of alaunt.
alang-alang,adj,adjective,"immature, inappropriate, inconvenient, unsuitable"
alasoyon,adj,adjective,stately
alom,adj,adjective,"a tree, melanolepsis multiglandulosa"
alunga-og,adj,adjective,"(of water) flat, insipid, stagnant, stale, vapid"
amat,adj,adjective,definite nominative/accusative plural of amë
amaynon,adj,adjective,paternal
aminhan,adj,adjective,"north
synonym: norte"
amog,adj,adjective,(obsolete) to run amok
anad,adj,adjective,"accustomed to; skilled at; expert in
synonym: antigo
anad yi kami sa kainda pag buhay.we are already accustomed to this way of life."
ananay,adj,adjective,"gentle, mild, soft, slow, noiseless, quiet, tranquil, quietly"
andam,adj,adjective,"prepared; ready
synonyms: preparado, puwesto, handa"
anhing,adj,adjective,dead; deceased; late
antipatiko,adj,adjective,"repugnant, repulsive"
antiyado,adj,adjective,buff (color)
anyil,adj,adjective,laundry blue
anggid,adj,adjective,similar
anggid-anggid,adj,adjective,"diminutive of anggid: nearly alike, similar"
apa,adj,adjective,(international standards) iso 639-2 & iso 639-5 language code for southern athabaskan languages.
apinas,adj,adjective,"difficult, scarce, trying"
arisgado,adj,adjective,"daring
synonym: mapangahas"
asoy,adj,adjective,useful
atatayog,adj,adjective,useless; up to no good
athag,adj,adjective,"clear, distinct"
atrasado sa pagbayad,adj,adjective,delinquent
ba-og,adj,adjective,"gray, grey"
baak,adj,adjective,crevice
baba-an,adj,adjective,glib; talkative
babayen-on,adj,adjective,effeminate
bacolodnon,adj,adjective,resident or inhabitant of bacolod
bag-o,adj,adjective,new
bagnas,adj,adjective,unripe
bahaw,adj,adjective,"cold (for food once served hot)
synonym: malipot"
bahol,adj,adjective,"odor, smell, stink"
bakyas,adj,adjective,"(of soil) rocky, stony, barren"
balaan,adj,adjective,sacred; holy
balaanon,adj,adjective,"(religion) saintly, blessed, holy"
balanion,adj,adjective,magnetic
balason,adj,adjective,sandy
balasubas,adj,adjective,one who avoids meeting his obligations
balaynon,adj,adjective,"domestic, homely"
baldado,adj,adjective,"crippled, handicapped, maimed"
balhag,adj,adjective,"printed, published"
bali,adj,adjective,offering
balong,adj,adjective,"drunk; intoxicated
synonym: hubog"
balotanog,adj,adjective,"insufficient, unsatisfactory"
balung,adj,adjective,bone
bantog,adj,adjective,fame
bangud sa,adj,adjective,concerning
baog,adj,adjective,sterile
barato,adj,adjective,neuter of baratu
basa,adj,adjective,"the catfish pangasius bocourti.
synonyms: (britain) cobbler, river cobbler"
basa-basa,adj,adjective,to leaf through; to peruse; to skim
basag,adj,adjective,characteristic of the sound of a blown speaker
basag-ulo,adj,adjective,"brainless, stupid, silly"
basta,adj,adjective,"(obsolete outside spanish/portuguese/italian contexts) (that's) enough; stop!
c. 1590–1592 (date written), william shakespeare, “the taming of the shrew”, in mr. william shakespeares comedies, histories, & tragedies […] (first folio), london:  […]  isaac iaggard, and ed[ward] blount, published 1623, →oclc, [act i, scene i], page 212, column 1:baſta, content thee: for i haue it full."
bastos,adj,adjective,plural of basto
bat-ol,adj,adjective,"dull, stupid, or obstinate"
batan-on,adj,adjective,young
bataon,adj,adjective,"(naga, informal) to court
synonyms: ilusiyonan, pidayan"
batid,adj,adjective,"(formal) to know
synonym: aram"
batohon,adj,adjective,"rocky, rugged, stone, stony"
batok sa kasugoan,adj,adjective,"unconstitutional, unlawful"
baug,adj,adjective,barren
baw-as,adj,adjective,"(usually said of women) barren, childless"
baw-ing,adj,adjective,"(places) deserted, desolate, isolated, far away, lonely, secluded"
bawod,adj,adjective,"(metro cebu, bohol, leyte) alternative form of balod (“wave”)"
bayud,adj,adjective,"unsteady, shaky, unstable
synonyms: bawod, mahuyang"
berde,adj,adjective,"a stringed instrument (chordophone) of bosnian origin, a large guitar-shaped instrument that is played upright, using a plectrum."
bilog,adj,adjective,"round; circular; spherical
synonyms: lidong, matalimon"
binabaye,adj,adjective,a rooster with hen feathering
binaboy,adj,adjective,"hoggish, piggish"
binata,adj,adjective,"juvenile, immature, puerile, childish"
binisaya,adj,adjective,visayan
binulan,adj,adjective,monthly
bingaw,adj,adjective,broken
birhin,adj,adjective,virgin
bisaya,adj,adjective,an indigenous people of borneo.
bitas,adj,adjective,to rip; to tear apart
bitayan,adj,adjective,gallows; gibbet; scaffold
bokhon,adj,adjective,hairy
bug-at,adj,adjective,"heavy
antonym: gaan"
bug-os,adj,adjective,"complete, whole"
bugal,adj,adjective,arrogant
buggaitan,adj,adjective,"prominent, famous, outstanding, excelling, excellent, surpassing others in skill, the best of its kind"
bugnaw,adj,adjective,"cold, cool"
buhaha,adj,adjective,"heedless, lavish, prodigal, wasteful"
buhat,adj,adjective,"raise; lift; act of picking up something heavy
synonyms: alsa, tuon"
buhi,adj,adjective,"to live
nabuhi si hesukristo sa dominggo sa pagkabanhawjesus rose again on easter sunday"
bukas,adj,adjective,plural of buka
bukidnon,adj,adjective,rural
bulag,adj,adjective,to separate; to cause (things or people) to be separate
bulahan,adj,adjective,lucky; fortunate; blessed
bunayag makig-atubang,adj,adjective,genial
bunayag sing kabubut-on,adj,adjective,cordial
bundul,adj,adjective,"slow, dull, deliberate in action"
bungul,adj,adjective,stupid
bus-og,adj,adjective,"pure, unadulterated,"
busgon,adj,adjective,satiated
busong,adj,adjective,"pregnant
synonym: mabdos"
busug,adj,adjective,"satiated, satisfied"
busung,adj,adjective,alternative spelling of busong (“pregnant”)
buta,adj,adjective,alternative form of boteh.
butad,adj,adjective,to pull
butok-butok,adj,adjective,diligent
buung,adj,adjective,"broken, smashed"
daan,adj,adjective,"(now rare) old (already used)
synonyms: luma, antigo
antonym: bago"
dagaang,adj,adjective,"red, scarlet"
dagangdang,adj,adjective,"red, scarlet"
daginit,adj,adjective,"(of wind) gentle, soft, mild, tender, warm"
dagway nga makahuhuya,adj,adjective,shabby
daku,adj,adjective,(anatomy) back
daku kaayo,adj,adjective,very big
daku-daku,adj,adjective,diminutive of daku
dalag,adj,adjective,mudfish
dalagku,adj,adjective,"big, large"
dalamhak,adj,adjective,wayward
dalang-dalang,adj,adjective,astray
dalayawon,adj,adjective,"great, praiseworthy, laudable"
dalisay,adj,adjective,pure
dalitan,adj,adjective,"poisonous, venomous"
dalok,adj,adjective,"greedy, gluttonous"
dalum,adj,adjective,(of depth) deep
damak,adj,adjective,"dirty, slovenly, untidy"
dapit,adj,adjective,"regarding; about
synonym: manunungod"
dasig,adj,adjective,"(austria, switzerland, possibly dated) confused, intimidated
(the addition of quotations indicative of this usage is being sought:)"
delana,adj,adjective,woolen
dimaisip,adj,adjective,"countless, innumerable"
dimalas,adj,adjective,unlucky; unfortunate
dimasaysay,adj,adjective,"inexplicable, mysterious"
dimatarung,adj,adjective,dishonest
dimatungkad,adj,adjective,"bottomless, inscrutable, unfathomable"
dingot,adj,adjective,nominative plural of dingo
diosnon,adj,adjective,devout
diosnon,adj,adjective,"divine, godly, godlike, pious"
dipaha,adj,adjective,made of straw
diyotay,adj,adjective,"little, small
synonym: gamay"
diyutay,adj,adjective,"deprecated, pre-2014 spelling of diyotay."
dorado,adj,adjective,"a mahi-mahi or dolphinfish (coryphaena hippurus), fish with a dorsal fin that runs the length of the body, also known for iridescent coloration."
dugoon,adj,adjective,"bloody, gory"
dugus,adj,adjective,the best part of a thing
dumaan,adj,adjective,old
dunot,adj,adjective,decayed; rotten
dupak,adj,adjective,"dirty, foul, obscene, smutty"
dutan-on,adj,adjective,"earthly, worldly"
enkantado,adj,adjective,magical
gabuk,adj,adjective,"rotten, decayed, decomposed"
gago,adj,adjective,jerk; bastard
gamay,adj,adjective,alternative letter-case form of gamay.
gambal,adj,adjective,bulky
garot,adj,adjective,dense
gastado,adj,adjective,past participle of gastar
ginsugoran,adj,adjective,elementary
gipak,adj,adjective,broken
gulang,adj,adjective,"mature (fruits)
antonym: linghod"
gutok,adj,adjective,"(of a container, clothing, etc.) filled to the point tightness"
gutom,adj,adjective,"hungry; famished
synonym: punaw
coordinate term: paha
gutom na an bisita.the visitor is already hungry."
habal,adj,adjective,"to mate; to copulate
synonyms: iyot, kayat, hilawas, jerjer, torjak"
halampangan,adj,adjective,trifling
halandumon,adj,adjective,desirable
halang,adj,adjective,hot; pungent; spicy
halog,adj,adjective,ample
handa,adj,adjective,"prepared
synonyms: andam, preparado, puwesto"
hanlug,adj,adjective,slippery
hanluk,adj,adjective,alternative spelling of hánlug
hangaway,adj,adjective,"martial, warlike"
hanginan,adj,adjective,well-ventilated
haway,adj,adjective,(wearside) alternative spelling of howay.
hinali,adj,adjective,sudden
hinlo,adj,adjective,"smooth, level"
hipos,adj,adjective,"to clean up; to collect, to gather"
hubog,adj,adjective,"drunk; inebriated
synonyms: burat, buyong, nakainom, lango"
hubu,adj,adjective,accusative singular of huba
hubug,adj,adjective,alternative spelling of hubog (“drunk; intoxicated”)
hugot,adj,adjective,"suicide (usually by a hangman's noose around one's neck)
synonym: pakagadan"
hugut,adj,adjective,tight
ignorante,adj,adjective,"ignorant
synonym: mangmang"
isa,adj,adjective,(international standards) iso 639-3 language code for isabi.
isa pa,adj,adjective,"likewise, plus"
itom,adj,adjective,black (color/colour)
kabanyagaan,adj,adjective,"mean, malicious, vile, wicked"
kabangis,adj,adjective,"fierceness, ferocity"
kabataon,adj,adjective,young
kadam-an,adj,adjective,many
kadiotay,adj,adjective,small
kapid,adj,adjective,nominative plural of kapp
katalaka,adj,adjective,"annoying, bothersome"
katsila,adj,adjective,"spanish
synonym: espanyol"
laba,adj,adjective,"length (measurement)
synonym: lawig
antonym: lipot"
lamokon,adj,adjective,filled with mosquitoes
lanog,adj,adjective,"weal; bruise, black eye"
lapuyot,adj,adjective,"thick, condensed, coagulated"
law-ay,adj,adjective,vulgar; debased
lipay,adj,adjective,"(naga) caterpillar
synonym: atitiras"
lunangon,adj,adjective,muddy
maagol,adj,adjective,"lazy, indolent, idle"
maalam,adj,adjective,"learned, clever, wise"
maalwan,adj,adjective,generous
maambas,adj,adjective,expensive or wasteful
maambong,adj,adjective,nice
maantod,adj,adjective,alternative form of maangtod (“burned”)
maanyag,adj,adjective,"attractive; pretty; good-looking
synonyms: nindot, tahom"
maanghit,adj,adjective,smelling like a goat
maaslum,adj,adjective,sour
maayo,adj,adjective,"good, nice
maayo kaayo ― very good
responsible
skillful, competent
beneficial
satisfying, pleasant
healthful"
maayo-ayo,adj,adjective,"beautiful, seemly, pretty"
mabahaw,adj,adjective,"stale, old"
mabangis,adj,adjective,"ferocious; wild; cruel; mean
synonyms: maisog, makuri, maringis"
mabasa,adj,adjective,"(naga) to get wet; to get covered or impregnated with any liquid
synonym: madumog"
mabaskug,adj,adjective,"loud
synonym: magansal"
mabinantayon,adj,adjective,watchful
mabug-at,adj,adjective,heavy
mabulakon,adj,adjective,abounding in flowers
madali,adj,adjective,"quickly; hurriedly; rushingly
madali siyang naghali sa trabaho para magduman sa saiyang aki na nasa ospital.s/he quickly left from work to go to the hospital where her child is confined."
madanlog,adj,adjective,"elusive, or slippery"
maduyug,adj,adjective,attracted
maganas,adj,adjective,"tasteless, insipid
antonym: marabó"
magarot,adj,adjective,"noisy, boisterous"
mahagup,adj,adjective,"tame, docile, gentle"
maidlak,adj,adjective,glittering or sparkling
mainit,adj,adjective,"hot, sweltering
antonym: malipot"
mainpolon,adj,adjective,round
maingol,adj,adjective,"rare, scarce"
maitum,adj,adjective,black
makakululba,adj,adjective,"intimidating, disconcerting"
malipayon,adj,adjective,"happy
antonym: subo"
malolot,adj,adjective,"affectionate, tender"
manipis,adj,adjective,thin
mango,adj,adjective,"a tropical asian fruit tree, mangifera indica.
1980, bruce chatwin, the viceroy of ouidah, page 146:on the hot days, he would lie in the shade of a mango and let little eugenia clamber over his belly and tug at his beard."
mapait,adj,adjective,bitter
mapiguson,adj,adjective,harsh
mapinatopatoon,adj,adjective,"creative, imaginative, inventive"
mapinatuboon,adj,adjective,"(of soil) good, fertile, productive"
marabo,adj,adjective,"tasty, savoury
antonym: maganás"
maramig,adj,adjective,cold
mataas,adj,adjective,"high, tall"
matahum,adj,adjective,"beautiful, seemly, pretty"
matalaw,adj,adjective,"cowardly
synonyms: matalsot, kobarde"
matam-is,adj,adjective,sweet
matataas,adj,adjective,"high, exalted
synonym: matáas"
mauswagon,adj,adjective,"progressive; advanced
usa ka mauswagong lungsoda progressive town"
negrense,adj,adjective,a native or inhabitant of the philippine island of negros
passinhon,adj,adjective,resident or inhabitant of passi
patay,adj,adjective,to kill
pigaw,adj,adjective,"frail, weak"
pobre,adj,adjective,"poor; impoverished
synonym: mahidap
antonym: mayaman
pobre sana kami.we're just poor"
pototanon,adj,adjective,resident or inhabitant of pototan
pulut,adj,adjective,nominative plural of pulu
rami,adj,adjective,plural of ramus
ramig,adj,adjective,cold
sagahay,adj,adjective,overflowing
sagaynon,adj,adjective,resident or inhabitant of sagay
sagupra,adj,adjective,rough
salamwanan,adj,adjective,choosy
samad,adj,adjective,cut
saramaylo,adj,adjective,confused
sidlangan,adj,adjective,"east
synonym: mulud-an"
sip-onon,adj,adjective,sniveler; sniffler
sulud,adj,adjective,nominative plural of sulg
tahum,adj,adjective,"beauty, prettiness, attractiveness"
tanan,adj,adjective,"everyone, everything, everybody"
tanang,adj,adjective,"overripe, rotten"
tanhaga,adj,adjective,"extraordinary, marvelous, wonderful"
tarasak,adj,adjective,thoughtless; careless
tayoyon,adj,adjective,"continuous, steady, without pause"
tayuyon,adj,adjective,alternative spelling of tayóyon
tibunog,adj,adjective,"fat, plump, stout"
tiilan,adj,adjective,the lower part of
tilinguhaon,adj,adjective,worthwhile
timbolog,adj,adjective,"round, spherical"
tipolon,adj,adjective,accusative singular of tipolo
too,adj,adjective,(international standards) iso 639-3 language code for xicotepec de juárez totonac.
torpe,adj,adjective,"dull, silly, slow
synonyms: charro, parvo, paspán"
tuig-tuig,adj,adjective,"yearly, annual: happening once a year"
tuô,adj,adjective,right (as in a direction)
utud,adj,adjective,something cut off or broken off
waay,adj,adjective,without
wala,adj,adjective,alternative spelling of wallah.
abi,adj,adjective,(international standards) iso 639-3 language code for abidji.
amat-amat,adj,adjective,"gradually; slowly
synonym: malway-malway"
asunto,adj,adjective,"home, residence; unit, housing unit, dwelling unit; dwelling, domicile, habitation (any place for living, especially one constructed for that purpose)
synonym: asumus
near-synonym: koti"
basi,adj,adjective,stale
bisan,adj,adjective,"although; though; even though; even if
synonym: maskin"
buas,adj,adjective,tomorrow
busa,adj,adjective,"consequently; hence; as a result; therefore, for this reason; ergo"
daan,adj,adjective,"(now rare) old (already used)
synonyms: luma, antigo
antonym: bago"
dali,adj,adjective,"a timber tree (genus myristica) of guiana, whose wood is used for staves etc."
diin,adj,adjective,"your (singular)
1903, robert walser, der teich:aber chani de wüsse, was i dim härz isch?but can i really know what's in your heart?"
dira,adj,adjective,"the arabian cubit, whose value varied by place, time, and item from about 25–75 cm (10 in–2 ft 5½ in).
1888, w.m.f. petrie, encyclopaedia britannica, 9th ed., vol. xxiv, ""weights and measures"", p. 490:
13·3—this measure does not seem to belong to very early times, and it may probably have originated in asia minor... and it may well be the origin of the dirá‘ stambuli of 26·6, twice 13·3."
dungan,adj,adjective,"simultaneous; coinciding
synonym: sabay-sabay"
gihapon,adj,adjective,"always, as, always, usually"
gilayon,adj,adjective,"again
synonym: liwat"
indi,adj,adjective,"now
nə vaxt gedək yanına? i̇ndi yoxsa sonra?when shall we go visit him/her? now or later?"
karon,adj,adjective,"now
antonym: unya"
ngaa,adj,adjective,cloud
subong,adj,adjective,now
sulud,adj,adjective,nominative plural of sulg
upod,adj,adjective,"too, also, as well as
synonyms: pud, usab, sab, sad"
apang,adj,adjective,but
bisan,adj,adjective,"although; though; even though; even if
synonym: maskin"
buot,adj,adjective,to rub
kag,adj,adjective,(international standards) iso 639-3 language code for kajaman.
iya,det,determiner,(international standards) iso 639-3 language code for iyayu.
a-a,det,determiner,"alternative form of aa.
1883, clarence e. dutton, fourth annual report of the united states geological survey:
the second form of the lavas is called by the natives a-a, and its contrast with pahoehoe is about the greatest imaginable. it consists mainly of clinkers sometimes detached, sometimes partially agglutinated together with a bristling array of sharp, jagged, angular fragments."
aba,det,determiner,(international standards) iso 639-3 language code for abé.
aba-a,det,determiner,oh
abaa,det,determiner,"(archaic, british slang) contemptible; vile; silly."
abao,det,determiner,"(biscayan) honeycomb
synonym: abaraska"
abo,det,determiner,(international standards) iso 639-3 language code for abon.
adios,det,determiner,"(in spanish contexts) goodbye
synonyms: addio, adieu, aloha, arrivederci, auf wiedersehen, au revoir, bye, bye-bye, cheerio, cheers, ciao, farewell, good-by, good-bye, goodbye, good day, sayonara, shalom, ayubowan, so long, do svidanya"
ahay,det,determiner,"an expression of anger, annoyance, disbelief, and/or displeasure, sometimes equivalent to the english come on and oh man"
hinugay,det,determiner,stop
indi,det,determiner,"now
nə vaxt gedək yanına? i̇ndi yoxsa sonra?when shall we go visit him/her? now or later?"
itot,det,determiner,to have sexual intercourse with someone
maayong aga,det,determiner,good morning!
maayong hapon,det,determiner,good afternoon! (from 1pm to 5:59pm)
paalam,det,determiner,causative of álam
salamat gid,det,determiner,thank you very much!
uy,det,determiner,expression of surprise
yawa,det,determiner,"(theology) devil
synonym: diyablo"
alaypan hayop,ph,phrase,zoo
amay namon,ph,phrase,(christianity) lord's prayer
amba sang pispis,ph,phrase,warbler
anak nga babae,ph,phrase,daughter
apo nga babae,ph,phrase,granddaughter
apo nga lalaki,ph,phrase,grandson
asawa sang hari,ph,phrase,queen
asugi nga buhi,ph,phrase,quicksilver
atrasado sa pagbayad,ph,phrase,delinquent
bag-ong tuig,ph,phrase,new year's day
balahibo sang hayop,ph,phrase,"fur, sable"
balayan sang sinulatan ukon dinalan,ph,phrase,syntax
banas sa higad sang suba,ph,phrase,"riverside
nagaistar ako banas sa higad sang suba.i live by the riverside."
bangud sa,ph,phrase,concerning
baston ni san hose,ph,phrase,hollyhock
batok sa kasugoan,ph,phrase,"unconstitutional, unlawful"
bawod sang mga tudlo,ph,phrase,"wave (literally, bent fingers)"
belada sa eskwelahan,ph,phrase,commencement
bisan diin,ph,phrase,"everywhere, somewhere, wherever"
bisan sin-o,ph,phrase,"anybody, whoever"
bunayag makig-atubang,ph,phrase,genial
bunayag sing kabubut-on,ph,phrase,cordial
dagway nga makahuhuya,ph,phrase,shabby
daku kaayo,ph,phrase,very big
de la cruz,ph,phrase,a common surname from spanish of religious origin
de la torre,ph,phrase,"a surname from spanish, equivalent to spanish de la torre, more widely spelled as dela torre. generally concentrated in negros occidental"
de los reyes,ph,phrase,"a surname from spanish of religious origin, largely displaced by the spelling delos reyes"
dela cruz,ph,phrase,a common christian surname from spanish
dela torre,ph,phrase,a surname from spanish
dunang manggad,ph,phrase,natural resources
dutang panublion,ph,phrase,patrimony
espiritu santo,ph,phrase,the largest island of vanuatu.
isa pa,ph,phrase,"likewise, plus"
maayong aga,ph,phrase,good morning!
maayong gab-i,ph,phrase,good evening; good night
maayong hapon,ph,phrase,good afternoon! (from 1pm to 5:59pm)
maghatag sing kinahanglan,ph,phrase,supply
napulo'g anum,ph,phrase,sixteen
napulo'g apat,ph,phrase,fourteen
napulo'g duha,ph,phrase,"deprecated, pre-2014 spelling of napulog duha."
napulo'g isa,ph,phrase,eleven
napulo'g lima,ph,phrase,"deprecated, pre-2014 spelling of napulog lima."
napulo'g pito,ph,phrase,"deprecated, pre-2014 spelling of napulog pito."
napulo'g siyam,ph,phrase,"deprecated, pre-2014 spelling of napulog siyam."
napulo'g tatlo,ph,phrase,thirteen
napulo'g walo,ph,phrase,"deprecated, pre-2014 spelling of napulog walo."
palangga ta ka,ph,phrase,"i love you
synonym: ginahigugma ko ikaw"
salamat gid,ph,phrase,thank you very much!
sofronio española,ph,phrase,"a municipality of palawan, philippines.
meronyms: abo-abo, iraray, isumbo, labog, panitian, pulot center, pulot interior, pulot shore, punang — barangays of sofronio española
coordinate terms: aborlan, agutaya, araceli, balabac, bataraza, brooke's point, busuanga, cagayancillo, coron, culion, cuyo, dumaran, el nido, kalayaan, linapacan, magsaysay, narra, quezon, rizal, roxas, san vicente, sofronio española, taytay — cities and municipalities of palawan"
tudlo sang dalaga,ph,phrase,a type of banana
aba,n,noun,(international standards) iso 639-3 language code for abé.
abad,n,noun,"well-furnished, well-equipped, well-organized, comfortable"
abadesa,n,noun,abbess
abadia,n,noun,"abbey
synonym: abade-etxe"
abaga,n,noun,(anatomy) shoulder
abaka,n,noun,alternative spelling of abaca.
abakahan,n,noun,someone or something abundant in abaca plants
abakan,n,noun,a small fish of a reddish color
abaniko,n,noun,"hand fan
synonyms: kayab, kabkab, pamaypay, yapyap"
abano,n,noun,a havana cigar
abas,n,noun,a cutaneous disease; the scald-head. porrigo
abelyana,n,noun,"brown, hazel"
abi-abi,n,noun,greeting; salutation
abian,n,noun,"underway, running"
abilay,n,noun,beef jerky
abilidad,n,noun,ability; capability
abiogan,n,noun,archaic spelling of abyogan
abir,n,noun,"(india) an aromatic red powder that is used during the holi festival.[1]
synonym: gulal"
abiso,n,noun,"advisory; announcement; notice; warning
synonym: pahibalo"
ablang,n,noun,"breadth, width"
ablaw,n,noun,"friendly, sociable"
ablay,n,noun,shawl
abo,n,noun,(international standards) iso 639-3 language code for abon.
abogado,n,noun,counsel; advisor; councilor; barrister.
abohan,n,noun,a dirty kitchen
abokado,n,noun,avocado
abono,n,noun,second-person singular imperative of abonoj
abongho,n,noun,"anger, exasperation"
aborto,n,noun,"abortion, miscarriage"
aboy-aboy,n,noun,diminutive of abóy
abrigana,n,noun,apéritif
abrigo,n,noun,"(southern) overcoat
synonym: beroki"
abrilatas,n,noun,can opener
absolusyon,n,noun,(law) acquittal
absurdo,n,noun,"absurd
synonym: zentzugabe"
abtik,n,noun,a quick movement of feet or hands; a flourish (dramatic gesture)
abu,n,noun,(international standards) iso 639-3 language code for abure.
abud,n,noun,"(rare) budding
1923, julie m. lippmann, dreamland:[…]  he began to whistle merrily, and in an instant the whole world about him was bright of hue and joyous again, and looking, he saw, to his amazement, that the bare branches were abud."
abuela,n,noun,"a hispanic grandmother.
2022 february 17, diane scholfield, “letters to the editor: is ‘gringo’ offensive? that’s up to the person being called one”, in los angeles times‎[1], los angeles, calif.: los angeles times communications, →issn, →oclc, archived from the original on 17 february 2022:i, an abuela-aged woman of northern european ancestry, have lived within 50 miles of the mexican border most of my life. mexican culture is part of my life as much as any of my dna cultures, if not more, and i love it all.
2022 june 22, mia moretti, as told to margaret rhodes, “mia moretti’s weekend of wine and baja clams in valle de guadalupe”, in the strategist‎[2], new york, n.y.: new york media, →issn, →oclc, archived from the original on 22 june 2022:8 a.m. wake up early for breakfast at an abuela’s house
2022 july 14, mike gonzalez, “democrats are in denial about why they are losing hispanic voters”, in new york post‎[3], new york, n.y.: news corp, →issn, →oclc, archived from the original on 14 july 2022:[l]ook no further than this week’s surreal exchange between sen. josh hawley and a berkeley law professor insisting that men can and do get pregnant. yes, that happened, in a senate hearing. you say that to an abuela, and the most likely response will be “que?” followed by a quick “adios!”
2024 april 3, frank rojas, “‘carefluencers’ are helping older loved ones, and posting about it”, in the new york times‎[4], new york, n.y.: the new york times company, →issn, →oclc, archived from the original on 3 april 2024:on the east side of san jose, calif., there is an abuela who seems to have more grandchildren than she can count."
abuelo,n,noun,"(zamboangueño) grandfather
synonyms: (caviteño) lolo, (ternateño) agüelo"
abusar,n,noun,"(intransitive, abusar de) to abuse (use improperly)"
abuso,n,noun,abuse
abyan,n,noun,"companion
synonym: kauban"
abyasion,n,noun,aviation
abyogan,n,noun,swing (hanging seat)
ad-adan,n,noun,"slicer, a frame knife"
ada,n,noun,(international standards) iso 639-2 & iso 639-3 language code for adangme.
adelpa,n,noun,nerium oleander; the only species in the genus nerium; an evergreen shrub or small tree in the dogbane family apocynaceae
adgaw,n,noun,"a small hairy tree, premna odorata"
adikdik,n,noun,dandruff
adiong,n,noun,a large ship or ark
adlaw,n,noun,sun
adlawon,n,noun,full daylight after sunrise is over
administrasyon,n,noun,"administration, management"
adobi,n,noun,"inflection of adobar:
first/third-person singular present subjunctive
third-person singular imperative"
adorasyon,n,noun,worship
adorno,n,noun,"a clay ornament attached to a piece of pottery, usually at the rim.
1999, clarence bloomfield moore, jeffrey m. mitchem, the west and central florida expeditions of clarence bloomfield moore, page 25:willey (1949:324) suggested that this mound probably dates to late weeden island times, though the bird head rim adorno (luer 1992a:54, figure id; moore 1903:figure 63) might indicate a safety harbor component."
adtang,n,noun,the forehead
aduana,n,noun,"inflection of aduanar:
third-person singular present indicative
second-person singular imperative"
adudulay,n,noun,a large earthworm
aga,n,noun,(international standards) iso 639-3 language code for aguano.
agalon,n,noun,(dated) a person who oversees and directs the work of others; a boss; a supervisor; a manager
aghon,n,noun,h-system spelling of aĝon
agi,n,noun,(international standards) iso 639-3 language code for agariya.
agigising,n,noun,"(anatomy) temple
the fine hairs on the temple
synonyms: dungandungan, tampihak"
agila,n,noun,eagle
aginaldo,n,noun,christmas present
agogoling,n,noun,bumblebee
agtang,n,noun,the forehead; the part of the face above the eyebrows and below the hairline
agwa,n,noun,"water (only used in set expressions)
synonym: tubig"
agwatato,n,noun,pimp
ahedres,n,noun,"(dated) chess
synonym: tses"
ahensya,n,noun,alternative form of ahensiya
ahiti,n,noun,leek
ahos,n,noun,"garlic (allium sativum); a plant related to the onion, having a pungent bulb much used in cooking
synonym: lasuna"
aihada,n,noun,goddaughter
aihado,n,noun,godson
akasya,n,noun,acacia tree
ala-asawa,n,noun,"concubine, mistress"
alabri,n,noun,"a key, anything used for the purposes of opening something that is closed"
alagad,n,noun,"but; however; yet
synonyms: pero, ugaring"
alagaran,n,noun,third-person plural pluperfect indicative of alagar
alam,n,noun,"inferior, something or someone that is of a lower standing"
alanyon,n,noun,crop
alang-ang,n,noun,trivial cold; slight fever
alasohan,n,noun,chimney
alat,n,noun,nonstandard form of halat
alaypan,n,noun,"asylum, nursery"
alaypan hayop,n,noun,zoo
algodon,n,noun,"cotton
synonym: gapas"
alhebra,n,noun,algebra
alibakaw,n,noun,betel nut
alibangbang,n,noun,"(naga) dragonfly
synonym: atibagros"
aligi,n,noun,crab fat
alimokon,n,noun,pigeon
alimosan,n,noun,mudskipper
alimpulos,n,noun,a whirlwind; a tornado; a dust devil; a waterspout
aliwatan,n,noun,wrist
alkansiya,n,noun,piggy bank
alkitran,n,noun,pitch
almanaki,n,noun,"almanac, calendar"
almidon,n,noun,starch
almohada,n,noun,"cushion, pillow"
almohadon,n,noun,a large cushion or pillow
almon,n,noun,nowhere
almoranas,n,noun,(pathology) hemorrhoid
alom,n,noun,"a tree, melanolepsis multiglandulosa"
aloy,n,noun,termite
alpombra,n,noun,"carpet
synonym: karpet"
alugbati,n,noun,the malabar spinach (basella alba)
aluntaga,n,noun,the rung or step of a ladder
amapola,n,noun,a poppy; any plant of the genus papaver
amay,n,noun,"(transitive and intransitive, obsolete) to dismay; confound; be dismayed"
amba sang pispis,n,noun,warbler
ambahan,n,noun,"chanted verse, characterized by the use of seven-foot lines; by conspicuous lack of loanwords (from spanish, tagalog, or hiligaynon); by many archaic hanunoo terms; and by being sung always without instrumental accompaniment"
ambulansya,n,noun,ambulance
ami,n,noun,(international standards) iso 639-3 language code for amis.
amidol,n,noun,"the hydrochloride of the amino-phenol 2,4-diaminophenol, used as a photographic developer."
amihan,n,noun,"north
synonym: norte"
aminhan,n,noun,"north
synonym: norte"
amlig,n,noun,"care, caution"
amo,n,noun,(international standards) iso 639-3 language code for amo.
amorokpok,n,noun,"meteorite, shooting star"
amoy,n,noun,small monkey
ampis,n,noun,the front part of a bahag
ampo,n,noun,a javan snack food consisting of thin sticks of baked earth.
amumuklid,n,noun,toadstool
amyon,n,noun,"fragrance, scent, smell"
anak,n,noun,"marks the topic of the clause, sentence, or conversation.
1905, john bachelor, an ainu-english-japanese dictionary (including a grammar of the ainu language):meko anak ne chikap ehopiye, ""the cat sprang upon the bird."""
anak nga babae,n,noun,daughter
anak-anak,n,noun,an adoptee; an adopted son or daughter
anay,n,noun,bandicoot
andamio,n,noun,"scaffold
synonym: estada"
anekdota,n,noun,joke
anhel,n,noun,"yearning, desire
synonyms: deler, desig"
anila,n,noun,beehive
aninipot,n,noun,firefly
ankla,n,noun,anchor
anting-anting,n,noun,(philippines) a filipino amulet or talisman.
antipara,n,noun,"eyeglasses, glasses, spectacles
synonyms: antiohos, tagosilang"
anghel,n,noun,angel
anghit,n,noun,smell or odor of a goat
angkod,n,noun,incisor; front teeth
angso,n,noun,odor or stench of urine
apan,n,noun,"(fandom slang) a member of an amateur press association.
1990 august, guy lillian, “'tis the season”, in mimosa‎[1], number 8, page 4:the greatest apan of all time lives on a quiet old street rising above hagerstown, maryland.
1998 october 3, brown, rich [dr gafia], “fan terms (1)”, in rec.arts.sf.fandom‎[2] (usenet), retrieved 13 june 2018, message-id <19981003020622.14181.00000964@ng52.aol.com>:most of the participants in the mundane apas are hobby printers—-and the disdain with which our fandom once viewed xeroxing of fanzines is but a pale reflection of the way mundane apans have looked upon the mimeo and the ditto as a means of publishing ""papers"" (as they call their amateur publications).
2006 may, arnie katz, “the thin veneer”, in confuson‎[3], volume 1, number 4:i immediately began a cutback. i remained an enthusiastic apan, but by the time i gafiated around 1976, i was in only one, fapa."
aparador,n,noun,cupboard
apdo,n,noun,gall; bile
apendisitis,n,noun,appendicitis
apian,n,noun,"relating to bees.
1904, harper's new monthly magazine, volume 108, page 559:in fact, apian, formican, vespal, and termital government is not a monarchy, but a pure democracy. the queens of ants, bees, wasps, and termites wear the crown of maternity — no other."
apitong,n,noun,the medium hardwood tree dipterocarpus grandiflorus.
apo,n,noun,(international standards) iso 639-3 language code for ambul.
apo nga babae,n,noun,granddaughter
apo nga lalaki,n,noun,grandson
apog,n,noun,"(chemistry) lime
synonym: puti"
apok,n,noun,ergative indefinite of apo
ara,n,noun,(international standards) iso 639-2 & iso 639-3 language code for arabic.
arina,n,noun,flour
aritmetika,n,noun,arithmetic
aritos,n,noun,earring
arnibal,n,noun,syrup
aro,n,noun,(international standards) iso 639-3 language code for araona.
aroro,n,noun,arrowroot
aros,n,noun,plural of aro
arpa,n,noun,harp (musical instrument)
arte,n,noun,indefinite nominative/accusative plural of art
artikulo,n,noun,nan
asawa sang hari,n,noun,queen
asero,n,noun,steel
asibar,n,noun,aloe vera
asilo,n,noun,"asylum, protection, shelter, refuge"
asin,n,noun,salt
asinan,n,noun,third-person plural present indicative of asinar
aslang,n,noun,chin
aslum,n,noun,sourness
aso,n,noun,(international standards) iso 639-3 language code for dano.
asog,n,noun,"(historical) in pre-colonial bicol;  an effeminate man, who functions as a village priestess or medium"
asoy,n,noun,useful
aspalto,n,noun,asphalt
asugi,n,noun,mercury
asugi nga buhi,n,noun,quicksilver
asukar,n,noun,sugar
asunto,n,noun,"home, residence; unit, housing unit, dwelling unit; dwelling, domicile, habitation (any place for living, especially one constructed for that purpose)
synonym: asumus
near-synonym: koti"
asupre,n,noun,sulfur
aswang,n,noun,a shapeshifting evil creature in philippine mythology
atake,n,noun,"attack
synonyms: salakay, sakyada, surong"
atatalo,n,noun,caterpillar
atay,n,noun,(anatomy) liver
atipalo,n,noun,earwig
atis,n,noun,sugar apple (annona squamosa)
atog,n,noun,(anatomy) glans penis
atomo,n,noun,(physics) atom
atop,n,noun,"on the top of.
he sat atop the mountain, waiting for the end of the world.
1960 november, david morgan, “""piggyback""—u.s. success story”, in trains illustrated, page 684:for example, when trailers containing new automobiles were first piggybacked two areas of potential damage became evident: (1) diesel locomotive exhaust left a film of oil on the new autos; and (2) auto windshields could be scarred or cracked by the metal-tipped ""tell-tales"" which warn men atop trains of oncoming bridges or tunnels.
1966, the minnesota review, volume 6, page 242:a virtue is made out of a necessity, with the child feeling far more atop and master of his oddness, his behavior now deliberate or even clever.
2006, dewey lambdin, the gun ketch, page 48:""and other things,"" she echoed, nodding slowly and resting her body a little more atop him again.
2014, paul salopek, blessed. cursed. claimed., national geographic (december 2014)[1]
“monotheism was born here,” goren tells me atop a cliff overlooking the sheet of iron-colored water.
2025 april 24, anna silman, “now comes the ‘womanosphere’: the anti-feminist media telling women to be thin, fertile and republican”, in the guardian‎[2], →issn:the leading voices of the womanosphere are using a similar strategy. as brittany hugoboom put it in an op–ed for the rightwing outlet quillette: “conservatives will never win if they imagine themselves as combatants atop defensive battlements, hurling abuse on the mass media. we need to involve ourselves in the creation of pop culture.”"
atsara,n,noun,alternative spelling of atchara (“filipino pickle”).
awa,n,noun,(international standards) iso 639-2 & iso 639-3 language code for awadhi.
awtopsiya,n,noun,autopsy
ayagan,n,noun,sieve
ayam-ayam,n,noun,ant
ayi,n,noun,(international standards) iso 639-3 language code for leyigha.
ayo,n,noun,"(slang) a greeting.
synonyms: hey, hi, yo
2004, michael daniel baptiste, cracked dreams, page 73:""ayo, red. it's the homie spits on the jack for you, blood."" ""ayo, homeboy,"" said red as he excitedly picked up the telephone receiver. ""what's up, fool?""
2007, reginald l. hall, in love with a thug, page 38:“ayo, wassup, girl,” he said to keisha as he continued to walk toward the back area where i stood.  […]  “ayo, wassup, playa?
2007, tony j. ward, jr., i've got to make it to heaven for going through hell: part 1, page 39:ayo toine, you think they'd put me down?
2007, nikki turner, christmas in the hood, page 289:""ayo, fam, you a'ight down there?"" victorious's cell mate asked.
2008, treasure hernandez, resurrection, page 106:""ayo, ma, where you going?"" a dude asked her as she walked by him.
2008, ashley jaquavis, the trophy wife, page 103:""ayo, kalil!"" a man's voice said from amidst the crowd. kalil looked up and saw his lil' man, peanut, distributing packets of heroin and taking money from the fiends.
2010, r green damon, somethin' to think about, page 197:""ayo, cee, listen to this shit here,"" said matt, passing him his cell."
aypon,n,noun,protege
ayuda,n,noun,"help, aid
synonym: aida"
baba,n,noun,nan
babae,n,noun,"dame, maid, mistress, girl"
babana,n,noun,essive singular of baba
babaye,n,noun,woman or girl; female
babayi,n,noun,woman
babaylan,n,noun,a philippine shaman.
babha,n,noun,"wound, gash"
baboy,n,noun,pig
bacolodnon,n,noun,resident or inhabitant of bacolod
badlu,n,noun,phlegm
bag-ohan,n,noun,"(daet, partido, sorsogon) alternative form of bagohan (“novice”)"
baga,n,noun,(anatomy) lung
bagani,n,noun,"(historical) the class of warrior-leaders of various lumad ethnic groups of the island of mindanao, philippines."
baganihan,n,noun,hero
bagat-bagat,n,noun,centipede
bagatnan,n,noun,"south
synonym: habagatnan"
bagis,n,noun,plural of bagi
bagol,n,noun,numb; insensible
bagon,n,noun,(rail transport) railroad car (us); railway carriage (uk)
bagoong,n,noun,a philippine condiment made from fermented fish or shrimps.
bagrong,n,noun,a roaring sound
bagsat,n,noun,bedbug
bagting,n,noun,sound of a bell; chime
bagtis,n,noun,mudfish
bagyo,n,noun,"typhoon, tropical cyclone, storm"
baha,n,noun,"(dated) value, price, cost
bunlar nəyin bahasına nail oldu? ― at what cost was this achieved?
nəyin bahasına olursa olsun ― no matter what it takes"
bahaw,n,noun,"cold (for food once served hot)
synonym: malipot"
bahawbahaw,n,noun,ant
bahoy,n,noun,"witch, sorceress"
bairan,n,noun,a whetstone
baka,n,noun,"(voodoo) an evil spirit in haitian belief, often in the form of an animal.
1953, maya daren, the divine horsemen, mcpherson & company, published 2004, page 113:under his sign the malevolent bocor may take the shape of an animal, and men may be transformed into terrible bakas.
1969, milo rigaud, secrets of voodoo, page 83:a person has only to serve the baka incorrectly to have it turn against its owner and do him irremediable harm by reason of the very duality of its composition.
2001, jennie marcelle smith, when the hands are many, page 77:because a baka can destroy a family's (or even a whole neighborhood's) well-being, there is great interest in catching and destroying them."
bakalaw,n,noun,codfish
bakolod,n,noun,hill; hillock; mound; slope
bakud,n,noun,"strength
synonyms: baskug, bukud, kusug, pag-un"
bakyas,n,noun,"(of soil) rocky, stony, barren"
bal-ag,n,noun,a metal file
balaba,n,noun,rattan
balabag,n,noun,impediment
balabaw,n,noun,"mouse; rat
synonyms: ambaw, ilaga"
balagon,n,noun,vine
balahibo,n,noun,body hair
balahibo sang hayop,n,noun,"fur, sable"
balaklon,n,noun,"commodities, goods, wares"
balaligya,n,noun,"commodities, goods, merchandise"
balanak,n,noun,(a kind of fish) mullet
balani,n,noun,plural of balanus
balangaw,n,noun,"rainbow
synonyms: hablondawani, dawani"
balangitaw,n,noun,"(animal) alligator, crocodile"
balaod,n,noun,law (body of rules established in a community by its authorities)
balas,n,noun,"(archaic, now chiefly attributive) a type of rose-coloured spinel once thought to be a form of ruby."
balataan,n,noun,"(anatomy) uterus, womb"
balatas,n,noun,plural of balata
balatian,n,noun,feeling; sensitivity
balatong,n,noun,"(naga) yardlong bean
synonyms: hantak, sitaw"
balaw,n,noun,shrimp (small)
balay,n,noun,"(archaic except sorsogon) house; home
synonym: harong"
balayan sang sinulatan ukon dinalan,n,noun,syntax
balde,n,noun,"bucket, pail"
balhas,n,noun,sweat
balidha,n,noun,law; legislation
baligya,n,noun,"goods, merchandise"
balihawog,n,noun,"bolt, latch"
balikawang,n,noun,(anatomy) haunch
baliko,n,noun,bent
balingon,n,noun,anchovy
balisbisan,n,noun,eaves
balising,n,noun,to relocate; to move something from one place to another
baliskag,n,noun,vertebra; spine
balita,n,noun,news
balitadhan,n,noun,honeysuckle
balo,n,noun,"ruining, spoiling, destruction"
balod,n,noun,"(sorsogon) wave; undulation
synonyms: alon, hukol"
balota,n,noun,third-person singular past historic of baloter
balsamo,n,noun,mexican logwood (haematoxylum brasiletto)
balunggay,n,noun,"a type of tree, the malunggay or horseradish tree, moringa oleifera"
baluyot,n,noun,sack; bag; pouch; wallet
bana,n,noun,"(intransitive, mpakwithi) to climb"
banaag,n,noun,beam of light
banag-banag,n,noun,"dawn, daybreak"
banas,n,noun,present of bani
banas sa higad sang suba,n,noun,"riverside
nagaistar ako banas sa higad sang suba.i live by the riverside."
banda,n,noun,"(uncountable) a style of mexican brass band music, emerged in the 19th century.
2007 january 13, seth kugel, “the sounds of mexico hit new york airwaves”, in the new york times‎[3], archived from the original on 25 january 2021:with very little fanfare, wzaa had become the first fm station in new york offering a format known as mexican regiona, which includes genres like ranchera, banda and norteña music."
bandeha,n,noun,"platter, plate"
bandehado,n,noun,platter
bandera,n,noun,flag
banhay,n,noun,a moderate slope or incline
banig,n,noun,"mat
synonym: hamak"
banka,n,noun,bank (financial institution)
banlas,n,noun,desert
bansag,n,noun,"nickname
synonyms: gaha, lulo"
banta,n,noun,to warn someone not to do something
bantay,n,noun,attendant
bantayan,n,noun,"guard-house, lookout station"
bantolinaw,n,noun,ebony
banwa,n,noun,"town
synonym: barangay"
banwahanon,n,noun,"related to towns, municipalities or their government; civic"
banyo,n,noun,bath (the act of bathing)
banga,n,noun,five
bangdan,n,noun,"cause, reason, motive"
bangis,n,noun,"violence; cruelty
synonyms: isog, kuri, ringis"
bangka,n,noun,a canoe; an outrigger canoe or dugout
bangkaw,n,noun,"spear; harpoon (for hunting, killing animals)"
bangkay,n,noun,"cadaver; corpse; remains
synonyms: hawak, lawas, gadan"
bangkil,n,noun,"(zoology) fang
synonym: tango"
bangko,n,noun,bank
banglid,n,noun,"elevation, hill"
bangon,n,noun,to get up
bao,n,noun,(international standards) iso 639-3 language code for waimaha.
bapor,n,noun,"any craft designed for transportation on water, such as a ship or boat"
bara,n,noun,nan
baraha,n,noun,playing card
barahan,n,noun,yardstick
barandilya,n,noun,"rail, railing"
barangay,n,noun,"the smallest local government unit in the philippines, a subdivision of a city or municipality.
synonym: barrio
near-synonyms: (rural) village, (urban) neighborhood, quarter, (urban) city block
1987, marcelo m. orense, nelia r. marquez, philippine yearbook, page 77:because of this active involvement of the civilian and other auxiliary units (e.g. barangay tanod), the police are able to devote their time and resources to the control and prevention of serious crimes.
1991 october 28, “miscellaneous and final provisions”, in official gazette: republic of the philippines, volume 87, number 43, page 263:the government service insurance system (gsis) shall establish and administer an appropriate system under which the punong barangay, the members of the sangguniang barangay, the barangay secretary, the barangay treasurer, and the members of the brangay tanod shall enjoy insurance coverage as provided in this code and other pertinent laws .
2021, deogenes nambayan agellon, criminal law case digests:the victim is always addressed as the ""datu"" or rich man of their barangay and enjoyed an economic ascendancy over marcelino, a mere barangay tanod."
barbero,n,noun,"barber; hairdresser
synonyms: parabulog, paratusar, paragunting, paragupit"
barina,n,noun,"awl, drill"
bario,n,noun,barium
barnis,n,noun,lacquer; varnish
barong,n,noun,"a cutting weapon similar to a cleaver, with a thick back and thin razor-like edge, used by the moros of the philippines."
baroto,n,noun,"(philippines, nautical) a small dugout canoe boat from the philippines, which normally lacks outriggers and is usually used in calm waters."
barukan,n,noun,(anatomy) bladder
basi,n,noun,stale
basin,n,noun,"a wide bowl for washing, sometimes affixed to a wall.
c. 1590–1592 (date written), william shakespeare, “the taming of the shrew”, in mr. william shakespeares comedies, histories, & tragedies […] (first folio), london:  […]  isaac iaggard, and ed[ward] blount, published 1623, →oclc, [act ii, scene i]:first, as you know, my house within the cityis richly furnished with plate and gold,basins and ewers to lave her dainty hands;
1611, the holy bible, […] (king james version), london:  […]  robert barker, […], →oclc, john 13:5:after that he poureth water into a bason, and began to wash the disciples’ feet, and to wipe them with the towel wherewith he was girded.
1766, t[obias] smollett, “letter v”, in travels through france and italy. […], volume (please specify |volume=i or ii), london:  […]  r[oberts] baldwin, […], →oclc:what then, you will say, must a man sit with his chops and fingers up to the ears and knuckles in grease? no; let those who cannot eat without defiling themselves, step into another room, provided with basons and towels: but i think it would be better to institute schools, where youth may learn to eat their victuals, without daubing themselves, or giving offence to the eyes of one another.
1923, willa cather, one of ours‎[1], book one, chapter 1:everybody had washed before going to bed, apparently, and the bowls were ringed with a dark sediment which the hard, alkaline water had not dissolved. shutting the door on this disorder, he turned back to the kitchen, took mahailey’s tin basin, doused his face and head in cold water, and began to plaster down his wet hair.
synonym: sink"
baskug,n,noun,"loudness (of noise)
synonym: gansal"
baso,n,noun,"(slang) abbreviation of basically.
i mean yeah it's baso the same tbh"
basol,n,noun,"blame; reproach
synonym: sudya"
baston,n,noun,(heraldry) obsolete form of baton.
baston ni san hose,n,noun,hollyhock
basura,n,noun,"garbage; waste; rubbish; trash
synonym: ramog"
bata,n,noun,"a ceremonial double-headed drum played in triplet in the religion of santería, especially in cuba and puerto rico, originally from the yoruba of nigeria.
1990 october 28, paul simon, “the rhythm of the saints”, in the coast, warner bros.:two guitars, bata, bass drum and tambourine.
2019, marlon james, black leopard, red wolf, hamish hamilton, page 283:five drummers in front setting the dance—three beating barrel drums, a fourth beating a double-skin bata, and the fifth beating four small bata tied together."
batad,n,noun,sorghum
batakan,n,noun,measuring rod; ruler
batasan,n,noun,manners; etiquette
bati-bati,n,noun,"diminutive of batî; gossip, hearsay, rumor"
batidor,n,noun,whisk
batiis,n,noun,(anatomy) leg
batiya,n,noun,"wood-carved basin; washbowl
synonym: dulang"
bato,n,noun,stone
batobalani,n,noun,a lodestone
batobato,n,noun,the blue sea chub (kyphosus cinerascens)
batog,n,noun,(historical) a rod or cane used for corporal punishment in russia.
batok,n,noun,bark (loud utterance by a dog)
batongmaidlak,n,noun,diamond
batota,n,noun,singular future passive participle of bati
batungdaan,n,noun,"monument (literally, old stone)"
batuta,n,noun,baton (stick used by conductors)
bawod,n,noun,"(metro cebu, bohol, leyte) alternative form of balod (“wave”)"
bawod sang mga tudlo,n,noun,"wave (literally, bent fingers)"
bay-ad,n,noun,(especially of a corpse) supine; lying on its back; reclined
bayabas,n,noun,guava (tree and fruit)
bayad,n,noun,to pay
bayaw,n,noun,"brother-in-law
synonym: kunyado"
baybay,n,noun,"sand, finely ground rock
synonym: basod"
baybayon,n,noun,"beach; coast; shore
synonym: tampi"
bayhon,n,noun,"form, figure, shape
synonym: porma"
bayo,n,noun,(childish) a horse
bayo-bayo,n,noun,pulse
bayoon,n,noun,"fabric, textile"
beberon,n,noun,third-person plural preterite indicative of beber
beka,n,noun,"an ancient biblical unit of weight, half a shekel"
belada sa eskwelahan,n,noun,commencement
belasyon,n,noun,"vigil, wake"
bendisyon,n,noun,"benediction, blessing"
bendita,n,noun,holy water
bentana,n,noun,"window
synonym: dungawan"
berde,n,noun,"a stringed instrument (chordophone) of bosnian origin, a large guitar-shaped instrument that is played upright, using a plectrum."
berso,n,noun,verse (a poetic form or composition)
bibi,n,noun,(india) a grandmother.
bibig,n,noun,(anatomy) lip
bibingka,n,noun,"a rice cake made using rice flour, sugar and coconut milk and wrapped in banana leaves.
2025 january 25, michael klein, “long-awaited filipino destination finally has an opening date”, in the philadelphia inquirer, volume 195, number 239, philadelphia, pa., →issn, →oclc, page b9, columns 1 and 4:nearly two years after starting work on their century-old building on girard avenue  […]  the lechon sisig bowls, ensaymada, and bibingka are expected to roll out of the kitchen starting feb. 8.  […]  besides house-made pastries such as calamansi doughnuts, ensaymada, bibingka, and ube handpies, breakfast options will include the rich tita with pork longganisa (a sausage similar to chorizo), egg, and cooper sharp cheese;  […]"
bidyiw,n,noun,"harpoon, spear"
bigki,n,noun,edge; rim; bank (of a river)
bigote,n,noun,moustache (hair on upper lip)
bihag,n,noun,captive (one who has been captured)
bilad,n,noun,"(of a book) display, unfold, open"
bilanggoan,n,noun,"prison
synonym: prisohan"
bilas,n,noun,co-sibling-in-law
bilat,n,noun,"(informal) a bilateral meeting.
2004, harvey j. langholtz, chris e. stout, the psychology of diplomacy, page 12:the bilats will often be no more than a few minutes, long enough to say hello and snap some photos […]
2009 july 8, peter baker, “family night for obamas miffs some in moscow”, in new york times‎[1]:the club is “a place to see and be seen,” as its web site says — that is, unless you are a visiting president who after a day and a half of blinis, beluga and bilats (the diplo term for “bilateral meetings”) just wants to hang out with the clan.
2024 september 24, jennifer peltz, “your short glossary to un general assembly meeting lingo”, in pbs newshour‎[2], pbs, retrieved 25 september 2024:bilateral (or “bilat,” for short): private meetings between leaders of one country and another. some argue the real value of unga lies in these tête-à-têtes and other personal, off-camera encounters among decision-makers."
bilin,n,noun,(biochemistry) any of various biological pigments formed in many organisms as a metabolic product of certain porphyrins.
biling,n,noun,present participle and gerund of bile
bilog-bilog,n,noun,diminutive of bilóg
bilogon,n,noun,a cane or cudgel
bilugon,n,noun,alternative spelling of bilogón
binabaye,n,noun,a rooster with hen feathering
binangon,n,noun,to rise
binhi,n,noun,seed
binilanggo,n,noun,"prisoner; inmate; convict
synonyms: piniriso, priso"
bino,n,noun,(physics) the superpartner of the gauge boson corresponding to weak hypercharge. the w and z bosons are electroweakinos: winos and binos.
binudngan,n,noun,"a handspun cloth, fabric, or textile"
binuhatan,n,noun,"work, deed"
bioleta,n,noun,violet (color)
bisan diin,n,noun,"everywhere, somewhere, wherever"
bisan sin-o,n,noun,"anybody, whoever"
bisikleta,n,noun,bicycle
bisita,n,noun,visit
biskwit,n,noun,alternative form of biskuwit
bisyo,n,noun,"bad, wicked, naughty, disobedient"
bitas,n,noun,to rip; to tear apart
bitik,n,noun,flea
bitin,n,noun,"a snake; a legless reptile of the sub-order serpentes with a long, thin body and a fork-shaped tongue"
bitok,n,noun,"any of the parasitic hookworms, roundworms, tapeworms and whipworms in humans and animals"
bitoon,n,noun,misspelling of bituon
biyernes,n,noun,friday
bobo,n,noun,"a materialistic person who affects an anti-materialistic persona.
2000, david brooks, bobos in paradise […] , simon & schuster, →isbn, page 207:the small things—an olive grove or a small chapel—take on greater meaning to a bobo on vacation.
2011 april 12, alex lobrano, “bobo heaven in paris”, in t magazine‎[1], retrieved 26 june 2019:peruse the paris papers these days and you'll notice an obsession with bobos: no, they're not a team of cheerleaders or a troupe of clowns, but rich, artsy types known as  bourgeois bohemians,  who are now pretty much the tip of parisian tastemakers. so when friends who were recently staying in saint germain des pres asked me where to go to people watch, i told them to head for the ninth arrondissement  citadel of bobo cool."
bodega,n,noun,"a storehouse for maturing wine, a winery."
bohawi,n,noun,"cyclone, whirlwind"
bohok,n,noun,hair
bokabularyo,n,noun,vocabulary
bokbok,n,noun,a type of boring insect
boko-boko,n,noun,ankle
bokol,n,noun,plural of bakál
bola,n,noun,a throwing weapon made of weights on the ends of a cord.
bolkan,n,noun,volcano
botones,n,noun,plural of botón
budhi,n,noun,to betray
budiong,n,noun,trumpet; horn
budyong,n,noun,a marine gastropod of the family strombidae which lives in its own spiral shell
bug-at,n,noun,"heavy
antonym: gaan"
bugas,n,noun,"milled rice, white rice"
bugay,n,noun,to give
bugkos,n,noun,"bundle, parcel"
bugsay,n,noun,"oar, paddle"
buhaha,n,noun,"heedless, lavish, prodigal, wasteful"
buhat,n,noun,"raise; lift; act of picking up something heavy
synonyms: alsa, tuon"
buhin,n,noun,subtraction
buhis,n,noun,alternative form of buwis
buho,n,noun,"crevice, hole, opening, perforation, pit, vent"
buho-buho,n,noun,"diminutive of búhò: a small hole, perforation, or pore"
buhok,n,noun,hair (on head)
bukad,n,noun,to expand
bukal,n,noun,"spring (body of water)
synonym: burabod"
bukana,n,noun,mouth (of a river)
bukaw,n,noun,"the philippine hawk-owl; a species complex of owls, in the family strigidae, endemic to the philippines"
bukid,n,noun,mountain
bukidnon,n,noun,rural
bulador,n,noun,kite
bulak,n,noun,an indian nose ring usually worn by married women.
bulak-bulak,n,noun,diminutive of búlak
bulakbol,n,noun,"truancy
synonyms: lakuwatsa, luok"
bulalakaw,n,noun,"(astronomy) meteorite, shooting star"
bulan,n,noun,moon
bulang,n,noun,"cockfight
synonyms: topada, sabong"
bulangan,n,noun,cockpit (enclosure for cockfights)
bulawan,n,noun,"gold (element)
synonym: oro"
bulawanon,n,noun,"made of, or relating to, gold"
bulbul,n,noun,"any of several passerine songbirds, of the family pycnonotidae (currently, 27 genera recognized), native to africa and eurasia."
buli,n,noun,(botany) fluttering elm (ulmus laevis)
bulig,n,noun,a bunch or stem of bananas
buling,n,noun,"dirt, soot, stain"
bulinga,n,noun,the ovary; the lower part of a pistil or carpel that bears ovules and ripens into fruit
bulto,n,noun,bale
buluadan,n,noun,where animals are bred
buluhatan,n,noun,workshop
buluhaton,n,noun,errand; task
bulukutan,n,noun,"enclosure, pen"
bululngan,n,noun,"clinic, hospital, medical center"
bululngon,n,noun,sick person
bulunakan,n,noun,"laundry, laundry room, wash"
bulung,n,noun,"drug, medicine"
bulungan,n,noun,"spindle, spinning wheel"
bulus,n,noun,the beginning of a flood in a flooded river
bulutangan,n,noun,"holder, rack"
buluthoan,n,noun,"place of reunion, meetinghouse"
bumulutho,n,noun,"schoolboy, schoolgirl, student"
bun-ag,n,noun,birth
bunang,n,noun,"thread, yarn"
bunit,n,noun,"(fishing): angle, hook"
buntug,n,noun,stye
bunyag,n,noun,"baptism
synonym: bawtismo"
bungalon,n,noun,the indian mangrove (avicennia officinalis)
bungansiso,n,noun,whale
bunghay,n,noun,a party or group of people
bungil,n,noun,harelip
bungot,n,noun,"facial hair, especially the moustache"
bungul,n,noun,stupid
burangos,n,noun,beard
burus,n,noun,toothbrush
busal,n,noun,(maasina) thigh
busay,n,noun,waterfall
busilak,n,noun,"limestone, marble"
buslot,n,noun,a hole; an opening
busol,n,noun,"push
synonyms: tulod, tuldang, ugsod"
buta,n,noun,alternative form of boteh.
butakal,n,noun,"a male pig; a boar kept for breeding purposes
antonym: dulag"
butang,n,noun,"that which is considered to exist as a separate entity, object, quality or concept"
butang-butang,n,noun,"calumny, libel, or slander"
buti,n,noun,"barrel, cask"
butig,n,noun,wart
butigon,n,noun,"misleading, sly"
butiti,n,noun,pufferfish
butkon,n,noun,"(anatomy) arm
synonym: braso"
buto,n,noun,"(anatomy) penis
synonyms: pikoy, pisot"
butwas,n,noun,raise something to the surface
buyog,n,noun,a bumblebee
buyug,n,noun,wasp
daay,n,noun,a lump of earth
dabudabu,n,noun,shower
dado,n,noun,(architecture) the section of a pedestal above the base.
dag-on,n,noun,year
daga,n,noun,dagger
dagami,n,noun,straw
dagangbulan,n,noun,march
dagas,n,noun,"lunge
synonym: dagsang"
dagat,n,noun,sea
dagaya,n,noun,abundance
dagotdot,n,noun,debris or refuse on a beach
dagta,n,noun,alternative form of digta (“stain”)
dagum,n,noun,sewing needle
daguob,n,noun,thunder
dagutdut,n,noun,alternative spelling of dagótdot
dagway,n,noun,"face
synonym: nawong"
dahog,n,noun,"shoot, tendril"
dahon,n,noun,leaf
dahon-dahon,n,noun,"mantis, praying mantis"
dakbanwa,n,noun,"city
synonym: siyudad"
dakhari,n,noun,"emperor
synonym: emperador
coordinate term: dakhara"
dakpulu,n,noun,"continent
synonym: kontinente"
daku,n,noun,(anatomy) back
dal-ok,n,noun,"blister, pustule"
dalaga,n,noun,(philippines) a young woman who has passed puberty but is not yet married; an eligible young woman.
dalagita,n,noun,young lady
dalakpon,n,noun,"malefactor, outlaw"
dalamgohanon,n,noun,"dream, reverie"
dalan,n,noun,road; path
dalanawan,n,noun,swamp
dalasaon,n,noun,"assail, crash"
dalaw,n,noun,"visit, visitation
synonyms: pagbisita, rukat, pagsungko, sunglog"
dalayap,n,noun,key lime
dalimuos,n,noun,(of wind)gust
dalo,n,noun,"greedy, selfish
synonyms: hakog, hangol"
dalok,n,noun,"greedy, gluttonous"
dalunggan,n,noun,(anatomy) ear
damang,n,noun,"spider
synonyms: kaka, tambayawan"
damgo,n,noun,a dream; imaginary events seen in the mind while sleeping
damol,n,noun,"(metrology) symbol for decamole, an si unit of amount of substance equal to 101 moles."
damot,n,noun,(anatomy) hand; arm
danaw,n,noun,lake
danlug,n,noun,slipperiness or greasiness
dangaw,n,noun,"a handspan (the distance measured by a human hand, from the tip of the thumb to the tip of the little finger)"
dangog,n,noun,"hearing, listening (sensation)
synonym: himati"
dapa-dapa,n,noun,sole
dapat,n,noun,"necessary
synonym: kaipohan"
dapaw,n,noun,the itchiness or skin irritation resulting from playing or walking in grass
dapay,n,noun,"hawk, bird of prey"
dapig,n,noun,"companion, partner"
daroos,n,noun,a severe cough
datilis,n,noun,the calabur tree (muntingia calabura)
dawdawan,n,noun,"machine, mill"
daya,n,noun,(anatomy) blood
dayan,n,noun,"a rabbinic judge
1996, macy nulman, the encyclopedia of jewish prayer, page 375:a medieval hymn composed by the dayyan (""judge"") daniel b. yehudah of fourteenth-century rome, recited in the daily morning preliminary service, and by some, at the close of the arvit and musaf services on shabbat and festivals.
2024, david golinkin, “does jewish law require yeshivah students to be drafted at age 18?”, in responsa in a moment, volume 4, page 66:there is a famous story about rabbi yisrael salanter who ate on the bimah in vilna at the end of the yom kippur morning service in 1848 during a cholera epidemic, together with two other dayyanim, to persuade the congregation to eat during the epidemic."
dayok,n,noun,a fermented filipino condiment made from fish entrails (usually from yellowfin tuna) and salt.
debosyon,n,noun,devotion or piety
dedal,n,noun,(us) alternative spelling of daedal.
delargo,n,noun,"pants, trousers"
depekto,n,noun,"defect, flaw"
dibuho,n,noun,"design, draft"
digamohan,n,noun,"fireplace, hearth, kitchen"
dinalan,n,noun,"sentence, word. verse"
dinamita,n,noun,dynamite (class of explosives)
dinuagan,n,noun,"painting, picture"
dioktok,n,noun,seashells
dipaha,n,noun,made of straw
diperensya,n,noun,difference
diruskas,n,noun,screw
disgrasya,n,noun,"accident, mishap"
diskurso,n,noun,speech
diskusyon,n,noun,"debate, discussion"
distansya,n,noun,"distance, remoteness"
distrito,n,noun,a congressional district
ditil,n,noun,clitoris
diwal,n,noun,"sticking the tongue out
synonym: walwal"
diwata,n,noun,"(mythology, folklore) in filipino folklore, a fairy, spirit, usually a lesser god or goddess, believed to guard natural features such as forests."
doble,n,noun,first/third-person singular present subjunctive of doblar
dogwak,n,noun,"(animals): crane, heron"
dokumento,n,noun,document
dool,n,noun,"inflection of dolen:
first-person singular present indicative
(in case of inversion) second-person singular present indicative
imperative"
dorado,n,noun,"a mahi-mahi or dolphinfish (coryphaena hippurus), fish with a dorsal fin that runs the length of the body, also known for iridescent coloration."
dosena,n,noun,"dozen
year unknown, cecile motus, hiligaynon lessons, рипол классик (→isbn), page 214
nagapatindug sang taytay ang manga tawu sang kinahanglan sang enhenyero  kwarenta y singko ka bilug nga kahuy para sa ang dosena sang bulak tag po.60.  presyong pl.15 ang duha ka dosena. imelda sang apat ka dosena. mabakal ..."
dosis,n,noun,dose
dotol,n,noun,(animals): tick
dotol-dotol,n,noun,diminutive of dotól: anything resembling a tick
duag,n,noun,stave
duaw,n,noun,"to visit
synonym: bisita"
dugang,n,noun,"(formal) addition; act of adding something
synonym: dagdag"
dughan,n,noun,(anatomy) the chest; the breast; the thorax; the bosom
dugo,n,noun,blood
dugos,n,noun,"honeycomb
synonym: anira"
dugus,n,noun,the best part of a thing
dugwak,n,noun,the purple heron (ardea purpurea)
duha-duha,n,noun,by pairs; two by two; two at a time
duko,n,noun,"stoop, act of bending over"
dul-ay,n,noun,a lump of earth or dirt
dulang,n,noun,"wood-carved basin; washbowl
synonym: batya"
dulangan,n,noun,mine
dulat,n,noun,"awl, brad"
dulis,n,noun,meteorite
dulog,n,noun,to sleep with; to cosleep
dulogan,n,noun,stationary
dulonan,n,noun,"border, boundary, demarcation"
dulongan,n,noun,parking
dulot,n,noun,"gift, present
synonyms: regalo, premiyo, atang"
dulud,n,noun,shin
dulugokan,n,noun,attraction
dulukdokan,n,noun,grinder
dulum,n,noun,darkness; gloom
dulunggan,n,noun,ear
dulus,n,noun,"potter
synonym: dulusçu
dulus dəzgahı/çarxı ― potter's wheel
dulus kürəsi ― pottery kiln"
dumalagan,n,noun,runaway
dumalagsa,n,noun,emigrant
dumalahan,n,noun,"engineer, executive"
dumot,n,noun,"hatred, indignation, rage"
dumuluaw,n,noun,"guest, visitor"
dumulugok,n,noun,audience
dumuluong,n,noun,"alien, foreigner, stranger"
dunang manggad,n,noun,natural resources
dunkul,n,noun,firewood
dungan,n,noun,"simultaneous; coinciding
synonym: sabay-sabay"
dungandungan,n,noun,temple
dungdung,n,noun,(idiomatic) to rain cats and dogs
dungganon,n,noun,"bigwig, celebrity, noble, royal"
dungkaan,n,noun,"harbor; haven; port, wharf
synonyms: dulungkaan, dulungan"
dungkul,n,noun,"firewood, log"
dungog,n,noun,to hear
duog,n,noun,"place, site
synonym: lugar"
dupak,n,noun,"dirty, foul, obscene, smutty"
dupla,n,noun,a form of bell used in some medieval clocks.[1][2]
duplikado,n,noun,duplicate
dupoy,n,noun,breeze
duta,n,noun,clipping of dutasteride
dutang panublion,n,noun,patrimony
duyan,n,noun,cradle
duyog,n,noun,to provide musical accompaniment
duyong,n,noun,a dugong
dyanitor,n,noun,janitor
ebanhelyo,n,noun,archaic form of ebanghelyo
ebanghelyo,n,noun,gospel
edad,n,noun,"age
ano na an edad mo? ― how old are you now? (what is your age now?)"
edukasyon,n,noun,"education
synonyms: nanudan, naukdan"
ehemplo,n,noun,"example
synonym: halimbawa"
ehersisyo,n,noun,an exercise; a physical activity intended to improve strength and fitness
eklipse,n,noun,"(astronomy) eclipse
synonyms: kulop, pagkulop"
eksamen,n,noun,"examination, exam (formal test)"
eleksyon,n,noun,"election
synonym: piniliay"
elektrisidad,n,noun,"electricity
synonym: koriyente"
elepante,n,noun,"elephant
synonym: gadya"
embahada,n,noun,embassy
embahador,n,noun,ambassador
embudo,n,noun,funnel
empeine,n,noun,herpes
emperador,n,noun,emperor (ruler of an empire)
enpermera,n,noun,attendant
entablado,n,noun,(theater) stage
esensya,n,noun,"essence; extract, tincture"
eskandalo,n,noun,scandal
eskoba,n,noun,brush
eskultor,n,noun,sculptor
eskuwela,n,noun,school; learning institute
eskwala,n,noun,(carpentry) square
espanya,n,noun,"spain (a country in southern europe, including most of the iberian peninsula)"
espeho,n,noun,"(dated or dialectal) mirror
synonym: salming"
espiritu,n,noun,spirit
estudyante,n,noun,alternative spelling of estudiyante
frankiyo,n,noun,postage
fresa,n,noun,strawberry (fruit)
fuersa,n,noun,"force, strength, vigor"
gab-e,n,noun,night
gab-i,n,noun,evening; night
gabi,n,noun,"colocasia esculenta, raised as a food primarily for its corm, which distantly resembles potato."
gabon,n,noun,good night
gahud,n,noun,"clatter, noise"
gal-um,n,noun,raincloud
galab,n,noun,body
galingan,n,noun,grinder
galyetas,n,noun,"cracker, hardtack, biscuit"
gamhon,n,noun,(botany) weed
gamo,n,noun,spoiled
gamosa,n,noun,"a rectangular cloth, typically of red and white, used in a variety of ritual actions in assamese culture.
2011, arupa patangia kalita, translated by deepika phukan, the story of felanee:mamoni's father was suggesting that both houses should fly an assamese gamosa like a flag and moni's father wouldn't hear of it."
gamot,n,noun,root
gana,n,noun,"inflection of ganar:
third-person singular present indicative
second-person singular imperative"
ganhaan,n,noun,door
gansa,n,noun,alternative form of ganza (“kind of wild goose”).
gansilyo,n,noun,alternative form of gantsilyo
ganso,n,noun,"goose
synonym: gangsa"
garahe,n,noun,garage
garapata,n,noun,"(us) a kind of wood tick.
1873, united states. navy department, annual reports of the navy department, page 188:[…]  principally among the former were the garapatas, a vicious species of wood-tick, which swarm almost every leaf and plant growing near the ground  […]
1890, thomas wallace knox, the boy travellers in mexico, page 508:one of the worst annoyances of their visit to uxmal was that whenever they moved about they became covered with garapatas. the garapata is a tick so small that it is hardly perceptible to the naked eye, but it is capable of making a bite or sting like that of a red ant or a hot needle."
garbanso,n,noun,"chickpea, garbanzo"
garuk,n,noun,filth
gasolina,n,noun,"gasoline, petrol (motor fuel)"
gata,n,noun,a kind of pastry in armenia and some neighboring countries.
gatas,n,noun,plural of gata
gatong,n,noun,firewood; fuel
gawahan,n,noun,window
gawgaw,n,noun,starch
gawi,n,noun,female
gesantes,n,noun,"snow pea, sugar snap pea"
gia,n,noun,(international standards) iso 639-3 language code for kitja.
gibungan,n,noun,the junction of two or more rivers
gibwangan,n,noun,the junction of two or more rivers
gikan,n,noun,"(formal) from
synonym: hali"
ginagihan,n,noun,incidents and events that happen to a person during their life
ginharian,n,noun,"domain; empire; kingdom; monarchy; realm; sovereignty
synonym: dakhari"
ginhawa,n,noun,to breathe
ginhawaan,n,noun,"trachea, windpipe"
ginikanan,n,noun,"(formal) origin
synonym: pinanghalian"
ginoo,n,noun,deity; god
ginsakpan,n,noun,"realm, dominion"
gintung-an,n,noun,"center, middle, midpoint"
ginuo,n,noun,sir
ginutlan,n,noun,"interlude, interval"
ginggon,n,noun,gingham
gingikanan,n,noun,"beginning, commencement, lineage, origin, root, source, start"
gisi,n,noun,my brother
giwa-os,n,noun,"dearth of food, famine, misery"
giwaos,n,noun,alternative spelling of giwá-os
gora,n,noun,(south asia) pertaining to a fair-skinned or european person. [from 19th c.]
grasya,n,noun,alternative spelling of grasiya
gratipikasyon,n,noun,"gratuity, reward, tip, (gratuity, reward)"
gripo,n,noun,faucet; tap; spigot
grumete,n,noun,crew
guban,n,noun,"brigade, group, throng"
gulang,n,noun,"mature (fruits)
antonym: linghod"
guluwaan,n,noun,"exit, escape, egress"
gumulua,n,noun,cast
gunting,n,noun,scissors
guray,n,noun,"streak, stripe"
guray-guray,n,noun,stripe
gusok,n,noun,(anatomy) rib
gutom,n,noun,"hungry; famished
synonym: punaw
coordinate term: paha
gutom na an bisita.the visitor is already hungry."
guya,n,noun,"allegedly, supposedly; as if
niyə soruşursan? guya cavabını özün bilmirsən.why are you asking? as if you don't know the answer yourself.
sevmədiyi bir nəfər öləndə, yalandan ağladı, guya qanı qaralmışdı.when someone s/he didn't like died, s/he fake-cried, as if s/he were sad."
guyum,n,noun,"ant, (various, species)"
gwantes,n,noun,gloves
gwardya,n,noun,alternative form of guwardiya
habagat,n,noun,"south
synonym: sur"
habol,n,noun,weave of cloth
habon,n,noun,soap
habul,n,noun,blanket
habyog,n,noun,a sweet cloudy drink made from fermented sugar palm sap
hadlok,n,noun,"to fear, to dread"
hagdanan,n,noun,"(dialectal, daet) alternative form of hagyanan"
hagna,n,noun,"motion, proposal"
hagunghung,n,noun,a rumbling sound
hagurot,n,noun,flash
haklu,n,noun,breathe
hakuhaku,n,noun,haste
hal-o,n,noun,pestle
hal-u,n,noun,pestle
halalban,n,noun,"meadow, pasture"
halalongan,n,noun,"delicate, precaution"
halaran,n,noun,third-person plural future indicative of halar
halas,n,noun,plural of hala
halea,n,noun,jelly
haligi,n,noun,column; pillar; post
halimbawa,n,noun,"for example; for instance
synonym: por ehemplo"
halintang,n,noun,"degree, grade"
haloan,n,noun,a mudfish
halon,n,noun,"(organic chemistry) a hydrocarbon (more precisely haloalkane) in which one or more hydrogen atoms have been replaced by halogens
synonym: haloalkane
2009 february 12, azadeh ensha, “a cellphone that is made with the environment in mind”, in new york times‎[1]:the renew is also free of polyvinyl chloride, asbestos, chlorofluorocarbons and halons."
haluk,n,noun,kiss
hamon,n,noun,"a wavy line found on steel products that have been hardened differentially, with soft and hard steel sections, where the tempered steel is separated from the softer parts by the hamon."
hamot,n,noun,"aroma; fragrance
antonyms: bata, bangog"
hampang,n,noun,"opposite
synonym: timbang"
hampangan,n,noun,"instance of being across from, opposite of one another"
hanluk,n,noun,alternative spelling of hánlug
hangaway,n,noun,"martial, warlike"
hangga,n,noun,(pathology) chickenpox; varicella
hangin,n,noun,wind (movement of air)
hanginero,n,noun,"windbag; braggart
synonym: hanginon"
hapon,n,noun,afternoon
haroan,n,noun,a mudfish
harupot,n,noun,"breeze
synonym: huyuhoy"
hawak,n,noun,"(anatomy) body; torso
synonym: lawas"
hikab,n,noun,"(pathology) asthma
synonym: usang"
hilanat,n,noun,"fever
synonym: kalentura"
hima,n,noun,clam
himatayon,n,noun,"dying; about to die
synonym: himalatyon"
himaya,n,noun,glory; worship or praise
hinablos,n,noun,nephew ; niece
hinakay,n,noun,"a charge, fare, or fee"
hinalabuab,n,noun,offspring
hinambalan,n,noun,promise
hinugyaw,n,noun,excitement
hingabot,n,noun,lust
hinganiban,n,noun,"(obsolete) any weapon, defensive or offensive
synonyms: hinagiban, armas"
hingudto,n,noun,the sun's zenith; midday
hinguyang,n,noun,expense
hiphip,n,noun,bribe
hiwit,n,noun,"a bewitchment, charm, or spell"
hiyas,n,noun,jewel
hoyohoy,n,noun,alternative spelling of huyuhoy
huad,n,noun,something that is counterfeit or facsimile
huaran,n,noun,example
hulip,n,noun,to replace; to take the place of; to supply the want of; to fulfill the end or office of
hulonan,n,noun,roost
hulugpaan,n,noun,"airport
hulugpaan sang roxas
roxas airport"
hulusayon,n,noun,question
humbak,n,noun,wake; the path left behind a ship on the surface of the water
hupa,n,noun,quickly diminishing
husay,n,noun,"neat, well-arranged
synonym: pakarhay"
hutik,n,noun,whisper
huyuhoy,n,noun,"(uncommon) breeze
synonyms: hayahay, paros"
idalum,n,noun,underneath; beneath; below
ignorante,n,noun,"ignorant
synonym: mangmang"
ihi,n,noun,(international standards) iso 639-3 language code for ihievbe.
ikog,n,noun,tail
ilaga,n,noun,rat (medium-sized rodent of genus rattus)
ilisan,n,noun,dressing room where someone changes clothing
ilo,n,noun,(international standards) iso 639-2 & iso 639-3 language code for ilocano.
ilok,n,noun,(anatomy) armpit
ilong,n,noun,nose
init,n,noun,"(computing) clipping of initialization.
after the sixth successive system init he had to concede that the database was corrupt."
inpierno,n,noun,hell
ingol,n,noun,"scarcity, dearth"
ipot-ipot,n,noun,firefly
isa,n,noun,(international standards) iso 639-3 language code for isabi.
isda,n,noun,"(daet) fish
synonym: sira"
itom,n,noun,black (color/colour)
iyot,n,noun,"(vulgar) coitus; sexual intercourse
synonyms: habal, kayat, hilawas, jerjer, torjak"
kaagahon,n,noun,dawn
kaambong,n,noun,handsomeness
kaaway,n,noun,enemy; foe
kabakahan,n,noun,cattle
kabalyero,n,noun,peacock flower (caesalpinia pulcherrima)
kabanyagaan,n,noun,"mean, malicious, vile, wicked"
kabangisan,n,noun,"violence; cruelty; wickedness
synonyms: kaisogan, kakurihan, karingisan"
kabayo,n,noun,horse
kabesera,n,noun,head of the table
kabuang,n,noun,madness; insanity
kabugaw,n,noun,the kaffir lime (citrus hystrix)
kabuhi,n,noun,"an illness characterized by dizziness, nausea, chills and symptoms similar to hyperacidity, gripes, heartburn and gastroesophageal reflux disease"
kabulig,n,noun,"assistant, helper
synonym: katabang"
kadak-an,n,noun,hall
kadalag-an,n,noun,success
kadang,n,noun,"stilts
nagalakát silá sa kádang.they are walking on stilts."
kadugay,n,noun,duration
kadumot,n,noun,"hatred, grudge
antonym: higugma"
kadumut,n,noun,alternative spelling of kadumot
kagab-i,n,noun,last night
kagagmayan,n,noun,the poor or uninfluential members of a community
kagaw,n,noun,scratching (relief for an itch)
kagayonan,n,noun,"beauty; splendor
synonym: kadahoman"
kagulangan,n,noun,old-growth forest
kahas,n,noun,daringness
kahikaw,n,noun,"envy, spite"
kahilwayan,n,noun,"freedom; liberty
synonym: kaluasan"
kahinguyangan,n,noun,"expenditure, waste"
kahoy,n,noun,tree; wood
kahubug,n,noun,drunkenness; intoxication; inebriation
kaisug,n,noun,courage
kalabasa,n,noun,squash
kaladlawan,n,noun,comic
kalag,n,noun,"a ghost; a spirit; a soul
synonyms: espiritu, multo"
kalagday,n,noun,"gentleness, tenderness"
kalaglagan,n,noun,"destruction, perdition, ruin"
kalamunding,n,noun,calamondin
kalan-on,n,noun,"food, especially rice"
kalayo,n,noun,"fire; flame
synonym: laad"
kaldera,n,noun,caldera
kalibutan,n,noun,world
kalipay,n,noun,happiness
kalis,n,noun,a filipino sword akin to the kris.
kalisang,n,noun,"horror, terror"
kalooy,n,noun,"mercy
synonym: awa"
kalsada,n,noun,"road; street
synonym: dalan"
kamalig,n,noun,"hut
synonyms: payag-payag, lungalong, balayan"
kamatayon,n,noun,"death
antonym: kinabuhi"
kamatis,n,noun,tomato
kamatuoran,n,noun,truth; veracity
kampana,n,noun,"large bell
synonym: bagtingan"
kan-on,n,noun,boiled rice; cooked rice
kanding,n,noun,goat
kapanganuran,n,noun,the clouds
kapatid,n,noun,sibling
kapatol,n,noun,"strength, determination"
kapaul,n,noun,"fatigue, weariness"
kapay,n,noun,"crazy; insane
synonyms: bua, loko, rungaw, lapong, lado, kablas"
kape,n,noun,(obsolete) pronunciation spelling of keep.
kapid,n,noun,nominative plural of kapp
kapilya,n,noun,chapel
karabaw,n,noun,carabao; water buffalo
karnabal,n,noun,"carnival; fair traveling amusement park
synonym: perya"
karwahe,n,noun,four-wheeled horse-drawn carriage
kasag,n,noun,crab (saltwater)
kasing,n,noun,"a top or spinning top, made of wood and spun by a string"
kasingkasing,n,noun,"(anatomy) heart
synonym: korason"
kasirum,n,noun,evening
kasisit-an,n,noun,"difficulties, troubles"
kasulya,n,noun,(christianity) chasuble
katig,n,noun,outrigger
katsila,n,noun,"spanish
synonym: espanyol"
katulundan,n,noun,sunset
kauswagan,n,noun,"advancement; improvement
synonym: kalamboan"
kawa,n,noun,alternative form of kava.
kawatan,n,noun,"a toy
an paborito kong kawatan.my favorite toy."
kawayan,n,noun,"bamboo
synonyms: kalap, butong"
kawayanan,n,noun,bamboo grove or plantation
kawing,n,noun,present participle and gerund of kaw
kawit,n,noun,"hook
synonym: gantso"
kawkus,n,noun,caucus
kilat,n,noun,lightning (flash of light)
kilay,n,noun,(anatomy) eyebrow; brow
kinataohan,n,noun,birthday
kolera,n,noun,"anger, rage
synonym: amorru"
kolintas,n,noun,rosary
koltson,n,noun,mattress
kompanyero,n,noun,"companion
synonyms: kaibahan, kabohan"
konbensyon,n,noun,"convention, meeting"
korason,n,noun,"(anatomy) heart
synonym: kasingkasing"
kubrekama,n,noun,bedsheet; bedspread
kudyapi,n,noun,a boat-shaped lute
kulantro,n,noun,cilantro (us); coriander (uk)
kuning,n,noun,yellow
kuring,n,noun,cat
kusina,n,noun,kitchen
kutkut,n,noun,alternative spelling of kutkot
kuto,n,noun,louse
kutsara,n,noun,spoon
kutsarita,n,noun,teaspoon
kutsilyo,n,noun,(cutlery) kitchen knife
kutud,n,noun,"boundary, line"
kuul,n,noun,"ball, especially a heavy one"
kwadra,n,noun,shed
kwarentenas,n,noun,quarantine
labaha,n,noun,"razor
synonym: pang-ahit"
lae,n,noun,(international standards) iso 639-3 language code for pattani.
lag-it,n,noun,"cheat, imposter, sneak, swindler, trickster"
lagari,n,noun,saw (tool)
lagwerta,n,noun,alternative form of laguwerta
lagwertero,n,noun,gardener
lala,n,noun,alternative form of ilala.
lalaki,n,noun,"a man; a male human
coordinate term: babayi"
lamok,n,noun,mosquito
landong,n,noun,"shadow
synonym: halon"
lanog,n,noun,"weal; bruise, black eye"
lansang,n,noun,nail (metal pin)
langgaw,n,noun,vinegar
langit,n,noun,sky
langoy,n,noun,"swim, swimming"
lap-ok,n,noun,blister
larawanan,n,noun,photographer's studio
lasi,n,noun,"to leave
1905, l. l. zamenhof, fundamento de esperanto, antaŭparolo:mi permesis al mi nur korekti la preserarojn; sed se ia vorto estis erare aŭ nelerte tradukita, mi ĝin lasis en tiu ĉi libro tute senŝanĝei allowed myself only to correct the printing errors; but if any word was erroneously or unskillfully translated, i left it in this book entirely unchanged"
latagon,n,noun,"valley, a rural area"
latayan,n,noun,a narrow bridge often with no handrail
latok,n,noun,(dated) small table
lawa,n,noun,spider
lawas,n,noun,old
layi,n,noun,"adultery
synonym: láè"
libre,n,noun,"(obsolete, rare) especially of the will: free, independent, unconstrained.
1599, alexander hume, “of gods benefites bestowed vpon man”, in hymnes, or sacred songs, […], edinburgh: printed by robert walde-graue, […], →oclc; republished as john gardiner kinnear, editor, hymns and sacred songs, […] (bannatyne club publications; 41), edinburgh: printed by ballantyne and co. [for the bannatyne club], 1832, →oclc, page 10:he [god] adame lent a libre will to follow what he liſt, / and with his holy ſpirit, and grace his choſen dois aſſiſt: [...]"
likod,n,noun,(anatomy) back
lima,n,noun,alternative letter-case form of lima of the icao/nato radiotelephony alphabet.
linaw,n,noun,"clarity, clearness
synonym: liwanag
antonyms: libog, labog"
linog,n,noun,earthquake
linti,n,noun,"lentils
synonym: pãpudã"
lingkoranan,n,noun,"a seat; a chair
synonym: siya"
liog,n,noun,(anatomy) neck
liso,n,noun,"seed
synonym: binhi"
lomot,n,noun,moss (plants of the division bryophyta)
luab,n,noun,collar
lubi,n,noun,"(mythology) a mythological figure of albanian folklore imagined as a spiteful multiheaded serpentine dragon woman (also imagined as a serpent or demon), not dissimilar to a lernean hydra in ancient greek folklore. the number of heads varies from 7 to 100, and when one is cut off another grows in its place.
synonym: kuçedër"
lubong,n,noun,"burial (act of burying)
synonym: talbong"
lugpitan,n,noun,"press, vice, clamp"
luha,n,noun,tear
lunang,n,noun,mud
lungsod,n,noun,"city
synonym: siyudad"
luy-a,n,noun,ginger (zingiber officinale)
mais,n,noun,maize; corn
mamaw,n,noun,"(uk, dialect, scottish lowlands) one's mother."
man-og,n,noun,snake
mananap,n,noun,"any animal
coordinate terms: hayop, ihalas"
manang,n,noun,elder sister; big sister
manay,n,noun,"male
ca kading manay ― a male goat"
manok,n,noun,"chicken, poultry, fowl"
manol,n,noun,the arabian jasmine (jasminum sambac)
manong,n,noun,elder brother; big brother
manoy,n,noun,"elder brother; big brother
nagtatabang si manoy sa samuyang mga magurang sa mga gibohon sa harong.our big brother helps our parents do housework."
mangga,n,noun,mango
mango,n,noun,"a tropical asian fruit tree, mangifera indica.
1980, bruce chatwin, the viceroy of ouidah, page 146:on the hot days, he would lie in the shade of a mango and let little eugenia clamber over his belly and tug at his beard."
maragomo,n,noun,short with someone
mata,n,noun,"a respectful title for a female spiritual leader or for a wife, mother, or grandmother of a male spiritual leader."
matápan,n,noun,"flat, level, plain"
milok,n,noun,eyelash
monyeka,n,noun,alternative spelling of munyeka
multa,n,noun,fine
mumho,n,noun,fallen crumbs of cooked rice on the floor or table
munga,n,noun,(obsolete) the bonnet monkey.
musika,n,noun,music
namit,n,noun,"taste, flavor
synonyms: tana, lasa
ano an namit kaiyan?what's the taste of it?"
negrense,n,noun,a native or inhabitant of the philippine island of negros
nipa,n,noun,a palm tree of the species nypa fruticans.
numero,n,noun,the sign ⟨ № ⟩.
ngalan,n,noun,name
okra,n,noun,"the edible immature mucilaginous seed pod (properly, capsule) of the abelmoschus esculentus.
1679, thomas trapham, a discourse of the state of health in the island of jamaica..., pages 59–60:...as a food easy of digestion may well be admitted likewise the young ocra an agreeable food as well for the species as individual, dressed variously according to pleasure...
1940, farmers' bulletin, number 232, page 7:select young okra, wash thoroughly, remove the stems, and wipe the okra dry.
1997, lisette verlander et al., the cookin' cajun cooking school cookbook, page 25:wash and dry okra, remove stems, and slice in one-inch rounds. (if using frozen okra, do not wash.) heat two tablespoons oil in a heavy saucepan other than black iron. saute okra in oil and vinegar, stirring often until ropiness is gone.
2006, francis n. wiltz, in the kitchen with papa wiltz, page 1:i hated cooking okra because it was so slimy when you first start."
paa,n,noun,(international standards) iso 639-2 & iso 639-5 language code for papuan languages.
paalam,n,noun,causative of álam
pabrika,n,noun,factory
pader,n,noun,stone or concrete wall or fence
padong,n,noun,umbrella
padugi,n,noun,method
paglaum,n,noun,hope
paka,n,noun,frog
paklay,n,noun,"a filipino dish made from various pork, goat, or beef tripe or offal (internal organs), with sautéed spices, such as julienned ginger, chilis (siling mahaba), bamboo shoots (labong), carrots, bell pepper, tomatoes, garlic, onions, and black pepper, among other ingredients, especially in the cuisine of central visayas and mindanao"
palahubog,n,noun,"drunkard, alcoholic
synonyms: palainom, hinginom"
panakot,n,noun,a spice
pananglitan,n,noun,"an analogy, example, or illustration"
pangalikog,n,noun,a probe
panganud,n,noun,cloud
paryente,n,noun,"a relative
synonyms: relasyon, erensya"
pasahi,n,noun,"extraordinary, exceptional, remarkable"
passinhon,n,noun,resident or inhabitant of passi
patani,n,noun,lima beans
patatas,n,noun,a potato
patay,n,noun,to kill
pating,n,noun,shark
patron,n,noun,"one who protects or supports; a defender or advocate.
c. 1590–1592 (date written), william shakespeare, “the taming of the shrew”, in mr. william shakespeares comedies, histories, & tragedies […] (first folio), london:  […]  isaac iaggard, and ed[ward] blount, published 1623, →oclc, [act iv, scene ii]:patron of my life and liberty
1590, edmund spenser, “book i, canto i”, in the faerie queene. […], london:  […]  [john wolfe] for william ponsonbie, →oclc:the patron of true holiness
1834–1838 (date written), thomas babington macaulay, “virginia”, in lays of ancient rome, london: longman, brown, green, and longmans, […], published 1842, →oclc, page 154:let him who works the client wrong beware the patron’s ire!
a guardian or intercessor; synonym of patron saint.
st. joseph is the patron of many different places."
payong,n,noun,(historical) a parasol used as a javanese emblem of rank.
pelikula,n,noun,(photography) film (medium used to capture images)
petsay,n,noun,chinese cabbage (either napa cabbage or bok choy)
pigtot,n,noun,coccyx; tailbone
pikoy,n,noun,"(anatomy, humorous) the penis
synonyms: buto, pisot"
pilak,n,noun,silver
pildoras,n,noun,pill
pililion,n,noun,"nominee, one who is worthy or desirable to be chosen"
pito,n,noun,a type of beer made from fermented millet or sorghum in parts of west africa.
piyansa,n,noun,(law) bail
pobre,n,noun,"poor; impoverished
synonym: mahidap
antonym: mayaman
pobre sana kami.we're just poor"
polbora,n,noun,"gunpowder
synonym: ubat"
pototanon,n,noun,resident or inhabitant of pototan
premyo,n,noun,alternative form of premiyo
primo,n,noun,(music) the principal part of a duet.
probinsya,n,noun,alternative spelling of probinsiya
propeta,n,noun,prophet
pulu,n,noun,"a silky material obtained from the fibres of cibotium glaucum, a tree fern of hawaii."
punoan,n,noun,"base, foot (of trees)"
punse,n,noun,a mixed alcoholic drink
puok,n,noun,too short
puol,n,noun,"monotonous; tedious, repetitious or lacking in variety"
ra-ing,n,noun,"dirty, grimy, soiled. sullied"
ramay,n,noun,rice
rason,n,noun,"reason; excuse
synonym: dahilan"
relihion,n,noun,religion
sabado,n,noun,saturday
sabak,n,noun,alternative form of sabat
sabat,n,noun,"(architecture) a roofing structure with the street beneath it in mediterranean and middle eastern architecture, serving to support buildings or to cool pedestrians by maximizing daytime shade and accelerating breezes."
sabila,n,noun,aloe
sablayan,n,noun,"clothesline
synonyms: halayhayan, balaybayan"
sag-ang,n,noun,(anatomy) chin
sagad,n,noun,commonly; usually
sagaynon,n,noun,resident or inhabitant of sagay
saging,n,noun,banana
sakayanon,n,noun,a seafarer; a sailor or mariner
salakay,n,noun,"attack; assail
synonyms: atake, sakyada, surong"
salaming,n,noun,present participle and gerund of salam
salapi,n,noun,money
salbabida,n,noun,life preserver; life jacket
salsalon,n,noun,iron
salug,n,noun,floor
samad,n,noun,cut
sambag,n,noun,"tamarind (tamarindus indica)
synonym: tamarindo"
samong,n,noun,a species of top snail (trochus niloticus)
sampal,n,noun,slap on the face
sansaw,n,noun,grass jelly
sanga,n,noun,"(australia, colloquial) sandwich."
sapatos,n,noun,shoe
semana,n,noun,week
sentimyento,n,noun,alternative form of sentimiyento
seremonya,n,noun,"ceremony
synonym: seremonyas"
serip,n,noun,sheriff
sibat,n,noun,"to run away
synonyms: dulag, layas, rabas"
sibuyas,n,noun,onion
sid-o,n,noun,"hiccup
synonym: sikdo"
sidlangan,n,noun,"east
synonym: mulud-an"
sidra,n,noun,cider
sielo,n,noun,"heaven, firmament, sky
synonym: langit"
sikdo,n,noun,"hiccup
synonym: sid-o"
siko,n,noun,elbow
sinelas,n,noun,alternative form of tsinelas
sip-on,n,noun,"(partido, sorsogon) alternative form of sìpon (“common cold”)"
sip-onon,n,noun,sniveler; sniffler
sirip,n,noun,sheriff
siya,n,noun,alternative form of siella
sobre,n,noun,envelope
sokla,n,noun,silk
solang,n,noun,synonym of solange
soldado,n,noun,"a soldier, in spanish-speaking contexts."
suba,n,noun,(kasar) already
subay,n,noun,"bachelor, bachelorette; unmarried person. (mostly of men)
bütün subaylara qismət olsun.may [this] be the destiny for all bachelors. [usage 1]"
sulod,n,noun,inside
sulog,n,noun,"rooster (young)
synonym: lalong"
sulud,n,noun,nominative plural of sulg
sumalayhaw,n,noun,cockerel; young cock
sun-adan,n,noun,fireplace
sundang,n,noun,(philippines) a kind of dagger or short machete.
sunlog,n,noun,tease
sungay,n,noun,horn
suyak,n,noun,slashed tire
taas,n,noun,plural of taa
tagiposoon,n,noun,"heart
synonym: kasingkasing"
tagipusoon,n,noun,alternative form of tagiposoon
tagipusuon,n,noun,(anatomy) heart
tagna,n,noun,guess; predict
tahum,n,noun,"beauty, prettiness, attractiveness"
takuri,n,noun,kettle; teapot
talong,n,noun,"eggplant, aubergine"
tampis,n,noun,"apron, skirt"
tampok,n,noun,elite
tampulanga,n,noun,(botany) hibiscus
tandaan,n,noun,"sign, signal"
tanhaga,n,noun,"extraordinary, marvelous, wonderful"
tanga,n,noun,"(historical) any of various former asian coins, including: a coin of portuguese india worth one tenth of a rupee; a gold coin of india issued by various muslim rulers; a silver coin of india, also issued by muslim rulers; and a former silver coin of tibet.
1810, richard haklvyt, hakluyt's collection of the early voyages, travels, and discoveries of the english nation- volume 2, page 410:the larines are woorth by just value basaruchies 93 and 3 fourth parts, and 4 larines make a seraphine of siluer, which is 5 tangas of good money, and these also haue serafagion of 6, 7, 8, 10, vntil 16, by the 100, for when the ships depart for the north, to say, for chaul, diu, cambaia, or bassaim, all cary of the same, because it is money more currant then any other.
1841, the literary gazette and journal of the belles lettres, page 136:the first and largest item is, the purchase of a wife, 25 rupees. culinary and other utensils.--bedding, 6 rupees; antimony for the lady's eyes, 3 tangas : an iron boiler, 2 rupees; a wooden bowl and spoons, 3 tangas; ....
1875, report of a mission to yarkund in 1873, under command of sir t[homas] d. forsyth, page 73:the prices range from 120 tangas = rupees 25 to 400 tangas = rupees 80.
1996, jonathan l. lee, the ""ancient supremacy"":, →isbn:three-sevenths, or 300,000 tangas (100,000 kabul rupees) were remitted to the amir as tribute, whilst the remaining sum, 400,000 tangas (rs. 133,333), was retained by the wali for his own expenses.
2003, ahmad hasan dani, vadim mikhaĭlovich masson, history of civilizations of central asia, →isbn:the samarkand tangas were initially 916 carats, and then rose to 960 carats. lower-carat tangas were issued in balkh (875 carats, 916 carats) and in tashkent. nevertheless, even the tangas issued under iskandar khan are referred to in documentary sources as 'pure'."
tangis,n,noun,plural of tangi
tangkugo,n,noun,(anatomy) nape
tao,n,noun,(international standards) iso 639-3 language code for yami.
tawo,n,noun,man; person; human being
taya,n,noun,"bet; wager
synonyms: pusta, usod"
tayobong,n,noun,starch
telepono,n,noun,telephone
teolohia,n,noun,theology
tesorero,n,noun,treasurer
tibakla,n,noun,grasshopper
tigilinit,n,noun,summer
tiil,n,noun,"a foot, in its senses as
(anatomy) a human foot
(zoology) any equivalent body part of an animal"
tiilan,n,noun,the lower part of
tiki,n,noun,"carved talisman in humanoid form, common to the cultures of the pacific ocean."
tikling,n,noun,a rail; any member of the family rallidae
tikoy,n,noun,nian gao (a chinese new year cake made of glutinous rice flour)
tililawan,n,noun,"test, trial"
timaan,n,noun,symbol
timawa,n,noun,impoverished
timbangan,n,noun,"scale (device used to measure mass or weight)
synonyms: pesaran, baskula"
tindak,n,noun,"kick
synonym: sipa"
tingulan,n,noun,"rainy season; wet season; monsoon season
synonym: dagna"
tiyan,n,noun,"(anatomy) belly, abdomen"
toktok,n,noun,to knock
tornilyo,n,noun,"screw, bolt
synonym: tuwerka"
toro,n,noun,a traditional japanese lantern.
tubig,n,noun,water
tudlo,n,noun,(anatomy) finger
tudlo sang dalaga,n,noun,a type of banana
tuhod,n,noun,(anatomy) knee
tuig,n,noun,year
tuko,n,noun,gecko
tul-an,n,noun,bone
tulug,n,noun,to sleep
tunok,n,noun,(botany) thorn
ugangan,n,noun,parent-in-law
ugtu,n,noun,noon
uhaw,n,noun,"thirsty
coordinate term: gutom"
ulan,n,noun,alternative form of uhlan.
ulo,n,noun,(anatomy) head
ulod,n,noun,"worm
synonym: halod"
unsa,n,noun,"(interrogative) what
nag-unsa ka? ― what are you doing?
unsa ang imong kinahanglan? ― what do you need?"
upod,n,noun,"too, also, as well as
synonyms: pud, usab, sab, sad"
urang,n,noun,rain
urok,n,noun,"dimple
synonyms: pilok, lusot"
usa,n,noun,(international standards) iso 639-3 language code for usarufa.
utak,n,noun,"(anatomy) brain
synonym: hutok"
utang,n,noun,debt
utod,n,noun,to cut
utok,n,noun,brain
utud,n,noun,something cut off or broken off
uyang,n,noun,grandmother
wala,n,noun,alternative spelling of wallah.
wasay,n,noun,an axe
wayang,n,noun,"traditional indonesian arts performance (shadow puppetry, theatrical, dance, etc.) originating from java island."
yahong,n,noun,a soup bowl
yawa,n,noun,"(theology) devil
synonym: diyablo"
anum,n,noun,(twi) five
apat,n,noun,"four
synonym: kuwatro"
duha,n,noun,"two
synonym: dos"
gatus,n,noun,hundred
isa,n,noun,(international standards) iso 639-3 language code for isabi.
kalim-an,n,noun,"fifty
synonym: singkuwenta"
kaluhaan,n,noun,"twenty
synonym: baynte"
kan-uman,n,noun,"sixty
synonym: saisenta"
kap-atan,n,noun,"forty
synonym: kuwarenta"
kasiyaman,n,noun,"ninety
synonym: nobenta"
libo,n,noun,thousand
lima,n,noun,alternative letter-case form of lima of the icao/nato radiotelephony alphabet.
napulo,n,noun,"ten; 10
synonym: diyes"
napulo'g anum,n,noun,sixteen
napulo'g apat,n,noun,fourteen
napulo'g duha,n,noun,"deprecated, pre-2014 spelling of napulog duha."
napulo'g isa,n,noun,eleven
napulo'g lima,n,noun,"deprecated, pre-2014 spelling of napulog lima."
napulo'g pito,n,noun,"deprecated, pre-2014 spelling of napulog pito."
napulo'g siyam,n,noun,"deprecated, pre-2014 spelling of napulog siyam."
napulo'g tatlo,n,noun,thirteen
napulo'g walo,n,noun,"deprecated, pre-2014 spelling of napulog walo."
pito,n,noun,a type of beer made from fermented millet or sorghum in parts of west africa.
siyam,n,noun,nine
tatlo,n,noun,three
walo,n,noun,eight
balaw,n,noun,shrimp (small)
halong,pb,phrasebook,"to handle with care
synonym: amlig"
maayong gab-i,pb,phrasebook,good evening; good night
palangga ta ka,pb,phrasebook,"i love you
synonym: ginahigugma ko ikaw"
bago,pb,phrasebook,"new (recently made or introduced)
antonyms: luma, daan"
buot,pb,phrasebook,to rub
sulud,pb,phrasebook,nominative plural of sulg
adto,pr,pronoun,to go there (to a place far from both the speaker and listener)
ako,pr,pronoun,(international standards) iso 639-3 language code for akurio.
aton,pr,pronoun,us
daya,pr,pronoun,(anatomy) blood
ikaw,pr,pronoun,you
ini,pr,pronoun,"(balakan, qakh, sheki, zaqatala) husband's brother
synonym: qayın"
iya,pr,pronoun,(international standards) iso 639-3 language code for iyayu.
kami,pr,pronoun,"(religion, shinto) an animistic god or spirit in the shinto religion of japan.
2000, ree soesbee, “armies on the march”, in the crane (legend of the five rings), renton, wash.: wizards of the coast, →isbn, page 96:chanting the mantra of the fire kami, they called to the blaze, summoning the heart of each flickering flame to life.
2021, marie brennan [pseudonym; bryn neuenschwander], chapter 18, in the night parade of 100 demons (legend of the five rings), nottingham, nottinghamshire: aconyte books, →isbn, page 211:but ryōtora had definitely moved a shintai during the makeshift festival – and it must have been saiun-nushi’s, because sekken couldn’t imagine the shugenja could call a kami into a foreign vessel without noticing."
kamo,pr,pronoun,(in the plural) you
kita,pr,pronoun,we (inclusive)
sila,pr,pronoun,cross-legged seating position
sin-o,pr,pronoun,who
siya,pr,pronoun,alternative form of siella
yari,pr,pronoun,(weaponry) any of various sizes of spear used in japanese martial arts.
ab-ab,v,verb,to eat
aba,v,verb,(international standards) iso 639-3 language code for abé.
abaga,v,verb,(anatomy) shoulder
abak,v,verb,abacus
abak-abak,v,verb,diminutive of ábak
aban,v,verb,one
abaniko,v,verb,"hand fan
synonyms: kayab, kabkab, pamaypay, yapyap"
abang,v,verb,window (opening for light and air)
abang-abang,v,verb,"midnight horror (oroxylum indicum, a tree where its leaves are used as a plaster in treating boils and other swollen body parts)"
abat,v,verb,abbot (superior of an abbey)
abat-abat,v,verb,diminutive of ábat
abay,v,verb,(obsolete) barking or baying of dogs at their prey. [attested from around (1150 to 1350) until the late 17th century.][1]
abay-abay,v,verb,diminutive of abáy
abi,v,verb,(international standards) iso 639-3 language code for abidji.
abi-abi,v,verb,greeting; salutation
abian,v,verb,"underway, running"
abiar,v,verb,to invite
abibar,v,verb,"to urge, encourage, rouse"
abiog,v,verb,"to move to and fro, to swing or rock"
abisar,v,verb,"to advise, inform, notify"
abiso,v,verb,"advisory; announcement; notice; warning
synonym: pahibalo"
ablang,v,verb,"breadth, width"
ablay,v,verb,shawl
abo,v,verb,(international standards) iso 639-3 language code for abon.
abo-abo,v,verb,"the color of ash, ashen"
abonar,v,verb,"to accredit, to make (someone) appear good"
aboy,v,verb,"spouse
synonyms: asawa, abuyan
kang aboy ― my spouse"
abrasita,v,verb,hug
abraso,v,verb,first-person singular present indicative of abrasar
abri,v,verb,(geology) a shelter; a cavity in a hillside; a shelter on the side of hill with an overhung rock as its roof[1] [first attested in the early 19th century.][2]
abrisita,v,verb,alternative spelling of abrasíta
abtan,v,verb,arrive
abud,v,verb,"(rare) budding
1923, julie m. lippmann, dreamland:[…]  he began to whistle merrily, and in an instant the whole world about him was bright of hue and joyous again, and looking, he saw, to his amazement, that the bare branches were abud."
abukay,v,verb,red-vented cockatoo (cacatua haematuropygia)
abung,v,verb,to intercept; to stop; to catch
abusar,v,verb,"(intransitive, abusar de) to abuse (use improperly)"
abuso,v,verb,abuse
abut,v,verb,"(intransitive) to touch by means of a mutual border, edge or end; to border on; to lie adjacent (to); to be contiguous (said of an area of land) [first attested around 1350 to 1470.][3]
it was a time when germany still abutted upon russia.
his land abuts on the road."
abut-abut,v,verb,frequentative of abút
abwa,v,verb,make
abyog,v,verb,"to swing, oscillate"
adorno,v,verb,"a clay ornament attached to a piece of pottery, usually at the rim.
1999, clarence bloomfield moore, jeffrey m. mitchem, the west and central florida expeditions of clarence bloomfield moore, page 25:willey (1949:324) suggested that this mound probably dates to late weeden island times, though the bird head rim adorno (luer 1992a:54, figure id; moore 1903:figure 63) might indicate a safety harbor component."
agao,v,verb,to seize or take by force
agda,v,verb,"to invite
synonyms: alok, imbitar, kombida"
agi,v,verb,(international standards) iso 639-3 language code for agariya.
agwanta,v,verb,to endure; to put up with; to tolerate
akal-akal,v,verb,to bubble or seethe
alagad,v,verb,"but; however; yet
synonyms: pero, ugaring"
alamilaw,v,verb,to doze
alinga,v,verb,"to watch; to see over; to supervise
synonym: anila"
alipasa,v,verb,"hurry, rush"
almoranas,v,verb,(pathology) hemorrhoid
amba,v,verb,"a characteristic landform in ethiopia: a steep-sided, flat-topped mountain, often the site of a settlement."
amoma,v,verb,"regale, treat with food and drink"
ampo,v,verb,a javan snack food consisting of thin sticks of baked earth.
anad,v,verb,"accustomed to; skilled at; expert in
synonym: antigo
anad yi kami sa kainda pag buhay.we are already accustomed to this way of life."
anila,v,verb,beehive
aninaw,v,verb,to observe carefully
ankla,v,verb,anchor
angkab,v,verb,a take a bite
arado,v,verb,plow/plough
asin,v,verb,salt
aslum,v,verb,sourness
aso,v,verb,(international standards) iso 639-3 language code for dano.
aspalto,v,verb,asphalt
athag,v,verb,"clear, distinct"
atubang,v,verb,"manner of facing on a position
synonym: hampang"
awat,v,verb,manila hemp (fiber of an abaca)
ayag,v,verb,sift
ayo,v,verb,"(slang) a greeting.
synonyms: hey, hi, yo
2004, michael daniel baptiste, cracked dreams, page 73:""ayo, red. it's the homie spits on the jack for you, blood."" ""ayo, homeboy,"" said red as he excitedly picked up the telephone receiver. ""what's up, fool?""
2007, reginald l. hall, in love with a thug, page 38:“ayo, wassup, girl,” he said to keisha as he continued to walk toward the back area where i stood.  […]  “ayo, wassup, playa?
2007, tony j. ward, jr., i've got to make it to heaven for going through hell: part 1, page 39:ayo toine, you think they'd put me down?
2007, nikki turner, christmas in the hood, page 289:""ayo, fam, you a'ight down there?"" victorious's cell mate asked.
2008, treasure hernandez, resurrection, page 106:""ayo, ma, where you going?"" a dude asked her as she walked by him.
2008, ashley jaquavis, the trophy wife, page 103:""ayo, kalil!"" a man's voice said from amidst the crowd. kalil looked up and saw his lil' man, peanut, distributing packets of heroin and taking money from the fiends.
2010, r green damon, somethin' to think about, page 197:""ayo, cee, listen to this shit here,"" said matt, passing him his cell."
baak,v,verb,crevice
baas,v,verb,"(south africa) an employer, a boss (frequently used as a form of address).
1979, andré brink, a dry white season, vintage, published 1998, page 40:‘that's not what i'm complaining about, baas,’ said gordon.
1932, george bernard shaw, the adventures of the black girl in her search for god, hesperus press limited, published 1961, page 11:‘excuse me, baas,’ she said, 'you have knowing eyes.'"
badlak,v,verb,"beam, dazzle, sparkle"
bahon,v,verb,"sneeze
synonym: hatsing"
bahoy,v,verb,"witch, sorceress"
bailo,v,verb,"(historical) title of the venetian envoy to particularly the sublime porte
1886, the journal of hellenic studies, volume 7, page 328:venice engaged to restore to the triarchs all property which the baili had conferred in fief since 1255.
2010, gábor ágoston, encyclopedia of the ottoman empire, page 73:in 1670 the bailo was considered responsible for all the venetian consuls in the ottoman empire."
bais,v,verb,plural of bai
bakal,v,verb,male kid (baby goat)
balatian,v,verb,feeling; sensitivity
baleu,v,verb,to change; to transform; to transmogrify
balhag,v,verb,"printed, published"
balhas,v,verb,sweat
balhin,v,verb,"alter, change, transform"
bali,v,verb,offering
balibad,v,verb,to refuse
baligya,v,verb,"goods, merchandise"
balita,v,verb,news
balo,v,verb,"ruining, spoiling, destruction"
banta,v,verb,to warn someone not to do something
bantay,v,verb,attendant
banga,v,verb,five
bangis,v,verb,"violence; cruelty
synonyms: isog, kuri, ringis"
bangon,v,verb,to get up
bangot,v,verb,"bind, tie"
barit,v,verb,to sharpen
bas-on,v,verb,"to be damp, or wet"
basa,v,verb,"the catfish pangasius bocourti.
synonyms: (britain) cobbler, river cobbler"
basa-basa,v,verb,to leaf through; to peruse; to skim
basol,v,verb,"blame; reproach
synonym: sudya"
bata,v,verb,"a ceremonial double-headed drum played in triplet in the religion of santería, especially in cuba and puerto rico, originally from the yoruba of nigeria.
1990 october 28, paul simon, “the rhythm of the saints”, in the coast, warner bros.:two guitars, bata, bass drum and tambourine.
2019, marlon james, black leopard, red wolf, hamish hamilton, page 283:five drummers in front setting the dance—three beating barrel drums, a fourth beating a double-skin bata, and the fifth beating four small bata tied together."
bati,v,verb,"alternative form of batty (“buttocks, anus; homosexual man”)."
bato,v,verb,stone
batok,v,verb,bark (loud utterance by a dog)
baton,v,verb,"a staff or truncheon, used for various purposes."
bawi,v,verb,woman
bayaw,v,verb,"brother-in-law
synonym: kunyado"
baylo,v,verb,"change, exchange, replace"
bendisyon,v,verb,"benediction, blessing"
bendita,v,verb,holy water
bihag,v,verb,captive (one who has been captured)
bika,v,verb,to spread one's legs
bilanggo,v,verb,to imprison; to jail
bilid,v,verb,mountain
bilin,v,verb,(biochemistry) any of various biological pigments formed in many organisms as a metabolic product of certain porphyrins.
bilwa,v,verb,alternative form of vilwa.
bino,v,verb,(physics) the superpartner of the gauge boson corresponding to weak hypercharge. the w and z bosons are electroweakinos: winos and binos.
bisyo,v,verb,"bad, wicked, naughty, disobedient"
bitas,v,verb,to rip; to tear apart
bitay,v,verb,"to hang
to be or remain suspended
to cause (something) to be suspended, as from a hook, hanger, or the like
to execute (someone) by suspension from the neck
to be executed by suspension by one's neck from a gallows, a tree, or other raised bar, attached by a rope tied into a noose
to decorate (something) with hanging objects
(computing) to stop responding to manual input devices such as keyboard and mouse
(computing) to cause (a program or computer) to stop responding"
bitin,v,verb,"a snake; a legless reptile of the sub-order serpentes with a long, thin body and a fork-shaped tongue"
bobo,v,verb,"a materialistic person who affects an anti-materialistic persona.
2000, david brooks, bobos in paradise […] , simon & schuster, →isbn, page 207:the small things—an olive grove or a small chapel—take on greater meaning to a bobo on vacation.
2011 april 12, alex lobrano, “bobo heaven in paris”, in t magazine‎[1], retrieved 26 june 2019:peruse the paris papers these days and you'll notice an obsession with bobos: no, they're not a team of cheerleaders or a troupe of clowns, but rich, artsy types known as  bourgeois bohemians,  who are now pretty much the tip of parisian tastemakers. so when friends who were recently staying in saint germain des pres asked me where to go to people watch, i told them to head for the ninth arrondissement  citadel of bobo cool."
bokbok,v,verb,a type of boring insect
budhi,v,verb,to betray
bug-os,v,verb,"complete, whole"
bugalon,v,verb,to be or become proud
bugas,v,verb,"milled rice, white rice"
bugay,v,verb,to give
bugkos,v,verb,"bundle, parcel"
bugsay,v,verb,"oar, paddle"
bugto,v,verb,to snap; to fracture or break apart suddenly
buhat,v,verb,"raise; lift; act of picking up something heavy
synonyms: alsa, tuon"
buhin,v,verb,subtraction
buk-on,v,verb,to cut or open
bukad,v,verb,to expand
bukadkad,v,verb,to bloom
buksan,v,verb,open
bulag,v,verb,to separate; to cause (things or people) to be separate
bulak,v,verb,an indian nose ring usually worn by married women.
bulakbol,v,verb,"truancy
synonyms: lakuwatsa, luok"
bulang,v,verb,"cockfight
synonyms: topada, sabong"
buli,v,verb,(botany) fluttering elm (ulmus laevis)
buligan,v,verb,third-person plural present indicative of buligar
buling,v,verb,"dirt, soot, stain"
bulung,v,verb,"drug, medicine"
bulus,v,verb,the beginning of a flood in a flooded river
bunit,v,verb,"(fishing): angle, hook"
buntug,v,verb,stye
bunggo,v,verb,alternative form of bangga
burnil,v,verb,to polish; to shine
buta,v,verb,alternative form of boteh.
butho,v,verb,to arrive suddenly and unannounced; to plump in
buti,v,verb,"barrel, cask"
butok,v,verb,to make or force an animal to lie down on its side
butok-butok,v,verb,diligent
buung,v,verb,"broken, smashed"
buy-an,v,verb,"escape, to let to get away"
buyagyag,v,verb,"betray, expose, make public, tell"
buyayaw,v,verb,to curse; to swear
buylog,v,verb,accompany
buyot,v,verb,a woven bag
dab-ot,v,verb,to reach out
dabadaba,v,verb,kindling
dabdab,v,verb,"kindle, light"
dag-on,v,verb,year
dagas,v,verb,"lunge
synonym: dagsang"
dagat,v,verb,sea
dagsang,v,verb,"lunge
synonym: dagas"
dagumak,v,verb,to wear out from frequent use
dagyang,v,verb,"enjoy oneself, frolic"
dahog,v,verb,"shoot, tendril"
dakup,v,verb,"to catch, to apprehend, to arrest, to capture"
dala,v,verb,"(historical) the currency of hawaii between 1847 and 1898, equal to the united states dollar.
2018, todd a. watkins, introduction to microfinance:my mother kept a dollar bill in hawaiian currency—a dala—given to her as a souvenir of her brother's service in the army."
dalang-dalang,v,verb,astray
dalaw,v,verb,"visit, visitation
synonyms: pagbisita, rukat, pagsungko, sunglog"
daldal,v,verb,"loquacity, talkativeness
synonym: tabil"
dalhon,v,verb,to bring; to carry
dalin-as,v,verb,"skid, slip, slide
synonym: dakin-as"
dalok,v,verb,"greedy, gluttonous"
dalum,v,verb,(of depth) deep
daman,v,verb,the rock hyrax.
damgohon,v,verb,to dream
damo,v,verb,"(chess, card games) queen
1908, henri vallienne, ĉu li?, ch. 3:la junulo miksis la kartojn kaj prenis unu el ili. ĝi estis la kera damo.the youth shuffled the cards and drew one of them. it was the queen of hearts.
1910, e. l. kearney (translator), la aventuroj de alicio en mirlando, translation of alice's adventures in wonderland by carroll, lewis, ch. 11:la kera damo bakis tortojn / en iu somertago!the queen of hearts, she made some tarts, / all on a summer day."
dampig,v,verb,"aid, help, support"
dangat,v,verb,"(naga) love; affection; endearment
synonyms: daba, muot, mahal"
dangaw,v,verb,"a handspan (the distance measured by a human hand, from the tip of the thumb to the tip of the little finger)"
danggot,v,verb,wean
dapig,v,verb,"companion, partner"
dapit,v,verb,"regarding; about
synonym: manunungod"
daplos,v,verb,"(legazpi, sorsogon) sweat, perspiration
synonyms: ganot, hinang"
daroos,v,verb,a severe cough
daskon,v,verb,cram
daug,v,verb,romanization of 𐌳𐌰𐌿𐌲
daut,v,verb,nonstandard spelling of daot
dawat,v,verb,to receive
dawdaw,v,verb,"turn, spin"
dawhat,v,verb,receive
deskarga,v,verb,unloading
dikta,v,verb,dictate
dingot,v,verb,nominative plural of dingo
dis-og,v,verb,"jostle, push"
dogsing,v,verb,"to nudge or stroke, often flirtatiously"
dohol,v,verb,"a type of percussion instrument used in iran, afghanistan and kurdistan."
dool,v,verb,"inflection of dolen:
first-person singular present indicative
(in case of inversion) second-person singular present indicative
imperative"
duag,v,verb,stave
dugang,v,verb,"(formal) addition; act of adding something
synonym: dagdag"
dugmok,v,verb,"to break by applying pressure or weight, to crush"
dugus,v,verb,the best part of a thing
duha,v,verb,"two
synonym: dos"
duha-duha,v,verb,by pairs; two by two; two at a time
duko,v,verb,"stoop, act of bending over"
dula,v,verb,game
dulum,v,verb,darkness; gloom
dulumugan,v,verb,swarm
dumaay,v,verb,fade
dumagaya,v,verb,flourish
dumagsa,v,verb,the northeast monsoon
dumar,v,verb,"tame, train"
dumayon,v,verb,enter
dumdum,v,verb,"a soft-nosed bullet that expands on impact to cause a gaping wound.
march 1920, alice ballantine kirjassoff, “formosa the beautiful”, in national geographic magazine‎[1], page 267:he related to us how the savages make bullets from the heart of a very hard wood cured by a special process. these bullets are only effectual when fired from a short range, and when they lodge in the flesh they explode like dumdum bullets.(he here refers to tim soan, a taiwanese aboriginal person)"
dumili,v,verb,prohibit
dumugo,v,verb,bleed
dumugok,v,verb,attend
dumukot,v,verb,to stick
dumulog,v,verb,pause
dumungka,v,verb,"harbor, land"
dunoton,v,verb,crush
dupak,v,verb,"dirty, foul, obscene, smutty"
duyanon,v,verb,swing
eksamen,v,verb,"examination, exam (formal test)"
eskuwela,v,verb,school; learning institute
fuersa,v,verb,"force, strength, vigor"
gaang,v,verb,"to heat, warm"
gabuk,v,verb,"rotten, decayed, decomposed"
gabut,v,verb,"to pull out, to extract, to uproot"
galing,v,verb,present participle and gerund of gale
gamit,v,verb,to use
ganyat,v,verb,past participle of ganyar
gapas,v,verb,sickle
garuk,v,verb,filth
gasolina,v,verb,"gasoline, petrol (motor fuel)"
gatasan,v,verb,the spotfin lionfish (pterois antennata)
gatong,v,verb,firewood; fuel
gaway,v,verb,tentacle
gikas,v,verb,to cut off or diminish
gisa,v,verb,"way, manner
synonyms: modu, molde"
gision,v,verb,"to rip, to tear
synonym: rabrabon"
giyan,v,verb,"desire, inclination, liking for"
godgod,v,verb,"follow up, look for, search for"
gub-on,v,verb,disrupt
guyod,v,verb,"a drag
synonyms: gudgod, sidsid"
habok,v,verb,to swell
haboy,v,verb,"fling, hurl"
hagad,v,verb,to ask for something
hagmak,v,verb,fall down
hagna,v,verb,"motion, proposal"
haguk,v,verb,grasshopper (generic term)
hagumhum,v,verb,to hum or coo
hagunung,v,verb,boom
hagung,v,verb,"to hum, coo"
hagunghung,v,verb,a rumbling sound
hagup,v,verb,to be tame
halab,v,verb,graze
halay,v,verb,hang
halin,v,verb,to transfer
halit,v,verb,"(transitive, poetic) to cover
synonyms: zakrývat, přikrývat"
halokhok,v,verb,grunt
halong,v,verb,"to handle with care
synonym: amlig"
halunhun,v,verb,"gulp down, swallow"
hambadan,v,verb,scorn
handa,v,verb,"prepared
synonyms: andam, preparado, puwesto"
hikog,v,verb,to hang oneself
hiliugyon,v,verb,to unite
hinlo,v,verb,"smooth, level"
hingap-us,v,verb,to commit suicide by hanging
hiphip,v,verb,bribe
hubu,v,verb,accusative singular of huba
hukson,v,verb,"detach, dismount"
hutik,v,verb,whisper
huyop,v,verb,to blow
ikog,v,verb,tail
ilig,v,verb,tooth
isa,v,verb,(international standards) iso 639-3 language code for isabi.
itot,v,verb,to have sexual intercourse with someone
iyot,v,verb,"(vulgar) coitus; sexual intercourse
synonyms: habal, kayat, hilawas, jerjer, torjak"
kadton,v,verb,bite
kalikog,v,verb,to clean; to probe
kalis,v,verb,a filipino sword akin to the kris.
kamao,v,verb,"an extinct bird of hawaii, myadestes myadestinus."
kaon,v,verb,"(particle physics) any of four unstable subatomic particles, mesons, they are a combination of a strange quark or antiquark and either an up or down quark or antiquark
k0: strange quark + down antiquark
k0* (antiparticle of k0): down quark + strange antiquark
k+: strange quark + up antiquark
k- (antiparticle of k+): up quark + strange antiquark"
kapay,v,verb,"crazy; insane
synonyms: bua, loko, rungaw, lapong, lado, kablas"
kasal,v,verb,charcoal
kasla,v,verb,imperative passive of kasál
kaulangan,v,verb,"handicap
synonym: kaninan"
kawing,v,verb,present participle and gerund of kaw
kinam,v,verb,taste
kinaw,v,verb,"glisten, shine, sparkle"
kinot,v,verb,nominative plural of kino
kita,v,verb,we (inclusive)
lag-it,v,verb,"cheat, imposter, sneak, swindler, trickster"
laham,v,verb,"to touch, feel"
lakon,v,verb,genitive singular of lakko
lakum,v,verb,"to deceive; to cheat; to swindle
synonym: lakon"
lala,v,verb,alternative form of ilala.
lala-lala,v,verb,diminutive of lála
lansang,v,verb,nail (metal pin)
laplap,v,verb,to drive out; to chase away; to drive
lapuyot,v,verb,"thick, condensed, coagulated"
laum,v,verb,alternative form of laom
law-ay,v,verb,vulgar; debased
layi,v,verb,"adultery
synonym: láè"
likay,v,verb,avoidance of danger by moving suddenly out of the way
lima,v,verb,alternative letter-case form of lima of the icao/nato radiotelephony alphabet.
linaw,v,verb,"clarity, clearness
synonym: liwanag
antonyms: libog, labog"
lipay,v,verb,"(naga) caterpillar
synonym: atitiras"
luab,v,verb,collar
luhod,v,verb,kneeling
lulus,v,verb,plural of lulu
lumilaw,v,verb,doze
luta,v,verb,first-person singular aorist of lut
mabalong,v,verb,"to get drunk; to intoxicate
synonym: mahubog"
magbukal,v,verb,"to seethe, to bubble, to produce foam
synonym: magbula"
magbulig,v,verb,"to aid, to help"
magdamgo,v,verb,to dream
maghatag sing kinahanglan,v,verb,supply
mahubog,v,verb,"(sorsogon) to get drunk
synonyms: maburat, mabuyong"
matay,v,verb,to die
multa,v,verb,fine
ngithil,v,verb,"to whine, whimper"
paabat,v,verb,causative of ábat
paabay,v,verb,causative of abáy
paagaw,v,verb,causative of ágao
paalam,v,verb,causative of álam
pahalin,v,verb,causative of hálin
pahat,v,verb,"a share; a portion of something, especially a portion given or allotted to someone"
pahat-pahat,v,verb,diminutive of páhat
pamulut,v,verb,frequentative of púlut
pamuyayaw,v,verb,frequentative of buyáyaw
pangalikog,v,verb,a probe
pasahi,v,verb,"extraordinary, exceptional, remarkable"
patalum,v,verb,to sharpen or hone a blade
pilak,v,verb,silver
piyansa,v,verb,(law) bail
pulut,v,verb,nominative plural of pulu
pungko,v,verb,"to squat; to crouch
synonyms: gak-ang, iskwat, puk-ong, tuk-ong, tungko"
sabak,v,verb,alternative form of sabat
sablay,v,verb,"hanging of clothes
synonyms: halayhay, balaybay"
sabtanay,v,verb,to answer
sadsad,v,verb,to dance
sagup,v,verb,"rescue, save"
sal-on,v,verb,catch
samad,v,verb,cut
samit,v,verb,"(phonetics) consonant
cingiltili samitlər ― voiced consonants
kar samitlər ― voiceless consonants"
sapding,v,verb,"touch, graze, come in contact with"
saylo,v,verb,to overshoot; to go past something; to go too far
sid-o,v,verb,"hiccup
synonym: sikdo"
sikdo,v,verb,"hiccup
synonym: sid-o"
sugod,v,verb,"sting (of a bee, wasp, etc.)
synonyms: lanit, haldat"
sulud,v,verb,nominative plural of sulg
tandog,v,verb,"feel, touch"
tanyag,v,verb,"offer, proffer"
tanga,v,verb,"(historical) any of various former asian coins, including: a coin of portuguese india worth one tenth of a rupee; a gold coin of india issued by various muslim rulers; a silver coin of india, also issued by muslim rulers; and a former silver coin of tibet.
1810, richard haklvyt, hakluyt's collection of the early voyages, travels, and discoveries of the english nation- volume 2, page 410:the larines are woorth by just value basaruchies 93 and 3 fourth parts, and 4 larines make a seraphine of siluer, which is 5 tangas of good money, and these also haue serafagion of 6, 7, 8, 10, vntil 16, by the 100, for when the ships depart for the north, to say, for chaul, diu, cambaia, or bassaim, all cary of the same, because it is money more currant then any other.
1841, the literary gazette and journal of the belles lettres, page 136:the first and largest item is, the purchase of a wife, 25 rupees. culinary and other utensils.--bedding, 6 rupees; antimony for the lady's eyes, 3 tangas : an iron boiler, 2 rupees; a wooden bowl and spoons, 3 tangas; ....
1875, report of a mission to yarkund in 1873, under command of sir t[homas] d. forsyth, page 73:the prices range from 120 tangas = rupees 25 to 400 tangas = rupees 80.
1996, jonathan l. lee, the ""ancient supremacy"":, →isbn:three-sevenths, or 300,000 tangas (100,000 kabul rupees) were remitted to the amir as tribute, whilst the remaining sum, 400,000 tangas (rs. 133,333), was retained by the wali for his own expenses.
2003, ahmad hasan dani, vadim mikhaĭlovich masson, history of civilizations of central asia, →isbn:the samarkand tangas were initially 916 carats, and then rose to 960 carats. lower-carat tangas were issued in balkh (875 carats, 916 carats) and in tashkent. nevertheless, even the tangas issued under iskandar khan are referred to in documentary sources as 'pure'."
tangis,v,verb,plural of tangi
tangkugo,v,verb,(anatomy) nape
tao,v,verb,(international standards) iso 639-3 language code for yami.
tapan,v,verb,alternative form of tupan (“kind of drum”).
taya,v,verb,"bet; wager
synonyms: pusta, usod"
telepono,v,verb,telephone
timawa,v,verb,impoverished
tindak,v,verb,"kick
synonym: sipa"
toktok,v,verb,to knock
tubig,v,verb,water
tugot,v,verb,"to allow; to permit
synonym: permitir"
tulak,v,verb,to go
tulug,v,verb,to sleep
tuo,v,verb,(international standards) iso 639-3 language code for tucano.
upod,v,verb,"too, also, as well as
synonyms: pud, usab, sab, sad"
uswag,v,verb,to progress; to develop; to advance
utang,v,verb,debt
utud,v,verb,something cut off or broken off
utud-utud,v,verb,diminutive of utúd: to cut something off
uyon,v,verb,"act of agreeing
synonyms: payag, kasundo"
wala,v,verb,alternative spelling of wallah.
