a	-0.077	0.0	0.0
-a	0.000	0.0	0.0
abakáda	0.000	0.0	0.0
abága	0.000	0.0	0.0
abalóryo	0.000	0.0	0.0
ábay	0.000	0.0	0.0
abáw	0.586	0.0	0.0
aberíya	-0.599	0.0	0.0
abí’	0.599	0.0	0.0
ábi’ábi	0.153	0.0	0.0
ábi’ábi	0.765	0.0	0.0
abogádo	0.000	0.0	0.0
abóso	-0.637	0.0	0.0
abóso	-0.494	0.0	0.0
ábri	0.000	0.0	0.0
abríl	0.000	0.0	0.0
ábtik	0.735	0.0	0.0
abú	0.000	0.0	0.0
abúnu	0.000	0.0	0.0
abúnu	0.000	0.0	0.0
abút	0.026	0.0	0.0
abút	-0.681	0.0	0.0
alabútun	0.000	0.0	0.0
ábyan	0.494	0.0	0.0
ákig	-0.836	0.0	0.0
ákig	-0.718	0.0	0.0
akú	0.000	0.0	0.0
áku’	0.440	0.0	0.0
ákun	0.000	0.0	0.0
ádlaw	0.000	0.0	0.0
ádlaw’ádlaw	0.000	0.0	0.0
-ado	0.000	0.0	0.0
ága	0.000	0.0	0.0
agálun	0.000	0.0	0.0
ágaw	0.000	0.0	0.0
ágay	0.000	0.0	0.0
ágbay	0.000	0.0	0.0
ágda	0.153	0.0	0.0
ági	0.000	0.0	0.0
ági	0.000	0.0	0.0
agí’	0.000	0.0	0.0
agí’	0.000	0.0	0.0
agósto	0.000	0.0	0.0
agrimensór	0.000	0.0	0.0
ágsa	0.000	0.0	0.0
ágsa	0.000	0.0	0.0
ágsik	0.000	0.0	0.0
ágtang	0.000	0.0	0.0
agúd	0.000	0.0	0.0
águm	0.000	0.0	0.0
águm	0.000	0.0	0.0
ágwa	0.000	0.0	0.0
agwánta	-0.542	0.0	0.0
ahá’	0.000	0.0	0.0
ahénsya	0.000	0.0	0.0
ahénte	0.000	0.0	0.0
áhos	0.000	0.0	0.0
alabá’ab	0.000	0.0	0.0
álak	-0.103	0.0	0.0
alágad	0.000	0.0	0.0
alágad	0.599	0.0	0.0
aláhas	0.000	0.0	0.0
álam	0.527	0.0	0.0
álam	0.856	0.0	0.0
álam	0.758	0.0	0.0
alámbre	0.000	0.0	0.0
alangá’ang	0.000	0.0	0.0
alangá’ang	0.000	0.0	0.0
álang’álang	-0.340	0.0	0.0
álang’álang	-0.273	0.0	0.0
alangáy	0.000	0.0	0.0
alás	0.000	0.0	0.0
álat	0.000	0.0	0.0
álat	0.000	0.0	0.0
alát	0.000	0.0	0.0
álay	-0.318	0.0	0.0
aláy’ay	0.687	0.0	0.0
alkálde	0.000	0.0	0.0
alkánse	-0.318	0.0	0.0
alkánse	-0.421	0.0	0.0
alkánse	0.000	0.0	0.0
alkansíya	-0.202	0.0	0.0
alkítran	0.000	0.0	0.0
alibángbang	0.000	0.0	0.0
aligútgut	-0.557	0.0	0.0
alimángu	0.000	0.0	0.0
alipúlus	0.000	0.0	0.0
alíntun	0.494	0.0	0.0
alísto	0.572	0.0	0.0
almasín	0.000	0.0	0.0
almidól	0.000	0.0	0.0
almiránte	0.318	0.0	0.0
alpabéto	0.000	0.0	0.0
alpómbra	0.000	0.0	0.0
álsa	0.000	0.0	0.0
alúm	0.000	0.0	0.0
alúng’ung	0.000	0.0	0.0
áman	0.000	0.0	0.0
amargóso	-0.421	0.0	0.0
amát’amát	0.000	0.0	0.0
amát’amát	0.494	0.0	0.0
amáy	0.000	0.0	0.0
ámba	0.000	0.0	0.0
ámba	0.710	0.0	0.0
ámbit	0.296	0.0	0.0
ámbung	0.735	0.0	0.0
ámbung	0.791	0.0	0.0
amérika	0.000	0.0	0.0
amerikána	0.000	0.0	0.0
amerikáno	0.000	0.0	0.0
amidúl	0.000	0.0	0.0
amígo	0.494	0.0	0.0
amimíluk	0.000	0.0	0.0
amínhan	0.000	0.0	0.0
ámlig	0.586	0.0	0.0
ámpu’	0.000	0.0	0.0
ámpu’	0.318	0.0	0.0
ámu	0.000	0.0	0.0
amú	0.000	0.0	0.0
amú	0.000	0.0	0.0
amú’	0.000	0.0	0.0
amúma	0.318	0.0	0.0
ámun	0.128	0.0	0.0
ámut	0.000	0.0	0.0
ámut	0.625	0.0	0.0
ámyun	0.000	0.0	0.0
1-an	0.000	0.0	0.0
2-an	0.000	0.0	0.0
3-an	0.000	0.0	0.0
anák	0.000	0.0	0.0
anák	0.000	0.0	0.0
1-anan	0.000	0.0	0.0
2-anan	0.000	0.0	0.0
anád	0.557	0.0	0.0
anád	0.000	0.0	0.0
ánay	0.318	0.0	0.0
ánay	0.000	0.0	0.0
-ánay	0.000	0.0	0.0
ánaw	0.625	0.0	0.0
ándam	0.273	0.0	0.0
andámyu	0.000	0.0	0.0
ándar	0.000	0.0	0.0
anhíng	0.000	0.0	0.0
áni	0.000	0.0	0.0
áni	0.000	0.0	0.0
aningál	0.000	0.0	0.0
ántes	0.000	0.0	0.0
antígu	0.000	0.0	0.0
ánting’ánting	0.000	0.0	0.0
antipatikú	-0.440	0.0	0.0
ántud	0.000	0.0	0.0
ántus	-0.542	0.0	0.0
antyúhus	0.000	0.0	0.0
anu	0.000	0.0	0.0
anu	0.000	0.0	0.0
ánud	0.000	0.0	0.0
ánum	0.000	0.0	0.0
1-ánun	0.000	0.0	0.0
2-anun	0.000	0.0	0.0
anúnsyo	0.000	0.0	0.0
anúnsyo	0.000	0.0	0.0
ányag	0.796	0.0	0.0
ányo	0.000	0.0	0.0
áng	0.273	0.0	0.0
ángay	0.000	0.0	0.0
ángay	0.557	0.0	0.0
ángkab	0.000	0.0	0.0
ángkla	0.000	0.0	0.0
ángkun	0.000	0.0	0.0
ángga’	0.000	0.0	0.0
ángga’	0.494	0.0	0.0
ánggid	0.000	0.0	0.0
ánggid	0.000	0.0	0.0
angút	0.296	0.0	0.0
ápa	0.000	0.0	0.0
apá’	-0.511	0.0	0.0
ápang	0.000	0.0	0.0
aparadór	0.000	0.0	0.0
ápas	0.000	0.0	0.0
ápat	0.000	0.0	0.0
ápdu	0.000	0.0	0.0
apelyédo	0.000	0.0	0.0
ápin	0.402	0.0	0.0
apínas	0.000	0.0	0.0
aplá’ag	0.000	0.0	0.0
apú	0.000	0.0	0.0
ápuk	0.000	0.0	0.0
ápug	0.000	0.0	0.0
apurá	0.000	0.0	0.0
ára’	0.000	0.0	0.0
arádu	0.000	0.0	0.0
arádu	0.000	0.0	0.0
árko	0.000	0.0	0.0
aresgádo	0.361	0.0	0.0
ári	0.000	0.0	0.0
arí’arí	0.382	0.0	0.0
aritmétika	0.000	0.0	0.0
arítus	0.000	0.0	0.0
ármas	-0.296	0.0	0.0
árte	0.000	0.0	0.0
árte	0.026	0.0	0.0
artíkulo	0.000	0.0	0.0
arúy	0.000	0.0	0.0
-aryo	0.000	0.0	0.0
ásab	0.000	0.0	0.0
asál	0.000	0.0	0.0
ásang	0.000	0.0	0.0
asáwa	0.000	0.0	0.0
asáwa	0.000	0.0	0.0
aséro	0.000	0.0	0.0
asílo	0.586	0.0	0.0
asikáso	0.494	0.0	0.0
asín	0.000	0.0	0.0
asín	0.000	0.0	0.0
áslum	0.000	0.0	0.0
áslum	0.000	0.0	0.0
asú	0.000	0.0	0.0
asú	0.000	0.0	0.0
asúkar	0.000	0.0	0.0
asúgi	0.000	0.0	0.0
asúl	0.000	0.0	0.0
asúntu	-0.226	0.0	0.0
áswang	-0.361	0.0	0.0
asyendéro	0.000	0.0	0.0
atataró	0.000	0.0	0.0
atáke	-0.784	0.0	0.0
atáy	0.000	0.0	0.0
atendér	0.000	0.0	0.0
aténsyon	0.000	0.0	0.0
áthag	0.382	0.0	0.0
atí	-0.778	0.0	0.0
atipán	0.494	0.0	0.0
atipuyúng	-0.226	0.0	0.0
átras	0.000	0.0	0.0
atráso	-0.226	0.0	0.0
atsára	0.000	0.0	0.0
atú	0.000	0.0	0.0
atúbang	-0.178	0.0	0.0
atúbang	0.000	0.0	0.0
átun	0.000	0.0	0.0
atúp	0.000	0.0	0.0
atutúli	0.000	0.0	0.0
áwa’	0.511	0.0	0.0
áwa’	0.459	0.0	0.0
áwas	0.000	0.0	0.0
awát	-0.791	0.0	0.0
áway	-0.832	0.0	0.0
áway	-0.758	0.0	0.0
áwto	0.000	0.0	0.0
áy	0.000	0.0	0.0
-ay	0.000	0.0	0.0
ayág	-0.052	0.0	0.0
ayám	0.000	0.0	0.0
ayáp	0.511	0.0	0.0
ayáw	0.000	0.0	0.0
ayáw	0.000	0.0	0.0
áyhan	0.000	0.0	0.0
áyu	0.612	0.0	0.0
áyu	0.700	0.0	0.0
áyu’	0.202	0.0	0.0
áyu’	0.202	0.0	0.0
bá’bá	0.000	0.0	0.0
babáyi	0.000	0.0	0.0
bábuy	0.000	0.0	0.0
báka	0.000	0.0	0.0
baká’	-0.052	0.0	0.0
baká’	0.000	0.0	0.0
bakág	-0.649	0.0	0.0
bakál	0.000	0.0	0.0
bakasyón	0.000	0.0	0.0
bakasyón	0.000	0.0	0.0
bákbak	0.000	0.0	0.0
bákhaw	0.000	0.0	0.0
bákhu’	-0.542	0.0	0.0
báknal	-0.421	0.0	0.0
báknit	0.000	0.0	0.0
bákud	0.511	0.0	0.0
bákud	0.511	0.0	0.0
bákul	0.000	0.0	0.0
bakúlud	0.000	0.0	0.0
bakúna	0.000	0.0	0.0
bakúna	0.000	0.0	0.0
bádlu’	0.000	0.0	0.0
bádlung	-0.625	0.0	0.0
bága	0.000	0.0	0.0
bagáhe	0.000	0.0	0.0
bagáng	0.000	0.0	0.0
baganíhan	0.557	0.0	0.0
bagásu	0.000	0.0	0.0
bagátnan	0.000	0.0	0.0
bágay	0.000	0.0	0.0
bágid	-0.128	0.0	0.0
bágid	0.000	0.0	0.0
bágrung	0.000	0.0	0.0
bágrung	-0.296	0.0	0.0
bágrut	0.000	0.0	0.0
bágsak	0.000	0.0	0.0
bágting	0.000	0.0	0.0
bágtung	0.000	0.0	0.0
bágu	0.000	0.0	0.0
bág’u	0.318	0.0	0.0
bág’u	0.000	0.0	0.0
bagúl	-0.103	0.0	0.0
bágyu	0.000	0.0	0.0
bágyu	0.000	0.0	0.0
bahá’	0.000	0.0	0.0
bahá’	0.000	0.0	0.0
bahála’	0.318	0.0	0.0
báhin	0.296	0.0	0.0
báhin	0.000	0.0	0.0
báhit	-0.340	0.0	0.0
báhu	0.000	0.0	0.0
báhu’	-0.402	0.0	0.0
báhu’	-0.527	0.0	0.0
bahúg	0.000	0.0	0.0
bahúg	0.000	0.0	0.0
bahúl	-0.318	0.0	0.0
bahún	0.000	0.0	0.0
bahún	0.000	0.0	0.0
bá’id	0.000	0.0	0.0
bá’is	-0.625	0.0	0.0
bála	0.000	0.0	0.0
balá	-0.599	0.0	0.0
balá’an	0.823	0.0	0.0
balábag	-0.710	0.0	0.0
baláka	-0.440	0.0	0.0
bál’ag	0.000	0.0	0.0
balágun	0.000	0.0	0.0
balahíbu	0.000	0.0	0.0
balának	0.000	0.0	0.0
balánse	0.000	0.0	0.0
balangáw	0.000	0.0	0.0
balás	0.000	0.0	0.0
balása	0.000	0.0	0.0
balasúbas	-0.710	0.0	0.0
balatí’an	-0.296	0.0	0.0
balatí’an	-0.778	0.0	0.0
baláy	0.026	0.0	0.0
baláy	0.000	0.0	0.0
bálaybálay	0.000	0.0	0.0
bálaybálay	0.000	0.0	0.0
baláybay	0.000	0.0	0.0
balbolá	0.000	0.0	0.0
bálda	-0.710	0.0	0.0
bálda	-0.586	0.0	0.0
báldi	0.000	0.0	0.0
baldúsa	0.000	0.0	0.0
bále	0.000	0.0	0.0
bálhas	0.000	0.0	0.0
bálhas	0.000	0.0	0.0
bálhin	0.000	0.0	0.0
balí’	0.000	0.0	0.0
balí’	-0.477	0.0	0.0
balí’	0.153	0.0	0.0
balíbad	0.077	0.0	0.0
balíbad	-0.226	0.0	0.0
balík	0.000	0.0	0.0
balikawáng	0.000	0.0	0.0
balikíd	-0.527	0.0	0.0
balígya’	0.000	0.0	0.0
balígya’	0.000	0.0	0.0
balískad	0.000	0.0	0.0
balíswa’	0.000	0.0	0.0
balíta’	0.000	0.0	0.0
balíta’	0.000	0.0	0.0
bálu	0.000	0.0	0.0
balú’	0.000	0.0	0.0
balú’	0.000	0.0	0.0
balúd	0.000	0.0	0.0
balúd	0.000	0.0	0.0
bálun	0.000	0.0	0.0
bálun	0.000	0.0	0.0
balúta	0.000	0.0	0.0
bálsa	0.000	0.0	0.0
bálus	0.077	0.0	0.0
bálus	-0.599	0.0	0.0
balúskay	0.000	0.0	0.0
balút	0.000	0.0	0.0
balyéna	0.000	0.0	0.0
bána	0.000	0.0	0.0
baná’ag	0.000	0.0	0.0
banás	0.000	0.0	0.0
bánda	0.202	0.0	0.0
bandehádo	0.000	0.0	0.0
bandéra	0.000	0.0	0.0
bándo	0.000	0.0	0.0
bándo	0.000	0.0	0.0
bánhaw	-0.649	0.0	0.0
baníg	0.000	0.0	0.0
baníhut	-0.599	0.0	0.0
bansúli’	-0.318	0.0	0.0
bánta’	0.000	0.0	0.0
bánta’	0.000	0.0	0.0
bántal	0.000	0.0	0.0
bantála’	0.000	0.0	0.0
bantála’	0.000	0.0	0.0
bántay	0.000	0.0	0.0
bántay	0.000	0.0	0.0
bánting	0.000	0.0	0.0
bántug	0.000	0.0	0.0
bántug	0.000	0.0	0.0
bánwa	0.000	0.0	0.0
bányo	0.000	0.0	0.0
bangá’	0.000	0.0	0.0
bángkay	-0.840	0.0	0.0
bangkéta	0.000	0.0	0.0
bangkéte	0.000	0.0	0.0
bángko	0.000	0.0	0.0
bángku’	0.000	0.0	0.0
bangdánan	0.000	0.0	0.0
bángday	0.402	0.0	0.0
bángga’	-0.077	0.0	0.0
bángig	-0.382	0.0	0.0
bangís	-0.852	0.0	0.0
bangúd	0.000	0.0	0.0
bángun	-0.527	0.0	0.0
bapór	0.000	0.0	0.0
bará	0.026	0.0	0.0
bára	0.226	0.0	0.0
baráha	0.202	0.0	0.0
barandílya	0.402	0.0	0.0
baratílyo	0.202	0.0	0.0
baráto	0.000	0.0	0.0
baráto	0.000	0.0	0.0
bárbas	0.000	0.0	0.0
bárbas	0.000	0.0	0.0
barbéro	0.000	0.0	0.0
barílis	0.000	0.0	0.0
barína	0.000	0.0	0.0
barína	-0.250	0.0	0.0
barukán	0.000	0.0	0.0
barútu	0.000	0.0	0.0
báryu	0.000	0.0	0.0
bása	0.000	0.0	0.0
basá’	0.000	0.0	0.0
basá’	0.000	0.0	0.0
baság	-0.700	0.0	0.0
básbas	-0.273	0.0	0.0
báskit	0.000	0.0	0.0
báskug	0.511	0.0	0.0
bási’	0.000	0.0	0.0
báso	0.000	0.0	0.0
básta	0.000	0.0	0.0
básta	0.273	0.0	0.0
bástun	0.000	0.0	0.0
bástus	-0.718	0.0	0.0
básul	-0.784	0.0	0.0
basúra	0.000	0.0	0.0
básya	0.000	0.0	0.0
báta	-0.542	0.0	0.0
báta’	0.000	0.0	0.0
báta’	0.000	0.0	0.0
báta’	0.000	0.0	0.0
batá’batá’	-0.296	0.0	0.0
bátak	0.000	0.0	0.0
batás	-0.542	0.0	0.0
batás	0.000	0.0	0.0
batásan	0.000	0.0	0.0
batí	0.000	0.0	0.0
batí’	0.000	0.0	0.0
báti’	0.000	0.0	0.0
batí’batí’	0.000	0.0	0.0
batíd	0.459	0.0	0.0
batí’is	0.000	0.0	0.0
batinggílan	-0.318	0.0	0.0
bátsi	0.000	0.0	0.0
batú	0.000	0.0	0.0
bátu’	-0.318	0.0	0.0
batúbaláni’	0.000	0.0	0.0
batúbatú	0.000	0.0	0.0
bátuk	0.000	0.0	0.0
bátug	0.000	0.0	0.0
bátun	0.382	0.0	0.0
batúta	0.000	0.0	0.0
bátya’	0.000	0.0	0.0
bátyag	0.128	0.0	0.0
bátyag	0.000	0.0	0.0
ba’ú	0.000	0.0	0.0
ba’úg	-0.511	0.0	0.0
báw’as	0.000	0.0	0.0
báwi’	0.000	0.0	0.0
bawtisár	0.000	0.0	0.0
báya’	-0.477	0.0	0.0
bayábas	0.000	0.0	0.0
báyad	0.000	0.0	0.0
báyad	-0.103	0.0	0.0
bayáw	0.000	0.0	0.0
báyaw	0.000	0.0	0.0
báybay	0.000	0.0	0.0
baylíhan	0.000	0.0	0.0
báylu	0.000	0.0	0.0
bayú	0.000	0.0	0.0
báyu’	0.000	0.0	0.0
bayú’ung	0.000	0.0	0.0
bentáha’	0.250	0.0	0.0
bérde	0.000	0.0	0.0
bersíkulu	0.000	0.0	0.0
beteráno	0.000	0.0	0.0
béynte	0.000	0.0	0.0
bíbi	0.000	0.0	0.0
bibíg	0.000	0.0	0.0
bíbliya	0.000	0.0	0.0
bikoláno	0.000	0.0	0.0
biktíma	-0.273	0.0	0.0
bigúti	0.000	0.0	0.0
bíhag	0.000	0.0	0.0
bíhag	0.440	0.0	0.0
bíhag	0.361	0.0	0.0
bílang	0.000	0.0	0.0
bilánggu	-0.542	0.0	0.0
bilánggu	0.000	0.0	0.0
bilás	0.000	0.0	0.0
bilí	0.000	0.0	0.0
bilí	0.226	0.0	0.0
bilíd	0.000	0.0	0.0
bílin	0.000	0.0	0.0
bílin	-0.052	0.0	0.0
bilín	0.000	0.0	0.0
bílug	0.000	0.0	0.0
bilúg	0.000	0.0	0.0
bílyar	0.000	0.0	0.0
bilyéte	0.000	0.0	0.0
binágbinág	0.000	0.0	0.0
binágun	0.000	0.0	0.0
bínhi’	0.000	0.0	0.0
bíno	0.000	0.0	0.0
bintána’	0.000	0.0	0.0
bingáw	-0.296	0.0	0.0
bingáw	-0.625	0.0	0.0
bíngkal	0.000	0.0	0.0
bírhen	0.000	0.0	0.0
bís’ak	0.000	0.0	0.0
bisán	-0.527	0.0	0.0
bisáya’	0.000	0.0	0.0
bísi	0.000	0.0	0.0
bisikléta	0.000	0.0	0.0
bisikléta	0.000	0.0	0.0
bísi	0.000	0.0	0.0
bisíta	0.000	0.0	0.0
bisíta	-0.103	0.0	0.0
bísta	0.000	0.0	0.0
bísyu	-0.402	0.0	0.0
bísyu	-0.527	0.0	0.0
bítad	0.000	0.0	0.0
bitamína	0.296	0.0	0.0
bítay	-0.318	0.0	0.0
bítbit	0.000	0.0	0.0
bitík	0.000	0.0	0.0
bitín	0.000	0.0	0.0
bitú’un	0.000	0.0	0.0
bíya’	-0.477	0.0	0.0
blángko	-0.202	0.0	0.0
blángko	-0.202	0.0	0.0
blósa	0.202	0.0	0.0
bokabuláryo	0.000	0.0	0.0
bodéga	0.000	0.0	0.0
bóla	0.000	0.0	0.0
bómba	0.000	0.0	0.0
bombéro	0.000	0.0	0.0
bombílya	0.000	0.0	0.0
bómbo	0.000	0.0	0.0
boradór	0.000	0.0	0.0
bórda	0.000	0.0	0.0
bórda	0.000	0.0	0.0
botélya	0.000	0.0	0.0
botíka	0.000	0.0	0.0
bóto	0.000	0.0	0.0
bóto	0.000	0.0	0.0
bú’ang	-0.827	0.0	0.0
bú’ang	-0.735	0.0	0.0
bu’áya	0.000	0.0	0.0
búbu	0.000	0.0	0.0
bubún	0.273	0.0	0.0
bubungán	0.000	0.0	0.0
buká’	0.000	0.0	0.0
buká’	-0.273	0.0	0.0
buká’	-0.273	0.0	0.0
búkad	0.000	0.0	0.0
bukál	0.000	0.0	0.0
bukál	0.000	0.0	0.0
bukás	0.000	0.0	0.0
bukás	0.000	0.0	0.0
búkaw	0.000	0.0	0.0
búkbuk	0.000	0.0	0.0
búkbuk	-0.402	0.0	0.0
búkid	0.000	0.0	0.0
bukú	0.000	0.0	0.0
búku’	0.000	0.0	0.0
búku’	0.000	0.0	0.0
bukúbukú	0.000	0.0	0.0
búktut	0.000	0.0	0.0
búkud	0.691	0.0	0.0
bukúl	0.000	0.0	0.0
búkut	-0.202	0.0	0.0
búdhi’	0.000	0.0	0.0
búdhi’	-0.735	0.0	0.0
búdlay	-0.440	0.0	0.0
búdlay	-0.340	0.0	0.0
bugá	0.000	0.0	0.0
bugál	0.340	0.0	0.0
bugál	0.477	0.0	0.0
bugál	0.000	0.0	0.0
bugál	0.421	0.0	0.0
bugás	0.000	0.0	0.0
búg’at	-0.421	0.0	0.0
bugáy	0.718	0.0	0.0
bugáy	0.743	0.0	0.0
búgkus	0.000	0.0	0.0
búgkus	0.000	0.0	0.0
búgnu’	0.318	0.0	0.0
búgras	0.000	0.0	0.0
búgsay	0.000	0.0	0.0
búgsay	-0.128	0.0	0.0
búgsuk	0.000	0.0	0.0
búgtaw	0.000	0.0	0.0
búgtu’	0.000	0.0	0.0
búgtung	-0.250	0.0	0.0
búgtung	0.000	0.0	0.0
búg’us	0.000	0.0	0.0
buhahá’	0.000	0.0	0.0
búhat	0.000	0.0	0.0
buháwi’	0.000	0.0	0.0
buhí’	0.382	0.0	0.0
búhi’	0.511	0.0	0.0
búhin	0.000	0.0	0.0
buhís	0.000	0.0	0.0
buhís	0.000	0.0	0.0
búhu’	0.000	0.0	0.0
búhu’	-0.250	0.0	0.0
buhúk	0.000	0.0	0.0
bulá’	0.000	0.0	0.0
bulá’	0.000	0.0	0.0
búlak	0.000	0.0	0.0
búlak	0.000	0.0	0.0
bulákwit	0.000	0.0	0.0
bulád	0.000	0.0	0.0
buladúr	0.000	0.0	0.0
búlag	0.000	0.0	0.0
bulág	-0.402	0.0	0.0
bulág	-0.402	0.0	0.0
buláhan	0.691	0.0	0.0
búlan	0.000	0.0	0.0
búlanbulan	0.000	0.0	0.0
búlang	0.000	0.0	0.0
búlaw	0.000	0.0	0.0
buláwan	0.000	0.0	0.0
búlbug	-0.128	0.0	0.0
bolkán	0.000	0.0	0.0
bulgár	0.000	0.0	0.0
bulí’	0.000	0.0	0.0
bulídbulíd	0.000	0.0	0.0
búlig	0.735	0.0	0.0
bulíng	0.000	0.0	0.0
búltu	0.000	0.0	0.0
bulúng	0.000	0.0	0.0
bulúng	0.000	0.0	0.0
búnak	0.000	0.0	0.0
búnak	0.000	0.0	0.0
bún’ag	0.000	0.0	0.0
bunál	0.000	0.0	0.0
bunál	-0.128	0.0	0.0
bunáyag	0.557	0.0	0.0
búndul	0.000	0.0	0.0
bunít	0.000	0.0	0.0
bunít	0.000	0.0	0.0
búnlaw	0.402	0.0	0.0
búntul	-0.477	0.0	0.0
bunú’	-0.586	0.0	0.0
búnuk	0.000	0.0	0.0
búnuk	0.000	0.0	0.0
bunút	0.000	0.0	0.0
bunút	0.000	0.0	0.0
búnyag	0.000	0.0	0.0
búnyag	0.000	0.0	0.0
búnga	0.000	0.0	0.0
búnga	0.000	0.0	0.0
bungát	0.000	0.0	0.0
búngkag	-0.542	0.0	0.0
búnggu’	0.000	0.0	0.0
búnghay	0.000	0.0	0.0
búnghay	0.000	0.0	0.0
búngtud	-0.511	0.0	0.0
bungúl	0.000	0.0	0.0
búngut	0.000	0.0	0.0
burará’	0.000	0.0	0.0
búrhut	0.000	0.0	0.0
bus	0.000	0.0	0.0
busá’ag	0.000	0.0	0.0
bús’ak	0.000	0.0	0.0
busál	0.026	0.0	0.0
busáy	0.000	0.0	0.0
búsbus	-0.273	0.0	0.0
búskad	0.000	0.0	0.0
búsdik	0.000	0.0	0.0
busisí’	0.000	0.0	0.0
búslut	0.000	0.0	0.0
busúg	0.421	0.0	0.0
búsul	0.000	0.0	0.0
busún	0.000	0.0	0.0
busúng	0.000	0.0	0.0
busúng	0.000	0.0	0.0
búswang	0.000	0.0	0.0
butáng	0.000	0.0	0.0
butáng	0.000	0.0	0.0
butángbútang	-0.250	0.0	0.0
butángbútang	0.000	0.0	0.0
bútkun	0.000	0.0	0.0
búthu’	0.000	0.0	0.0
butí	0.000	0.0	0.0
butí’	0.361	0.0	0.0
butíg	0.000	0.0	0.0
butíg	-0.511	0.0	0.0
butíg	0.000	0.0	0.0
bútlak	0.000	0.0	0.0
butónes	0.000	0.0	0.0
butúd	0.000	0.0	0.0
butúd	-0.542	0.0	0.0
bútung	-0.226	0.0	0.0
bútyag	0.000	0.0	0.0
bu’úl	0.000	0.0	0.0
bú’ung	0.000	0.0	0.0
bú’ut	0.743	0.0	0.0
bu’út	0.660	0.0	0.0
bu’út	0.796	0.0	0.0
búya	-0.202	0.0	0.0
búya	0.178	0.0	0.0
buyáyag	-0.128	0.0	0.0
buyánbuyań	-0.226	0.0	0.0
buyánbuyań	-0.599	0.0	0.0
buyáyaw	-0.807	0.0	0.0
búylug	0.296	0.0	0.0
búyuk	0.000	0.0	0.0
buyúg	0.000	0.0	0.0
búyut	0.000	0.0	0.0
bwás	0.000	0.0	0.0
byáhe	0.000	0.0	0.0
byérnes	0.000	0.0	0.0
byólin	0.000	0.0	0.0
bwélta	0.000	0.0	0.0
1-ka	0.000	0.0	0.0
2-ka	0.000	0.0	0.0
1-ka-	0.000	0.0	0.0
2-ka-	0.000	0.0	0.0
3-ka-	0.000	0.0	0.0
ka’agánhun	0.000	0.0	0.0
1-ka-…-an	0.000	0.0	0.0
ka-…-anan	0.000	0.0	0.0
ka’áway	-0.751	0.0	0.0
kabalyéro	0.000	0.0	0.0
kabán	0.000	0.0	0.0
kabatá’an	0.000	0.0	0.0
kabáy	0.612	0.0	0.0
kabáy	0.660	0.0	0.0
kabáyu’	0.000	0.0	0.0
kabáyu’	0.000	0.0	0.0
kabeséra	0.000	0.0	0.0
kábig	0.000	0.0	0.0
kabít	0.494	0.0	0.0
kábu	0.000	0.0	0.0
kabú’	0.000	0.0	0.0
kabúg	0.000	0.0	0.0
kabúgaw	0.459	0.0	0.0
kabús	-0.019	0.0	0.0
kakás	0.000	0.0	0.0
kakí	0.000	0.0	0.0
káda	0.000	0.0	0.0
kádaw	0.000	0.0	0.0
kádena	0.000	0.0	0.0
kádlaw	0.494	0.0	0.0
kádlaw	0.557	0.0	0.0
kádtu	0.000	0.0	0.0
kafé	0.000	0.0	0.0
kág	0.000	0.0	0.0
kagáb’i	0.000	0.0	0.0
kagát	0.000	0.0	0.0
kágaw	0.000	0.0	0.0
kag’ína	0.000	0.0	0.0
kagúla’	0.494	0.0	0.0
kagúla’	0.178	0.0	0.0
kagulángan	0.000	0.0	0.0
kagús	0.000	0.0	0.0
káha	0.660	0.0	0.0
kahápun	0.000	0.0	0.0
káhas	-0.340	0.0	0.0
káhas	-0.557	0.0	0.0
kahéro	0.000	0.0	0.0
káhig	0.000	0.0	0.0
kahigayúnan	0.250	0.0	0.0
kahíl	0.000	0.0	0.0
kahimtángan	0.000	0.0	0.0
kahulugán	0.000	0.0	0.0
kahún	0.000	0.0	0.0
káhuy	0.000	0.0	0.0
ka’ína	0.000	0.0	0.0
ka’íngin	0.103	0.0	0.0
ka’íngin	0.382	0.0	0.0
kalabánan	0.361	0.0	0.0
kalabánan	0.000	0.0	0.0
kalabása	0.000	0.0	0.0
kalabéra	0.000	0.0	0.0
kalág	-0.153	0.0	0.0
kaláha’	0.000	0.0	0.0
kalám	-0.382	0.0	0.0
kalám	0.000	0.0	0.0
kalamánsi’	0.000	0.0	0.0
kalámay	0.000	0.0	0.0
kalámbre	-0.273	0.0	0.0
kalamidád	0.000	0.0	0.0
ka-…-la…-an	0.000	0.0	0.0
kalán	-0.340	0.0	0.0
kálas	0.361	0.0	0.0
kalaykáy	0.000	0.0	0.0
kálkal	0.000	0.0	0.0
kaldéro	0.000	0.0	0.0
kalendáryo	0.000	0.0	0.0
kalésa	0.000	0.0	0.0
káli	0.000	0.0	0.0
kalibútan	0.000	0.0	0.0
kalimutáw	0.000	0.0	0.0
kalís	0.202	0.0	0.0
kalít	0.421	0.0	0.0
kálu’	0.000	0.0	0.0
ka-…-lu-…	0.000	0.0	0.0
kálut	0.599	0.0	0.0
kalú’uy	0.077	0.0	0.0
kálye	0.000	0.0	0.0
káma	0.000	0.0	0.0
kamálig	0.000	0.0	0.0
kamánsi	0.000	0.0	0.0
kámang	0.000	0.0	0.0
kamángyan	0.000	0.0	0.0
kamaróte	0.000	0.0	0.0
kamásun	0.000	0.0	0.0
kamatáyan	-0.599	0.0	0.0
kamátis	0.000	0.0	0.0
kámbang	0.000	0.0	0.0
kámbyu	0.000	0.0	0.0
kamí	0.128	0.0	0.0
kamisadéntro	0.000	0.0	0.0
kamiséta	0.000	0.0	0.0
kamisún	0.000	0.0	0.0
kámlut	0.000	0.0	0.0
kampanáryu	0.000	0.0	0.0
kampánya	0.000	0.0	0.0
kampánya	0.000	0.0	0.0
kámpi	0.000	0.0	0.0
kámpo	0.000	0.0	0.0
kampyón	0.599	0.0	0.0
kamú	0.000	0.0	0.0
kamumú’u	0.000	0.0	0.0
kamústa	0.153	0.0	0.0
kamút	0.494	0.0	0.0
kamúti	0.459	0.0	0.0
kamútingkáhuy	0.000	0.0	0.0
kanál	0.000	0.0	0.0
kánay	0.002	0.0	0.0
kandádu	0.000	0.0	0.0
kandádu	0.000	0.0	0.0
kánday	0.000	0.0	0.0
kandidáto	0.000	0.0	0.0
kandíla’	0.000	0.0	0.0
kánding	0.000	0.0	0.0
kándus	0.153	0.0	0.0
kánta	0.000	0.0	0.0
kánta	0.000	0.0	0.0
kantéro	0.000	0.0	0.0
kantidád	0.000	0.0	0.0
kánto	0.000	0.0	0.0
kanú’	0.000	0.0	0.0
kán’un	0.000	0.0	0.0
kányon	0.000	0.0	0.0
kapákapá	0.026	0.0	0.0
kapampángan	0.000	0.0	0.0
kapatás	0.000	0.0	0.0
kapáyas	0.000	0.0	0.0
kápkap	-0.052	0.0	0.0
kápid	0.000	0.0	0.0
kapílya	0.000	0.0	0.0
kapín	0.000	0.0	0.0
kapitál	0.000	0.0	0.0
kapitán	0.000	0.0	0.0
kapitérya	0.000	0.0	0.0
kapitólyo	0.000	0.0	0.0
kapituló	0.000	0.0	0.0
kaprítsu	0.000	0.0	0.0
kaprítsu	0.000	0.0	0.0
kapún	0.000	0.0	0.0
kapuslánan	0.494	0.0	0.0
kapút	0.000	0.0	0.0
kapúti	0.000	0.0	0.0
kápuy	-0.361	0.0	0.0
kápuy	-0.660	0.0	0.0
kápyut	0.660	0.0	0.0
karábkab	0.000	0.0	0.0
kárbaw	0.000	0.0	0.0
karéra	0.000	0.0	0.0
karéra	0.000	0.0	0.0
kárga	0.000	0.0	0.0
kárga	0.000	0.0	0.0
karí	0.000	0.0	0.0
karidád	0.421	0.0	0.0
karitéla	0.000	0.0	0.0
karitún	0.000	0.0	0.0
kárne	0.000	0.0	0.0
karnéro	0.000	0.0	0.0
karpentéro	0.000	0.0	0.0
karsáda	0.000	0.0	0.0
kartéro	0.000	0.0	0.0
kárton	0.000	0.0	0.0
karún	0.000	0.0	0.0
karús	0.000	0.0	0.0
karúskarús	0.000	0.0	0.0
kasákit	-0.872	0.0	0.0
kasál	0.000	0.0	0.0
kasál	0.000	0.0	0.0
kasán’u	0.000	0.0	0.0
kasangkápan	0.000	0.0	0.0
kaséra	0.000	0.0	0.0
kaséra	-0.103	0.0	0.0
kaseróla	0.000	0.0	0.0
kasilíngan	0.000	0.0	0.0
kasílyas	0.000	0.0	0.0
kasimánwa	0.000	0.0	0.0
káso	-0.103	0.0	0.0
kasualidád	0.000	0.0	0.0
kasúdlan	0.000	0.0	0.0
kasugtánan	0.494	0.0	0.0
kasugu’án	0.000	0.0	0.0
katá’katá’	-0.178	0.0	0.0
katalágman	-0.878	0.0	0.0
katalanghága’	0.202	0.0	0.0
katápu’	0.000	0.0	0.0
katáru	0.000	0.0	0.0
katáru	0.000	0.0	0.0
katáw	0.000	0.0	0.0
katolikó	0.000	0.0	0.0
katórse	0.000	0.0	0.0
kátre	0.000	0.0	0.0
katsíla’	0.000	0.0	0.0
katúl	-0.273	0.0	0.0
katúl	-0.273	0.0	0.0
katúmbal	0.000	0.0	0.0
katúndan	0.000	0.0	0.0
katungdánan	0.000	0.0	0.0
ka’ugalíngun	0.000	0.0	0.0
ka’ún	0.000	0.0	0.0
ka-…-un	0.000	0.0	0.0
káwat	-0.791	0.0	0.0
káwat	-0.791	0.0	0.0
káwat	-0.778	0.0	0.0
káway	0.494	0.0	0.0
kawáyan	0.000	0.0	0.0
káw’it	0.000	0.0	0.0
káw’it	0.000	0.0	0.0
1-kay	0.000	0.0	0.0
2-kay	0.000	0.0	0.0
kayába	0.000	0.0	0.0
kayumánggi’	0.000	0.0	0.0
kemiká	0.000	0.0	0.0
kemikó	0.000	0.0	0.0
kerída	-0.188	0.0	0.0
késo	0.000	0.0	0.0
kibú’	0.772	0.0	0.0
kíbul	0.000	0.0	0.0
kíbul	0.000	0.0	0.0
kibún	0.000	0.0	0.0
kibút	-0.052	0.0	0.0
kidkid	-0.273	0.0	0.0
-kig-	0.000	0.0	0.0
kigás	0.000	0.0	0.0
kigás	0.000	0.0	0.0
kíhad	0.000	0.0	0.0
kílag	0.000	0.0	0.0
kilála	0.000	0.0	0.0
kilát	0.000	0.0	0.0
kílay	0.000	0.0	0.0
kílid	0.000	0.0	0.0
kílo	0.000	0.0	0.0
kilométro	0.000	0.0	0.0
kímpit	0.000	0.0	0.0
kímpit	0.000	0.0	0.0
kina’ádman	0.000	0.0	0.0
kina-…-an	0.000	0.0	0.0
kinabúhi’	0.000	0.0	0.0
kinahánglan	-0.128	0.0	0.0
kinánglan	0.000	0.0	0.0
kínse	0.000	0.0	0.0
kíntsay	0.000	0.0	0.0
kínut	0.000	0.0	0.0
kíngki	-0.202	0.0	0.0
kíput	0.000	0.0	0.0
kiráb	0.226	0.0	0.0
kisáp	0.000	0.0	0.0
kískis	0.000	0.0	0.0
kitá	0.000	0.0	0.0
kíta’	0.000	0.0	0.0
kitíd	0.000	0.0	0.0
kí’um	0.000	0.0	0.0
kláse	0.000	0.0	0.0
klásiko	0.000	0.0	0.0
kliniká	0.000	0.0	0.0
kóbra	0.000	0.0	0.0
kóbra	0.000	0.0	0.0
kobrekáma	0.000	0.0	0.0
kodák	0.000	0.0	0.0
kolékta	0.000	0.0	0.0
kolékta	0.000	0.0	0.0
koléhiyo	0.000	0.0	0.0
kolerá	0.000	0.0	0.0
kolíntas	0.000	0.0	0.0
kolór	0.000	0.0	0.0
komersyánte	0.000	0.0	0.0
komidór	0.000	0.0	0.0
kompányar	0.296	0.0	0.0
kondisyón	0.440	0.0	0.0
koného	0.000	0.0	0.0
konsehál	0.000	0.0	0.0
konsého	0.000	0.0	0.0
konsyérto	0.000	0.0	0.0
kóntra	-0.542	0.0	0.0
kóntra	0.000	0.0	0.0
kontráto	0.572	0.0	0.0
kongkréta	0.000	0.0	0.0
kongresísta	0.000	0.0	0.0
kongréso	0.000	0.0	0.0
kópya	0.000	0.0	0.0
kópya	0.000	0.0	0.0
kordéro	0.000	0.0	0.0
koréo	0.000	0.0	0.0
kóro	0.000	0.0	0.0
koróna	0.000	0.0	0.0
korpínyo	0.000	0.0	0.0
kórte	0.000	0.0	0.0
kortesíya	0.361	0.0	0.0
kortína	0.000	0.0	0.0
koryénte	0.000	0.0	0.0
koryénte	0.000	0.0	0.0
kostúra	0.000	0.0	0.0
kostúra	0.000	0.0	0.0
kótse	0.000	0.0	0.0
krayóla	0.000	0.0	0.0
kriminál	-0.527	0.0	0.0
kristál	0.000	0.0	0.0
krísto	0.000	0.0	0.0
kristyáno	0.000	0.0	0.0
ku	0.000	0.0	0.0
kúbay	0.000	0.0	0.0
kubús	-0.477	0.0	0.0
kukú	0.000	0.0	0.0
kú’ku’	0.000	0.0	0.0
kudál	0.000	0.0	0.0
kúdkud	0.000	0.0	0.0
kudkurán	0.000	0.0	0.0
kúdlit	0.000	0.0	0.0
kúdlit	0.000	0.0	0.0
kugá’	-0.542	0.0	0.0
kúgmat	-0.751	0.0	0.0
kúgmat	-0.869	0.0	0.0
kúgus	0.681	0.0	0.0
kúha’	0.000	0.0	0.0
kúhit	0.000	0.0	0.0
kulá	0.000	0.0	0.0
kulákig	0.000	0.0	0.0
kulámug	0.000	0.0	0.0
kúlang	-0.402	0.0	0.0
kúlang	-0.402	0.0	0.0
kúlba’	-0.440	0.0	0.0
kúlba’	-0.273	0.0	0.0
kúli’	-0.440	0.0	0.0
kulíhut	0.000	0.0	0.0
kulú	0.000	0.0	0.0
kulúb	-0.382	0.0	0.0
kulúb	0.000	0.0	0.0
kúlun	0.000	0.0	0.0
kulúng	0.000	0.0	0.0
kulyápis	0.000	0.0	0.0
kumalágku’	0.000	0.0	0.0
kumbúya	0.000	0.0	0.0
kumbuyahán	0.000	0.0	0.0
kumpaníya	0.000	0.0	0.0
kumpáre	0.000	0.0	0.0
kumpisár	0.000	0.0	0.0
kumpisár	0.318	0.0	0.0
kúmud	0.000	0.0	0.0
kún	0.000	0.0	0.0
kúndi’	0.649	0.0	0.0
kundíman	0.000	0.0	0.0
kuntáni’	0.440	0.0	0.0
kunú	0.000	0.0	0.0
kunúl	0.077	0.0	0.0
kunúl	-0.296	0.0	0.0
kunúp	0.000	0.0	0.0
kunút	0.000	0.0	0.0
kunút	0.000	0.0	0.0
kúnyag	0.000	0.0	0.0
kúnyag	-0.178	0.0	0.0
kúpkup	0.660	0.0	0.0
kúpkup	0.660	0.0	0.0
kupú’	0.586	0.0	0.0
kúra	0.273	0.0	0.0
kúrba	0.000	0.0	0.0
kúrba	0.000	0.0	0.0
kurbáda	0.000	0.0	0.0
kurbáta	0.000	0.0	0.0
kúri’	-0.440	0.0	0.0
kúri’	-0.340	0.0	0.0
kuribúng	-0.202	0.0	0.0
kurinút	0.000	0.0	0.0
kurinút	0.000	0.0	0.0
kurinút	0.000	0.0	0.0
kuríng	0.000	0.0	0.0
kurisúng	0.000	0.0	0.0
kurisúng	0.000	0.0	0.0
kúrit	0.000	0.0	0.0
kúrit	0.000	0.0	0.0
kúrug	-0.421	0.0	0.0
kusámkusám	0.000	0.0	0.0
kúskus	0.000	0.0	0.0
kúsi’	0.000	0.0	0.0
kúsi’	0.000	0.0	0.0
kusína	0.000	0.0	0.0
kusinéro	0.000	0.0	0.0
kusípad	0.361	0.0	0.0
kusúg	0.836	0.0	0.0
kusúg	0.649	0.0	0.0
kusúg	0.735	0.0	0.0
kúta’	-0.511	0.0	0.0
kutáwkutáw	0.000	0.0	0.0
kútkut	0.000	0.0	0.0
kútkut	-0.202	0.0	0.0
kutíng	0.000	0.0	0.0
kutíngkúting	0.000	0.0	0.0
kútis	0.000	0.0	0.0
kutsára	0.000	0.0	0.0
kutsaríta	0.052	0.0	0.0
kutséro	-0.128	0.0	0.0
kutsílyo	0.000	0.0	0.0
kútsukútsu	0.000	0.0	0.0
kútsukútsu	-0.178	0.0	0.0
kutsún	0.000	0.0	0.0
kútub	0.000	0.0	0.0
kutúl	0.000	0.0	0.0
kútut	0.000	0.0	0.0
kú’ub	-0.296	0.0	0.0
kú’ut	0.751	0.0	0.0
kuyámpad	0.000	0.0	0.0
kúymi	0.000	0.0	0.0
kwadérno	0.000	0.0	0.0
kwádra	0.296	0.0	0.0
kwádro	0.000	0.0	0.0
kwáku	0.000	0.0	0.0
kwán	0.000	0.0	0.0
kwarénta	0.000	0.0	0.0
kwárta	0.000	0.0	0.0
kwártakwárta	0.340	0.0	0.0
kwárto	0.000	0.0	0.0
kwátro	0.000	0.0	0.0
kwéba	0.000	0.0	0.0
kwélyo	0.000	0.0	0.0
kwénta	0.000	0.0	0.0
kwénta	0.202	0.0	0.0
kwérdas	0.000	0.0	0.0
kwítis	0.000	0.0	0.0
kwítis	0.000	0.0	0.0
dá’an	-0.296	0.0	0.0
dá’an	0.000	0.0	0.0
pagkúha’	0.000	0.0	0.0
dabádabá	0.000	0.0	0.0
dabádabá	-0.340	0.0	0.0
dábdab	0.000	0.0	0.0
dábdab	-0.340	0.0	0.0
dábuk	-0.586	0.0	0.0
dabúdabú	0.000	0.0	0.0
dakbánwa	0.000	0.0	0.0
dakú’	0.751	0.0	0.0
dakú’	0.000	0.0	0.0
dakúp	-0.572	0.0	0.0
dagámi	0.000	0.0	0.0
dágat	0.000	0.0	0.0
dágat	0.000	0.0	0.0
dagát	0.000	0.0	0.0
dagát	0.000	0.0	0.0
dagáya’	0.000	0.0	0.0
dágdag	0.000	0.0	0.0
dágdag	-0.273	0.0	0.0
dagpi’	0.000	0.0	0.0
dagpi’	0.000	0.0	0.0
dagsa’	0.000	0.0	0.0
dágta’	0.000	0.0	0.0
dágta’	0.000	0.0	0.0
dagum	0.000	0.0	0.0
dagusu’	0.000	0.0	0.0
dagu’ub	0.000	0.0	0.0
dagu’ub	0.000	0.0	0.0
dágway	0.000	0.0	0.0
dahú’	0.382	0.0	0.0
dahúm	0.103	0.0	0.0
dahúm	0.000	0.0	0.0
dáhun	0.000	0.0	0.0
da’ígun	0.000	0.0	0.0
da’ígun	0.000	0.0	0.0
dalá	0.000	0.0	0.0
dalá	0.000	0.0	0.0
dalág	0.000	0.0	0.0
dalága	0.000	0.0	0.0
dalágan	0.000	0.0	0.0
dalagíta	0.000	0.0	0.0
dalámhak	0.000	0.0	0.0
dálan	0.103	0.0	0.0
dalándan	0.000	0.0	0.0
dalándan	0.000	0.0	0.0
dálangdálang	-0.660	0.0	0.0
daláwat	0.000	0.0	0.0
dáldal	0.000	0.0	0.0
dalí’	0.000	0.0	0.0
dalí’	0.000	0.0	0.0
dalí’	0.000	0.0	0.0
dalísay	0.000	0.0	0.0
dalú’	0.000	0.0	0.0
dalúk	-0.660	0.0	0.0
dalúdo	0.000	0.0	0.0
dálum	0.000	0.0	0.0
dálum	0.000	0.0	0.0
dalúndun	0.000	0.0	0.0
damán	0.000	0.0	0.0
damán	0.000	0.0	0.0
damáng	0.000	0.0	0.0
dámgu	0.250	0.0	0.0
dámgu	0.459	0.0	0.0
dámhag	0.000	0.0	0.0
dámpig	0.402	0.0	0.0
dámu’	0.000	0.0	0.0
dámu’	0.382	0.0	0.0
damúg	0.000	0.0	0.0
damuhál	-0.459	0.0	0.0
dámul	0.000	0.0	0.0
dánlug	0.000	0.0	0.0
dángat	0.361	0.0	0.0
dángat	0.000	0.0	0.0
dangúp	0.000	0.0	0.0
dapádapá	0.000	0.0	0.0
dápat	0.361	0.0	0.0
dápaw	0.000	0.0	0.0
dapáy	0.000	0.0	0.0
dapít	0.000	0.0	0.0
dáplus	0.000	0.0	0.0
dápu’	-0.477	0.0	0.0
dapúg	-0.340	0.0	0.0
dáp’ung	0.000	0.0	0.0
dáp’ung	-0.340	0.0	0.0
dápyus	0.000	0.0	0.0
dásig	0.000	0.0	0.0
dásig	0.000	0.0	0.0
dásig	0.000	0.0	0.0
dás’il	0.000	0.0	0.0
dasúk	0.000	0.0	0.0
dasú’dasú’	-0.202	0.0	0.0
dasú’dasú’	-0.273	0.0	0.0
dasún	0.000	0.0	0.0
dasún	0.000	0.0	0.0
da’úg	0.784	0.0	0.0
da’úg	0.807	0.0	0.0
dá’ut	-0.878	0.0	0.0
dáya’	-0.494	0.0	0.0
dáya’	-0.772	0.0	0.0
dáya’	-0.710	0.0	0.0
dayán	0.000	0.0	0.0
dayán	0.000	0.0	0.0
dáyaw	0.848	0.0	0.0
dayáw	-0.421	0.0	0.0
dáyun	0.000	0.0	0.0
de	0.000	0.0	0.0
debóto	0.273	0.0	0.0
dekolór	0.000	0.0	0.0
dekorá	0.000	0.0	0.0
de’ílo	0.000	0.0	0.0
delárgo	0.000	0.0	0.0
demokrásya	0.000	0.0	0.0
demónyo	-0.660	0.0	0.0
dentísta	0.000	0.0	0.0
desgrásya	-0.886	0.0	0.0
desgrásya	-0.727	0.0	0.0
desisyón	0.000	0.0	0.0
desisyón	0.000	0.0	0.0
destíno	0.000	0.0	0.0
desyémbre	0.000	0.0	0.0
dí	0.000	0.0	0.0
debúhu	0.000	0.0	0.0
diksyonáryo	0.000	0.0	0.0
díkta	0.000	0.0	0.0
didál	0.000	0.0	0.0
dídtu	0.000	0.0	0.0
di’ín	0.000	0.0	0.0
díla’	0.000	0.0	0.0
dilántu	0.791	0.0	0.0
dílap	0.361	0.0	0.0
díli’	-0.318	0.0	0.0
díli’	0.000	0.0	0.0
dimát	0.361	0.0	0.0
díngding	0.000	0.0	0.0
dingút	-0.796	0.0	0.0
dirá’	0.000	0.0	0.0
direktór	0.000	0.0	0.0
diri	0.000	0.0	0.0
diskúrso	0.000	0.0	0.0
diskúrso	0.000	0.0	0.0
disgústo	-0.735	0.0	0.0
disimulár	0.000	0.0	0.0
disiplína	0.000	0.0	0.0
disprás	0.000	0.0	0.0
dís’ug	0.000	0.0	0.0
diwál	0.000	0.0	0.0
diwál	0.361	0.0	0.0
diwáta’	0.000	0.0	0.0
díyas	0.000	0.0	0.0
dóble	0.000	0.0	0.0
doktór	0.000	0.0	0.0
dódong	0.000	0.0	0.0
domínggo	0.000	0.0	0.0
-dor	0.000	0.0	0.0
dormitóryo	0.000	0.0	0.0
dós	0.000	0.0	0.0
dóse	0.000	0.0	0.0
doséna	0.000	0.0	0.0
du’ág	0.000	0.0	0.0
dú’aw	-0.273	0.0	0.0
duká’	0.000	0.0	0.0
dúkduk	0.000	0.0	0.0
dukú’	0.000	0.0	0.0
dukuménto	0.000	0.0	0.0
dukút	0.000	0.0	0.0
dúda	-0.625	0.0	0.0
dúda	0.000	0.0	0.0
dúda	-0.758	0.0	0.0
dúga’	0.000	0.0	0.0
dúgang	0.000	0.0	0.0
dúgang	0.318	0.0	0.0
dúgay	0.000	0.0	0.0
dúgay	0.000	0.0	0.0
dugáydugáy	0.000	0.0	0.0
dúgkal	-0.586	0.0	0.0
dúghan	0.000	0.0	0.0
dúgmuk	-0.421	0.0	0.0
dugú’	0.000	0.0	0.0
dugú’	0.000	0.0	0.0
dúguk	0.296	0.0	0.0
dugús	0.000	0.0	0.0
dúgwak	0.000	0.0	0.0
dúhadúha	-0.557	0.0	0.0
duhá	0.000	0.0	0.0
dúhul	0.494	0.0	0.0
dúla’	-0.511	0.0	0.0
dúlang	0.000	0.0	0.0
dúlhug	0.000	0.0	0.0
dúlingdúling	0.000	0.0	0.0
dúlug	-0.296	0.0	0.0
dulúm	0.000	0.0	0.0
dulúm	-0.153	0.0	0.0
dulúnan	0.000	0.0	0.0
dúlung	0.000	0.0	0.0
dúl’ung	0.000	0.0	0.0
dulúnggan	0.000	0.0	0.0
dulúnggan	0.000	0.0	0.0
dúlut	0.440	0.0	0.0
dúlut	0.440	0.0	0.0
dúlsi	0.000	0.0	0.0
dumála	0.000	0.0	0.0
dúmdum	0.000	0.0	0.0
dumíli’	-0.710	0.0	0.0
dúmug	-0.318	0.0	0.0
dumulú’ung	0.000	0.0	0.0
dumút	0.000	0.0	0.0
dunút	-0.511	0.0	0.0
dunút	-0.599	0.0	0.0
dúngan	0.000	0.0	0.0
dúngan	0.000	0.0	0.0
dúngka’	0.000	0.0	0.0
dúnglay	0.000	0.0	0.0
dungúk	0.000	0.0	0.0
dungúg	0.727	0.0	0.0
dúpla’	0.000	0.0	0.0
dúsdus	0.000	0.0	0.0
dúsmu’	0.000	0.0	0.0
dusú’	0.000	0.0	0.0
dúta’	0.000	0.0	0.0
dú’ug	0.000	0.0	0.0
dú’ul	0.000	0.0	0.0
dúyan	0.000	0.0	0.0
dúyan	0.000	0.0	0.0
dúyu	-0.743	0.0	0.0
dwénde	0.000	0.0	0.0
dwénde	0.000	0.0	0.0
dyés	0.000	0.0	0.0
dyíp	-0.599	0.0	0.0
dyús	0.273	0.0	0.0
dyútay	0.000	0.0	0.0
ebanghélyo	0.000	0.0	0.0
eklípsi	0.000	0.0	0.0
eksámin	0.000	0.0	0.0
eksámin	0.000	0.0	0.0
edád	0.000	0.0	0.0
eh	0.000	0.0	0.0
eleksyón	0.000	0.0	0.0
eleksyón	0.000	0.0	0.0
elementárya	0.000	0.0	0.0
embahadór	0.000	0.0	0.0
embalsamár	0.000	0.0	0.0
empanáda	0.000	0.0	0.0
empleyádo	0.000	0.0	0.0
empýene	0.000	0.0	0.0
enéro	0.000	0.0	0.0
enhenyéro	0.000	0.0	0.0
ensaláda	0.000	0.0	0.0
entabládo	0.000	0.0	0.0
éntra	0.296	0.0	0.0
entyénde	0.000	0.0	0.0
englatéra	0.000	0.0	0.0
epektíbo	0.477	0.0	0.0
-ero	0.000	0.0	0.0
eropláno	0.000	0.0	0.0
eskándalo	-0.440	0.0	0.0
eskándalo	-0.827	0.0	0.0
eskándalo	-0.202	0.0	0.0
eskiníta	0.000	0.0	0.0
eskóba	0.000	0.0	0.0
eskultór	0.000	0.0	0.0
eskwéla	0.000	0.0	0.0
eskwelahán	0.000	0.0	0.0
eséna	0.000	0.0	0.0
espáda	0.000	0.0	0.0
espánya	0.000	0.0	0.0
espanyól	0.000	0.0	0.0
espíritu	-0.153	0.0	0.0
espíya	0.000	0.0	0.0
espíya	0.000	0.0	0.0
espóngha	0.000	0.0	0.0
estádo	0.000	0.0	0.0
estádos	0.421	0.0	0.0
estánte	0.000	0.0	0.0
estár	0.000	0.0	0.0
estasyón	0.000	0.0	0.0
estátwa	0.000	0.0	0.0
estranghéro	0.000	0.0	0.0
estudyánte	0.000	0.0	0.0
fálda	0.000	0.0	0.0
famílya	0.000	0.0	0.0
febréro	0.000	0.0	0.0
floréra	0.000	0.0	0.0
fránsya	0.000	0.0	0.0
gábi	0.000	0.0	0.0
gáb’i	0.000	0.0	0.0
gabinéte	0.000	0.0	0.0
gabúk	-0.710	0.0	0.0
gabúk	-0.718	0.0	0.0
gábut	0.000	0.0	0.0
gáhit	0.273	0.0	0.0
gáhud	-0.459	0.0	0.0
gáhud	0.000	0.0	0.0
gáhud	-0.178	0.0	0.0
gahúm	0.077	0.0	0.0
gá’id	0.340	0.0	0.0
gálab	-0.273	0.0	0.0
galánte	0.402	0.0	0.0
galapún	0.000	0.0	0.0
galatúng	0.000	0.0	0.0
galí’	0.000	0.0	0.0
gáling	0.000	0.0	0.0
galingán	0.000	0.0	0.0
galón	0.000	0.0	0.0
gál’um	0.000	0.0	0.0
gál’um	0.000	0.0	0.0
gál’um	0.000	0.0	0.0
galyétas	0.000	0.0	0.0
gamáy	0.000	0.0	0.0
gámhun	0.000	0.0	0.0
gámhun	0.000	0.0	0.0
gámit	0.000	0.0	0.0
gamósa	0.000	0.0	0.0
gamú	-0.727	0.0	0.0
gamú	-0.077	0.0	0.0
gamút	0.000	0.0	0.0
gána	0.000	0.0	0.0
gána	0.000	0.0	0.0
ganánsya	0.784	0.0	0.0
gáni’	0.026	0.0	0.0
gánit	0.000	0.0	0.0
gántang	0.000	0.0	0.0
gantángan	0.000	0.0	0.0
gánsa	0.000	0.0	0.0
gansál	-0.296	0.0	0.0
gansál	0.000	0.0	0.0
gansál	-0.178	0.0	0.0
gánuy	-0.226	0.0	0.0
ganghá’an	0.000	0.0	0.0
gápas	-0.273	0.0	0.0
gápus	0.000	0.0	0.0
gárab	-0.273	0.0	0.0
gárab	-0.273	0.0	0.0
gará’	0.000	0.0	0.0
garáhi	0.000	0.0	0.0
garantíya	0.250	0.0	0.0
garúk	0.000	0.0	0.0
garúk	0.000	0.0	0.0
garút	-0.128	0.0	0.0
gástos	0.000	0.0	0.0
gástos	0.000	0.0	0.0
gástos	0.000	0.0	0.0
gatá’	0.000	0.0	0.0
gátas	0.000	0.0	0.0
gatúmbal	0.000	0.0	0.0
gátung	0.000	0.0	0.0
gatús	0.000	0.0	0.0
ga’úd	0.000	0.0	0.0
ga’úd	0.000	0.0	0.0
gáwa	0.000	0.0	0.0
gáwad	0.000	0.0	0.0
gáwgaw	0.000	0.0	0.0
gayún	0.612	0.0	0.0
géra	-0.758	0.0	0.0
géra	-0.758	0.0	0.0
gíkan	0.000	0.0	0.0
gíd	0.000	0.0	0.0
gihápun	0.000	0.0	0.0
gíhu’	0.000	0.0	0.0
gilayún	0.000	0.0	0.0
gín-	0.000	0.0	0.0
giná’	0.000	0.0	0.0
giná…-an	0.000	0.0	0.0
gín-…-an	0.000	0.0	0.0
ginamús	0.000	0.0	0.0
ginháwa	0.000	0.0	0.0
ginháwa	0.000	0.0	0.0
ginikánan	0.000	0.0	0.0
gín’ut	0.226	0.0	0.0
ginú’u	0.000	0.0	0.0
ginú’u	0.273	0.0	0.0
gisá	0.000	0.0	0.0
gisántes	0.000	0.0	0.0
gísi’	0.000	0.0	0.0
gíray	-0.273	0.0	0.0
gitára	0.000	0.0	0.0
gitára	0.340	0.0	0.0
governadór	0.000	0.0	0.0
grábe	-0.440	0.0	0.0
grádo	0.000	0.0	0.0
grádwar	0.000	0.0	0.0
gramátika	0.000	0.0	0.0
grása	0.000	0.0	0.0
grásya	0.718	0.0	0.0
grátis	0.542	0.0	0.0
grípo	0.000	0.0	0.0
gruméte	0.000	0.0	0.0
grúpu	0.000	0.0	0.0
gubá’	-0.542	0.0	0.0
gubán	0.000	0.0	0.0
gúbat	-0.599	0.0	0.0
gúbat	-0.832	0.0	0.0
gúgma	0.910	0.0	0.0
gúhab	0.000	0.0	0.0
gúlang	0.000	0.0	0.0
gúlang	0.421	0.0	0.0
naggúlang	0.000	0.0	0.0
gúlgul	-0.273	0.0	0.0
gúlub	-0.273	0.0	0.0
gulút	-0.273	0.0	0.0
gúma	0.000	0.0	0.0
gúmuk	-0.218	0.0	0.0
gumulúwa’	0.000	0.0	0.0
gúmun	0.000	0.0	0.0
gúnting	0.000	0.0	0.0
gúnting	-0.273	0.0	0.0
gúra	0.000	0.0	0.0
guráb	0.000	0.0	0.0
guráyguráy	0.000	0.0	0.0
gurípat	0.000	0.0	0.0
gústo	0.670	0.0	0.0
gústo	0.827	0.0	0.0
gúsuk	0.000	0.0	0.0
gúlpi	-0.382	0.0	0.0
gúlu’	0.000	0.0	0.0
gútrab	-0.273	0.0	0.0
gutúk	0.000	0.0	0.0
gutúk	0.000	0.0	0.0
gútum	-0.250	0.0	0.0
gútum	-0.250	0.0	0.0
gúyud	-0.226	0.0	0.0
gwá’	0.000	0.0	0.0
gwá’	0.000	0.0	0.0
gwápo	0.883	0.0	0.0
háblug	0.000	0.0	0.0
hábnus	0.000	0.0	0.0
hábuk	0.000	0.0	0.0
hábug	0.000	0.0	0.0
hábul	0.000	0.0	0.0
habúl	-0.402	0.0	0.0
habúl	0.000	0.0	0.0
habón	0.000	0.0	0.0
habúy	-0.340	0.0	0.0
hábyug	0.000	0.0	0.0
hakáb	-0.318	0.0	0.0
háklu’	0.000	0.0	0.0
hákruy	-0.459	0.0	0.0
hakú’hakú’	0.000	0.0	0.0
hákup	0.000	0.0	0.0
hákup	0.153	0.0	0.0
hakús	0.660	0.0	0.0
hakús	0.660	0.0	0.0
hákut	0.273	0.0	0.0
hákwat	0.000	0.0	0.0
hádluk	-0.743	0.0	0.0
hádluk	-0.727	0.0	0.0
hádluk	-0.494	0.0	0.0
hágad	0.153	0.0	0.0
hágbas	-0.494	0.0	0.0
haǵdan	0.000	0.0	0.0
hágis	-0.273	0.0	0.0
hágmak	0.000	0.0	0.0
hagúp	0.000	0.0	0.0
hagúp	0.000	0.0	0.0
háguphágup	0.000	0.0	0.0
halá	0.000	0.0	0.0
hálab	0.361	0.0	0.0
halákhak	0.778	0.0	0.0
halákhak	0.557	0.0	0.0
hálad	0.440	0.0	0.0
hálad	0.000	0.0	0.0
haláy	0.000	0.0	0.0
hál’id	-0.402	0.0	0.0
halígi	0.000	0.0	0.0
halimbáwa’	0.000	0.0	0.0
halín	-0.052	0.0	0.0
hálin	0.000	0.0	0.0
halíntang	0.000	0.0	0.0
hálit	-0.494	0.0	0.0
halíya	0.000	0.0	0.0
hál’u	0.000	0.0	0.0
hálu’	0.000	0.0	0.0
halu’án	0.318	0.0	0.0
halúk	0.421	0.0	0.0
halúk	0.421	0.0	0.0
halúg	-0.318	0.0	0.0
halúnhun	0.000	0.0	0.0
hálung	0.883	0.0	0.0
hálus	0.000	0.0	0.0
hámak	-0.751	0.0	0.0
hámbal	0.000	0.0	0.0
hámbal	0.000	0.0	0.0
hámbal	0.000	0.0	0.0
hámbug	0.477	0.0	0.0
hámbug	0.477	0.0	0.0
hámbuy	0.000	0.0	0.0
hámpak	0.000	0.0	0.0
hámpang	0.340	0.0	0.0
hámpang	0.340	0.0	0.0
hampángan	0.000	0.0	0.0
hámpul	0.000	0.0	0.0
hámtang	0.000	0.0	0.0
hámtung	0.000	0.0	0.0
hamún	0.000	0.0	0.0
hamút	0.459	0.0	0.0
hamút	0.459	0.0	0.0
hamú’uk	0.000	0.0	0.0
hamú’ut	0.670	0.0	0.0
hámyang	-0.572	0.0	0.0
hánas	0.000	0.0	0.0
hánda’	0.361	0.0	0.0
hándum	0.660	0.0	0.0
hándum	0.402	0.0	0.0
hándung	0.000	0.0	0.0
handuráwan	0.000	0.0	0.0
hándus	-0.250	0.0	0.0
haníg	0.382	0.0	0.0
haníp	0.000	0.0	0.0
hantál	0.000	0.0	0.0
hántup	0.000	0.0	0.0
hánut	0.000	0.0	0.0
hánut	-0.128	0.0	0.0
hanú’ut	0.402	0.0	0.0
hangád	0.743	0.0	0.0
hangánhangán	0.649	0.0	0.0
hángbas	-0.273	0.0	0.0
hángkat	0.077	0.0	0.0
hángkat	0.077	0.0	0.0
hángdu’	0.542	0.0	0.0
hángin	0.000	0.0	0.0
hangúp	0.000	0.0	0.0
hángus	-0.340	0.0	0.0
hapá’	0.000	0.0	0.0
hápaw	0.202	0.0	0.0
hápay	0.153	0.0	0.0
hápdi’	-0.542	0.0	0.0
hápdi’	-0.511	0.0	0.0
hápdi’	-0.542	0.0	0.0
hapi’n	0.000	0.0	0.0
hápit	-0.273	0.0	0.0
háplak	0.000	0.0	0.0
háplas	-0.361	0.0	0.0
háplay	0.000	0.0	0.0
háplik	0.000	0.0	0.0
háplit	-0.128	0.0	0.0
háplus	-0.361	0.0	0.0
hápu’	-0.660	0.0	0.0
hapún	0.000	0.0	0.0
hápun	0.000	0.0	0.0
hápun	0.000	0.0	0.0
hapús	0.440	0.0	0.0
hára	0.000	0.0	0.0
harákhak	0.494	0.0	0.0
harákhak	0.557	0.0	0.0
harána	0.000	0.0	0.0
harána	0.000	0.0	0.0
haranísta	0.000	0.0	0.0
harásharás	-0.440	0.0	0.0
hardín	0.000	0.0	0.0
hári’	0.000	0.0	0.0
hári’	0.000	0.0	0.0
harína	0.000	0.0	0.0
harúput	0.000	0.0	0.0
harúthut	0.000	0.0	0.0
hásta	0.000	0.0	0.0
hátag	0.440	0.0	0.0
hátag	0.751	0.0	0.0
hatúkhatúk	-0.791	0.0	0.0
hatúd	0.000	0.0	0.0
háwa’	-0.052	0.0	0.0
háwak	0.000	0.0	0.0
háwan	0.784	0.0	0.0
háw’as	0.000	0.0	0.0
hawáthawát	-0.477	0.0	0.0
háwid	0.000	0.0	0.0
háya’	-0.572	0.0	0.0
háyag	0.440	0.0	0.0
háyag	0.440	0.0	0.0
hayáhay	0.000	0.0	0.0
hayángháyang	0.000	0.0	0.0
hayát	0.000	0.0	0.0
hayáw	-0.226	0.0	0.0
háyhay	-0.128	0.0	0.0
háylu	0.250	0.0	0.0
hayú’	0.000	0.0	0.0
háyup	0.000	0.0	0.0
héfe	0.000	0.0	0.0
henerál	0.000	0.0	0.0
heneró	0.000	0.0	0.0
heringílya	0.000	0.0	0.0
hibalú	0.000	0.0	0.0
hibí’	-0.778	0.0	0.0
hibubún’ut	-0.226	0.0	0.0
híkap	0.494	0.0	0.0
híkaw	-0.527	0.0	0.0
híkaw	-0.625	0.0	0.0
híkay	-0.796	0.0	0.0
híkut	0.000	0.0	0.0
híkut	0.361	0.0	0.0
hidá’it	0.743	0.0	0.0
hidá’it	0.527	0.0	0.0
hídlaw	-0.440	0.0	0.0
hídlaw	0.250	0.0	0.0
higád	0.000	0.0	0.0
higánte	0.000	0.0	0.0
higayún	0.000	0.0	0.0
hígku’	-0.340	0.0	0.0
hígku’	-0.440	0.0	0.0
hígku’	-0.440	0.0	0.0
hígda’	0.000	0.0	0.0
higúgma	0.823	0.0	0.0
higúgma	0.904	0.0	0.0
hígup	-0.440	0.0	0.0
higút	0.000	0.0	0.0
higút	0.340	0.0	0.0
hilabút	0.000	0.0	0.0
hílak	0.637	0.0	0.0
hilamún	0.000	0.0	0.0
hilám’us	0.000	0.0	0.0
hilánat	0.000	0.0	0.0
hilánat	0.000	0.0	0.0
hílap	-0.273	0.0	0.0
hilapít	0.000	0.0	0.0
hiláw	0.318	0.0	0.0
hiláy	0.000	0.0	0.0
hilayú’	0.000	0.0	0.0
hílu	0.000	0.0	0.0
hilú’	-0.542	0.0	0.0
hilú’	-0.791	0.0	0.0
híl’ub	0.000	0.0	0.0
híl’um	-0.296	0.0	0.0
hílut	0.000	0.0	0.0
hílut	0.000	0.0	0.0
hílway	0.735	0.0	0.0
hílway	0.637	0.0	0.0
himáya’	0.896	0.0	0.0
hímbis	0.000	0.0	0.0
hímpit	0.772	0.0	0.0
hímu	0.000	0.0	0.0
himúd’us	0.000	0.0	0.0
himúd’us	0.625	0.0	0.0
himúlat	0.511	0.0	0.0
himúlbul	0.402	0.0	0.0
himulús	0.250	0.0	0.0
himúnung	0.000	0.0	0.0
himúnung	0.000	0.0	0.0
hím’ung	0.459	0.0	0.0
hímus	0.000	0.0	0.0
himútad	0.000	0.0	0.0
himutígun	0.000	0.0	0.0
hináblus	0.000	0.0	0.0
hinákay	-0.103	0.0	0.0
hináli’	0.000	0.0	0.0
hinámbit	0.000	0.0	0.0
hinámput	0.000	0.0	0.0
hináw	0.000	0.0	0.0
hínay	0.459	0.0	0.0
hínay	-0.440	0.0	0.0
hínay	0.000	0.0	0.0
hínhin	0.459	0.0	0.0
híning	0.000	0.0	0.0
hínis	0.402	0.0	0.0
hínlu’	0.477	0.0	0.0
hinúlsul	-0.599	0.0	0.0
hinúlsul	-0.477	0.0	0.0
hinun’ánun	0.000	0.0	0.0
hingabút	-0.727	0.0	0.0
hingagáw	0.026	0.0	0.0
hingálan	0.000	0.0	0.0
hingamú	0.402	0.0	0.0
hinganíban	-0.296	0.0	0.0
hingapús	0.000	0.0	0.0
hingí’ki’	0.402	0.0	0.0
hingukú	0.153	0.0	0.0
hingúyang	0.000	0.0	0.0
hingúyang	-0.599	0.0	0.0
híngyu’	0.000	0.0	0.0
hípag	0.000	0.0	0.0
hípid	0.459	0.0	0.0
hípus	0.000	0.0	0.0
hípus	0.000	0.0	0.0
hípus	0.000	0.0	0.0
hírup	0.000	0.0	0.0
hírup	0.751	0.0	0.0
hísa	-0.527	0.0	0.0
hísa	-0.802	0.0	0.0
hisáyud	0.000	0.0	0.0
híta’	0.000	0.0	0.0
hítad	0.000	0.0	0.0
híwa’	0.000	0.0	0.0
híwa’	-0.273	0.0	0.0
híwat	0.572	0.0	0.0
hiyás	0.572	0.0	0.0
híyud	0.000	0.0	0.0
hornál	0.000	0.0	0.0
hu’ád	0.000	0.0	0.0
hu’ád	0.000	0.0	0.0
hu’ád	0.000	0.0	0.0
húbad	0.202	0.0	0.0
hubág	0.000	0.0	0.0
hubág	0.000	0.0	0.0
hubág	0.000	0.0	0.0
hubás	0.000	0.0	0.0
húben	0.000	0.0	0.0
húblag	0.000	0.0	0.0
húblas	0.000	0.0	0.0
húblas	0.000	0.0	0.0
húbu’	0.000	0.0	0.0
húbu’	0.000	0.0	0.0
hubúg	-0.340	0.0	0.0
hubúg	-0.340	0.0	0.0
hubún	0.000	0.0	0.0
húk’ab	0.000	0.0	0.0
húkas	0.000	0.0	0.0
hukúm	0.000	0.0	0.0
hukúm	0.000	0.0	0.0
hudéyu	0.000	0.0	0.0
hugák	-0.318	0.0	0.0
hugák	0.000	0.0	0.0
hugakúm	0.000	0.0	0.0
húgas	0.000	0.0	0.0
húgpa’	0.000	0.0	0.0
húgpung	0.000	0.0	0.0
húgpung	0.296	0.0	0.0
hugút	0.000	0.0	0.0
húgyaw	0.727	0.0	0.0
húgyaw	0.802	0.0	0.0
húlag	0.000	0.0	0.0
húlag	0.000	0.0	0.0
hulám	0.000	0.0	0.0
húlas	0.000	0.0	0.0
húlas	0.000	0.0	0.0
hulát	0.000	0.0	0.0
hulát	0.361	0.0	0.0
hulík	0.000	0.0	0.0
húlid	0.000	0.0	0.0
húlip	0.000	0.0	0.0
húlug	0.000	0.0	0.0
hulúnan	0.000	0.0	0.0
hulúnan	0.000	0.0	0.0
húlyo	0.000	0.0	0.0
humán	0.000	0.0	0.0
humán	0.421	0.0	0.0
humáy	0.000	0.0	0.0
húmlad	0.000	0.0	0.0
húmuk	0.000	0.0	0.0
húmuk	0.000	0.0	0.0
humút	0.000	0.0	0.0
humút	0.459	0.0	0.0
huná’	0.000	0.0	0.0
huná’huná’	0.000	0.0	0.0
huná’huná’	0.000	0.0	0.0
hunás	-0.273	0.0	0.0
hunás	-0.273	0.0	0.0
huní	-0.361	0.0	0.0
huní	0.000	0.0	0.0
húnit	0.000	0.0	0.0
hún’ug	0.000	0.0	0.0
húnung	-0.612	0.0	0.0
hunús	0.000	0.0	0.0
húnus	0.000	0.0	0.0
hunúsbu’	0.000	0.0	0.0
húnyo	0.000	0.0	0.0
hungúd	0.000	0.0	0.0
hungúd	0.000	0.0	0.0
hupay	0.000	0.0	0.0
hupút	0.000	0.0	0.0
huragúk	0.000	0.0	0.0
huragúk	0.000	0.0	0.0
huramúl	0.000	0.0	0.0
hurínghúring	0.000	0.0	0.0
hurínghúring	0.000	0.0	0.0
húrma	0.000	0.0	0.0
húrma	0.361	0.0	0.0
húrno	0.000	0.0	0.0
húrno	0.000	0.0	0.0
hurubatún	0.000	0.0	0.0
hurúng	-0.542	0.0	0.0
huruśhurus	-0.459	0.0	0.0
húsay	0.318	0.0	0.0
húsay	0.000	0.0	0.0
húslu’	-0.637	0.0	0.0
hústu	0.527	0.0	0.0
hutík	0.000	0.0	0.0
hutík	0.000	0.0	0.0
hú’u	0.402	0.0	0.0
hu’úl	-0.691	0.0	0.0
hu’út	0.000	0.0	0.0
hu’út	0.000	0.0	0.0
huwád	0.000	0.0	0.0
huwés	0.000	0.0	0.0
húy	0.000	0.0	0.0
huyá’	-0.743	0.0	0.0
huyá’	-0.494	0.0	0.0
huyá’	-0.477	0.0	0.0
húyab	0.625	0.0	0.0
húy’ab	0.000	0.0	0.0
húy’ab	0.000	0.0	0.0
huyá’huyá’	0.000	0.0	0.0
húyang	-0.226	0.0	0.0
húyang	-0.178	0.0	0.0
huyúp	0.000	0.0	0.0
huyúp	-0.440	0.0	0.0
hwébes	0.000	0.0	0.0
1-i-	0.000	0.0	0.0
2-i-	0.000	0.0	0.0
-i	0.000	0.0	0.0
ibábaw	0.202	0.0	0.0
ibábaw	0.382	0.0	0.0
ibán	0.000	0.0	0.0
íbid’íbid	0.000	0.0	0.0
íbug	0.459	0.0	0.0
íbug	0.000	0.0	0.0
íbug	0.000	0.0	0.0
2-ika-	0.000	0.0	0.0
ikáw	0.000	0.0	0.0
íkit	0.000	0.0	0.0
íkug	0.000	0.0	0.0
ikúg’íkug	-0.052	0.0	0.0
idálum	0.000	0.0	0.0
idálum	0.000	0.0	0.0
ídas	0.000	0.0	0.0
ídas	0.000	0.0	0.0
idík	0.000	0.0	0.0
ídlab	-0.340	0.0	0.0
idú’	0.000	0.0	0.0
iga	0.000	0.0	0.0
ígham	0.623	0.0	0.0
iglésya	0.000	0.0	0.0
ígpat	0.226	0.0	0.0
igsú’un	0.000	0.0	0.0
igú’	0.361	0.0	0.0
ígut	-0.103	0.0	0.0
íhaw	0.000	0.0	0.0
íhi	0.000	0.0	0.0
íhi’	0.000	0.0	0.0
íhi’	0.000	0.0	0.0
íla	0.000	0.0	0.0
ilá	0.000	0.0	0.0
íla’	0.875	0.0	0.0
ilagá’	0.000	0.0	0.0
ilayá	0.000	0.0	0.0
ílig	0.000	0.0	0.0
ílig	0.000	0.0	0.0
ilímnun	0.000	0.0	0.0
ílis	0.000	0.0	0.0
ílu	0.000	0.0	0.0
ílu	0.000	0.0	0.0
íluk	0.000	0.0	0.0
ílug	0.000	0.0	0.0
ilúng	0.000	0.0	0.0
ilúy	0.000	0.0	0.0
imbénto	0.273	0.0	0.0
imbénto	0.000	0.0	0.0
imbestigár	0.000	0.0	0.0
imbitasyón	0.000	0.0	0.0
imprénta	0.000	0.0	0.0
imprénta	0.000	0.0	0.0
ímpun	0.637	0.0	0.0
impúntu	0.000	0.0	0.0
ímu	0.000	0.0	0.0
ímul	-0.477	0.0	0.0
ímul	-0.382	0.0	0.0
ímun	-0.527	0.0	0.0
ímun	-0.459	0.0	0.0
impyérno	-0.681	0.0	0.0
1-in-	0.000	0.0	0.0
2-in-	0.000	0.0	0.0
3-in-	0.000	0.0	0.0
iná’	0.000	0.0	0.0
1-in-…-an	0.000	0.0	0.0
2-in-…-an	0.000	0.0	0.0
inánu	0.000	0.0	0.0
índay	0.000	0.0	0.0
índi’	-0.572	0.0	0.0
índis’índis	0.000	0.0	0.0
índis’índis	0.000	0.0	0.0
ineksyón	0.000	0.0	0.0
ineksyón	-0.340	0.0	0.0
iní	0.000	0.0	0.0
ínit	-0.572	0.0	0.0
ínit	0.178	0.0	0.0
ínit	-0.818	0.0	0.0
inítan	0.494	0.0	0.0
inosénte	0.340	0.0	0.0
insúltu	-0.743	0.0	0.0
insúltu	-0.743	0.0	0.0
interés	0.459	0.0	0.0
interés	0.402	0.0	0.0
intsík	0.000	0.0	0.0
íntu’	0.103	0.0	0.0
íntu’	0.852	0.0	0.0
inúg-	0.000	0.0	0.0
inúm	0.000	0.0	0.0
inúm	0.000	0.0	0.0
inúmul	0.000	0.0	0.0
ínut	-0.382	0.0	0.0
inútil	-0.421	0.0	0.0
ínyu	0.000	0.0	0.0
ingkáhi	0.000	0.0	0.0
ingkántu	-0.572	0.0	0.0
ingkántu	0.382	0.0	0.0
inínglis	0.000	0.0	0.0
ingít	-0.914	0.0	0.0
ingít	-0.758	0.0	0.0
íngud	0.000	0.0	0.0
íngus	0.000	0.0	0.0
ípa-	0.000	0.0	0.0
íping	0.000	0.0	0.0
ípit	0.000	0.0	0.0
íput	-0.402	0.0	0.0
íput	0.000	0.0	0.0
irás	-0.572	0.0	0.0
isá	0.000	0.0	0.0
ísda’	0.000	0.0	0.0
ísda’	0.000	0.0	0.0
ísi’ísi	0.000	0.0	0.0
ísip	0.077	0.0	0.0
ísip	0.000	0.0	0.0
ispíya	0.000	0.0	0.0
ispíya	0.000	0.0	0.0
-ista	0.000	0.0	0.0
istórya	0.000	0.0	0.0
istórya	0.000	0.0	0.0
ísu	0.000	0.0	0.0
ísug	0.836	0.0	0.0
ísug	0.856	0.0	0.0
ísug	0.649	0.0	0.0
ísul	0.202	0.0	0.0
íswag	0.178	0.0	0.0
ítik	0.000	0.0	0.0
ítik	0.000	0.0	0.0
itikíta	0.000	0.0	0.0
ítlug	0.000	0.0	0.0
ítlug	0.000	0.0	0.0
itúm	0.000	0.0	0.0
itúm	0.000	0.0	0.0
íwag	0.000	0.0	0.0
íwat	-0.727	0.0	0.0
íya	0.000	0.0	0.0
iyá	0.000	0.0	0.0
1-la-	0.000	0.0	0.0
2-la-	0.000	0.0	0.0
3-la-	0.000	0.0	0.0
-la-…-an	-0.250	0.0	0.0
lá’aw	0.000	0.0	0.0
labá	0.000	0.0	0.0
labá	0.000	0.0	0.0
lába’	0.000	0.0	0.0
lába’	0.000	0.0	0.0
labábu	0.000	0.0	0.0
lábag	-0.494	0.0	0.0
labáha	0.000	0.0	0.0
labán	0.000	0.0	0.0
labatíba	0.000	0.0	0.0
labatíba	0.000	0.0	0.0
láb’as	0.318	0.0	0.0
labáw	0.000	0.0	0.0
labáw	0.000	0.0	0.0
labáy	0.000	0.0	0.0
labí	0.000	0.0	0.0
labí	0.000	0.0	0.0
labú’	0.557	0.0	0.0
láb’uk	0.000	0.0	0.0
labúgay	0.000	0.0	0.0
lábut	0.000	0.0	0.0
lábyug	0.000	0.0	0.0
laká’	0.000	0.0	0.0
lák’ang	0.178	0.0	0.0
lák’ang	0.000	0.0	0.0
lakát	0.000	0.0	0.0
lakát	-0.052	0.0	0.0
lákbang	0.000	0.0	0.0
lakíp	0.000	0.0	0.0
láklak	0.000	0.0	0.0
láktaw	-0.153	0.0	0.0
láktud	-0.273	0.0	0.0
ládlad	0.000	0.0	0.0
lá’ga’	0.000	0.0	0.0
lagabúng	-0.340	0.0	0.0
lagári’	0.000	0.0	0.0
lagári’	-0.273	0.0	0.0
lagás	0.000	0.0	0.0
lagátik	0.000	0.0	0.0
lagatúk	-0.660	0.0	0.0
lágawlágaw	0.000	0.0	0.0
lágda’	0.000	0.0	0.0
lági	0.000	0.0	0.0
lágpit	-0.318	0.0	0.0
lágtum	0.000	0.0	0.0
lagú	0.000	0.0	0.0
lagú’	0.000	0.0	0.0
lagwérta	0.000	0.0	0.0
lágyu’	0.000	0.0	0.0
lágyu’	0.000	0.0	0.0
lahúg	0.226	0.0	0.0
lahúgláhug	0.226	0.0	0.0
lahúgláhug	0.670	0.0	0.0
lá’in	-0.542	0.0	0.0
la’ín	0.000	0.0	0.0
la’ín	0.000	0.0	0.0
lála	0.000	0.0	0.0
lalá’	-0.727	0.0	0.0
laláki	0.586	0.0	0.0
laláw	-0.700	0.0	0.0
lalím	0.000	0.0	0.0
lális	-0.382	0.0	0.0
lamá’lamá’	-0.494	0.0	0.0
lámang	0.000	0.0	0.0
laḿbat	0.000	0.0	0.0
lámbut	0.026	0.0	0.0
lamésa	0.000	0.0	0.0
laḿgud	0.000	0.0	0.0
lamíg	0.000	0.0	0.0
lamíg	0.052	0.0	0.0
lamígas	0.000	0.0	0.0
lámluk	0.000	0.0	0.0
lampás	0.000	0.0	0.0
lampásu	0.000	0.0	0.0
lampásu	0.000	0.0	0.0
lampín	0.000	0.0	0.0
lampitáw	0.000	0.0	0.0
lampú’as	0.026	0.0	0.0
lámpus	-0.226	0.0	0.0
lamúk	0.000	0.0	0.0
lamúd	0.000	0.0	0.0
lamún	-0.402	0.0	0.0
lámun	0.361	0.0	0.0
lána	0.000	0.0	0.0
lándung	0.000	0.0	0.0
lánsang	0.000	0.0	0.0
lánsang	0.000	0.0	0.0
lansítas	0.000	0.0	0.0
lánta	0.000	0.0	0.0
lántaw	0.000	0.0	0.0
lántun	0.000	0.0	0.0
lántun	0.340	0.0	0.0
lanúg	-0.511	0.0	0.0
lányatlányat	0.000	0.0	0.0
láng	0.000	0.0	0.0
láng’at	0.000	0.0	0.0
lángaw	0.000	0.0	0.0
lángka’	0.000	0.0	0.0
lángkag	-0.599	0.0	0.0
lánggaw	0.000	0.0	0.0
langís	0.000	0.0	0.0
lángit	0.511	0.0	0.0
láng’ug	-0.511	0.0	0.0
langúy	0.000	0.0	0.0
lápak	0.077	0.0	0.0
lápad	0.000	0.0	0.0
lápad	0.000	0.0	0.0
lapá’lapá’	-0.273	0.0	0.0
lápas	-0.494	0.0	0.0
lapáw	0.000	0.0	0.0
lápdus	-0.153	0.0	0.0
lápis	0.000	0.0	0.0
lapít	0.000	0.0	0.0
lapít	0.000	0.0	0.0
lápnag	0.000	0.0	0.0
lápsag	0.000	0.0	0.0
lápsi’	0.000	0.0	0.0
lápta	0.178	0.0	0.0
lápus	0.000	0.0	0.0
lapúyut	0.000	0.0	0.0
lápyu	-0.361	0.0	0.0
laranghíta	0.000	0.0	0.0
laráwan	0.000	0.0	0.0
lárga	0.000	0.0	0.0
lasáw	0.000	0.0	0.0
lás’ay	-0.440	0.0	0.0
lásu	0.000	0.0	0.0
láta	0.000	0.0	0.0
latá’	-0.511	0.0	0.0
látag	0.000	0.0	0.0
látay	-0.309	0.0	0.0
látid	0.000	0.0	0.0
latigú	0.000	0.0	0.0
latúk	0.000	0.0	0.0
látum	0.000	0.0	0.0
latún	0.000	0.0	0.0
latún	0.000	0.0	0.0
lá’ug	0.000	0.0	0.0
lá’um	0.735	0.0	0.0
la’ún	0.000	0.0	0.0
-la-…-un	0.000	0.0	0.0
lá’ut	-0.900	0.0	0.0
láwa’	0.000	0.0	0.0
láwag	0.000	0.0	0.0
láwas	0.000	0.0	0.0
láw’ay	-0.743	0.0	0.0
láwid	0.000	0.0	0.0
láwid	0.000	0.0	0.0
láwig	0.000	0.0	0.0
láwlaw	-0.557	0.0	0.0
láya	0.000	0.0	0.0
láya’	0.000	0.0	0.0
láyag	0.000	0.0	0.0
láyas	0.000	0.0	0.0
layát	0.000	0.0	0.0
láygay	0.000	0.0	0.0
layí	0.000	0.0	0.0
layú’	0.000	0.0	0.0
layú’	0.000	0.0	0.0
layú’	0.000	0.0	0.0
layúng	0.000	0.0	0.0
leksyón	0.000	0.0	0.0
létse	0.000	0.0	0.0
létse	-0.660	0.0	0.0
-li-	0.000	0.0	0.0
libák	-0.273	0.0	0.0
libańg	0.758	0.0	0.0
libát	0.000	0.0	0.0
libát	0.000	0.0	0.0
líbra	0.000	0.0	0.0
líbre	0.542	0.0	0.0
libreríya	0.000	0.0	0.0
líbro	0.000	0.0	0.0
líbu	0.000	0.0	0.0
líbud	0.000	0.0	0.0
líbug	0.000	0.0	0.0
libúg	-0.807	0.0	0.0
libúg	-0.735	0.0	0.0
libún	0.000	0.0	0.0
libún	0.000	0.0	0.0
líbut	0.000	0.0	0.0
líbut	0.000	0.0	0.0
likáw	-0.296	0.0	0.0
líkday	0.226	0.0	0.0
líkido	0.000	0.0	0.0
líki’	0.421	0.0	0.0
líksi	0.000	0.0	0.0
likú’	0.000	0.0	0.0
likúd	0.000	0.0	0.0
likúm	-0.178	0.0	0.0
lígad	0.000	0.0	0.0
naglígad	0.000	0.0	0.0
ligás	0.000	0.0	0.0
lígdung	-0.077	0.0	0.0
lígid	0.000	0.0	0.0
ligís	-0.153	0.0	0.0
lígu’	0.000	0.0	0.0
líg’un	0.670	0.0	0.0
ligúnlígun	0.000	0.0	0.0
ligúy	0.000	0.0	0.0
ligúy	-0.026	0.0	0.0
liháy	0.402	0.0	0.0
lihí’	-0.318	0.0	0.0
líla	0.000	0.0	0.0
limá	0.000	0.0	0.0
límbung	-0.459	0.0	0.0
límbung	-0.691	0.0	0.0
limitádo	-0.226	0.0	0.0
limpyabúta	0.000	0.0	0.0
límyo	0.402	0.0	0.0
límyo	0.402	0.0	0.0
límug	0.000	0.0	0.0
limús	0.000	0.0	0.0
limús	0.000	0.0	0.0
límut	-0.226	0.0	0.0
linábhan	0.000	0.0	0.0
línas	0.000	0.0	0.0
línas	0.000	0.0	0.0
línaw	0.000	0.0	0.0
líntak	0.000	0.0	0.0
líntuk	0.000	0.0	0.0
línug	0.000	0.0	0.0
línug	0.202	0.0	0.0
linúng	0.670	0.0	0.0
língas	-0.691	0.0	0.0
lingáw	0.250	0.0	0.0
lingáw	-0.637	0.0	0.0
língkud	0.000	0.0	0.0
linggánay	0.000	0.0	0.0
línghud	0.000	0.0	0.0
língin	-0.226	0.0	0.0
língin	-0.226	0.0	0.0
língling	0.000	0.0	0.0
lipák	0.000	0.0	0.0
lípas	0.000	0.0	0.0
lipát	-0.557	0.0	0.0
lípay	0.906	0.0	0.0
lípay	0.791	0.0	0.0
lípun	-0.178	0.0	0.0
lípung	0.000	0.0	0.0
líp’ut	0.000	0.0	0.0
líp’ut	0.000	0.0	0.0
lísang	-0.848	0.0	0.0
lisénsya	0.000	0.0	0.0
lisénsya	0.000	0.0	0.0
lísi	0.000	0.0	0.0
lisík	0.361	0.0	0.0
lísngadlísngad	-0.318	0.0	0.0
lísta	0.000	0.0	0.0
lísta	0.000	0.0	0.0
lístun	0.000	0.0	0.0
lísu	0.000	0.0	0.0
lísu’	0.000	0.0	0.0
lisúd	-0.440	0.0	0.0
lisúd	-0.796	0.0	0.0
litík	0.000	0.0	0.0
lítra	0.000	0.0	0.0
lítro	0.000	0.0	0.0
litsúgas	0.000	0.0	0.0
lítsun	0.000	0.0	0.0
lítsun	0.000	0.0	0.0
lítun	0.000	0.0	0.0
lí’ug	0.000	0.0	0.0
liwáliwá	0.440	0.0	0.0
liwán	0.000	0.0	0.0
liwát	0.000	0.0	0.0
liwát	0.000	0.0	0.0
liyón	0.000	0.0	0.0
lóbo	0.000	0.0	0.0
lólo	0.000	0.0	0.0
lóte	0.000	0.0	0.0
-lu-	0.000	0.0	0.0
lú’ad	0.000	0.0	0.0
lubád	0.202	0.0	0.0
lúbag	0.000	0.0	0.0
lúbha’	-0.802	0.0	0.0
lubhá’	-0.440	0.0	0.0
lubhá’	-0.765	0.0	0.0
lubí	0.000	0.0	0.0
lúbid	0.000	0.0	0.0
lúbid	0.000	0.0	0.0
lubúg	0.000	0.0	0.0
lubúg	0.000	0.0	0.0
lubúng	0.000	0.0	0.0
lubúng	0.000	0.0	0.0
lukát	0.000	0.0	0.0
lúku	-0.494	0.0	0.0
lukú	0.000	0.0	0.0
lúksu	0.000	0.0	0.0
lúkut	0.000	0.0	0.0
lugár	0.000	0.0	0.0
lúgdang	-0.226	0.0	0.0
lúgpay	0.361	0.0	0.0
lú’gu’	-0.178	0.0	0.0
lugúm	0.000	0.0	0.0
lugúm	0.000	0.0	0.0
lúgus	-0.836	0.0	0.0
lúha’	0.000	0.0	0.0
lúhu	0.477	0.0	0.0
luhúd	0.000	0.0	0.0
lulú’	0.743	0.0	0.0
lumáy	0.784	0.0	0.0
lumáy	0.832	0.0	0.0
lúmba’	0.000	0.0	0.0
lúmba’	0.000	0.0	0.0
lúming	-0.296	0.0	0.0
lúmpag	-0.542	0.0	0.0
lúmpat	0.000	0.0	0.0
lumús	-0.572	0.0	0.0
lúmut	0.000	0.0	0.0
lumúy	0.000	0.0	0.0
lúnes	0.000	0.0	0.0
lúnhaw	0.000	0.0	0.0
lúntad	0.000	0.0	0.0
lúnsay	0.296	0.0	0.0
lúnud	-0.402	0.0	0.0
lungíb	0.000	0.0	0.0
lungún	0.000	0.0	0.0
lunggú’	0.000	0.0	0.0
lungúlúngu	-0.178	0.0	0.0
lupád	0.000	0.0	0.0
lúpig	0.000	0.0	0.0
lupúk	0.000	0.0	0.0
lupúg	0.000	0.0	0.0
lúp’ug	0.000	0.0	0.0
lupút	-0.318	0.0	0.0
lúpyak	-0.572	0.0	0.0
lusád	0.000	0.0	0.0
lús’aw	0.000	0.0	0.0
lús’aw	0.000	0.0	0.0
lúspad	0.000	0.0	0.0
lúspad	0.000	0.0	0.0
lusút	0.000	0.0	0.0
luták	0.000	0.0	0.0
lutás	0.527	0.0	0.0
lutáw	0.421	0.0	0.0
lutáw	0.000	0.0	0.0
lúthang	-0.878	0.0	0.0
lútu	-0.691	0.0	0.0
lútu’	0.226	0.0	0.0
lútu’	0.000	0.0	0.0
lútu’	0.421	0.0	0.0
lútus	-0.459	0.0	0.0
lú’uy	0.670	0.0	0.0
luwág	-0.103	0.0	0.0
luwás	0.000	0.0	0.0
luwás	0.758	0.0	0.0
lúya	-0.440	0.0	0.0
lúya	-0.340	0.0	0.0
lúy’a	0.000	0.0	0.0
lúyag	0.670	0.0	0.0
lúyluy	0.494	0.0	0.0
luyú	0.000	0.0	0.0
1-ma-	0.000	0.0	0.0
2-ma-	0.000	0.0	0.0
ma-…-an	0.000	0.0	0.0
ma’álwan	-0.459	0.0	0.0
ma’áyu	0.700	0.0	0.0
1-ma-…-un	0.000	0.0	0.0
2-ma-…-un	0.000	0.0	0.0
mábdus	0.000	0.0	0.0
maká-	0.000	0.0	0.0
maka’áku’	0.273	0.0	0.0
makiná	0.000	0.0	0.0
makinílya	0.000	0.0	0.0
makinílya	0.000	0.0	0.0
mákut	-0.340	0.0	0.0
mádre	0.000	0.0	0.0
ma’éstro	0.000	0.0	0.0
1-mag-	0.000	0.0	0.0
2-mag-	0.000	0.0	0.0
magá’	0.000	0.0	0.0
mág’an	0.527	0.0	0.0
mag’asáwa	0.000	0.0	0.0
mágka-	0.000	0.0	0.0
mágpa-	0.000	0.0	0.0
maǵpang-	0.000	0.0	0.0
maguláng	0.000	0.0	0.0
mahál	0.710	0.0	0.0
mahímo	0.000	0.0	0.0
ma’ís	0.000	0.0	0.0
malá	0.000	0.0	0.0
malá	0.000	0.0	0.0
nagmalá	0.000	0.0	0.0
maléta	0.000	0.0	0.0
málu	-0.340	0.0	0.0
mán	0.000	0.0	0.0
mánang	0.477	0.0	0.0
mándo	0.000	0.0	0.0
mándo	0.000	0.0	0.0
maného	0.000	0.0	0.0
maní	0.000	0.0	0.0
manínay	0.000	0.0	0.0
mansánas	0.000	0.0	0.0
mantíka’	0.000	0.0	0.0
mantikílya	0.000	0.0	0.0
mántil	0.000	0.0	0.0
mántsa	0.000	0.0	0.0
mántsa	0.000	0.0	0.0
mántu’	0.000	0.0	0.0
manúk	0.000	0.0	0.0
manúg-	0.000	0.0	0.0
mán’ug	0.000	0.0	0.0
mánung	0.477	0.0	0.0
manyíka’	0.000	0.0	0.0
1-mang-	0.402	0.0	0.0
2-mang-	0.000	0.0	0.0
mangá	0.000	0.0	0.0
mángga	0.000	0.0	0.0
mánggad	0.494	0.0	0.0
mánggad	0.727	0.0	0.0
mánghud	0.000	0.0	0.0
mangín	0.361	0.0	0.0
mangingísda’	0.000	0.0	0.0
mangú’	-0.273	0.0	0.0
mangungúma	0.000	0.0	0.0
mápa	0.000	0.0	0.0
marásmas	0.000	0.0	0.0
márka	0.000	0.0	0.0
marinéro	0.000	0.0	0.0
mármul	0.000	0.0	0.0
márso	0.000	0.0	0.0
mártes	0.000	0.0	0.0
martílyu	0.000	0.0	0.0
martír	0.000	0.0	0.0
mártsa	0.000	0.0	0.0
mártsa	0.000	0.0	0.0
maskará	0.000	0.0	0.0
maskará	0.000	0.0	0.0
máskin	0.000	0.0	0.0
masyádo	0.000	0.0	0.0
mata	0.000	0.0	0.0
mata	0.000	0.0	0.0
matadéro	0.000	0.0	0.0
matárung	0.000	0.0	0.0
matárung	0.000	0.0	0.0
matáy	-0.599	0.0	0.0
ma’úl	-0.340	0.0	0.0
ma’úl	-0.340	0.0	0.0
may-	0.000	0.0	0.0
may-	0.000	0.0	0.0
may	0.000	0.0	0.0
máya	0.000	0.0	0.0
mayád	0.700	0.0	0.0
mayád	0.421	0.0	0.0
nagmáyad	0.000	0.0	0.0
máyo	0.000	0.0	0.0
mayór	0.000	0.0	0.0
mayordómo	0.000	0.0	0.0
medálya	0.477	0.0	0.0
medikó	0.000	0.0	0.0
médya	0.000	0.0	0.0
médyas	0.000	0.0	0.0
mensáhe	0.000	0.0	0.0
merkádo	0.000	0.0	0.0
mestisílya	0.000	0.0	0.0
mestíso	0.000	0.0	0.0
métro	0.000	0.0	0.0
mikániko	0.000	0.0	0.0
mikróbyo	0.000	0.0	0.0
míl	0.000	0.0	0.0
milágru	0.586	0.0	0.0
milágru	0.586	0.0	0.0
mílya	0.000	0.0	0.0
milyún	0.000	0.0	0.0
milyún	0.000	0.0	0.0
mína	0.000	0.0	0.0
minístro	0.000	0.0	0.0
mínus	0.000	0.0	0.0
mínus	0.000	0.0	0.0
minútu	0.000	0.0	0.0
míngaw	-0.772	0.0	0.0
míngaw	-0.637	0.0	0.0
míngaw	-0.649	0.0	0.0
mísa	0.000	0.0	0.0
mísa	0.000	0.0	0.0
misyonéro	0.000	0.0	0.0
mítlang	0.000	0.0	0.0
miyád	0.700	0.0	0.0
motór	0.000	0.0	0.0
motór	0.000	0.0	0.0
motorsíklo	0.000	0.0	0.0
mu	0.000	0.0	0.0
mu	0.000	0.0	0.0
mú’ad	0.318	0.0	0.0
múklat	0.000	0.0	0.0
múda	0.000	0.0	0.0
múda	0.000	0.0	0.0
mugún	0.000	0.0	0.0
múg’ut	-0.625	0.0	0.0
mulálung	0.402	0.0	0.0
muléstya	-0.625	0.0	0.0
muléstya	-0.802	0.0	0.0
múlta	-0.296	0.0	0.0
múlta	-0.103	0.0	0.0
munisípyo	0.000	0.0	0.0
múnu	0.000	0.0	0.0
múnu	0.000	0.0	0.0
mungá’	0.000	0.0	0.0
múngha	-0.318	0.0	0.0
murahág	0.000	0.0	0.0
múrto	-0.153	0.0	0.0
muskitéro	0.000	0.0	0.0
muskobádo	0.000	0.0	0.0
músika	0.000	0.0	0.0
músing	-0.494	0.0	0.0
músmus	-0.477	0.0	0.0
mutsátso	0.000	0.0	0.0
mutún	0.000	0.0	0.0
mútya’	0.000	0.0	0.0
mwéstra	0.000	0.0	0.0
myémbro	0.000	0.0	0.0
myerkolés	0.000	0.0	0.0
myerkolés	0.000	0.0	0.0
na	0.000	0.0	0.0
na-	0.000	0.0	0.0
na’	0.000	0.0	0.0
na-…-an	0.000	0.0	0.0
nábaw	0.000	0.0	0.0
naká-	0.000	0.0	0.0
nákun	0.000	0.0	0.0
nag-	0.000	0.0	0.0
naláng	0.000	0.0	0.0
námit	0.572	0.0	0.0
námun	0.128	0.0	0.0
námun	0.000	0.0	0.0
nanám	0.572	0.0	0.0
nánay	0.477	0.0	0.0
nánday	0.000	0.0	0.0
nánu	0.000	0.0	0.0
nangín	0.000	0.0	0.0
napúlu’	0.000	0.0	0.0
naranghíta	0.000	0.0	0.0
nárs	0.000	0.0	0.0
nátun	0.000	0.0	0.0
ná’ug	0.000	0.0	0.0
nawúng	0.000	0.0	0.0
nay	0.000	0.0	0.0
nayánáya	0.477	0.0	0.0
náyun	0.000	0.0	0.0
nayún	0.000	0.0	0.0
negósyo	0.000	0.0	0.0
negósyo	0.000	0.0	0.0
néne’	0.000	0.0	0.0
nérbyos	-0.440	0.0	0.0
nérbyos	-0.477	0.0	0.0
nérbyos	-0.477	0.0	0.0
ni	0.000	0.0	0.0
ni	0.000	0.0	0.0
nígru	0.000	0.0	0.0
níla	0.000	0.0	0.0
nílag	0.000	0.0	0.0
nímu	0.000	0.0	0.0
nínyu	0.000	0.0	0.0
nípa	0.000	0.0	0.0
nipiś	0.000	0.0	0.0
nipiś	0.000	0.0	0.0
nipiś	0.000	0.0	0.0
nipúlun	0.000	0.0	0.0
níwang	0.000	0.0	0.0
níwang	0.000	0.0	0.0
níya	0.000	0.0	0.0
niyúg	0.000	0.0	0.0
nobéla	0.318	0.0	0.0
nobyémbre	0.000	0.0	0.0
nóbyo	0.649	0.0	0.0
nónong	0.000	0.0	0.0
nónoy	0.000	0.0	0.0
nú	0.000	0.0	0.0
nubú’	0.000	0.0	0.0
número	0.077	0.0	0.0
núsnus	-0.103	0.0	0.0
nwébe	0.000	0.0	0.0
nyébe	0.000	0.0	0.0
nga	0.000	0.0	0.0
ngá’a	0.000	0.0	0.0
ngálan	0.000	0.0	0.0
ngásal	0.000	0.0	0.0
ngáwa	-0.250	0.0	0.0
ngáwa	0.226	0.0	0.0
ngídlis	-0.898	0.0	0.0
ngíl’ad	-0.891	0.0	0.0
ngípun	0.000	0.0	0.0
ngísi	0.710	0.0	0.0
ngísi	0.710	0.0	0.0
ngíslu’	0.000	0.0	0.0
ngúrab	-0.361	0.0	0.0
ngúrub	0.000	0.0	0.0
ngúrub	0.000	0.0	0.0
ngútngut	-0.832	0.0	0.0
o	0.000	0.0	0.0
o	0.226	0.0	0.0
obíspo	0.000	0.0	0.0
okupádo	0.000	0.0	0.0
ónse	0.000	0.0	0.0
operá	0.000	0.0	0.0
opisína	0.000	0.0	0.0
opisyál	0.000	0.0	0.0
óras	0.000	0.0	0.0
orasyón	0.000	0.0	0.0
órden	0.000	0.0	0.0
órden	0.000	0.0	0.0
ordináryo	0.000	0.0	0.0
órgano	0.000	0.0	0.0
ospitál	0.000	0.0	0.0
osyóso	0.318	0.0	0.0
otél	0.000	0.0	0.0
otsénta	0.000	0.0	0.0
ótso	0.000	0.0	0.0
óbra	0.000	0.0	0.0
óbra	0.000	0.0	0.0
pa	0.000	0.0	0.0
1-pa-	0.000	0.0	0.0
2-pa-	0.000	0.0	0.0
-pa-	0.226	0.0	0.0
pá’a	0.000	0.0	0.0
pa’álam	-0.103	0.0	0.0
pa’ánu	0.000	0.0	0.0
pa’ayún	0.000	0.0	0.0
paboríto	0.459	0.0	0.0
paboríto	0.459	0.0	0.0
pábrika	0.000	0.0	0.0
pábu	0.000	0.0	0.0
paká’	0.000	0.0	0.0
paka’isá	0.000	0.0	0.0
pakarás	0.000	0.0	0.0
pákaw	0.000	0.0	0.0
pakéte	0.000	0.0	0.0
páklang	0.000	0.0	0.0
pákpak	0.000	0.0	0.0
pákpak	0.000	0.0	0.0
pákris	0.000	0.0	0.0
páksi’	0.000	0.0	0.0
pakú’	0.000	0.0	0.0
pakút	0.000	0.0	0.0
pakút	0.000	0.0	0.0
pákyaw	0.000	0.0	0.0
padalá	0.000	0.0	0.0
padalá	0.000	0.0	0.0
padáyun	0.000	0.0	0.0
padér	0.000	0.0	0.0
padíhut	0.000	0.0	0.0
padúgi’	0.000	0.0	0.0
padúlung	0.000	0.0	0.0
pádya’	0.791	0.0	0.0
1-pag-	0.000	0.0	0.0
2-pag-	0.000	0.0	0.0
pagáno	0.000	0.0	0.0
1-pagka-	0.000	0.0	0.0
2-pagka-	0.000	0.0	0.0
pagká’un	0.000	0.0	0.0
págsik	0.758	0.0	0.0
pág’un	0.599	0.0	0.0
págut	-0.572	0.0	0.0
páha	0.000	0.0	0.0
páhid	0.402	0.0	0.0
pahítu’	0.000	0.0	0.0
pahítu’	0.000	0.0	0.0
páhu’	0.000	0.0	0.0
páhug	-0.572	0.0	0.0
pahulám	0.000	0.0	0.0
pahúway	0.527	0.0	0.0
pahúway	0.440	0.0	0.0
pa’ílub	0.250	0.0	0.0
pa’ínu’ínu	0.000	0.0	0.0
pa’ínu’ínu	0.000	0.0	0.0
pa’ít	-0.402	0.0	0.0
pa’ít	-0.421	0.0	0.0
pa’íway	-0.153	0.0	0.0
pála	0.000	0.0	0.0
pála’	0.000	0.0	0.0
pala-	0.000	0.0	0.0
palákpak	0.000	0.0	0.0
palákpak	0.000	0.0	0.0
palaktakún	-0.402	0.0	0.0
pálad	0.000	0.0	0.0
palamanúg	0.000	0.0	0.0
palangána	0.000	0.0	0.0
palángga’	0.891	0.0	0.0
palángga’	0.813	0.0	0.0
pálapála	0.000	0.0	0.0
palasárun	0.000	0.0	0.0
palásyu	0.000	0.0	0.0
pálay	0.000	0.0	0.0
paláyas	0.000	0.0	0.0
pálhit	-0.361	0.0	0.0
palíbut	0.000	0.0	0.0
pálid	0.000	0.0	0.0
paligu’	0.000	0.0	0.0
palíhug	0.318	0.0	0.0
palítu	0.000	0.0	0.0
pálpag	-0.128	0.0	0.0
pálsu	-0.827	0.0	0.0
pálta	0.000	0.0	0.0
paltéra	0.000	0.0	0.0
pálu	0.000	0.0	0.0
pálung	0.000	0.0	0.0
palús	0.511	0.0	0.0
pamáhaw	0.000	0.0	0.0
pamáhaw	0.000	0.0	0.0
pamalándung	0.000	0.0	0.0
pamantalá’an	0.000	0.0	0.0
pamángkut	0.000	0.0	0.0
pamángkut	0.000	0.0	0.0
pamatán’un	0.000	0.0	0.0
památbat	0.153	0.0	0.0
památi’	0.000	0.0	0.0
pamugún	0.000	0.0	0.0
pamulúgsu’	-0.421	0.0	0.0
pamús’un	0.000	0.0	0.0
paná’	0.000	0.0	0.0
panákut	0.000	0.0	0.0
panakáyun	0.000	0.0	0.0
panaderíya	0.000	0.0	0.0
panag’íya	0.000	0.0	0.0
panagsarí’	0.000	0.0	0.0
panahún	0.000	0.0	0.0
panálgan	0.000	0.0	0.0
panambítun	-0.700	0.0	0.0
panámkun	0.000	0.0	0.0
pananglítan	0.000	0.0	0.0
panáptun	0.000	0.0	0.0
pánas	0.000	0.0	0.0
paná’ug	0.000	0.0	0.0
panihúl	0.000	0.0	0.0
panihúl	0.000	0.0	0.0
paní’id	0.000	0.0	0.0
paní’id	0.000	0.0	0.0
panílag	0.000	0.0	0.0
pánit	0.000	0.0	0.0
pánit	0.000	0.0	0.0
pani’údtu	0.000	0.0	0.0
pani’údtu	0.000	0.0	0.0
pánsit	-0.077	0.0	0.0
pantalón	0.000	0.0	0.0
pantálya	0.000	0.0	0.0
panúgyan	0.000	0.0	0.0
panuláy	-0.869	0.0	0.0
panyága	0.000	0.0	0.0
panyága	0.000	0.0	0.0
panyápun	0.000	0.0	0.0
panyápun	0.000	0.0	0.0
pányu’	0.000	0.0	0.0
1-pang-	0.000	0.0	0.0
2-pang-	0.000	0.0	0.0
-pang-	0.000	0.0	0.0
pang-…-un	0.000	0.0	0.0
pangabáy	0.402	0.0	0.0
pangabúdlay	-0.103	0.0	0.0
pangabúdlay	0.340	0.0	0.0
pangabúhi’	0.000	0.0	0.0
pangáku’	0.318	0.0	0.0
pangáku’	0.511	0.0	0.0
pangáku’	0.000	0.0	0.0
pangádyi’	0.000	0.0	0.0
pangádyi’	0.318	0.0	0.0
pangamúyu’	0.000	0.0	0.0
pangamúyu’	0.527	0.0	0.0
pangánud	0.000	0.0	0.0
pangáyaw	0.000	0.0	0.0
pangáyu’	-0.128	0.0	0.0
pangáyu’	-0.128	0.0	0.0
pánggas	0.494	0.0	0.0
panginhásun	0.000	0.0	0.0
pangíta’	0.000	0.0	0.0
pangíta’	0.000	0.0	0.0
pángpang	0.000	0.0	0.0
pangúlu	0.000	0.0	0.0
pápa	0.000	0.0	0.0
papá	0.000	0.0	0.0
pá’pa’	-0.128	0.0	0.0
pápas	-0.542	0.0	0.0
papél	0.000	0.0	0.0
pára	0.000	0.0	0.0
parakáyda	0.000	0.0	0.0
paráda	0.000	0.0	0.0
paráda	0.000	0.0	0.0
para’ísu	0.637	0.0	0.0
paralísis	-0.318	0.0	0.0
paralítiku	0.000	0.0	0.0
párapu	0.000	0.0	0.0
parého	0.000	0.0	0.0
parého	0.000	0.0	0.0
pári’	0.000	0.0	0.0
parílya	0.000	0.0	0.0
páris	0.000	0.0	0.0
parmásya	0.000	0.0	0.0
parmasyotika	0.000	0.0	0.0
párti	0.000	0.0	0.0
párti	0.000	0.0	0.0
partído	0.402	0.0	0.0
parúl	0.000	0.0	0.0
parút	-0.153	0.0	0.0
paryénte	0.000	0.0	0.0
pasák	0.000	0.0	0.0
pásad	0.000	0.0	0.0
pasagí’	0.000	0.0	0.0
pasáhe	0.000	0.0	0.0
pasamáno	0.000	0.0	0.0
pás’an	0.000	0.0	0.0
pasápása	0.494	0.0	0.0
pasapórte	0.000	0.0	0.0
pasár	0.000	0.0	0.0
pasáw	0.000	0.0	0.0
pasáy	0.000	0.0	0.0
pasáylu	0.340	0.0	0.0
paskíl	0.000	0.0	0.0
páskwa	0.000	0.0	0.0
pasénsya	0.340	0.0	0.0
pasénsya	0.340	0.0	0.0
pasílyo	0.000	0.0	0.0
pasimpálad	-0.026	0.0	0.0
pásis	0.511	0.0	0.0
páslaw	-0.735	0.0	0.0
páspas	-0.273	0.0	0.0
pásta	0.000	0.0	0.0
pásta	0.000	0.0	0.0
pastór	0.000	0.0	0.0
pásu’	0.000	0.0	0.0
pásu’	0.000	0.0	0.0
pasulábi	0.000	0.0	0.0
pásung	0.000	0.0	0.0
pásyar	0.000	0.0	0.0
pásyar	0.000	0.0	0.0
pasyénte	-0.511	0.0	0.0
patadyúng	0.000	0.0	0.0
pátag	0.000	0.0	0.0
patáni’	0.000	0.0	0.0
patarásak	0.000	0.0	0.0
pátas	0.000	0.0	0.0
pátas	0.000	0.0	0.0
patáwad	0.382	0.0	0.0
patáwad	0.572	0.0	0.0
patáy	-0.953	0.0	0.0
patáy	-0.863	0.0	0.0
páti	0.402	0.0	0.0
patí’	0.000	0.0	0.0
pát’in	0.000	0.0	0.0
patíng	0.000	0.0	0.0
patís	0.000	0.0	0.0
pátpat	0.000	0.0	0.0
pátu	0.000	0.0	0.0
pátuk	0.273	0.0	0.0
pát’ud	0.557	0.0	0.0
patugsíling	0.440	0.0	0.0
patugsíling	0.440	0.0	0.0
patumbayá’	-0.710	0.0	0.0
patúnda’	-0.340	0.0	0.0
patúpátu	0.000	0.0	0.0
patúyang	-0.153	0.0	0.0
pátyu	0.000	0.0	0.0
pa’úli’	0.000	0.0	0.0
pa’úmud	0.000	0.0	0.0
pa’ún	0.000	0.0	0.0
pá’un	-0.202	0.0	0.0
-pa-…-un	0.000	0.0	0.0
pa’úna	0.226	0.0	0.0
pawíkan	0.000	0.0	0.0
paya’ún	-0.296	0.0	0.0
payág	0.000	0.0	0.0
páypay	0.670	0.0	0.0
páyung	0.000	0.0	0.0
páyung	0.000	0.0	0.0
pelígro	-0.670	0.0	0.0
pensyón	0.000	0.0	0.0
pensyón	0.402	0.0	0.0
péras	0.000	0.0	0.0
peregríno	0.000	0.0	0.0
pérlas	0.000	0.0	0.0
péro	0.000	0.0	0.0
personál	0.000	0.0	0.0
peryódiko	0.000	0.0	0.0
pesétas	0.000	0.0	0.0
pétsa	0.000	0.0	0.0
pi’áng	-0.421	0.0	0.0
pi’áng	-0.421	0.0	0.0
pikít	0.000	0.0	0.0
píkpik	0.000	0.0	0.0
pikún	0.000	0.0	0.0
pikúy	0.000	0.0	0.0
pidáso	0.000	0.0	0.0
pígaw	-0.440	0.0	0.0
pígaw	-0.440	0.0	0.0
pígus	-0.103	0.0	0.0
pihák	0.000	0.0	0.0
pihák	-0.273	0.0	0.0
pilá	0.000	0.0	0.0
píla	0.000	0.0	0.0
píla	0.000	0.0	0.0
pílak	0.000	0.0	0.0
pilák	0.000	0.0	0.0
pilás	0.000	0.0	0.0
pílduras	0.000	0.0	0.0
píli	0.000	0.0	0.0
píli	0.000	0.0	0.0
pílik	-0.178	0.0	0.0
pilikulá	0.000	0.0	0.0
pilipínas	0.000	0.0	0.0
pilipíno	0.000	0.0	0.0
pílit	0.000	0.0	0.0
pilít	0.000	0.0	0.0
pilít	0.000	0.0	0.0
pilósopo	0.000	0.0	0.0
pílpil	0.202	0.0	0.0
pilú’	0.000	0.0	0.0
pilú’	0.000	0.0	0.0
pimyénta	0.000	0.0	0.0
pina-	0.000	0.0	0.0
piníkas	-0.273	0.0	0.0
pínsar	0.000	0.0	0.0
pínsar	0.000	0.0	0.0
pínta	0.000	0.0	0.0
pínta	0.000	0.0	0.0
píntal	0.000	0.0	0.0
píntal	0.000	0.0	0.0
píntas	-0.896	0.0	0.0
pintór	0.000	0.0	0.0
píntuk	0.000	0.0	0.0
pínu	0.202	0.0	0.0
pínu	0.202	0.0	0.0
pínya	0.000	0.0	0.0
pínggan	0.000	0.0	0.0
píhpih	0.494	0.0	0.0
pípa	0.000	0.0	0.0
pípa	0.000	0.0	0.0
pí’pi’	0.494	0.0	0.0
pipínu	0.000	0.0	0.0
pirásu	0.000	0.0	0.0
piríku	0.000	0.0	0.0
pírma	0.000	0.0	0.0
pírma	0.000	0.0	0.0
pírme	0.000	0.0	0.0
pírut	0.000	0.0	0.0
písan	0.000	0.0	0.0
pisára	0.000	0.0	0.0
písga’	0.000	0.0	0.0
písi’	0.000	0.0	0.0
pisík	0.000	0.0	0.0
pisíl	0.000	0.0	0.0
písngi	0.000	0.0	0.0
písngu’	-0.557	0.0	0.0
písngu’	-0.599	0.0	0.0
písos	0.000	0.0	0.0
píspis	0.000	0.0	0.0
písta	0.477	0.0	0.0
písti	0.000	0.0	0.0
pisú’	0.000	0.0	0.0
pisúk	0.000	0.0	0.0
pisúk	0.000	0.0	0.0
pitáka	0.000	0.0	0.0
pitála’	0.000	0.0	0.0
pitík	-0.459	0.0	0.0
pitík	0.000	0.0	0.0
pítla’	0.000	0.0	0.0
pítsil	0.000	0.0	0.0
pitú	0.000	0.0	0.0
pítu	0.000	0.0	0.0
pítu	0.000	0.0	0.0
pí’ud	0.000	0.0	0.0
pí’ut	0.000	0.0	0.0
pí’ut	-0.340	0.0	0.0
píyung	0.000	0.0	0.0
pláka	0.000	0.0	0.0
planéta	0.000	0.0	0.0
plántsa	0.000	0.0	0.0
plántsa	0.000	0.0	0.0
plánu	0.000	0.0	0.0
plánu	0.000	0.0	0.0
plása	0.000	0.0	0.0
pláster	0.000	0.0	0.0
platéro	0.000	0.0	0.0
platíto	0.000	0.0	0.0
pláto	0.000	0.0	0.0
pléte	0.000	0.0	0.0
plúma	0.000	0.0	0.0
pluméru	0.000	0.0	0.0
póbre	-0.477	0.0	0.0
póbre	-0.511	0.0	0.0
pomáda	0.000	0.0	0.0
porsyénto	0.459	0.0	0.0
póste	0.000	0.0	0.0
postúŕa	0.681	0.0	0.0
posturyóso	0.612	0.0	0.0
prémyo	0.791	0.0	0.0
prénda	0.000	0.0	0.0
préno	-0.296	0.0	0.0
préno	-0.296	0.0	0.0
presentár	0.440	0.0	0.0
presidénte	0.000	0.0	0.0
présyo	0.000	0.0	0.0
pribádo	0.000	0.0	0.0
pribilíhiyu	0.361	0.0	0.0
primabéra	0.000	0.0	0.0
prímo	0.000	0.0	0.0
prinsipál	0.000	0.0	0.0
príso	-0.778	0.0	0.0
príso	-0.511	0.0	0.0
príto	0.000	0.0	0.0
príto	0.000	0.0	0.0
probár	0.000	0.0	0.0
probínsya	0.000	0.0	0.0
probléma	-0.402	0.0	0.0
prográma	0.000	0.0	0.0
propesór	0.000	0.0	0.0
protésta	-0.542	0.0	0.0
protésta	-0.542	0.0	0.0
prupíta	0.000	0.0	0.0
prútas	0.000	0.0	0.0
pruwéba	0.000	0.0	0.0
pú’as	0.779	0.0	0.0
pu’ása	0.000	0.0	0.0
pu’ása	0.000	0.0	0.0
públiku	0.000	0.0	0.0
puká	0.000	0.0	0.0
púkan	-0.273	0.0	0.0
pukatúd	0.000	0.0	0.0
púkaw	0.000	0.0	0.0
púkpuk	0.000	0.0	0.0
púksi’	0.000	0.0	0.0
púdag	-0.572	0.0	0.0
púga’	0.000	0.0	0.0
púgad	0.000	0.0	0.0
pugún	0.000	0.0	0.0
pugúng	-0.557	0.0	0.0
púgut	-0.273	0.0	0.0
púhag	0.202	0.0	0.0
púhun	0.000	0.0	0.0
pulá	0.000	0.0	0.0
pulá	0.000	0.0	0.0
púlak	0.000	0.0	0.0
puláw	0.000	0.0	0.0
púlbura	-0.340	0.0	0.0
púlbus	0.000	0.0	0.0
pulgáda	0.000	0.0	0.0
púli	-0.382	0.0	0.0
púling	0.000	0.0	0.0
pulís	0.000	0.0	0.0
púlpug	0.000	0.0	0.0
pulséras	0.000	0.0	0.0
púlsu	0.000	0.0	0.0
púlu	0.000	0.0	0.0
púlu’	0.000	0.0	0.0
púlu’	0.000	0.0	0.0
púlung	0.000	0.0	0.0
púlung	0.000	0.0	0.0
pulús	0.844	0.0	0.0
púlut	0.000	0.0	0.0
pumpyáng	0.000	0.0	0.0
púna’	0.000	0.0	0.0
púna’	-0.318	0.0	0.0
púnaw	-0.226	0.0	0.0
púnda	0.000	0.0	0.0
puní	0.000	0.0	0.0
puní	0.000	0.0	0.0
púnu’	0.000	0.0	0.0
punú’	0.000	0.0	0.0
punú’	0.000	0.0	0.0
punú’an	0.077	0.0	0.0
púnung	0.000	0.0	0.0
púnta	0.000	0.0	0.0
púntus	0.000	0.0	0.0
púnyus	0.000	0.0	0.0
pungá	0.000	0.0	0.0
pungku’	0.000	0.0	0.0
púnggud	0.000	0.0	0.0
púnggul	-0.273	0.0	0.0
púngpung	0.000	0.0	0.0
púngpung	0.000	0.0	0.0
púngsud	0.000	0.0	0.0
pú’pu’	0.000	0.0	0.0
púrma	0.000	0.0	0.0
púru	0.000	0.0	0.0
púrung	0.000	0.0	0.0
pusá’	0.000	0.0	0.0
púsad	-0.758	0.0	0.0
pús’ang	0.000	0.0	0.0
púsdak	-0.273	0.0	0.0
púsnga	0.000	0.0	0.0
púsnga	0.000	0.0	0.0
puspurú	0.000	0.0	0.0
pústa’	0.000	0.0	0.0
pústa’	0.000	0.0	0.0
púsu’	0.637	0.0	0.0
púsud	0.000	0.0	0.0
pús’un	0.000	0.0	0.0
púswit	0.000	0.0	0.0
putí’	0.318	0.0	0.0
pútul	-0.273	0.0	0.0
pútul	-0.772	0.0	0.0
putús	0.000	0.0	0.0
putús	0.000	0.0	0.0
putút	0.000	0.0	0.0
putyúkan	0.000	0.0	0.0
pu’úk	0.000	0.0	0.0
pu’úd	0.000	0.0	0.0
pu’út	-0.178	0.0	0.0
púyu	0.000	0.0	0.0
puyú	0.000	0.0	0.0
puyú’	0.128	0.0	0.0
púyus	0.000	0.0	0.0
pwéde	0.625	0.0	0.0
pwérta	0.000	0.0	0.0
pwertáhan	0.000	0.0	0.0
pyáno	0.000	0.0	0.0
pyánsa	0.000	0.0	0.0
pyánsa	0.000	0.0	0.0
pyé	0.000	0.0	0.0
pyérde	-0.700	0.0	0.0
pyésas	0.000	0.0	0.0
pyésta	0.778	0.0	0.0
rabanús	0.000	0.0	0.0
rábrab	0.000	0.0	0.0
rádyo	0.000	0.0	0.0
rámas	0.000	0.0	0.0
rántsu	0.000	0.0	0.0
rásras	-0.273	0.0	0.0
ráyna	0.000	0.0	0.0
rebólber	-0.340	0.0	0.0
reklámo	-0.296	0.0	0.0
reklámo	-0.361	0.0	0.0
regálo	0.440	0.0	0.0
regálo	0.000	0.0	0.0
reló	0.000	0.0	0.0
relyéno	0.000	0.0	0.0
rénda	0.000	0.0	0.0
rénta	0.000	0.0	0.0
rénta	0.000	0.0	0.0
repólyo	0.000	0.0	0.0
representánte	0.000	0.0	0.0
reputasyon	0.000	0.0	0.0
resíbo	0.000	0.0	0.0
resíta	0.000	0.0	0.0
resúlta	0.000	0.0	0.0
retobádo	0.000	0.0	0.0
retráto	0.000	0.0	0.0
réyna	0.000	0.0	0.0
rikádo	0.000	0.0	0.0
rílis	0.000	0.0	0.0
rimís	0.572	0.0	0.0
rípa	0.000	0.0	0.0
ritásu	0.000	0.0	0.0
románsa	0.557	0.0	0.0
rósa	0.000	0.0	0.0
rosál	0.000	0.0	0.0
rósas	0.000	0.0	0.0
rúmpag	-0.807	0.0	0.0
rúsdak	-0.494	0.0	0.0
rwéda	0.000	0.0	0.0
sa	0.000	0.0	0.0
sá’ad	0.318	0.0	0.0
sá’ad	0.318	0.0	0.0
sába’	-0.586	0.0	0.0
sábak	0.000	0.0	0.0
sábak	0.000	0.0	0.0
sábad	-0.612	0.0	0.0
sabadó	0.000	0.0	0.0
sabát	0.000	0.0	0.0
sabát	0.000	0.0	0.0
sabáw	0.000	0.0	0.0
sáb’it	-0.340	0.0	0.0
sáblag	0.000	0.0	0.0
sáblay	0.000	0.0	0.0
sáblig	0.000	0.0	0.0
sábnit	0.000	0.0	0.0
sabúd	0.000	0.0	0.0
sáb’ug	0.000	0.0	0.0
sábwag	0.000	0.0	0.0
sábya	0.000	0.0	0.0
sáka’	0.000	0.0	0.0
sakáda	0.000	0.0	0.0
sakadéro	0.000	0.0	0.0
sakáy	0.000	0.0	0.0
sákdag	0.660	0.0	0.0
sakít	-0.912	0.0	0.0
sakít	-0.869	0.0	0.0
sakít	-0.727	0.0	0.0
sáklaw	0.000	0.0	0.0
sáksak	-0.710	0.0	0.0
sáksi	0.000	0.0	0.0
sáksi	0.000	0.0	0.0
sáku	0.000	0.0	0.0
sáku’	0.000	0.0	0.0
sáku’	0.000	0.0	0.0
sáku’	0.000	0.0	0.0
sákup	0.000	0.0	0.0
sákup	0.000	0.0	0.0
sákut	0.000	0.0	0.0
sádtu	0.000	0.0	0.0
sádtu	0.000	0.0	0.0
sádya	0.893	0.0	0.0
sádya	0.902	0.0	0.0
ság’a	0.000	0.0	0.0
sagáhay	0.000	0.0	0.0
sagáng	0.402	0.0	0.0
ság’ang	0.000	0.0	0.0
sagawák	0.000	0.0	0.0
ságbut	0.000	0.0	0.0
ságing	0.000	0.0	0.0
sagír’um	0.000	0.0	0.0
ságnuy	-0.226	0.0	0.0
ság’ub	0.273	0.0	0.0
sagúd	0.494	0.0	0.0
sag’úli’	-0.318	0.0	0.0
sag’úli’	-0.318	0.0	0.0
sagúp	0.758	0.0	0.0
ságyud	0.000	0.0	0.0
sáha’	0.000	0.0	0.0
sahí’	0.402	0.0	0.0
sahú’	0.273	0.0	0.0
sahúg	-0.625	0.0	0.0
sála	0.000	0.0	0.0
sála’	-0.202	0.0	0.0
sála’	-0.052	0.0	0.0
salá’	-0.904	0.0	0.0
salá’	-0.440	0.0	0.0
salákay	-0.477	0.0	0.0
salamángka	0.000	0.0	0.0
salamíng	0.000	0.0	0.0
salampáti	0.000	0.0	0.0
salapí’	0.000	0.0	0.0
salápid	0.000	0.0	0.0
salápid	0.000	0.0	0.0
sálap	0.000	0.0	0.0
salápu’	0.000	0.0	0.0
salawáhan	0.000	0.0	0.0
saláwsaw	0.000	0.0	0.0
salbáhe	0.000	0.0	0.0
saliká’	0.000	0.0	0.0
salída	0.000	0.0	0.0
sálig	0.765	0.0	0.0
sálig	0.511	0.0	0.0
salimpapáw	0.000	0.0	0.0
salimú’ang	0.000	0.0	0.0
salimú’ang	0.000	0.0	0.0
salín	0.000	0.0	0.0
salín	-0.052	0.0	0.0
salipádpad	0.000	0.0	0.0
sálmon	0.000	0.0	0.0
sálmon	0.000	0.0	0.0
sálsal	0.000	0.0	0.0
salsálun	0.000	0.0	0.0
salú	0.000	0.0	0.0
sálu	0.000	0.0	0.0
salúk	0.586	0.0	0.0
sálud	0.000	0.0	0.0
salúdu	0.000	0.0	0.0
salúdu	0.477	0.0	0.0
salúg	0.000	0.0	0.0
sálug	0.000	0.0	0.0
sálum	0.000	0.0	0.0
sálup	-0.226	0.0	0.0
salusálu	0.000	0.0	0.0
sál’ut	0.000	0.0	0.0
samád	-0.402	0.0	0.0
samád	-0.542	0.0	0.0
sámay	0.000	0.0	0.0
sámay	0.000	0.0	0.0
sámbag	0.000	0.0	0.0
sámbil	0.000	0.0	0.0
sámbit	0.000	0.0	0.0
sámbud	0.000	0.0	0.0
samí’	0.000	0.0	0.0
sampaguíta	0.000	0.0	0.0
sampátun	0.000	0.0	0.0
sámpuk	-0.765	0.0	0.0
sámput	0.026	0.0	0.0
nagsámput	0.000	0.0	0.0
sámtang	0.000	0.0	0.0
sámu’	0.000	0.0	0.0
sámuk	-0.625	0.0	0.0
sámuk	-0.625	0.0	0.0
sánag	0.440	0.0	0.0
sánag	0.382	0.0	0.0
sándad	0.000	0.0	0.0
sánday	0.000	0.0	0.0
sandí’ay	0.000	0.0	0.0
sándig	0.402	0.0	0.0
sandíya	0.000	0.0	0.0
sánduk	0.000	0.0	0.0
sánduk	0.153	0.0	0.0
sánlag	0.000	0.0	0.0
sánting	0.000	0.0	0.0
sántu	0.000	0.0	0.0
sántu’	0.637	0.0	0.0
sántus	0.000	0.0	0.0
sántus	0.000	0.0	0.0
sán’u	0.000	0.0	0.0
sáng	0.000	0.0	0.0
sangá	0.000	0.0	0.0
sángkad	0.000	0.0	0.0
sángkap	0.000	0.0	0.0
sángkap	0.000	0.0	0.0
sángkap	0.000	0.0	0.0
sanggá	0.000	0.0	0.0
sánghid	0.000	0.0	0.0
sánglit	0.000	0.0	0.0
sapá’	0.000	0.0	0.0
sapák	-0.103	0.0	0.0
sapá’sápa’	0.000	0.0	0.0
sápat	0.000	0.0	0.0
sapatéro	0.000	0.0	0.0
sapátus	0.000	0.0	0.0
sápsap	0.000	0.0	0.0
sapú	0.000	0.0	0.0
sápul	0.000	0.0	0.0
sapúpu	0.494	0.0	0.0
sapút	0.026	0.0	0.0
saráng	0.382	0.0	0.0
sarí	0.527	0.0	0.0
sárisári	0.000	0.0	0.0
sársa	0.000	0.0	0.0
sarsyádo	0.000	0.0	0.0
sarút	0.000	0.0	0.0
sástre	0.000	0.0	0.0
sát’um	0.000	0.0	0.0
sa’úlu	0.000	0.0	0.0
sa’úlug	0.572	0.0	0.0
sá’ut	0.000	0.0	0.0
sá’ut	0.000	0.0	0.0
sáw’a	-0.459	0.0	0.0
sawáy	-0.440	0.0	0.0
sawáy	-0.382	0.0	0.0
sáwsaw	0.000	0.0	0.0
sáya	0.000	0.0	0.0
sayásat	0.000	0.0	0.0
sáylu	0.000	0.0	0.0
sáysay	0.000	0.0	0.0
sáysay	0.000	0.0	0.0
sáyud	0.000	0.0	0.0
sayúp	-0.494	0.0	0.0
sebuáno	0.000	0.0	0.0
sekretaŕya	0.000	0.0	0.0
sekréto	0.000	0.0	0.0
séda	0.000	0.0	0.0
segúro	0.000	0.0	0.0
sélyo	0.000	0.0	0.0
semána	0.000	0.0	0.0
seménto	0.000	0.0	0.0
senádo	0.000	0.0	0.0
sentábos	0.000	0.0	0.0
sentimós	0.000	0.0	0.0
séntro	0.000	0.0	0.0
septyémbre	0.000	0.0	0.0
serbésa	0.000	0.0	0.0
serbilyéta	0.000	0.0	0.0
seremónya	0.000	0.0	0.0
seréno	0.000	0.0	0.0
seténta	0.000	0.0	0.0
séys	0.000	0.0	0.0
seysénta	0.000	0.0	0.0
si	0.000	0.0	0.0
sibát	0.000	0.0	0.0
sibín	0.000	0.0	0.0
sibín	0.000	0.0	0.0
sibít	0.226	0.0	0.0
sibít	-0.340	0.0	0.0
síbu	0.000	0.0	0.0
síbu	0.361	0.0	0.0
síbu’	0.000	0.0	0.0
sibúyas	0.000	0.0	0.0
síkad	0.000	0.0	0.0
sikréta	0.000	0.0	0.0
síku	0.000	0.0	0.0
síku	0.000	0.0	0.0
sikúp	0.000	0.0	0.0
síkway	-0.700	0.0	0.0
síd’ing	0.000	0.0	0.0
sidlángan	0.000	0.0	0.0
síga	0.000	0.0	0.0
síga	0.000	0.0	0.0
sigahúm	0.402	0.0	0.0
sigarílyo	0.000	0.0	0.0
sígi	0.440	0.0	0.0
sígi	0.000	0.0	0.0
sígput	0.000	0.0	0.0
sígu	0.836	0.0	0.0
sigúro	0.000	0.0	0.0
sigúro	0.527	0.0	0.0
siháy	0.000	0.0	0.0
sihigún	0.000	0.0	0.0
silá	0.000	0.0	0.0
sílak	0.000	0.0	0.0
sílak	0.361	0.0	0.0
sílaw	0.000	0.0	0.0
sílhig	0.000	0.0	0.0
sílhig	0.000	0.0	0.0
síli	0.000	0.0	0.0
síli’	0.758	0.0	0.0
silíng	0.000	0.0	0.0
silíng	0.000	0.0	0.0
sílu	0.000	0.0	0.0
sílung	0.000	0.0	0.0
sílung	0.000	0.0	0.0
sílut	-0.718	0.0	0.0
símba	0.202	0.0	0.0
símba	0.000	0.0	0.0
simbóryo	0.000	0.0	0.0
símbug	0.000	0.0	0.0
símpli	0.000	0.0	0.0
símpun	0.296	0.0	0.0
sín	0.000	0.0	0.0
siná’	0.000	0.0	0.0
síndi	0.000	0.0	0.0
síndi	0.000	0.0	0.0
siní	0.000	0.0	0.0
síni	0.000	0.0	0.0
sínsil	0.000	0.0	0.0
sinsílyo	0.000	0.0	0.0
síntas	0.000	0.0	0.0
sinú’	-0.178	0.0	0.0
sín’u	0.000	0.0	0.0
sínyal	0.000	0.0	0.0
sínyal	0.000	0.0	0.0
sínyas	0.000	0.0	0.0
sínyas	0.000	0.0	0.0
síng	0.000	0.0	0.0
singkamás	0.000	0.0	0.0
síngki’	-0.296	0.0	0.0
síngko	0.000	0.0	0.0
síngko	0.000	0.0	0.0
singkwénta	0.000	0.0	0.0
sínggit	0.000	0.0	0.0
sínggit	0.000	0.0	0.0
sínghut	0.000	0.0	0.0
sínghut	0.000	0.0	0.0
singíl	0.000	0.0	0.0
singíl	0.000	0.0	0.0
singít	0.000	0.0	0.0
síngsing	0.000	0.0	0.0
sípa’	0.000	0.0	0.0
sípa’	0.000	0.0	0.0
sipák	0.000	0.0	0.0
sipála	-0.718	0.0	0.0
sipí’	0.000	0.0	0.0
sipílyo	0.000	0.0	0.0
sípit	0.000	0.0	0.0
síplat	-0.494	0.0	0.0
síplat	-0.494	0.0	0.0
síp’un	0.000	0.0	0.0
sirá	0.000	0.0	0.0
sirá	0.000	0.0	0.0
sirá	0.000	0.0	0.0
sirgwélas	0.000	0.0	0.0
sirirítan	0.000	0.0	0.0
sír’um	0.000	0.0	0.0
sistéma	0.000	0.0	0.0
sítsit	0.000	0.0	0.0
sítyu	0.000	0.0	0.0
si’úd	-0.318	0.0	0.0
si’úd	-0.318	0.0	0.0
síwil	0.000	0.0	0.0
síya	0.000	0.0	0.0
siyám	0.000	0.0	0.0
sóbra	0.000	0.0	0.0
sóbra	0.000	0.0	0.0
sóbra	0.000	0.0	0.0
sóbra	0.000	0.0	0.0
sóbre	0.000	0.0	0.0
soldádo	0.000	0.0	0.0
soltéro	0.000	0.0	0.0
sopá	0.000	0.0	0.0
sorbéte	0.000	0.0	0.0
soríso	0.000	0.0	0.0
sú’ay	-0.402	0.0	0.0
sú’ay	-0.382	0.0	0.0
subá’	0.000	0.0	0.0
subáng	0.000	0.0	0.0
subáy	0.000	0.0	0.0
súbli’	0.000	0.0	0.0
súbli’	0.000	0.0	0.0
subú’	-0.844	0.0	0.0
subú’	-0.832	0.0	0.0
subú’	-0.681	0.0	0.0
súbul	0.000	0.0	0.0
subúng	0.361	0.0	0.0
súka	0.000	0.0	0.0
súka	0.000	0.0	0.0
súka’	0.000	0.0	0.0
súkat	0.000	0.0	0.0
súkat	0.000	0.0	0.0
súk’ay	0.494	0.0	0.0
súki’	0.718	0.0	0.0
súl’ub	0.000	0.0	0.0
súksuk	0.000	0.0	0.0
súksuk	0.000	0.0	0.0
sukúb	0.000	0.0	0.0
sukút	0.000	0.0	0.0
sukút	0.000	0.0	0.0
súd’an	0.000	0.0	0.0
sugá’	0.000	0.0	0.0
sugál	-0.273	0.0	0.0
sugál	-0.273	0.0	0.0
súgat	0.000	0.0	0.0
sugatá’	-0.340	0.0	0.0
súgba	0.202	0.0	0.0
súgbu	0.000	0.0	0.0
súghaw	0.000	0.0	0.0
súgid	0.000	0.0	0.0
súgid	0.000	0.0	0.0
sugilánun	0.000	0.0	0.0
sugilánun	0.000	0.0	0.0
súgpa’	0.000	0.0	0.0
súgpu	0.000	0.0	0.0
súgpun	0.000	0.0	0.0
súgpun	0.000	0.0	0.0
súgu’	0.000	0.0	0.0
súgu’	0.000	0.0	0.0
súgud	0.000	0.0	0.0
súgud	0.000	0.0	0.0
sugút	0.494	0.0	0.0
sugút	0.649	0.0	0.0
súgyut	-0.402	0.0	0.0
súhul	-0.103	0.0	0.0
súhul	-0.103	0.0	0.0
súhut	0.000	0.0	0.0
súhut	-0.202	0.0	0.0
súlab	0.000	0.0	0.0
sulábi	0.000	0.0	0.0
sulát	0.000	0.0	0.0
sulát	0.000	0.0	0.0
suláy	0.000	0.0	0.0
súlda	0.000	0.0	0.0
súlhay	0.700	0.0	0.0
súlhay	0.612	0.0	0.0
súlhay	0.660	0.0	0.0
sulí’	0.000	0.0	0.0
súlip	0.000	0.0	0.0
súlit	0.000	0.0	0.0
súlu	-0.250	0.0	0.0
sulú’	0.000	0.0	0.0
súluk	0.000	0.0	0.0
sulúd	0.000	0.0	0.0
sulúd	0.000	0.0	0.0
súlsul	0.000	0.0	0.0
súlung	0.000	0.0	0.0
sulusakayán	0.000	0.0	0.0
súma	0.000	0.0	0.0
súma	0.000	0.0	0.0
súman	0.000	0.0	0.0
súmbag	0.000	0.0	0.0
súmbung	-0.494	0.0	0.0
súm’ud	-0.670	0.0	0.0
súmpa’	0.000	0.0	0.0
súmpa’	0.273	0.0	0.0
súmpung	-0.625	0.0	0.0
sundáyag	0.000	0.0	0.0
súnlug	0.226	0.0	0.0
súnlug	-0.318	0.0	0.0
súnsun	0.000	0.0	0.0
súntuk	0.000	0.0	0.0
sunú’	0.000	0.0	0.0
sunúd	0.000	0.0	0.0
sunúd	0.000	0.0	0.0
sunúd	0.000	0.0	0.0
sunúdsunúd	0.000	0.0	0.0
sunúdsunúd	0.000	0.0	0.0
súnug	-0.340	0.0	0.0
súnug	-0.340	0.0	0.0
súngay	0.000	0.0	0.0
súngay	0.000	0.0	0.0
súngka’	0.000	0.0	0.0
súngka’	0.000	0.0	0.0
súnggu’	-0.477	0.0	0.0
súnggud	-0.586	0.0	0.0
súngsung	0.000	0.0	0.0
súngsung	0.000	0.0	0.0
súngu	0.000	0.0	0.0
súpas	0.000	0.0	0.0
superbisór	0.000	0.0	0.0
supládu	-0.402	0.0	0.0
súpsup	-0.440	0.0	0.0
supúk	-0.599	0.0	0.0
supúg	-0.727	0.0	0.0
súput	0.000	0.0	0.0
supút	0.000	0.0	0.0
súrsi	0.000	0.0	0.0
súrsi	0.000	0.0	0.0
sús	0.778	0.0	0.0
súsi’	0.000	0.0	0.0
suspendér	-0.318	0.0	0.0
susténto	0.000	0.0	0.0
súsu	0.000	0.0	0.0
súsu	0.000	0.0	0.0
sutíl	0.000	0.0	0.0
sútsut	0.000	0.0	0.0
súyup	-0.440	0.0	0.0
swélas	0.000	0.0	0.0
swéldo	-0.103	0.0	0.0
swéldo	-0.103	0.0	0.0
swérte	0.459	0.0	0.0
swérte	0.421	0.0	0.0
syá	0.000	0.0	0.0
syápa	0.000	0.0	0.0
syén	0.000	0.0	0.0
syénsya	0.000	0.0	0.0
syérto	0.649	0.0	0.0
syéte	0.000	0.0	0.0
syudád	0.000	0.0	0.0
ta	0.000	0.0	0.0
tá’as	0.000	0.0	0.0
tá’as	0.318	0.0	0.0
tába’	0.000	0.0	0.0
tabáku’	0.000	0.0	0.0
tabáku’	0.000	0.0	0.0
tában	0.000	0.0	0.0
tábang	0.402	0.0	0.0
tábang	0.402	0.0	0.0
táb’ang	0.000	0.0	0.0
tábas	-0.273	0.0	0.0
tabíd	0.000	0.0	0.0
tabínas	-0.440	0.0	0.0
tabís	-0.296	0.0	0.0
tablétas	0.000	0.0	0.0
tabú’	0.153	0.0	0.0
tabú’	0.000	0.0	0.0
tábu’	0.000	0.0	0.0
tabúk	0.000	0.0	0.0
tábug	0.000	0.0	0.0
tabún	0.000	0.0	0.0
tabún	0.000	0.0	0.0
tak’an	-0.859	0.0	0.0
naták’an	0.000	0.0	0.0
tákam	0.000	0.0	0.0
tákas	0.000	0.0	0.0
tákas	0.000	0.0	0.0
tákdung	0.000	0.0	0.0
táklad	-0.361	0.0	0.0
táklap	0.000	0.0	0.0
táklas	-0.361	0.0	0.0
táklung	0.000	0.0	0.0
táklus	0.000	0.0	0.0
tákna’	0.000	0.0	0.0
táktak	0.000	0.0	0.0
takúd	0.000	0.0	0.0
takúp	0.000	0.0	0.0
takúp	0.000	0.0	0.0
takús	0.361	0.0	0.0
tádlung	0.226	0.0	0.0
tádlung	0.000	0.0	0.0
tádtad	0.000	0.0	0.0
tádyaw	0.000	0.0	0.0
tag	0.000	0.0	0.0
tag	0.340	0.0	0.0
tagá	0.000	0.0	0.0
tagálog	0.361	0.0	0.0
tagám	-0.128	0.0	0.0
tagám	-0.670	0.0	0.0
tagasák	0.361	0.0	0.0
tágay	0.000	0.0	0.0
tagbaláy	0.000	0.0	0.0
tágbang	0.000	0.0	0.0
tághul	0.000	0.0	0.0
tághul	0.361	0.0	0.0
tághuy	0.026	0.0	0.0
tagíptip	0.000	0.0	0.0
tag’íya	0.000	0.0	0.0
tágna’	0.000	0.0	0.0
tágna’	0.000	0.0	0.0
tagpilá	0.000	0.0	0.0
tágring	0.000	0.0	0.0
tágring	0.000	0.0	0.0
tágsa	0.000	0.0	0.0
tágsatágsa	0.000	0.0	0.0
tágsing	0.000	0.0	0.0
tágtag	0.000	0.0	0.0
tágu’	-0.178	0.0	0.0
tagúb	0.000	0.0	0.0
tagudíli’	-0.649	0.0	0.0
tagúm	0.000	0.0	0.0
tahál	0.000	0.0	0.0
táhaw	-0.402	0.0	0.0
tahí’	0.000	0.0	0.0
tahí’	0.000	0.0	0.0
táhud	0.832	0.0	0.0
táhud	0.681	0.0	0.0
tahúm	0.796	0.0	0.0
tahúm	0.586	0.0	0.0
talágsa	0.000	0.0	0.0
talá’id	0.000	0.0	0.0
talámnan	0.000	0.0	0.0
tálang	-0.511	0.0	0.0
tál’as	0.000	0.0	0.0
talástas	0.000	0.0	0.0
talástas	0.000	0.0	0.0
tálaw	-0.459	0.0	0.0
talikúd	-0.440	0.0	0.0
talimbabága	0.000	0.0	0.0
talíthi’	0.000	0.0	0.0
talíwan	-0.052	0.0	0.0
nag-talíwan	0.000	0.0	0.0
táltal	0.000	0.0	0.0
talúdtud	0.000	0.0	0.0
talúm	0.000	0.0	0.0
talúm	0.000	0.0	0.0
talúng	0.000	0.0	0.0
tál’us	0.000	0.0	0.0
talyér	0.000	0.0	0.0
táma’	0.273	0.0	0.0
táma’	0.557	0.0	0.0
tamád	-0.361	0.0	0.0
tamáwu	0.000	0.0	0.0
tamáy	-0.735	0.0	0.0
támbal	0.000	0.0	0.0
támbal	0.000	0.0	0.0
tambalihán	0.000	0.0	0.0
támbi	0.000	0.0	0.0
támbu’	-0.340	0.0	0.0
támbuk	0.000	0.0	0.0
támbuk	0.178	0.0	0.0
támbung	0.000	0.0	0.0
támbur	0.000	0.0	0.0
tamíng	0.000	0.0	0.0
tám’is	0.494	0.0	0.0
tám’is	0.459	0.0	0.0
támpa’	0.153	0.0	0.0
támpa’	0.153	0.0	0.0
támpad	0.000	0.0	0.0
támpad	-0.178	0.0	0.0
tampálas	-0.511	0.0	0.0
tampálas	-0.586	0.0	0.0
támpi	0.000	0.0	0.0
támpis	-0.296	0.0	0.0
támpuk	0.000	0.0	0.0
tamúd	0.000	0.0	0.0
támwa	0.000	0.0	0.0
támyaw	0.557	0.0	0.0
tanán	0.000	0.0	0.0
tanáng	0.000	0.0	0.0
tán’aw	0.000	0.0	0.0
tánda’	0.000	0.0	0.0
tándug	0.000	0.0	0.0
tándus	0.572	0.0	0.0
táni’	0.000	0.0	0.0
tánsya	0.000	0.0	0.0
tánsya	0.000	0.0	0.0
tanúm	0.000	0.0	0.0
tanúm	0.226	0.0	0.0
tányag	0.000	0.0	0.0
tányag	0.542	0.0	0.0
tangá	0.000	0.0	0.0
tangá’	-0.527	0.0	0.0
tángki	0.000	0.0	0.0
tangkúgu’	0.000	0.0	0.0
tángis	-0.727	0.0	0.0
tángis	-0.727	0.0	0.0
tángla’	0.000	0.0	0.0
tangú’	0.000	0.0	0.0
tangú’	0.000	0.0	0.0
tangú’tángu’	0.000	0.0	0.0
tápak	0.000	0.0	0.0
tápak	0.000	0.0	0.0
tápán	0.000	0.0	0.0
tapás	-0.273	0.0	0.0
tapát	0.599	0.0	0.0
tápi’	0.000	0.0	0.0
tapík	0.000	0.0	0.0
táplik	-0.340	0.0	0.0
tápna’	-0.296	0.0	0.0
tápnay	0.361	0.0	0.0
tápu’	0.000	0.0	0.0
tápu’	0.296	0.0	0.0
tapúk	0.052	0.0	0.0
tápuk	0.000	0.0	0.0
tapús	0.000	0.0	0.0
tapús	0.000	0.0	0.0
tapútapú	0.000	0.0	0.0
tarhéta	0.000	0.0	0.0
társo	0.128	0.0	0.0
tárung	0.077	0.0	0.0
tárung	0.273	0.0	0.0
tása	0.000	0.0	0.0
tásak	0.000	0.0	0.0
táslaw	-0.459	0.0	0.0
tástas	0.000	0.0	0.0
tátap	0.494	0.0	0.0
tatay	0.477	0.0	0.0
tátlu	0.000	0.0	0.0
tá’ub	0.000	0.0	0.0
tawág	0.000	0.0	0.0
tawág	0.000	0.0	0.0
táwgi	0.000	0.0	0.0
táwhay	0.691	0.0	0.0
táwtaw	-0.273	0.0	0.0
táwu	0.000	0.0	0.0
táwu	0.000	0.0	0.0
tay	0.000	0.0	0.0
tayá’	0.000	0.0	0.0
tayá’	0.000	0.0	0.0
táytay	0.000	0.0	0.0
tayúbung	0.000	0.0	0.0
táyug	0.000	0.0	0.0
táy’ug	-0.421	0.0	0.0
tayún	0.026	0.0	0.0
tayúyun	0.440	0.0	0.0
téla	0.000	0.0	0.0
telebísyon	0.000	0.0	0.0
telegráma	0.000	0.0	0.0
telegráma	0.000	0.0	0.0
teleponó	0.000	0.0	0.0
teleponó	0.000	0.0	0.0
témpla	0.000	0.0	0.0
témpla	0.000	0.0	0.0
tempráno	0.000	0.0	0.0
tenér	0.000	0.0	0.0
tenyénte	0.000	0.0	0.0
térno	0.000	0.0	0.0
tesoréro	0.128	0.0	0.0
testígo	0.000	0.0	0.0
testígo	0.000	0.0	0.0
tí’	0.000	0.0	0.0
ti’áw	-0.026	0.0	0.0
ti’áwtí’aw	0.226	0.0	0.0
ti’áyun	0.000	0.0	0.0
tibákla	0.000	0.0	0.0
tibáw’as	0.612	0.0	0.0
tibúnug	0.625	0.0	0.0
tíb’ung	0.000	0.0	0.0
tíbsuk	0.000	0.0	0.0
tikáb	0.000	0.0	0.0
tíkal	0.000	0.0	0.0
tikálun	0.477	0.0	0.0
tikáng	0.000	0.0	0.0
tikáng	0.000	0.0	0.0
tíkas	-0.494	0.0	0.0
tíklud	0.000	0.0	0.0
tíklup	0.000	0.0	0.0
tíkma’	-0.382	0.0	0.0
tikú’	0.000	0.0	0.0
tikú’	0.000	0.0	0.0
tig	0.000	0.0	0.0
tig-…-la-	0.000	0.0	0.0
tig…-li-	0.000	0.0	0.0
tíg’a	0.052	0.0	0.0
tíg’a	-0.103	0.0	0.0
tigána	0.000	0.0	0.0
tigána	-0.052	0.0	0.0
tíg’ang	-0.340	0.0	0.0
tigayún	0.000	0.0	0.0
tígbas	-0.273	0.0	0.0
tígdas	-0.477	0.0	0.0
tigíb	0.000	0.0	0.0
tig’ik	-0.459	0.0	0.0
tig’ik	0.000	0.0	0.0
tiglawás	0.000	0.0	0.0
tigre	0.000	0.0	0.0
tigúlang	0.000	0.0	0.0
tigúlang	0.000	0.0	0.0
tihín	0.000	0.0	0.0
tí’id	0.153	0.0	0.0
ti’íl	0.000	0.0	0.0
tiláw	0.000	0.0	0.0
timá’an	-0.340	0.0	0.0
timáwa’	-0.477	0.0	0.0
tímba’	0.273	0.0	0.0
tímba’	0.273	0.0	0.0
tímbang	0.000	0.0	0.0
tímbang	0.000	0.0	0.0
tímbre	0.000	0.0	0.0
tímbre	0.000	0.0	0.0
timbú’uk	0.000	0.0	0.0
tín’ad	0.477	0.0	0.0
tinápay	0.000	0.0	0.0
tín’aw	0.000	0.0	0.0
tín’aw	0.382	0.0	0.0
tíndak	0.000	0.0	0.0
tíndak	0.000	0.0	0.0
tínday	0.000	0.0	0.0
tindéro	0.000	0.0	0.0
tíndug	0.000	0.0	0.0
tíndug	0.000	0.0	0.0
tinedór	0.000	0.0	0.0
tiniklíng	0.000	0.0	0.0
tínlu’	0.000	0.0	0.0
tínlu’	0.402	0.0	0.0
tínta’	0.000	0.0	0.0
tíntin	0.128	0.0	0.0
tinúla	0.000	0.0	0.0
ting-	0.000	0.0	0.0
tingá’	0.000	0.0	0.0
tingádlaw	0.000	0.0	0.0
tíngal	0.000	0.0	0.0
tingála	0.681	0.0	0.0
tingála	0.542	0.0	0.0
tingkáya’	0.000	0.0	0.0
tínggas	0.000	0.0	0.0
tingúb	0.000	0.0	0.0
tíngug	0.000	0.0	0.0
tíngug	0.000	0.0	0.0
tingúha’	0.000	0.0	0.0
tingúha’	0.625	0.0	0.0
típdas	0.000	0.0	0.0
típhag	0.000	0.0	0.0
tipík	0.000	0.0	0.0
tipík	0.000	0.0	0.0
típig	0.000	0.0	0.0
típu	0.000	0.0	0.0
típun	0.000	0.0	0.0
típus	0.000	0.0	0.0
tíra	-0.382	0.0	0.0
tiránte	0.000	0.0	0.0
tísa’	0.000	0.0	0.0
tískug	0.000	0.0	0.0
tísluk	-0.340	0.0	0.0
tisúk	0.000	0.0	0.0
tístis	-0.670	0.0	0.0
títi’	0.000	0.0	0.0
títi’	-0.440	0.0	0.0
título	0.128	0.0	0.0
ti’ún	0.000	0.0	0.0
tíya	0.477	0.0	0.0
tiyán	0.000	0.0	0.0
tíyo	0.477	0.0	0.0
tíyug	0.000	0.0	0.0
tiyúgtiyúg	0.000	0.0	0.0
tódas	0.796	0.0	0.0
tódo	0.000	0.0	0.0
tómo	0.000	0.0	0.0
toneláda	0.000	0.0	0.0
tóre	0.000	0.0	0.0
tóro	0.000	0.0	0.0
tórpe	0.000	0.0	0.0
tórpe	-0.772	0.0	0.0
totál	0.000	0.0	0.0
totál	0.000	0.0	0.0
tóto’	0.000	0.0	0.0
trabáho	0.000	0.0	0.0
trabáho	0.000	0.0	0.0
trák	0.000	0.0	0.0
trámbya	0.000	0.0	0.0
trángka	0.000	0.0	0.0
trángka	0.340	0.0	0.0
trangkáso	-0.382	0.0	0.0
trapál	0.000	0.0	0.0
trápo	0.000	0.0	0.0
trápo	0.000	0.0	0.0
trayángulo	0.000	0.0	0.0
trén	0.000	0.0	0.0
trés	0.000	0.0	0.0
trése	0.000	0.0	0.0
tréynta	0.000	0.0	0.0
tróno	0.000	0.0	0.0
trumpéta	0.000	0.0	0.0
trúmpo	0.202	0.0	0.0
trúsu	0.000	0.0	0.0
tsá	0.000	0.0	0.0
tséke	0.000	0.0	0.0
tsinélas	0.000	0.0	0.0
tsokoláte	0.000	0.0	0.0
tsupér	0.000	0.0	0.0
tú	0.000	0.0	0.0
tú’ad	-0.421	0.0	0.0
tu’álya	0.000	0.0	0.0
tú’aw	-0.477	0.0	0.0
tubá’	0.000	0.0	0.0
tubá’	0.178	0.0	0.0
tubás	0.421	0.0	0.0
túbi’	0.000	0.0	0.0
túbig	0.000	0.0	0.0
túblag	-0.402	0.0	0.0
túbtub	0.000	0.0	0.0
tubú	0.000	0.0	0.0
túbu	0.000	0.0	0.0
túbu’	0.382	0.0	0.0
túbu’	0.000	0.0	0.0
túb’uk	-0.340	0.0	0.0
tubúd	-0.542	0.0	0.0
tubúd	-0.340	0.0	0.0
tubúg	0.000	0.0	0.0
tubús	0.494	0.0	0.0
túka	0.000	0.0	0.0
tukád	0.000	0.0	0.0
tukáp	0.000	0.0	0.0
tukár	0.000	0.0	0.0
tukár	0.340	0.0	0.0
tukíb	0.000	0.0	0.0
túksu’	0.000	0.0	0.0
túktuk	0.000	0.0	0.0
túktuk	0.000	0.0	0.0
tukúb	0.000	0.0	0.0
tukúd	0.402	0.0	0.0
túkud	0.000	0.0	0.0
tukún	0.402	0.0	0.0
tukús	0.000	0.0	0.0
túdlu’	0.000	0.0	0.0
túdlu’	0.000	0.0	0.0
tugák	0.000	0.0	0.0
tugálbung	-0.318	0.0	0.0
túg’an	0.318	0.0	0.0
túbbung	0.000	0.0	0.0
túgda’	0.000	0.0	0.0
túgdang	-0.382	0.0	0.0
túgmaw	0.000	0.0	0.0
túgnaw	0.000	0.0	0.0
túgnaw	0.000	0.0	0.0
túgpa’	0.000	0.0	0.0
túgun	0.000	0.0	0.0
túgut	0.527	0.0	0.0
túgyan	0.000	0.0	0.0
tuháw	0.000	0.0	0.0
túhay	0.000	0.0	0.0
túhay	0.000	0.0	0.0
túhil	0.000	0.0	0.0
túhud	0.000	0.0	0.0
túhuy	0.000	0.0	0.0
tú’ig	0.000	0.0	0.0
tú’igtú’ig	0.000	0.0	0.0
túlad	0.000	0.0	0.0
túl’an	0.000	0.0	0.0
tuláy	0.000	0.0	0.0
túlda	0.000	0.0	0.0
túl’id	0.000	0.0	0.0
túlin	0.000	0.0	0.0
túlis	-0.494	0.0	0.0
túltug	-0.128	0.0	0.0
túltul	0.000	0.0	0.0
túlu’	-0.273	0.0	0.0
túlu’	-0.340	0.0	0.0
túluk	0.000	0.0	0.0
túluk	0.000	0.0	0.0
tulúd	0.000	0.0	0.0
túlug	0.000	0.0	0.0
túlug	0.000	0.0	0.0
tulún	0.000	0.0	0.0
tulún’an	0.000	0.0	0.0
túman	0.421	0.0	0.0
túmba	0.000	0.0	0.0
túmbaktúmbak	0.000	0.0	0.0
túmban	0.000	0.0	0.0
túmbas	0.000	0.0	0.0
túmbas	-0.103	0.0	0.0
tumbayá’	-0.572	0.0	0.0
túmbu’	0.340	0.0	0.0
túmbuk	0.000	0.0	0.0
túmbuk	0.000	0.0	0.0
túmpi’	0.000	0.0	0.0
túmpuk	0.000	0.0	0.0
túmpuk	0.000	0.0	0.0
túm’uk	0.000	0.0	0.0
túmud	0.000	0.0	0.0
túna	0.000	0.0	0.0
túnaw	0.000	0.0	0.0
túnay	0.000	0.0	0.0
túnda’	0.000	0.0	0.0
túntu	-0.772	0.0	0.0
túntu	-0.772	0.0	0.0
túntun	-0.296	0.0	0.0
túnu	0.000	0.0	0.0
tunúk	0.000	0.0	0.0
tunúk	-0.153	0.0	0.0
túnud	-0.226	0.0	0.0
tunúg	0.000	0.0	0.0
tunúg	0.000	0.0	0.0
tún’ug	0.000	0.0	0.0
tungá’	0.000	0.0	0.0
tungá’	0.000	0.0	0.0
tungá’	0.000	0.0	0.0
tungá’túnga’	0.000	0.0	0.0
túnghul	0.494	0.0	0.0
túngtung	0.202	0.0	0.0
tungúd	0.000	0.0	0.0
tungúd	0.000	0.0	0.0
tupá’	0.000	0.0	0.0
túpad	0.000	0.0	0.0
túpung	0.000	0.0	0.0
túpung	0.000	0.0	0.0
tusíno	0.000	0.0	0.0
túsluk	-0.340	0.0	0.0
túsngaw	0.000	0.0	0.0
tústa	0.000	0.0	0.0
tústa	0.000	0.0	0.0
túsu	0.000	0.0	0.0
tús’un	0.000	0.0	0.0
tutál	0.000	0.0	0.0
tutál	0.000	0.0	0.0
tú’tu’	0.000	0.0	0.0
tútud	-0.340	0.0	0.0
tútum	0.000	0.0	0.0
tutúnlan	0.000	0.0	0.0
tú’u	0.459	0.0	0.0
tú’u	0.000	0.0	0.0
tu’ú	0.000	0.0	0.0
tú’ud	0.599	0.0	0.0
tu’ún	0.000	0.0	0.0
tu’ún	0.000	0.0	0.0
túwang	0.670	0.0	0.0
túwang	0.000	0.0	0.0
tuwáy	0.000	0.0	0.0
túytuy	0.000	0.0	0.0
túyu’	0.000	0.0	0.0
tuyu’	0.000	0.0	0.0
tuyu’	0.000	0.0	0.0
tuyú	0.000	0.0	0.0
túyub	0.000	0.0	0.0
tyábaw	-0.402	0.0	0.0
tyábaw	-0.402	0.0	0.0
tyánggi	0.000	0.0	0.0
tyémpo	0.000	0.0	0.0
tyénda	0.000	0.0	0.0
úba	0.000	0.0	0.0
úbas	0.000	0.0	0.0
ubáy	0.000	0.0	0.0
úbi	0.000	0.0	0.0
ubú	0.000	0.0	0.0
ubú	0.000	0.0	0.0
úbug	0.000	0.0	0.0
úbus	0.000	0.0	0.0
ubús	0.000	0.0	0.0
úkbung	0.000	0.0	0.0
úklab	0.000	0.0	0.0
ukún	0.000	0.0	0.0
údtu	0.000	0.0	0.0
ugá	0.000	0.0	0.0
ugá	0.000	0.0	0.0
ugáli’	0.000	0.0	0.0
ugáling	0.000	0.0	0.0
uganút	-0.128	0.0	0.0
ugángan	0.000	0.0	0.0
ugát	0.000	0.0	0.0
ugayúng	-0.153	0.0	0.0
úgbus	0.000	0.0	0.0
ugís	-0.296	0.0	0.0
ugís	0.000	0.0	0.0
úgtu	0.000	0.0	0.0
ugút	-0.844	0.0	0.0
ugút	-0.660	0.0	0.0
úguy’úguy	0.000	0.0	0.0
úhaw	0.000	0.0	0.0
úhaw	0.000	0.0	0.0
uhú	0.000	0.0	0.0
úla’	0.000	0.0	0.0
uláklub	0.000	0.0	0.0
ulán	-0.077	0.0	0.0
uláng	0.318	0.0	0.0
úlay	0.000	0.0	0.0
úlhut	0.258	0.0	0.0
úli’	0.000	0.0	0.0
úli’	0.000	0.0	0.0
ulí’	0.000	0.0	0.0
nag’ulí’	0.000	0.0	0.0
ulihí	0.000	0.0	0.0
ulípun	-0.477	0.0	0.0
ulípun	-0.477	0.0	0.0
úlu	0.000	0.0	0.0
úlu	0.000	0.0	0.0
ulú’úlu’	0.946	0.0	0.0
úlud	0.000	0.0	0.0
ulúnan	0.000	0.0	0.0
ulús	0.000	0.0	0.0
-um-	0.000	0.0	0.0
umá	0.000	0.0	0.0
umágad	0.000	0.0	0.0
umál	0.000	0.0	0.0
umpisá	0.000	0.0	0.0
umpisá	0.000	0.0	0.0
-un	0.000	0.0	0.0
úna	0.000	0.0	0.0
úna	0.000	0.0	0.0
úna	0.000	0.0	0.0
únat	0.000	0.0	0.0
únat	0.000	0.0	0.0
unáy	0.000	0.0	0.0
unáy	0.000	0.0	0.0
úndang	-0.296	0.0	0.0
úntat	-0.557	0.0	0.0
unúd	0.000	0.0	0.0
únung	0.681	0.0	0.0
unús	0.000	0.0	0.0
ungál	0.000	0.0	0.0
upá	0.000	0.0	0.0
úpak	0.000	0.0	0.0
úpak	0.000	0.0	0.0
upúd	0.000	0.0	0.0
upúd	0.000	0.0	0.0
úrung	0.527	0.0	0.0
úrung	0.000	0.0	0.0
usá	0.000	0.0	0.0
úsang	0.340	0.0	0.0
usár	0.000	0.0	0.0
úsbung	0.000	0.0	0.0
úsik	-0.691	0.0	0.0
usísa’	0.000	0.0	0.0
usísa’	0.000	0.0	0.0
-uso	0.000	0.0	0.0
ústya	0.000	0.0	0.0
úsu	0.226	0.0	0.0
úswag	0.758	0.0	0.0
úswag	0.765	0.0	0.0
útan	0.000	0.0	0.0
útang	0.026	0.0	0.0
útuk	0.000	0.0	0.0
útud	0.000	0.0	0.0
utúd	-0.273	0.0	0.0
uwák	0.000	0.0	0.0
úwang	-0.128	0.0	0.0
uwáy	0.000	0.0	0.0
úy	0.000	0.0	0.0
uyáng	-0.494	0.0	0.0
uyáng	-0.633	0.0	0.0
uyapús	0.000	0.0	0.0
úyat	0.000	0.0	0.0
uyayá’	-0.670	0.0	0.0
úyug	-0.178	0.0	0.0
úyun	0.681	0.0	0.0
úy’uy	-0.718	0.0	0.0
wágkus	0.000	0.0	0.0
wágwag	-0.340	0.0	0.0
walá	0.000	0.0	0.0
walá’	0.000	0.0	0.0
wáli	0.000	0.0	0.0
wáli	0.000	0.0	0.0
walís	0.000	0.0	0.0
walú	0.000	0.0	0.0
waráwag	0.000	0.0	0.0
waráwag	0.000	0.0	0.0
wasák	-0.494	0.0	0.0
wasák	-0.542	0.0	0.0
wás’ag	-0.477	0.0	0.0
wásay	0.000	0.0	0.0
wásdak	-0.477	0.0	0.0
wáslik	0.361	0.0	0.0
wáswas	-0.178	0.0	0.0
wíli	0.625	0.0	0.0
wisík	0.751	0.0	0.0
y	0.000	0.0	0.0
yábi	0.000	0.0	0.0
yáb’uk	-0.340	0.0	0.0
yádtu	0.000	0.0	0.0
yágpis	0.000	0.0	0.0
yahúng	0.000	0.0	0.0
yámu’	-0.361	0.0	0.0
yaníb	0.000	0.0	0.0
yánu	0.153	0.0	0.0
yángkutyángkut	0.000	0.0	0.0
yánghag	0.000	0.0	0.0
yára’	0.000	0.0	0.0
yárda	0.000	0.0	0.0
yári	0.000	0.0	0.0
ya’úb	0.000	0.0	0.0
yáwa’	-0.660	0.0	0.0
yáwyaw	-0.226	0.0	0.0
yáyung	0.000	0.0	0.0
yélo	0.000	0.0	0.0
yúbit	-0.250	0.0	0.0
yukút	0.000	0.0	0.0
yukút	0.000	0.0	0.0
yúdu	0.000	0.0	0.0
yúdyud	-0.226	0.0	0.0
yuhúm	0.681	0.0	0.0
yupúk	0.000	0.0	0.0
yurópa	0.000	0.0	0.0
abaganhan	0.000	0.0	0.0
abansada	-0.077	0.0	0.0
abang	0.000	0.0	0.0
abayan	0.000	0.0	0.0
abelyana	0.000	0.0	0.0
abierto	0.000	0.0	0.0
ablaw	0.727	0.0	0.0
abo	0.000	0.0	0.0
abo-abo	0.000	0.0	0.0
abo-abohon	0.052	0.0	0.0
abohon	0.052	0.0	0.0
abong	0.202	0.0	0.0
aborido	-0.840	0.0	0.0
aboy	0.000	0.0	0.0
absuelto	0.361	0.0	0.0
abunda	0.000	0.0	0.0
abyerto	0.000	0.0	0.0
adelantado	0.765	0.0	0.0
aga-aga	0.000	0.0	0.0
agdayan	-0.361	0.0	0.0
agi	0.000	0.0	0.0
agi-agi	0.000	0.0	0.0
alabuton	0.000	0.0	0.0
alan	0.000	0.0	0.0
alang-alang	-0.340	0.0	0.0
alasoyon	0.000	0.0	0.0
alom	0.000	0.0	0.0
alunga-og	-0.459	0.0	0.0
amat	0.273	0.0	0.0
amaynon	0.000	0.0	0.0
aminhan	0.000	0.0	0.0
amog	-0.296	0.0	0.0
anad	0.000	0.0	0.0
ananay	0.477	0.0	0.0
andam	0.527	0.0	0.0
anhing	-0.649	0.0	0.0
antipatiko	0.000	0.0	0.0
antiyado	0.000	0.0	0.0
anyil	0.000	0.0	0.0
anggid	0.000	0.0	0.0
anggid-anggid	0.000	0.0	0.0
apa	0.000	0.0	0.0
apinas	-0.361	0.0	0.0
arisgado	0.361	0.0	0.0
asoy	0.440	0.0	0.0
atatayog	-0.638	0.0	0.0
athag	0.382	0.0	0.0
atrasado sa pagbayad	0.000	0.0	0.0
ba-og	0.052	0.0	0.0
baak	0.000	0.0	0.0
baba-an	0.000	0.0	0.0
babayen-on	0.000	0.0	0.0
bacolodnon	0.000	0.0	0.0
bag-o	0.000	0.0	0.0
bagnas	0.000	0.0	0.0
bahaw	0.000	0.0	0.0
bahol	-0.402	0.0	0.0
bakyas	0.000	0.0	0.0
balaan	0.000	0.0	0.0
balaanon	0.599	0.0	0.0
balanion	0.000	0.0	0.0
balason	0.000	0.0	0.0
balasubas	-0.178	0.0	0.0
balaynon	0.000	0.0	0.0
baldado	0.000	0.0	0.0
balhag	0.000	0.0	0.0
bali	0.000	0.0	0.0
balong	-0.340	0.0	0.0
balotanog	0.000	0.0	0.0
balung	0.000	0.0	0.0
bantog	0.440	0.0	0.0
bangud sa	0.000	0.0	0.0
baog	0.000	0.0	0.0
barato	0.000	0.0	0.0
basa	0.000	0.0	0.0
basa-basa	0.000	0.0	0.0
basag	0.000	0.0	0.0
basag-ulo	-0.511	0.0	0.0
basta	-0.598	0.0	0.0
bastos	0.000	0.0	0.0
bat-ol	-0.807	0.0	0.0
batan-on	0.000	0.0	0.0
bataon	0.000	0.0	0.0
batid	0.000	0.0	0.0
batohon	0.000	0.0	0.0
batok sa kasugoan	0.000	0.0	0.0
baug	0.000	0.0	0.0
baw-as	0.000	0.0	0.0
baw-ing	-0.586	0.0	0.0
bawod	0.000	0.0	0.0
bayud	-0.527	0.0	0.0
berde	0.340	0.0	0.0
bilog	0.000	0.0	0.0
binabaye	0.000	0.0	0.0
binaboy	0.000	0.0	0.0
binata	-0.296	0.0	0.0
binisaya	0.000	0.0	0.0
binulan	0.000	0.0	0.0
bingaw	-0.477	0.0	0.0
birhin	0.000	0.0	0.0
bisaya	0.000	0.0	0.0
bitas	0.000	0.0	0.0
bitayan	0.000	0.0	0.0
bokhon	0.000	0.0	0.0
bug-at	0.000	0.0	0.0
bug-os	0.000	0.0	0.0
bugal	-0.494	0.0	0.0
buggaitan	0.969	0.0	0.0
bugnaw	0.318	0.0	0.0
buhaha	0.000	0.0	0.0
buhat	0.000	0.0	0.0
buhi	0.000	0.0	0.0
bukas	0.000	0.0	0.0
bukidnon	0.000	0.0	0.0
bulag	0.000	0.0	0.0
bulahan	0.863	0.0	0.0
bunayag makig-atubang	0.421	0.0	0.0
bunayag sing kabubut-on	0.000	0.0	0.0
bundul	-0.402	0.0	0.0
bungul	-0.527	0.0	0.0
bus-og	0.000	0.0	0.0
busgon	0.000	0.0	0.0
busong	0.000	0.0	0.0
busug	0.421	0.0	0.0
busung	0.000	0.0	0.0
buta	0.000	0.0	0.0
butad	0.000	0.0	0.0
butok-butok	0.000	0.0	0.0
buung	-0.477	0.0	0.0
daan	0.000	0.0	0.0
dagaang	0.000	0.0	0.0
dagangdang	0.000	0.0	0.0
daginit	0.586	0.0	0.0
dagway nga makahuhuya	0.000	0.0	0.0
daku	0.000	0.0	0.0
daku kaayo	0.000	0.0	0.0
daku-daku	0.000	0.0	0.0
dalag	0.000	0.0	0.0
dalagku	0.000	0.0	0.0
dalamhak	0.000	0.0	0.0
dalang-dalang	0.000	0.0	0.0
dalayawon	0.827	0.0	0.0
dalisay	0.000	0.0	0.0
dalitan	-0.572	0.0	0.0
dalok	-0.318	0.0	0.0
dalum	0.000	0.0	0.0
damak	-0.440	0.0	0.0
dapit	0.000	0.0	0.0
dasig	-0.637	0.0	0.0
delana	0.000	0.0	0.0
dimaisip	0.000	0.0	0.0
dimalas	-0.459	0.0	0.0
dimasaysay	0.000	0.0	0.0
dimatarung	-0.572	0.0	0.0
dimatungkad	0.000	0.0	0.0
dingot	0.000	0.0	0.0
diosnon	0.000	0.0	0.0
diosnon	0.557	0.0	0.0
dipaha	0.000	0.0	0.0
diyotay	0.000	0.0	0.0
diyutay	0.000	0.0	0.0
dorado	0.000	0.0	0.0
dugoon	-0.440	0.0	0.0
dugus	0.637	0.0	0.0
dumaan	0.000	0.0	0.0
dunot	-0.710	0.0	0.0
dupak	-0.772	0.0	0.0
dutan-on	0.000	0.0	0.0
enkantado	0.000	0.0	0.0
gabuk	-0.710	0.0	0.0
gago	-0.710	0.0	0.0
gamay	0.000	0.0	0.0
gambal	0.000	0.0	0.0
garot	0.000	0.0	0.0
gastado	0.000	0.0	0.0
ginsugoran	0.000	0.0	0.0
gipak	-0.477	0.0	0.0
gulang	0.421	0.0	0.0
gutok	0.000	0.0	0.0
gutom	0.000	0.0	0.0
habal	0.000	0.0	0.0
halampangan	0.000	0.0	0.0
halandumon	0.318	0.0	0.0
halang	0.000	0.0	0.0
halog	0.000	0.0	0.0
handa	0.226	0.0	0.0
hanlug	0.000	0.0	0.0
hanluk	0.000	0.0	0.0
hangaway	0.000	0.0	0.0
hanginan	0.000	0.0	0.0
haway	0.000	0.0	0.0
hinali	0.000	0.0	0.0
hinlo	0.000	0.0	0.0
hipos	0.402	0.0	0.0
hubog	-0.340	0.0	0.0
hubu	0.000	0.0	0.0
hubug	0.000	0.0	0.0
hugot	-0.670	0.0	0.0
hugut	0.000	0.0	0.0
ignorante	-0.273	0.0	0.0
isa	0.000	0.0	0.0
isa pa	0.000	0.0	0.0
itom	0.000	0.0	0.0
kabanyagaan	-0.818	0.0	0.0
kabangis	-0.178	0.0	0.0
kabataon	0.000	0.0	0.0
kadam-an	0.000	0.0	0.0
kadiotay	0.000	0.0	0.0
kapid	0.000	0.0	0.0
katalaka	-0.612	0.0	0.0
katsila	0.000	0.0	0.0
laba	0.000	0.0	0.0
lamokon	0.000	0.0	0.0
lanog	0.000	0.0	0.0
lapuyot	0.000	0.0	0.0
law-ay	0.000	0.0	0.0
lipay	0.000	0.0	0.0
lunangon	0.000	0.0	0.0
maagol	-0.361	0.0	0.0
maalam	0.727	0.0	0.0
maalwan	0.511	0.0	0.0
maambas	0.000	0.0	0.0
maambong	0.421	0.0	0.0
maantod	0.000	0.0	0.0
maanyag	0.727	0.0	0.0
maanghit	0.361	0.0	0.0
maaslum	0.000	0.0	0.0
maayo	0.968	0.0	0.0
maayo-ayo	0.796	0.0	0.0
mabahaw	0.000	0.0	0.0
mabangis	-0.637	0.0	0.0
mabasa	0.000	0.0	0.0
mabaskug	0.000	0.0	0.0
mabinantayon	0.000	0.0	0.0
mabug-at	0.000	0.0	0.0
mabulakon	0.000	0.0	0.0
madali	0.000	0.0	0.0
madanlog	0.000	0.0	0.0
maduyug	0.421	0.0	0.0
maganas	-0.459	0.0	0.0
magarot	-0.178	0.0	0.0
mahagup	0.440	0.0	0.0
maidlak	0.296	0.0	0.0
mainit	0.000	0.0	0.0
mainpolon	0.000	0.0	0.0
maingol	0.000	0.0	0.0
maitum	0.000	0.0	0.0
makakululba	-0.440	0.0	0.0
malipayon	0.572	0.0	0.0
malolot	0.440	0.0	0.0
manipis	0.000	0.0	0.0
mango	0.000	0.0	0.0
mapait	-0.421	0.0	0.0
mapiguson	-0.440	0.0	0.0
mapinatopatoon	0.440	0.0	0.0
mapinatuboon	0.440	0.0	0.0
marabo	0.000	0.0	0.0
maramig	0.000	0.0	0.0
mataas	0.000	0.0	0.0
matahum	0.796	0.0	0.0
matalaw	-0.382	0.0	0.0
matam-is	0.459	0.0	0.0
matataas	0.000	0.0	0.0
mauswagon	0.250	0.0	0.0
negrense	0.000	0.0	0.0
passinhon	0.000	0.0	0.0
patay	-0.691	0.0	0.0
pigaw	-0.440	0.0	0.0
pobre	-0.735	0.0	0.0
pototanon	0.000	0.0	0.0
pulut	0.000	0.0	0.0
rami	0.000	0.0	0.0
ramig	0.000	0.0	0.0
sagahay	0.000	0.0	0.0
sagaynon	0.000	0.0	0.0
sagupra	0.000	0.0	0.0
salamwanan	0.000	0.0	0.0
samad	-0.273	0.0	0.0
saramaylo	-0.318	0.0	0.0
sidlangan	0.000	0.0	0.0
sip-onon	0.000	0.0	0.0
sulud	0.000	0.0	0.0
tahum	0.765	0.0	0.0
tanan	0.000	0.0	0.0
tanang	-0.511	0.0	0.0
tanhaga	0.823	0.0	0.0
tarasak	-0.670	0.0	0.0
tayoyon	0.000	0.0	0.0
tayuyon	0.000	0.0	0.0
tibunog	0.178	0.0	0.0
tiilan	-0.296	0.0	0.0
tilinguhaon	0.340	0.0	0.0
timbolog	0.000	0.0	0.0
tipolon	0.000	0.0	0.0
too	0.000	0.0	0.0
torpe	-0.382	0.0	0.0
tuig-tuig	0.000	0.0	0.0
tuô	0.000	0.0	0.0
utud	-0.637	0.0	0.0
waay	0.000	0.0	0.0
wala	0.000	0.0	0.0
abi	0.000	0.0	0.0
amat-amat	0.000	0.0	0.0
asunto	0.052	0.0	0.0
basi	0.000	0.0	0.0
bisan	0.000	0.0	0.0
buas	0.000	0.0	0.0
busa	0.000	0.0	0.0
daan	0.000	0.0	0.0
dali	0.000	0.0	0.0
diin	0.677	0.0	0.0
dira	0.542	0.0	0.0
dungan	0.000	0.0	0.0
gihapon	0.000	0.0	0.0
gilayon	0.000	0.0	0.0
indi	0.000	0.0	0.0
karon	0.000	0.0	0.0
ngaa	0.000	0.0	0.0
subong	0.000	0.0	0.0
sulud	0.000	0.0	0.0
upod	-0.250	0.0	0.0
apang	0.000	0.0	0.0
bisan	0.000	0.0	0.0
buot	0.000	0.0	0.0
kag	0.000	0.0	0.0
iya	0.000	0.0	0.0
a-a	0.758	0.0	0.0
aba	0.000	0.0	0.0
aba-a	0.000	0.0	0.0
abaa	-0.765	0.0	0.0
abao	0.000	0.0	0.0
abo	0.000	0.0	0.0
adios	0.802	0.0	0.0
ahay	-0.718	0.0	0.0
hinugay	-0.296	0.0	0.0
indi	0.000	0.0	0.0
itot	0.000	0.0	0.0
maayong aga	0.493	0.0	0.0
maayong hapon	0.493	0.0	0.0
paalam	0.000	0.0	0.0
salamat gid	0.420	0.0	0.0
uy	0.273	0.0	0.0
yawa	-0.660	0.0	0.0
aba	0.000	0.0	0.0
abad	0.511	0.0	0.0
abadesa	0.000	0.0	0.0
abadia	0.000	0.0	0.0
abaga	0.000	0.0	0.0
abaka	0.000	0.0	0.0
abakahan	0.000	0.0	0.0
abakan	0.000	0.0	0.0
abaniko	0.670	0.0	0.0
abano	0.000	0.0	0.0
abas	0.000	0.0	0.0
abelyana	0.000	0.0	0.0
abi-abi	0.382	0.0	0.0
abian	0.000	0.0	0.0
abilay	0.000	0.0	0.0
abilidad	0.318	0.0	0.0
abiogan	0.000	0.0	0.0
abir	0.000	0.0	0.0
abiso	-0.340	0.0	0.0
ablang	0.000	0.0	0.0
ablaw	0.727	0.0	0.0
ablay	0.000	0.0	0.0
abo	0.000	0.0	0.0
abogado	0.000	0.0	0.0
abohan	-0.440	0.0	0.0
abokado	0.000	0.0	0.0
abono	0.000	0.0	0.0
abongho	-0.572	0.0	0.0
aborto	0.000	0.0	0.0
aboy-aboy	0.000	0.0	0.0
abrigana	0.000	0.0	0.0
abrigo	0.000	0.0	0.0
abrilatas	0.000	0.0	0.0
absolusyon	0.000	0.0	0.0
absurdo	0.000	0.0	0.0
abtik	0.000	0.0	0.0
abu	0.000	0.0	0.0
abud	0.931	0.0	0.0
abuela	0.920	0.0	0.0
abuelo	0.000	0.0	0.0
abusar	-0.637	0.0	0.0
abuso	-0.637	0.0	0.0
abyan	0.000	0.0	0.0
abyasion	0.000	0.0	0.0
abyogan	0.000	0.0	0.0
ad-adan	0.000	0.0	0.0
ada	0.000	0.0	0.0
adelpa	0.000	0.0	0.0
adgaw	0.000	0.0	0.0
adikdik	0.000	0.0	0.0
adiong	0.000	0.0	0.0
adlaw	0.000	0.0	0.0
adlawon	0.000	0.0	0.0
administrasyon	0.000	0.0	0.0
adobi	0.000	0.0	0.0
adorasyon	0.296	0.0	0.0
adorno	0.421	0.0	0.0
adtang	0.000	0.0	0.0
aduana	0.000	0.0	0.0
adudulay	0.000	0.0	0.0
aga	0.000	0.0	0.0
agalon	0.000	0.0	0.0
aghon	0.000	0.0	0.0
agi	0.000	0.0	0.0
agigising	0.202	0.0	0.0
agila	0.000	0.0	0.0
aginaldo	0.000	0.0	0.0
agogoling	0.000	0.0	0.0
agtang	0.000	0.0	0.0
agwa	0.000	0.0	0.0
agwatato	0.000	0.0	0.0
ahedres	0.000	0.0	0.0
ahensya	0.000	0.0	0.0
ahiti	0.000	0.0	0.0
ahos	0.000	0.0	0.0
aihada	0.000	0.0	0.0
aihado	0.000	0.0	0.0
akasya	0.000	0.0	0.0
ala-asawa	0.000	0.0	0.0
alabri	0.000	0.0	0.0
alagad	0.000	0.0	0.0
alagaran	0.000	0.0	0.0
alam	-0.599	0.0	0.0
alanyon	0.000	0.0	0.0
alang-ang	-0.026	0.0	0.0
alasohan	0.000	0.0	0.0
alat	0.000	0.0	0.0
alaypan	0.000	0.0	0.0
alaypan hayop	0.000	0.0	0.0
algodon	0.000	0.0	0.0
alhebra	0.000	0.0	0.0
alibakaw	0.000	0.0	0.0
alibangbang	0.000	0.0	0.0
aligi	0.000	0.0	0.0
alimokon	0.000	0.0	0.0
alimosan	0.000	0.0	0.0
alimpulos	-0.660	0.0	0.0
aliwatan	0.000	0.0	0.0
alkansiya	0.000	0.0	0.0
alkitran	0.000	0.0	0.0
almanaki	0.000	0.0	0.0
almidon	0.000	0.0	0.0
almohada	0.000	0.0	0.0
almohadon	0.000	0.0	0.0
almon	0.000	0.0	0.0
almoranas	0.000	0.0	0.0
alom	0.000	0.0	0.0
aloy	0.000	0.0	0.0
alpombra	0.000	0.0	0.0
alugbati	0.000	0.0	0.0
aluntaga	0.000	0.0	0.0
amapola	0.000	0.0	0.0
amay	-0.784	0.0	0.0
amba sang pispis	0.000	0.0	0.0
ambahan	-0.318	0.0	0.0
ambulansya	0.000	0.0	0.0
ami	0.000	0.0	0.0
amidol	0.000	0.0	0.0
amihan	0.000	0.0	0.0
aminhan	0.000	0.0	0.0
amlig	0.494	0.0	0.0
amo	0.000	0.0	0.0
amorokpok	0.000	0.0	0.0
amoy	0.000	0.0	0.0
ampis	0.000	0.0	0.0
ampo	0.000	0.0	0.0
amumuklid	0.000	0.0	0.0
amyon	0.000	0.0	0.0
anak	0.077	0.0	0.0
anak nga babae	0.000	0.0	0.0
anak-anak	0.000	0.0	0.0
anay	0.000	0.0	0.0
andamio	0.000	0.0	0.0
anekdota	0.296	0.0	0.0
anhel	0.494	0.0	0.0
anila	0.000	0.0	0.0
aninipot	0.000	0.0	0.0
ankla	0.000	0.0	0.0
anting-anting	0.000	0.0	0.0
antipara	0.000	0.0	0.0
anghel	0.000	0.0	0.0
anghit	0.000	0.0	0.0
angkod	0.000	0.0	0.0
angso	-0.511	0.0	0.0
apan	0.829	0.0	0.0
aparador	0.000	0.0	0.0
apdo	0.000	0.0	0.0
apendisitis	0.000	0.0	0.0
apian	-0.421	0.0	0.0
apitong	0.000	0.0	0.0
apo	0.000	0.0	0.0
apo nga babae	0.000	0.0	0.0
apo nga lalaki	0.000	0.0	0.0
apog	0.000	0.0	0.0
apok	0.000	0.0	0.0
ara	0.000	0.0	0.0
arina	0.000	0.0	0.0
aritmetika	0.000	0.0	0.0
aritos	0.000	0.0	0.0
arnibal	0.000	0.0	0.0
aro	0.000	0.0	0.0
aroro	0.000	0.0	0.0
aros	0.000	0.0	0.0
arpa	0.000	0.0	0.0
arte	0.000	0.0	0.0
artikulo	0.000	0.0	0.0
asawa sang hari	0.000	0.0	0.0
asero	0.000	0.0	0.0
asibar	0.000	0.0	0.0
asilo	0.000	0.0	0.0
asin	0.000	0.0	0.0
asinan	0.000	0.0	0.0
aslang	0.000	0.0	0.0
aslum	0.000	0.0	0.0
aso	0.000	0.0	0.0
asog	0.000	0.0	0.0
asoy	0.440	0.0	0.0
aspalto	0.000	0.0	0.0
asugi	0.000	0.0	0.0
asugi nga buhi	0.000	0.0	0.0
asukar	0.000	0.0	0.0
asunto	0.052	0.0	0.0
asupre	0.000	0.0	0.0
aswang	-0.660	0.0	0.0
atake	-0.477	0.0	0.0
atatalo	0.000	0.0	0.0
atay	0.000	0.0	0.0
atipalo	0.000	0.0	0.0
atis	0.000	0.0	0.0
atog	0.000	0.0	0.0
atomo	0.000	0.0	0.0
atop	0.257	0.0	0.0
atsara	0.000	0.0	0.0
awa	0.000	0.0	0.0
awtopsiya	0.000	0.0	0.0
ayagan	0.000	0.0	0.0
ayam-ayam	0.000	0.0	0.0
ayi	0.000	0.0	0.0
ayo	0.558	0.0	0.0
aypon	0.000	0.0	0.0
ayuda	0.402	0.0	0.0
baba	0.000	0.0	0.0
babae	0.000	0.0	0.0
babana	0.000	0.0	0.0
babaye	0.000	0.0	0.0
babayi	0.000	0.0	0.0
babaylan	0.000	0.0	0.0
babha	0.000	0.0	0.0
baboy	0.000	0.0	0.0
bacolodnon	0.000	0.0	0.0
badlu	0.000	0.0	0.0
bag-ohan	0.000	0.0	0.0
baga	0.000	0.0	0.0
bagani	0.000	0.0	0.0
baganihan	0.557	0.0	0.0
bagat-bagat	0.000	0.0	0.0
bagatnan	0.000	0.0	0.0
bagis	0.000	0.0	0.0
bagol	-0.340	0.0	0.0
bagon	0.000	0.0	0.0
bagoong	0.000	0.0	0.0
bagrong	0.000	0.0	0.0
bagsat	0.000	0.0	0.0
bagting	0.000	0.0	0.0
bagtis	0.000	0.0	0.0
bagyo	0.000	0.0	0.0
baha	0.399	0.0	0.0
bahaw	0.000	0.0	0.0
bahawbahaw	0.000	0.0	0.0
bahoy	-0.361	0.0	0.0
bairan	0.000	0.0	0.0
baka	-0.772	0.0	0.0
bakalaw	0.000	0.0	0.0
bakolod	0.000	0.0	0.0
bakud	0.494	0.0	0.0
bakyas	0.000	0.0	0.0
bal-ag	0.000	0.0	0.0
balaba	0.000	0.0	0.0
balabag	0.000	0.0	0.0
balabaw	0.000	0.0	0.0
balagon	0.000	0.0	0.0
balahibo	0.000	0.0	0.0
balahibo sang hayop	0.000	0.0	0.0
balaklon	0.000	0.0	0.0
balaligya	0.000	0.0	0.0
balanak	0.000	0.0	0.0
balani	0.000	0.0	0.0
balangaw	0.000	0.0	0.0
balangitaw	0.000	0.0	0.0
balaod	0.000	0.0	0.0
balas	0.000	0.0	0.0
balataan	0.000	0.0	0.0
balatas	0.000	0.0	0.0
balatian	0.128	0.0	0.0
balatong	0.000	0.0	0.0
balaw	0.000	0.0	0.0
balay	0.000	0.0	0.0
balayan sang sinulatan ukon dinalan	0.000	0.0	0.0
balde	0.000	0.0	0.0
balhas	0.000	0.0	0.0
balidha	0.000	0.0	0.0
baligya	0.000	0.0	0.0
balihawog	0.000	0.0	0.0
balikawang	0.000	0.0	0.0
baliko	0.000	0.0	0.0
balingon	0.000	0.0	0.0
balisbisan	0.000	0.0	0.0
balising	0.000	0.0	0.0
baliskag	0.000	0.0	0.0
balita	0.000	0.0	0.0
balitadhan	0.000	0.0	0.0
balo	-0.691	0.0	0.0
balod	0.000	0.0	0.0
balota	0.000	0.0	0.0
balsamo	0.000	0.0	0.0
balunggay	0.000	0.0	0.0
baluyot	0.000	0.0	0.0
bana	0.000	0.0	0.0
banaag	0.000	0.0	0.0
banag-banag	0.000	0.0	0.0
banas	0.000	0.0	0.0
banas sa higad sang suba	0.000	0.0	0.0
banda	0.586	0.0	0.0
bandeha	0.000	0.0	0.0
bandehado	0.000	0.0	0.0
bandera	0.000	0.0	0.0
banhay	0.000	0.0	0.0
banig	0.000	0.0	0.0
banka	0.000	0.0	0.0
banlas	0.000	0.0	0.0
bansag	0.000	0.0	0.0
banta	-0.103	0.0	0.0
bantay	0.000	0.0	0.0
bantayan	0.000	0.0	0.0
bantolinaw	0.000	0.0	0.0
banwa	0.000	0.0	0.0
banwahanon	0.000	0.0	0.0
banyo	0.000	0.0	0.0
banga	0.000	0.0	0.0
bangdan	0.000	0.0	0.0
bangis	-0.840	0.0	0.0
bangka	0.000	0.0	0.0
bangkaw	-0.660	0.0	0.0
bangkay	-0.572	0.0	0.0
bangkil	0.000	0.0	0.0
bangko	0.000	0.0	0.0
banglid	0.000	0.0	0.0
bangon	0.000	0.0	0.0
bao	0.000	0.0	0.0
bapor	0.000	0.0	0.0
bara	0.000	0.0	0.0
baraha	0.202	0.0	0.0
barahan	0.000	0.0	0.0
barandilya	0.000	0.0	0.0
barangay	0.828	0.0	0.0
barbero	0.000	0.0	0.0
barina	0.000	0.0	0.0
bario	0.000	0.0	0.0
barnis	0.000	0.0	0.0
barong	-0.402	0.0	0.0
baroto	0.318	0.0	0.0
barukan	0.000	0.0	0.0
basi	0.000	0.0	0.0
basin	0.217	0.0	0.0
baskug	0.000	0.0	0.0
baso	0.296	0.0	0.0
basol	-0.340	0.0	0.0
baston	-0.296	0.0	0.0
baston ni san hose	0.000	0.0	0.0
basura	-0.421	0.0	0.0
bata	-0.765	0.0	0.0
batad	0.000	0.0	0.0
batakan	0.000	0.0	0.0
batasan	0.000	0.0	0.0
bati-bati	-0.178	0.0	0.0
batidor	0.000	0.0	0.0
batiis	0.000	0.0	0.0
batiya	0.000	0.0	0.0
bato	0.000	0.0	0.0
batobalani	0.000	0.0	0.0
batobato	0.000	0.0	0.0
batog	-0.494	0.0	0.0
batok	0.000	0.0	0.0
batongmaidlak	0.340	0.0	0.0
batota	0.202	0.0	0.0
batungdaan	0.000	0.0	0.0
batuta	0.000	0.0	0.0
bawod	0.000	0.0	0.0
bawod sang mga tudlo	0.000	0.0	0.0
bay-ad	-0.811	0.0	0.0
bayabas	0.000	0.0	0.0
bayad	-0.103	0.0	0.0
bayaw	0.000	0.0	0.0
baybay	0.000	0.0	0.0
baybayon	0.000	0.0	0.0
bayhon	0.000	0.0	0.0
bayo	-0.296	0.0	0.0
bayo-bayo	0.000	0.0	0.0
bayoon	0.000	0.0	0.0
beberon	0.000	0.0	0.0
beka	0.000	0.0	0.0
belada sa eskwelahan	0.000	0.0	0.0
belasyon	0.000	0.0	0.0
bendisyon	0.494	0.0	0.0
bendita	0.000	0.0	0.0
bentana	0.000	0.0	0.0
berde	0.340	0.0	0.0
berso	0.000	0.0	0.0
bibi	0.000	0.0	0.0
bibig	0.000	0.0	0.0
bibingka	0.599	0.0	0.0
bidyiw	0.000	0.0	0.0
bigki	0.000	0.0	0.0
bigote	0.000	0.0	0.0
bihag	0.000	0.0	0.0
bilad	0.000	0.0	0.0
bilanggoan	-0.511	0.0	0.0
bilas	0.000	0.0	0.0
bilat	-0.511	0.0	0.0
bilin	0.273	0.0	0.0
biling	0.000	0.0	0.0
bilog-bilog	0.000	0.0	0.0
bilogon	0.000	0.0	0.0
bilugon	0.000	0.0	0.0
binabaye	0.000	0.0	0.0
binangon	0.000	0.0	0.0
binhi	0.000	0.0	0.0
binilanggo	-0.542	0.0	0.0
bino	-0.440	0.0	0.0
binudngan	0.000	0.0	0.0
binuhatan	0.000	0.0	0.0
bioleta	0.000	0.0	0.0
bisan diin	0.000	0.0	0.0
bisan sin-o	0.000	0.0	0.0
bisikleta	0.000	0.0	0.0
bisita	0.000	0.0	0.0
biskwit	0.000	0.0	0.0
bisyo	-0.784	0.0	0.0
bitas	0.000	0.0	0.0
bitik	0.000	0.0	0.0
bitin	0.000	0.0	0.0
bitok	0.000	0.0	0.0
bitoon	0.000	0.0	0.0
biyernes	0.000	0.0	0.0
bobo	0.972	0.0	0.0
bodega	0.000	0.0	0.0
bohawi	0.000	0.0	0.0
bohok	0.000	0.0	0.0
bokabularyo	0.000	0.0	0.0
bokbok	-0.318	0.0	0.0
boko-boko	0.000	0.0	0.0
bokol	0.000	0.0	0.0
bola	-0.296	0.0	0.0
bolkan	0.000	0.0	0.0
botones	0.000	0.0	0.0
budhi	-0.637	0.0	0.0
budiong	0.000	0.0	0.0
budyong	0.000	0.0	0.0
bug-at	0.000	0.0	0.0
bugas	0.000	0.0	0.0
bugay	0.000	0.0	0.0
bugkos	0.000	0.0	0.0
bugsay	0.000	0.0	0.0
buhaha	0.000	0.0	0.0
buhat	0.000	0.0	0.0
buhin	0.000	0.0	0.0
buhis	0.000	0.0	0.0
buho	0.000	0.0	0.0
buho-buho	0.000	0.0	0.0
buhok	0.000	0.0	0.0
bukad	0.318	0.0	0.0
bukal	0.000	0.0	0.0
bukana	0.000	0.0	0.0
bukaw	0.000	0.0	0.0
bukid	0.000	0.0	0.0
bukidnon	0.000	0.0	0.0
bulador	0.000	0.0	0.0
bulak	-0.296	0.0	0.0
bulak-bulak	0.000	0.0	0.0
bulakbol	0.000	0.0	0.0
bulalakaw	0.000	0.0	0.0
bulan	0.000	0.0	0.0
bulang	0.000	0.0	0.0
bulangan	0.000	0.0	0.0
bulawan	0.000	0.0	0.0
bulawanon	0.000	0.0	0.0
bulbul	0.000	0.0	0.0
buli	0.000	0.0	0.0
bulig	0.000	0.0	0.0
buling	-0.340	0.0	0.0
bulinga	-0.296	0.0	0.0
bulto	0.000	0.0	0.0
buluadan	0.000	0.0	0.0
buluhatan	0.000	0.0	0.0
buluhaton	0.000	0.0	0.0
bulukutan	0.000	0.0	0.0
bululngan	0.000	0.0	0.0
bululngon	-0.511	0.0	0.0
bulunakan	0.000	0.0	0.0
bulung	0.000	0.0	0.0
bulungan	0.000	0.0	0.0
bulus	0.000	0.0	0.0
bulutangan	0.000	0.0	0.0
buluthoan	0.000	0.0	0.0
bumulutho	0.000	0.0	0.0
bun-ag	0.000	0.0	0.0
bunang	0.000	0.0	0.0
bunit	0.000	0.0	0.0
buntug	0.000	0.0	0.0
bunyag	0.000	0.0	0.0
bungalon	0.000	0.0	0.0
bungansiso	0.000	0.0	0.0
bunghay	0.402	0.0	0.0
bungil	0.000	0.0	0.0
bungot	0.000	0.0	0.0
bungul	-0.527	0.0	0.0
burangos	0.000	0.0	0.0
burus	0.000	0.0	0.0
busal	0.000	0.0	0.0
busay	0.000	0.0	0.0
busilak	0.000	0.0	0.0
buslot	0.000	0.0	0.0
busol	0.000	0.0	0.0
buta	0.000	0.0	0.0
butakal	0.000	0.0	0.0
butang	0.000	0.0	0.0
butang-butang	0.000	0.0	0.0
buti	0.000	0.0	0.0
butig	0.000	0.0	0.0
butigon	-0.402	0.0	0.0
butiti	0.000	0.0	0.0
butkon	0.000	0.0	0.0
buto	0.000	0.0	0.0
butwas	0.000	0.0	0.0
buyog	0.000	0.0	0.0
buyug	0.000	0.0	0.0
daay	0.000	0.0	0.0
dabudabu	0.000	0.0	0.0
dado	0.000	0.0	0.0
dag-on	0.000	0.0	0.0
daga	0.000	0.0	0.0
dagami	0.000	0.0	0.0
dagangbulan	0.000	0.0	0.0
dagas	0.000	0.0	0.0
dagat	0.000	0.0	0.0
dagaya	0.000	0.0	0.0
dagotdot	-0.296	0.0	0.0
dagta	0.000	0.0	0.0
dagum	0.000	0.0	0.0
daguob	0.000	0.0	0.0
dagutdut	0.000	0.0	0.0
dagway	0.000	0.0	0.0
dahog	-0.340	0.0	0.0
dahon	0.000	0.0	0.0
dahon-dahon	0.361	0.0	0.0
dakbanwa	0.000	0.0	0.0
dakhari	0.000	0.0	0.0
dakpulu	0.000	0.0	0.0
daku	0.000	0.0	0.0
dal-ok	0.000	0.0	0.0
dalaga	0.000	0.0	0.0
dalagita	0.000	0.0	0.0
dalakpon	0.000	0.0	0.0
dalamgohanon	0.250	0.0	0.0
dalan	0.000	0.0	0.0
dalanawan	0.000	0.0	0.0
dalasaon	-0.402	0.0	0.0
dalaw	0.000	0.0	0.0
dalayap	0.000	0.0	0.0
dalimuos	0.000	0.0	0.0
dalo	-0.660	0.0	0.0
dalok	-0.318	0.0	0.0
dalunggan	0.000	0.0	0.0
damang	0.000	0.0	0.0
damgo	0.250	0.0	0.0
damol	0.000	0.0	0.0
damot	0.494	0.0	0.0
danaw	0.000	0.0	0.0
danlug	0.000	0.0	0.0
dangaw	0.494	0.0	0.0
dangog	0.000	0.0	0.0
dapa-dapa	0.000	0.0	0.0
dapat	0.000	0.0	0.0
dapaw	-0.361	0.0	0.0
dapay	0.000	0.0	0.0
dapig	0.000	0.0	0.0
daroos	-0.382	0.0	0.0
datilis	0.000	0.0	0.0
dawdawan	0.000	0.0	0.0
daya	0.000	0.0	0.0
dayan	0.361	0.0	0.0
dayok	0.000	0.0	0.0
debosyon	0.459	0.0	0.0
dedal	0.000	0.0	0.0
delargo	0.000	0.0	0.0
depekto	-0.340	0.0	0.0
dibuho	0.000	0.0	0.0
digamohan	0.000	0.0	0.0
dinalan	0.077	0.0	0.0
dinamita	0.178	0.0	0.0
dinuagan	0.000	0.0	0.0
dioktok	0.000	0.0	0.0
dipaha	0.000	0.0	0.0
diperensya	0.000	0.0	0.0
diruskas	-0.103	0.0	0.0
disgrasya	-0.477	0.0	0.0
diskurso	0.000	0.0	0.0
diskusyon	0.000	0.0	0.0
distansya	0.000	0.0	0.0
distrito	0.000	0.0	0.0
ditil	0.000	0.0	0.0
diwal	0.000	0.0	0.0
diwata	0.649	0.0	0.0
doble	0.000	0.0	0.0
dogwak	0.026	0.0	0.0
dokumento	0.000	0.0	0.0
dool	0.000	0.0	0.0
dorado	0.000	0.0	0.0
dosena	0.000	0.0	0.0
dosis	0.000	0.0	0.0
dotol	0.000	0.0	0.0
dotol-dotol	0.000	0.0	0.0
duag	0.000	0.0	0.0
duaw	0.000	0.0	0.0
dugang	0.000	0.0	0.0
dughan	0.000	0.0	0.0
dugo	0.000	0.0	0.0
dugos	0.000	0.0	0.0
dugus	0.637	0.0	0.0
dugwak	0.026	0.0	0.0
duha-duha	0.000	0.0	0.0
duko	0.000	0.0	0.0
dul-ay	-0.340	0.0	0.0
dulang	0.000	0.0	0.0
dulangan	0.000	0.0	0.0
dulat	0.000	0.0	0.0
dulis	0.000	0.0	0.0
dulog	0.000	0.0	0.0
dulogan	0.000	0.0	0.0
dulonan	0.000	0.0	0.0
dulongan	0.000	0.0	0.0
dulot	0.440	0.0	0.0
dulud	0.000	0.0	0.0
dulugokan	0.459	0.0	0.0
dulukdokan	0.000	0.0	0.0
dulum	-0.681	0.0	0.0
dulunggan	0.000	0.0	0.0
dulus	0.000	0.0	0.0
dumalagan	0.000	0.0	0.0
dumalagsa	0.000	0.0	0.0
dumalahan	0.000	0.0	0.0
dumot	-0.904	0.0	0.0
dumuluaw	0.000	0.0	0.0
dumulugok	0.000	0.0	0.0
dumuluong	0.000	0.0	0.0
dunang manggad	0.361	0.0	0.0
dunkul	0.000	0.0	0.0
dungan	0.000	0.0	0.0
dungandungan	0.000	0.0	0.0
dungdung	0.000	0.0	0.0
dungganon	0.459	0.0	0.0
dungkaan	0.000	0.0	0.0
dungkul	0.000	0.0	0.0
dungog	0.000	0.0	0.0
duog	0.000	0.0	0.0
dupak	-0.772	0.0	0.0
dupla	0.000	0.0	0.0
duplikado	0.000	0.0	0.0
dupoy	0.000	0.0	0.0
duta	0.000	0.0	0.0
dutang panublion	0.000	0.0	0.0
duyan	0.000	0.0	0.0
duyog	0.000	0.0	0.0
duyong	0.000	0.0	0.0
dyanitor	0.000	0.0	0.0
ebanhelyo	0.000	0.0	0.0
ebanghelyo	0.000	0.0	0.0
edad	0.000	0.0	0.0
edukasyon	0.000	0.0	0.0
ehemplo	0.000	0.0	0.0
ehersisyo	0.802	0.0	0.0
eklipse	0.000	0.0	0.0
eksamen	0.000	0.0	0.0
eleksyon	0.000	0.0	0.0
elektrisidad	0.000	0.0	0.0
elepante	0.000	0.0	0.0
embahada	0.000	0.0	0.0
embahador	0.000	0.0	0.0
embudo	0.026	0.0	0.0
empeine	0.000	0.0	0.0
emperador	0.000	0.0	0.0
enpermera	0.000	0.0	0.0
entablado	0.000	0.0	0.0
esensya	0.000	0.0	0.0
eskandalo	-0.440	0.0	0.0
eskoba	0.000	0.0	0.0
eskultor	0.000	0.0	0.0
eskuwela	0.000	0.0	0.0
eskwala	0.000	0.0	0.0
espanya	0.000	0.0	0.0
espeho	0.000	0.0	0.0
espiritu	0.178	0.0	0.0
estudyante	0.000	0.0	0.0
frankiyo	0.000	0.0	0.0
fresa	0.000	0.0	0.0
fuersa	0.649	0.0	0.0
gab-e	0.000	0.0	0.0
gab-i	0.000	0.0	0.0
gabi	0.000	0.0	0.0
gabon	0.440	0.0	0.0
gahud	0.000	0.0	0.0
gal-um	0.000	0.0	0.0
galab	0.000	0.0	0.0
galingan	0.000	0.0	0.0
galyetas	0.000	0.0	0.0
gamhon	0.000	0.0	0.0
gamo	0.000	0.0	0.0
gamosa	0.361	0.0	0.0
gamot	0.000	0.0	0.0
gana	0.000	0.0	0.0
ganhaan	0.000	0.0	0.0
gansa	0.000	0.0	0.0
gansilyo	0.000	0.0	0.0
ganso	0.000	0.0	0.0
garahe	0.000	0.0	0.0
garapata	0.572	0.0	0.0
garbanso	0.000	0.0	0.0
garuk	0.000	0.0	0.0
gasolina	0.000	0.0	0.0
gata	0.000	0.0	0.0
gatas	0.000	0.0	0.0
gatong	0.000	0.0	0.0
gawahan	0.000	0.0	0.0
gawgaw	0.000	0.0	0.0
gawi	0.000	0.0	0.0
gesantes	0.000	0.0	0.0
gia	0.000	0.0	0.0
gibungan	0.000	0.0	0.0
gibwangan	0.000	0.0	0.0
gikan	0.000	0.0	0.0
ginagihan	0.000	0.0	0.0
ginharian	0.000	0.0	0.0
ginhawa	0.000	0.0	0.0
ginhawaan	0.000	0.0	0.0
ginikanan	0.000	0.0	0.0
ginoo	0.273	0.0	0.0
ginsakpan	0.000	0.0	0.0
gintung-an	0.000	0.0	0.0
ginuo	0.000	0.0	0.0
ginutlan	0.000	0.0	0.0
ginggon	0.000	0.0	0.0
gingikanan	0.000	0.0	0.0
gisi	0.000	0.0	0.0
giwa-os	-0.791	0.0	0.0
giwaos	0.000	0.0	0.0
gora	0.000	0.0	0.0
grasya	0.000	0.0	0.0
gratipikasyon	0.813	0.0	0.0
gripo	0.000	0.0	0.0
grumete	0.000	0.0	0.0
guban	0.000	0.0	0.0
gulang	0.421	0.0	0.0
guluwaan	0.178	0.0	0.0
gumulua	0.000	0.0	0.0
gunting	0.000	0.0	0.0
guray	0.000	0.0	0.0
guray-guray	0.000	0.0	0.0
gusok	0.000	0.0	0.0
gutom	0.000	0.0	0.0
guya	-0.391	0.0	0.0
guyum	0.000	0.0	0.0
gwantes	0.000	0.0	0.0
gwardya	0.000	0.0	0.0
habagat	0.000	0.0	0.0
habol	0.000	0.0	0.0
habon	0.000	0.0	0.0
habul	0.000	0.0	0.0
habyog	0.459	0.0	0.0
hadlok	-0.735	0.0	0.0
hagdanan	0.000	0.0	0.0
hagna	0.000	0.0	0.0
hagunghung	0.000	0.0	0.0
hagurot	0.000	0.0	0.0
haklu	0.000	0.0	0.0
hakuhaku	0.000	0.0	0.0
hal-o	0.000	0.0	0.0
hal-u	0.000	0.0	0.0
halalban	0.000	0.0	0.0
halalongan	0.052	0.0	0.0
halaran	0.000	0.0	0.0
halas	0.000	0.0	0.0
halea	0.000	0.0	0.0
haligi	0.000	0.0	0.0
halimbawa	0.000	0.0	0.0
halintang	0.000	0.0	0.0
haloan	0.000	0.0	0.0
halon	0.511	0.0	0.0
haluk	0.421	0.0	0.0
hamon	-0.103	0.0	0.0
hamot	0.000	0.0	0.0
hampang	0.000	0.0	0.0
hampangan	0.000	0.0	0.0
hanluk	0.000	0.0	0.0
hangaway	0.000	0.0	0.0
hangga	0.000	0.0	0.0
hangin	0.000	0.0	0.0
hanginero	0.000	0.0	0.0
hapon	0.000	0.0	0.0
haroan	0.000	0.0	0.0
harupot	0.000	0.0	0.0
hawak	0.000	0.0	0.0
hikab	0.000	0.0	0.0
hilanat	0.000	0.0	0.0
hima	0.000	0.0	0.0
himatayon	-0.599	0.0	0.0
himaya	0.852	0.0	0.0
hinablos	0.000	0.0	0.0
hinakay	0.000	0.0	0.0
hinalabuab	0.000	0.0	0.0
hinambalan	0.318	0.0	0.0
hinugyaw	0.494	0.0	0.0
hingabot	0.000	0.0	0.0
hinganiban	-0.743	0.0	0.0
hingudto	0.000	0.0	0.0
hinguyang	0.000	0.0	0.0
hiphip	-0.202	0.0	0.0
hiwit	0.402	0.0	0.0
hiyas	0.361	0.0	0.0
hoyohoy	0.000	0.0	0.0
huad	0.000	0.0	0.0
huaran	0.000	0.0	0.0
hulip	0.494	0.0	0.0
hulonan	0.000	0.0	0.0
hulugpaan	0.000	0.0	0.0
hulusayon	0.000	0.0	0.0
humbak	0.000	0.0	0.0
hupa	0.000	0.0	0.0
husay	0.459	0.0	0.0
hutik	0.000	0.0	0.0
huyuhoy	0.000	0.0	0.0
idalum	0.000	0.0	0.0
ignorante	-0.273	0.0	0.0
ihi	0.000	0.0	0.0
ikog	0.000	0.0	0.0
ilaga	0.000	0.0	0.0
ilisan	0.000	0.0	0.0
ilo	0.000	0.0	0.0
ilok	0.000	0.0	0.0
ilong	0.000	0.0	0.0
init	0.273	0.0	0.0
inpierno	-0.681	0.0	0.0
ingol	-0.511	0.0	0.0
ipot-ipot	0.000	0.0	0.0
isa	0.000	0.0	0.0
isda	0.000	0.0	0.0
itom	0.000	0.0	0.0
iyot	0.000	0.0	0.0
kaagahon	0.000	0.0	0.0
kaambong	0.527	0.0	0.0
kaaway	-0.751	0.0	0.0
kabakahan	0.000	0.0	0.0
kabalyero	0.000	0.0	0.0
kabanyagaan	-0.818	0.0	0.0
kabangisan	-0.902	0.0	0.0
kabayo	0.000	0.0	0.0
kabesera	0.000	0.0	0.0
kabuang	-0.765	0.0	0.0
kabugaw	0.000	0.0	0.0
kabuhi	-0.402	0.0	0.0
kabulig	0.340	0.0	0.0
kadak-an	0.000	0.0	0.0
kadalag-an	0.572	0.0	0.0
kadang	0.000	0.0	0.0
kadugay	0.000	0.0	0.0
kadumot	-0.637	0.0	0.0
kadumut	0.000	0.0	0.0
kagab-i	0.000	0.0	0.0
kagagmayan	-0.477	0.0	0.0
kagaw	0.477	0.0	0.0
kagayonan	0.832	0.0	0.0
kagulangan	0.000	0.0	0.0
kahas	0.340	0.0	0.0
kahikaw	-0.670	0.0	0.0
kahilwayan	0.823	0.0	0.0
kahinguyangan	-0.421	0.0	0.0
kahoy	0.000	0.0	0.0
kahubug	0.000	0.0	0.0
kaisug	0.494	0.0	0.0
kalabasa	0.000	0.0	0.0
kaladlawan	0.000	0.0	0.0
kalag	-0.153	0.0	0.0
kalagday	0.421	0.0	0.0
kalaglagan	-0.818	0.0	0.0
kalamunding	0.000	0.0	0.0
kalan-on	0.000	0.0	0.0
kalayo	-0.340	0.0	0.0
kaldera	0.000	0.0	0.0
kalibutan	0.000	0.0	0.0
kalipay	0.557	0.0	0.0
kalis	0.000	0.0	0.0
kalisang	-0.796	0.0	0.0
kalooy	0.361	0.0	0.0
kalsada	0.000	0.0	0.0
kamalig	0.000	0.0	0.0
kamatayon	-0.599	0.0	0.0
kamatis	0.000	0.0	0.0
kamatuoran	0.318	0.0	0.0
kampana	0.000	0.0	0.0
kan-on	0.000	0.0	0.0
kanding	0.000	0.0	0.0
kapanganuran	0.000	0.0	0.0
kapatid	0.000	0.0	0.0
kapatol	0.710	0.0	0.0
kapaul	-0.250	0.0	0.0
kapay	-0.625	0.0	0.0
kape	-0.296	0.0	0.0
kapid	0.000	0.0	0.0
kapilya	0.000	0.0	0.0
karabaw	0.000	0.0	0.0
karnabal	0.586	0.0	0.0
karwahe	0.000	0.0	0.0
kasag	0.000	0.0	0.0
kasing	0.382	0.0	0.0
kasingkasing	0.637	0.0	0.0
kasirum	0.000	0.0	0.0
kasisit-an	-0.637	0.0	0.0
kasulya	0.000	0.0	0.0
katig	0.000	0.0	0.0
katsila	0.000	0.0	0.0
katulundan	0.000	0.0	0.0
kauswagan	0.459	0.0	0.0
kawa	0.000	0.0	0.0
kawatan	0.459	0.0	0.0
kawayan	0.000	0.0	0.0
kawayanan	0.000	0.0	0.0
kawing	0.000	0.0	0.0
kawit	0.000	0.0	0.0
kawkus	0.000	0.0	0.0
kilat	0.000	0.0	0.0
kilay	0.000	0.0	0.0
kinataohan	0.000	0.0	0.0
kolera	-0.807	0.0	0.0
kolintas	0.000	0.0	0.0
koltson	0.000	0.0	0.0
kompanyero	0.000	0.0	0.0
konbensyon	0.000	0.0	0.0
korason	0.637	0.0	0.0
kubrekama	0.000	0.0	0.0
kudyapi	0.000	0.0	0.0
kulantro	0.000	0.0	0.0
kuning	0.000	0.0	0.0
kuring	0.000	0.0	0.0
kusina	0.000	0.0	0.0
kutkut	0.000	0.0	0.0
kuto	-0.382	0.0	0.0
kutsara	0.000	0.0	0.0
kutsarita	0.052	0.0	0.0
kutsilyo	0.000	0.0	0.0
kutud	0.000	0.0	0.0
kuul	0.000	0.0	0.0
kwadra	0.000	0.0	0.0
kwarentenas	0.000	0.0	0.0
labaha	0.000	0.0	0.0
lae	0.000	0.0	0.0
lag-it	-0.599	0.0	0.0
lagari	0.000	0.0	0.0
lagwerta	0.000	0.0	0.0
lagwertero	0.000	0.0	0.0
lala	0.000	0.0	0.0
lalaki	0.000	0.0	0.0
lamok	0.000	0.0	0.0
landong	0.000	0.0	0.0
lanog	0.000	0.0	0.0
lansang	0.000	0.0	0.0
langgaw	0.000	0.0	0.0
langit	0.000	0.0	0.0
langoy	0.000	0.0	0.0
lap-ok	0.000	0.0	0.0
larawanan	0.000	0.0	0.0
lasi	-0.202	0.0	0.0
latagon	0.000	0.0	0.0
latayan	-0.296	0.0	0.0
latok	0.000	0.0	0.0
lawa	0.000	0.0	0.0
lawas	0.000	0.0	0.0
layi	0.000	0.0	0.0
libre	0.718	0.0	0.0
likod	0.000	0.0	0.0
lima	0.000	0.0	0.0
linaw	0.402	0.0	0.0
linog	0.000	0.0	0.0
linti	0.000	0.0	0.0
lingkoranan	0.000	0.0	0.0
liog	0.000	0.0	0.0
liso	0.000	0.0	0.0
lomot	0.000	0.0	0.0
luab	0.000	0.0	0.0
lubi	-0.572	0.0	0.0
lubong	0.000	0.0	0.0
lugpitan	0.000	0.0	0.0
luha	0.000	0.0	0.0
lunang	0.000	0.0	0.0
lungsod	0.000	0.0	0.0
luy-a	0.000	0.0	0.0
mais	0.000	0.0	0.0
mamaw	-0.026	0.0	0.0
man-og	0.000	0.0	0.0
mananap	0.000	0.0	0.0
manang	0.000	0.0	0.0
manay	0.000	0.0	0.0
manok	0.000	0.0	0.0
manol	0.000	0.0	0.0
manong	0.000	0.0	0.0
manoy	0.382	0.0	0.0
mangga	0.000	0.0	0.0
mango	0.000	0.0	0.0
maragomo	0.000	0.0	0.0
mata	0.459	0.0	0.0
matápan	0.000	0.0	0.0
milok	0.000	0.0	0.0
monyeka	0.000	0.0	0.0
multa	0.202	0.0	0.0
mumho	-0.361	0.0	0.0
munga	-0.296	0.0	0.0
musika	0.000	0.0	0.0
namit	0.000	0.0	0.0
negrense	0.000	0.0	0.0
nipa	0.000	0.0	0.0
numero	0.000	0.0	0.0
ngalan	0.000	0.0	0.0
okra	0.844	0.0	0.0
paa	0.000	0.0	0.0
paalam	0.000	0.0	0.0
pabrika	0.000	0.0	0.0
pader	0.000	0.0	0.0
padong	0.000	0.0	0.0
padugi	0.000	0.0	0.0
paglaum	0.440	0.0	0.0
paka	0.000	0.0	0.0
paklay	0.000	0.0	0.0
palahubog	0.000	0.0	0.0
panakot	0.000	0.0	0.0
pananglitan	0.000	0.0	0.0
pangalikog	0.000	0.0	0.0
panganud	0.000	0.0	0.0
paryente	0.000	0.0	0.0
pasahi	0.598	0.0	0.0
passinhon	0.000	0.0	0.0
patani	0.000	0.0	0.0
patatas	0.000	0.0	0.0
patay	-0.691	0.0	0.0
pating	0.000	0.0	0.0
patron	0.812	0.0	0.0
payong	0.000	0.0	0.0
pelikula	0.000	0.0	0.0
petsay	0.000	0.0	0.0
pigtot	0.000	0.0	0.0
pikoy	0.382	0.0	0.0
pilak	0.000	0.0	0.0
pildoras	0.000	0.0	0.0
pililion	0.637	0.0	0.0
pito	0.000	0.0	0.0
piyansa	0.000	0.0	0.0
pobre	-0.735	0.0	0.0
polbora	0.000	0.0	0.0
pototanon	0.000	0.0	0.0
premyo	0.000	0.0	0.0
primo	0.000	0.0	0.0
probinsya	0.000	0.0	0.0
propeta	0.000	0.0	0.0
pulu	0.000	0.0	0.0
punoan	0.000	0.0	0.0
punse	0.000	0.0	0.0
puok	0.000	0.0	0.0
puol	0.000	0.0	0.0
ra-ing	-0.691	0.0	0.0
ramay	0.000	0.0	0.0
rason	0.077	0.0	0.0
relihion	0.000	0.0	0.0
sabado	0.000	0.0	0.0
sabak	0.000	0.0	0.0
sabat	0.612	0.0	0.0
sabila	0.000	0.0	0.0
sablayan	0.000	0.0	0.0
sag-ang	0.000	0.0	0.0
sagad	0.000	0.0	0.0
sagaynon	0.000	0.0	0.0
saging	0.000	0.0	0.0
sakayanon	0.000	0.0	0.0
salakay	-0.477	0.0	0.0
salaming	0.000	0.0	0.0
salapi	0.000	0.0	0.0
salbabida	0.000	0.0	0.0
salsalon	0.000	0.0	0.0
salug	0.000	0.0	0.0
samad	-0.273	0.0	0.0
sambag	0.000	0.0	0.0
samong	0.202	0.0	0.0
sampal	0.153	0.0	0.0
sansaw	0.000	0.0	0.0
sanga	0.000	0.0	0.0
sapatos	0.000	0.0	0.0
semana	0.000	0.0	0.0
sentimyento	0.000	0.0	0.0
seremonya	0.000	0.0	0.0
serip	0.000	0.0	0.0
sibat	0.000	0.0	0.0
sibuyas	0.000	0.0	0.0
sid-o	0.000	0.0	0.0
sidlangan	0.000	0.0	0.0
sidra	0.000	0.0	0.0
sielo	0.511	0.0	0.0
sikdo	0.000	0.0	0.0
siko	0.000	0.0	0.0
sinelas	0.000	0.0	0.0
sip-on	0.000	0.0	0.0
sip-onon	0.000	0.0	0.0
sirip	0.000	0.0	0.0
siya	0.000	0.0	0.0
sobre	0.000	0.0	0.0
sokla	0.000	0.0	0.0
solang	0.000	0.0	0.0
soldado	0.000	0.0	0.0
suba	0.000	0.0	0.0
subay	0.000	0.0	0.0
sulod	0.000	0.0	0.0
sulog	0.000	0.0	0.0
sulud	0.000	0.0	0.0
sumalayhaw	-0.153	0.0	0.0
sun-adan	0.000	0.0	0.0
sundang	0.000	0.0	0.0
sunlog	-0.318	0.0	0.0
sungay	0.000	0.0	0.0
suyak	-0.226	0.0	0.0
taas	0.000	0.0	0.0
tagiposoon	0.637	0.0	0.0
tagipusoon	0.000	0.0	0.0
tagipusuon	0.637	0.0	0.0
tagna	0.000	0.0	0.0
tahum	0.765	0.0	0.0
takuri	0.000	0.0	0.0
talong	0.000	0.0	0.0
tampis	0.000	0.0	0.0
tampok	0.000	0.0	0.0
tampulanga	0.000	0.0	0.0
tandaan	0.000	0.0	0.0
tanhaga	0.823	0.0	0.0
tanga	0.758	0.0	0.0
tangis	0.000	0.0	0.0
tangkugo	0.000	0.0	0.0
tao	0.000	0.0	0.0
tawo	0.000	0.0	0.0
taya	0.000	0.0	0.0
tayobong	0.000	0.0	0.0
telepono	0.000	0.0	0.0
teolohia	0.000	0.0	0.0
tesorero	0.128	0.0	0.0
tibakla	0.000	0.0	0.0
tigilinit	0.000	0.0	0.0
tiil	0.000	0.0	0.0
tiilan	-0.296	0.0	0.0
tiki	0.000	0.0	0.0
tikling	0.000	0.0	0.0
tikoy	0.000	0.0	0.0
tililawan	0.000	0.0	0.0
timaan	0.000	0.0	0.0
timawa	0.000	0.0	0.0
timbangan	0.000	0.0	0.0
tindak	0.000	0.0	0.0
tingulan	-0.077	0.0	0.0
tiyan	0.000	0.0	0.0
toktok	0.000	0.0	0.0
tornilyo	-0.103	0.0	0.0
toro	0.000	0.0	0.0
tubig	0.000	0.0	0.0
tudlo	0.000	0.0	0.0
tudlo sang dalaga	0.000	0.0	0.0
tuhod	0.000	0.0	0.0
tuig	0.000	0.0	0.0
tuko	0.000	0.0	0.0
tul-an	0.000	0.0	0.0
tulug	0.000	0.0	0.0
tunok	0.000	0.0	0.0
ugangan	0.000	0.0	0.0
ugtu	0.000	0.0	0.0
uhaw	0.000	0.0	0.0
ulan	0.000	0.0	0.0
ulo	0.000	0.0	0.0
ulod	0.000	0.0	0.0
unsa	0.000	0.0	0.0
upod	-0.250	0.0	0.0
urang	0.000	0.0	0.0
urok	0.000	0.0	0.0
usa	0.000	0.0	0.0
utak	0.000	0.0	0.0
utang	-0.361	0.0	0.0
utod	-0.273	0.0	0.0
utok	0.000	0.0	0.0
utud	-0.637	0.0	0.0
uyang	0.000	0.0	0.0
wala	0.000	0.0	0.0
wasay	-0.103	0.0	0.0
wayang	0.000	0.0	0.0
yahong	0.000	0.0	0.0
yawa	-0.660	0.0	0.0
anum	0.000	0.0	0.0
apat	0.000	0.0	0.0
duha	0.000	0.0	0.0
gatus	0.000	0.0	0.0
isa	0.000	0.0	0.0
kalim-an	0.000	0.0	0.0
kaluhaan	0.000	0.0	0.0
kan-uman	0.000	0.0	0.0
kap-atan	0.000	0.0	0.0
kasiyaman	0.000	0.0	0.0
libo	0.000	0.0	0.0
lima	0.000	0.0	0.0
napulo	0.000	0.0	0.0
napulo'g anum	0.000	0.0	0.0
napulo'g apat	0.000	0.0	0.0
napulo'g duha	0.000	0.0	0.0
napulo'g isa	0.000	0.0	0.0
napulo'g lima	0.000	0.0	0.0
napulo'g pito	0.000	0.0	0.0
napulo'g siyam	0.000	0.0	0.0
napulo'g tatlo	0.000	0.0	0.0
napulo'g walo	0.000	0.0	0.0
pito	0.000	0.0	0.0
siyam	0.000	0.0	0.0
tatlo	0.000	0.0	0.0
walo	0.000	0.0	0.0
balaw	0.000	0.0	0.0
adto	0.000	0.0	0.0
ako	0.000	0.0	0.0
aton	0.000	0.0	0.0
daya	0.000	0.0	0.0
ikaw	0.000	0.0	0.0
ini	0.000	0.0	0.0
iya	0.000	0.0	0.0
kami	0.888	0.0	0.0
kamo	0.000	0.0	0.0
kita	0.000	0.0	0.0
sila	0.000	0.0	0.0
sin-o	0.000	0.0	0.0
siya	0.000	0.0	0.0
yari	-0.226	0.0	0.0
ab-ab	0.000	0.0	0.0
aba	0.000	0.0	0.0
abaga	0.000	0.0	0.0
abak	0.000	0.0	0.0
abak-abak	0.000	0.0	0.0
aban	0.000	0.0	0.0
abaniko	0.670	0.0	0.0
abang	0.000	0.0	0.0
abang-abang	-0.572	0.0	0.0
abat	0.542	0.0	0.0
abat-abat	0.000	0.0	0.0
abay	-0.296	0.0	0.0
abay-abay	0.000	0.0	0.0
abi	0.000	0.0	0.0
abi-abi	0.382	0.0	0.0
abian	0.000	0.0	0.0
abiar	0.153	0.0	0.0
abibar	0.511	0.0	0.0
abiog	0.000	0.0	0.0
abisar	0.000	0.0	0.0
abiso	-0.340	0.0	0.0
ablang	0.000	0.0	0.0
ablay	0.000	0.0	0.0
abo	0.000	0.0	0.0
abo-abo	0.000	0.0	0.0
abonar	0.440	0.0	0.0
aboy	0.000	0.0	0.0
abrasita	0.477	0.0	0.0
abraso	0.000	0.0	0.0
abri	0.000	0.0	0.0
abrisita	0.000	0.0	0.0
abtan	0.000	0.0	0.0
abud	0.931	0.0	0.0
abukay	0.000	0.0	0.0
abung	-0.296	0.0	0.0
abusar	-0.637	0.0	0.0
abuso	-0.637	0.0	0.0
abut	0.000	0.0	0.0
abut-abut	0.000	0.0	0.0
abwa	0.000	0.0	0.0
abyog	0.000	0.0	0.0
adorno	0.421	0.0	0.0
agao	0.000	0.0	0.0
agda	0.153	0.0	0.0
agi	0.000	0.0	0.0
agwanta	0.000	0.0	0.0
akal-akal	0.000	0.0	0.0
alagad	0.000	0.0	0.0
alamilaw	0.000	0.0	0.0
alinga	0.000	0.0	0.0
alipasa	0.000	0.0	0.0
almoranas	0.000	0.0	0.0
amba	0.000	0.0	0.0
amoma	0.402	0.0	0.0
ampo	0.000	0.0	0.0
anad	0.000	0.0	0.0
anila	0.000	0.0	0.0
aninaw	0.128	0.0	0.0
ankla	0.000	0.0	0.0
angkab	0.000	0.0	0.0
arado	0.000	0.0	0.0
asin	0.000	0.0	0.0
aslum	0.000	0.0	0.0
aso	0.000	0.0	0.0
aspalto	0.000	0.0	0.0
athag	0.382	0.0	0.0
atubang	0.000	0.0	0.0
awat	0.000	0.0	0.0
ayag	0.000	0.0	0.0
ayo	0.558	0.0	0.0
baak	0.000	0.0	0.0
baas	0.493	0.0	0.0
badlak	0.421	0.0	0.0
bahon	0.000	0.0	0.0
bahoy	-0.361	0.0	0.0
bailo	0.735	0.0	0.0
bais	0.000	0.0	0.0
bakal	0.000	0.0	0.0
balatian	0.128	0.0	0.0
baleu	0.000	0.0	0.0
balhag	0.000	0.0	0.0
balhas	0.000	0.0	0.0
balhin	0.000	0.0	0.0
bali	0.000	0.0	0.0
balibad	-0.296	0.0	0.0
baligya	0.000	0.0	0.0
balita	0.000	0.0	0.0
balo	-0.691	0.0	0.0
banta	-0.103	0.0	0.0
bantay	0.000	0.0	0.0
banga	0.000	0.0	0.0
bangis	-0.840	0.0	0.0
bangon	0.000	0.0	0.0
bangot	0.000	0.0	0.0
barit	0.000	0.0	0.0
bas-on	0.000	0.0	0.0
basa	0.000	0.0	0.0
basa-basa	0.000	0.0	0.0
basol	-0.340	0.0	0.0
bata	-0.765	0.0	0.0
bati	0.000	0.0	0.0
bato	0.000	0.0	0.0
batok	0.000	0.0	0.0
baton	0.000	0.0	0.0
bawi	0.000	0.0	0.0
bayaw	0.000	0.0	0.0
baylo	0.000	0.0	0.0
bendisyon	0.494	0.0	0.0
bendita	0.000	0.0	0.0
bihag	0.000	0.0	0.0
bika	0.000	0.0	0.0
bilanggo	0.000	0.0	0.0
bilid	0.000	0.0	0.0
bilin	0.273	0.0	0.0
bilwa	0.000	0.0	0.0
bino	-0.440	0.0	0.0
bisyo	-0.784	0.0	0.0
bitas	0.000	0.0	0.0
bitay	-0.796	0.0	0.0
bitin	0.000	0.0	0.0
bobo	0.972	0.0	0.0
bokbok	-0.318	0.0	0.0
budhi	-0.637	0.0	0.0
bug-os	0.000	0.0	0.0
bugalon	0.477	0.0	0.0
bugas	0.000	0.0	0.0
bugay	0.000	0.0	0.0
bugkos	0.000	0.0	0.0
bugsay	0.000	0.0	0.0
bugto	0.000	0.0	0.0
buhat	0.000	0.0	0.0
buhin	0.000	0.0	0.0
buk-on	-0.273	0.0	0.0
bukad	0.318	0.0	0.0
bukadkad	0.000	0.0	0.0
buksan	0.000	0.0	0.0
bulag	0.000	0.0	0.0
bulak	-0.296	0.0	0.0
bulakbol	0.000	0.0	0.0
bulang	0.000	0.0	0.0
buli	0.000	0.0	0.0
buligan	0.000	0.0	0.0
buling	-0.340	0.0	0.0
bulung	0.000	0.0	0.0
bulus	0.000	0.0	0.0
bunit	0.000	0.0	0.0
buntug	0.000	0.0	0.0
bunggo	0.000	0.0	0.0
burnil	0.000	0.0	0.0
buta	0.000	0.0	0.0
butho	0.000	0.0	0.0
buti	0.000	0.0	0.0
butok	0.000	0.0	0.0
butok-butok	0.000	0.0	0.0
buung	-0.477	0.0	0.0
buy-an	0.178	0.0	0.0
buyagyag	-0.700	0.0	0.0
buyayaw	-0.572	0.0	0.0
buylog	0.000	0.0	0.0
buyot	0.000	0.0	0.0
dab-ot	0.026	0.0	0.0
dabadaba	0.000	0.0	0.0
dabdab	0.000	0.0	0.0
dag-on	0.000	0.0	0.0
dagas	0.000	0.0	0.0
dagat	0.000	0.0	0.0
dagsang	0.000	0.0	0.0
dagumak	0.000	0.0	0.0
dagyang	0.494	0.0	0.0
dahog	-0.340	0.0	0.0
dakup	-0.340	0.0	0.0
dala	0.421	0.0	0.0
dalang-dalang	0.000	0.0	0.0
dalaw	0.000	0.0	0.0
daldal	0.000	0.0	0.0
dalhon	0.000	0.0	0.0
dalin-as	0.000	0.0	0.0
dalok	-0.318	0.0	0.0
dalum	0.000	0.0	0.0
daman	0.000	0.0	0.0
damgohon	0.250	0.0	0.0
damo	0.906	0.0	0.0
dampig	0.660	0.0	0.0
dangat	0.823	0.0	0.0
dangaw	0.494	0.0	0.0
danggot	0.000	0.0	0.0
dapig	0.000	0.0	0.0
dapit	0.000	0.0	0.0
daplos	0.000	0.0	0.0
daroos	-0.382	0.0	0.0
daskon	0.000	0.0	0.0
daug	0.000	0.0	0.0
daut	0.000	0.0	0.0
dawat	0.000	0.0	0.0
dawdaw	0.000	0.0	0.0
dawhat	0.000	0.0	0.0
deskarga	0.000	0.0	0.0
dikta	0.000	0.0	0.0
dingot	0.000	0.0	0.0
dis-og	0.000	0.0	0.0
dogsing	-0.026	0.0	0.0
dohol	0.000	0.0	0.0
dool	0.000	0.0	0.0
duag	0.000	0.0	0.0
dugang	0.000	0.0	0.0
dugmok	-0.421	0.0	0.0
dugus	0.637	0.0	0.0
duha	0.000	0.0	0.0
duha-duha	0.000	0.0	0.0
duko	0.000	0.0	0.0
dula	0.000	0.0	0.0
dulum	-0.681	0.0	0.0
dulumugan	0.000	0.0	0.0
dumaay	0.000	0.0	0.0
dumagaya	0.000	0.0	0.0
dumagsa	0.000	0.0	0.0
dumar	0.000	0.0	0.0
dumayon	0.000	0.0	0.0
dumdum	0.275	0.0	0.0
dumili	0.000	0.0	0.0
dumugo	0.000	0.0	0.0
dumugok	0.000	0.0	0.0
dumukot	0.000	0.0	0.0
dumulog	0.000	0.0	0.0
dumungka	0.000	0.0	0.0
dunoton	-0.153	0.0	0.0
dupak	-0.772	0.0	0.0
duyanon	0.000	0.0	0.0
eksamen	0.000	0.0	0.0
eskuwela	0.000	0.0	0.0
fuersa	0.649	0.0	0.0
gaang	0.226	0.0	0.0
gabuk	-0.710	0.0	0.0
gabut	0.000	0.0	0.0
galing	0.000	0.0	0.0
gamit	0.000	0.0	0.0
ganyat	0.000	0.0	0.0
gapas	0.000	0.0	0.0
garuk	0.000	0.0	0.0
gasolina	0.000	0.0	0.0
gatasan	0.000	0.0	0.0
gatong	0.000	0.0	0.0
gaway	0.000	0.0	0.0
gikas	-0.273	0.0	0.0
gisa	0.000	0.0	0.0
gision	0.000	0.0	0.0
giyan	0.660	0.0	0.0
godgod	0.000	0.0	0.0
gub-on	0.000	0.0	0.0
guyod	-0.226	0.0	0.0
habok	0.000	0.0	0.0
haboy	0.000	0.0	0.0
hagad	0.000	0.0	0.0
hagmak	0.000	0.0	0.0
hagna	0.000	0.0	0.0
haguk	0.000	0.0	0.0
hagumhum	0.000	0.0	0.0
hagunung	0.000	0.0	0.0
hagung	0.000	0.0	0.0
hagunghung	0.000	0.0	0.0
hagup	0.000	0.0	0.0
halab	0.000	0.0	0.0
halay	0.000	0.0	0.0
halin	0.000	0.0	0.0
halit	0.000	0.0	0.0
halokhok	0.000	0.0	0.0
halong	0.494	0.0	0.0
halunhun	0.000	0.0	0.0
hambadan	-0.402	0.0	0.0
handa	0.226	0.0	0.0
hikog	0.000	0.0	0.0
hiliugyon	0.000	0.0	0.0
hinlo	0.000	0.0	0.0
hingap-us	-0.511	0.0	0.0
hiphip	-0.202	0.0	0.0
hubu	0.000	0.0	0.0
hukson	0.000	0.0	0.0
hutik	0.000	0.0	0.0
huyop	0.000	0.0	0.0
ikog	0.000	0.0	0.0
ilig	0.000	0.0	0.0
isa	0.000	0.0	0.0
itot	0.000	0.0	0.0
iyot	0.000	0.0	0.0
kadton	0.000	0.0	0.0
kalikog	0.402	0.0	0.0
kalis	0.000	0.0	0.0
kamao	0.000	0.0	0.0
kaon	-0.818	0.0	0.0
kapay	-0.625	0.0	0.0
kasal	0.000	0.0	0.0
kasla	0.202	0.0	0.0
kaulangan	0.000	0.0	0.0
kawing	0.000	0.0	0.0
kinam	0.000	0.0	0.0
kinaw	0.421	0.0	0.0
kinot	0.000	0.0	0.0
kita	0.000	0.0	0.0
lag-it	-0.599	0.0	0.0
laham	0.000	0.0	0.0
lakon	0.000	0.0	0.0
lakum	-0.844	0.0	0.0
lala	0.000	0.0	0.0
lala-lala	0.000	0.0	0.0
lansang	0.000	0.0	0.0
laplap	0.000	0.0	0.0
lapuyot	0.000	0.0	0.0
laum	0.000	0.0	0.0
law-ay	0.000	0.0	0.0
layi	0.000	0.0	0.0
likay	-0.727	0.0	0.0
lima	0.000	0.0	0.0
linaw	0.402	0.0	0.0
lipay	0.000	0.0	0.0
luab	0.000	0.0	0.0
luhod	0.000	0.0	0.0
lulus	0.000	0.0	0.0
lumilaw	0.000	0.0	0.0
luta	0.000	0.0	0.0
mabalong	-0.340	0.0	0.0
magbukal	0.000	0.0	0.0
magbulig	0.402	0.0	0.0
magdamgo	0.250	0.0	0.0
maghatag sing kinahanglan	0.000	0.0	0.0
mahubog	-0.340	0.0	0.0
matay	-0.599	0.0	0.0
multa	0.202	0.0	0.0
ngithil	-0.361	0.0	0.0
paabat	0.000	0.0	0.0
paabay	0.000	0.0	0.0
paagaw	0.000	0.0	0.0
paalam	0.000	0.0	0.0
pahalin	0.000	0.0	0.0
pahat	0.296	0.0	0.0
pahat-pahat	0.000	0.0	0.0
pamulut	0.000	0.0	0.0
pamuyayaw	0.000	0.0	0.0
pangalikog	0.000	0.0	0.0
pasahi	0.598	0.0	0.0
patalum	0.000	0.0	0.0
pilak	0.000	0.0	0.0
piyansa	0.000	0.0	0.0
pulut	0.000	0.0	0.0
pungko	0.000	0.0	0.0
sabak	0.000	0.0	0.0
sablay	0.000	0.0	0.0
sabtanay	0.000	0.0	0.0
sadsad	0.000	0.0	0.0
sagup	0.758	0.0	0.0
sal-on	0.000	0.0	0.0
samad	-0.273	0.0	0.0
samit	0.000	0.0	0.0
sapding	0.000	0.0	0.0
saylo	0.000	0.0	0.0
sid-o	0.000	0.0	0.0
sikdo	0.000	0.0	0.0
sugod	0.000	0.0	0.0
sulud	0.000	0.0	0.0
tandog	0.000	0.0	0.0
tanyag	0.000	0.0	0.0
tanga	0.758	0.0	0.0
tangis	0.000	0.0	0.0
tangkugo	0.000	0.0	0.0
tao	0.000	0.0	0.0
tapan	0.000	0.0	0.0
taya	0.000	0.0	0.0
telepono	0.000	0.0	0.0
timawa	0.000	0.0	0.0
tindak	0.000	0.0	0.0
toktok	0.000	0.0	0.0
tubig	0.000	0.0	0.0
tugot	0.226	0.0	0.0
tulak	0.000	0.0	0.0
tulug	0.000	0.0	0.0
tuo	0.000	0.0	0.0
upod	-0.250	0.0	0.0
uswag	0.421	0.0	0.0
utang	-0.361	0.0	0.0
utud	-0.637	0.0	0.0
utud-utud	-0.273	0.0	0.0
uyon	0.340	0.0	0.0
wala	0.000	0.0	0.0